id,degree_centrality,weighted_degree,betweenness_centrality,eigenvector_centrality,community
I100005738,0.0007668711656441718,2.0,0.0,0.0007781440285927018,0
I100066346,0.0023006134969325155,6.0,0.0,0.005287524322381273,1
I10052268,0.0003834355828220859,1.0,0.0,0.00012855075155727253,2
I100532134,0.003834355828220859,10.0,6.859215525830419e-05,0.002088570638978629,32
I100633361,0.0,0.0,0.0,1.2700564705436398e-98,4
I10091056,0.0011503067484662577,3.0,0.0,0.0004843577294878122,5
I100930933,0.016487730061349695,95.0,0.00344830666000987,0.17369968890944393,6
I101155339,0.0003834355828220859,1.0,0.0,5.7198258474798236e-83,7
I101202996,0.0007668711656441718,2.0,0.0,0.00011617404506993145,1
I101407740,0.003067484662576687,8.0,0.00242974907104751,2.8763519819189934e-06,107
I101479585,0.0003834355828220859,1.0,0.0,5.7198258474798236e-83,9
I102015815,0.0003834355828220859,1.0,0.0,5.7198258474798236e-83,10
I102064193,0.0,0.0,0.0,1.2700564705436398e-98,11
I102134673,0.004601226993865031,13.0,0.0007343428404234495,0.0035760304036096154,12
I102149020,0.01111963190184049,29.0,4.4766251957367924e-05,0.004706172355493992,19
I102239671,0.0011503067484662577,3.0,0.0,7.00315747008845e-05,14
I102248843,0.004217791411042945,11.0,3.382822556543144e-06,0.0009252791566466649,2
I102322142,0.019555214723926382,58.0,0.0059568601430148,0.01506385296154936,19
I102335020,0.007668711656441718,22.0,0.0028293069900684246,0.005969765807027653,53
I102461120,0.0,0.0,0.0,1.2700564705436398e-98,17
I102913810,0.0003834355828220859,1.0,0.0,9.816079818105736e-07,14
I103163165,0.0015337423312883436,4.0,0.0006171935241206034,0.00020377577727404087,42
I103193709,0.009202453987730062,24.0,0.0,0.0010648069641807938,14
I103250015,0.006134969325153374,16.0,1.5002082642060899e-05,0.007082999985457688,19
I103320735,0.0003834355828220859,1.0,0.0,5.7198258474798236e-83,20
I103356709,0.003067484662576687,8.0,0.0,0.0034736260469681738,6
I103434671,0.0011503067484662577,3.0,0.0,2.5759805555334265e-67,21
I103531236,0.0011503067484662577,3.0,0.0,0.0008842017285556639,23
I103635307,0.0015337423312883436,4.0,0.0012163453279396435,0.00020238586708607988,32
I104234503,0.003834355828220859,10.0,0.0,2.090669679410992e-05,23
I104338594,0.0003834355828220859,1.0,0.0,5.7198258474798236e-83,24
I10457146,0.0,0.0,0.0,1.2700564705436398e-98,25
I104941359,0.003450920245398773,9.0,0.0012160511694564657,1.6608439665905798e-06,26
I10535382,0.0011503067484662577,3.0,0.0,0.0010449281893103648,45
I105818395,0.0007668711656441718,2.0,0.0,8.205938860124658e-74,28
I106157433,0.016104294478527608,42.0,0.0,0.0177756490880467,12
I106165777,0.005751533742331288,15.0,0.0028732207885203485,0.0010671518596747551,45
I106296451,0.0015337423312883436,8.0,0.0,4.944778848202462e-05,29
I106778892,0.003067484662576687,8.0,0.00242974907104751,8.664535773743972e-05,30
I106938459,0.0,0.0,0.0,1.2700564705436398e-98,31
I106969075,0.0023006134969325155,6.0,0.0,0.004646016123497788,2
I107077323,0.021088957055214724,55.0,0.00043346783578623215,0.008343307469368198,14
I107575416,0.012653374233128834,33.0,0.0,0.004924198958860451,23
I107606265,0.013036809815950921,38.0,1.5397095462328047e-05,0.04170654389884649,1
I107639228,0.004984662576687116,13.0,0.0017293730141734326,0.0046221202914214785,45
I107672454,0.011886503067484663,32.0,7.5190176727801945e-06,0.01964908069181887,1
I108192572,0.014187116564417178,38.0,1.3977430592325368e-05,0.03729394519159503,1
I108290504,0.011886503067484663,35.0,0.004395705047252979,0.014455438527427839,32
I108403487,0.006518404907975461,18.0,0.002605290597204475,0.00885225357352666,33
I108468826,0.005368098159509203,14.0,3.209934409942176e-05,0.0033405060694538884,33
I108526665,0.0015337423312883436,11.0,0.0,2.0790399998495094e-43,35
I109009565,0.003834355828220859,10.0,0.0,2.090669679410992e-05,23
I10947320,0.0019171779141104294,5.0,0.0,0.0035136147072568884,19
I109736498,0.012653374233128834,38.0,0.0,0.04098499274139346,1
I109935558,0.0007668711656441718,2.0,0.0,0.0005444301689547364,45
I109954829,0.0003834355828220859,3.0,0.0,2.5759805555334265e-67,36
I110079840,0.0007668711656441718,2.0,0.0,8.482193926353418e-05,53
I110092051,0.0003834355828220859,1.0,0.0,2.854990167663481e-06,42
I110120368,0.0003834355828220859,1.0,0.0,3.7419453081313678e-06,43
I110166357,0.0019171779141104294,5.0,0.0,0.0004478997904481416,42
I11019714,0.013036809815950921,34.0,0.0006083197432114106,0.010030485139346906,19
I111088046,0.004601226993865031,18.0,0.0012427215385979072,0.010970045501370712,6
I11123151,0.0,0.0,0.0,1.2700564705436398e-98,39
I111398093,0.004601226993865031,16.0,0.005454051268293715,0.00028107057287287584,33
I111483173,0.0026840490797546013,9.0,0.0,0.005731138440629357,45
I1118541,0.012653374233128834,33.0,0.0,0.010028542835150357,19
I111950717,0.009202453987730062,43.0,0.002177733693226434,0.038302544349088426,45
I111979921,0.02338957055214724,75.0,0.004664926714634798,0.02531766709397593,40
I112612939,0.01111963190184049,29.0,0.0,0.015747341110652888,1
I112728665,0.0011503067484662577,4.0,0.0,0.00066647296706783,1
I112862951,0.0,0.0,0.0,1.2700564705436398e-98,41
I113428412,0.0023006134969325155,6.0,0.0,0.0019241914171712507,1
I113456305,0.0011503067484662577,3.0,0.0018231942787351656,0.0002815802791803505,12
I113940042,0.003067484662576687,8.0,0.0006531102749165964,0.00039450010351112,45
I114017466,0.0019171779141104294,5.0,0.005452214411987651,0.00018326564927069843,42
I114027177,0.004984662576687116,20.0,0.0006086244073547018,0.00774822680741588,2
I114090438,0.010736196319018405,51.0,0.007344852385864038,0.016417793337778784,43
I114112103,0.004217791411042945,11.0,0.0,0.0017955642249878087,43
I114203471,0.0011503067484662577,3.0,0.0,7.292461986985851e-05,32
I114395901,0.0011503067484662577,3.0,0.0,0.0003001170819083186,1
I114531698,0.0019171779141104294,6.0,0.0012163453279396435,0.0009162727353151842,23
I114539943,0.0007668711656441718,2.0,0.0,7.890792913800962e-05,45
I114772536,0.0,0.0,0.0,1.2700564705436398e-98,44
I114832834,0.012269938650306749,34.0,0.00043708552464032677,0.003404773961153026,19
I114972647,0.0015337423312883436,5.0,0.0006083197432114106,4.554128010859239e-05,45
I115228651,0.0026840490797546013,7.0,0.0006127566336660069,0.0019025065009898679,45
I115283149,0.0003834355828220859,1.0,0.0,5.7198258474798236e-83,46
I115475287,0.018404907975460124,48.0,0.0,0.0047963212852788996,14
I115592961,0.013036809815950921,34.0,1.6178716574771556e-05,0.00493418777974099,23
I115715567,0.0023006134969325155,6.0,0.0,4.0701113259643916e-08,42
I116067653,0.0023006134969325155,6.0,0.001823782595701521,0.00017195564711231564,32
I116265982,0.0003834355828220859,1.0,0.0,0.001413976019665699,45
I116660002,0.0011503067484662577,3.0,0.0,0.00037660800096259584,40
I116891498,0.0,0.0,0.0,1.2700564705436398e-98,47
I116953780,0.005751533742331288,15.0,0.0006149088932345901,0.00451546566225916,45
I11701301,0.021855828220858898,58.0,0.0002398430911249023,0.027964267924370807,12
I117222138,0.0011503067484662577,3.0,0.0,5.193733633348589e-08,5
I117331123,0.0015337423312883436,4.0,0.0,2.820091872343423e-62,49
I1174212,0.036042944785276074,110.0,0.017280885458026505,0.054757612641959615,2
I11750234,0.0007668711656441718,2.0,0.0,8.205938860124658e-74,28
I117532281,0.0015337423312883436,4.0,0.0,0.0007431316704860867,42
I117965899,0.0011503067484662577,3.0,0.0,2.210829890866204e-05,19
I118020396,0.0003834355828220859,1.0,0.0,5.7198258474798236e-83,50
I118118575,0.0015337423312883436,4.0,0.0,0.001081835921833939,42
I118347636,0.029524539877300613,82.0,0.005816949496161747,0.030945642516372465,12
I118353179,0.0007668711656441718,2.0,0.0,4.0565298986748644e-05,5
I118501908,0.0019171779141104294,5.0,1.764950899065988e-06,9.057946645823796e-66,51
I118564535,0.01495398773006135,40.0,0.000880421242792136,0.01851207506509213,1
I118692353,0.0007668711656441718,2.0,0.0,0.0003743749212078816,45
I11880225,0.0011503067484662577,3.0,5.883169663553293e-07,1.7122503896106463e-72,52
I11883440,0.0007668711656441718,2.0,0.0,1.5165992410765805e-05,45
I11886867,0.004601226993865031,12.0,0.0,0.0006526373298583613,53
I118987531,0.0007668711656441718,2.0,0.0,0.0017445146593275283,45
I119004910,0.0011503067484662577,3.0,2.442776089588237e-05,0.0003265031394230031,53
I119273862,0.0015337423312883436,4.0,0.0,0.00015159053072776166,45
I11932220,0.0011503067484662577,4.0,0.0,0.0001587950448875835,2
I119575151,0.0003834355828220859,1.0,0.0,0.0003251737194248343,6
I119744171,0.0003834355828220859,1.0,0.0,5.7198258474798236e-83,54
I11983389,0.009585889570552147,25.0,0.0006083197432114106,0.0010650132252850064,14
I119856527,0.0003834355828220859,1.0,0.0,5.7198258474798236e-83,55
I120125038,0.0007668711656441718,2.0,0.0,0.0005792945754725401,53
I12079687,0.004601226993865031,24.0,0.00038518919999559596,0.010020863852979829,6
I12093191,0.0007668711656441718,4.0,0.0,0.00010884396389366413,43
I12097938,0.0007668711656441718,2.0,0.0,0.00013037769316861058,2
I121058860,0.0003834355828220859,1.0,0.0,5.1336611768878324e-05,107
I121243025,0.0026840490797546013,7.0,0.0,8.742476001985751e-07,30
I121748325,0.0019171779141104294,5.0,0.0,5.26991589983453e-05,2
I121797337,0.0023006134969325155,7.0,0.00022179059367457294,0.0014102538224396249,45
I121799043,0.0007668711656441718,2.0,0.0,8.205938860124658e-74,56
I121820613,0.0026840490797546013,7.0,0.0018231942787351656,0.0002866849467473361,45
I121847817,0.01687116564417178,45.0,0.0005867311422670873,0.018044850534465993,12
I121883995,0.006901840490797546,18.0,0.0021146061154409357,0.010391827589714818,45
I121934306,0.0003834355828220859,1.0,0.0,0.0021870926090835543,1
I121980950,0.0003834355828220859,1.0,0.0,2.678086809320737e-06,57
I122140584,0.0019171779141104294,5.0,0.0,0.0001529173547817811,19
I122266389,0.0019171779141104294,5.0,0.0,0.0001529173547817811,19
I122346577,0.009969325153374233,26.0,0.000473717141071187,0.003754216418972588,2
I122411786,0.02338957055214724,69.0,0.0012121859567004883,0.05393154787467375,1
I122571602,0.0015337423312883436,4.0,0.0,0.004930422560473331,1
I122964287,0.018404907975460124,48.0,0.0,0.0047963212852788996,14
I122991210,0.0011503067484662577,3.0,0.0,0.00031381856667901024,32
I123044942,0.0011503067484662577,4.0,0.0,0.0001587950448875835,2
I12315562,0.0011503067484662577,3.0,0.0012160511694564657,1.732979145176397e-06,42
I123387679,0.0,0.0,0.0,1.2700564705436398e-98,58
I123431417,0.003450920245398773,9.0,0.0012160511694564657,0.008175296341277212,1
I123534392,0.006901840490797546,25.0,0.005708543997499114,0.0013563698189204782,29
I123565023,0.0003834355828220859,1.0,0.0,5.7198258474798236e-83,59
I12356871,0.0011503067484662577,3.0,0.0,0.0002772725373840965,32
I123758333,0.0,0.0,0.0,1.2700564705436398e-98,60
I12379730,0.0,0.0,0.0,1.2700564705436398e-98,61
I123900574,0.0011503067484662577,3.0,0.0,0.0016195068811440834,1
I123946342,0.0023006134969325155,6.0,0.0006083197432114106,0.0011033490513572563,1
I124055696,0.009969325153374233,27.0,0.0027646148806351727,0.012259902114079799,43
I124227911,0.0,0.0,0.0,1.2700564705436398e-98,62
I124357947,0.01687116564417178,44.0,0.00020827401137255916,0.01350912308258624,19
I124601658,0.0007668711656441718,2.0,0.0,8.205938860124658e-74,63
I125133608,0.0007668711656441718,2.0,0.0,0.0005990653245490376,45
I12524447,0.0011503067484662577,3.0,0.0,0.00019110438644068427,57
I125680101,0.004217791411042945,11.0,2.78661042743586e-05,0.0008590004868257763,42
I125749732,0.009202453987730062,24.0,0.0,0.0029277861221553396,19
I125839683,0.0026840490797546013,7.0,0.0,0.003722993933910277,45
I125904092,0.0,0.0,0.0,1.2700564705436398e-98,64
I126131087,0.0003834355828220859,1.0,0.0,4.847911841350505e-06,14
I12615008,0.003834355828220859,10.0,7.353962079441617e-07,0.0033864834640242388,45
I126158947,0.012653374233128834,33.0,0.0,0.004924198958860451,23
I126231945,0.02070552147239264,57.0,4.722331698060313e-05,0.01277972741927527,19
I126307644,0.009202453987730062,24.0,3.684159907465026e-05,0.013277315832388408,45
I126520041,0.013036809815950921,47.0,0.003022655143199527,0.02125236950007697,45
I126527374,0.0007668711656441718,2.0,0.0,4.004747393281847e-66,51
I126633494,0.0011503067484662577,3.0,0.0,2.5759805555334265e-67,65
I126744593,0.004217791411042945,12.0,0.0005908365632274361,0.0014748036901559417,32
I126820664,0.0007668711656441718,2.0,0.0,0.00017964096235669898,1
I126859394,0.003067484662576687,8.0,0.0,0.0008499735755276987,40
I127328727,0.0011503067484662577,3.0,0.0,0.00019110438644068427,57
I127410070,0.0,0.0,0.0,1.2700564705436398e-98,66
I127439422,0.0023006134969325155,6.0,0.0,4.0701113259643916e-08,42
I127591826,0.0007668711656441718,2.0,0.0,8.205938860124658e-74,67
I1280581677,0.004984662576687116,13.0,0.0,0.009688696964031483,1
I1282105669,0.013420245398773007,53.0,0.0009100259399418537,0.04392993198519349,1
I1282311441,0.003067484662576687,8.0,1.6919524789440858e-05,0.003623536551879329,1
I1282927834,0.003834355828220859,13.0,0.0002733895147341952,0.001220801284386627,33
I12832649,0.003834355828220859,10.0,0.009495729995458196,0.0038416469575330977,30
I1283280774,0.013420245398773007,48.0,0.000564097917907035,0.04122267455534328,1
I12834331,0.0,0.0,0.0,1.2700564705436398e-98,68
I1283595831,0.0003834355828220859,1.0,0.0,0.0021870926090835543,1
I1284598098,0.0026840490797546013,12.0,0.0,0.009078236408178602,1
I1285764155,0.0019171779141104294,5.0,0.0,0.00046779682334392134,42
I1285944625,0.0007668711656441718,2.0,0.0,0.0004749324871749266,32
I1285985921,0.0003834355828220859,1.0,0.0,5.7198258474798236e-83,69
I1286329397,0.0011503067484662577,4.0,0.0,0.00026085852641592093,2
I12870472,0.021855828220858898,57.0,0.00032674462136434514,0.00774495705118491,23
I1287163989,0.0007668711656441718,2.0,0.0,0.002616611729453146,57
I1288882113,0.0011503067484662577,3.0,0.0,0.00037660800096259584,40
I1289019353,0.008819018404907975,23.0,0.0,0.00354636060167628,2
I1289142772,0.004217791411042945,11.0,0.0,0.003667253745043098,19
I1289243028,0.0011503067484662577,3.0,0.0,0.00012718703348649557,42
I1289437631,0.0011503067484662577,3.0,0.0,0.0017962047678612228,1
I1289530486,0.0011503067484662577,3.0,0.0,0.0025673866305857772,33
I1289784979,0.012653374233128834,33.0,0.0,0.010028542835150357,19
I1289910757,0.009585889570552147,26.0,1.2972389108135012e-05,0.0030560612987315682,19
I1290206253,0.021088957055214724,73.0,0.020587491238939024,0.05017319774236567,1
I12912129,0.009202453987730062,24.0,0.003062834731701702,0.012642538273806703,1
I1291425158,0.02914110429447853,104.0,0.03213067410839872,0.07856131133267108,1
I1291431925,0.004217791411042945,11.0,0.0,0.003667253745043098,19
I129162050,0.03450920245398773,98.0,0.0021628130573970233,0.008602762164573077,14
I1291836623,0.0003834355828220859,1.0,0.0,5.7198258474798236e-83,70
I1292020679,0.006901840490797546,22.0,0.0,0.012367437965510451,1
I1292875679,0.00843558282208589,27.0,0.0017886439637732254,0.003603468399109124,42
I1292974536,0.0003834355828220859,1.0,0.0,1.546008173456194e-05,1
I1293718874,0.003067484662576687,8.0,0.0,0.0001211678629827785,71
I1294182474,0.0,0.0,0.0,1.2700564705436398e-98,72
I1294606314,0.012269938650306749,34.0,4.628093468661924e-06,0.020196935704393796,45
I1294671590,0.019938650306748466,54.0,0.011156893812213908,0.01131741136837872,32
I1295876152,0.004601226993865031,12.0,0.0,0.028063941732932394,6
I129604602,0.015337423312883436,42.0,0.005021534732208134,0.011425097214271355,42
I129643931,0.0007668711656441718,2.0,0.0,8.205938860124658e-74,73
I1296637509,0.0023006134969325155,6.0,0.0,0.00240870885705667,1
I1297127228,0.004601226993865031,12.0,0.0,0.007360253738674562,1
I1297288678,0.0015337423312883436,4.0,6.98360254157412e-05,0.00038412545276637433,1
I129734738,0.005368098159509203,14.0,0.004765796058410799,0.00018141077138049075,107
I129774422,0.0026840490797546013,7.0,0.001736991135239951,0.0016711722791287063,43
I1297971548,0.0015337423312883436,4.0,0.0,0.006574939570340181,1
I1297991670,0.0,0.0,0.0,1.2700564705436398e-98,74
I129801699,0.004984662576687116,13.0,8.587390247432466e-05,0.0007228840273288981,42
I1298200873,0.0,0.0,0.0,1.2700564705436398e-98,75
I129826125,0.0003834355828220859,1.0,0.0,0.00026015660271979144,12
I1298353152,0.0019171779141104294,6.0,0.0003040127923641164,0.0001305771474315929,5
I129877168,0.0,0.0,0.0,1.2700564705436398e-98,76
I129902397,0.003067484662576687,9.0,0.0,0.0014812143929700942,40
I1299303238,0.006134969325153374,21.0,0.005047742988385039,0.009844692166721541,32
I129975664,0.0026840490797546013,7.0,0.0,0.002109901628404838,32
I1300891529,0.00843558282208589,22.0,0.0,0.002477267775174258,40
I1301041018,0.0,0.0,0.0,1.2700564705436398e-98,77
I130194489,0.0007668711656441718,2.0,0.0,2.4593607820097388e-05,43
I130238516,0.01763803680981595,48.0,4.4163959279528313e-05,0.024572075045512034,1
I1302485747,0.0023006134969325155,6.0,0.0,0.0036248981002245354,6
I1302611135,0.0003834355828220859,1.0,0.0,5.7198258474798236e-83,78
I1302978242,0.0007668711656441718,2.0,0.0,0.00016642442626205867,2
I130309236,0.0011503067484662577,3.0,0.0,6.924553189655754e-05,14
I1303444417,0.004217791411042945,11.0,0.0,0.003667253745043098,19
I1304085615,0.0007668711656441718,2.0,0.0,0.0007963714525671335,2
I1304256225,0.004984662576687116,13.0,0.0,0.009688696964031483,1
I130536721,0.0023006134969325155,11.0,0.0,0.00652192900082236,57
I1306117286,0.0011503067484662577,3.0,0.0,0.0028285500099001046,1
I1306339040,0.0,0.0,0.0,1.2700564705436398e-98,79
I1306409833,0.01111963190184049,40.0,0.003448833821300234,0.03189747927550664,1
I130692619,0.0011503067484662577,3.0,0.0,0.000734212795257506,23
I130701444,0.019938650306748466,63.0,0.0021758320520163335,0.06350470000430601,1
I1307098950,0.0003834355828220859,1.0,0.0,0.0008174644931291491,1
I130769515,0.00843558282208589,23.0,0.003107162966200749,0.003663953405344926,107
I130828816,0.02070552147239264,60.0,0.002864489923838559,0.011693277232797311,19
I1308548392,0.0,0.0,0.0,1.2700564705436398e-98,80
I1308683654,0.005368098159509203,14.0,0.0,0.011525171007075369,1
I1308814778,0.004217791411042945,15.0,0.00017775790208757365,0.004271041111034028,40
I1308923049,0.012653374233128834,33.0,0.0,0.010028542835150357,19
I130929987,0.006518404907975461,20.0,0.0013614389997670265,9.7413145418205e-06,5
I1311688040,0.011503067484662576,35.0,0.0014563102736299125,0.017212530496150836,6
I13134134,0.0003834355828220859,1.0,0.0,5.7198258474798236e-83,81
I131359167,0.0011503067484662577,3.0,0.0,6.924553189655754e-05,14
I131434179,0.0,0.0,0.0,1.2700564705436398e-98,82
I1314596251,0.006134969325153374,28.0,3.5946166644310626e-05,0.021027237625127,57
I1314696892,0.0,0.0,0.0,1.2700564705436398e-98,83
I1314849024,0.0011503067484662577,3.0,0.0,0.00020753991731079549,45
I131579929,0.003067484662576687,8.0,0.0,0.0010487431582323658,19
I131651094,0.0007668711656441718,2.0,0.0,0.0007526526816862155,29
I1316535847,0.005368098159509203,20.0,0.0,0.019088543692100224,1
I131705669,0.0003834355828220859,1.0,0.0,5.7198258474798236e-83,84
I131729948,0.004601226993865031,12.0,0.0006083197432114106,0.00026704823943051197,43
I1317774081,0.019555214723926382,51.0,0.0005600152167631535,0.01829574066807895,12
I1318617081,0.0015337423312883436,4.0,0.0,0.0035635841285762923,1
I131868736,0.0,0.0,0.0,1.2700564705436398e-98,85
I1319306116,0.0007668711656441718,2.0,0.0,0.00410404865742416,6
I1320320070,0.0007668711656441718,2.0,0.0,1.0639459082098348e-05,40
I1320404931,0.0,0.0,0.0,1.2700564705436398e-98,86
I1320473756,0.0007668711656441718,2.0,0.0,8.205938860124658e-74,87
I1320796813,0.0015337423312883436,4.0,1.936543347586292e-06,0.0008187435560681547,1
I1321296531,0.009202453987730062,24.0,0.001488313755825597,0.020734817094946525,1
I1321305853,0.006901840490797546,19.0,0.0,0.015295225313601425,1
I132153292,0.0007668711656441718,2.0,0.0,1.3098409274922044e-05,33
I1322731696,0.0011503067484662577,3.0,0.0,0.0009482360761943319,12
I1323121030,0.003450920245398773,13.0,3.529901798131976e-07,8.946417584739745e-06,33
I1323778983,0.0026840490797546013,7.0,0.0,0.00817208579401632,1
I1324925910,0.012653374233128834,33.0,0.0,0.010028542835150357,19
I1324989862,0.0,0.0,0.0,1.2700564705436398e-98,88
I1325290502,0.0019171779141104294,5.0,0.0,0.0013966309219287805,23
I1325675289,0.015337423312883436,42.0,5.81180121251566e-05,0.012486847316937968,19
I1325899441,0.003450920245398773,12.0,0.0,0.002367739544873825,40
I1326018075,0.016104294478527608,42.0,0.0,0.0177756490880467,12
I1326402746,0.003067484662576687,8.0,0.0,9.261001533484326e-06,5
I1326498283,0.007285276073619632,20.0,0.0005316707653767385,0.007324572003174586,1
I1327237609,0.004601226993865031,12.0,2.62474579570953e-05,0.003658999680728549,45
I132806614,0.0019171779141104294,5.0,0.0,0.00042997283741989713,57
I1330165540,0.011886503067484663,48.0,7.844226218071059e-07,0.04266636270030508,1
I1330693074,0.0,0.0,0.0,1.2700564705436398e-98,89
I1330995197,0.0003834355828220859,1.0,0.0,5.7198258474798236e-83,90
I1331816111,0.004601226993865031,12.0,0.0,0.0006526373298583613,53
I133190216,0.0011503067484662577,6.0,0.0,1.572563603031314e-54,91
I1332258667,0.0007668711656441718,2.0,0.0,0.0009865199807262063,19
I1332596392,0.0026840490797546013,7.0,0.0,0.005450883208202738,57
I1333535994,0.0003834355828220859,1.0,0.0,0.00010857304815138299,2
I1333606569,0.0007668711656441718,2.0,0.0,1.0639459082098348e-05,40
I1333651918,0.0015337423312883436,4.0,0.0,0.00032286793354527847,19
I1333742007,0.005751533742331288,15.0,0.0,0.012751291888783649,45
I1334329717,0.0,0.0,0.0,1.2700564705436398e-98,92
I1334536514,0.0007668711656441718,2.0,0.0,0.001529602148450685,1
I1334627681,0.0003834355828220859,1.0,0.0,0.0030042023708536855,1
I1334819555,0.004984662576687116,16.0,0.0008936142507626548,0.008331718623831962,1
I1334950195,0.0015337423312883436,4.0,0.0,0.0003235065507913826,45
I133529467,0.0011503067484662577,3.0,0.0,5.7542088747755956e-06,32
I1335321130,0.005368098159509203,15.0,5.883169663553293e-07,0.011466276732059725,57
I1335486098,0.0015337423312883436,4.0,0.0,2.820091872343423e-62,94
I1336263701,0.003067484662576687,8.0,0.0,0.0010487431582323658,19
I133731052,0.003067484662576687,8.0,5.723016711601011e-06,0.0021238569552750296,1
I133738476,0.0015337423312883436,4.0,0.0,0.00010641384494724763,95
I133743585,0.0011503067484662577,3.0,8.82475449532994e-07,8.64366507525592e-76,96
I133769559,0.0019171779141104294,5.0,0.0,9.384170185327812e-05,107
I133771110,0.0003834355828220859,2.0,0.0,8.205938860124658e-74,97
I1337719021,0.0015337423312883436,4.0,0.0,0.0004216920757162454,42
I133837150,0.0,0.0,0.0,1.2700564705436398e-98,98
I133868755,0.0026840490797546013,7.0,2.0311643263417748e-05,0.00018029136482147233,95
I1339471597,0.0019171779141104294,5.0,0.0,0.00022058300777066505,19
I133999245,0.0003834355828220859,1.0,0.0,0.0006081888962514484,45
I1340179700,0.0015337423312883436,4.0,0.0,0.007251003703095858,6
I1340728805,0.0015337423312883436,7.0,0.0,5.9645905212960595e-05,2
I134085113,0.018404907975460124,48.0,0.0,0.0047963212852788996,14
I134113660,0.006901840490797546,66.0,3.476418437554219e-07,0.16297220090373724,6
I134140186,0.018404907975460124,48.0,0.0,0.0047963212852788996,14
I1341412227,0.0023006134969325155,6.0,0.0006093492979025323,0.0033121114142431337,1
I1341640284,0.0011503067484662577,3.0,0.0,0.0010778767241500704,45
I134276161,0.0026840490797546013,7.0,0.0,8.742476001985751e-07,30
I1342911587,0.0003834355828220859,1.0,0.0,5.7198258474798236e-83,99
I1342924430,0.011886503067484663,33.0,4.167980574558193e-05,0.009084534115375296,2
I1343180700,0.0003834355828220859,1.0,0.0,0.0001294306404970724,40
I134353371,0.0,0.0,0.0,1.2700564705436398e-98,100
I1343551460,0.011503067484662576,91.0,0.006550504427571324,0.16966856905940672,6
I1343871089,0.0003834355828220859,1.0,0.0,8.816197203448026e-05,101
I1344073410,0.006901840490797546,18.0,9.90333560031471e-06,0.017072382847965455,1
I1344076864,0.005368098159509203,14.0,0.0,0.011525171007075369,1
I134446601,0.010736196319018405,44.0,4.4993878539956544e-05,0.058110475097594295,1
I134560555,0.005751533742331288,15.0,0.0,0.006991032421422786,32
I134705546,0.0019171779141104294,5.0,0.0,2.8746325596619207e-06,107
I134841294,0.0015337423312883436,4.0,0.0,2.820091872343423e-62,49
I135120706,0.0,0.0,0.0,1.2700564705436398e-98,102
I135140700,0.0007668711656441718,2.0,0.0,2.71352582068431e-06,19
I1351752,0.0003834355828220859,1.0,0.0,2.0061796278382082e-08,29
I135191193,0.0015337423312883436,4.0,0.0,0.0027210581625781148,45
I135237710,0.0011503067484662577,3.0,0.0,0.00021263196370199016,57
I135310074,0.018021472392638037,52.0,0.000829898913873409,0.037778712510710535,1
I135598925,0.0007668711656441718,2.0,2.9415848317766467e-07,1.2299978680275321e-78,103
I135768898,0.0023006134969325155,6.0,0.0,0.0017263507470305878,45
I136040515,0.004601226993865031,12.0,0.0,6.149245195329789e-07,5
I136199984,0.056365030674846626,220.0,0.05783358068737851,0.16724436730653763,57
I137265801,0.0007668711656441718,2.0,0.0,8.205938860124658e-74,104
I137902535,0.004984662576687116,13.0,1.1847232909980446e-05,0.005605190981558723,40
I138006243,0.018788343558282208,50.0,0.0012511050553684708,0.022082009197835418,12
I13805885,0.0019171779141104294,5.0,0.0,0.008616352806895794,1
I138168422,0.0011503067484662577,3.0,0.0,0.00013225657367804596,2
I138211613,0.003834355828220859,10.0,0.0,0.003458532669882158,57
I138564716,0.0003834355828220859,1.0,0.0,8.697398333272641e-79,105
I138595864,0.016104294478527608,42.0,0.0,0.0177756490880467,12
I138622004,0.0026840490797546013,7.0,0.0,4.567470111305881e-06,33
I138689650,0.00843558282208589,22.0,0.0004312451228905516,0.0020344483248883123,43
I138690464,0.016104294478527608,42.0,0.0,0.0177756490880467,12
I138801177,0.003834355828220859,22.0,1.0201379775844347e-05,0.009856584894203005,6
I138847295,0.0023006134969325155,19.0,0.00060881000735004,0.0015934367821624454,43
I138898306,0.0026840490797546013,7.0,0.0,0.003809352648021465,6
I138925566,0.0,0.0,0.0,1.2700564705436398e-98,106
I139024713,0.003834355828220859,23.0,0.0015898273634935892,0.006182808630737637,45
I139264467,0.006901840490797546,18.0,0.0008645507865289295,0.013561879787828808,1
I139322472,0.003450920245398773,9.0,0.0012160511694564657,1.6608439665905798e-06,26
I13955877,0.004217791411042945,13.0,0.00017257087566554041,0.007653684038121719,40
I139660479,0.005368098159509203,18.0,0.0013267074934251697,0.0031901653475582704,45
I139759216,0.012269938650306749,35.0,0.0013292921742037588,0.014840165066116226,45
I139787848,0.0007668711656441718,2.0,0.0,3.599659211642396e-05,1
I13985625,0.0015337423312883436,4.0,0.0,0.00015159053072776166,45
I140172145,0.004984662576687116,13.0,8.927709964442123e-05,0.004411149912168107,107
I141301092,0.016104294478527608,42.0,0.0,0.0177756490880467,12
I14140830,0.003067484662576687,8.0,0.0,0.0001211678629827785,71
I141445968,0.0007668711656441718,2.0,0.0,8.205938860124658e-74,56
I141568987,0.004601226993865031,13.0,0.000156823591532763,0.0015291934616700217,45
I141584323,0.0007668711656441718,2.0,0.0,0.0002054091383439052,32
I141591182,0.0011503067484662577,3.0,0.0,2.5759805555334265e-67,21
I141595442,0.0007668711656441718,2.0,0.0006083197432114106,1.4956410725680335e-05,45
I141596103,0.0023006134969325155,6.0,4.846751274490655e-05,0.00019224304180204607,19
I141649914,0.0003834355828220859,1.0,0.0,5.7198258474798236e-83,108
I141810926,0.0007668711656441718,2.0,0.0,0.0002621116886397168,12
I141945490,0.01687116564417178,46.0,0.007578895983476148,0.010870123794817733,33
I141962983,0.0019171779141104294,5.0,6.4616813471360366e-06,0.000708193975062198,45
I141988045,0.0007668711656441718,2.0,0.0,3.599659211642396e-05,1
I142016965,0.0011503067484662577,3.0,0.0,2.5759805555334265e-67,109
I142024983,0.0003834355828220859,1.0,0.0,5.7198258474798236e-83,110
I142263535,0.003450920245398773,9.0,0.0,0.005850316758606397,45
I142401562,0.0007668711656441718,2.0,0.0,8.205938860124658e-74,111
I14243506,0.02338957055214724,63.0,0.004918000215685654,0.024141863442470227,45
I142476485,0.003067484662576687,8.0,1.779658823224871e-05,0.009007631187915725,1
I142617266,0.004217791411042945,11.0,0.0,0.0002669965298793603,43
I142740786,0.018788343558282208,49.0,0.0006083197432114105,0.004797250369907626,14
I142767807,0.0011503067484662577,3.0,0.0,0.0011787252237067752,2
I142879360,0.0015337423312883436,4.0,0.0,0.0032087173555675657,57
I142899784,0.012653374233128834,33.0,0.0,0.004924198958860451,23
I142934699,0.006134969325153374,16.0,0.0006083197432114106,0.006992385705578032,32
I143002897,0.0007668711656441718,2.0,0.0,0.0001608132091063757,32
I143247161,0.0015337423312883436,4.0,0.0,2.1813654672728093e-05,29
I143302722,0.0007668711656441718,2.0,0.0,2.462383335346607e-08,42
I143379178,0.0007668711656441718,4.0,0.0,0.0001720890122301806,53
I143396566,0.0007668711656441718,2.0,0.0,6.0955848606936174e-05,1
I143413998,0.0007668711656441718,2.0,0.0,0.00013403148327036993,45
I143593769,0.003450920245398773,9.0,2.221176698927728e-05,0.006312832749822884,45
I143804889,0.0007668711656441718,2.0,0.0,0.0002726330403967806,45
I143868143,0.003450920245398773,9.0,1.0785811049847705e-06,0.007068419790698002,45
I143910747,0.0023006134969325155,6.0,0.0,0.0014655838835752435,40
I143923087,0.0003834355828220859,1.0,0.0,5.7198258474798236e-83,112
I14396692,0.0007668711656441718,2.0,0.0,3.501899582669371e-05,23
I144112489,0.0026840490797546013,7.0,0.0,0.005493742339530855,32
I145019703,0.0015337423312883436,4.0,0.0,2.820091872343423e-62,113
I145236414,0.016104294478527608,42.0,0.0,0.0177756490880467,12
I145311948,0.018788343558282208,53.0,0.004746179390277022,0.01622352543120732,32
I145325580,0.0007668711656441718,2.0,0.0,0.00036531481450358355,1
I145487455,0.0,0.0,0.0,1.2700564705436398e-98,114
I145608581,0.0003834355828220859,1.0,0.0,5.7198258474798236e-83,115
I145722265,0.0003834355828220859,1.0,0.0,1.4457660290106437e-06,29
I145847075,0.0011503067484662577,3.0,0.0,0.0007543563514278021,1
I145872427,0.0011503067484662577,3.0,0.0,2.302266014766635e-06,43
I145894827,0.003067484662576687,8.0,0.004245883546186412,2.7009716338526e-06,42
I145897649,0.003067484662576687,9.0,8.673706448809381e-05,0.0024752111917300027,45
I146367977,0.0026840490797546013,7.0,0.0,1.6601912860760226e-06,26
I146399215,0.0003834355828220859,2.0,0.0,2.5679625164772407e-05,23
I146416000,0.0,0.0,0.0,1.2700564705436398e-98,116
I146500386,0.004601226993865031,12.0,0.0,0.0013009640683068608,23
I146583814,0.0026840490797546013,7.0,0.0,4.567470111305881e-06,33
I146620803,0.003067484662576687,8.0,4.7506595033192846e-05,0.00044072780132758005,45
I146655781,0.015337423312883436,41.0,0.006037741189729675,0.011088152470058663,19
I146824383,0.0015337423312883436,11.0,0.0,2.0790399998495094e-43,35
I147554453,0.018404907975460124,48.0,0.0,0.0047963212852788996,14
I147747303,0.0015337423312883436,4.0,0.0,5.3438269627158917e-05,32
I148099405,0.0003834355828220859,1.0,0.0,0.00026557983670737895,57
I148128674,0.0003834355828220859,1.0,0.0,5.52797658960541e-06,45
I148283060,0.019171779141104295,71.0,0.005645678102074989,0.056423271448614656,1
I148366613,0.004984662576687116,13.0,0.00014331891564554452,0.003689305256131752,33
I148776243,0.0011503067484662577,3.0,0.0,2.5759805555334265e-67,117
I14894300,0.0011503067484662577,3.0,0.0,0.0008529443431266775,33
I149521062,0.016104294478527608,42.0,0.0,0.0177756490880467,12
I149594827,0.0026840490797546013,7.0,2.129841126607737e-05,0.0010767307898196506,45
I149704539,0.004984662576687116,13.0,0.0014532772626175594,0.0023644685122204815,1
I149910238,0.0007668711656441718,2.0,0.0,8.205938860124658e-74,118
I150209017,0.012653374233128834,33.0,0.0,0.010028542835150357,19
I150229711,0.018404907975460124,50.0,0.006635954659813127,0.019191307670046787,57
I150314799,0.0026840490797546013,7.0,0.0,0.003809352648021465,6
I150468666,0.012269938650306749,43.0,0.004034305854896827,0.032662264655325415,1
I150540706,0.0015337423312883436,4.0,0.0,2.72860440115134e-05,43
I15057530,0.007668711656441718,21.0,0.0012644939355353274,0.007337202118428523,32
I150744194,0.0026840490797546013,7.0,7.1685721973056e-05,0.0002857182894848618,32
I150807315,0.0011503067484662577,3.0,0.0012160511694564657,0.00016472895645728124,45
I150870154,0.026073619631901843,73.0,0.0019358271966847234,0.007908707803262085,14
I151013683,0.0015337423312883436,4.0,0.0,2.820091872343423e-62,49
I151201029,0.003067484662576687,9.0,1.764950899065988e-06,2.6713005357099043e-54,119
I151727225,0.0026840490797546013,8.0,0.0002634296608048253,0.0024036799697532293,45
I151746483,0.015337423312883436,48.0,0.004292244963791161,0.019524765086529488,43
I151746803,0.003450920245398773,9.0,0.0012160511694564657,8.745910875908674e-07,30
I151903974,0.0,0.0,0.0,1.2700564705436398e-98,120
I15196421,0.0011503067484662577,3.0,0.0,0.0007893446930722255,2
I152031979,0.0,0.0,0.0,1.2700564705436398e-98,121
I152238500,0.0,0.0,0.0,1.2700564705436398e-98,122
I152518017,0.0,0.0,0.0,1.2700564705436398e-98,123
I152650591,0.0007668711656441718,2.0,0.0,8.205938860124658e-74,124
I152815399,0.011503067484662576,45.0,0.0037825035002024073,0.01570764563847707,45
I153230381,0.0003834355828220859,1.0,0.0,5.7198258474798236e-83,125
I153297377,0.0,0.0,0.0,1.2700564705436398e-98,126
I153327471,0.0011503067484662577,3.0,0.0,3.5516690205331226e-05,23
I153355300,0.0019171779141104294,5.0,0.0,0.0007257927939279733,19
I153473198,0.0011503067484662577,3.0,0.0,0.0020007609533247823,45
I153687341,0.0015337423312883436,4.0,0.0,2.820091872343423e-62,113
I153718931,0.0023006134969325155,6.0,0.0006089080601777659,0.003594586088220172,57
I153845743,0.0011503067484662577,3.0,0.0,7.178578640076452e-66,51
I154099455,0.008052147239263804,22.0,8.019740779700396e-05,0.008192222866785403,45
I154130895,0.015337423312883436,49.0,0.007411410774899764,0.013376588475106413,53
I154425047,0.014570552147239265,62.0,0.0016509785660109599,0.007730966836709459,40
I154526488,0.0023006134969325155,6.0,0.0,1.3850883521588769e-05,107
I154570441,0.021088957055214724,56.0,0.00042746058413527536,0.02882996226968061,1
I154757721,0.0003834355828220859,1.0,0.0,2.967073898650895e-10,29
I15477984,0.0003834355828220859,1.0,0.0,0.0002238446658927578,19
I154851008,0.0007668711656441718,2.0,0.0,1.4633537000738742e-72,52
I154864474,0.0007668711656441718,2.0,0.0,6.8624217746325e-05,23
I154970844,0.0026840490797546013,7.0,0.0,1.2079113300617317e-05,5
I155125353,0.0003834355828220859,1.0,0.0,5.7198258474798236e-83,128
I155125381,0.0011503067484662577,3.0,0.0,4.1469290366330214e-08,107
I155381812,0.0019171779141104294,5.0,0.0,0.0001529173547817811,19
I155660961,0.005368098159509203,14.0,0.0001258797533162682,0.003742017401182848,33
I155765044,0.0003834355828220859,1.0,0.0,5.7198258474798236e-83,129
I155781252,0.003450920245398773,9.0,3.0004165284121797e-05,0.00375688102649634,29
I155837530,0.0003834355828220859,1.0,0.0,5.7198258474798236e-83,130
I156087764,0.006518404907975461,18.0,6.393476267088133e-05,0.008178575719513328,1
I156171363,0.004601226993865031,12.0,0.0,0.0006526373298583613,53
I156292868,0.0003834355828220859,1.0,0.0,8.368947989489856e-05,45
I156406944,0.0015337423312883436,4.0,0.0,0.00032286793354527847,19
I156983542,0.0007668711656441718,2.0,0.0006083197432114106,2.2155186173278102e-05,1
I157066012,0.003067484662576687,11.0,0.0,0.002028008055559639,1
I157219812,0.0019171779141104294,5.0,5.0154021381791826e-05,0.00013462902059077967,45
I157286207,0.0019171779141104294,6.0,0.0012104752319864545,0.00046684065593987213,42
I157358134,0.003450920245398773,9.0,0.0012160511694564657,0.003652260637092835,45
I157392197,0.0015337423312883436,4.0,0.0,2.820091872343423e-62,113
I157394403,0.0003834355828220859,1.0,0.0,5.7198258474798236e-83,131
I157417397,0.0003834355828220859,1.0,0.0,5.7198258474798236e-83,132
I157485424,0.006901840490797546,25.0,0.002292278656387144,0.006291673473562821,101
I157556583,0.0015337423312883436,4.0,0.0,2.72860440115134e-05,43
I157582758,0.0023006134969325155,6.0,0.0,0.0053324667533958744,45
I157614274,0.0015337423312883436,4.0,0.0,0.00019323800362660873,32
I15766328,0.0,0.0,0.0,1.2700564705436398e-98,133
I157725225,0.03680981595092025,110.0,0.014105247134708447,0.068505118457867,1
I157773358,0.01763803680981595,51.0,0.003092264552817644,0.022116307422919104,45
I158248296,0.0007668711656441718,2.0,0.0,8.205938860124658e-74,28
I158333966,0.0,0.0,0.0,1.2700564705436398e-98,134
I158716096,0.0003834355828220859,3.0,0.0,2.5759805555334265e-67,36
I158743462,0.0011503067484662577,3.0,0.0,0.0004085915298762887,1
I158749337,0.003834355828220859,10.0,0.0,0.0055733384884883875,53
I158809036,0.0019171779141104294,7.0,0.0,0.002042681726779995,45
I158842170,0.0015337423312883436,4.0,0.0,0.002008394307302021,6
I158929114,0.004601226993865031,12.0,0.0,0.0013009640683068608,23
I159129438,0.004217791411042945,11.0,0.0003016521705366156,0.0026503744733798722,19
I159176309,0.02147239263803681,57.0,0.0034250178151867886,0.020084729364177874,12
I159247623,0.0003834355828220859,1.0,0.0,5.7198258474798236e-83,135
I159385669,0.0003834355828220859,1.0,0.0,5.7198258474798236e-83,136
I159650629,0.004601226993865031,12.0,0.0,6.149245195329789e-07,5
I159948400,0.008052147239263804,21.0,0.000793358121923837,0.004283232171068339,53
I160003610,0.0007668711656441718,2.0,0.0,1.5165992410765805e-05,45
I160368002,0.0011503067484662577,3.0,0.0,0.0007893446930722255,2
I16038530,0.0003834355828220859,1.0,0.0,0.00026557983670737895,57
I160606119,0.0023006134969325155,7.0,0.0006083197432114106,0.000399224931606262,32
I16076960,0.003067484662576687,15.0,0.0018786431528141556,8.942381820345985e-05,30
I160856358,0.0,0.0,0.0,1.2700564705436398e-98,137
I160968435,0.0003834355828220859,1.0,0.0,5.7198258474798236e-83,138
I160992636,0.0003834355828220859,1.0,0.0,4.866590399117683e-05,1
I161046081,0.007668711656441718,21.0,0.0006655718195673152,0.005477136932582218,19
I161057412,0.004217791411042945,11.0,0.0,0.0017955642249878087,43
I161103922,0.0,0.0,0.0,1.2700564705436398e-98,139
I161106909,0.0026840490797546013,7.0,0.0,7.263068542226182e-05,29
I161296585,0.004984662576687116,13.0,4.1158608274396104e-05,0.003681408836562123,32
I161301626,0.0011503067484662577,3.0,0.0,0.0005185930337591859,12
I161318765,0.03067484662576687,104.0,0.02288354397161738,0.07118266389875126,1
I161321875,0.0007668711656441718,2.0,0.0,2.5328431129437084e-06,19
I161370692,0.0003834355828220859,1.0,0.0,5.7198258474798236e-83,140
I161463649,0.0015337423312883436,4.0,0.0,0.00019122681050505057,14
I161593684,0.019938650306748466,54.0,0.0016339582499428791,0.01856360735975352,12
I161878677,0.003067484662576687,8.0,3.2465291260041586e-05,0.00023227165435708847,43
I161913731,0.0019171779141104294,5.0,3.7941541688532417e-05,0.00012454671114492044,14
I161929037,0.0023006134969325155,6.0,0.0,1.3850883521588769e-05,107
I161941770,0.004984662576687116,13.0,0.0,0.004733669988507977,2
I162030827,0.0023006134969325155,6.0,0.0,0.004646016123497788,2
I162148367,0.0007668711656441718,2.0,0.0,5.5171209827304394e-05,1
I162608824,0.0026840490797546013,12.0,0.0,0.009596293977142232,6
I162706563,0.0,0.0,0.0,1.2700564705436398e-98,141
I162714631,0.0003834355828220859,1.0,0.0,0.00022729978905100182,32
I162827531,0.0007668711656441718,2.0,0.0,0.0007492310351964045,1
I162838928,0.0023006134969325155,6.0,8.486472239675625e-06,0.00040501821671358744,1
I16285277,0.0,0.0,0.0,1.2700564705436398e-98,142
I162868743,0.008819018404907975,27.0,0.0012403051412658034,0.007323180131708116,45
I163151501,0.0003834355828220859,1.0,0.0,2.5675658960804906e-05,45
I163340411,0.0019171779141104294,5.0,0.0024306315464970433,0.0002994375208068757,143
I16365422,0.007668711656441718,21.0,0.00099618276139399,0.009944328102620848,45
I163770644,0.0015337423312883436,4.0,0.0,2.820091872343423e-62,144
I16391192,0.016487730061349695,62.0,0.002304882063366185,0.023731201424203107,1
I164389053,0.0007668711656441718,2.0,0.0,0.00011656668124650616,53
I16471300,0.0003834355828220859,1.0,0.0,5.7198258474798236e-83,130
I164861460,0.0,0.0,0.0,1.2700564705436398e-98,146
I164928964,0.0019171779141104294,5.0,0.0,0.002773317715981985,45
I164936912,0.0011503067484662577,3.0,0.0006083197432114106,0.00013040293495388818,2
I165075387,0.0007668711656441718,2.0,0.0,0.0011465622133712506,19
I165102784,0.0023006134969325155,6.0,0.0013724293210004162,0.0015808989358854929,1
I165143802,0.009969325153374233,28.0,0.003264973602751805,0.003775135805504788,43
I16528096,0.004601226993865031,12.0,0.0,0.0013009640683068608,23
I165390105,0.0003834355828220859,1.0,0.0,0.0001290793417878729,53
I165522056,0.0,0.0,0.0,1.2700564705436398e-98,147
I165526535,0.0019171779141104294,6.0,0.0,0.001741425175523862,45
I165690674,0.007285276073619632,19.0,0.0,0.020669731791580163,45
I165733156,0.016104294478527608,77.0,0.010447893839352887,0.05236092595052402,57
I165737746,0.0,0.0,0.0,1.2700564705436398e-98,148
I165779595,0.028374233128834355,82.0,0.0055651210583356255,0.025389191055479033,2
I165799507,0.0011503067484662577,4.0,0.0,2.6398063149339208e-64,149
I165862685,0.012653374233128834,33.0,0.0,0.010028542835150357,19
I165932596,0.037576687116564415,136.0,0.03375696871092318,0.05716591214082231,45
I165951966,0.0026840490797546013,7.0,0.0,1.1921326301031191e-05,0
I166073570,0.0,0.0,0.0,1.2700564705436398e-98,150
I16609230,0.008819018404907975,27.0,0.0012020686054045793,0.007633278219203782,45
I166182418,0.0011503067484662577,3.0,0.0,0.0004291890307703317,1
I166311279,0.009202453987730062,33.0,2.6474263485989827e-07,0.004022753157134568,40
I166337079,0.014570552147239265,43.0,0.0034956825950715883,0.022074136234291646,19
I166401450,0.003067484662576687,9.0,1.764950899065988e-06,2.6713005357099043e-54,119
I166433441,0.0015337423312883436,4.0,0.0,3.0445474677708975e-05,2
I166533956,0.0,0.0,0.0,1.2700564705436398e-98,151
I166825849,0.0015337423312883436,4.0,8.23643752897461e-06,0.0002508397628329825,23
I167027274,0.0011503067484662577,3.0,0.0,0.0004131173790551141,45
I16718484,0.0011503067484662577,4.0,0.0,9.576933655077988e-05,32
I16733864,0.0023006134969325155,6.0,0.00029011367669263703,0.002664402726657743,23
I16748637,0.0003834355828220859,2.0,0.0,8.205938860124658e-74,152
I167724894,0.0015337423312883436,4.0,0.0,1.3112107877137272e-54,119
I168635309,0.006901840490797546,21.0,0.0012241660915167931,0.00838670999141793,33
I168673124,0.0,0.0,0.0,1.2700564705436398e-98,153
I168719708,0.028757668711656442,79.0,0.006701035487446192,0.02048703262399091,14
I168864056,0.0023006134969325155,6.0,0.0012256414363853987,0.0007026441824350871,32
I168879160,0.0023006134969325155,7.0,0.0,0.004197027626710726,45
I169016828,0.0011503067484662577,3.0,0.0,0.00011803367921320251,53
I169108374,0.030291411042944787,80.0,0.0006542429879250462,0.024186786851628873,12
I169199633,0.02799079754601227,75.0,0.0005667769044330656,0.007790849555955079,14
I169333911,0.0,0.0,0.0,1.2700564705436398e-98,154
I169335092,0.02223926380368098,58.0,0.0027216686241850925,0.004910453892713451,14
I169381384,0.0,0.0,0.0,1.2700564705436398e-98,155
I16944753,0.0,0.0,0.0,1.2700564705436398e-98,156
I169541294,0.0015337423312883436,4.0,0.0,0.00040851288136673825,42
I169877490,0.0003834355828220859,1.0,0.0,5.7198258474798236e-83,157
I169912796,0.0003834355828220859,1.0,0.0,0.0003431927514645081,19
I170201317,0.013036809815950921,40.0,0.0011762510703760783,0.02670505825137497,1
I170215575,0.0019171779141104294,5.0,0.0012163453279396435,0.0008904856095183169,45
I170230895,0.003450920245398773,13.0,3.529901798131976e-07,8.946417584739745e-06,33
I170239107,0.0011503067484662577,3.0,0.0,5.7118132822729206e-05,43
I170253739,0.003450920245398773,11.0,0.0012160511694564657,1.6628428472147596e-06,26
I170486558,0.0019171779141104294,5.0,0.0012163453279396435,0.0038062212159904797,1
I17056963,0.0003834355828220859,1.0,0.0,5.7198258474798236e-83,158
I170632171,0.0003834355828220859,1.0,0.0,0.0023125268698194847,1
I170658231,0.0003834355828220859,1.0,0.0,5.3329810425641e-05,1
I170897317,0.028757668711656442,127.0,0.01827752233172143,0.06653396209253688,2
I171210897,0.0026840490797546013,8.0,0.00064531647586707,0.0004363834237065131,57
I171256487,0.0003834355828220859,1.0,0.0,5.7198258474798236e-83,159
I17145004,0.009969325153374233,36.0,0.003841270282295326,0.01895388451020709,57
I171543936,0.018404907975460124,48.0,0.0,0.0047963212852788996,14
I172446870,0.0007668711656441718,2.0,0.0,2.4431448164476932e-06,32
I172574986,0.0015337423312883436,4.0,0.0,8.657529239915685e-05,30
I172675005,0.02338957055214724,80.0,0.008214282671757337,0.026388560409683737,45
I17301866,0.0003834355828220859,1.0,0.0,0.00035573972232283717,2
I173029219,0.0003834355828220859,1.0,0.0,1.2460407582963557e-06,30
I173089394,0.0,0.0,0.0,1.2700564705436398e-98,160
I173093425,0.009202453987730062,24.0,0.0,0.0010648069641807938,14
I173112312,0.0,0.0,0.0,1.2700564705436398e-98,161
I173212132,0.0003834355828220859,1.0,0.0,8.697398333272641e-79,103
I173632517,0.0,0.0,0.0,1.2700564705436398e-98,162
I173654999,0.008052147239263804,22.0,5.216410435017254e-06,0.01642685860978663,45
I173759888,0.0007668711656441718,2.0,0.0,8.205938860124658e-74,163
I173888879,0.009202453987730062,24.0,0.0,0.0010648069641807938,14
I173893349,0.003834355828220859,10.0,0.0,2.090669679410992e-05,23
I17389662,0.0007668711656441718,2.0,0.0,0.0005706399424458955,19
I173899330,0.0007668711656441718,2.0,0.0,0.000719280978871527,32
I173911158,0.003067484662576687,8.0,1.870004561554684e-05,0.0030614011693524427,1
I174025329,0.0003834355828220859,1.0,0.0,0.00014055180491376692,19
I174216632,0.019171779141104295,52.0,0.002217923973502984,0.018440973111526555,12
I174306211,0.003450920245398773,9.0,9.599371834364459e-06,0.005470880807240411,1
I1743320,0.0026840490797546013,8.0,0.0,0.01098888669409534,1
I174458059,0.0023006134969325155,6.0,0.004850085070633335,0.00010318929696672913,29
I174878644,0.0003834355828220859,1.0,0.0,5.7198258474798236e-83,164
I175051016,0.0003834355828220859,1.0,0.0,5.7198258474798236e-83,165
I175234967,0.0019171779141104294,5.0,0.0,0.0009181153539177823,107
I175532246,0.0003834355828220859,1.0,0.0,5.7198258474798236e-83,166
I175594653,0.003067484662576687,8.0,0.0004094735112246956,0.002527167637577398,1
I17626003,0.007285276073619632,19.0,3.865032355752245e-05,0.007263198167342564,32
I176279760,0.0026840490797546013,7.0,0.0,1.1921326301031191e-05,0
I176453806,0.016104294478527608,42.0,0.0,0.0177756490880467,12
I176601375,0.0015337423312883436,4.0,0.0018231942787351656,3.6024454097396977e-06,5
I177097968,0.0007668711656441718,2.0,0.0,1.1994087942728238e-05,42
I177605424,0.0015337423312883436,4.0,0.0,0.00010641384494724763,95
I177639307,0.014187116564417178,39.0,0.0006749207256895382,0.015975532106483108,19
I177721651,0.0015337423312883436,4.0,5.392905524923852e-06,0.0007814377847054631,19
I177725633,0.04102760736196319,155.0,0.058637338365501494,0.07780205989619332,45
I177738480,0.0007668711656441718,2.0,0.0,8.205938860124658e-74,56
I177739611,0.0,0.0,0.0,1.2700564705436398e-98,167
I177802217,0.0,0.0,0.0,1.2700564705436398e-98,168
I177877127,0.011503067484662576,30.0,0.0005918380579769554,0.005024537369977286,42
I177969490,0.0003834355828220859,1.0,0.0,5.7198258474798236e-83,169
I178102782,0.0003834355828220859,1.0,0.0,0.002343260785473369,57
I178232147,0.0026840490797546013,8.0,0.000413813264729627,0.000527742570669846,45
I17866349,0.005751533742331288,15.0,0.0,0.006991032421422786,32
I17877952,0.008819018404907975,23.0,0.0,0.00354636060167628,2
I179026463,0.0011503067484662577,3.0,0.0,4.133227726802838e-06,45
I179225836,0.0015337423312883436,5.0,0.0,0.0010052166097152915,19
I1793135,0.0011503067484662577,3.0,0.0,0.0003804472351194002,45
I179324530,0.0011503067484662577,3.0,0.0,0.00019389849138940843,107
I179331831,0.003834355828220859,10.0,0.00015002082642060898,5.9793610872642165e-05,30
I17937529,0.005751533742331288,17.0,1.6809056181580836e-07,0.003925393774930788,2
I18014758,0.009202453987730062,24.0,0.0,0.0029277861221553396,19
I180291457,0.003834355828220859,22.0,1.0201379775844347e-05,0.009856584894203005,6
I180437899,0.0007668711656441718,2.0,0.0,0.00013931075830822315,2
I180662265,0.0026840490797546013,7.0,1.2354656293461915e-06,0.0041826299069948536,45
I180670191,0.014187116564417178,42.0,0.0035634782380433534,0.031238489239548282,1
I180726961,0.004601226993865031,13.0,5.393185675860212e-05,0.004228241196293989,53
I180825142,0.0019171779141104294,5.0,0.0,0.002461948787134831,1
I180910786,0.0015337423312883436,4.0,0.0,1.3112107877137272e-54,119
I180923762,0.0011503067484662577,3.0,0.0006083197432114106,4.0030998195182284e-06,12
I180949307,0.004601226993865031,15.0,0.001238645342473874,0.0025330042583519446,1
I181046868,0.0015337423312883436,4.0,0.0,7.807713694481807e-05,33
I181063083,0.0026840490797546013,7.0,0.0,8.742476001985751e-07,30
I181190671,0.006518404907975461,26.0,5.883169663553294e-08,0.003776232195494811,40
I181231927,0.0007668711656441718,4.0,0.0,0.006360540149773471,6
I181233156,0.003067484662576687,9.0,0.0006099131016619562,0.0036594473562249112,1
I181326427,0.003450920245398773,9.0,2.9710006800944136e-06,0.003980164396041078,45
I181343428,0.0,0.0,0.0,1.2700564705436398e-98,170
I181369854,0.026457055214723926,73.0,0.011569199799749835,0.007005314100460677,14
I181391015,0.0007668711656441718,2.0,0.0,0.0001889940175991613,19
I181401687,0.0,0.0,0.0,1.2700564705436398e-98,171
I181418319,0.018404907975460124,48.0,0.0,0.0047963212852788996,14
I181514455,0.0,0.0,0.0,1.2700564705436398e-98,172
I181547552,0.012653374233128834,91.0,0.0009484420280933793,0.1939861271968099,6
I181565077,0.019938650306748466,52.0,0.0001668394769812472,0.006975961207965823,14
I181647926,0.018404907975460124,48.0,0.0,0.0047963212852788996,14
I181679659,0.0011503067484662577,3.0,0.0,0.0014964912389060368,45
I182000528,0.009202453987730062,24.0,0.0,0.0010648069641807938,14
I182202855,0.0011503067484662577,3.0,0.0,2.5759805555334265e-67,65
I182204967,0.0007668711656441718,2.0,0.0,0.0002054091383439052,32
I182212641,0.0007668711656441718,2.0,0.0,0.002362822797027163,1
I182534213,0.0007668711656441718,2.0,0.0,2.5328431129437084e-06,19
I182707071,0.0003834355828220859,1.0,0.0,6.231177654505761e-05,45
I183067930,0.02262269938650307,82.0,0.011140818619774695,0.04339909761004323,45
I183519381,0.013803680981595092,38.0,0.0006542424074223816,0.020381920082965847,45
I183697816,0.0007668711656441718,2.0,0.0,8.205938860124658e-74,173
I183859904,0.0007668711656441718,2.0,0.0,0.001051433111555584,2
I183898223,0.0,0.0,0.0,1.2700564705436398e-98,174
I183935753,0.03680981595092025,109.0,0.00878354963588692,0.024492690477043933,19
I183974707,0.005751533742331288,15.0,0.0,0.006991032421422786,32
I184139950,0.0007668711656441718,2.0,0.0,4.004747393281847e-66,51
I184461854,0.01035276073619632,49.0,0.0002522593888712994,0.0062386823716767265,40
I184565670,0.013036809815950921,35.0,4.976181007088827e-06,0.022550990545797463,1
I184597095,0.004984662576687116,13.0,0.0007271337309080783,0.00179840978343784,43
I184616310,0.0007668711656441718,2.0,0.0,0.001337281346934938,53
I184654094,0.0,0.0,0.0,1.2700564705436398e-98,175
I184693016,0.003067484662576687,8.0,0.0,0.0001211678629827785,71
I184840846,0.003067484662576687,14.0,0.0009403388426594002,0.007274482957350489,6
I184843921,0.0,0.0,0.0,1.2700564705436398e-98,176
I184942183,0.0026840490797546013,7.0,0.0008279020471301281,0.0002903460397214064,33
I184999862,0.0,0.0,0.0,1.2700564705436398e-98,177
I1850255,0.0007668711656441718,2.0,0.0,0.000509167740467039,57
I185103710,0.007285276073619632,20.0,0.0006133204374254308,0.012778658459652767,57
I185163786,0.02070552147239264,54.0,0.003815809135856507,0.004802849283247694,14
I185203018,0.0015337423312883436,4.0,0.0,1.2674652871664222e-06,30
I185241533,0.0011503067484662577,3.0,0.0,2.210829890866204e-05,19
I185261750,0.04294478527607362,161.0,0.034175416828499595,0.04568395771632288,40
I185443292,0.0019171779141104294,5.0,0.0012378532157013167,0.00013136510103239882,53
I185492890,0.004601226993865031,12.0,0.0,0.0006526373298583613,53
I185839726,0.003067484662576687,9.0,5.000694214020299e-06,0.0004387651361701918,32
I186129607,0.012653374233128834,33.0,0.0,0.004924198958860451,23
I186143895,0.007668711656441718,20.0,2.5393358401646613e-05,0.012963136033304436,57
I186354981,0.0,0.0,0.0,1.2700564705436398e-98,178
I186365177,0.0,0.0,0.0,1.2700564705436398e-98,179
I186523950,0.0019171779141104294,5.0,0.0,0.004456587405485391,1
I186667990,0.006134969325153374,23.0,1.0050414841903542e-06,0.01821529174609549,57
I186903577,0.0003834355828220859,1.0,0.0,8.561385055251372e-05,14
I186995768,0.0003834355828220859,1.0,0.0,2.4089191939061105e-06,32
I187400657,0.0,0.0,0.0,1.2700564705436398e-98,180
I187481652,0.005368098159509203,14.0,0.0,0.007783171166462835,1
I187531555,0.0015337423312883436,4.0,5.9427017375297265e-06,0.0004995447982945456,12
I187761245,0.0,0.0,0.0,1.2700564705436398e-98,181
I187792471,0.0003834355828220859,1.0,0.0,5.7198258474798236e-83,182
I188329596,0.012653374233128834,33.0,0.0,0.004924198958860451,23
I188538660,0.02147239263803681,56.0,0.003003915636055305,0.0060790263204995474,14
I188760350,0.004984662576687116,13.0,0.0,0.004733669988507977,2
I188922065,0.003450920245398773,13.0,3.529901798131976e-07,8.946417584739745e-06,33
I189158943,0.003450920245398773,9.0,3.735812736356341e-05,0.0028538527038067733,107
I189196454,0.007285276073619632,44.0,0.0005036480100371322,0.03342920027555391,57
I189210763,0.0015337423312883436,4.0,0.0,2.820091872343423e-62,94
I189268942,0.0003834355828220859,1.0,0.0,5.7198258474798236e-83,183
I189486483,0.0011503067484662577,3.0,0.0,0.00028207403829650783,19
I189590672,0.0003834355828220859,1.0,0.0,5.2334760810610954e-05,12
I189712700,0.003834355828220859,10.0,5.206605152244665e-05,0.0032651128579259856,1
I189774192,0.0003834355828220859,1.0,0.0,0.00017712415477884812,1
I189977406,0.0026840490797546013,7.0,0.0,0.0009779907709533886,45
I19008122,0.0,0.0,0.0,1.2700564705436398e-98,184
I190082696,0.0011503067484662577,3.0,0.0,0.0005154217431863102,45
I190134885,0.0007668711656441718,2.0,0.0,8.205938860124658e-74,67
I190249584,0.0011503067484662577,3.0,0.0006083197432114106,1.310094605731076e-05,33
I190397597,0.0007668711656441718,2.0,0.0,8.205938860124658e-74,185
I190632392,0.0015337423312883436,4.0,0.0,0.00010314874632045248,29
I190765188,0.0003834355828220859,1.0,0.0,4.990422357983972e-76,96
I191208505,0.005751533742331288,16.0,8.077679495226283e-05,0.004515537183632403,45
I191240316,0.003067484662576687,8.0,0.0,0.0018810247411194434,45
I192454743,0.0,0.0,0.0,1.2700564705436398e-98,186
I192455969,0.012653374233128834,33.0,7.388430819436192e-05,0.016363819420199512,1
I192513696,0.0019171779141104294,5.0,0.0,1.737682453522356e-54,119
I192545095,0.0019171779141104294,6.0,0.0003040127923641164,0.00013057714743159291,5
I1925986,0.009202453987730062,24.0,0.0,0.0029277861221553396,19
I192619145,0.0023006134969325155,6.0,0.0,0.004710178426234674,19
I192756129,0.0007668711656441718,2.0,0.0,7.000943859733109e-05,23
I192878625,0.0,0.0,0.0,1.2700564705436398e-98,187
I193181351,0.006134969325153374,16.0,0.0001891803243049652,0.00046547723442115025,33
I193223587,0.006134969325153374,19.0,0.0009013883926700549,0.007628930607654117,32
I193260172,0.009202453987730062,24.0,0.0,0.0010648069641807938,14
I193374721,0.008819018404907975,31.0,5.553735508305668e-05,0.022741431524356114,1
I193524592,0.0003834355828220859,1.0,0.0,5.7198258474798236e-83,9
I193531525,0.01111963190184049,29.0,4.467286831191468e-05,0.005089153751211928,19
I193615760,0.0,0.0,0.0,1.2700564705436398e-98,188
I193662353,0.029524539877300613,78.0,0.001147612460506483,0.025745268880723593,12
I193700539,0.009585889570552147,25.0,3.0211444937621624e-05,0.003703762792509807,19
I193775966,0.004984662576687116,14.0,3.866970066395398e-05,0.0055118806617052395,1
I194019607,0.003067484662576687,12.0,0.0006459265045309933,0.00014915728388258576,29
I194028371,0.0011503067484662577,3.0,0.0,0.0005752234466576561,12
I194210350,0.0011503067484662577,3.0,0.0,0.00016313120829703433,32
I194450716,0.007285276073619632,19.0,0.0005619574692472473,0.007159950454833545,45
I194456095,0.0003834355828220859,1.0,0.0,5.7198258474798236e-83,189
I195373058,0.0007668711656441718,2.0,0.0,8.205938860124658e-74,111
I196272386,0.005751533742331288,25.0,0.00424947227968118,0.013257449126939954,57
I196345858,0.0007668711656441718,2.0,0.0,8.205938860124658e-74,111
I19648265,0.018404907975460124,48.0,0.0,0.0047963212852788996,14
I196551433,0.0,0.0,0.0,1.2700564705436398e-98,190
I196699116,0.0026840490797546013,7.0,1.0761297842916232e-05,0.002615734666437326,45
I196829312,0.003450920245398773,11.0,0.0011781033243718653,0.004528351940695665,45
I19700959,0.005368098159509203,15.0,0.002066273255545707,0.012089877773480969,1
I19716509,0.0019171779141104294,5.0,0.0,0.00042997283741989713,57
I197191942,0.0019171779141104294,5.0,0.0,0.002624613466692734,57
I197251160,0.013036809815950921,35.0,0.0006934786240913446,0.017903636681922137,1
I197323543,0.01687116564417178,72.0,0.004846938816115855,0.007745015974649078,40
I197347611,0.006134969325153374,16.0,0.0005607134404653379,0.0151209082563299,1
I197610006,0.004217791411042945,11.0,0.0,0.003667253745043098,19
I19820366,0.04946319018404908,230.0,0.031829395166142777,0.12273052369265844,45
I198357462,0.0003834355828220859,1.0,0.0,1.2479275773580823e-05,45
I19880235,0.0,0.0,0.0,1.2700564705436398e-98,191
I19894307,0.0019171779141104294,5.0,0.0012160511694564657,0.0009486086870078051,12
I19923696,0.0,0.0,0.0,1.2700564705436398e-98,192
I19926482,0.0011503067484662577,3.0,0.0,2.5759805555334265e-67,117
I199305430,0.004984662576687116,13.0,0.0,0.0033870788452566867,2
I199417121,0.0015337423312883436,7.0,0.0,5.9645905212960595e-05,2
I199688382,0.0007668711656441718,4.0,0.0,4.7956417039078454e-08,26
I199693650,0.0007668711656441718,2.0,0.0,2.360892197317106e-08,26
I199702508,0.0003834355828220859,1.0,0.0,5.7198258474798236e-83,135
I200166805,0.0019171779141104294,5.0,0.0,0.0007257927939279733,19
I200296433,0.009585889570552147,29.0,0.0017525868744453174,0.01036712660917668,2
I200314755,0.0003834355828220859,1.0,0.0,5.7198258474798236e-83,158
I200332995,0.004217791411042945,14.0,0.00012507618704714303,0.0040847218720496395,2
I200641316,0.0003834355828220859,1.0,0.0,0.00010928446555929534,71
I200650556,0.012653374233128834,33.0,0.0,0.004924198958860451,23
I200719446,0.007285276073619632,19.0,0.002187567175254222,0.0028461073196015168,5
I200745827,0.0011503067484662577,3.0,0.0,5.193733633348588e-08,5
I200769079,0.012269938650306749,40.0,0.008717825957800197,0.021350520933015434,45
I200777214,0.0003834355828220859,1.0,0.0,5.7198258474798236e-83,193
I200845125,0.0003834355828220859,1.0,0.0,4.613694425272646e-06,45
I200870766,0.0,0.0,0.0,1.2700564705436398e-98,194
I20089843,0.03565950920245399,127.0,0.011526524856642904,0.0995203762474673,1
I201118511,0.0019171779141104294,5.0,0.0036410937047731333,1.4674974022929542e-06,29
I20126385,0.012653374233128834,33.0,0.0,0.004924198958860451,23
I201384688,0.004601226993865031,24.0,0.001226252549232312,0.009860350717675914,6
I201448701,0.08550613496932516,283.0,0.09997433419326025,0.1650403028730676,1
I201537933,0.0015337423312883436,4.0,1.643365392685887e-05,5.019010203082808e-05,23
I201726411,0.0015337423312883436,4.0,0.0,0.000668171233609805,40
I20230540,0.0003834355828220859,1.0,0.0,5.7198258474798236e-83,112
I20231570,0.04486196319018405,177.0,0.052349791283780645,0.07652449379068518,45
I202391551,0.0015337423312883436,4.0,0.0,5.3438269627158917e-05,32
I202524275,0.0011503067484662577,3.0,0.0,0.0001325764179163712,57
I202697423,0.02338957055214724,65.0,0.007368871489427341,0.009394579293133634,23
I202735123,0.0011503067484662577,3.0,0.0,2.5759805555334265e-67,65
I202963720,0.003067484662576687,8.0,0.0006165757913059301,0.004050721463374373,2
I203238179,0.003834355828220859,10.0,0.0,0.0005389749392962388,42
I20382870,0.0003834355828220859,1.0,0.0,0.0002871039225561698,14
I203951103,0.006134969325153374,16.0,0.0054746617392225855,0.007800201424221387,71
I204136569,0.0015337423312883436,4.0,0.00011157446123417878,0.00014154879093329232,43
I204250578,0.0019171779141104294,5.0,3.404394178642839e-05,0.00048084105319376615,1
I204291657,0.0,0.0,0.0,1.2700564705436398e-98,195
I204308271,0.005751533742331288,15.0,0.0,0.012751291888783649,45
I204337017,0.008819018404907975,28.0,0.0010399398863326797,0.019589616772718463,6
I204465549,0.004217791411042945,11.0,0.0018285381578462265,0.0015334859113296235,19
I204512498,0.003834355828220859,15.0,7.90574269451337e-05,0.009806568384340832,45
I204593131,0.018404907975460124,48.0,0.0,0.0047963212852788996,14
I204722609,0.0003834355828220859,2.0,0.0,8.205938860124658e-74,97
I204730241,0.012653374233128834,35.0,0.0007145151579025984,0.014474688421530066,45
I204778367,0.023773006134969327,62.0,0.009633497871392008,0.005913292641960645,23
I204824540,0.003067484662576687,10.0,0.0008158770351051155,0.001976049346308771,42
I204831749,0.0007668711656441718,2.0,0.0,0.0002621116886397168,12
I20497027,0.0,0.0,0.0,1.2700564705436398e-98,196
I204983213,0.013036809815950921,54.0,0.008539696219015219,0.021919742600829115,45
I205023500,0.014187116564417178,42.0,0.0015417021197676633,0.020455342645661397,1
I205051169,0.012653374233128834,33.0,0.0,0.010028542835150357,19
I205237279,0.0003834355828220859,1.0,0.0,1.3022746769214225e-05,45
I205274468,0.012269938650306749,32.0,0.0006364262635561439,0.004707649183642092,19
I205349734,0.003834355828220859,10.0,0.0,2.090669679410992e-05,23
I205490536,0.0,0.0,0.0,1.2700564705436398e-98,197
I205640436,0.0,0.0,0.0,1.2700564705436398e-98,198
I205783295,0.03834355828220859,183.0,0.02952281959789393,0.2733859745924055,6
I205892228,0.0003834355828220859,1.0,0.0,7.64425216803026e-05,2
I206895457,0.0003834355828220859,1.0,0.0,1.8357356449978992e-07,33
I207623266,0.0011503067484662577,5.0,0.0,0.0006024447652380558,1
I207624831,0.0015337423312883436,4.0,0.0,5.3438269627158917e-05,32
I207789805,0.0011503067484662577,3.0,0.0,2.5759805555334265e-67,109
I210116565,0.003450920245398773,9.0,0.0,0.00018104309627811662,107
I21193070,0.005751533742331288,17.0,0.000824052189616761,0.005972313086138916,45
I212119943,0.0,0.0,0.0,1.2700564705436398e-98,199
I21250087,0.006134969325153374,16.0,0.00242974907104751,0.003653507047363266,32
I21370196,0.0023006134969325155,6.0,0.001823782595701521,2.1171282579514884e-08,29
I21449261,0.0003834355828220859,1.0,0.0,5.289684255998634e-05,43
I21450314,0.0,0.0,0.0,1.2700564705436398e-98,200
I216021267,0.0003834355828220859,1.0,0.0,8.697398333272641e-79,105
I217960723,0.0,0.0,0.0,1.2700564705436398e-98,201
I21851649,0.003834355828220859,10.0,0.0,2.090669679410992e-05,23
I219193219,0.0015337423312883436,4.0,0.0006083197432114106,0.0034733133273423134,1
I219774598,0.003450920245398773,9.0,0.0,0.00018104309627811662,107
I220619192,0.0011503067484662577,3.0,0.0,0.000456578610124874,1
I22128151,0.0,0.0,0.0,1.2700564705436398e-98,202
I22265921,0.009202453987730062,24.0,0.0,0.0010648069641807938,14
I22299242,0.0011503067484662577,3.0,2.444620416585937e-05,0.0004824158327849481,32
I223464139,0.0,0.0,0.0,1.2700564705436398e-98,203
I223471776,0.003450920245398773,9.0,0.0,0.00018104309627811662,107
I223532165,0.003450920245398773,9.0,0.004245883546186412,0.0007792971366611629,0
I223822909,0.02415644171779141,89.0,0.003732178691410268,0.010348344731469302,2
I22465464,0.0003834355828220859,1.0,0.0,0.0007472152356110726,1
I2250650973,0.0011503067484662577,3.0,0.0006083197432114106,0.0002011915880521377,45
I2250653659,0.02223926380368098,69.0,0.004146336229944603,0.03642996329437297,45
I2250955327,0.007668711656441718,23.0,0.0004423334651163338,0.011202746444466014,45
I2251586001,0.0007668711656441718,2.0,0.0,0.00037262589955287627,45
I2252078561,0.0015337423312883436,4.0,0.0,0.002353846533968645,1
I227306068,0.0003834355828220859,1.0,0.0,6.88124983106014e-05,14
I227486990,0.0,0.0,0.0,1.2700564705436398e-98,204
I227586296,0.005751533742331288,15.0,0.0,0.0022273403708356608,40
I2277624104,0.0007668711656441718,4.0,0.0,0.0006188432994711681,32
I23075662,0.0019171779141104294,11.0,0.0,6.379587757464094e-06,30
I232005693,0.0019171779141104294,5.0,0.0,5.26991589983453e-05,2
I232906412,0.0003834355828220859,2.0,0.0,0.00030738582120304564,6
I23574469,0.003450920245398773,13.0,3.529901798131976e-07,8.946417584739745e-06,33
I23923803,0.02914110429447853,77.0,0.0007266080445876204,0.02778137479896708,12
I23944027,0.0019171779141104294,5.0,0.0,0.00046779682334392134,42
I23946033,0.012653374233128834,33.0,0.0,0.004924198958860451,23
I24027795,0.018404907975460124,48.0,0.0,0.0047963212852788996,14
I240666556,0.0007668711656441718,2.0,0.0,0.00014007720898764613,6
I241749,0.0678680981595092,253.0,0.05061245379619897,0.20301503568080279,1
I24185976,0.016104294478527608,48.0,0.0037363176079673746,0.01650021605642184,45
I24201400,0.0023006134969325155,9.0,5.441931938786797e-06,0.0019623566034292794,45
I24407930,0.0011503067484662577,3.0,0.0,0.0004158315808817798,45
I244572783,0.026840490797546013,78.0,0.0013643118177673246,0.006106433402702111,14
I245308123,0.0015337423312883436,4.0,1.1766339327106587e-06,8.29932647470085e-70,205
I24571045,0.0007668711656441718,2.0,0.0,0.00011635636640148903,53
I24603500,0.003450920245398773,9.0,0.0021559659654712873,0.00720254676458219,95
I24676775,0.0019171779141104294,6.0,0.0011279058795949368,0.003735342180733833,12
I24943067,0.011886503067484663,42.0,0.0024474945317338724,0.027834773921018737,45
I25041050,0.0007668711656441718,2.0,0.0,8.205938860124658e-74,206
I25112270,0.0003834355828220859,1.0,0.0,5.7198258474798236e-83,207
I251738,0.0026840490797546013,7.0,0.0,1.2079113300617317e-05,5
I25217355,0.0007668711656441718,2.0,0.0,8.205938860124658e-74,208
I25254941,0.02223926380368098,58.0,0.0005959154237974122,0.02006338610895284,12
I25399158,0.0003834355828220859,1.0,0.0,5.7198258474798236e-83,209
I25399270,0.0011503067484662577,3.0,0.0,0.0013670506631216432,45
I254029264,0.0003834355828220859,1.0,0.0,0.00014501098797470893,2
I254421610,0.0003834355828220859,1.0,0.0,5.7198258474798236e-83,182
I254571519,0.0,0.0,0.0,1.2700564705436398e-98,210
I255234318,0.018404907975460124,48.0,0.0,0.0047963212852788996,14
I256606533,0.0015337423312883436,4.0,0.0,0.0007615090073688825,12
I25846049,0.019171779141104295,51.0,0.0021180924969537904,0.007010589743464388,14
I25871817,0.0019171779141104294,5.0,0.0,0.00046779682334392134,42
I258800397,0.0003834355828220859,1.0,0.0,0.001213328457063389,1
I2592186,0.0011503067484662577,3.0,0.0,0.003016124113943557,107
I25974101,0.003067484662576687,8.0,1.2398780065938565e-05,0.001201843123905518,2
I26072440,0.0023006134969325155,6.0,0.0,4.0701113259643916e-08,42
I26092322,0.0026840490797546013,9.0,0.0,0.005871205214100543,45
I2613432,0.020322085889570553,55.0,0.0008417730203666368,0.0049947246568712205,14
I26489229,0.0003834355828220859,1.0,0.0,0.00019562973761552406,45
I266678185,0.0,0.0,0.0,1.2700564705436398e-98,211
I26771391,0.003067484662576687,8.0,0.0006083197432114106,7.264475045391607e-05,29
I268303160,0.0007668711656441718,3.0,0.0006083197432114106,0.00024808908398578366,33
I268975460,0.0019171779141104294,5.0,0.0,0.00040787554109050626,12
I2699952,0.0,0.0,0.0,1.2700564705436398e-98,212
I27116053,0.01111963190184049,29.0,0.0,0.015747341110652888,1
I27357992,0.01035276073619632,31.0,0.001268145055672323,0.013430620219653827,45
I27429435,0.0011503067484662577,3.0,0.0,0.006779306923669072,6
I274587153,0.0026840490797546013,7.0,0.0,1.1921326301031191e-05,0
I2746051580,0.0023006134969325155,6.0,0.0,0.0014798988516230543,32
I27483092,0.0003834355828220859,1.0,0.0,5.7198258474798236e-83,55
I27570832,0.0003834355828220859,1.0,0.0,3.104329526841479e-07,1
I27577105,0.0003834355828220859,1.0,0.0,5.7198258474798236e-83,213
I27599042,0.0011503067484662577,3.0,0.0,9.621487637598043e-06,53
I277688954,0.0015337423312883436,4.0,7.700181944959456e-06,0.0005428447262547748,1
I27804330,0.018788343558282208,67.0,0.0021676142912164507,0.05584168607397773,1
I27837315,0.011503067484662576,30.0,0.007222971096775783,0.008188177902565503,53
I27878738,0.025690184049079755,72.0,0.0004346543609567432,0.005781232651544824,14
I27963644,0.0003834355828220859,1.0,0.0,5.704797995915521e-10,42
I2799299286,0.018021472392638037,64.0,0.0006292588886554871,0.03923772918401422,45
I2799346673,0.0003834355828220859,1.0,0.0,0.0010902637250261363,45
I2799376586,0.003067484662576687,8.0,0.0,0.0008499735755276987,40
I2799390153,0.012653374233128834,33.0,0.0,0.010028542835150357,19
I2799391451,0.0023006134969325155,6.0,0.0012160511694564657,0.0001909376489084554,19
I2799503643,0.01035276073619632,29.0,9.109457884405463e-06,0.02668109004157981,33
I2799504096,0.0,0.0,0.0,1.2700564705436398e-98,214
I2799732068,0.0007668711656441718,2.0,0.0,0.00016235247644944413,42
I2799771591,0.005368098159509203,14.0,0.0,0.007783171166462835,1
I2799798094,0.004984662576687116,13.0,0.0,0.001994260248269166,23
I2799804706,0.0003834355828220859,1.0,0.0,0.0008010499852456312,45
I2799810450,0.0023006134969325155,22.0,4.0373251816134474e-05,0.006470989387660309,1
I2799829267,0.0015337423312883436,4.0,0.0,7.807713694481807e-05,33
I2799853436,0.0015337423312883436,5.0,0.0,0.0010635303880206866,32
I2799856747,0.0007668711656441718,2.0,0.0,8.205938860124658e-74,73
I2799891827,0.0011503067484662577,3.0,0.0,0.0016195068811440834,1
I2799899409,0.005368098159509203,14.0,0.0,0.011525171007075369,1
I2799973717,0.016104294478527608,42.0,0.0,0.0177756490880467,12
I2799990285,0.0007668711656441718,2.0,0.0,8.205938860124658e-74,87
I2799997741,0.0011503067484662577,3.0,0.0,4.317339597426169e-06,143
I2800006345,0.0003834355828220859,1.0,0.0,0.00022068508912747526,1
I2800051377,0.0007668711656441718,2.0,0.0,0.000256923899431589,32
I2800139495,0.0011503067484662577,3.0,0.0,4.5506003107715936e-05,45
I2800154431,0.0007668711656441718,2.0,0.0,0.00022473944044907384,33
I2800188116,0.0011503067484662577,3.0,0.0,5.482243404767745e-05,29
I2800193586,0.0015337423312883436,4.0,0.0,0.001393247462126865,1
I2800214375,0.003450920245398773,9.0,0.0,0.0007094840184106885,33
I2800220363,0.01035276073619632,27.0,0.0,0.022534714426596162,1
I2800233941,0.0003834355828220859,2.0,0.0,1.2763344654375022e-06,45
I2800262456,0.016104294478527608,42.0,0.0,0.0177756490880467,12
I2800277294,0.0026840490797546013,7.0,0.0,0.004610514521198652,2
I2800288331,0.008819018404907975,23.0,0.0,0.00354636060167628,2
I2800289440,0.0019171779141104294,5.0,0.0,0.00017321081217903207,1
I2800370534,0.0019171779141104294,5.0,0.0,0.0015481080162525888,45
I2800372957,0.0023006134969325155,6.0,0.0,0.0007122318391037014,45
I2800393352,0.0007668711656441718,2.0,0.0,0.000447362704146298,45
I2800403580,0.0003834355828220859,1.0,0.0,0.0004376944528564726,1
I2800419323,0.0019171779141104294,5.0,0.0,0.0009181153539177823,107
I2800425969,0.0003834355828220859,1.0,0.0,0.0009974092833655844,1
I2800444561,0.0007668711656441718,2.0,0.0,0.0012149324766866558,6
I2800446032,0.003450920245398773,20.0,5.883169663553294e-08,0.013992858860048652,57
I2800479947,0.0015337423312883436,4.0,0.0,0.0044417286137606845,57
I2800516725,0.0019171779141104294,5.0,0.0,0.00022058300777066505,19
I2800540659,0.005368098159509203,14.0,0.0,0.007783171166462835,1
I2800548410,0.0019171779141104294,8.0,0.002301151898544535,0.00409024476906395,1
I2800555584,0.008819018404907975,23.0,0.0,0.00354636060167628,2
I2800556163,0.0011503067484662577,3.0,0.0,0.0029180864987674803,1
I2800562746,0.0019171779141104294,5.0,0.0,5.26991589983453e-05,2
I2800565835,0.01111963190184049,33.0,0.0,0.02172828386364791,1
I2800570007,0.004984662576687116,14.0,1.323713174299491e-06,0.003395388072532362,45
I28006308,0.0023006134969325155,6.0,0.0006083197432114106,0.004446087676595776,45
I2800639112,0.0015337423312883436,4.0,0.0,0.0005556198060374288,19
I2800717037,0.0015337423312883436,4.0,0.0,0.0008145141863505461,42
I2800722420,0.0011503067484662577,3.0,0.0,0.002657719628679068,57
I2800744764,0.0011503067484662577,3.0,0.0,5.7542088747755956e-06,32
I2800810863,0.0003834355828220859,1.0,0.0,0.0008376501863228695,45
I2800817003,0.009202453987730062,33.0,7.482761472432997e-05,0.02028598486799772,2
I2800906782,0.0019171779141104294,5.0,3.971139522898473e-06,0.0009520822241496676,43
I2800925808,0.003067484662576687,8.0,0.0,0.0008499735755276987,40
I2800935791,0.0003834355828220859,1.0,0.0,0.00013918198084132547,40
I2800982346,0.0026840490797546013,7.0,0.0,0.0010479628668956795,215
I2800982586,0.0,0.0,0.0,1.2700564705436398e-98,216
I2801004183,0.0007668711656441718,2.0,0.0,0.0009593170600744613,19
I2801043613,0.0003834355828220859,1.0,0.0,5.7198258474798236e-83,217
I2801051648,0.003450920245398773,9.0,0.0,0.0007729497588426943,2
I2801081054,0.013420245398773007,52.0,0.00020951648077531437,0.043701940725525926,1
I2801106189,0.009202453987730062,24.0,0.0,0.0010648069641807938,14
I2801112126,0.0003834355828220859,1.0,0.0,0.0002593803197007825,1
I2801151526,0.0007668711656441718,2.0,0.0,0.0005301890008473127,1
I2801155476,0.0003834355828220859,1.0,0.0,1.017866433026852e-06,29
I2801184099,0.0019171779141104294,5.0,0.0,0.00022058300777066505,19
I2801187875,0.0003834355828220859,1.0,0.0,0.00027933381437198515,1
I2801203836,0.0015337423312883436,4.0,0.0,0.001096402725108646,45
I2801204180,0.0011503067484662577,3.0,0.0,0.0007893446930722255,2
I2801220108,0.0011503067484662577,3.0,0.0,2.5759805555334265e-67,117
I2801228662,0.004601226993865031,16.0,3.8162627469143035e-05,0.001510093073782561,2
I2801239119,0.0026840490797546013,9.0,1.1327903111703685e-05,0.001283925891698776,42
I2801240073,0.005368098159509203,15.0,0.0001122604130874692,0.002455592693024177,19
I2801248553,0.005368098159509203,14.0,0.0,0.011525171007075369,1
I2801255070,0.0007668711656441718,2.0,0.0,0.0003984385296407621,1
I2801277386,0.0007668711656441718,2.0,0.0,0.0003624744412920464,45
I2801293044,0.0,0.0,0.0,1.2700564705436398e-98,218
I2801317318,0.003834355828220859,10.0,5.402710807696442e-06,0.008179099735269457,57
I2801331674,0.006134969325153374,16.0,0.0,0.0011472730561264595,2
I2801351171,0.0026840490797546013,7.0,0.0,0.0009779907709533886,45
I2801380234,0.0026840490797546013,8.0,0.00064531647586707,0.0004363834237065131,57
I2801395776,0.0015337423312883436,4.0,0.0,0.0005556198060374288,19
I2801452159,0.0011503067484662577,3.0,0.0,8.043141439731128e-67,219
I2801484278,0.0019171779141104294,5.0,0.0,1.794955303147076e-07,5
I2801498763,0.0003834355828220859,1.0,0.0,5.7198258474798236e-83,169
I2801502816,0.004601226993865031,12.0,0.0,0.029804740826813104,6
I2801544000,0.0003834355828220859,1.0,0.0,0.00016007772216989082,42
I2801556517,0.004601226993865031,12.0,0.0,0.002786541473259333,45
I2801652605,0.0007668711656441718,2.0,0.0,0.0024569602677507753,57
I2801652627,0.0019171779141104294,5.0,0.0,0.004955926485838728,1
I2801680663,0.0015337423312883436,4.0,0.0,2.820091872343423e-62,144
I2801699569,0.0003834355828220859,1.0,0.0,2.869169043006976e-06,23
I2801754460,0.0003834355828220859,1.0,0.0,5.7198258474798236e-83,164
I2801766991,0.0019171779141104294,5.0,0.0,0.002495168421769838,1
I2801798921,0.0015337423312883436,4.0,0.0,0.00015317011400806682,43
I2801809904,0.0026840490797546013,7.0,0.0,0.004610514521198652,2
I2801816099,0.0003834355828220859,1.0,0.0,5.7198258474798236e-83,70
I2801851002,0.03374233128834356,108.0,0.0060649545103789535,0.07988821592083277,1
I2801857525,0.0015337423312883436,4.0,0.0,0.001393247462126865,1
I2801887358,0.0026840490797546013,7.0,0.0,0.0021099016284048377,32
I2801914139,0.0003834355828220859,1.0,0.0,5.7198258474798236e-83,84
I2801919071,0.0023006134969325155,6.0,4.41748355923628e-05,0.0026380284787484508,1
I2801926401,0.0011503067484662577,3.0,0.0,1.4478851262138161e-05,14
I2801935854,0.0026840490797546013,7.0,0.0,0.0035832465366234774,1
I2801951336,0.0023006134969325155,6.0,0.0,0.007115253976316544,1
I2801970007,0.004601226993865031,12.0,0.0,0.0036873927521095984,33
I2801987317,0.0019171779141104294,5.0,0.0,0.00046779682334392134,42
I2802003475,0.004601226993865031,12.0,0.0,0.0013009640683068608,23
I2802007472,0.0003834355828220859,1.0,0.0,5.7198258474798236e-83,220
I2802015276,0.003067484662576687,8.0,0.0,0.0010487431582323658,19
I2802046543,0.0007668711656441718,2.0,0.0,0.0007450576322666259,2
I2802050225,0.004601226993865031,12.0,0.0,6.149245195329789e-07,5
I2802123492,0.0015337423312883436,4.0,0.0,0.004469402316715668,45
I2802127592,0.0,0.0,0.0,1.2700564705436398e-98,221
I2802164966,0.02070552147239264,78.0,0.0015449925651890815,0.007486034496342245,2
I2802181614,0.00843558282208589,22.0,0.0,0.002477267775174258,40
I2802194831,0.0007668711656441718,3.0,0.0,0.00039407883294216486,45
I2802203029,0.0026840490797546013,12.0,4.902641386294411e-08,0.007151011427504937,6
I2802212502,0.01035276073619632,27.0,0.0,0.022534714426596162,1
I28022161,0.004601226993865031,12.0,0.005453698278113903,5.7149068774437986e-05,30
I2802216851,0.006901840490797546,67.0,0.0005300200290431283,0.16299361268322712,6
I2802236040,0.0007668711656441718,2.0,0.0,6.569172771367967e-05,45
I2802266942,0.012653374233128834,33.0,0.0,0.010028542835150357,19
I2802285097,0.003067484662576687,8.0,0.0,0.0008499735755276987,40
I2802326326,0.0007668711656441718,2.0,0.0,1.1994087942728238e-05,42
I2802335433,0.003067484662576687,8.0,0.0,0.005890688075033327,57
I2802348842,0.0019171779141104294,5.0,0.0,9.384170185327812e-05,107
I2802350943,0.0,0.0,0.0,1.2700564705436398e-98,222
I2802355861,0.0003834355828220859,1.0,0.0,2.5680726157859406e-06,42
I2802384191,0.0007668711656441718,2.0,0.0,0.00016235247644944413,42
I2802394193,0.0019171779141104294,5.0,0.0,0.002624613466692734,57
I2802406489,0.0011503067484662577,6.0,0.0,0.004330343277189129,1
I2802416069,0.0019171779141104294,5.0,0.0,0.00022058300777066505,19
I2802423016,0.009969325153374233,42.0,0.004299953260551614,0.028954654464978108,57
I2802445252,0.0003834355828220859,1.0,0.0,6.901464272236497e-05,23
I2802481695,0.0026840490797546013,7.0,0.0,0.0010479628668956795,215
I2802488147,0.004217791411042945,11.0,0.0,0.003667253745043098,19
I2802517405,0.0015337423312883436,4.0,0.0,1.2674652871664222e-06,30
I2802519937,0.0015337423312883436,4.0,0.0,0.0001694557896126761,32
I2802534011,0.0023006134969325155,6.0,0.0,0.007115253976316544,1
I2802542264,0.0026840490797546013,7.0,7.015679823787302e-06,0.0031460129265709113,57
I2802554885,0.0003834355828220859,1.0,0.0,0.0030042023708536855,1
I2802557943,0.0003834355828220859,1.0,0.0,5.7198258474798236e-83,20
I2802567020,0.004984662576687116,13.0,0.0009279853854968406,0.005261004972346034,43
I2802576217,0.0003834355828220859,1.0,0.0,2.6573994146634585e-55,91
I2802619606,0.0003834355828220859,1.0,0.0,7.64425216803026e-05,2
I2802624667,0.0019171779141104294,7.0,9.805282772588822e-08,0.004235351882119534,45
I2802635041,0.0,0.0,0.0,1.2700564705436398e-98,223
I2802641067,0.009202453987730062,25.0,8.702188460672578e-06,0.011294367020759283,19
I2802656227,0.003450920245398773,9.0,0.0,0.00017609992575728288,33
I2802709434,0.0015337423312883436,4.0,0.0,0.00036815608269949804,43
I2802711169,0.003067484662576687,8.0,0.0,0.0010487431582323658,19
I2802730090,0.0007668711656441718,2.0,0.0,8.205938860124658e-74,224
I2802742124,0.0019171779141104294,5.0,0.0,0.0007257927939279733,19
I2802755631,0.0,0.0,0.0,1.2700564705436398e-98,225
I2802775644,0.012653374233128834,33.0,0.0,0.010028542835150357,19
I2802797706,0.018404907975460124,48.0,0.0,0.0047963212852788996,14
I2802821144,0.003450920245398773,9.0,0.0,0.0005475743339035292,2
I2802835388,0.003067484662576687,8.0,7.0499983134913625e-06,0.0004832024626705634,33
I2802865875,0.0007668711656441718,3.0,0.0,0.0003545752592527436,12
I2802916955,0.0015337423312883436,4.0,0.0,2.72860440115134e-05,43
I2802925319,0.0003834355828220859,1.0,0.0,0.0001083218903872707,40
I2802939634,0.0011503067484662577,3.0,0.0,6.760184121786348e-05,53
I2802950585,0.0,0.0,0.0,1.2700564705436398e-98,226
I2802952180,0.0,0.0,0.0,1.2700564705436398e-98,227
I2802957242,0.006901840490797546,34.0,5.6568310528860365e-06,0.011705803955778148,2
I2802960445,0.0026840490797546013,7.0,0.0,0.0010479628668956795,215
I2802965805,0.008819018404907975,23.0,0.0,0.00354636060167628,2
I2803026726,0.0026840490797546013,7.0,0.0,1.1921326301031191e-05,0
I2803044603,0.0019171779141104294,5.0,0.0,0.0031825698692430457,228
I2803058125,0.0015337423312883436,4.0,0.0,2.820091872343423e-62,144
I2803079837,0.0,0.0,0.0,1.2700564705436398e-98,229
I2803209242,0.004984662576687116,13.0,0.0,0.009688696964031483,1
I28046988,0.004601226993865031,12.0,0.0006083197432114106,0.0036679638080909854,19
I280994,0.0003834355828220859,1.0,0.0,5.7198258474798236e-83,140
I28166907,0.0026840490797546013,7.0,4.3354057779001464e-05,0.00023314682527329693,45
I28210344,0.0,0.0,0.0,1.2700564705436398e-98,230
I28221208,0.0015337423312883436,4.0,0.0,0.0001694557896126761,32
I28257850,0.004984662576687116,13.0,0.0,0.004733669988507977,2
I28290843,0.0026840490797546013,7.0,0.0018268222333610237,0.0006673402930242612,53
I28407311,0.03642638036809816,97.0,0.006186700268077528,0.015099539274040969,14
I28777354,0.0,0.0,0.0,1.2700564705436398e-98,231
I28813325,0.0007668711656441718,2.0,0.0,8.205938860124658e-74,163
I2883434090,0.0019171779141104294,5.0,0.0,1.737682453522356e-54,119
I28941729,0.0023006134969325155,6.0,0.0,4.502565129612757e-06,33
I2898391981,0.0015337423312883436,4.0,7.206128585331818e-05,0.0007872193443825893,32
I28992388,0.0,0.0,0.0,1.2700564705436398e-98,232
I29045822,0.003450920245398773,9.0,0.0,0.002630856249614999,19
I292141241,0.006518404907975461,18.0,0.0,0.005153563548927487,2
I29365675,0.0011503067484662577,3.0,0.0,4.133227726802838e-06,45
I29607241,0.006134969325153374,16.0,2.8312754005850225e-05,0.014262692271940157,1
I2961216182,0.010736196319018405,28.0,0.0030357155463934995,0.0035500019698253595,2
I29698356,0.0026840490797546013,7.0,0.0,8.742476001985751e-07,30
I29739308,0.0003834355828220859,1.0,0.0,5.7198258474798236e-83,233
I29770179,0.0003834355828220859,1.0,0.0,5.7198258474798236e-83,234
I29801172,0.0011503067484662577,3.0,0.0,4.6170120219252e-05,42
I29891158,0.0007668711656441718,2.0,0.0,1.4666199262568436e-06,29
I29894533,0.0007668711656441718,2.0,0.0,8.205938860124658e-74,173
I29955533,0.016104294478527608,54.0,0.00022773574673279578,0.03502630709738016,1
I3004594783,0.0007668711656441718,2.0,0.0,0.0008277083908152235,45
I3017417437,0.0003834355828220859,1.0,0.0,5.7198258474798236e-83,235
I3018134672,0.003834355828220859,10.0,8.3344903567005e-06,0.0008754868142304481,2
I3018263800,0.0011503067484662577,3.0,0.0,0.0010209910891228811,45
I3018323443,0.0015337423312883436,4.0,0.0,0.00026889800808838624,32
I3018771216,0.013803680981595092,47.0,0.0022458522937187936,0.00744036372737141,2
I3019177047,0.0,0.0,0.0,1.2700564705436398e-98,236
I3019308854,0.0019171779141104294,5.0,0.0,0.00017178844205075202,14
I3019415892,0.0003834355828220859,2.0,0.0,8.205938860124658e-74,237
I3019423309,0.0003834355828220859,1.0,0.0,1.5772964554242786e-05,32
I3019523068,0.0003834355828220859,1.0,0.0,0.001413976019665699,45
I3020192730,0.0011503067484662577,3.0,0.0,6.924553189655755e-05,14
I3045169105,0.006518404907975461,17.0,0.0011813334646680917,0.0042542392334248,53
I304852291,0.004601226993865031,12.0,0.0,6.149245195329789e-07,5
I30771326,0.0011503067484662577,3.0,0.0,0.001705067314966743,12
I30809798,0.013036809815950921,61.0,0.0014991751015104857,0.03997953913115805,57
I308136634,0.0,0.0,0.0,1.2700564705436398e-98,238
I308392441,0.0011503067484662577,3.0,0.0,0.00273573820786692,1
I308837,0.0003834355828220859,1.0,0.0,0.0002978390464543436,45
I31079310,0.0026840490797546013,7.0,0.0,1.6601912860760226e-06,26
I31151848,0.0015337423312883436,4.0,0.0,0.0019751723770757997,107
I3122748864,0.009969325153374233,28.0,1.7663771220147294e-05,0.001238912180557802,14
I3123915005,0.0003834355828220859,1.0,0.0,5.7198258474798236e-83,239
I3129555431,0.0007668711656441718,2.0,0.0,6.484303171119247e-06,33
I3130244785,0.0015337423312883436,11.0,0.0,2.0790399998495094e-43,35
I3130607311,0.0007668711656441718,2.0,0.0,8.205938860124658e-74,163
I3130638677,0.004601226993865031,12.0,0.0,0.0036505533343331857,32
I3130844761,0.0019171779141104294,5.0,0.0,0.00042997283741989713,57
I3130997290,0.0,0.0,0.0,1.2700564705436398e-98,240
I3131625388,0.0019171779141104294,6.0,0.0,0.004187782655230591,45
I3131779051,0.0007668711656441718,2.0,0.0,2.360892197317106e-08,26
I3131870445,0.0026840490797546013,7.0,0.0006083197432114106,4.070899750684841e-08,42
I3132121230,0.0,0.0,0.0,1.2700564705436398e-98,241
I3132180716,0.0015337423312883436,4.0,0.0,2.820091872343423e-62,113
I3132238960,0.0,0.0,0.0,1.2700564705436398e-98,242
I3132710747,0.0007668711656441718,2.0,0.0,5.314790768922189e-70,205
I3133035077,0.0007668711656441718,2.0,0.0,0.0001945346584215473,45
I3133055985,0.004217791411042945,11.0,0.0,0.009415670854269524,45
I3133171086,0.0,0.0,0.0,1.2700564705436398e-98,243
I3133184724,0.009202453987730062,24.0,0.0,0.0029277861221553396,19
I3143470655,0.0003834355828220859,1.0,0.0,0.0023125268698194847,1
I3148377317,0.0019171779141104294,5.0,0.0,1.794955303147076e-07,5
I31512782,0.004601226993865031,16.0,0.001348704738954798,0.0011256561072541266,32
I315704651,0.016104294478527608,42.0,0.0,0.0177756490880467,12
I31721044,0.0007668711656441718,2.0,0.0,0.00519129497993724,1
I31746571,0.02147239263803681,57.0,0.0008717687492873348,0.007477189773421016,14
I32003884,0.0,0.0,0.0,1.2700564705436398e-98,244
I32038505,0.0023006134969325155,6.0,0.0,0.0017263507470305878,45
I32389192,0.013420245398773007,35.0,0.000449871753777767,0.004955433555113047,23
I32394136,0.019555214723926382,51.0,0.0012629194009946164,0.004802871058333863,14
I32480017,0.0003834355828220859,1.0,0.0,2.8358248011244165e-06,32
I32574673,0.0015337423312883436,4.0,0.0,0.00016030521877445503,45
I32589535,0.0015337423312883436,4.0,0.0006083197432114106,7.004514124862252e-05,14
I32597200,0.0007668711656441718,2.0,0.0,8.112405190154032e-07,30
I32881790,0.003834355828220859,10.0,0.00020341059111735505,4.9147199358712016e-05,5
I32971472,0.02262269938650307,74.0,0.008434304109380182,0.05333101030084286,1
I33162209,0.0,0.0,0.0,1.2700564705436398e-98,245
I33213144,0.008819018404907975,23.0,0.004706116257874323,0.008823998789878553,42
I33256026,0.007285276073619632,22.0,0.001892545769440183,0.003796303752707114,32
I33552525,0.0003834355828220859,1.0,0.0,5.7198258474798236e-83,246
I33585257,0.0003834355828220859,1.0,0.0,5.7198258474798236e-83,247
I33800924,0.0011503067484662577,3.0,0.0,0.00013225657367804596,2
I33849332,0.0007668711656441718,2.0,0.0,6.670523722473872e-06,42
I33858575,0.017254601226993866,45.0,0.0006226284522859812,0.006140310250368613,23
I33926330,0.0007668711656441718,2.0,0.0,2.360892197317106e-08,26
I34002243,0.0003834355828220859,1.0,0.0,5.7198258474798236e-83,248
I34077533,0.0003834355828220859,1.0,0.0,0.0003251737194248343,6
I34352273,0.003067484662576687,8.0,0.0,0.005890688075033327,57
I34478861,0.0007668711656441718,2.0,0.0,1.2428682376432808e-08,30
I347237974,0.0003834355828220859,1.0,0.0,5.7198258474798236e-83,246
I34809795,0.0003834355828220859,1.0,0.0,5.7198258474798236e-83,249
I348769827,0.003067484662576687,8.0,0.0,0.003651553148602481,45
I35364215,0.0,0.0,0.0,1.2700564705436398e-98,250
I35440088,0.014570552147239265,39.0,0.00011726604585966234,0.019722139395873067,53
I35928602,0.004217791411042945,25.0,0.005156570895388168,0.0074254338798330774,45
I36194607,0.01035276073619632,27.0,0.0,0.022534714426596162,1
I36234482,0.03450920245398773,94.0,0.004609275162796677,0.0148174330945338,14
I36258959,0.02262269938650307,66.0,0.0022274137618795336,0.05834342006573688,1
I36399199,0.0026840490797546013,9.0,0.0006369752151960742,0.0003292421487853189,45
I36443711,0.0007668711656441718,2.0,0.0,2.4431448164476932e-06,32
I36721946,0.0015337423312883436,4.0,0.0,0.000668171233609805,40
I36788626,0.014570552147239265,41.0,0.0008907098177652794,0.028888354012719435,1
I368840534,0.0011503067484662577,3.0,0.0,0.00016914194021572406,107
I36893310,0.003450920245398773,9.0,0.0,0.00018104309627811662,107
I36909309,0.0,0.0,0.0,1.2700564705436398e-98,251
I37448385,0.0003834355828220859,1.0,0.0,5.7198258474798236e-83,78
I37461747,0.013036809815950921,37.0,0.002785445724406663,0.010676944555799154,45
I37696226,0.004601226993865031,12.0,0.0,0.0036873927521095984,33
I37796252,0.01035276073619632,32.0,0.004624515007368152,0.01361252509066089,45
I38706770,0.0011503067484662577,3.0,0.0,0.0001538424280030308,45
I38877650,0.004984662576687116,13.0,0.0,0.009367452025070501,57
I39063666,0.003067484662576687,8.0,0.0,9.261001533484326e-06,5
I3923682,0.004217791411042945,12.0,0.0,0.006086617782332796,45
I39343248,0.01687116564417178,63.0,0.012140644998815233,0.010858050128003626,2
I39422238,0.016487730061349695,44.0,0.004921334182376294,0.025797954269061486,1
I39470171,0.0,0.0,0.0,1.2700564705436398e-98,252
I39553462,0.0019171779141104294,5.0,0.0,1.737682453522356e-54,119
I39555362,0.0019171779141104294,5.0,1.1766339327106587e-06,0.000783403515654788,1
I39586589,0.027607361963190184,80.0,0.0023315246377506003,0.006109447749962598,14
I39587148,0.0,0.0,0.0,1.2700564705436398e-98,253
I39774598,0.0003834355828220859,1.0,0.0,0.00013936427233972627,45
I39804081,0.008052147239263804,22.0,0.0002628274530212087,0.011691561744694405,1
I39854758,0.00843558282208589,23.0,0.005105087844331353,0.0031689367663036193,107
I40120149,0.052147239263803685,166.0,0.04568619161936251,0.06750572445916088,19
I40246663,0.003450920245398773,9.0,0.0,0.0007729497588426943,2
I40347166,0.03144171779141104,106.0,0.003272507246426569,0.07674066050525272,1
I40434647,0.012653374233128834,33.0,0.0,0.004924198958860451,23
I40542001,0.0015337423312883436,4.0,0.0,2.820091872343423e-62,144
I40695006,0.008052147239263804,21.0,0.0,0.020721214811886435,1
I4092182,0.0019171779141104294,5.0,0.0006083197432114106,0.00012137069515742658,57
I41073452,0.0023006134969325155,6.0,0.0,4.502565129612757e-06,33
I41156924,0.009202453987730062,25.0,0.0007070589407313798,0.009213348266509606,53
I41173762,0.0011503067484662577,3.0,0.0,2.5759805555334265e-67,21
I41198531,0.003450920245398773,13.0,1.6178716574771557e-06,0.009544718691131316,45
I41341903,0.0003834355828220859,1.0,0.0,5.7198258474798236e-83,131
I41832843,0.0,0.0,0.0,1.2700564705436398e-98,254
I4210085920,0.0011503067484662577,5.0,0.0,0.0010405391192472462,45
I4210085968,0.0003834355828220859,1.0,0.0,5.7198258474798236e-83,129
I4210086035,0.0011503067484662577,3.0,0.0,2.5759805555334265e-67,117
I4210086143,0.0003834355828220859,1.0,0.0,0.0003697844666460887,45
I4210086490,0.0026840490797546013,7.0,0.0,0.004935338898971409,6
I4210086517,0.0,0.0,0.0,1.2700564705436398e-98,255
I4210086678,0.0003834355828220859,1.0,0.0,6.328118369716821e-05,45
I4210086892,0.0023006134969325155,6.0,0.000145373122386402,0.0021254475513788253,45
I4210086933,0.0015337423312883436,5.0,0.0,0.009400584379582536,6
I4210087039,0.004601226993865031,12.0,0.0,6.149245195329789e-07,5
I4210087053,0.006134969325153374,17.0,9.971505661495567e-06,0.005687040900512379,32
I4210087059,0.0023006134969325155,6.0,0.0026000459488284854,0.0002569265410170622,5
I4210087327,0.0019171779141104294,5.0,0.0,0.0014767372717115423,2
I4210087349,0.0003834355828220859,1.0,0.0,0.0002079711227991617,45
I4210087356,0.0015337423312883436,4.0,0.0,0.006518020674861624,57
I4210087400,0.003834355828220859,10.0,0.0,2.090669679410992e-05,23
I4210087436,0.0003834355828220859,1.0,0.0,5.7198258474798236e-83,248
I4210087454,0.0007668711656441718,2.0,0.0,8.205938860124658e-74,206
I4210087677,0.0015337423312883436,4.0,0.0,0.00030593112160632864,2
I4210087747,0.0003834355828220859,1.0,0.0,0.0007672249297024225,2
I4210087817,0.0007668711656441718,4.0,0.0,0.0001720890122301806,53
I4210087915,0.031058282208588958,149.0,0.020516153574133597,0.11952187680200704,57
I4210087936,0.012653374233128834,33.0,0.0,0.004924198958860451,23
I4210087940,0.0,0.0,0.0,1.2700564705436398e-98,256
I4210088053,0.006901840490797546,18.0,6.53364511891343e-05,0.0012456810620078186,2
I4210088080,0.0003834355828220859,1.0,0.0,5.7198258474798236e-83,209
I4210088164,0.0011503067484662577,3.0,0.0,0.0032285518835135016,45
I4210088273,0.004217791411042945,11.0,4.706535730842635e-06,0.005165632291051816,1
I4210088309,0.0003834355828220859,1.0,0.0,2.665840556959221e-05,45
I4210088407,0.003450920245398773,9.0,0.0,0.002630856249614999,19
I4210088711,0.003450920245398773,9.0,0.0,0.008290860244061105,57
I4210088910,0.0019171779141104294,7.0,0.0,0.0003318690514506083,14
I4210089003,0.0011503067484662577,3.0,0.0,2.302266014766635e-06,43
I4210089084,0.0003834355828220859,1.0,0.0,5.7198258474798236e-83,189
I4210089305,0.0,0.0,0.0,1.2700564705436398e-98,257
I4210089514,0.004217791411042945,13.0,8.017919798614064e-06,0.0012252177345898991,2
I4210089607,0.003067484662576687,9.0,0.00016080103445172947,0.00026625777871304576,23
I4210089621,0.0015337423312883436,4.0,0.0,0.0022166280977232145,45
I4210089629,0.0019171779141104294,5.0,0.0,0.00022058300777066505,19
I4210089692,0.0019171779141104294,5.0,0.0,0.0004656690534645813,2
I4210089761,0.007285276073619632,20.0,4.706535730842635e-06,0.006350330320952968,45
I4210089772,0.0019171779141104294,5.0,0.0,0.0002020810512366548,45
I4210089853,0.003834355828220859,10.0,0.0,0.0005389749392962388,42
I4210089985,0.0007668711656441718,2.0,2.206188623832485e-07,0.00046101602195738965,1
I4210090013,0.005751533742331288,18.0,0.0,0.038424138096903475,6
I4210090016,0.0,0.0,0.0,1.2700564705436398e-98,258
I4210090100,0.006134969325153374,16.0,0.0,0.0011472730561264595,2
I4210090176,0.01035276073619632,34.0,0.00043649196790456396,0.017391183667189652,45
I4210090236,0.0,0.0,0.0,1.2700564705436398e-98,259
I4210090238,0.0011503067484662577,3.0,0.0,4.317339597426169e-06,143
I4210090250,0.0019171779141104294,5.0,0.0,1.794955303147076e-07,5
I4210090317,0.0007668711656441718,2.0,0.0,1.866781022280518e-06,53
I4210090411,0.019171779141104295,59.0,0.00229000179831633,0.051562142853985256,1
I4210091137,0.0011503067484662577,3.0,0.0,0.001446614802864117,45
I4210091156,0.0015337423312883436,4.0,0.0,0.003642488502401773,45
I4210091207,0.0007668711656441718,2.0,0.0,0.0003964428722156809,45
I4210091234,0.0011503067484662577,3.0,0.0,4.6170120219252e-05,42
I4210091874,0.0003834355828220859,1.0,0.0,5.7198258474798236e-83,69
I4210091958,0.0007668711656441718,2.0,0.0,0.0005459819675039218,1
I4210092050,0.0003834355828220859,1.0,0.0,5.7198258474798236e-83,260
I4210092218,0.0007668711656441718,2.0,0.0,0.0017932742978826533,1
I4210092257,0.0011503067484662577,3.0,0.0,0.0010496024123948947,42
I4210092324,0.0,0.0,0.0,1.2700564705436398e-98,261
I4210092408,0.003450920245398773,9.0,0.0,0.006831331769706986,32
I4210092449,0.0007668711656441718,2.0,0.0,8.205938860124658e-74,206
I4210092658,0.013036809815950921,39.0,0.0,0.04450189684633981,1
I4210092744,0.016104294478527608,42.0,0.0,0.0177756490880467,12
I4210092774,0.0015337423312883436,4.0,0.0,0.0006059655204084809,45
I4210092841,0.0023006134969325155,6.0,0.0,0.003138977986916697,57
I4210092852,0.0011503067484662577,3.0,0.0,1.4478851262138161e-05,14
I4210092870,0.0019171779141104294,5.0,5.148473832950033e-05,0.0005024565011562068,53
I4210092922,0.006901840490797546,76.0,4.046217851487287e-06,0.18698870204076817,6
I4210092957,0.003067484662576687,8.0,0.0,0.0010487431582323658,19
I4210093006,0.003067484662576687,8.0,0.0,0.00012116786298277853,71
I4210093057,0.0003834355828220859,1.0,0.0,5.7198258474798236e-83,262
I4210093108,0.0007668711656441718,2.0,0.0,2.7135258206843103e-06,19
I4210093174,0.004601226993865031,12.0,0.0,0.007360253738674562,1
I4210093292,0.003067484662576687,8.0,0.0,9.261001533484326e-06,5
I4210093649,0.0007668711656441718,2.0,0.0,3.009249165088464e-10,29
I4210093665,0.0011503067484662577,3.0,0.0,0.0001325764179163712,57
I4210093674,0.0023006134969325155,6.0,1.0295546911218263e-06,0.0035946985399605462,45
I4210093787,0.0003834355828220859,1.0,0.0,0.0002508551864753275,1
I4210093889,0.0,0.0,0.0,1.2700564705436398e-98,263
I4210093896,0.003450920245398773,9.0,0.0007865470997411667,0.0009788836411689073,45
I4210093964,0.0011503067484662577,3.0,0.0,0.0014671503579749383,45
I4210093981,0.0011503067484662577,3.0,0.0,3.677564374688861e-05,45
I4210094062,0.006134969325153374,16.0,0.0,0.0011472730561264595,2
I4210094138,0.0019171779141104294,5.0,0.0006083197432114106,0.00010316872735988035,29
I4210094363,0.008819018404907975,23.0,0.0,0.00354636060167628,2
I4210094653,0.01035276073619632,27.0,0.0,0.022534714426596162,1
I4210094747,0.004601226993865031,12.0,0.0,0.0013009640683068608,23
I4210094798,0.0,0.0,0.0,1.2700564705436398e-98,264
I4210094879,0.015337423312883436,63.0,0.001195586143555392,0.04853333920371464,45
I4210094930,0.0019171779141104294,5.0,0.0,0.0002020810512366548,45
I4210094983,0.011886503067484663,31.0,0.0,0.03352164721257442,1
I4210095018,0.003450920245398773,9.0,0.0,0.005884504604587688,45
I4210095073,0.01035276073619632,27.0,0.0,0.022534714426596162,1
I4210095140,0.0026840490797546013,7.0,0.0,0.003902545876715302,40
I4210095221,0.003834355828220859,10.0,0.0,0.003458532669882158,57
I4210095248,0.0019171779141104294,5.0,0.0,0.00040787554109050626,12
I4210095297,0.0023006134969325155,8.0,0.00012946378579342947,0.0004781177299407818,42
I4210095445,0.0003834355828220859,1.0,0.0,0.0009974092833655844,1
I4210095594,0.012653374233128834,33.0,0.0,0.004924198958860451,23
I4210095597,0.0015337423312883436,4.0,0.0,1.2674652871664222e-06,30
I4210095624,0.008819018404907975,29.0,0.0002831741735164505,0.018141581252453957,45
I4210095825,0.0015337423312883436,4.0,0.0,1.3112107877137272e-54,119
I4210095851,0.0015337423312883436,4.0,0.0,0.00010641384494724763,95
I4210095915,0.0023006134969325155,6.0,0.0,1.3850883521588769e-05,107
I4210095925,0.0003834355828220859,1.0,0.0,0.002844310603268832,1
I4210096112,0.004217791411042945,11.0,3.0332642257003525e-05,0.0007325882320361904,33
I4210096162,0.0,0.0,0.0,1.2700564705436398e-98,265
I4210096250,0.0015337423312883436,10.0,2.8435320040507585e-06,0.004605385823587015,45
I4210096386,0.010736196319018405,38.0,4.157439895577661e-05,0.049840192067508664,6
I4210096394,0.004601226993865031,12.0,3.169954536732513e-05,0.001541132553046399,33
I4210096416,0.0,0.0,0.0,1.2700564705436398e-98,266
I4210096498,0.0015337423312883436,4.0,0.0,0.007251003703095858,6
I4210096815,0.005368098159509203,15.0,0.0,0.012459996252004193,45
I4210097105,0.0,0.0,0.0,1.2700564705436398e-98,267
I4210097159,0.010736196319018405,30.0,0.0003923023599578552,0.014081336777215583,45
I4210097178,0.00843558282208589,22.0,0.0,0.002477267775174258,40
I4210097354,0.0007668711656441718,2.0,0.0,0.00031432459048760553,45
I4210097846,0.0019171779141104294,5.0,0.0,5.269915899834529e-05,2
I4210097899,0.0023006134969325155,6.0,0.0,0.0036248981002245354,6
I4210098293,0.0007668711656441718,2.0,0.0,0.002387424330986126,6
I4210098320,0.005751533742331288,15.0,0.0,0.0022273403708356608,40
I4210098850,0.0007668711656441718,2.0,0.0,0.00018438074971037117,19
I4210098931,0.0023006134969325155,6.0,0.0,0.008866670722615957,1
I4210098941,0.0003834355828220859,1.0,0.0,5.7198258474798236e-83,213
I4210099079,0.0007668711656441718,2.0,0.0,0.0017445146593275283,45
I4210099137,0.006134969325153374,16.0,2.4894212204921223e-05,0.0048446827373345,19
I4210099236,0.0015337423312883436,8.0,0.0,0.003878219995157436,101
I4210099251,0.0007668711656441718,2.0,0.0,2.462383335346607e-08,42
I4210099312,0.0015337423312883436,5.0,0.0,0.005069185642617691,45
I4210099336,0.0007668711656441718,2.0,0.0,3.65947601847756e-06,5
I4210099339,0.0003834355828220859,1.0,0.0,5.7198258474798236e-83,136
I4210099443,0.003834355828220859,10.0,0.0,0.004857799344271922,1
I4210099586,0.0023006134969325155,8.0,3.996353107170844e-06,0.0030539787863153927,45
I4210099625,0.0015337423312883436,4.0,0.0,0.00036815608269949804,43
I4210099644,0.0,0.0,0.0,1.2700564705436398e-98,268
I4210099662,0.0011503067484662577,3.0,0.0,4.317339597426169e-06,143
I4210099699,0.0,0.0,0.0,1.2700564705436398e-98,269
I4210099842,0.0003834355828220859,1.0,0.0,6.0521688924735495e-05,2
I4210099977,0.016104294478527608,42.0,0.0,0.0177756490880467,12
I4210100043,0.0003834355828220859,1.0,0.0,5.7198258474798236e-83,138
I4210100188,0.006518404907975461,20.0,0.0013614389997670265,9.7413145418205e-06,5
I4210100200,0.0003834355828220859,1.0,0.0,5.7198258474798236e-83,270
I4210100202,0.0011503067484662577,3.0,0.0,0.0005825438510270023,1
I4210100255,0.023773006134969327,102.0,0.009487844348205854,0.07110061233610256,45
I4210100286,0.0011503067484662577,3.0,0.0,0.0030908148776357764,1
I4210100364,0.0,0.0,0.0,1.2700564705436398e-98,271
I4210100386,0.0,0.0,0.0,1.2700564705436398e-98,272
I4210100430,0.0003834355828220859,1.0,0.0,0.0006761194827831458,1
I4210100468,0.006134969325153374,16.0,0.0006640940592948049,0.005151738164595068,43
I4210100614,0.0003834355828220859,1.0,0.0,0.0002991971942183301,45
I4210100923,0.0015337423312883436,4.0,0.0006175040247417354,0.00034596513591376413,14
I4210101049,0.0011503067484662577,3.0,0.0,2.47838485741725e-06,32
I4210101093,0.0015337423312883436,4.0,8.82475449532994e-07,8.735898801674095e-67,219
I4210101190,0.005368098159509203,14.0,0.0,0.011525171007075369,1
I4210101680,0.0011503067484662577,3.0,0.0,2.0610984881777883e-64,149
I4210101739,0.004217791411042945,11.0,0.0,0.0016010713424336276,40
I4210101778,0.004601226993865031,12.0,0.0,0.009828506886275568,57
I4210101880,0.0003834355828220859,1.0,0.0,0.00016466332823383132,45
I4210101898,0.0023006134969325155,6.0,0.0,0.00240870885705667,1
I4210102012,0.003067484662576687,8.0,0.0,0.0010487431582323658,19
I4210102099,0.0011503067484662577,3.0,0.0,0.00011803367921320249,53
I4210102262,0.003834355828220859,10.0,0.0,0.004857799344271922,1
I4210102350,0.003834355828220859,10.0,0.0,2.090669679410992e-05,23
I4210102371,0.0019171779141104294,5.0,0.0,0.0014767372717115423,2
I4210102412,0.0,0.0,0.0,1.2700564705436398e-98,273
I4210102458,0.0019171779141104294,5.0,0.0,0.0028558003545917964,45
I4210102840,0.0003834355828220859,1.0,0.0,2.869169043006976e-06,23
I4210102999,0.016104294478527608,42.0,0.0,0.0177756490880467,12
I4210103279,0.0003834355828220859,1.0,0.0,4.640903136643451e-05,1
I4210103308,0.00843558282208589,22.0,0.0,0.002477267775174258,40
I4210103535,0.009969325153374233,26.0,0.0,0.013669965313575387,45
I4210103794,0.0026840490797546013,7.0,0.0,0.0010479628668956795,215
I4210103820,0.0007668711656441718,2.0,0.000233765295260597,0.0011718633846551467,53
I4210103957,0.003450920245398773,9.0,0.0,0.0018479082712799168,53
I4210103986,0.0019171779141104294,5.0,0.0006189094486058064,0.000929216862287691,45
I4210104064,0.0011503067484662577,3.0,0.0,6.760184121786348e-05,53
I4210104233,0.0007668711656441718,2.0,0.0,0.00027274622638315656,57
I4210104335,0.0003834355828220859,1.0,0.0,5.7198258474798236e-83,274
I4210104429,0.0026840490797546013,7.0,0.0,0.005493742339530855,32
I4210104473,0.0011503067484662577,3.0,0.0,2.302266014766635e-06,43
I4210104573,0.0,0.0,0.0,1.2700564705436398e-98,275
I4210104954,0.0015337423312883436,4.0,0.0,0.000801036124010911,45
I4210105015,0.0003834355828220859,2.0,0.0,0.006008404741707371,1
I4210105229,0.0003834355828220859,1.0,0.0,0.0007792913285166199,12
I4210105595,0.0023006134969325155,6.0,7.353962079441617e-07,0.001829959990172881,45
I4210105676,0.0,0.0,0.0,1.2700564705436398e-98,276
I4210105678,0.0023006134969325155,6.0,1.764950899065988e-06,0.0049463497238835885,1
I4210105785,0.0011503067484662577,3.0,0.0,0.0015462012843571484,1
I4210105806,0.0019171779141104294,5.0,0.0,0.0015481080162525888,45
I4210105838,0.0,0.0,0.0,1.2700564705436398e-98,277
I4210105839,0.0007668711656441718,2.0,0.0,5.314790768922189e-70,205
I4210105949,0.009969325153374233,26.0,0.0,0.013669965313575387,45
I4210105967,0.004601226993865031,12.0,0.0,0.028063941732932394,6
I4210105992,0.0015337423312883436,4.0,0.0,0.000668171233609805,40
I4210106036,0.00843558282208589,22.0,0.0,0.002477267775174258,40
I4210106108,0.0019171779141104294,5.0,0.0,0.002773317715981985,45
I4210106192,0.0003834355828220859,1.0,0.0,0.00017905688230780814,2
I4210106352,0.016104294478527608,42.0,0.0,0.0177756490880467,12
I4210106353,0.0,0.0,0.0,1.2700564705436398e-98,278
I4210106397,0.008819018404907975,23.0,0.0,0.00354636060167628,2
I4210106409,0.0003834355828220859,1.0,0.0,0.00016007772216989082,42
I4210106489,0.0011503067484662577,3.0,0.0,2.47838485741725e-06,32
I4210106490,0.003450920245398773,9.0,0.0,0.00018104309627811662,107
I4210106526,0.016104294478527608,42.0,0.0,0.0177756490880467,12
I4210107233,0.0011503067484662577,3.0,0.0,0.0034781163486788365,19
I4210107347,0.009585889570552147,37.0,4.0729636132292023e-07,0.004640486570671457,40
I4210107518,0.0011503067484662577,6.0,0.0,1.572563603031314e-54,91
I4210107668,0.009969325153374233,26.0,0.0,0.013669965313575387,45
I4210107720,0.0,0.0,0.0,1.2700564705436398e-98,279
I4210107755,0.01035276073619632,27.0,0.0,0.022534714426596162,1
I4210107779,0.003834355828220859,10.0,0.0,2.090669679410992e-05,23
I4210107865,0.0007668711656441718,2.0,0.0,0.00025871454919687597,45
I4210107997,0.0003834355828220859,1.0,0.0,5.7198258474798236e-83,166
I4210108087,0.0011503067484662577,3.0,0.0,2.11588631804676e-08,29
I4210108108,0.009969325153374233,48.0,8.143804666807261e-06,0.006136103705647482,40
I4210108537,0.0,0.0,0.0,1.2700564705436398e-98,280
I4210108625,0.005751533742331288,16.0,3.629588839653296e-06,0.007152427866344846,32
I4210108629,0.003450920245398773,9.0,0.0,0.005884504604587688,45
I4210108711,0.0026840490797546013,8.0,5.863068833869485e-05,0.002084142757801071,12
I4210108778,0.009585889570552147,41.0,0.00195601215663283,0.0028022586829011976,2
I4210108887,0.0019171779141104294,5.0,0.0,0.0002020810512366548,45
I4210108985,0.003067484662576687,8.0,0.0,0.007475814157611648,45
I4210108999,0.01111963190184049,29.0,0.0,0.015747341110652888,1
I4210109141,0.0023006134969325155,6.0,0.0,1.3850883521588769e-05,107
I4210109259,0.006901840490797546,77.0,4.046217851487287e-06,0.18940481052107508,6
I4210109289,0.0011503067484662577,3.0,0.0,9.621487637598044e-06,53
I4210109302,0.0003834355828220859,1.0,0.0,6.722625998895849e-05,14
I4210109390,0.003834355828220859,12.0,0.0,0.009030436605835907,32
I4210109586,0.004217791411042945,11.0,0.0008631380311507672,0.0033652571991800895,1
I4210109712,0.0023006134969325155,6.0,0.0,0.002903727852185344,1
I4210109911,0.0015337423312883436,4.0,0.0,0.0018530204735414133,1
I4210109935,0.0003834355828220859,1.0,0.0,5.7198258474798236e-83,24
I4210109969,0.0011503067484662577,3.0,0.0,0.0003001170819083186,1
I4210110037,0.0003834355828220859,1.0,0.0,0.00015856016207601897,32
I4210110242,0.0011503067484662577,3.0,0.0,0.0003529230390543561,45
I4210110431,0.013420245398773007,36.0,9.1259167519166e-07,0.03515103021461234,1
I4210110442,0.0003834355828220859,2.0,0.0,8.205938860124658e-74,281
I4210110458,0.0011503067484662577,3.0,0.0,0.0020007609533247823,45
I4210110459,0.0007668711656441718,2.0,0.0,1.866781022280518e-06,53
I4210110490,0.011886503067484663,48.0,7.844226218071059e-07,0.042666362700305084,1
I4210110652,0.0007668711656441718,2.0,0.0,0.0003557976916115022,23
I4210110916,0.0003834355828220859,1.0,0.0,5.7198258474798236e-83,282
I4210110940,0.0003834355828220859,1.0,0.0,0.0006400853334420795,40
I4210110987,0.0015337423312883436,4.0,0.0,0.003600706337152665,43
I4210111013,0.0026840490797546013,7.0,0.0,0.00029580968596520533,33
I4210111135,0.013036809815950921,36.0,8.012083320773238e-06,0.01130779811312409,19
I4210111179,0.0007668711656441718,2.0,0.0,0.00011635636640148903,53
I4210111288,0.0011503067484662577,3.0,0.0,0.00043748494669154056,101
I4210111325,0.0015337423312883436,4.0,0.0,0.0003228679335452784,19
I4210111408,0.0011503067484662577,3.0,0.0,8.043141439731127e-67,283
I4210111460,0.008819018404907975,44.0,9.491324017928898e-05,0.0034462908892729615,2
I4210111472,0.0,0.0,0.0,1.2700564705436398e-98,284
I4210111488,0.0011503067484662577,3.0,0.0,0.0004843577294878122,5
I4210111616,0.0015337423312883436,4.0,0.0,0.00016030521877445503,45
I4210112065,0.003834355828220859,10.0,0.0,0.003458532669882158,57
I4210112079,0.009969325153374233,26.0,0.0,0.013669965313575387,45
I4210112150,0.008819018404907975,46.0,0.0018754074094992012,0.038423728528282346,45
I4210112252,0.0026840490797546013,7.0,0.0,0.0009779907709533886,45
I4210112286,0.0019171779141104294,5.0,0.0,0.006837925444081651,1
I4210112335,0.0007668711656441718,2.0,0.0,7.616699945906292e-05,12
I4210112527,0.0003834355828220859,1.0,0.0,2.2326526335485544e-05,43
I4210112646,0.0015337423312883436,4.0,0.0,0.00026889800808838624,32
I4210112727,0.0015337423312883436,4.0,0.0,0.00026889800808838624,32
I4210112872,0.0015337423312883436,4.0,0.0,0.00013506417698164132,2
I4210112925,0.0,0.0,0.0,1.2700564705436398e-98,285
I4210113003,0.00843558282208589,22.0,0.0,0.002477267775174258,40
I4210113179,0.012653374233128834,33.0,0.0,0.004924198958860451,23
I4210113254,0.007668711656441718,48.0,2.83210418043842e-05,0.0157885576783787,2
I4210113297,0.014570552147239265,39.0,1.029904879792276e-05,0.03665611849403549,1
I4210113369,0.026073619631901843,85.0,0.012001610652416008,0.06731994982390967,45
I4210113480,0.020322085889570553,58.0,0.0024666081615972893,0.04709295157238725,1
I4210113520,0.0026840490797546013,9.0,0.0006021914414785425,0.0047721300757194015,1
I4210113795,0.003067484662576687,8.0,0.0,0.0018808316703175668,2
I4210113907,0.0,0.0,0.0,1.2700564705436398e-98,286
I4210114105,0.0026840490797546013,8.0,0.0,0.006546586796364187,45
I4210114115,0.003450920245398773,9.0,0.0006083197432114106,0.0010489462633725365,19
I4210114157,0.0011503067484662577,3.0,0.0,0.0008120556088142922,1
I4210114190,0.004601226993865031,12.0,0.0,0.002786541473259333,45
I4210114248,0.008819018404907975,23.0,0.0,0.00354636060167628,2
I4210114274,0.0007668711656441718,2.0,0.0,0.0001608132091063757,32
I4210114277,0.0007668711656441718,2.0,0.0,0.00011617404506993146,1
I4210114312,0.004984662576687116,13.0,0.0,0.009688696964031483,1
I4210114319,0.0019171779141104294,5.0,0.0,0.00039891572929388674,32
I4210114444,0.0011503067484662577,3.0,0.0,0.00043748494669154056,101
I4210114445,0.009585889570552147,88.0,0.004669810959279673,0.18886513592827722,6
I4210114487,0.0003834355828220859,1.0,0.0,5.7198258474798236e-83,249
I4210114522,0.003067484662576687,8.0,0.00014623703783640107,0.0016592781040476847,32
I4210114813,0.0003834355828220859,1.0,0.0,5.7198258474798236e-83,287
I4210115081,0.0026840490797546013,7.0,0.0,0.005450883208202738,57
I4210115082,0.004217791411042945,11.0,0.0,0.00229866289394511,19
I4210115097,0.004217791411042945,11.0,0.0,0.00229866289394511,19
I4210115146,0.0015337423312883436,4.0,0.0,2.820091872343423e-62,94
I4210115256,0.004217791411042945,11.0,0.0036410937047731333,0.0009192637338306176,107
I4210115326,0.0003834355828220859,1.0,0.0,5.7198258474798236e-83,157
I4210115556,0.0011503067484662577,3.0,0.0,0.0003464415880678912,45
I4210116219,0.005368098159509203,14.0,0.0,0.010382267395351391,45
I4210116231,0.0,0.0,0.0,1.2700564705436398e-98,288
I4210116369,0.0003834355828220859,1.0,0.0,0.0003888802061690533,1
I4210116402,0.0007668711656441718,2.0,0.0,0.0007546838761350149,57
I4210116466,0.0011503067484662577,3.0,0.0,7.178578640076452e-66,51
I4210116486,0.0007668711656441718,2.0,0.0,8.205938860124658e-74,87
I4210116615,0.0003834355828220859,1.0,0.0,5.7198258474798236e-83,183
I4210116649,0.0003834355828220859,1.0,0.0,5.7198258474798236e-83,289
I4210116730,0.0015337423312883436,4.0,0.0,0.00012134720261219878,57
I4210116741,0.0007668711656441718,2.0,0.0,8.205938860124658e-74,208
I4210116917,0.018021472392638037,64.0,0.0006292588886554871,0.03923772918401422,45
I4210116924,0.006134969325153374,19.0,0.0007389470824576037,0.004391729614175686,45
I4210117092,0.0019171779141104294,5.0,0.0,1.794955303147076e-07,5
I4210117172,0.0015337423312883436,4.0,0.0,0.0016935539204110763,33
I4210117307,0.0007668711656441718,2.0,0.0,6.484303171119247e-06,33
I4210117425,0.0007668711656441718,4.0,0.0,0.003634706071316547,1
I4210117450,0.0003834355828220859,2.0,0.0,0.00027836396168265094,40
I4210117453,0.003067484662576687,8.0,0.0,0.005890688075033327,57
I4210117485,0.003067484662576687,8.0,0.0,0.005530291211076858,45
I4210117555,0.016104294478527608,42.0,0.0,0.0177756490880467,12
I4210117750,0.0007668711656441718,2.0,0.0,0.000165116558304451,2
I4210118181,0.0007668711656441718,2.0,0.0,8.205938860124658e-74,73
I4210118328,0.0003834355828220859,1.0,0.0,5.7198258474798236e-83,115
I4210118442,0.0019171779141104294,5.0,0.0,0.0006492181818902968,12
I4210118560,0.003450920245398773,9.0,0.0,0.006831331769706986,32
I4210118691,0.0026840490797546013,7.0,0.0,0.003809352648021465,6
I4210118727,0.004217791411042945,11.0,0.0,0.003667253745043098,19
I4210118728,0.0011503067484662577,4.0,0.0,0.0008876370772615861,45
I4210118729,0.0019171779141104294,5.0,0.0,5.70645008886004e-05,30
I4210118731,0.0003834355828220859,1.0,0.0,7.890240320664763e-73,52
I4210118911,0.0,0.0,0.0,1.2700564705436398e-98,290
I4210118951,0.0007668711656441718,2.0,0.0,0.00011635636640148903,53
I4210119046,0.0026840490797546013,7.0,0.0,0.005493742339530855,32
I4210119109,0.012269938650306749,33.0,0.0008852756935501149,0.01598136918139855,1
I4210119117,0.008819018404907975,23.0,0.0,0.00354636060167628,2
I4210119234,0.003067484662576687,8.0,0.0,0.0018808316703175668,2
I4210119607,0.0019171779141104294,5.0,0.0,0.0002242740458195444,43
I4210119896,0.009202453987730062,26.0,0.0,0.0036046866831313303,19
I4210119942,0.0,0.0,0.0,1.2700564705436398e-98,291
I4210119991,0.0003834355828220859,1.0,0.0,5.7198258474798236e-83,235
I4210120068,0.004601226993865031,12.0,0.0,0.007360253738674562,1
I4210120221,0.003450920245398773,9.0,0.0,0.006831331769706986,32
I4210120242,0.0003834355828220859,2.0,0.0,8.205938860124658e-74,281
I4210120363,0.0003834355828220859,1.0,0.0,0.0003697844666460887,45
I4210120373,0.0011503067484662577,3.0,0.0,0.00012718703348649557,42
I4210120471,0.0007668711656441718,2.0,0.0,0.0011662149521345785,1
I4210120477,0.0003834355828220859,1.0,0.0,0.0009974092833655844,1
I4210120485,0.003450920245398773,9.0,0.0,0.005884504604587688,45
I4210120508,0.0026840490797546013,7.0,0.0,0.00029580968596520533,33
I4210120602,0.0003834355828220859,1.0,0.0,5.7198258474798236e-83,292
I4210120624,0.0015337423312883436,5.0,0.0,0.0007349045921423743,19
I4210120689,0.004217791411042945,11.0,2.521358427237125e-07,0.0009188499985981286,2
I4210120897,0.0,0.0,0.0,1.2700564705436398e-98,293
I4210120900,0.0026840490797546013,7.0,0.0,0.0035832465366234774,1
I4210121067,0.0007668711656441718,2.0,0.0,0.00018438074971037117,19
I4210121083,0.003450920245398773,9.0,0.0,0.002630856249614999,19
I4210121117,0.009969325153374233,38.0,0.0006087270395727334,0.004641372943929338,40
I4210121272,0.0007668711656441718,2.0,0.0,8.205938860124658e-74,224
I4210121447,0.003834355828220859,10.0,0.0,0.003458532669882158,57
I4210121505,0.0003834355828220859,1.0,0.0,5.7198258474798236e-83,294
I4210121589,0.0,0.0,0.0,1.2700564705436398e-98,295
I4210121647,0.0003834355828220859,1.0,0.0,5.7198258474798236e-83,296
I4210121771,0.0007668711656441718,2.0,0.0,0.0003525187518350611,57
I4210121786,0.0015337423312883436,4.0,2.2870822067063426e-06,0.0007607264520774843,1
I4210121800,0.0011503067484662577,3.0,0.0,0.0030908148776357764,1
I4210121988,0.011886503067484663,48.0,7.844226218071059e-07,0.042666362700305084,1
I4210122016,0.0011503067484662577,3.0,0.0,0.0028251866082132037,45
I4210122116,0.0015337423312883436,4.0,0.0,0.0006059655204084809,45
I4210122158,0.0,0.0,0.0,1.2700564705436398e-98,297
I4210122262,0.0007668711656441718,4.0,0.0,0.00013793161760327502,32
I4210122302,0.006901840490797546,44.0,0.0,0.04163339499849622,45
I4210122441,0.0,0.0,0.0,1.2700564705436398e-98,298
I4210122543,0.0007668711656441718,2.0,0.0,6.459322124574224e-05,53
I4210122818,0.004984662576687116,13.0,0.0,0.0033870788452566867,2
I4210122844,0.016104294478527608,42.0,0.0,0.0177756490880467,12
I4210122849,0.0015337423312883436,4.0,0.0,7.807713694481807e-05,33
I4210122929,0.0019171779141104294,5.0,0.0,0.0031825698692430457,228
I4210122954,0.0011503067484662577,4.0,0.0,0.00021976919176379983,107
I4210123017,0.0003834355828220859,1.0,0.0,0.00015369291060152282,6
I4210123126,0.0003834355828220859,1.0,0.0,1.700369560607419e-06,57
I4210123185,0.0019171779141104294,5.0,0.0006083197432114106,0.0018321793339263167,45
I4210123352,0.0011503067484662577,4.0,4.6884565264763935e-06,0.00046061324850937434,32
I4210123447,0.0011503067484662577,3.0,0.0,7.178578640076452e-66,51
I4210123621,0.0003834355828220859,1.0,0.0,5.7198258474798236e-83,165
I4210123992,0.0026840490797546013,7.0,0.0,0.0010479628668956795,215
I4210124037,0.0015337423312883436,4.0,0.0,0.00015159053072776166,45
I4210124208,0.0026840490797546013,7.0,0.0,7.263068542226182e-05,29
I4210124246,0.0007668711656441718,2.0,0.0,8.205938860124658e-74,118
I4210124714,0.00843558282208589,22.0,0.0,0.0024772677751742586,40
I4210124949,0.0023006134969325155,6.0,0.00024147119695384052,0.0026095648206504412,1
I4210125013,0.0011503067484662577,12.0,0.0,0.0010988709736668985,43
I4210125092,0.006518404907975461,20.0,0.0013614389997670265,9.7413145418205e-06,5
I4210125099,0.003067484662576687,8.0,2.1494580592196496e-05,0.00042258432823299476,33
I4210125143,0.0019171779141104294,7.0,0.0,0.0017339166783925807,45
I4210125326,0.012653374233128834,57.0,7.252217148892516e-05,0.014518809816870265,40
I4210125364,0.006518404907975461,20.0,0.0013614389997670265,9.7413145418205e-06,5
I4210125787,0.0007668711656441718,2.0,0.0,0.0012044855591863159,1
I4210125838,0.0011503067484662577,3.0,0.0,0.0003804472351194002,45
I4210125878,0.003067484662576687,8.0,0.00028313629477526336,0.0039508461623955085,45
I4210126298,0.008819018404907975,36.0,8.383516770563442e-06,0.009804195234435726,2
I4210126310,0.005368098159509203,14.0,2.9625961520036224e-05,0.003806531962504049,2
I4210126319,0.014187116564417178,48.0,0.0012254658751319463,0.026220109487766232,45
I4210126452,0.012653374233128834,33.0,0.0,0.010028542835150357,19
I4210126461,0.004601226993865031,12.0,0.0,0.0006526373298583613,53
I4210126476,0.003450920245398773,15.0,2.9415848317766467e-07,0.011673752896634908,1
I4210126499,0.0007668711656441718,2.0,0.0,0.000809686959404998,45
I4210126580,0.0019171779141104294,5.0,0.0001118643856179774,0.0003556378416860383,23
I4210126670,0.0011503067484662577,3.0,0.0,0.0006479633556471158,19
I4210126829,0.003067484662576687,8.0,0.0,0.00012116786298277853,71
I4210126926,0.0003834355828220859,1.0,0.0,7.174036751423516e-07,45
I4210126929,0.0003834355828220859,1.0,0.0,0.0001790428761129833,57
I4210127055,0.009202453987730062,26.0,4.530040640936036e-06,0.027910384684256936,45
I4210127304,0.010736196319018405,30.0,0.0003923023599578552,0.014081336777215583,45
I4210127308,0.0003834355828220859,1.0,0.0,4.990422357983972e-76,96
I4210127509,0.004601226993865031,27.0,0.000694602029346146,0.009237504703133859,40
I4210127558,0.0011503067484662577,4.0,0.0,0.0011777590376734304,12
I4210127591,0.0015337423312883436,4.0,0.0,0.00012134720261219878,57
I4210127611,0.003834355828220859,10.0,0.0,0.003458532669882158,57
I4210127646,0.005751533742331288,15.0,0.0,0.006991032421422786,32
I4210127693,0.004601226993865031,12.0,0.0,0.009828506886275568,57
I4210127738,0.0007668711656441718,2.0,0.0,1.3481464949885664e-05,12
I4210127871,0.012653374233128834,33.0,0.0,0.004924198958860451,23
I4210127875,0.018788343558282208,54.0,0.003182223746990387,0.04766428951168491,1
I4210128032,0.0007668711656441718,2.0,0.0,2.341377754378472e-06,45
I4210128154,0.0007668711656441718,2.0,0.0,0.000959317060074461,19
I4210128276,0.004217791411042945,11.0,0.0,0.00026699652987936036,43
I4210128333,0.0003834355828220859,1.0,0.0,5.7198258474798236e-83,287
I4210128483,0.0007668711656441718,2.0,0.0,0.0009471442665146189,19
I4210128584,0.009969325153374233,27.0,0.000811496174837791,0.011001125813956318,42
I4210128585,0.0019171779141104294,5.0,0.0001702535605036187,0.0016568910617366967,45
I4210128628,0.0003834355828220859,1.0,0.0,4.1600859133752646e-05,45
I4210128801,0.0015337423312883436,4.0,1.1472180843928923e-05,0.0032926596375117225,1
I4210128818,0.003450920245398773,12.0,1.2942973259817247e-06,0.0113503342908767,45
I4210128910,0.007668711656441718,25.0,5.2795208004990075e-05,0.013067555146953352,45
I4210129011,0.0015337423312883436,4.0,0.0,0.00012134720261219878,57
I4210129183,0.0023006134969325155,6.0,4.501091710845532e-06,0.0005523896308858388,2
I4210129199,0.0026840490797546013,7.0,0.0,0.0009779907709533886,45
I4210129200,0.0015337423312883436,4.0,0.0,0.0003228679335452784,19
I4210129357,0.004601226993865031,12.0,0.0,6.149245195329788e-07,5
I4210129365,0.003834355828220859,10.0,0.0,2.090669679410992e-05,23
I4210129376,0.0007668711656441718,2.0,0.0,8.205938860124658e-74,124
I4210129405,0.0007668711656441718,2.0,0.0,8.205938860124658e-74,63
I4210129883,0.0015337423312883436,4.0,0.0,0.00013506417698164132,2
I4210129924,0.0011503067484662577,3.0,0.0,0.00029956295343486693,42
I4210130112,0.0,0.0,0.0,1.2700564705436398e-98,299
I4210130157,0.0011503067484662577,3.0,0.0,0.00025973528562277183,32
I4210130318,0.0,0.0,0.0,1.2700564705436398e-98,300
I4210130461,0.003450920245398773,9.0,0.0,0.002630856249614999,19
I4210130642,0.0011503067484662577,3.0,0.0,0.00013408388414813145,2
I4210131058,0.0011503067484662577,3.0,0.0,5.482243404767745e-05,29
I4210131147,0.0003834355828220859,1.0,0.0,5.7198258474798236e-83,301
I4210131167,0.0007668711656441718,2.0,0.0,8.205938860124658e-74,208
I4210131232,0.0003834355828220859,1.0,0.0,5.7198258474798236e-83,260
I4210131271,0.0003834355828220859,1.0,0.0,5.7198258474798236e-83,302
I4210131376,0.0023006134969325155,6.0,0.0,0.004646016123497788,2
I4210131377,0.003450920245398773,9.0,0.0,0.00017609992575728288,33
I4210131439,0.0007668711656441718,2.0,0.0,0.0008177956313725488,1
I4210131537,0.018404907975460124,48.0,0.0,0.0047963212852788996,14
I4210131846,0.0011503067484662577,3.0,0.0,0.0004100923227968156,45
I4210131893,0.0007668711656441718,2.0,0.0,0.0003525187518350611,57
I4210131964,0.0007668711656441718,2.0,0.0,5.314790768922189e-70,205
I4210132327,0.0019171779141104294,5.0,0.0,0.00215546609657955,1
I4210132454,0.0003834355828220859,1.0,0.0,4.990422357983972e-76,96
I4210132580,0.0003834355828220859,1.0,0.0,5.7198258474798236e-83,303
I4210132595,0.0,0.0,0.0,1.2700564705436398e-98,304
I4210132596,0.010736196319018405,29.0,0.0,0.02512046269820057,1
I4210132604,0.0023006134969325155,6.0,0.0,1.3850883521588769e-05,107
I4210132741,0.004601226993865031,12.0,0.0,0.002786541473259333,45
I4210132906,0.004601226993865031,12.0,0.0,0.002786541473259333,45
I4210133362,0.005751533742331288,15.0,0.0,0.006991032421422786,32
I4210133369,0.0015337423312883436,4.0,0.0,0.003930414426879155,45
I4210133505,0.0007668711656441718,2.0,0.0,0.002217931284276806,45
I4210133785,0.003067484662576687,8.0,0.0,0.006806073476968764,45
I4210134189,0.009202453987730062,24.0,0.0,0.0010648069641807938,14
I4210134201,0.0007668711656441718,2.0,0.0,8.205938860124658e-74,185
I4210134249,0.0007668711656441718,2.0,0.0,3.009249165088464e-10,29
I4210134421,0.0003834355828220859,1.0,0.0,0.00010477883206503724,14
I4210134505,0.012653374233128834,33.0,0.0,0.004924198958860451,23
I4210134579,0.013420245398773007,37.0,7.452014907167506e-07,0.04181060830741076,1
I4210134591,0.0019171779141104294,5.0,0.0,0.0002242740458195444,43
I4210134754,0.0011503067484662577,3.0,0.0,4.1469290366330214e-08,107
I4210134769,0.005368098159509203,14.0,0.0,0.008821412629455605,57
I4210134973,0.005368098159509203,14.0,0.0,0.007783171166462835,1
I4210135132,0.0003834355828220859,1.0,0.0,5.7198258474798236e-83,233
I4210135161,0.0026840490797546013,7.0,0.0,7.263068542226182e-05,29
I4210135175,0.0011503067484662577,3.0,0.0,0.0020772638253834883,45
I4210135293,0.0003834355828220859,1.0,0.0,5.7198258474798236e-83,125
I4210135422,0.0015337423312883436,4.0,0.0,0.0038775562520760726,45
I4210135439,0.0007668711656441718,2.0,0.0,2.186724586710827e-05,42
I4210135459,0.008819018404907975,49.0,0.0004380985274068079,0.03541373095481525,57
I4210135670,0.01572085889570552,42.0,0.00040567248260165524,0.034835877481202766,1
I4210135742,0.003834355828220859,10.0,0.0,0.003458532669882158,57
I4210136115,0.0,0.0,0.0,1.2700564705436398e-98,305
I4210136188,0.003450920245398773,9.0,0.0,0.0007094840184106885,33
I4210136238,0.0,0.0,0.0,1.2700564705436398e-98,306
I4210136246,0.0011503067484662577,3.0,0.0,0.00255631800791991,45
I4210136249,0.0003834355828220859,1.0,0.0,5.7198258474798236e-83,282
I4210136294,0.0026840490797546013,7.0,0.0,0.002259019751884993,1
I4210136376,0.0011503067484662577,3.0,0.0,5.2672152006760335e-05,1
I4210136457,0.0011503067484662577,3.0,0.0,3.551669020533122e-05,23
I4210136497,0.005368098159509203,14.0,0.0,0.006813744305421019,45
I4210136522,0.003834355828220859,10.0,0.0,2.090669679410992e-05,23
I4210136752,0.0015337423312883436,4.0,0.0,0.0002667186065884528,45
I4210136793,0.018788343558282208,78.0,0.01361166715132739,0.032393888051985384,45
I4210137199,0.0023006134969325155,15.0,2.9415848317766467e-07,0.018026587314661616,45
I4210137306,0.028374233128834355,100.0,0.007614767309620539,0.08388786594253983,1
I4210137309,0.016104294478527608,42.0,0.0,0.0177756490880467,12
I4210137409,0.004601226993865031,12.0,0.0,0.0013009640683068608,23
I4210137491,0.0019171779141104294,5.0,8.82475449532994e-07,0.0014472221500426128,45
I4210137766,0.004984662576687116,13.0,0.0,0.005675950601834522,57
I4210137813,0.012653374233128834,33.0,0.0,0.004924198958860451,23
I4210137873,0.0023006134969325155,9.0,0.0,0.00045610501245967375,33
I4210137904,0.0,0.0,0.0,1.2700564705436398e-98,307
I4210138199,0.01035276073619632,27.0,0.0,0.022534714426596162,1
I4210138501,0.0011503067484662577,3.0,0.0,3.677564374688861e-05,45
I4210138519,0.004217791411042945,12.0,1.1246659340159377e-05,0.006025933646607525,53
I4210138632,0.0011503067484662577,4.0,0.0,0.003646365079382493,1
I4210138654,0.004217791411042945,11.0,0.0,0.00026699652987936036,43
I4210139217,0.003450920245398773,9.0,0.0,0.006831331769706986,32
I4210139231,0.003067484662576687,8.0,0.0,0.0016823353354419716,1
I4210139347,0.016104294478527608,42.0,0.0,0.0177756490880467,12
I4210139483,0.0011503067484662577,3.0,0.0,0.00016313120829703433,32
I4210139618,0.0003834355828220859,1.0,0.0,6.0784089911259074e-05,45
I4210139777,0.0015337423312883436,4.0,0.0,0.00040535528425564375,2
I4210140114,0.012653374233128834,33.0,0.0,0.010028542835150357,19
I4210140243,0.005368098159509203,14.0,0.0,0.010382267395351391,45
I4210140258,0.0003834355828220859,1.0,0.0,5.7198258474798236e-83,308
I4210140326,0.0015337423312883436,5.0,0.0,0.0024536421863967416,1
I4210140341,0.008052147239263804,29.0,0.007090182463425445,0.03215914373055743,1
I4210140379,0.0011503067484662577,3.0,0.0,0.0004131173790551141,45
I4210140380,0.01111963190184049,29.0,0.0,0.015747341110652888,1
I4210140515,0.0007668711656441718,2.0,0.0,2.201201459115713e-05,45
I4210140856,0.004601226993865031,12.0,0.0,6.149245195329788e-07,5
I4210140884,0.0023006134969325155,6.0,0.0018231942787351656,0.0001719575804872368,32
I4210141030,0.0015337423312883436,4.0,0.0,0.0032087173555675657,57
I4210141097,0.0007668711656441718,2.0,0.0,0.00037262589955287627,45
I4210141176,0.0007668711656441718,2.0,0.0,0.0005444301689547364,45
I4210141205,0.003450920245398773,9.0,0.0,0.00017609992575728288,33
I4210141454,0.0019171779141104294,5.0,0.0,0.0006492181818902968,12
I4210141558,0.0026840490797546013,7.0,0.0,0.0010479628668956795,215
I4210141667,0.0011503067484662577,3.0,0.0,2.5759805555334265e-67,109
I4210141689,0.0,0.0,0.0,1.2700564705436398e-98,309
I4210141715,0.016104294478527608,42.0,0.0,0.0177756490880467,12
I4210141865,0.0003834355828220859,1.0,0.0,5.7198258474798236e-83,90
I4210141868,0.0007668711656441718,2.0,0.0,8.205938860124658e-74,63
I4210141898,0.004601226993865031,12.0,0.0,6.149245195329788e-07,5
I4210141933,0.0011503067484662577,3.0,0.0,0.0003804472351194002,45
I4210141942,0.0007668711656441718,2.0,0.0,0.0014465224465208002,45
I4210142044,0.0007668711656441718,2.0,0.0,0.0002232349196287158,45
I4210142079,0.0003834355828220859,1.0,0.0,5.7198258474798236e-83,59
I4210142109,0.0019171779141104294,5.0,0.0,0.0050849929533518575,2
I4210142152,0.0007668711656441718,2.0,0.0006083197432114106,5.1191530891922436e-05,45
I4210142254,0.0019171779141104294,5.0,0.0,0.0002753717659273774,32
I4210142362,0.0003834355828220859,1.0,0.0,5.7198258474798236e-83,310
I4210142372,0.004217791411042945,11.0,0.0,0.011950921998828636,1
I4210142395,0.003067484662576687,8.0,0.0,0.0034736260469681738,6
I4210142478,0.0003834355828220859,1.0,0.0,0.0008376501863228695,45
I4210142583,0.0011503067484662577,3.0,8.812497891864207e-06,0.00013839956964288637,33
I4210142635,0.0015337423312883436,8.0,0.0,0.008423404384758774,45
I4210142730,0.003450920245398773,9.0,0.0,0.002630856249614999,19
I4210143258,0.0,0.0,0.0,1.2700564705436398e-98,311
I4210143330,0.008819018404907975,23.0,0.0,0.00354636060167628,2
I4210143387,0.0003834355828220859,1.0,0.0,5.7198258474798236e-83,128
I4210143602,0.0003834355828220859,1.0,0.0,8.816197203448026e-05,101
I4210143931,0.0003834355828220859,1.0,0.0,5.7198258474798236e-83,217
I4210144143,0.0003834355828220859,1.0,0.0,5.7198258474798236e-83,270
I4210144215,0.0011503067484662577,3.0,0.0,0.0004291890307703317,1
I4210144394,0.0015337423312883436,4.0,0.0,5.343826962715892e-05,32
I4210144446,0.0003834355828220859,1.0,0.0,5.7198258474798236e-83,207
I4210144566,0.0023006134969325155,6.0,0.0,0.0019241914171712507,1
I4210144576,0.0,0.0,0.0,1.2700564705436398e-98,312
I4210144697,0.003450920245398773,9.0,0.0,0.00017609992575728288,33
I4210144755,0.0003834355828220859,1.0,0.0,0.0007868498159001726,12
I4210144804,0.0011503067484662577,3.0,0.0,5.2672152006760335e-05,1
I4210144839,0.0026840490797546013,8.0,0.002376917650758609,0.0009759442670922275,14
I4210144850,0.0007668711656441718,2.0,0.0,5.314790768922189e-70,205
I4210144925,0.0,0.0,0.0,1.2700564705436398e-98,313
I4210145006,0.0015337423312883436,8.0,0.0,0.0004798960380106481,40
I4210145102,0.012269938650306749,32.0,6.741412057091174e-05,0.016041424742826462,1
I4210145203,0.0011503067484662577,3.0,0.0,0.00027980770360471906,45
I4210145292,0.003450920245398773,9.0,0.0,0.0018479082712799168,53
I4210145378,0.0015337423312883436,4.0,0.0,0.0031625026590207236,2
I4210145543,0.0026840490797546013,7.0,0.0,1.1921326301031191e-05,0
I4210145583,0.0011503067484662577,3.0,0.0,0.0030908148776357764,1
I4210145659,0.0011503067484662577,3.0,0.0,2.5759805555334265e-67,109
I4210145679,0.0023006134969325155,6.0,0.0,0.003138977986916697,57
I4210145761,0.012269938650306749,52.0,0.0010509673275651368,0.035523466132513185,45
I4210145812,0.0019171779141104294,5.0,0.0,0.004456587405485391,1
I4210145858,0.0007668711656441718,2.0,0.0,8.205938860124658e-74,124
I4210145865,0.0003834355828220859,1.0,0.0,1.4697876992926427e-05,19
I4210145924,0.0019171779141104294,5.0,0.0,0.00017178844205075202,14
I4210146275,0.0,0.0,0.0,1.2700564705436398e-98,314
I4210146410,0.0023006134969325155,6.0,0.0,0.00393947781515878,45
I4210146430,0.003834355828220859,10.0,0.0,0.0005389749392962388,42
I4210146508,0.0003834355828220859,1.0,0.0,5.7198258474798236e-83,262
I4210146690,0.004601226993865031,13.0,2.611006726872224e-06,0.003691052947634202,45
I4210146710,0.008052147239263804,37.0,7.138829506228744e-06,0.028925960055572873,57
I4210146975,0.0007668711656441718,2.0,0.0,0.0012452223316584297,19
I4210146979,0.003067484662576687,14.0,0.0,0.006564589142033104,6
I4210147079,0.0015337423312883436,4.0,0.0,0.0032087173555675657,57
I4210147194,0.0007668711656441718,2.0,0.0,3.4834516313030564e-05,101
I4210147263,0.011886503067484663,48.0,7.844226218071059e-07,0.04266636270030508,1
I4210147381,0.0019171779141104294,5.0,0.0,0.002051240317667849,19
I4210147433,0.0015337423312883436,4.0,0.0,0.00046920000481763297,2
I4210147442,0.004601226993865031,12.0,0.0,6.149245195329788e-07,5
I4210147875,0.0011503067484662577,3.0,0.0,2.210829890866204e-05,19
I4210147944,0.003067484662576687,8.0,0.0,0.0016823353354419716,1
I4210147955,0.0011503067484662577,3.0,0.0,2.5759805555334265e-67,21
I4210148186,0.0007668711656441718,2.0,0.0,0.001999911521267491,1
I4210148356,0.0007668711656441718,2.0,0.0,0.000812985436189511,12
I4210148469,0.0003834355828220859,1.0,0.0,2.8358248011244165e-06,32
I4210148560,0.0015337423312883436,4.0,0.0,0.00015317011400806682,43
I4210148693,0.0011503067484662577,6.0,0.0,1.572563603031314e-54,91
I4210148918,0.0007668711656441718,2.0,0.0,8.205938860124658e-74,224
I4210149102,0.0026840490797546013,7.0,0.001246874075852098,0.002452593767351741,45
I4210149146,0.0011503067484662577,3.0,0.0,0.00011803367921320249,53
I4210149618,0.0007668711656441718,2.0,0.0,0.0030247427954064234,45
I4210149664,0.0,0.0,0.0,1.2700564705436398e-98,315
I4210149682,0.008052147239263804,21.0,0.0,0.020721214811886435,1
I4210149713,0.0011503067484662577,3.0,0.0,1.0753794849679753e-59,316
I4210149717,0.003450920245398773,10.0,1.7414182204117753e-05,0.002250658317129654,32
I4210149735,0.0003834355828220859,1.0,0.0,3.4757354230815365e-06,33
I4210149747,0.0007668711656441718,2.0,0.0,0.00011562266828864919,2
I4210149944,0.0003834355828220859,1.0,0.0,5.7198258474798236e-83,7
I4210150093,0.004984662576687116,13.0,0.0,0.004733669988507977,2
I4210150261,0.0011503067484662577,3.0,0.0,0.0019006450025740593,45
I4210150290,0.0019171779141104294,5.0,0.0,0.002051240317667849,19
I4210150297,0.0007668711656441718,2.0,0.0,1.2428682376432808e-08,30
I4210150323,0.0003834355828220859,1.0,0.0,5.7198258474798236e-83,10
I4210150358,0.0011503067484662577,3.0,0.0,5.2672152006760335e-05,1
I4210150450,0.004601226993865031,12.0,0.0,0.0006526373298583613,53
I4210150574,0.02914110429447853,83.0,0.00033014756385177233,0.03752503630488832,19
I4210150771,0.0003834355828220859,1.0,0.0,0.0003251737194248343,6
I4210150976,0.0011503067484662577,5.0,0.0,1.6653152173939784e-59,316
I4210151020,0.0011503067484662577,5.0,0.0,1.6653152173939784e-59,316
I4210151021,0.006901840490797546,18.0,0.0007149518611330365,0.010559842445501164,45
I4210151091,0.008819018404907975,23.0,0.0,0.00354636060167628,2
I4210151290,0.012653374233128834,33.0,0.0,0.004924198958860451,23
I4210151342,0.00843558282208589,22.0,0.006056723168628116,0.0013038531794071378,23
I4210151375,0.0007668711656441718,2.0,0.0,8.205938860124658e-74,317
I4210151378,0.0015337423312883436,4.0,0.0,2.1813654672728093e-05,29
I4210151458,0.0019171779141104294,6.0,3.356698481727603e-05,0.0021369917038561053,1
I4210151618,0.0011503067484662577,3.0,0.0,0.0014355152523160108,19
I4210151627,0.0007668711656441718,2.0,0.0,0.0026649851657148233,1
I4210151799,0.0,0.0,0.0,1.2700564705436398e-98,318
I4210151833,0.0015337423312883436,5.0,1.4707924158883233e-07,0.0018651530306682215,12
I4210151850,0.0019171779141104294,5.0,0.0,0.004834888644443971,1
I4210151975,0.0003834355828220859,1.0,0.0,1.2479275773580823e-05,45
I4210152024,0.0003834355828220859,1.0,0.0,5.7198258474798236e-83,81
I4210152047,0.003834355828220859,10.0,0.0,0.012979870390382479,1
I4210152127,0.0023006134969325155,6.0,0.0,0.0017263507470305878,45
I4210152177,0.0011503067484662577,6.0,0.0,0.012984206601999967,1
I4210152232,0.0019171779141104294,5.0,0.0,0.00017321081217903207,1
I4210152380,0.0011503067484662577,3.0,0.0,4.133227726802838e-06,45
I4210152428,0.0,0.0,0.0,1.2700564705436398e-98,319
I4210152471,0.0015337423312883436,4.0,0.0,0.000668171233609805,40
I4210152474,0.0015337423312883436,4.0,0.0,0.00475122349665529,45
I4210152536,0.0019171779141104294,5.0,0.0,0.00017321081217903207,1
I4210152718,0.0023006134969325155,6.0,0.0,4.0701113259643916e-08,42
I4210152736,0.0019171779141104294,5.0,0.0,5.269915899834529e-05,2
I4210152903,0.0003834355828220859,1.0,0.0,4.0685576442379345e-06,33
I4210153031,0.004601226993865031,12.0,0.0,0.0013009640683068608,23
I4210153043,0.006901840490797546,23.0,0.00010166117178620102,0.007449469761437249,2
I4210153126,0.010736196319018405,28.0,0.0016173227166890924,0.0037553847001655766,2
I4210153139,0.008819018404907975,23.0,0.0,0.00354636060167628,2
I4210153211,0.0026840490797546013,7.0,0.0,1.1921326301031191e-05,0
I4210153248,0.0007668711656441718,2.0,0.0,2.341377754378472e-06,45
I4210153274,0.0015337423312883436,4.0,0.0,2.820091872343423e-62,49
I4210153373,0.0015337423312883436,4.0,0.0,2.820091872343423e-62,144
I4210153468,0.006518404907975461,19.0,0.0007505729180032203,0.010000594072408983,1
I4210153546,0.012269938650306749,37.0,0.0,0.040808151741746186,1
I4210153550,0.0019171779141104294,5.0,0.0,0.0015481080162525888,45
I4210153682,0.0023006134969325155,6.0,0.0,0.004621748807055697,45
I4210153742,0.0003834355828220859,1.0,0.0,0.0009458750954727679,19
I4210153755,0.0,0.0,0.0,1.2700564705436398e-98,320
I4210153776,0.0003834355828220859,1.0,0.0,5.7198258474798236e-83,50
I4210153777,0.0003834355828220859,1.0,0.0,0.0004503567945554582,32
I4210153792,0.01111963190184049,29.0,0.0,0.015747341110652888,1
I4210154111,0.0019171779141104294,5.0,0.0,0.0005988155055995015,107
I4210154218,0.0026840490797546013,7.0,0.0012160511694564657,5.708692047921772e-05,30
I4210154224,0.0003834355828220859,1.0,0.0,0.0001918085826351701,45
I4210154361,0.004601226993865031,12.0,0.0,0.002786541473259333,45
I4210154505,0.0023006134969325155,7.0,9.315018633959381e-07,0.0034226525992043537,45
I4210154606,0.0003834355828220859,1.0,0.0,5.7198258474798236e-83,302
I4210154887,0.0003834355828220859,1.0,0.0,1.3362893777686571e-06,14
I4210155085,0.0,0.0,0.0,1.2700564705436398e-98,321
I4210155092,0.011503067484662576,30.0,0.0006083197432114106,0.015750390532432396,1
I4210155236,0.0011503067484662577,3.0,0.0,0.00031381856667901024,32
I4210155268,0.009585889570552147,26.0,0.0017419723601067002,0.008476836699757481,1
I4210155320,0.0003834355828220859,1.0,0.0,5.7198258474798236e-83,234
I4210155350,0.0015337423312883436,4.0,0.0,0.0008121173796820956,45
I4210155399,0.0003834355828220859,1.0,0.0,7.766859467181845e-06,5
I4210155410,0.0007668711656441718,2.0,0.0,1.2820426515062862e-05,45
I4210155419,0.014187116564417178,38.0,3.971139522898473e-06,0.038441377676483215,1
I4210155527,0.0007668711656441718,2.0,0.0,2.360892197317106e-08,26
I4210155576,0.009969325153374233,26.0,0.0,0.013669965313575387,45
I4210155582,0.003067484662576687,9.0,2.598399934736038e-06,0.004542089266312927,1
I4210155607,0.0015337423312883436,4.0,0.0,0.00019323800362660873,32
I4210155611,0.0003834355828220859,1.0,0.0,4.196328307688971e-06,143
I4210155647,0.0011503067484662577,3.0,0.0,2.47838485741725e-06,32
I4210155937,0.003834355828220859,10.0,0.0,0.0005389749392962388,42
I4210156054,0.0011503067484662577,3.0,0.0,2.11588631804676e-08,29
I4210156156,0.0019171779141104294,5.0,0.0,1.794955303147076e-07,5
I4210156165,0.0019171779141104294,5.0,0.0,0.0002020810512366548,45
I4210156221,0.004601226993865031,14.0,0.0018740427242504626,0.006589716273463923,14
I4210156301,0.0,0.0,0.0,1.2700564705436398e-98,322
I4210156404,0.0007668711656441718,4.0,0.0,0.006356341137816296,45
I4210156450,0.008819018404907975,23.0,0.0,0.00354636060167628,2
I4210156583,0.0026840490797546013,7.0,0.0004118828092773889,0.004456820927395176,1
I4210156643,0.005368098159509203,14.0,0.00021344247779505826,0.004228139374765155,2
I4210156804,0.004601226993865031,12.0,0.0,0.002786541473259333,45
I4210156806,0.0003834355828220859,2.0,0.0,1.1187879750511918e-05,32
I4210157222,0.0019171779141104294,5.0,0.0,0.004834888644443971,1
I4210157426,0.003067484662576687,9.0,3.1254338837626864e-05,2.3289153443603537e-05,5
I4210157642,0.0011503067484662577,3.0,0.0,0.0001630769845324798,45
I4210157730,0.00843558282208589,22.0,0.0,0.0024772677751742586,40
I4210157781,0.009969325153374233,52.0,0.0009596198063832391,0.03640799348111817,57
I4210157861,0.0026840490797546013,7.0,0.0,0.005450883208202738,57
I4210157875,0.0015337423312883436,4.0,0.0,0.00015317011400806682,43
I4210157890,0.0011503067484662577,3.0,7.461820189940095e-06,0.000477321298797855,1
I4210157948,0.003450920245398773,9.0,0.0,0.00017609992575728288,33
I4210158057,0.0015337423312883436,4.0,8.82475449532994e-07,8.735898801674091e-67,283
I4210158342,0.0003834355828220859,1.0,0.0,0.002844310603268832,1
I4210158702,0.0007668711656441718,2.0,0.0,0.00023714396855927943,32
I4210159102,0.006518404907975461,21.0,0.0,0.014507157284076986,45
I4210159238,0.0,0.0,0.0,1.2700564705436398e-98,323
I4210159271,0.0007668711656441718,2.0,0.0,0.00017964096235669898,1
I4210159553,0.0,0.0,0.0,1.2700564705436398e-98,324
I4210159575,0.003450920245398773,9.0,0.0,0.0007094840184106885,33
I4210159778,0.0003834355828220859,1.0,0.0,5.036616882430297e-05,57
I4210159865,0.0011503067484662577,3.0,0.0,0.0001538424280030308,45
I4210159937,0.0011503067484662577,3.0,0.0,0.0007885995033923373,32
I4210159968,0.003834355828220859,11.0,0.0010523139883970186,0.00023611433219631754,5
I4210160017,0.0,0.0,0.0,1.2700564705436398e-98,325
I4210160189,0.0019171779141104294,5.0,0.0,0.0002753717659273774,32
I4210160192,0.004217791411042945,11.0,0.0,0.00229866289394511,19
I4210160376,0.003834355828220859,10.0,0.0,0.0005389749392962388,42
I4210160517,0.004601226993865031,12.0,0.0,0.0006526373298583613,53
I4210160793,0.0011503067484662577,3.0,0.0,0.0033689241549495494,45
I4210160970,0.0007668711656441718,2.0,0.0,8.205938860124658e-74,118
I4210161109,0.003067484662576687,8.0,0.0,0.005530291211076858,45
I4210161256,0.0026840490797546013,7.0,0.0,0.004610514521198652,2
I4210161436,0.012653374233128834,33.0,0.0,0.004924198958860451,23
I4210161460,0.003450920245398773,9.0,0.0012160511694564657,0.0042892837358942905,1
I4210161462,0.0011503067484662577,3.0,0.0,0.00022845158264061966,45
I4210161471,0.0007668711656441718,2.0,0.0,0.0003743749212078816,45
I4210161528,0.0011503067484662577,3.0,0.0,0.0022976983779950944,45
I4210161667,0.0,0.0,0.0,1.2700564705436398e-98,326
I4210161994,0.003067484662576687,8.0,0.0,0.005890688075033327,57
I4210162051,0.008052147239263804,33.0,2.2209029150581048e-05,0.0023500471765228836,2
I4210162141,0.0023006134969325155,6.0,0.0018231942787351656,0.0009216999662668854,33
I4210162189,0.005751533742331288,18.0,4.923652706521387e-06,0.006692431038483118,2
I4210162197,0.0019171779141104294,5.0,0.0,0.0031825698692430457,228
I4210162646,0.0015337423312883436,8.0,0.0,0.0004798960380106481,40
I4210162753,0.0,0.0,0.0,1.2700564705436398e-98,327
I4210162901,0.0,0.0,0.0,1.2700564705436398e-98,328
I4210163050,0.0,0.0,0.0,1.2700564705436398e-98,329
I4210163196,0.004217791411042945,11.0,0.0,0.0017955642249878087,43
I4210163399,0.0015337423312883436,4.0,0.0,2.820091872343423e-62,49
I4210164146,0.004984662576687116,13.0,0.0,0.009688696964031483,1
I4210164150,0.0011503067484662577,5.0,0.0,0.0010405391192472462,45
I4210164233,0.0015337423312883436,8.0,0.0,0.0004798960380106481,40
I4210164332,0.003450920245398773,9.0,0.0,0.0018479082712799168,53
I4210164386,0.0007668711656441718,2.0,0.0,0.00027274622638315656,57
I4210164424,0.0015337423312883436,11.0,0.0,2.0790399998495094e-43,35
I4210164802,0.019555214723926382,57.0,0.0006380631874885863,0.05254781227719655,1
I4210164862,0.018021472392638037,55.0,1.4805976986609118e-05,0.05518723324381059,1
I4210164926,0.0007668711656441718,2.0,0.0,0.0006987011916912713,45
I4210164937,0.012653374233128834,44.0,0.004577073232543568,0.03578972771557316,1
I4210165024,0.004217791411042945,11.0,0.0,0.00229866289394511,19
I4210165038,0.037576687116564415,167.0,0.0030425894946395165,0.10403800318702391,45
I4210165059,0.006134969325153374,16.0,0.0,0.0011472730561264595,2
I4210165067,0.006134969325153374,21.0,2.941584831776646e-07,0.005196104084506446,2
I4210165424,0.004984662576687116,13.0,0.0,0.0033870788452566867,2
I4210165444,0.0003834355828220859,1.0,0.0,0.0003099197734280465,45
I4210165726,0.0019171779141104294,6.0,0.0,0.0034089527896738526,45
I4210165745,0.003450920245398773,9.0,0.0,0.00017609992575728288,33
I4210165912,0.0023006134969325155,6.0,3.873086695172585e-06,0.0009590670856754464,1
I4210166029,0.0003834355828220859,1.0,0.0,5.7198258474798236e-83,330
I4210166055,0.0015337423312883436,4.0,0.0,0.0008010361240109111,45
I4210166112,0.0019171779141104294,5.0,0.0,0.0017185081482282503,45
I4210166206,0.0007668711656441718,2.0,0.0,0.00020898487255900596,32
I4210166399,0.0015337423312883436,4.0,0.0,0.0031625026590207236,2
I4210166566,0.0003834355828220859,1.0,0.0,3.128787688471502e-05,23
I4210166615,0.003450920245398773,9.0,0.0013193736663347732,0.00017822078158768518,19
I4210166741,0.0007668711656441718,2.0,0.0,9.532124726645777e-05,14
I4210166946,0.0011503067484662577,3.0,0.0,2.0610984881777883e-64,149
I4210167039,0.0007668711656441718,2.0,0.0,8.205938860124658e-74,317
I4210167080,0.0015337423312883436,4.0,0.0,0.0016537645763545377,1
I4210167126,0.005368098159509203,20.0,0.0,0.019088543692100224,1
I4210167311,0.003450920245398773,9.0,0.0,0.005884504604587688,45
I42134832,0.0011503067484662577,3.0,0.0,0.003804747416890399,1
I42894916,0.003450920245398773,13.0,4.2154934367825655e-05,0.0024838550190921117,42
I42934936,0.00843558282208589,22.0,0.0006173630872706746,0.00859328515924399,32
I42999171,0.0,0.0,0.0,1.2700564705436398e-98,331
I43337087,0.0,0.0,0.0,1.2700564705436398e-98,332
I43369023,0.0003834355828220859,1.0,0.0,9.795574020739975e-05,32
I43406934,0.0011503067484662577,3.0,0.0,0.00039749295323758446,14
I43439940,0.015337423312883436,40.0,0.0039484465878056405,0.010236651813749283,19
I43663321,0.0,0.0,0.0,1.2700564705436398e-98,333
I43814544,0.0003834355828220859,1.0,0.0,2.830696776280535e-67,219
I4387152206,0.0019171779141104294,5.0,0.0,9.384170185327812e-05,107
I4387152517,0.0007668711656441718,2.0,0.0,0.0011662149521345785,1
I4387152683,0.0,0.0,0.0,1.2700564705436398e-98,334
I4387152927,0.0011503067484662577,3.0,0.0,0.0010779420395985915,12
I4387152943,0.003450920245398773,9.0,0.0,0.00017609992575728288,33
I4387152983,0.0003834355828220859,1.0,0.0,5.7198258474798236e-83,330
I4387153056,0.0003834355828220859,1.0,0.0,5.7198258474798236e-83,220
I4387153068,0.0023006134969325155,6.0,0.0,4.0701113259643916e-08,42
I4387153077,0.0011503067484662577,3.0,0.0,5.7542088747755956e-06,32
I4387153096,0.0007668711656441718,2.0,0.0,8.205938860124658e-74,317
I4387153335,0.0011503067484662577,3.0,0.0,0.00255631800791991,45
I4387153366,0.0003834355828220859,1.0,0.0,5.7198258474798236e-83,294
I4387153386,0.003067484662576687,8.0,0.0,0.0019702398694196425,53
I4387153466,0.013803680981595092,95.0,0.0002650567540972914,0.2038023146886149,6
I4387153495,0.004217791411042945,11.0,0.0,0.00026699652987936036,43
I4387153539,0.0019171779141104294,5.0,0.0,0.0005988155055995015,107
I4387153999,0.012269938650306749,37.0,0.0,0.040808151741746186,1
I4387154592,0.0011503067484662577,3.0,0.0,8.043141439731128e-67,219
I4387154595,0.005368098159509203,14.0,0.0,0.011525171007075369,1
I4387154749,0.0026840490797546013,7.0,0.0,8.742476001985751e-07,30
I4387154816,0.0011503067484662577,3.0,0.0,8.043141439731128e-67,219
I4387154989,0.003067484662576687,8.0,0.0018231942787351656,0.003653797244043437,1
I4387155180,0.0003834355828220859,1.0,0.0,2.8193577111167327e-06,45
I4387155381,0.0003834355828220859,1.0,0.0,5.7198258474798236e-83,247
I4387155656,0.0,0.0,0.0,1.2700564705436398e-98,335
I4387155932,0.006901840490797546,28.0,8.334490356700499e-07,0.015860024515401038,1
I4387156329,0.003450920245398773,9.0,0.0,0.00017609992575728288,33
I4387156359,0.0,0.0,0.0,1.2700564705436398e-98,336
I4387156409,0.0003834355828220859,1.0,0.0,9.398495788868912e-05,14
I4387930215,0.009202453987730062,24.0,0.0,0.0010648069641807938,14
I4388446381,0.0,0.0,0.0,1.2700564705436398e-98,337
I4388482696,0.0011503067484662577,3.0,0.0,0.00012718703348649557,42
I4388891792,0.0007668711656441718,2.0,0.0,0.0003138523663419488,12
I4388891891,0.003067484662576687,9.0,0.0,0.002071875981220481,45
I4389424196,0.01572085889570552,57.0,0.002771943937862705,0.011893975112495602,40
I4389425378,0.0,0.0,0.0,1.2700564705436398e-98,338
I4390039307,0.0011503067484662577,3.0,0.0,0.0005825438510270023,1
I4390039323,0.018404907975460124,48.0,0.0,0.0047963212852788996,14
I4390039331,0.0015337423312883436,4.0,0.0,0.0008145141863505461,42
I4391012619,0.026457055214723926,147.0,0.04872388923879791,0.09767591536044526,45
I4391767831,0.0011503067484662577,3.0,0.0,0.00013408388414813145,2
I4391768043,0.0015337423312883436,4.0,0.0,0.0002667186065884528,45
I4391768102,0.0015337423312883436,4.0,0.0,0.0004216920757162453,42
I4391768151,0.0019171779141104294,6.0,0.0006077314262450552,0.004664787393958646,57
I4392021234,0.0011503067484662577,3.0,0.0,0.0002747177434167246,43
I4392021250,0.0015337423312883436,5.0,0.0,0.0010172141571434137,45
I43922553,0.0003834355828220859,1.0,0.0,0.00018604298232550233,45
I4392738276,0.0011503067484662577,3.0,0.0,0.0005154217431863102,45
I4394709130,0.0023006134969325155,6.0,0.0,0.0019473783467627039,2
I4394709253,0.018404907975460124,48.0,0.0,0.0047963212852788996,14
I4396570515,0.0015337423312883436,4.0,0.0,0.0016537645763545377,1
I4399598460,0.003067484662576687,8.0,0.0,0.0008499735755276987,40
I4400573270,0.0015337423312883436,4.0,0.0,0.0002865135832287617,45
I4401200273,0.0007668711656441718,2.0,0.0,0.0006811605168365075,43
I4401726783,0.0003834355828220859,1.0,0.0,5.7198258474798236e-83,301
I4401726805,0.0007668711656441718,2.0,0.0,0.0005001410770869572,57
I4401726822,0.0007668711656441718,2.0,0.0,0.0007611806881029372,45
I4401726859,0.005368098159509203,15.0,8.040331873522833e-06,0.005243810110842503,45
I4401726909,0.003067484662576687,9.0,7.1840038447167476e-06,0.0003656295313981049,43
I4401726920,0.0003834355828220859,1.0,0.0,0.001413976019665699,45
I4402554026,0.0023006134969325155,6.0,0.0,0.005419015392149033,45
I4402554038,0.0026840490797546013,8.0,3.0424391688661307e-06,0.0014895346254310115,1
I4402554207,0.0007668711656441718,2.0,0.0,1.3481464949885664e-05,12
I4403386549,0.003067484662576687,11.0,0.0,0.001061764245996547,2
I4403386768,0.0007668711656441718,2.0,0.0,0.00016616609378832458,1
I4403928327,0.0026840490797546013,7.0,0.0,0.003809352648021465,6
I4405392,0.0007668711656441718,2.0,0.0,0.00011635636640148906,53
I44265643,0.0007668711656441718,2.0,0.0,0.0003138523663419488,12
I4432739,0.0,0.0,0.0,1.2700564705436398e-98,339
I44430492,0.018404907975460124,48.0,0.0,0.0047963212852788996,14
I44445938,0.0007668711656441718,2.0,0.0,0.0011082451659980813,45
I44461941,0.0023006134969325155,18.0,0.0,0.005802751878710685,45
I44635919,0.0011503067484662577,5.0,0.0,1.6653152173939784e-59,316
I44829897,0.01111963190184049,29.0,0.0,0.015747341110652888,1
I45084792,0.0023006134969325155,6.0,6.698481971212921e-05,0.00032812579131300635,32
I45129253,0.04409509202453988,137.0,0.021762442951474004,0.06664928158492495,19
I4517696,0.0015337423312883436,4.0,0.0,1.2674652871664222e-06,30
I45294948,0.0019171779141104294,5.0,0.0,9.384170185327812e-05,107
I45438204,0.0019171779141104294,5.0,0.0006083197432114106,0.00012874705501197606,5
I4577782,0.004601226993865031,12.0,2.4694604662764944e-05,0.005327401174235773,6
I45928872,0.009202453987730062,27.0,0.0001949070333567583,0.012857325648050637,45
I45935490,0.004601226993865031,12.0,0.0,0.0006526373298583613,53
I46000314,0.0007668711656441718,2.0,0.0,8.205938860124658e-74,104
I46017,0.0007668711656441718,2.0,0.0,8.205938860124658e-74,104
I46247651,0.0,0.0,0.0,1.2700564705436398e-98,340
I4626487,0.0003834355828220859,1.0,0.0,5.7198258474798236e-83,341
I46305995,0.0019171779141104294,5.0,0.0,0.0002020810512366548,45
I464993,0.0011503067484662577,3.0,0.0,1.2440520229517587e-05,57
I4654613,0.0011503067484662577,3.0,0.0,0.00027976786878094957,33
I46597724,0.0003834355828220859,1.0,0.0,0.0021870926090835543,1
I4665924,0.0007668711656441718,2.0,0.0,4.002324347644201e-06,12
I47164929,0.0019171779141104294,11.0,0.0,6.379587757464094e-06,30
I47251452,0.0011503067484662577,4.0,0.0,2.6398063149339208e-64,149
I47500176,0.009969325153374233,48.0,8.143804666807261e-06,0.006136103705647482,40
I47508984,0.017254601226993866,51.0,0.00984734588607973,0.018846989539743432,19
I47605537,0.0015337423312883436,5.0,0.0,0.0019224762970959184,45
I47720641,0.003067484662576687,10.0,1.539429395296445e-05,0.0025484060345828978,45
I47818738,0.018404907975460124,48.0,0.0,0.0047963212852788996,14
I47838141,0.0023006134969325155,6.0,1.4217660020253792e-06,0.0013955853803457848,19
I4800084,0.003067484662576687,10.0,0.00024092490262793916,0.0011996302815747914,45
I48018076,0.004217791411042945,11.0,0.0026923639595457564,0.0033712747182468267,29
I48379061,0.0023006134969325155,6.0,0.0,0.0003838119448931777,33
I48430043,0.0015337423312883436,4.0,0.0,0.00019323800362660873,32
I48566637,0.0003834355828220859,1.0,0.0,5.7198258474798236e-83,274
I48633490,0.0007668711656441718,2.0,0.0,0.004017834140384532,57
I48843708,0.0,0.0,0.0,1.2700564705436398e-98,342
I4921948,0.0007668711656441718,2.0,0.0,0.00305802888984195,30
I49828101,0.013036809815950921,34.0,0.0006083197432114106,0.004925152698580596,23
I5023651,0.03297546012269939,106.0,0.0035967913717571,0.06417037141680197,1
I50357001,0.0,0.0,0.0,1.2700564705436398e-98,343
I50760025,0.004984662576687116,14.0,0.0012331039569526791,0.005551963614052693,45
I51158804,0.0011503067484662577,4.0,5.441231561445897e-06,0.00014301779555765545,45
I51235708,0.012653374233128834,33.0,0.0,0.004924198958860451,23
I5124864,0.019938650306748466,69.0,0.004481048841876286,0.04825410746374918,1
I51441396,0.004984662576687116,15.0,7.074511520422836e-06,0.0019155033004899524,43
I51452335,0.0007668711656441718,2.0,2.9415848317766467e-07,1.2299978680275321e-78,105
I51504820,0.0007668711656441718,2.0,0.0018231942787351656,0.00012364755861828363,42
I51556381,0.023006134969325152,63.0,0.001335213349013502,0.02984349344988146,1
I51601045,0.013803680981595092,38.0,0.002289126227823128,0.009912231762981213,19
I51629411,0.0007668711656441718,2.0,0.0,0.00031432459048760553,45
I51713134,0.006901840490797546,18.0,1.479617170383653e-05,0.013355353254044446,45
I52099693,0.0007668711656441718,2.0,0.0,0.000334638604915796,19
I52158045,0.0011503067484662577,4.0,1.2315435162371564e-05,0.0007228499100309418,19
I52170813,0.0007668711656441718,3.0,0.0,0.0023761915022062876,1
I52179390,0.004601226993865031,12.0,0.0,0.0006526373298583613,53
I52357470,0.015337423312883436,49.0,0.004950879462938977,0.023209240107276635,6
I52590639,0.0026840490797546013,7.0,0.0,1.2079113300617317e-05,5
I530967,0.0007668711656441718,2.0,0.0,0.0008435135407992638,40
I53107984,0.003067484662576687,8.0,0.0,0.0016823353354419716,1
I53118340,0.0011503067484662577,3.0,0.0,0.0001911038530083469,57
I53276908,0.0003834355828220859,1.0,0.0,6.5032444860652e-05,40
I53592917,0.0019171779141104294,7.0,5.252830056744011e-07,0.0008456033184942453,42
I5388228,0.01763803680981595,64.0,0.0014302481194507011,0.05743996854576515,1
I53964585,0.0007668711656441718,2.0,0.0,0.001177388784020627,1
I5400463,0.003834355828220859,22.0,1.0201379775844347e-05,0.009856584894203005,6
I54009628,0.0007668711656441718,2.0,1.4707924158883233e-06,0.00010005257523109175,53
I54157616,0.0019171779141104294,7.0,0.0,0.0016562721212540709,23
I54166199,0.01035276073619632,27.0,0.0,0.022534714426596162,1
I54316950,0.012653374233128834,33.0,0.0,0.004924198958860451,23
I54459138,0.0,0.0,0.0,1.2700564705436398e-98,344
I544936282,0.0026840490797546013,7.0,0.0,1.1921326301031191e-05,0
I55016150,0.0,0.0,0.0,1.2700564705436398e-98,345
I55060895,0.018404907975460124,48.0,0.0,0.0047963212852788996,14
I5518804,0.0015337423312883436,7.0,8.82475449532994e-07,1.605607509767073e-54,91
I55215948,0.0,0.0,0.0,1.2700564705436398e-98,346
I55285296,0.01035276073619632,27.0,0.000107337524428956,0.001891610662491239,14
I55302922,0.006901840490797546,77.0,4.046217851487287e-06,0.18940481052107508,6
I5561750,0.003067484662576687,12.0,0.001379003763099437,0.00010215009275506925,29
I55707380,0.0011503067484662577,3.0,0.0,0.0005185930337591858,12
I55712492,0.0003834355828220859,1.0,0.0,0.0003900786598536469,45
I55732556,0.007668711656441718,22.0,0.006560216267931575,0.009175666494856108,2
I55769427,0.01035276073619632,29.0,0.00021472588743692267,0.019507108757023,45
I55892964,0.0003834355828220859,1.0,0.0,5.7198258474798236e-83,310
I55952717,0.0011503067484662577,3.0,0.0,0.00015660059769063688,2
I56007636,0.009969325153374233,26.0,6.999775430979632e-05,0.0012743521402089513,14
I56019348,0.003067484662576687,8.0,0.0,0.00012116786298277853,71
I56067802,0.0015337423312883436,4.0,0.0,0.0001694557896126761,32
I56085075,0.004984662576687116,13.0,1.1957542341172068e-05,0.00370225973802319,32
I5626980,0.003067484662576687,8.0,0.0,0.0010487431582323658,19
I56303344,0.0007668711656441718,2.0,0.0,9.98405846482159e-06,32
I56306041,0.0026840490797546013,7.0,0.0,1.6601912860760226e-06,26
I56404289,0.0,0.0,0.0,1.2700564705436398e-98,347
I56441308,0.0,0.0,0.0,1.2700564705436398e-98,348
I56475706,0.0,0.0,0.0,1.2700564705436398e-98,349
I56590836,0.021855828220858898,64.0,0.005183894218488145,0.012973960724390667,19
I56624758,0.0003834355828220859,1.0,0.0,5.1274542184659654e-05,1
I5681781,0.006134969325153374,18.0,0.0020975893973777786,0.0032027058085454313,42
I56934997,0.0026840490797546013,10.0,0.0,0.002889165009482116,45
I57093077,0.003834355828220859,10.0,0.007482959615549788,0.006572645635737197,45
I57206974,0.032208588957055216,107.0,0.007634433178446209,0.08660048314243599,1
I5740404,0.00843558282208589,53.0,5.635434525121564e-05,0.016936102934719036,2
I57589565,0.0011503067484662577,3.0,0.0,9.621487637598044e-06,53
I57664883,0.0003834355828220859,1.0,0.0,5.7198258474798236e-83,292
I5791819,0.009969325153374233,48.0,8.143804666807261e-06,0.006136103705647482,40
I58200834,0.0007668711656441718,2.0,0.0,0.0006557741967680906,45
I58236372,0.0007668711656441718,2.0,0.0,6.095584860693619e-05,1
I5847235,0.0003834355828220859,1.0,0.0,5.7198258474798236e-83,341
I59028903,0.0015337423312883436,4.0,0.0,0.002688920651100345,45
I59130452,0.0015337423312883436,4.0,0.0,0.002547733277399357,1
I592451,0.0015337423312883436,4.0,1.5590399608416227e-05,0.00048497178216141084,1
I59270414,0.01687116564417178,44.0,0.00013323978533266397,0.01783216095802969,12
I59411706,0.0007668711656441718,2.0,0.0,6.569172771367967e-05,45
I59553526,0.0011503067484662577,3.0,0.0,0.0003296037721796501,12
I59805279,0.0015337423312883436,4.0,0.0,0.003345226950189643,29
I5996616,0.0003834355828220859,1.0,0.0,5.7198258474798236e-83,350
I60053951,0.0026840490797546013,20.0,0.0026697186589824643,0.001595530290573775,43
I60134161,0.005751533742331288,15.0,3.7603259432878127e-05,0.002186139303358076,23
I60158472,0.0,0.0,0.0,1.2700564705436398e-98,351
I60200437,0.016104294478527608,42.0,0.0,0.017775649088046692,12
I60205797,0.004217791411042945,13.0,0.0,0.008217691153172908,53
I60342839,0.009969325153374233,26.0,0.00012635507607162497,0.0010788856512309608,14
I60587646,0.0026840490797546013,7.0,0.0,4.567470111305881e-06,33
I6059380,0.003067484662576687,8.0,2.7654399305404974e-05,0.002091787730949229,32
I60668342,0.003067484662576687,11.0,0.0012160511694564657,0.0004562817788405189,33
I60733029,0.009202453987730062,24.0,0.0,0.0029277861221553396,19
I60837268,0.0,0.0,0.0,1.2700564705436398e-98,352
I60922564,0.0023006134969325155,10.0,0.00022327565893172631,0.004007704681866546,101
I60997889,0.0026840490797546013,7.0,0.0,0.002259019751884993,1
I61628605,0.0019171779141104294,5.0,0.0,0.0031825698692430457,228
I61641377,0.0011503067484662577,3.0,0.0,0.00013225657367804596,2
I61923386,0.011886503067484663,53.0,0.002988064490574912,0.006144797121592696,40
I62318514,0.0007668711656441718,2.0,0.0,0.00014007720898764613,6
I62853816,0.0007668711656441718,4.0,0.0,0.00039250799643009295,45
I62856769,0.0,0.0,0.0,1.2700564705436398e-98,353
I62912653,0.004601226993865031,12.0,0.0,0.0006526373298583613,53
I62916508,0.01495398773006135,44.0,0.0055973063987342095,0.005455268660099076,2
I63098007,0.019171779141104295,50.0,0.0005463954511180592,0.004806069233096097,14
I63135867,0.003450920245398773,10.0,8.010916025205069e-05,0.0030735537227877347,2
I63169043,0.0007668711656441718,2.0,0.0,8.205938860124658e-74,173
I63190737,0.0023006134969325155,6.0,0.0,0.006554644669076746,1
I63525965,0.0007668711656441718,4.0,0.0,0.00010884396389366413,43
I63634437,0.0003834355828220859,1.0,0.0,5.3329810425641e-05,1
I63664421,0.0019171779141104294,5.0,0.0,0.0013966309219287805,23
I63739035,0.005368098159509203,14.0,0.00045363440370041285,0.00027113798342364733,107
I63843962,0.0003834355828220859,1.0,0.0,1.3362893777686571e-06,14
I63920570,0.0,0.0,0.0,1.2700564705436398e-98,354
I63966007,0.04716257668711656,175.0,0.024590798229152895,0.15609643488433608,1
I64180646,0.0026840490797546013,7.0,0.0,0.003809352648021465,6
I64449678,0.0003834355828220859,1.0,0.0,5.7198258474798236e-83,355
I64492213,0.0026840490797546013,7.0,0.0,0.003809352648021465,6
I6465868,0.0,0.0,0.0,1.2700564705436398e-98,356
I6469544,0.0015337423312883436,4.0,0.0,0.003813480553499565,45
I6498739,0.0015337423312883436,4.0,9.507365597681668e-05,9.240432822527828e-06,42
I6507939,0.0,0.0,0.0,1.2700564705436398e-98,357
I65181880,0.0007668711656441718,2.0,0.0,1.4633537000738742e-72,52
I65674248,0.0,0.0,0.0,1.2700564705436398e-98,358
I65837984,0.0003834355828220859,1.0,0.0,5.610398233407946e-08,12
I66083562,0.0003834355828220859,1.0,0.0,0.0008010499852456312,45
I66514158,0.0007668711656441718,2.0,0.0006083197432114106,1.431666214734443e-06,29
I66752286,0.0007668711656441718,2.0,0.0,8.205938860124658e-74,185
I66862912,0.0003834355828220859,1.0,0.0,5.7198258474798236e-83,359
I66867065,0.003450920245398773,10.0,0.0006158656086822584,0.00433823449890374,45
I66906201,0.0007668711656441718,2.0,0.0,7.890792913800962e-05,45
I66943878,0.0,0.0,0.0,1.2700564705436398e-98,360
I66946132,0.021855828220858898,65.0,0.006115524151513268,0.032143160874150895,32
I67009956,0.0023006134969325155,9.0,0.0,0.00045610501245967375,33
I67031392,0.0007668711656441718,2.0,0.0,5.6141529259975584e-05,29
I67311998,0.0003834355828220859,1.0,0.0,5.7198258474798236e-83,46
I67357951,0.004601226993865031,12.0,0.0030357155463934995,1.2091515886884831e-05,5
I67415387,0.0003834355828220859,1.0,0.0,1.4924551986970334e-05,14
I67900169,0.0011503067484662577,3.0,0.0,0.0008327190681388372,30
I68171755,0.003067484662576687,8.0,0.0,0.00012116786298277853,71
I68288478,0.0003834355828220859,1.0,0.0,8.286195700766142e-05,23
I686019,0.0003834355828220859,1.0,0.0,0.00012402019438360047,33
I68618741,0.0,0.0,0.0,1.2700564705436398e-98,361
I68891433,0.033358895705521474,92.0,0.007173464562991674,0.01614591073518702,14
I69179986,0.0,0.0,0.0,1.2700564705436398e-98,362
I69356397,0.0015337423312883436,5.0,0.0006693305202760043,0.0005864823153731518,5
I69552723,0.0007668711656441718,2.0,0.0,8.112405190154032e-07,30
I70387731,0.0007668711656441718,2.0,0.0,9.98405846482159e-06,32
I70451448,0.0015337423312883436,4.0,0.0,0.0007615090073688825,12
I70593384,0.0015337423312883436,7.0,0.0,5.9645905212960595e-05,2
I70640408,0.003067484662576687,8.0,0.0018231942787351656,0.0003991542752630211,32
I70886390,0.0007668711656441718,2.0,0.0,8.482193926353418e-05,53
I70931966,0.026840490797546013,78.0,0.0011061580983371029,0.057928134737865775,1
I70983195,0.007285276073619632,20.0,7.513788188634814e-05,0.00867783619790482,32
I71052956,0.026840490797546013,72.0,0.00023587677376673945,0.007618818785343654,14
I71209653,0.0015337423312883436,4.0,0.0,0.006768658995409025,1
I71267560,0.004217791411042945,11.0,0.0,0.00026699652987936036,43
I71270174,0.0007668711656441718,2.0,0.0,6.54708288058335e-05,45
I71637028,0.0007668711656441718,2.0,0.0,7.000943859733109e-05,23
I71675930,0.0003834355828220859,2.0,0.0,0.00012186181992583902,53
I71920554,0.004217791411042945,12.0,0.0028349618367188452,0.002968817312449851,45
I71999127,0.004217791411042945,11.0,0.0,0.00229866289394511,19
I72090969,0.0015337423312883436,4.0,0.0006083197432114106,0.00019114139107771574,57
I72264486,0.0019171779141104294,11.0,0.0,6.379587757464094e-06,30
I72816309,0.0015337423312883436,4.0,0.0012160511694564657,0.000748705374480827,40
I73142707,0.0015337423312883436,4.0,0.0012163453279396435,9.535818263160628e-05,14
I73417466,0.013420245398773007,35.0,0.0012160511694564657,0.004926133934009245,23
I73613424,0.0003834355828220859,1.0,0.0,1.2839812582386203e-05,23
I73822459,0.0019171779141104294,5.0,0.0,1.737682453522356e-54,119
I74319210,0.0011503067484662577,3.0,0.0,8.043141439731128e-67,283
I74525822,0.0,0.0,0.0,1.2700564705436398e-98,363
I74614422,0.0019171779141104294,5.0,0.0,0.00017178844205075204,14
I74623043,0.0003834355828220859,1.0,0.0,5.6756177291837986e-05,2
I74656192,0.004984662576687116,13.0,0.0030357155463934995,0.008297566778395226,57
I74775410,0.005751533742331288,15.0,7.280422458647201e-05,0.009998746861073401,42
I74796645,0.0026840490797546013,7.0,0.0,1.2079113300617317e-05,5
I74801974,0.009585889570552147,26.0,0.003931604527253393,0.0022328451577257797,23
I74872605,0.0015337423312883436,4.0,0.0,2.820091872343423e-62,94
I74885063,0.0,0.0,0.0,1.2700564705436398e-98,364
I74973139,0.036042944785276074,118.0,0.027149814825847943,0.08206735627176631,1
I75059550,0.0003834355828220859,1.0,0.0,0.00036912821019537985,45
I75357094,0.0007668711656441718,2.0,0.0,1.2820426515062862e-05,45
I75381157,0.0023006134969325155,6.0,5.6050264755708575e-05,0.00067938730230246,57
I75535952,0.0011503067484662577,3.0,0.0,8.043141439731128e-67,283
I75867142,0.003067484662576687,8.0,0.0,0.0018810247411194434,45
I75900474,0.0015337423312883436,4.0,0.0,0.00016030521877445503,45
I75917431,0.0011503067484662577,3.0,0.0,0.006779306923669072,6
I75951250,0.015337423312883436,51.0,0.0017879656715327436,0.008023096480293925,2
I76130692,0.02338957055214724,71.0,0.00674837012105918,0.026339839619181283,45
I76134821,0.003450920245398773,9.0,0.00011137820701383644,0.00022165999325793808,43
I76198965,0.004984662576687116,15.0,7.074511520422836e-06,0.0019155033004899524,43
I76214153,0.0,0.0,0.0,1.2700564705436398e-98,365
I76245029,0.0,0.0,0.0,1.2700564705436398e-98,366
I76569877,0.007285276073619632,19.0,0.00016226388925775435,0.004926132358406157,45
I76835614,0.003067484662576687,8.0,0.0,0.006806073476968764,45
I76903346,0.005751533742331288,15.0,0.0,0.006991032421422786,32
I76957882,0.0026840490797546013,7.0,0.0,8.742476001985751e-07,30
I77432436,0.0,0.0,0.0,1.2700564705436398e-98,367
I7848551,0.0,0.0,0.0,1.2700564705436398e-98,368
I78577930,0.032208588957055216,108.0,0.02436072633309069,0.08353962974752023,1
I78650965,0.01035276073619632,39.0,0.0024750884183121803,0.001993710417312889,2
I78715868,0.018404907975460124,48.0,0.0,0.0047963212852788996,14
I7877124,0.014187116564417178,49.0,0.001509083488317076,0.006120831146537613,2
I7882870,0.012653374233128834,33.0,0.0,0.010028542835150357,19
I78988378,0.012653374233128834,47.0,0.001177305594580581,0.027133502907647423,45
I79156528,0.009202453987730062,24.0,0.0,0.0010648069641807938,14
I79189158,0.0003834355828220859,1.0,0.0,5.7198258474798236e-83,289
I79272384,0.0003834355828220859,1.0,0.0,0.00040474493863234683,1
I79510175,0.014570552147239265,39.0,0.000833765542557468,0.010875204634112824,19
I79516672,0.003067484662576687,8.0,0.00027086393281935717,1.5106405869933073e-05,107
I79576946,0.018788343558282208,53.0,0.0026682904834665956,0.033196912276470404,1
I79619799,0.026073619631901843,72.0,0.001695742536061002,0.01844616929971759,19
I79765343,0.0003834355828220859,1.0,0.0,1.3675156846537156e-05,14
I79817857,0.003067484662576687,8.0,2.9209937379542102e-05,8.132598795051937e-05,29
I79891267,0.006901840490797546,22.0,0.0002581413523094251,0.006281959988183011,45
I79946792,0.0003834355828220859,2.0,0.0,8.205938860124658e-74,152
I80018011,0.00843558282208589,22.0,0.0,0.0024772677751742586,40
I80143920,0.0023006134969325155,6.0,0.0012183390687700696,0.0008439160558363374,42
I80180929,0.0007668711656441718,2.0,0.0,0.0009492887544549089,12
I80281795,0.03182515337423313,85.0,0.005511110199492822,0.018117808406736994,14
I8033065,0.0011503067484662577,3.0,0.0,5.193733633348588e-08,5
I80538482,0.0,0.0,0.0,1.2700564705436398e-98,369
I80611190,0.0011503067484662577,3.0,9.461397498207313e-06,0.00012177816431310395,101
I80687555,0.0011503067484662577,4.0,0.0,0.0007181091518149072,40
I80693520,0.0011503067484662577,3.0,0.0,0.0001911038530083469,57
I8078737,0.0003834355828220859,1.0,0.0,1.8040928389531525e-06,5
I80810150,0.012653374233128834,33.0,0.0,0.004924198958860451,23
I8087733,0.007668711656441718,20.0,0.0013077893950768065,0.00980428733170619,2
I80947539,0.0026840490797546013,7.0,0.0,0.003402527776265863,45
I81365321,0.0011503067484662577,3.0,0.0,4.6170120219252e-05,42
I81556334,0.0003834355828220859,1.0,0.0,5.7198258474798236e-83,99
I81605866,0.0,0.0,0.0,1.2700564705436398e-98,370
I8204097,0.012653374233128834,51.0,0.007837472575372118,0.012779071124795066,2
I822440,0.004601226993865031,12.0,0.0,0.0036873927521095984,33
I82284825,0.009202453987730062,24.0,0.0,0.00292778612215534,19
I82462995,0.0015337423312883436,4.0,0.0,2.1813654672728093e-05,29
I82497590,0.0023006134969325155,18.0,0.0,0.005802751878710685,45
I82509713,0.0003834355828220859,1.0,0.0,5.7198258474798236e-83,359
I82571370,0.0019171779141104294,5.0,0.0,2.8746325596619207e-06,107
I82767444,0.0003834355828220859,1.0,0.0,5.7198258474798236e-83,371
I82783531,0.0015337423312883436,4.0,0.0,0.001976367788629364,1
I82880672,0.02338957055214724,73.0,0.002491817193416955,0.03080985033823005,45
I82904351,0.0003834355828220859,1.0,0.0,5.7198258474798236e-83,350
I82951845,0.004984662576687116,15.0,0.0007145068488805051,0.0010824282801428912,42
I82952536,0.003450920245398773,10.0,0.0006814181262810601,8.891902937763771e-05,30
I83019370,0.005368098159509203,14.0,0.0021421064741784543,0.0051257840448231526,33
I83041322,0.0019171779141104294,5.0,0.0,0.0006492181818902968,12
I83259278,0.012653374233128834,33.0,0.0,0.004924198958860451,23
I83328450,0.0007668711656441718,2.0,0.0,8.205938860124658e-74,67
I83399316,0.0023006134969325155,6.0,0.0,1.3850883521588769e-05,107
I83467386,0.0015337423312883436,4.0,1.764950899065988e-06,0.0035894945287208704,1
I83740829,0.0015337423312883436,4.0,0.0,0.0009885191722506384,45
I83776822,0.0,0.0,0.0,1.2700564705436398e-98,372
I83791580,0.0003834355828220859,1.0,0.0,5.7198258474798236e-83,355
I83816512,0.012653374233128834,33.0,0.0,0.004924198958860451,23
I83863532,0.0003834355828220859,1.0,0.0,5.7198258474798236e-83,110
I83909951,0.0019171779141104294,5.0,0.0,0.00039891572929388674,32
I84027002,0.0015337423312883436,5.0,2.9415848317766467e-07,0.0006913466875716152,45
I84058292,0.0003834355828220859,1.0,0.0,5.7198258474798236e-83,239
I8408910,0.0007668711656441718,2.0,0.0,0.0003479775535677467,45
I84218800,0.0011503067484662577,3.0,0.0,0.002299934254941015,1
I84339108,0.003450920245398773,9.0,0.007862267938372622,0.00010849203703264166,26
I84340266,0.0019171779141104294,5.0,0.0,0.004834888644443971,1
I84392919,0.004984662576687116,18.0,0.0008685024546638274,0.007197346452666446,53
I84653119,0.0007668711656441718,2.0,0.0,0.000681791395582385,107
I848706,0.011886503067484663,32.0,0.0024471687395407975,0.013960677705024382,45
I84884186,0.026073619631901843,73.0,0.003201574725685264,0.014859549933638565,19
I85324120,0.0007668711656441718,2.0,0.0,1.4420192625359854e-05,23
I85430964,0.0007668711656441718,2.0,0.0,2.201201459115713e-05,45
I85507684,0.012653374233128834,33.0,0.0,0.004924198958860451,23
I859038795,0.00843558282208589,22.0,0.0009392707696153858,0.012297429027334963,45
I861268105,0.0,0.0,0.0,1.2700564705436398e-98,8
I861853513,0.008819018404907975,24.0,0.015921714890990982,0.0005543003115648699,5
I8636806,0.012653374233128834,33.0,0.0,0.004924198958860451,23
I863896202,0.0015337423312883436,4.0,0.0,0.0004085128813667382,42
I86467917,0.0007668711656441718,2.0,0.0,0.0002232349196287158,45
I864998749,0.0015337423312883436,4.0,0.0,0.00019122681050505057,14
I86501945,0.0011503067484662577,3.0,0.0,0.0014964912389060368,45
I86519309,0.01687116564417178,50.0,0.0027125751195962076,0.04499941109325844,1
I865915315,0.01763803680981595,48.0,0.00024616870042911527,0.018906225342589233,12
I86695891,0.0003834355828220859,1.0,0.0,0.00021105839060102296,19
I867280407,0.006134969325153374,19.0,0.0003309476099965421,0.01381392160272619,45
I867306930,0.0015337423312883436,4.0,0.0,2.820091872343423e-62,94
I869089601,0.0007668711656441718,2.0,0.0,0.004647063093201474,6
I8696757,0.0003834355828220859,1.0,0.0,0.0003697844666460887,45
I86987016,0.004601226993865031,12.0,0.001965549825348304,0.00015970487636248355,43
I87182695,0.005368098159509203,15.0,0.00014531569144444808,0.01100931188263501,1
I87216513,0.007668711656441718,20.0,9.368212293000673e-05,0.005772560074819999,1
I872623138,0.004984662576687116,13.0,0.0,0.004733669988507977,2
I872719,0.0026840490797546013,7.0,0.0,0.0010479628668956795,215
I872922937,0.004217791411042945,11.0,0.0,0.00026699652987936036,43
I873043661,0.0011503067484662577,3.0,0.0,0.0003595311263724779,1
I87339560,0.0011503067484662577,3.0,0.0,0.0001911038530083469,57
I874055015,0.0011503067484662577,3.0,0.0,0.0003529230390543561,45
I87445476,0.009585889570552147,36.0,0.0020699852897366794,0.02480506698599531,57
I874792244,0.0019171779141104294,5.0,0.0,0.002251005891629371,1
I87482320,0.0019171779141104294,5.0,0.0,5.70645008886004e-05,30
I875944469,0.0015337423312883436,4.0,0.0006083197432114106,4.147732344818733e-08,107
I876193797,0.0015337423312883436,8.0,0.0,1.5808991981586506e-43,35
I87710204,0.006518404907975461,34.0,1.8686067455190694e-06,0.010636808173725365,2
I877506347,0.0,0.0,0.0,1.2700564705436398e-98,13
I879689382,0.0007668711656441718,2.0,0.0,0.0009471442665146189,19
I881427289,0.0007668711656441718,2.0,0.0,0.0006524886821477248,19
I881766915,0.027223926380368097,92.0,0.001523755460060563,0.055605540973786054,12
I8826637,0.0019171779141104294,5.0,0.0,0.0001732108121790321,1
I884043246,0.0019171779141104294,5.0,2.588594651963449e-05,0.0008368951478549672,12
I885392262,0.0003834355828220859,1.0,0.0,5.812478505308437e-10,107
I88596544,0.0,0.0,0.0,1.2700564705436398e-98,15
I887064364,0.03949386503067485,108.0,0.004556616784222836,0.0561556086221217,12
I887968799,0.014187116564417178,61.0,0.005064114090370828,0.004319088697460212,2
I88830068,0.004217791411042945,19.0,0.0014231902193480978,0.014283503645949094,57
I88874673,0.01111963190184049,29.0,0.0,0.015747341110652888,1
I889458895,0.021088957055214724,91.0,0.013088537342989957,0.05977420206834226,45
I88973175,0.0003834355828220859,1.0,0.0,2.0958168508547015e-07,45
I889937125,0.004984662576687116,13.0,0.0,0.009688696964031483,1
I8901234,0.004217791411042945,11.0,0.0,0.00026699652987936036,43
I89015989,0.0011503067484662577,3.0,0.0,0.0008327190681388372,30
I890469752,0.0007668711656441718,2.0,0.0,0.0003682128629643697,57
I891261516,0.0,0.0,0.0,1.2700564705436398e-98,16
I89506807,0.0,0.0,0.0,1.2700564705436398e-98,48
I896114043,0.0003834355828220859,1.0,0.0,5.7198258474798236e-83,296
I897542642,0.0003834355828220859,1.0,0.0,5.7198258474798236e-83,303
I899635006,0.0019171779141104294,5.0,0.0,0.00040787554109050626,12
I90023481,0.0007668711656441718,2.0,0.0,0.0001945346584215473,45
I900890020,0.005368098159509203,14.0,0.0001385759602929752,0.0006050763527921182,43
I90090648,0.0003834355828220859,1.0,0.0,5.7198258474798236e-83,108
I901861585,0.0007668711656441718,2.0,0.0,0.0030440790534678585,5
I90326151,0.01111963190184049,29.0,0.0,0.015747341110652888,1
I90523175,0.003067484662576687,11.0,0.0,0.0020280080555596385,1
I90610280,0.011503067484662576,33.0,0.0028554786905431464,0.011750061005560246,45
I90669466,0.0023006134969325155,6.0,0.0,0.001479898851623054,32
I90871651,0.0003834355828220859,1.0,0.0,5.7198258474798236e-83,132
I91044093,0.0026840490797546013,7.0,0.00029782947358950745,0.0006292028752564327,12
I91045830,0.01035276073619632,29.0,0.0004194170972985557,0.03263749421394945,6
I91136226,0.021855828220858898,58.0,0.0008916197703729379,0.006889240734177681,14
I91203450,0.0011503067484662577,3.0,0.0,0.002117418004433868,1
I91277730,0.0,0.0,0.0,1.2700564705436398e-98,18
I913140155,0.0003834355828220859,2.0,0.0,8.205938860124658e-74,237
I913481162,0.017254601226993866,45.0,0.00018241607994656068,0.018468638346945412,12
I913958620,0.0003834355828220859,1.0,0.0,5.139027410198927e-05,19
I91600406,0.0011503067484662577,3.0,0.0,0.00021263196370199013,57
I916048824,0.003450920245398773,9.0,0.0,0.0018479082712799168,53
I91633459,0.0026840490797546013,7.0,0.0,1.6601912860760226e-06,26
I91656880,0.0026840490797546013,7.0,0.0012160511694564657,0.0015487164586555403,45
I91712215,0.0019171779141104294,5.0,1.1766339327106587e-06,0.005402540808821216,1
I917207718,0.0019171779141104294,6.0,0.0006077314262450552,0.004664787393958646,57
I91807558,0.0023006134969325155,6.0,0.0012160511694564657,0.000901878634155588,45
I91935597,0.005368098159509203,21.0,0.00033120751067477745,0.0063611827486387855,2
I919571938,0.004601226993865031,12.0,0.0,0.009828506886275568,57
I92156820,0.0011503067484662577,4.0,0.0,0.0011946114699874655,2
I921990950,0.0019171779141104294,5.0,0.0,0.0031825698692430457,228
I9224006,0.0026840490797546013,7.0,0.0,0.003902545876715302,40
I922845939,0.003834355828220859,10.0,0.0,0.004857799344271922,1
I92403157,0.0007668711656441718,4.0,0.0,0.00039250799643009295,45
I92528248,0.0015337423312883436,5.0,1.863003726791876e-05,4.2875025094462544e-05,14
I9256017,0.0,0.0,0.0,1.2700564705436398e-98,145
I92582371,0.003067484662576687,8.0,0.0,0.00012116786298277853,71
I926574661,0.00843558282208589,25.0,0.0012970313730080976,0.002602362407674481,43
I927504317,0.0003834355828220859,2.0,0.0,0.0003047729407980418,19
I9300472,0.018404907975460124,48.0,0.0,0.0047963212852788996,14
I930713850,0.0,0.0,0.0,1.2700564705436398e-98,22
I931278978,0.009202453987730062,24.0,0.0,0.0010648069641807938,14
I93131583,0.004984662576687116,20.0,0.00015515949497078645,0.0001568170723421173,29
I931681460,0.009202453987730062,24.0,0.0,0.0010648069641807938,14
I931969281,0.018404907975460124,48.0,0.0,0.0047963212852788996,14
I932239252,0.0003834355828220859,1.0,0.0,2.8306967762805345e-67,283
I93320256,0.0003834355828220859,1.0,0.0,5.7198258474798236e-83,27
I9360294,0.024539877300613498,74.0,0.012798181668868541,0.021363561149361134,14
I93860229,0.0,0.0,0.0,1.2700564705436398e-98,93
I94062374,0.0023006134969325155,6.0,5.7229233279555555e-05,0.0008320765583433054,42
I94234084,0.0,0.0,0.0,1.2700564705436398e-98,127
I94511900,0.0019171779141104294,5.0,0.0,2.8746325596619207e-06,107
I94518387,0.0,0.0,0.0,1.2700564705436398e-98,34
I94625822,0.0011503067484662577,3.0,0.0,2.5759805555334265e-67,65
I94626330,0.0,0.0,0.0,1.2700564705436398e-98,3
I94658018,0.003067484662576687,8.0,0.0,0.001970239869419642,53
I94722563,0.0015337423312883436,4.0,9.109037658000922e-05,0.0004003224700569564,14
I94734805,0.005368098159509203,33.0,0.0,0.08410265250264706,6
I94951947,0.0003834355828220859,1.0,0.0,5.7198258474798236e-83,308
I95457486,0.04409509202453988,179.0,0.020724610218162312,0.13377968609776286,1
I95674353,0.011886503067484663,48.0,7.844226218071059e-07,0.04266636270030508,1
I9579091,0.0003834355828220859,1.0,0.0,1.8269416113380395e-06,2
I95793202,0.0007668711656441718,2.0,0.0,0.00013931075830822315,2
I96062909,0.003450920245398773,9.0,8.95712581275989e-06,0.005383134296364893,2
I9617848,0.0003834355828220859,1.0,0.0,0.00027933381437198515,1
I96413208,0.009969325153374233,26.0,0.001077665945259329,0.0011571466026824352,14
I96673099,0.0015337423312883436,4.0,0.0,8.231134547193565e-05,43
I96698942,0.0011503067484662577,3.0,0.0,7.292461986985851e-05,32
I967637,0.0003834355828220859,1.0,0.0,5.7198258474798236e-83,159
I97018004,0.07860429447852761,313.0,0.16969349681959853,0.21441563930588559,1
I9736820,0.0,0.0,0.0,1.2700564705436398e-98,37
I97553796,0.0007668711656441718,4.0,0.0,4.7956417039078454e-08,26
I97750245,0.0003834355828220859,1.0,0.0,5.7198258474798236e-83,371
I97864281,0.0015337423312883436,4.0,0.0,2.820091872343423e-62,113
I9796191,0.0015337423312883436,4.0,0.0,0.0027174815848678255,45
I98251732,0.01495398773006135,39.0,2.4120995620568502e-05,0.021241772689369835,45
I98259816,0.004984662576687116,13.0,0.0,0.004733669988507977,2
I98285908,0.012269938650306749,32.0,0.004012681343696123,0.013687968345966703,45
I98301712,0.006901840490797546,25.0,0.0010636133408324137,0.013274080416491476,45
I98358874,0.02147239263803681,56.0,0.003281924045071163,0.006706993778737486,14
I98381234,0.0023006134969325155,6.0,0.0012213460221536638,0.00020474532350110795,23
I9842412,0.0015337423312883436,6.0,0.00026329635565094136,0.0005033478124780948,45
I98461037,0.0026840490797546013,7.0,9.160935618961562e-06,0.0006456624218484552,19
I98677209,0.027223926380368097,77.0,0.022131295820915706,0.02315948356582291,19
I98702875,0.0011503067484662577,3.0,0.0,0.00016313120829703433,32
I98704320,0.012653374233128834,47.0,0.0020451613674996446,0.027754808604095772,1
I98805295,0.0003834355828220859,1.0,0.0,5.7198258474798236e-83,193
I98865867,0.0003834355828220859,1.0,0.0,5.7198258474798236e-83,27
I98957242,0.0003834355828220859,1.0,0.0,8.697398333272641e-79,103
I99041443,0.0015337423312883436,4.0,0.0,0.0037380203949192634,45
I99043593,0.003834355828220859,10.0,0.0,0.0047193006111931725,1
I99065089,0.04562883435582822,177.0,0.0668442470139805,0.10090201509742304,45
I99165933,0.0003834355828220859,1.0,0.0,5.7198258474798236e-83,54
I9927081,0.004217791411042945,16.0,0.0010393354606874836,0.004349468643993659,53
I99464096,0.01035276073619632,27.0,1.6227742988634496e-05,0.0071628537502598675,2
I99613584,0.0011503067484662577,3.0,0.0,0.00014486690509552458,1
I99682543,0.0007668711656441718,2.0,0.0,2.769626070603924e-05,19
RAW_ANTHROPIC,0.0007668711656441718,2.0,0.0,0.003158458794756246,1
RAW_COHERE,0.0011503067484662577,3.0,0.0,0.004768776388121199,45
RAW_META,0.011886503067484663,36.0,0.004653047229266614,0.01993576402662681,1
RAW_MICROSOFT,0.007668711656441718,21.0,0.0064564109227515445,0.010834581928602564,33
RAW_NVIDIA,0.006134969325153374,27.0,0.002335725244787915,0.009933464824788506,40
RAW_STABILITY_AI,0.0015337423312883436,4.0,0.0,0.0043508556377780255,1
RAW_XAI,0.0,0.0,0.0,1.2700564705436398e-98,38
