id,degree_centrality,weighted_degree,betweenness_centrality,eigenvector_centrality,community
I100005738,0.0016989466530750936,5.0,0.00011873762219384099,0.0005188577407232588,0
I100066346,0.0006795786612300374,2.0,0.0005585388181013699,3.0046485410882906e-05,57
I100191712,0.0006795786612300374,2.0,0.0,0.00027972647037326844,57
I100205273,0.0003397893306150187,1.0,0.0,9.440310735625384e-48,3
I100288624,0.002378525314305131,7.0,0.0,0.00348202814915659,4
I10052268,0.002378525314305131,7.0,0.0003766133159688897,0.000489526119980848,4
I100532134,0.002378525314305131,7.0,0.0,0.0008359706558562634,38
I100538780,0.0003397893306150187,1.0,0.0,9.440310735625384e-48,6
I10091056,0.0010193679918450561,4.0,1.963432569835254e-06,7.014909251246878e-06,7
I100930933,0.011552837240910637,38.0,0.0011003637102090997,0.009523949981530534,2
I101155339,0.0003397893306150187,1.0,0.0,2.568580222023074e-07,9
I101407740,0.0010193679918450561,4.0,0.0,1.5407099377147174e-05,0
I102064193,0.0013591573224600749,4.0,0.000564294370438436,0.00044261910660171606,24
I102134673,0.0016989466530750936,5.0,0.0011648784195804386,0.0002997779973651272,65
I102149020,0.0006795786612300374,2.0,0.0,3.1605613998856546e-05,38
I102248843,0.002378525314305131,7.0,0.0,0.0005957008385086784,2
I102272798,0.0037376826367652057,11.0,0.0,0.003186916123522156,2
I102322142,0.010193679918450561,30.0,7.837247768476811e-05,0.005945202698931882,24
I102335020,0.0010193679918450561,3.0,0.0,0.00033949307507148674,33
I102345215,0.0006795786612300374,2.0,0.0,1.0898049526073149e-06,15
I102398690,0.0020387359836901123,6.0,0.0,0.0005533065504644582,7
I102520234,0.0,0.0,0.0,7.033579599578219e-56,16
I102607778,0.0013591573224600749,4.0,0.0,0.005075286011068092,44
I102893293,0.0003397893306150187,1.0,0.0,9.440310735625384e-48,18
I103163165,0.002378525314305131,7.0,0.0004078934917138144,0.0003482866856715521,9
I103320735,0.0010193679918450561,3.0,0.0,0.00013001563742933589,36
I103406327,0.0,0.0,0.0,7.033579599578219e-56,21
I103434671,0.0027183146449201497,8.0,0.0033461510831333517,7.705820658257485e-06,22
I103531236,0.0027183146449201497,8.0,0.002788844222722859,0.00043920094718265197,9
I103635307,0.0016989466530750936,6.0,1.5014484357563708e-06,0.0026036497098918714,57
I103737770,0.0003397893306150187,2.0,0.0,5.041899203703187e-06,24
I104628220,0.002378525314305131,7.0,0.0,0.0015762486303795948,24
I105036370,0.0013591573224600749,4.0,8.74458968455646e-05,7.942467649473453e-06,25
I105086349,0.0030581039755351687,9.0,0.0,0.0006008742523021019,9
I105126617,0.004077471967380225,14.0,2.3099206703944165e-07,0.010421627181646556,44
I10535382,0.0013591573224600749,4.0,0.0,0.001590864548393976,44
I106053113,0.0,0.0,0.0,7.033579599578219e-56,27
I106118109,0.0030581039755351687,9.0,0.00015769058443225884,3.41377291333112e-05,22
I106165777,0.01053346924906558,31.0,0.0008850793787188972,0.00956075816936205,57
I106296451,0.0010193679918450561,3.0,0.0,0.0009066081479130409,57
I10660446,0.0003397893306150187,1.0,0.0,1.1950866428447684e-05,44
I106785703,0.008494733265375467,44.0,1.6633713363766558e-05,0.022393403249001482,38
I106826634,0.0,0.0,0.0,7.033579599578219e-56,29
I106938459,0.0013591573224600749,5.0,2.3099206703944165e-07,0.0004714405269642631,30
I107139065,0.0006795786612300374,2.0,0.0,0.0001549156869505255,44
I107326029,0.0006795786612300374,2.0,0.0,0.0006866460741615111,24
I107606265,0.013591573224600749,74.0,6.096557292599565e-06,0.048491683801157565,4
I107639228,0.010873258579680599,33.0,0.0021342827427123837,0.015139429550595981,44
I107672454,0.0027183146449201497,14.0,0.0,0.007111150046625401,57
I108103353,0.0027183146449201497,8.0,0.0,0.0011482876109333154,57
I108108428,0.0016989466530750936,6.0,0.0005585388181013699,4.438839246782059e-05,4
I108290504,0.0,0.0,0.0,7.033579599578219e-56,31
I108403487,0.0003397893306150187,1.0,0.0,5.7363856684930094e-05,65
I108468826,0.0016989466530750936,5.0,7.790207460905171e-05,0.0004524409348205142,44
I108688024,0.014271151885830786,50.0,2.810403482313207e-06,0.039857540734756676,44
I108754898,0.0006795786612300374,2.0,0.0,8.288628620827944e-05,30
I108904480,0.0013591573224600749,4.0,0.0,1.2392979462095303e-05,34
I10902133,0.0,0.0,0.0,7.033579599578219e-56,35
I109173049,0.0013591573224600749,4.0,0.0008577120435952867,3.4082939420316626e-05,36
I109297418,0.0006795786612300374,2.0,0.0,5.363524690499956e-43,37
I109689652,0.0016989466530750936,5.0,0.0,0.0007852773856790045,9
I109736498,0.007475365273530411,24.0,0.000126457523735929,0.0038204878570766653,38
I109935558,0.0027183146449201497,10.0,0.0011166156520686608,0.007840867444831335,44
I109954829,0.0003397893306150187,4.0,0.0,5.240425169153674e-37,39
I110092051,0.0010193679918450561,3.0,3.4648810055916246e-06,6.064152386358146e-06,57
I110166357,0.0,0.0,0.0,7.033579599578219e-56,40
I110181903,0.0010193679918450561,3.0,0.0,0.0015938911741611797,9
I11019714,0.0,0.0,0.0,7.033579599578219e-56,41
I110200422,0.0013591573224600749,4.0,0.0011166156520686608,0.0020369153302509497,4
I110217816,0.0006795786612300374,2.0,0.0,1.1161836050290913e-06,9
I110273157,0.0010193679918450561,3.0,3.5572778324074015e-06,1.1469602830330357e-05,0
I110325482,0.0006795786612300374,2.0,0.0,6.834766257342856e-05,4
I110360157,0.006116207951070337,21.0,0.002300496194059207,0.0005026681790338866,0
I110378019,0.0010193679918450561,3.0,0.0,6.141863032507657e-06,0
I110440473,0.0010193679918450561,3.0,0.0,0.00012642120598131739,44
I110736937,0.004077471967380225,12.0,0.0,5.2302787504652805e-05,38
I110930757,0.0003397893306150187,1.0,0.0,7.950070151395968e-07,57
I111088046,0.007475365273530411,28.0,0.0012616730703617423,0.0107737763747373,57
I11123151,0.0003397893306150187,1.0,0.0,0.00022119492850854658,2
I111381250,0.0030581039755351687,9.0,0.0,0.005409151578169765,44
I111398093,0.0016989466530750936,5.0,1.3859524022366499e-06,9.131682225859598e-39,45
I111455621,0.0006795786612300374,2.0,0.0,0.00047633475063681895,2
I111483173,0.0044172612979952435,15.0,2.38691802607423e-06,0.011455987497822057,38
I111599522,0.0006795786612300374,2.0,0.0,0.000581946823944413,0
I1118541,0.0016989466530750936,5.0,1.2011587486050966e-05,6.720493155310896e-07,36
I111950717,0.011892626571525655,36.0,1.9396375536941603e-05,0.015334636498573657,44
I111966504,0.0003397893306150187,1.0,0.0,9.440310735625384e-48,46
I111979921,0.011213047910295617,34.0,0.0012429798623425873,0.008605902718627023,2
I112048516,0.006795786612300374,20.0,0.0,0.011643551959961806,57
I112260969,0.0006795786612300374,2.0,0.0,0.0003167077746747146,30
I112475681,0.0013591573224600749,4.0,0.0,0.00023808068155828504,57
I112862951,0.0,0.0,0.0,7.033579599578219e-56,47
I112982808,0.0006795786612300374,2.0,0.0,5.363524690499956e-43,48
I113145275,0.0,0.0,0.0,7.033579599578219e-56,49
I113306721,0.004757050628610262,14.0,0.0,0.0004572245512357525,7
I113389987,0.0003397893306150187,1.0,0.0,0.0005661056256021993,44
I113428412,0.002378525314305131,7.0,0.0,0.0008359706558562634,38
I113508548,0.0016989466530750936,6.0,2.370335262242755e-06,4.127973573429713e-05,9
I113940042,0.006116207951070337,18.0,0.00031851881110847016,0.012849489004821066,44
I113979032,0.0013591573224600749,4.0,0.0,0.002042113472373552,4
I114017466,0.0044172612979952435,14.0,0.0008272447399338963,0.008151253364884923,44
I114027177,0.006455997281685355,21.0,0.0027968519477135595,0.004521260215685892,38
I11406153,0.002378525314305131,7.0,0.0,0.009561994048924575,44
I114090438,0.004757050628610262,14.0,2.915697366205353e-05,0.0009892544967382941,36
I114129787,0.0003397893306150187,1.0,0.0,9.440310735625384e-48,50
I114234892,0.0,0.0,0.0,7.033579599578219e-56,51
I114395901,0.002378525314305131,7.0,0.0005732068143583745,0.0001040742877158032,9
I114457229,0.018008834522595992,54.0,0.0011795697900346999,0.013353494986833232,2
I114493937,0.0003397893306150187,1.0,0.0,9.132082302537762e-08,57
I114531698,0.004757050628610262,14.0,5.351316219747066e-06,0.009067764286908786,44
I114772536,0.0010193679918450561,3.0,0.0,0.000956803048536991,44
I114832834,0.0020387359836901123,6.0,0.0,0.00595402320159162,44
I114845381,0.0,0.0,0.0,7.033579599578219e-56,52
I114972647,0.0013591573224600749,4.0,0.00115395936957337,4.246731962276446e-06,58
I115209984,0.0016989466530750936,5.0,0.0,8.562570145189498e-35,54
I115212828,0.0010193679918450561,3.0,0.0,0.002665946447857669,38
I115228651,0.009174311926605505,45.0,0.0017129601718088206,0.037752302597201116,44
I115304662,0.0010193679918450561,3.0,0.0,1.373160202251131e-06,36
I115475287,0.0027183146449201497,8.0,0.0010605296782292609,0.0011326975559932373,2
I115498069,0.0020387359836901123,6.0,0.0,4.621931313602463e-33,56
I116067653,0.0020387359836901123,6.0,1.8036630567996406e-05,0.0002129082983106581,38
I116121188,0.0003397893306150187,1.0,0.0,0.0006432205265076782,44
I116631150,0.0013591573224600749,4.0,0.0,8.3244243153884e-05,9
I116660002,0.003397893306150187,11.0,2.952848590320862e-06,0.0015879262409588407,24
I116953780,0.013931362555215767,44.0,0.004721179210542375,0.027741406433213787,44
I11701301,0.004757050628610262,16.0,1.0394643016774874e-06,0.011830574457202401,44
I117222138,0.0016989466530750936,5.0,2.9220496480489368e-05,2.7764611410329475e-07,58
I1174212,0.019367991845056068,68.0,0.005477636644986234,0.02361389316293509,57
I117532281,0.0020387359836901123,6.0,2.741105862201374e-06,0.0017097153074126807,44
I117965899,0.006795786612300374,21.0,0.00025920759803346066,0.009114210820400506,57
I118019719,0.0006795786612300374,2.0,0.0,3.6002687940860757e-05,58
I118020396,0.0,0.0,0.0,7.033579599578219e-56,59
I118118575,0.004077471967380225,12.0,2.3099206703944166e-06,0.005021680696375186,57
I118292597,0.0,0.0,0.0,7.033579599578219e-56,60
I118298837,0.0,0.0,0.0,7.033579599578219e-56,61
I118347636,0.006455997281685355,21.0,0.0007312284874200566,0.002412666803325574,38
I118373667,0.0006795786612300374,2.0,0.0,8.529998767360833e-05,9
I118501908,0.0020387359836901123,6.0,1.1549603351972083e-06,8.854055752127915e-35,54
I118564535,0.00815494393476045,25.0,0.00027528307351750895,0.0013157013788199336,65
I118590987,0.0010193679918450561,3.0,0.0,3.0894241564095194e-09,62
I118692353,0.0003397893306150187,1.0,0.0,0.0006705608338749371,44
I11893660,0.0003397893306150187,1.0,0.0,9.440310735625384e-48,63
I11923345,0.002378525314305131,8.0,0.0001417906304843773,0.00034784771312145287,9
I119234918,0.0006795786612300374,2.0,0.0,3.958887666445363e-05,24
I119241673,0.0013591573224600749,4.0,0.0,0.0004994405939994727,24
I119273862,0.0013591573224600749,4.0,0.0,0.0004794215468885726,44
I11932220,0.0037376826367652057,11.0,7.5649901955417145e-06,0.0049415304032574174,38
I119439378,0.0013591573224600749,4.0,0.0022313833676010065,4.7430776329291716e-05,65
I119443389,0.0006795786612300374,2.0,0.0005585388181013699,9.012614506290179e-06,57
I119474363,0.0020387359836901123,6.0,0.0,1.649025903234666e-05,7
I11957088,0.0006795786612300374,2.0,0.0,0.0006701169279684059,9
I119668213,0.0,0.0,0.0,7.033579599578219e-56,67
I119744171,0.0013591573224600749,4.0,0.0,5.283984308153559e-09,68
I11983389,0.0010193679918450561,3.0,0.0,7.2138349622818755e-06,25
I11986463,0.0010193679918450561,3.0,0.0,1.373160202251131e-06,36
I119939252,0.0003397893306150187,1.0,0.0,5.986777493580863e-05,57
I120250893,0.0010193679918450561,4.0,0.0005585388181013699,0.0010611232888079272,2
I12079687,0.0006795786612300374,2.0,0.0,5.143007145905871e-06,0
I12097938,0.0,0.0,0.0,7.033579599578219e-56,69
I12113309,0.0003397893306150187,1.0,0.0,9.461532739550844e-05,4
I121345201,0.0013591573224600749,4.0,0.0,0.00027071465419871036,9
I12138139,0.0020387359836901123,6.0,0.0,0.0006824286911181638,57
I121748325,0.0016989466530750936,5.0,0.0005585388181013699,1.3908794290594417e-06,36
I12176630,0.0010193679918450561,3.0,0.0,1.2670570585496477e-39,70
I121797337,0.0044172612979952435,14.0,1.1838343435771384e-05,0.010746351634545724,44
I121934306,0.0016989466530750936,5.0,0.0,0.0032331064536911523,44
I121980950,0.002378525314305131,7.0,0.0007523411623474623,0.0002477877770856653,57
I122140584,0.0020387359836901123,6.0,0.0,9.312757668306106e-05,2
I122266389,0.0,0.0,0.0,7.033579599578219e-56,71
I122346577,0.0006795786612300374,2.0,0.0,3.5199704014707513e-07,36
I122411786,0.0,0.0,0.0,7.033579599578219e-56,72
I122964287,0.0,0.0,0.0,7.033579599578219e-56,73
I123044942,0.0020387359836901123,6.0,0.0,0.0009832001778109622,38
I12315562,0.0003397893306150187,1.0,0.0,1.0072881248655376e-07,38
I123387679,0.004757050628610262,14.0,0.005593549900715756,0.002109314406968872,58
I123431417,0.002378525314305131,7.0,0.0,0.008845792797560679,44
I123443094,0.0006795786612300374,2.0,0.0,5.481130153025225e-07,22
I123534392,0.0030581039755351687,14.0,0.00018593706436339857,0.00025415543459644623,0
I123565023,0.0010193679918450561,3.0,0.0,5.756823608718248e-06,74
I123900574,0.0016989466530750936,5.0,0.0,0.001520481663723925,57
I123946342,0.0013591573224600749,4.0,0.0,0.001067494737598149,57
I124055696,0.008494733265375467,30.0,0.0023765291578591316,0.01653353815361236,57
I12411659,0.0010193679918450561,3.0,0.0,0.00022410168214924122,44
I124227911,0.0016989466530750936,7.0,7.699735567981388e-08,0.0005748685818100433,24
I124246371,0.0013591573224600749,4.0,0.0,0.0005646358671667521,44
I124601658,0.0020387359836901123,6.0,6.53212566720821e-05,0.0001401311791581094,36
I124633538,0.0013591573224600749,4.0,6.703389785484597e-05,4.006036541633883e-05,9
I12524447,0.0006795786612300374,2.0,0.0,4.362402704727971e-05,57
I125602781,0.004757050628610262,14.0,0.0,0.0004572245512357525,7
I125671874,0.0010193679918450561,3.0,0.0,0.00037311672452570397,2
I125680101,0.015630309208290862,48.0,0.00012522448403092966,0.013258923652892135,2
I125749732,0.009174311926605505,28.0,0.001828140516170253,0.0043509784239698845,30
I125839683,0.010193679918450561,32.0,0.0006426930779916226,0.019902482668404137,44
I125904092,0.0006795786612300374,2.0,0.0,0.0001624780363229888,44
I125934054,0.0010193679918450561,3.0,0.0,0.000720617454309413,44
I12607205,0.0003397893306150187,1.0,0.0,0.00015181064009023732,2
I126131087,0.0020387359836901123,6.0,0.0,0.0004648181526298284,0
I126145234,0.0013591573224600749,4.0,0.0,5.240425169153674e-37,75
I12615008,0.0020387359836901123,6.0,0.0,0.004212902983242183,44
I126231945,0.0010193679918450561,3.0,0.0011166156520686608,0.0006706998785383497,76
I126307644,0.0016989466530750936,5.0,0.0,4.636726599162041e-06,9
I126345244,0.0013591573224600749,4.0,0.0,0.0008125885156110239,57
I126350171,0.0016989466530750936,5.0,7.1607540782226915e-06,5.7918751847515794e-05,38
I126477371,0.0010193679918450561,3.0,0.0,4.228288384743358e-05,30
I126520041,0.029561671763506627,136.0,0.013146494159951052,0.10852993899042328,44
I126596746,0.0010193679918450561,3.0,0.0,7.237015216470895e-39,45
I126744593,0.0050968399592252805,15.0,0.0,0.0033784607622367713,4
I126820664,0.0013591573224600749,4.0,0.0,0.0001648178900472099,30
I12708293,0.0020387359836901123,6.0,0.0,0.0003296567874908732,65
I127328727,0.0006795786612300374,2.0,0.0,4.362402704727971e-05,57
I127336678,0.0010193679918450561,3.0,0.0,4.228288384743358e-05,30
I127462306,0.0006795786612300374,2.0,0.0,0.0001942219305666949,2
I127859547,0.0,0.0,0.0,7.033579599578219e-56,77
I1279858714,0.0013591573224600749,4.0,0.0,0.002989406244273484,4
I1280339224,0.0003397893306150187,1.0,0.0,1.2982268970541871e-45,78
I1280640908,0.0,0.0,0.0,7.033579599578219e-56,79
I1281027232,0.0013591573224600749,4.0,0.0,0.0005621697146171577,24
I1281412581,0.0003397893306150187,1.0,0.0,9.440310735625384e-48,80
I1281504905,0.0010193679918450561,3.0,0.0,0.0027038722988305974,4
I1281661879,0.0010193679918450561,3.0,0.0,8.911448269089537e-07,4
I1281704429,0.0016989466530750936,5.0,0.0,0.001925900951401064,2
I1282070171,0.0003397893306150187,1.0,0.0,0.0017263975796575548,4
I1282105669,0.007475365273530411,23.0,3.2463485106530986e-05,0.004002172566952016,65
I1282311441,0.0016989466530750936,5.0,2.3099206703944165e-07,0.0020638377158536674,44
I1282776028,0.0003397893306150187,1.0,0.0,6.47942844694908e-05,57
I1282927834,0.01053346924906558,32.0,0.0005541290695453646,0.01501678200075969,44
I12832649,0.0016989466530750936,6.0,0.0005228351442726401,7.011296181062586e-05,9
I1283280774,0.02922188243289161,156.0,0.00593391149501086,0.07708920739148217,4
I1283473643,0.0006795786612300374,2.0,0.0,0.0008666890014329743,57
I1283613182,0.0027183146449201497,9.0,0.0002791539130171652,2.7055861888557107e-05,22
I1284598098,0.0027183146449201497,11.0,0.0,0.005684974079255517,57
I1285013897,0.0016989466530750936,6.0,2.4677652495380344e-06,0.0002780028758886192,33
I1285204247,0.004757050628610262,14.0,3.087593962760537e-05,0.0011510340548690895,4
I1285399213,0.0016989466530750936,5.0,0.0,0.0051146721638725,44
I1285985921,0.0010193679918450561,3.0,0.0,0.0011781354147382954,2
I1286353243,0.0010193679918450561,3.0,0.0,5.570711651090634e-05,30
I1286490081,0.0006795786612300374,2.0,0.0,0.00011318077052765452,57
I128649747,0.0010193679918450561,3.0,0.0,0.0009066081479130409,57
I12870472,0.0010193679918450561,5.0,0.001674230501901873,1.1407768764838805e-05,0
I1287896540,0.0006795786612300374,2.0,0.0,0.0022103419864765604,57
I1288882113,0.014271151885830786,63.0,0.0011462785166902346,0.02697362562175576,4
I1289243028,0.0027183146449201497,8.0,6.0827910987052965e-06,0.0018112988390106763,9
I128956969,0.0,0.0,0.0,7.033579599578219e-56,82
I1289784979,0.0027183146449201497,11.0,1.7324405027958123e-07,0.0025290344254294095,24
I1289910757,0.0016989466530750936,6.0,4.273353240229671e-06,0.00013999594190531385,57
I1290206253,0.031260618416581724,135.0,0.013212681103559536,0.05814258795961532,57
I129043915,0.0,0.0,0.0,7.033579599578219e-56,83
I12912129,0.014610941216445805,54.0,0.003919568090273071,0.023615926520698216,57
I1291425158,0.028542303771661573,130.0,0.010386080763392437,0.056849637756756624,57
I129162050,0.0003397893306150187,1.0,0.0,9.440310735625384e-48,84
I1291836623,0.0016989466530750936,6.0,0.0,0.0005188274762644011,30
I1292020679,0.0013591573224600749,4.0,0.0,0.002989406244273484,4
I1292859797,0.0016989466530750936,5.0,0.0,0.00013769725469822027,30
I1292875679,0.0030581039755351687,15.0,0.0011121806043815036,0.001210792861098395,38
I1292966370,0.0013591573224600749,4.0,0.0,0.0001648178900472099,30
I1292974536,0.0010193679918450561,3.0,0.0,0.0006517993002918727,57
I1293309919,0.0016989466530750936,5.0,0.0,4.636726599162041e-06,9
I1293718874,0.0050968399592252805,15.0,0.0,4.9456166694753455e-06,58
I1294278766,0.0020387359836901123,6.0,0.0,0.003597347329187622,4
I1294350288,0.0003397893306150187,1.0,0.0,8.366444439511232e-05,44
I1294504835,0.0006795786612300374,2.0,0.0,1.3777008594397892e-05,85
I1294606314,0.01597009853890588,64.0,0.0032035655299490085,0.04782572060686398,44
I1294671590,0.02922188243289161,113.0,0.02410298006597098,0.02780710167939809,38
I1295876152,0.0020387359836901123,6.0,0.0,0.0006824286911181638,57
I129604602,0.020387359836901122,86.0,0.008972651071475022,0.06350968674348897,44
I129643931,0.0003397893306150187,1.0,0.0,9.440310735625384e-48,86
I129672417,0.0006795786612300374,2.0,0.0,5.363524690499956e-43,87
I1296812847,0.0020387359836901123,6.0,0.0,0.0030401883060597397,4
I129708740,0.003397893306150187,10.0,2.7719048044732997e-06,0.002285499071976414,44
I1297288678,0.004757050628610262,14.0,0.0,0.00039534067144012745,65
I1297363086,0.0013591573224600749,4.0,0.0,0.000499099012663874,57
I129774422,0.0044172612979952435,13.0,3.557277832407401e-05,0.0012897109121225052,30
I1297971548,0.0020387359836901123,8.0,0.0,0.0022902686627880153,57
I1298353152,0.0010193679918450561,3.0,6.4677778771043666e-06,0.00012213849662834664,9
I1298354342,0.0006795786612300374,2.0,0.0,2.0848513395715898e-05,4
I1299218025,0.005776418620455318,17.0,0.0,0.005001780670960219,57
I1299303238,0.015630309208290862,65.0,0.0015252643095144836,0.014889609809212218,57
I1299343005,0.0,0.0,0.0,7.033579599578219e-56,88
I129975664,0.0027183146449201497,8.0,0.0,0.0012940923345842977,57
I1300757298,0.0030581039755351687,9.0,0.0,0.01044914210303954,44
I1301102746,0.003397893306150187,10.0,0.0,0.0018119137224811227,30
I130238516,0.009174311926605505,27.0,0.0011274722792195147,0.00667830803778011,4
I1302611135,0.0003397893306150187,1.0,0.0,9.440310735625384e-48,89
I1303153112,0.0003397893306150187,1.0,0.0,0.00025334901643610697,57
I130343225,0.0010193679918450561,3.0,0.0,3.2679019638680437e-07,36
I1303691731,0.0054366292898402994,20.0,2.566578522660463e-07,0.00035826074269376077,36
I1304082316,0.0006795786612300374,2.0,0.0,0.00011041109008172232,57
I1304085615,0.0013591573224600749,4.0,5.774801675986041e-07,0.0006702502212109598,30
I1304132090,0.0006795786612300374,2.0,0.0,0.0007003099670570621,38
I1304256225,0.0003397893306150187,1.0,0.0,0.0002898148088377244,57
I130438778,0.0030581039755351687,10.0,2.7719048044732997e-06,0.004768329654938704,38
I1305001552,0.0003397893306150187,1.0,0.0,0.00019596784923297622,44
I1305444813,0.0013591573224600749,4.0,0.0,0.001288310885279972,57
I1305996414,0.003397893306150187,14.0,4.6198413407888336e-08,0.003487179105765184,2
I1306409833,0.010873258579680599,37.0,0.0036329695495934213,0.019623440506345863,57
I130692619,0.0003397893306150187,1.0,0.0,9.440310735625384e-48,91
I130701444,0.027862725110431533,90.0,0.0014802412416391423,0.03344714488155539,2
I130769515,0.014271151885830786,44.0,0.0029597050593363297,0.013549771933353988,57
I130785548,0.0027183146449201497,9.0,0.0006046046860612664,0.0012982051970203746,57
I130828816,0.0030581039755351687,9.0,0.001513769662608479,0.0008061746437082729,58
I1308683654,0.006795786612300374,20.0,0.0,0.011643551959961806,57
I130929987,0.003397893306150187,10.0,0.0,0.0007602731700209176,65
I1310019138,0.0003397893306150187,1.0,0.0,9.440310735625384e-48,92
I1310342693,0.0013591573224600749,4.0,0.0,0.0006016973860084329,2
I1311060795,0.0020387359836901123,6.0,0.0,0.0005533065504644582,7
I1311688040,0.011552837240910637,37.0,0.0017178726031011923,0.019356559045022696,57
I1311921367,0.0006795786612300374,2.0,0.0,0.00012234866895894901,57
I131249849,0.0003397893306150187,1.0,0.0,3.53011553621316e-06,57
I131359167,0.0006795786612300374,2.0,0.0,5.363524690499956e-43,93
I1314135232,0.0003397893306150187,2.0,0.0,0.00024435142208706524,44
I131434179,0.0027183146449201497,8.0,0.0,0.008091762177597678,44
I1314596251,0.004077471967380225,12.0,0.0,0.0032447359290198696,57
I1315279114,0.0003397893306150187,1.0,0.0,2.9227886760582976e-05,68
I1315496137,0.004757050628610262,14.0,0.0,0.002694503855470875,4
I1315649409,0.0013591573224600749,4.0,0.0,0.0012673824132109568,2
I1315708478,0.0013591573224600749,4.0,0.0,0.0009860759585352621,57
I1315852903,0.002378525314305131,7.0,0.0,0.007178147573883012,44
I1316064682,0.0003397893306150187,1.0,0.0,9.285556983367968e-05,57
I1316535847,0.01291199456337071,48.0,7.343402805517452e-05,0.027074050321422356,4
I1316902750,0.013591573224600749,46.0,0.00034173819701843305,0.005065117692466263,24
I131729948,0.005776418620455318,18.0,0.0020689491960777587,0.0009855610979433852,36
I1317621060,0.0010193679918450561,3.0,0.0,0.00011151592973302988,58
I1317635190,0.0013591573224600749,4.0,0.0,0.0006623762691589815,2
I131827901,0.0003397893306150187,1.0,0.0,2.5209496018515935e-06,24
I1318643470,0.0016989466530750936,5.0,0.0,0.0005446055956180012,44
I1318687432,0.006795786612300374,20.0,0.0,0.011643551959961806,57
I1320320070,0.002378525314305131,10.0,0.0,0.008550131516447762,4
I132053463,0.004757050628610262,14.0,0.0,0.002694503855470875,4
I1320796813,0.004757050628610262,19.0,3.730521882686982e-05,0.006536805898238898,24
I132118926,0.0003397893306150187,1.0,0.0,1.7092778792421253e-05,38
I1321296531,0.002378525314305131,7.0,0.0,0.00267739019600929,4
I1321305853,0.003397893306150187,10.0,4.619841340788833e-07,0.005269985688474727,4
I1321430492,0.0003397893306150187,1.0,0.0,0.0005705896850842486,4
I132153292,0.0016989466530750936,5.0,9.701666815656549e-06,0.00026331758690068923,95
I1322300227,0.0003397893306150187,1.0,0.0,1.4748683841384136e-08,36
I132286405,0.0020387359836901123,6.0,0.0,0.0001845085932401261,85
I1323252656,0.0030581039755351687,9.0,4.715593052387801e-05,0.0006653895232221604,44
I1323276237,0.0,0.0,0.0,7.033579599578219e-56,96
I132369690,0.0016989466530750936,5.0,0.0,0.0038731747650172007,44
I1323778983,0.0027183146449201497,8.0,0.0,0.002635464102053231,2
I1323843004,0.0020387359836901123,6.0,0.0,0.0008288514711005089,57
I1324252669,0.0016989466530750936,5.0,5.043326797027808e-06,0.0003291144411674132,2
I1324925910,0.0016989466530750936,5.0,0.0,0.003504320597078333,44
I1325675289,0.0054366292898402994,24.0,5.582308286786506e-07,0.012973633700548303,24
I1325886976,0.0013591573224600749,4.0,0.0005585388181013699,0.0013854862598112019,2
I1325899441,0.009174311926605505,44.0,0.0001479119202609225,0.01176367330377424,30
I1326498283,0.0016989466530750936,5.0,0.0,0.001945513974911907,38
I1326872476,0.0044172612979952435,14.0,2.0019312476751613e-06,0.0016623541234639433,24
I1327163397,0.0054366292898402994,16.0,3.7420714860389556e-05,0.0017708152552826117,24
I1327237609,0.0003397893306150187,1.0,0.0,9.440310735625384e-48,97
I1327576362,0.0016989466530750936,5.0,0.0,0.000775334531590098,2
I132806614,0.0006795786612300374,3.0,0.0,4.967817679396142e-09,65
I132976966,0.0044172612979952435,15.0,1.2358075586610128e-05,9.965599223651796e-05,38
I1330342723,0.006116207951070337,22.0,0.004465031007440111,0.004118992629127758,4
I1330693074,0.004077471967380225,13.0,0.0,0.007462293915123734,57
I1330855593,0.0,0.0,0.0,7.033579599578219e-56,98
I1330989302,0.004757050628610262,14.0,0.0,0.00039534067144012745,65
I1331384533,0.0016989466530750936,5.0,0.0,0.0007928566830826025,57
I1332387789,0.0010193679918450561,3.0,0.0,8.911448269089537e-07,4
I1333535994,0.0003397893306150187,1.0,0.0,4.5813729131457315e-05,38
I1334627681,0.0013591573224600749,4.0,0.0,0.0002705400675317008,38
I1334819555,0.011213047910295617,33.0,0.0016949207913352633,0.008777113478619954,4
I1335113835,0.0006795786612300374,2.0,0.0,0.00028059504891010526,2
I133529467,0.0013591573224600749,4.0,0.0,0.0013314900150740638,2
I1335321130,0.009174311926605505,33.0,4.419648216021317e-06,0.015226433931784819,4
I1336096307,0.0013591573224600749,4.0,0.0,0.00020115663373749312,57
I133731052,0.002378525314305131,7.0,2.149766170580404e-05,0.0003473098298117801,7
I133738476,0.0030581039755351687,9.0,0.00018725300250346826,0.004056112381867705,0
I133743585,0.0,0.0,0.0,7.033579599578219e-56,99
I1338503839,0.0010193679918450561,3.0,0.0,9.944962684975912e-06,38
I133868755,0.0020387359836901123,6.0,0.0,0.005080164079545319,44
I1339471597,0.0013591573224600749,4.0,0.0,0.0005450117787432786,22
I1340753257,0.0016989466530750936,5.0,0.0,8.562570145189498e-35,54
I1340755506,0.0006795786612300374,2.0,0.0,0.0003167077746747146,30
I134085113,0.0020387359836901123,6.0,0.0,2.256706400040585e-05,58
I1341030882,0.0016989466530750936,5.0,0.0,4.636726599162041e-06,9
I134113660,0.0003397893306150187,1.0,0.0,9.440310735625384e-48,100
I1341412227,0.0030581039755351687,11.0,0.0011166156520686608,0.004127836315282308,4
I134161618,0.0003397893306150187,1.0,0.0,9.440310735625384e-48,101
I1342360035,0.0020387359836901123,6.0,0.0,0.0021024017033110893,4
I1342911587,0.0010193679918450561,3.0,0.0,0.0011793503286847773,57
I1342924430,0.0010193679918450561,3.0,0.0,0.0002486863564015156,24
I1343052199,0.0030581039755351687,9.0,0.0,0.005316605305731411,4
I1343180700,0.0054366292898402994,18.0,6.256585130096877e-05,0.004120816266124538,57
I1343551460,0.0037376826367652057,11.0,2.0019312476751613e-06,0.0014606345719783075,57
I1343573832,0.0010193679918450561,3.0,0.0,0.002007944422384482,2
I1343871089,0.0016989466530750936,5.0,9.239682681577666e-07,0.0004329189024176806,57
I134446601,0.009174311926605505,39.0,2.0211805865951153e-05,0.013820375539652171,57
I13469542,0.0006795786612300374,2.0,0.0,5.363524690499956e-43,102
I134820265,0.0020387359836901123,6.0,0.0,0.003352491517564862,57
I134841294,0.0010193679918450561,3.0,0.0,1.2670570585496477e-39,103
I13511017,0.0003397893306150187,1.0,0.0,9.440310735625384e-48,104
I135140700,0.009514101257220523,28.0,2.96208827300244e-05,0.00863323693105193,2
I1351752,0.0027183146449201497,8.0,3.349384972071904e-06,0.0014699320324233116,57
I135310074,0.020387359836901122,69.0,0.0025677263165751105,0.02860528127539841,57
I135474949,0.0,0.0,0.0,7.033579599578219e-56,105
I135598925,0.0,0.0,0.0,7.033579599578219e-56,106
I135836153,0.0006795786612300374,2.0,0.0,0.0018591880280013201,44
I135905480,0.0030581039755351687,9.0,0.0,0.0006008742523021019,9
I13591777,0.002378525314305131,7.0,0.0005585388181013699,0.005272424704800361,44
I136199984,0.08154943934760449,413.0,0.1139511518582843,0.1703927679223729,4
I136830121,0.0020387359836901123,6.0,0.0,2.256706400040585e-05,58
I137407579,0.0003397893306150187,1.0,0.0,9.440310735625384e-48,107
I137853757,0.0003397893306150187,1.0,0.0,9.440310735625384e-48,108
I137867983,0.0003397893306150187,1.0,0.0,0.0013570986879386782,44
I137902535,0.003397893306150187,10.0,0.0011245848783815217,0.003641637596763749,57
I137975476,0.0054366292898402994,16.0,1.7516898417157654e-05,0.0004584626381856958,7
I138006243,0.007475365273530411,24.0,0.00084658420909184,0.004122328781108874,57
I138564716,0.0006795786612300374,2.0,0.0,7.648272420418374e-06,68
I138622004,0.0006795786612300374,2.0,0.0,1.9861257276727783e-05,9
I138689650,0.0006795786612300374,2.0,0.0,5.438684506947137e-06,24
I138873065,0.0013591573224600749,4.0,0.0,0.0006016973860084329,2
I138898306,0.0030581039755351687,9.0,0.0,0.0009172040961922394,24
I138925566,0.0020387359836901123,6.0,0.0,0.00019195224991165548,2
I139024713,0.011892626571525655,93.0,0.00019248623944507871,0.08712337777976928,44
I139025015,0.0006795786612300374,2.0,0.0022313833676010065,2.9486885227160633e-05,62
I139264467,0.007475365273530411,23.0,0.0004277136026984101,0.003999533000096592,9
I139322472,0.004077471967380225,12.0,0.003764428218241699,0.0022621495565845516,58
I13955877,0.0044172612979952435,14.0,0.0011168466441357004,0.0012132201558892703,24
I139660479,0.032279986408426775,111.0,0.007501152415486692,0.04042679499425412,44
I139759216,0.017329255861365956,82.0,0.004400909259573299,0.07094634565977137,44
I13985625,0.0006795786612300374,2.0,0.0,2.409488812636239e-42,109
I139924743,0.003397893306150187,10.0,0.0,0.0006239051200740345,0
I140172145,0.012572205232755693,37.0,0.0007115712458420368,0.012860186313617673,24
I141103825,0.0006795786612300374,2.0,0.0,0.00199176844781437,44
I14116566,0.0016989466530750936,5.0,0.0,0.0038731747650172007,44
I141301092,0.0020387359836901123,6.0,0.0,0.005825726383294885,44
I141445968,0.0016989466530750936,5.0,0.0,0.0007852773856790045,9
I141568987,0.0044172612979952435,14.0,9.81716284917627e-06,0.010270820110178507,44
I141584323,0.0003397893306150187,1.0,0.0,3.370366769208088e-05,38
I141591182,0.0013591573224600749,4.0,0.0,8.051545683647152e-08,22
I141596103,0.0020387359836901123,6.0,0.0005809450486041958,0.0002720741793353197,9
I141649914,0.0016989466530750936,5.0,0.0022313833676010065,0.00491761499938209,44
I141720752,0.0003397893306150187,1.0,0.0,3.727664017549085e-42,110
I141810926,0.0013591573224600749,4.0,0.0,0.0005450117787432786,22
I141930137,0.011892626571525655,56.0,2.7719048044732997e-06,0.03650851785391552,4
I141945490,0.012232415902140675,39.0,0.000507965304947532,0.01273845818464188,44
I141962983,0.0030581039755351687,9.0,6.769222524590838e-05,0.0046059446344407905,44
I141988045,0.0010193679918450561,3.0,0.0,8.86752777519463e-06,0
I142024983,0.002378525314305131,7.0,0.0005629661660529592,0.00022132666009975013,0
I142078773,0.0030581039755351687,12.0,1.5399471135962775e-07,0.01777513381404342,44
I142108993,0.0016989466530750936,5.0,0.0,0.0016800991685174324,30
I142204992,0.0013591573224600749,4.0,0.0,0.0007044750208958884,68
I142207940,0.0013591573224600749,4.0,0.0,0.0009484072815194265,57
I142263535,0.015630309208290862,46.0,0.0,0.014018360812341195,2
I142415962,0.0010193679918450561,3.0,0.0,0.001521919811270544,44
I14243506,0.02344546381243629,96.0,0.015770695187015186,0.057830038936718016,44
I142444530,0.004077471967380225,13.0,0.0030362636755965873,0.0011034890440202753,22
I14245010,0.0003397893306150187,1.0,0.0,9.440310735625384e-48,112
I142476485,0.0027183146449201497,9.0,5.813300353825948e-06,0.0006526502064764562,38
I142606810,0.0013591573224600749,4.0,0.0,0.00023808068155828504,57
I142617266,0.0037376826367652057,11.0,0.0011166156520686608,0.0003618385457570291,30
I142631665,0.0016989466530750936,5.0,0.0,0.00031891210960339453,38
I142740786,0.0010193679918450561,3.0,0.0,0.00022960343767479706,2
I142879360,0.0016989466530750936,5.0,0.0,0.002518977162874194,4
I142899784,0.0003397893306150187,1.0,0.0,9.440310735625384e-48,107
I142974352,0.0006795786612300374,2.0,0.0,0.002298640304746225,38
I143002897,0.0006795786612300374,2.0,0.0,0.00028448190303148867,38
I14303183,0.0003397893306150187,1.0,0.0,9.440310735625384e-48,6
I143288331,0.0010193679918450561,3.0,0.0,0.00013317649554425205,2
I143302722,0.005776418620455318,18.0,0.0020002911873330874,0.004461918029644438,85
I143593769,0.0027183146449201497,8.0,0.0,0.007354918486724475,44
I143804889,0.0016989466530750936,5.0,0.0,0.0020219248510911086,44
I143868143,0.0030581039755351687,11.0,4.619841340788833e-07,0.010894338787580128,44
I143914637,0.0006795786612300374,2.0,0.0,5.363524690499956e-43,37
I143923087,0.0030581039755351687,9.0,0.0019426432838017043,2.3634365642788817e-05,58
I14396692,0.0006795786612300374,2.0,0.0,0.0003278352981142141,38
I144112489,0.002378525314305131,7.0,0.0,0.001730718699527313,4
I144614875,0.0,0.0,0.0,7.033579599578219e-56,113
I144648426,0.0010193679918450561,3.0,0.0,5.6563230730663234e-05,57
I145311948,0.027522935779816515,91.0,0.009652083635158374,0.04383288145743741,44
I145597306,0.015290519877675842,45.0,0.0,0.012528356734462318,2
I145608581,0.0016989466530750936,5.0,0.0,0.000775334531590098,2
I145673806,0.0010193679918450561,3.0,0.0,9.077729499263812e-05,4
I145847075,0.004077471967380225,12.0,0.00017225738416465567,0.00333433782803456,9
I145872427,0.0027183146449201497,11.0,0.003911718934836622,0.00016402734287958434,65
I145894827,0.0020387359836901123,6.0,1.816752607265209e-05,0.0007155894838054069,57
I145897649,0.0003397893306150187,1.0,0.0,9.440310735625384e-48,89
I146071755,0.0013591573224600749,4.0,0.0,2.9868580800869292e-05,36
I146087005,0.0006795786612300374,2.0,0.0,0.00032113556825914277,30
I146165071,0.0006795786612300374,2.0,0.0,2.0848513395715898e-05,4
I146367977,0.0027183146449201497,8.0,0.0005585388181013699,1.1893971854616414e-05,0
I146416000,0.0006795786612300374,2.0,0.0,0.00037490025533575423,57
I146496621,0.0003397893306150187,1.0,0.0,2.534861140744187e-05,9
I146500386,0.0020387359836901123,10.0,0.0011075299640984425,0.00011646059279792137,7
I146613903,0.0013591573224600749,4.0,0.0,2.9868580800869292e-05,36
I146620803,0.004757050628610262,14.0,0.0011206580132418513,0.005632816847029353,44
I146655781,0.008834522595990487,26.0,0.0005299200592887369,0.006409868024587481,9
I146824383,0.0003397893306150187,1.0,0.0,9.440310735625384e-48,114
I146977602,0.0003397893306150187,1.0,0.0,4.5193257297910355e-07,30
I148099254,0.0006795786612300374,2.0,0.0,8.342308486183363e-05,38
I148099405,0.0006795786612300374,2.0,0.0,0.0001624780363229888,44
I148128674,0.0006795786612300374,2.0,0.0,0.0003323635520938886,44
I148158369,0.0010193679918450561,3.0,0.0,2.3386083311663743e-05,58
I148283060,0.014950730547060823,46.0,0.00018091408686751474,0.01569307755839897,57
I148366613,0.007135575942915393,21.0,0.009528653757444008,0.00039679926421625313,58
I14894300,0.0003397893306150187,1.0,0.0,0.00012574131531211305,44
I14916453,0.0016989466530750936,5.0,0.0,0.0012848814067304682,44
I149218525,0.0054366292898402994,17.0,0.000580021080336038,0.0015283635458658046,65
I149251103,0.0003397893306150187,1.0,0.0,9.440310735625384e-48,115
I149313025,0.0003397893306150187,1.0,0.0,9.440310735625384e-48,116
I149594827,0.007815154604145431,25.0,0.0011876196802439879,0.014705272129669876,44
I149704539,0.0027183146449201497,8.0,0.0011236609101133639,0.0006717055045807786,57
I149899117,0.002378525314305131,7.0,0.0,0.00038515615416505317,2
I149910238,0.0,0.0,0.0,7.033579599578219e-56,117
I150209017,0.0020387359836901123,6.0,0.0,0.0027783246214581597,4
I150229711,0.018008834522595992,61.0,0.005169537562571489,0.030957119638720904,44
I150468666,0.025484199796126403,81.0,0.0012385489061815798,0.027837401291453984,2
I150513749,0.0,0.0,0.0,7.033579599578219e-56,118
I150744194,0.002378525314305131,7.0,0.0005585388181013699,0.0022601379645911983,30
I150807315,0.002378525314305131,8.0,0.0006262271934794942,0.003151585870008973,57
I150870154,0.0,0.0,0.0,7.033579599578219e-56,120
I150913223,0.0006795786612300374,2.0,0.0,5.363524690499956e-43,121
I151013683,0.0010193679918450561,3.0,0.0,1.2670570585496477e-39,103
I151075929,0.0013591573224600749,4.0,0.0,0.0031185197900411984,57
I151201029,0.0006795786612300374,2.0,2.3099206703944165e-07,1.8359700848515714e-45,122
I151221077,0.0003397893306150187,1.0,0.0,0.0019934875811688573,44
I151727225,0.0044172612979952435,13.0,9.219168386100126e-05,0.010503570663448461,44
I151746483,0.018008834522595992,83.0,0.012769253565524798,0.05589809231376107,44
I151903974,0.0,0.0,0.0,7.033579599578219e-56,123
I15196421,0.003397893306150187,10.0,0.0011166156520686608,0.004174184700638918,57
I152031979,0.0054366292898402994,16.0,0.0011166156520686608,0.008154893113045746,38
I152269853,0.0006795786612300374,2.0,0.0,0.00029940968286173845,44
I152743029,0.0050968399592252805,15.0,0.0,4.9456166694753455e-06,58
I152815399,0.02378525314305131,141.0,0.012177925423507185,0.10648539924005261,44
I153230381,0.0030581039755351687,14.0,0.0004971631259267663,0.004950597645631476,38
I153297377,0.004077471967380225,12.0,0.0,0.0011247105902707612,4
I153473198,0.0,0.0,0.0,7.033579599578219e-56,124
I153512688,0.0006795786612300374,2.0,0.0,8.342308486183363e-05,38
I153648349,0.003397893306150187,10.0,0.00015070307440431574,0.00048524336868124374,2
I153718931,0.005776418620455318,17.0,0.003520865782906414,0.004090237449917773,30
I153845743,0.0016989466530750936,5.0,0.0,8.562570145189498e-35,54
I153976015,0.0003397893306150187,1.0,0.0,1.0945626168427457e-05,0
I154057602,0.0003397893306150187,1.0,0.0,9.440310735625384e-48,92
I154093214,0.0013591573224600749,4.0,0.0,0.0007966094177719166,44
I154099455,0.012232415902140675,41.0,0.0016402746680470775,0.029264993727976984,44
I154130895,0.009174311926605505,32.0,0.0022323331849814273,0.009749188368289766,4
I154338468,0.0030581039755351687,9.0,0.0,0.0003617642319401014,30
I154347574,0.0,0.0,0.0,7.033579599578219e-56,125
I154425047,0.013931362555215767,45.0,0.004669121940011883,0.015979826357570975,4
I154526488,0.009174311926605505,29.0,0.0015853577707247467,0.0005155762808337713,38
I154549908,0.0006795786612300374,2.0,0.0,7.667013096950989e-05,57
I154570441,0.0037376826367652057,11.0,1.3621382200871076e-05,0.008545655260719053,44
I154757721,0.0013591573224600749,6.0,0.0,0.00036213919721397864,38
I154799132,0.0,0.0,0.0,7.033579599578219e-56,126
I154864474,0.0006795786612300374,2.0,0.0,0.00035203993647399065,38
I155093810,0.0013591573224600749,4.0,0.0,0.0004794215468885727,44
I155173764,0.0013591573224600749,4.0,1.5399471135962775e-07,0.00043470877017254896,24
I155660961,0.0044172612979952435,14.0,0.0011166156520686608,0.0021303202617085275,57
I155671955,0.0010193679918450561,3.0,0.0,8.618222602044061e-05,9
I155765044,0.0006795786612300374,2.0,0.0,1.6746891803741338e-06,4
I155781252,0.003397893306150187,10.0,0.0005560358540606637,0.005566083230791783,44
I156087764,0.0006795786612300374,2.0,0.0,0.0016107511803973142,57
I156144747,0.006455997281685355,19.0,4.15785720670995e-06,0.009662589819530006,44
I156216236,0.0006795786612300374,2.0,0.0005585388181013699,1.578492820819255e-05,2
I156983542,0.0006795786612300374,2.0,0.0,6.289404348096084e-08,0
I157153078,0.0010193679918450561,3.0,0.0,3.7249191462905297e-07,58
I157349981,0.0020387359836901123,6.0,0.0,0.0006717170062591922,24
I157386601,0.0006795786612300374,2.0,0.0,5.363524690499956e-43,127
I157392197,0.0006795786612300374,4.0,0.0,7.845358584227533e-06,0
I157394403,0.0003397893306150187,1.0,0.0,0.00026120158402207356,2
I157485424,0.01053346924906558,40.0,0.00742339755825766,0.00833349056971799,9
I157536573,0.0013591573224600749,4.0,0.0,0.0019344475320195523,24
I157582758,0.011892626571525655,61.0,0.003154909450944725,0.03764108803056878,4
I157614274,0.0010193679918450561,3.0,0.0,2.293414433684153e-05,0
I157638225,0.0006795786612300374,3.0,0.0,0.0033743010388619303,44
I15766117,0.0020387359836901123,6.0,0.0,0.00019195224991165548,2
I15766328,0.0003397893306150187,1.0,0.0,9.440310735625384e-48,128
I157725225,0.030241250424736667,118.0,0.0201064044017793,0.05594521905916649,57
I157773358,0.041114509004417266,167.0,0.00985897196332587,0.10254931986915329,44
I157943965,0.0,0.0,0.0,7.033579599578219e-56,129
I158133745,0.0,0.0,0.0,7.033579599578219e-56,130
I15823474,0.0006795786612300374,2.0,0.0,0.00029940968286173845,44
I158239267,0.0010193679918450561,3.0,0.0,3.0894241564095194e-09,62
I158248296,0.0,0.0,0.0,7.033579599578219e-56,131
I158338959,0.0020387359836901123,6.0,0.0,2.897151661437257e-05,0
I158438070,0.0,0.0,0.0,7.033579599578219e-56,132
I158552681,0.0013591573224600749,4.0,0.0,0.0004321538946515587,4
I158708052,0.0037376826367652057,11.0,0.002268261251103854,0.0006205163589711746,0
I158716096,0.0003397893306150187,4.0,0.0,5.240425169153674e-37,39
I15873915,0.002378525314305131,7.0,0.0,1.1892762973617232e-05,0
I158743462,0.0020387359836901123,7.0,4.388849273749392e-06,0.00010095765699253747,9
I158809036,0.0006795786612300374,2.0,0.0,0.0006249408883045078,44
I158842170,0.014271151885830786,43.0,0.0017088177140732453,0.0239362107511844,44
I158867519,0.0016989466530750936,5.0,0.0005585388181013699,7.847074935469868e-05,57
I15896350,0.0,0.0,0.0,7.033579599578219e-56,133
I159176309,0.004077471967380225,13.0,0.0019683911995410333,0.0010031674414345616,65
I159385669,0.0020387359836901123,8.0,0.0002670081301397868,0.0023804838950830984,7
I159948400,0.0044172612979952435,15.0,2.811173455870005e-05,0.0045167216730267554,57
I160856358,0.0013591573224600749,6.0,0.0004915010703787401,0.0011652950268405096,2
I160968435,0.0013591573224600749,4.0,0.0,0.0007044750208958884,68
I160992636,0.0020387359836901123,6.0,6.929762011183249e-07,0.0013588187196590972,30
I160993911,0.0050968399592252805,15.0,0.004656827020589631,0.001080383127034569,0
I161046081,0.004757050628610262,15.0,0.00026689355074145356,6.599483907250044e-05,38
I161057412,0.0016989466530750936,5.0,0.0,9.896091366679516e-05,68
I161104310,0.0,0.0,0.0,7.033579599578219e-56,134
I161106909,0.0003397893306150187,1.0,0.0,3.527698271205682e-05,24
I161222507,0.002378525314305131,7.0,0.0,0.005371321697206586,57
I161296585,0.0006795786612300374,2.0,0.0,0.0003278352981142141,38
I161318765,0.015290519877675842,55.0,0.0023552396973363973,0.025013172228727863,57
I161346416,0.0020387359836901123,7.0,0.0005599247705036066,0.0002631774577099089,65
I161593684,0.0003397893306150187,1.0,0.0,2.137363835392046e-05,58
I161856759,0.0010193679918450561,3.0,4.619841340788833e-07,0.00015062447459245662,30
I161878677,0.006795786612300374,20.0,0.0003278910392380395,0.009596368802811155,38
I161913731,0.0010193679918450561,3.0,0.0,4.631758774470909e-08,58
I162281398,0.003397893306150187,10.0,0.0,0.0011168583466374124,24
I162290304,0.0016989466530750936,5.0,0.0,0.00016661391770109496,38
I162577319,0.006116207951070337,23.0,0.004010422670054238,0.006363665915195884,0
I162608824,0.003397893306150187,10.0,0.0,0.0006239051200740345,0
I16269868,0.004757050628610262,14.0,5.774801675986041e-07,0.005948501896665818,57
I162714631,0.0037376826367652057,12.0,1.51382301077634e-05,0.0049626589179423515,57
I162720556,0.0006795786612300374,2.0,0.0,5.363524690499956e-43,37
I162827531,0.0013591573224600749,4.0,0.0,0.002598938457429932,44
I162838928,0.0006795786612300374,2.0,0.0,5.363524690499956e-43,136
I16285277,0.0003397893306150187,1.0,0.0,9.440310735625384e-48,137
I162868743,0.016989466530750934,56.0,0.0023635162989905133,0.03079951811314829,44
I162884033,0.002378525314305131,7.0,2.3070974340194902e-05,0.0008125558845767909,24
I16295237,0.0016989466530750936,5.0,0.0,0.0012848814067304682,44
I163151501,0.0027183146449201497,8.0,0.0,0.006803562795987553,44
I163245316,0.0,0.0,0.0,7.033579599578219e-56,138
I163340411,0.0050968399592252805,16.0,0.0008858930757740985,0.012239204751303578,44
I16365422,0.008834522595990487,31.0,1.1934590130371153e-05,0.02184842657827252,44
I163753206,0.0006795786612300374,2.0,0.0,5.363524690499956e-43,139
I163770644,0.004757050628610262,14.0,0.0,0.0004572245512357525,7
I16391192,0.025144410465511385,108.0,0.0071708890327220375,0.01131618383454452,24
I164213776,0.0016989466530750936,5.0,0.0,0.0025124502452472538,44
I164389053,0.0010193679918450561,3.0,0.0,0.00012623519165531687,9
I164936912,0.0013591573224600749,4.0,0.0,4.85029698565913e-05,85
I164950643,0.0003397893306150187,1.0,0.0,1.2290754465834225e-05,24
I165028127,0.0016989466530750936,5.0,0.0,0.00015226755573609265,24
I165075387,0.0013591573224600749,4.0,0.0,0.001231079108818748,57
I165143802,0.004757050628610262,14.0,0.0005919941691442492,0.0015783335017523295,4
I165368041,0.006795786612300374,37.0,9.455021440044837e-07,0.02399119760369372,38
I165390105,0.0013591573224600749,4.0,0.001674230501901873,2.987910783486805e-07,62
I165488957,0.0010193679918450561,3.0,0.0,0.001781657485573747,44
I165524941,0.006455997281685355,21.0,3.819068841718768e-06,0.010224606815046559,4
I165526535,0.0006795786612300374,2.0,0.0005585388181013699,0.0023062028048601224,44
I165556055,0.0006795786612300374,2.0,0.0,0.001954092570995081,4
I165638839,0.0006795786612300374,2.0,0.0,2.572012568169252e-06,57
I165678365,0.0010193679918450561,3.0,0.0,0.000697187535865015,25
I165690674,0.0,0.0,0.0,7.033579599578219e-56,140
I165733156,0.012572205232755693,46.0,0.002921931493773374,0.019345350005278514,44
I165779595,0.004757050628610262,16.0,0.001256280330564607,0.0020198309162120873,24
I165799507,0.005776418620455318,21.0,2.6079004368752964e-05,0.011957745896422038,57
I165831266,0.002378525314305131,7.0,0.0,2.247285296375901e-05,0
I165932596,0.04417261297995243,231.0,0.07123625055011398,0.16571670261674412,44
I165998391,0.0010193679918450561,3.0,0.0,6.722934625757138e-05,95
I166088655,0.0,0.0,0.0,7.033579599578219e-56,141
I16609230,0.012232415902140675,47.0,0.0035618585526558193,0.012155749662734677,24
I166182418,0.0016989466530750936,5.0,0.0,7.198800980308068e-35,142
I166337079,0.0054366292898402994,16.0,0.003737956527358981,0.003517528643487025,58
I166416128,0.0016989466530750936,10.0,0.0002791539130171652,0.005450895278950624,57
I166644833,0.0020387359836901123,6.0,0.0,0.003136363866484942,57
I166722992,0.006116207951070337,18.0,0.0001646358459111446,0.00281298527598089,4
I166825849,0.0020387359836901123,6.0,0.0,0.00019195224991165548,2
I166843116,0.0,0.0,0.0,7.033579599578219e-56,143
I167027274,0.0027183146449201497,8.0,9.239682681577666e-07,0.002793881285337015,44
I167056439,0.0013591573224600749,4.0,0.0,0.00014837546072713915,68
I16733864,0.0044172612979952435,13.0,8.100121817516419e-05,0.0027174536676135563,57
I16820183,0.002378525314305131,8.0,0.0004578332432995921,0.0015289313908353353,57
I16835326,0.018688413183826028,60.0,0.000193201764871789,0.012738961555255467,2
I168635309,0.0030581039755351687,14.0,0.0011238341541636439,0.0028498777447461435,30
I168719708,0.02888209310227659,98.0,0.018538328654845677,0.042125812452778695,0
I168864056,0.015290519877675842,45.0,0.0,0.012528356734462318,2
I168879160,0.008834522595990487,29.0,0.0003282937170755411,0.016169460087224405,44
I169019527,0.0006795786612300374,2.0,0.0,0.00015894410244773175,44
I169108374,0.0,0.0,0.0,7.033579599578219e-56,144
I169109204,0.0003397893306150187,1.0,0.0,9.440310735625384e-48,112
I169199633,0.0010193679918450561,5.0,0.0005585388181013699,2.3588902481711276e-07,0
I169222155,0.002378525314305131,7.0,0.0,0.0036315498326232954,4
I169335092,0.002378525314305131,9.0,0.0002661760087173326,0.00022530627272535336,0
I169381384,0.003397893306150187,10.0,0.0,0.0006239051200740345,0
I169427155,0.0,0.0,0.0,7.033579599578219e-56,145
I169521973,0.0,0.0,0.0,7.033579599578219e-56,146
I169541294,0.0013591573224600749,4.0,0.0,0.0004994405939994727,24
I169689159,0.0006795786612300374,2.0,0.0,0.00015894410244773175,44
I169877490,0.0,0.0,0.0,7.033579599578219e-56,147
I170164250,0.0020387359836901123,6.0,2.629459696465644e-05,0.00021684594950931442,85
I170201317,0.02650356778797146,98.0,0.005647646126222407,0.025271780690296917,57
I170215575,0.0054366292898402994,16.0,0.00020559063940067145,0.0059508731304724,44
I170230895,0.0003397893306150187,1.0,0.0,0.0006359552553085804,2
I170238339,0.0010193679918450561,3.0,0.0,0.0023703457579336584,44
I170239107,0.0010193679918450561,3.0,0.0,0.00036059286561968847,38
I170486558,0.0037376826367652057,11.0,6.005793743025483e-06,0.00182608517644094,57
I170558118,0.0010193679918450561,3.0,0.0,5.421160382669919e-05,0
I170583851,0.0016989466530750936,5.0,0.0,7.198800980308068e-35,142
I170658231,0.017669045191980974,52.0,6.390780521424554e-05,0.012785273256357749,2
I170897317,0.007135575942915393,22.0,7.621638250077577e-06,0.0073785885399322215,57
I170979836,0.0010193679918450561,3.0,0.0,6.722934625757138e-05,95
I171210897,0.0013591573224600749,4.0,8.662202513979062e-07,0.0021336823543181495,85
I171256487,0.002378525314305131,7.0,0.0,1.1892762973617232e-05,0
I17145004,0.008834522595990487,32.0,0.0030635491551980303,0.010445872361060204,44
I171543936,0.0006795786612300374,2.0,0.0,5.363524690499956e-43,148
I172553438,0.0003397893306150187,1.0,0.0,2.6064553543114316e-05,57
I172675005,0.051987767584097865,296.0,0.08987390389641595,0.19683398341836952,44
I172780181,0.0016989466530750936,5.0,4.619841340788833e-07,0.00027860458935877874,44
I172901346,0.0,0.0,0.0,7.033579599578219e-56,149
I172980758,0.0016989466530750936,5.0,0.0005585388181013699,7.543058129119599e-06,0
I17301866,0.0037376826367652057,12.0,0.00015360770798381802,0.0008019029800240709,9
I173029219,0.0006795786612300374,2.0,0.0,7.886721489712798e-08,22
I173063890,0.0006795786612300374,2.0,0.0,2.817735994866903e-05,2
I173089394,0.0003397893306150187,1.0,0.0,1.758836346800981e-35,54
I173093425,0.007815154604145431,42.0,0.0,0.02967497931222974,4
I173207729,0.0006795786612300374,2.0,0.0,8.250553628262762e-06,58
I173759888,0.005776418620455318,17.0,9.81716284917627e-06,0.004743793466618499,24
I173888879,0.0006795786612300374,2.0,0.0,6.867236992322678e-06,0
I17389662,0.0010193679918450561,3.0,0.0,0.0010462122212726607,57
I173899330,0.0027183146449201497,8.0,0.000346753191455146,0.0025436878637034883,33
I173911158,0.0016989466530750936,10.0,0.0,0.00015011012674904871,0
I174025329,0.0,0.0,0.0,7.033579599578219e-56,150
I174104030,0.0013591573224600749,4.0,0.0,0.0023006028064104073,57
I174135032,0.0,0.0,0.0,7.033579599578219e-56,151
I174216632,0.004757050628610262,15.0,7.033158460239e-06,0.002031139917697911,24
I174306211,0.0050968399592252805,17.0,8.45093643615664e-05,0.002853004594142788,57
I1743320,0.0044172612979952435,16.0,1.1549603351972083e-06,0.010275238590942962,4
I17442442,0.0006795786612300374,2.0,0.0,0.0026207044930345747,44
I174458059,0.0,0.0,0.0,7.033579599578219e-56,152
I174612323,0.0006795786612300374,2.0,0.0,5.363524690499956e-43,153
I174878644,0.0003397893306150187,1.0,0.0,9.440310735625384e-48,154
I175234967,0.003397893306150187,10.0,0.0,0.0008125536196702783,24
I17533244,0.0010193679918450561,3.0,0.0,3.0894241564095194e-09,62
I175532246,0.0003397893306150187,1.0,0.0,9.440310735625384e-48,155
I175594653,0.003397893306150187,10.0,7.699735567981388e-08,0.0037737741570399988,57
I176453806,0.003397893306150187,10.0,0.0005641211263881563,0.00032193210655954784,2
I176601375,0.002378525314305131,9.0,0.0006582118950288889,0.0005913755818437545,30
I176790772,0.0010193679918450561,3.0,4.619841340788833e-07,0.0013195738194056838,44
I177064439,0.0010193679918450561,3.0,0.0,3.686523001886537e-06,0
I177144353,0.0,0.0,0.0,7.033579599578219e-56,156
I17721919,0.00815494393476045,27.0,1.5707460558682032e-06,0.0156786719195523,44
I17747738,0.002378525314305131,7.0,0.0,0.005559602152596345,44
I177537411,0.0,0.0,0.0,7.033579599578219e-56,157
I177605424,0.0013591573224600749,4.0,0.0,0.0001466966769160986,0
I177639307,0.0027183146449201497,8.0,4.444479863228058e-05,0.0003997747376891152,38
I177725633,0.03703703703703704,192.0,0.06444964707243729,0.1765436651266361,44
I177738480,0.0003397893306150187,1.0,0.0,0.00031191066984933256,44
I177739611,0.0010193679918450561,3.0,0.0,0.0013851539175838055,44
I177802217,0.0013591573224600749,4.0,0.0,8.739147022792184e-06,36
I177837019,0.0010193679918450561,3.0,0.0,0.0013851539175838055,44
I177877127,0.009174311926605505,27.0,5.2088711117394096e-05,0.00479925439769636,24
I177909021,0.002378525314305131,7.0,0.0,2.6779057151461554e-05,22
I177918364,0.0,0.0,0.0,7.033579599578219e-56,158
I177969490,0.0,0.0,0.0,7.033579599578219e-56,159
I178169726,0.0020387359836901123,6.0,0.0,0.0029188803046256645,57
I178450904,0.0006795786612300374,2.0,0.0,5.363524690499956e-43,127
I178535277,0.0013591573224600749,5.0,1.1549603351972083e-07,7.2277441754214126e-06,0
I179093154,0.0006795786612300374,2.0,0.0,5.6220005566514216e-05,24
I179225836,0.003397893306150187,12.0,0.0024346019384656322,0.0023949348179989733,2
I179331831,0.0003397893306150187,1.0,0.0,3.2943660453494114e-06,7
I17937529,0.004077471967380225,16.0,0.0,0.00020994476242031627,36
I17974374,0.002378525314305131,7.0,0.0,2.6779057151461554e-05,22
I18014758,0.0054366292898402994,16.0,0.001677243848414514,0.005388079875213329,30
I180203408,0.0006795786612300374,2.0,0.0,6.999188695272016e-05,4
I180242103,0.0044172612979952435,13.0,5.15112309497955e-06,0.003206225355928081,2
I180297670,0.0044172612979952435,15.0,1.2358075586610128e-05,9.965599223651796e-05,38
I180437899,0.0037376826367652057,11.0,2.982107585479192e-05,0.0018639251503752756,57
I180519160,0.011213047910295617,33.0,0.0004931074645693181,0.00890280851322539,2
I180662265,0.0010193679918450561,3.0,0.0,0.00227506126864238,38
I180664298,0.0020387359836901123,6.0,0.0,0.0006717170062591922,24
I180670191,0.030920829085966703,131.0,0.012049726164715847,0.05631986701298384,4
I180726961,0.017669045191980974,59.0,0.007342624490580452,0.03778942211732673,44
I180825142,0.0003397893306150187,1.0,0.0,0.00037026777810402405,44
I180857899,0.0013591573224600749,4.0,0.0,0.0004516780221533804,30
I180923762,0.005776418620455318,17.0,4.619841340788833e-06,0.00482005507104839,36
I180949307,0.0027183146449201497,9.0,0.0012969242097318652,0.0007044539516613055,0
I181046868,0.0020387359836901123,6.0,0.00031203178389244563,0.0012224385084574597,2
I181085462,0.0006795786612300374,2.0,0.0,2.418019529516494e-07,58
I181190671,0.0016989466530750936,5.0,0.0,0.0028855966638268262,4
I181231927,0.0006795786612300374,2.0,0.0,0.0006192799830062883,2
I181326427,0.0020387359836901123,7.0,0.0011170006388470598,0.0012826568086216,160
I181343428,0.0010193679918450561,3.0,0.0,5.978037622441792e-05,38
I181369854,0.0013591573224600749,5.0,0.0002791539130171652,1.4703177208803627e-06,36
I181391015,0.0013591573224600749,4.0,4.619841340788833e-07,0.0002637312723365571,2
I181397559,0.0,0.0,0.0,7.033579599578219e-56,161
I181514455,0.0013591573224600749,4.0,1.6169444692760916e-06,5.531553082551064e-05,57
I181547552,0.004757050628610262,19.0,0.0003329453656573073,0.004901297434548558,38
I181565077,0.0003397893306150187,1.0,0.0,7.64051468220312e-08,0
I181647926,0.002378525314305131,7.0,0.0,0.00045546072374986655,2
I181653535,0.0013591573224600749,4.0,0.0,0.0011018179443950304,57
I181679659,0.002378525314305131,7.0,0.002994943044671016,0.0028596056461456694,36
I181697535,0.0044172612979952435,14.0,2.0019312476751613e-06,0.0016623541234639433,24
I181877577,0.0003397893306150187,1.0,0.0,0.0011372617057534753,44
I182212641,0.0020387359836901123,8.0,0.0005585388181013699,0.0016866667566167923,38
I18241798,0.0003397893306150187,1.0,0.0,1.0026652708823489e-06,68
I182534213,0.0037376826367652057,11.0,1.3859524022366499e-06,0.0034024242064178453,4
I182722699,0.0016989466530750936,5.0,0.0,0.0038557020538603085,44
I183067930,0.0489296636085627,233.0,0.03256927669833035,0.17991274839356008,44
I183519381,0.015630309208290862,55.0,0.001459236618770134,0.02264735626158083,44
I183638586,0.0006795786612300374,2.0,0.0,5.363524690499956e-43,102
I183697816,0.0020387359836901123,6.0,0.000730507250651029,0.0020713680046345346,30
I183874917,0.002378525314305131,7.0,0.0011166156520686608,0.00296617989578125,57
I183898223,0.0,0.0,0.0,7.033579599578219e-56,163
I183935753,0.02888209310227659,99.0,0.007453972791545747,0.03655188375494559,44
I184558857,0.0020387359836901123,6.0,0.0,1.649025903234666e-05,7
I184565670,0.0013591573224600749,4.0,0.0,0.0040520676348408296,4
I184656255,0.0003397893306150187,1.0,0.0,9.437976892703378e-07,2
I184693016,0.0050968399592252805,15.0,0.0,4.9456166694753455e-06,58
I184925374,0.0,0.0,0.0,7.033579599578219e-56,164
I184942183,0.0054366292898402994,16.0,0.002251941661567517,0.0006711552708401217,0
I184983240,0.002378525314305131,7.0,0.0,0.00348202814915659,4
I184999862,0.0006795786612300374,2.0,0.0,6.867236992322678e-06,0
I1850255,0.024125042473666328,79.0,0.0038363869399120408,0.022168522396937704,2
I185103710,0.004757050628610262,14.0,7.668936625709463e-06,0.005989613069858584,4
I185163786,0.002378525314305131,7.0,0.002814838530000364,4.988803443549314e-05,68
I185203018,0.0010193679918450561,3.0,0.0,1.2670570585496477e-39,165
I185261750,0.04009514101257221,152.0,0.03313456392056872,0.030942887045923097,30
I185443292,0.0003397893306150187,1.0,0.0,9.440310735625384e-48,166
I185492890,0.002378525314305131,7.0,0.001674230501901873,0.0022187201252209993,0
I185523456,0.0003397893306150187,1.0,0.0,0.0011119241376403677,44
I185658715,0.0006795786612300374,2.0,3.618875716951252e-06,0.0011406772612288902,7
I186143895,0.011213047910295617,37.0,0.0007962276551536379,0.01578097311329631,57
I186272606,0.0013591573224600749,4.0,0.0,1.2392979462095303e-05,34
I186335123,0.0003397893306150187,2.0,0.0,5.363524690499956e-43,167
I186903577,0.0016989466530750936,5.0,7.349425098693841e-05,0.0005645178267289406,24
I187400657,0.004077471967380225,12.0,1.8479365363155332e-06,0.005468308664686704,65
I187531555,0.0006795786612300374,2.0,0.0,5.363524690499956e-43,168
I187792471,0.0003397893306150187,1.0,0.0,9.440310735625384e-48,169
I188329596,0.007475365273530411,24.0,0.0001051013905029459,0.010701788972251231,38
I188497080,0.0013591573224600749,4.0,0.0,0.0009125805382390507,30
I188538660,0.011213047910295617,33.0,0.001396559662951496,0.0032382267280103585,65
I188703185,0.0,0.0,0.0,7.033579599578219e-56,170
I188740104,0.0006795786612300374,2.0,0.0,0.0005325510328890325,57
I188760350,0.0013591573224600749,4.0,0.0,8.06222732238862e-05,9
I188836384,0.0,0.0,0.0,7.033579599578219e-56,171
I188884621,0.0016989466530750936,5.0,0.0,0.00047462223390111463,172
I188935350,0.0010193679918450561,3.0,0.0,0.0006047969123083608,160
I189158943,0.0013591573224600749,4.0,0.0,1.8421252004014715e-08,65
I189210763,0.0030581039755351687,9.0,0.000563447399525958,0.0011799733598175839,44
I189238007,0.0,0.0,0.0,7.033579599578219e-56,173
I189462010,0.0003397893306150187,1.0,0.0,9.440310735625384e-48,174
I189731429,0.0020387359836901123,7.0,0.0003828539516467388,0.0009254755847107967,57
I190032430,0.0006795786612300374,2.0,0.0,5.363524690499956e-43,175
I190082696,0.0030581039755351687,9.0,0.00022280866731270784,0.0003371137891558093,7
I190249584,0.0,0.0,0.0,7.033579599578219e-56,176
I1902872,0.0003397893306150187,1.0,0.0,9.440310735625384e-48,154
I190632392,0.0010193679918450561,3.0,0.0,2.293414433684153e-05,0
I190930483,0.0020387359836901123,6.0,0.0,4.621931313602463e-33,56
I191208505,0.009174311926605505,29.0,0.003671755217577232,0.01263928815882403,65
I191240316,0.0010193679918450561,3.0,0.0,9.727009384942586e-06,68
I191420491,0.002378525314305131,7.0,0.0,1.1892762973617232e-05,0
I191879574,0.0,0.0,0.0,7.033579599578219e-56,177
I192209268,0.0010193679918450561,3.0,0.0,0.0013851539175838055,44
I192454743,0.0020387359836901123,6.0,0.0,0.0007707434578582448,38
I192455969,0.006795786612300374,24.0,0.0071714457110399425,0.012565161411137574,30
I192878625,0.0,0.0,0.0,7.033579599578219e-56,178
I192891849,0.0003397893306150187,1.0,0.0,7.355155337690805e-06,0
I192915278,0.0006795786612300374,2.0,0.0,0.0007752270626319528,4
I193114190,0.0006795786612300374,2.0,0.0,1.0898049526073149e-06,15
I193223587,0.004077471967380225,14.0,0.0019344815640996442,0.0018813748556846875,65
I193260172,0.004077471967380225,12.0,0.0020002373058502043,2.2823607186939377e-05,58
I193352282,0.0006795786612300374,2.0,0.0,8.529998767360832e-05,9
I193374721,0.0003397893306150187,1.0,0.0,0.0017263975796575548,4
I193531525,0.007815154604145431,24.0,0.00021368984458300082,0.004677324872254508,2
I193662353,0.004757050628610262,14.0,0.00020535964733363161,0.0007703205539818704,2
I193700539,0.0006795786612300374,2.0,0.0,0.000691225168485787,58
I193775966,0.007815154604145431,27.0,0.004048595300758253,0.003843259371670454,9
I194028371,0.004077471967380225,12.0,0.0,0.0021294541485806025,57
I194210350,0.0010193679918450561,3.0,0.0,0.0002874222756502401,38
I194348271,0.0010193679918450561,3.0,0.0,3.7249191462905297e-07,58
I194450716,0.01053346924906558,40.0,0.0119811350318796,0.03595854839414018,44
I194456095,0.0010193679918450561,3.0,0.0,1.2670570585496477e-39,179
I195460627,0.0044172612979952435,14.0,0.00039630538968400214,0.004518567023164429,44
I195575238,0.0010193679918450561,3.0,0.0,0.0019689112333349944,4
I195631090,0.0010193679918450561,3.0,0.0,1.2670570585496477e-39,165
I195740183,0.002378525314305131,7.0,0.0016890024445890457,0.0009140865315342999,38
I195939026,0.0010193679918450561,3.0,0.0,6.520207630131523e-05,95
I196272386,0.003397893306150187,18.0,0.0011166156520686608,0.004262241640168498,57
I196345858,0.0003397893306150187,1.0,0.0,0.00013724407554057498,57
I196699116,0.0010193679918450561,3.0,9.19183432483378e-06,0.0001756933815134682,9
I196829312,0.0006795786612300374,2.0,0.0,6.954447821771515e-06,24
I19700959,0.0006795786612300374,2.0,0.0005585388181013699,0.0008545943735637296,44
I197251160,0.0050968399592252805,18.0,1.6169444692760916e-06,0.0008921202655065407,24
I197323543,0.015290519877675842,45.0,0.0,0.012528356734462318,2
I197347611,0.008834522595990487,28.0,0.003960050999968508,0.002502036767629646,9
I197681013,0.004077471967380225,12.0,0.0,5.2302787504652805e-05,38
I197854408,0.0010193679918450561,3.0,0.0,0.0005620250079440802,2
I197869895,0.005776418620455318,17.0,0.001674230501901873,0.007249276918179255,44
I19820366,0.059463132857628276,374.0,0.09759062881298369,0.2985601878428335,44
I198357462,0.0016989466530750936,5.0,0.0,0.004003498053090186,4
I198645480,0.0006795786612300374,2.0,0.0,0.0016112040990506138,44
I19880235,0.0010193679918450561,3.0,6.929762011183249e-07,8.58397388526215e-42,110
I19894307,0.0010193679918450561,3.0,0.0,0.0006012032671815113,38
I19923696,0.0003397893306150187,1.0,0.0,9.440310735625384e-48,180
I199305430,0.0013591573224600749,4.0,0.0,0.00020392173174844564,68
I199440890,0.0,0.0,0.0,7.033579599578219e-56,181
I200166805,0.006795786612300374,20.0,9.239682681577666e-07,0.008472510630891491,4
I200207707,0.003397893306150187,10.0,0.0,0.0007602731700209176,65
I200252411,0.0006795786612300374,2.0,0.0,0.00016356382238761914,4
I200296433,0.027522935779816515,98.0,0.009142565916858717,0.034914646148642196,44
I200314755,0.0,0.0,0.0,7.033579599578219e-56,182
I200332995,0.0044172612979952435,13.0,7.6034888733816204e-06,0.00014674140519288528,36
I200362191,0.0,0.0,0.0,7.033579599578219e-56,183
I200432940,0.0010193679918450561,3.0,0.0,0.000283497056367356,2
I200650556,0.008494733265375467,26.0,0.0002522240878681503,0.0022075670522392265,0
I200719446,0.01053346924906558,35.0,0.0006107584247234196,0.009337969732825913,4
I200745827,0.0,0.0,0.0,7.033579599578219e-56,184
I200769079,0.03703703703703704,198.0,0.026102502595086712,0.1878250347381789,44
I200777214,0.0030581039755351687,9.0,2.356119083802305e-05,0.00032310120326917955,38
I200845125,0.004077471967380225,13.0,0.0,0.015333996662758519,44
I20089843,0.04417261297995243,170.0,0.05310229770202078,0.08615123754776231,2
I201193091,0.0016989466530750936,5.0,0.0,0.0009289968882705478,57
I20121455,0.0,0.0,0.0,7.033579599578219e-56,185
I201384688,0.0037376826367652057,18.0,0.0022515951734669577,0.0003495762999018766,0
I201448701,0.030241250424736667,120.0,0.012667020051530323,0.05266518166255277,57
I201459984,0.0016989466530750936,6.0,0.0,0.0011049114575098103,68
I201537933,0.0027183146449201497,8.0,0.0005779575512038191,0.0021888180665013677,65
I201726411,0.0010193679918450561,3.0,0.001674230501901873,0.00028099344623670085,186
I201800536,0.0010193679918450561,3.0,0.0,8.04938772043276e-06,7
I201841394,0.0010193679918450561,3.0,0.0,5.864542638475965e-06,38
I20231570,0.058103975535168204,242.0,0.0390667301171849,0.14861189554505794,44
I202334528,0.0003397893306150187,1.0,0.0,0.00014892276214252862,44
I202483615,0.0,0.0,0.0,7.033579599578219e-56,187
I202697423,0.02922188243289161,97.0,0.005982648154581098,0.0274139879190232,2
I202735123,0.0020387359836901123,6.0,0.0,2.256706400040585e-05,58
I202963720,0.0020387359836901123,6.0,0.0,0.0003296567874908732,65
I203172682,0.0010193679918450561,3.0,0.0005585388181013699,0.00034843067322554323,57
I203765153,0.0020387359836901123,6.0,0.0,4.621931313602463e-33,56
I203951103,0.0050968399592252805,15.0,3.926865139670508e-06,0.0005481327602755769,7
I204136569,0.0027183146449201497,8.0,0.0,0.0011482876109333154,57
I204205638,0.002378525314305131,7.0,0.0,0.0005957008385086786,2
I204250578,0.012572205232755693,39.0,0.000733263442533593,0.008942824898242155,36
I204337017,0.020387359836901122,60.0,9.425383804044016e-05,0.017583765985723,2
I204465549,0.007135575942915393,21.0,0.0003377987656436579,0.005761643222728199,4
I204512498,0.014271151885830786,48.0,0.00015116520020019616,0.019836378946730262,44
I204553293,0.0003397893306150187,1.0,0.0,9.440310735625384e-48,188
I204722609,0.0010193679918450561,3.0,0.0,0.0003382134722689228,30
I204730241,0.012232415902140675,43.0,0.007809664967676006,0.003263330087861471,38
I204778367,0.0054366292898402994,16.0,0.000809935184395962,0.00430535556127281,57
I204823248,0.0027183146449201497,8.0,0.0,0.001467386948406633,44
I204824540,0.002378525314305131,7.0,0.0013517655763148125,0.0015583699548806704,2
I204831749,0.0006795786612300374,2.0,0.0,0.00078658289842547,44
I204866599,0.007135575942915393,23.0,3.2916369553120434e-06,0.011659961043537314,4
I204881574,0.002378525314305131,7.0,0.0,2.6779057151461554e-05,22
I204983213,0.01325178389398573,52.0,0.003399202261196744,0.0449677929035832,44
I205023500,0.003397893306150187,10.0,7.622738212301574e-06,0.0009838665450959117,2
I205092303,0.0016989466530750936,5.0,0.0,0.0003021329788539407,38
I205133468,0.0006795786612300374,2.0,0.0,5.363524690499956e-43,189
I205237279,0.0020387359836901123,6.0,3.811369106150787e-06,0.0039299634719181815,44
I205274468,0.005776418620455318,17.0,0.0011358499581715536,0.00718388523660085,9
I205349734,0.005776418620455318,18.0,0.001674230501901873,0.0007787286460169165,7
I205640436,0.007815154604145431,23.0,4.100879163506888e-05,0.0051525311078795604,24
I205783295,0.030241250424736667,116.0,0.010131740067445742,0.03549603646583668,57
I20581793,0.0013591573224600749,4.0,0.0,0.00014837546072713915,68
I206816349,0.0,0.0,0.0,7.033579599578219e-56,190
I206895457,0.0010193679918450561,3.0,0.0,0.0007191938006892677,38
I207014233,0.0,0.0,0.0,7.033579599578219e-56,191
I207123951,0.0003397893306150187,1.0,0.0,1.0544139185377337e-06,9
I207623266,0.0003397893306150187,1.0,0.0,9.440310735625384e-48,192
I207789805,0.0013591573224600749,4.0,0.0,0.0007044750208958884,68
I208081647,0.0013591573224600749,4.0,0.0,7.542291948872295e-06,0
I208626154,0.0020387359836901123,6.0,0.0,0.0032509608273146567,4
I20942203,0.0016989466530750936,5.0,0.0,0.003186842167104678,44
I210716285,0.0027183146449201497,8.0,0.0,0.00730242404214696,44
I21173400,0.0013591573224600749,4.0,0.0,5.283984308153559e-09,68
I21193070,0.008834522595990487,30.0,5.4090642365069245e-06,0.027215514948067353,44
I21196054,0.0013591573224600749,4.0,0.0,0.00011824229817818148,24
I212119943,0.0006795786612300374,2.0,0.0,0.00024168730499040772,57
I212220629,0.0006795786612300374,2.0,0.0,5.363524690499956e-43,93
I21250087,0.0003397893306150187,1.0,0.0,0.00014431895922856994,33
I2135383,0.0010193679918450561,3.0,0.0,0.0007538880941368035,30
I21449261,0.004757050628610262,14.0,0.0,0.00039534067144012745,65
I214977574,0.0,0.0,0.0,7.033579599578219e-56,193
I21642278,0.0020387359836901123,6.0,0.0,0.002477786734565201,44
I218242539,0.0010193679918450561,3.0,0.0,6.354447043270161e-08,0
I2184545,0.015290519877675842,45.0,0.0,0.012528356734462318,2
I219193219,0.007815154604145431,30.0,0.001434554233103972,0.008369570973108954,57
I219388962,0.0013591573224600749,4.0,0.0,8.06222732238862e-05,9
I220619192,0.0,0.0,0.0,7.033579599578219e-56,194
I22265921,0.0006795786612300374,2.0,0.0,5.363524690499956e-43,189
I222723317,0.0030581039755351687,9.0,0.0,0.01044914210303954,44
I22299242,0.007475365273530411,23.0,0.000628021231866834,0.0027891192749517537,7
I223464139,0.0016989466530750936,5.0,0.0,0.0016800991685174324,30
I223532165,0.0006795786612300374,2.0,0.0,0.0004857327849789604,57
I223822909,0.011892626571525655,78.0,0.0030819155911062292,0.0023329462309506044,36
I22465464,0.0006795786612300374,2.0,0.0,0.00012847813345723204,2
I2250650973,0.0,0.0,0.0,7.033579599578219e-56,195
I2250653659,0.02616377845735644,112.0,0.0031636646002666316,0.07854098595515367,44
I2250955327,0.00815494393476045,35.0,0.001496766996531038,0.03781374360258517,44
I2251586001,0.014610941216445805,71.0,4.8992134129804256e-05,0.054184253964013586,4
I2252078561,0.0016989466530750936,5.0,0.0,0.00013769725469822027,30
I227486990,0.0,0.0,0.0,7.033579599578219e-56,196
I2277624104,0.0027183146449201497,10.0,0.0017875326607658323,0.002753676185379907,65
I2279609970,0.004077471967380225,12.0,0.0009084712670379428,0.0012828102910095083,38
I231025917,0.0006795786612300374,2.0,0.0,0.0003167077746747146,30
I231293419,0.0010193679918450561,3.0,0.0,0.002030601577123853,44
I23171815,0.0003397893306150187,1.0,0.0,9.440310735625384e-48,197
I234019344,0.0,0.0,0.0,7.033579599578219e-56,198
I238035932,0.0006795786612300374,2.0,0.0,0.0001987285864866653,95
I238302431,0.0,0.0,0.0,7.033579599578219e-56,199
I23923803,0.012572205232755693,39.0,0.001156552805507002,0.01377563472392845,4
I23946033,0.0006795786612300374,2.0,2.3099206703944165e-07,1.8359700848515714e-45,200
I24027795,0.0044172612979952435,13.0,0.002252018658923196,0.0011253656204454113,0
I241749,0.04009514101257221,140.0,0.009508593632266308,0.054941969871078286,2
I24185976,0.024804621134896367,83.0,0.0026436295931622166,0.03885808201710012,44
I24201400,0.0016989466530750936,5.0,0.0002611365317880888,0.0007268465623646524,57
I243381257,0.0003397893306150187,1.0,0.0,1.408523304758973e-08,36
I243754102,0.0003397893306150187,1.0,0.0,9.440310735625384e-48,201
I24456540,0.0010193679918450561,3.0,0.0,8.618222602044061e-05,9
I244572783,0.004077471967380225,13.0,8.994061116959063e-05,0.00022591705841909547,7
I245213965,0.0,0.0,0.0,7.033579599578219e-56,202
I245308123,0.0010193679918450561,3.0,4.619841340788833e-07,2.8193102993662872e-42,203
I24541011,0.0016989466530750936,5.0,0.0,0.00015226755573609265,24
I24568809,0.0,0.0,0.0,7.033579599578219e-56,204
I24571045,0.0013591573224600749,4.0,0.0,0.0005981697881681776,57
I24603500,0.00815494393476045,24.0,0.0008180859711401623,0.007463607739482546,0
I24676775,0.0,0.0,0.0,7.033579599578219e-56,205
I24768866,0.0006795786612300374,2.0,0.0,5.363524690499956e-43,175
I24943067,0.022426095820591234,78.0,0.003290289501587646,0.05589875629593686,44
I25010766,0.0020387359836901123,6.0,0.0,0.00018450859324012613,85
I250520410,0.0013591573224600749,4.0,0.0,4.85029698565913e-05,85
I25112270,0.0016989466530750936,5.0,0.0,0.0004558943330219582,24
I251424209,0.0003397893306150187,1.0,0.0,9.440310735625384e-48,206
I25169866,0.0006795786612300374,2.0,0.0,4.037347910614589e-39,45
I251738,0.0044172612979952435,16.0,2.7565053333373376e-06,0.010124305681571017,85
I25217355,0.016649677200135916,49.0,0.003182797802790441,0.013943916027503327,38
I25254941,0.004757050628610262,14.0,0.0026394231542906078,0.010517378879172505,44
I25355098,0.0010193679918450561,3.0,0.0,0.0020648522088767144,207
I253932293,0.0010193679918450561,3.0,0.0,7.49407002074089e-05,44
I25399158,0.002378525314305131,9.0,0.001674230501901873,8.61490270288e-05,4
I254029264,0.0010193679918450561,4.0,4.927830763508088e-06,0.0005639565938766771,2
I254421610,0.0003397893306150187,1.0,0.0,9.440310735625384e-48,169
I254887060,0.0003397893306150187,1.0,0.0,9.440310735625384e-48,208
I255234318,0.0013591573224600749,4.0,0.0,2.986858080086929e-05,36
I25757504,0.003397893306150187,10.0,9.239682681577666e-07,0.008446436417701621,44
I25790992,0.003397893306150187,12.0,0.0,0.006291104507474295,4
I25974101,0.003397893306150187,11.0,2.27950671490089e-05,0.0014122866862914564,65
I26080491,0.0010193679918450561,3.0,0.0,1.2670570585496477e-39,103
I26092322,0.0010193679918450561,3.0,0.0,2.293414433684153e-05,0
I2613432,0.0003397893306150187,1.0,0.0,8.654077461101127e-06,44
I26415053,0.0016989466530750936,5.0,0.0,0.0020219248510911086,44
I26489229,0.0003397893306150187,1.0,0.0,0.0005566408087146528,44
I26538001,0.0006795786612300374,2.0,0.0,0.0005141106323540038,57
I266595603,0.0,0.0,0.0,7.033579599578219e-56,209
I267592682,0.0003397893306150187,1.0,0.0,9.440310735625384e-48,137
I26771391,0.0006795786612300374,2.0,0.0,6.863269313868507e-06,76
I2699952,0.0020387359836901123,6.0,0.0,9.312757668306106e-05,2
I271442060,0.0,0.0,0.0,7.033579599578219e-56,210
I27357992,0.007815154604145431,24.0,0.003373157905638047,0.016741372286177617,44
I2738703131,0.004757050628610262,14.0,0.0005585388181013699,0.0025832410750163265,38
I2746051580,0.0037376826367652057,13.0,8.469709124779527e-07,0.0006665772093306238,38
I27483092,0.0006795786612300374,2.0,0.0,5.363524690499956e-43,102
I27504731,0.003397893306150187,16.0,0.0,0.007397631189343962,57
I276256525,0.0,0.0,0.0,7.033579599578219e-56,211
I276309446,0.0003397893306150187,1.0,0.0,9.440310735625384e-48,212
I277688954,0.006455997281685355,22.0,2.677720539043526e-05,0.0031968325555658712,38
I27781120,0.008494733265375467,26.0,0.0,0.009214766516207161,44
I27804330,0.021746517159361198,69.0,0.0009416317365412722,0.02183341859047353,2
I27837315,0.032279986408426775,116.0,0.0089331968155551,0.05203865799055381,57
I27945538,0.0006795786612300374,2.0,0.0,5.363524690499956e-43,148
I2799293361,0.0006795786612300374,2.0,0.0,2.409488812636239e-42,109
I2799299286,0.027862725110431533,150.0,0.002863140521165069,0.11408675695123831,44
I2799300731,0.002378525314305131,7.0,0.0,0.00348202814915659,4
I2799318839,0.0003397893306150187,1.0,0.0,1.1258132903588223e-05,36
I2799333108,0.007815154604145431,42.0,0.0,0.02967497931222974,4
I2799345387,0.0003397893306150187,1.0,0.0,9.440310735625384e-48,213
I2799359763,0.0003397893306150187,1.0,0.0,0.0005335114827803693,57
I2799360765,0.0003397893306150187,1.0,0.0,0.0003596166479127651,57
I2799360972,0.0006795786612300374,4.0,0.0,5.240425169153673e-37,214
I2799376586,0.0013591573224600749,4.0,0.0,0.0005184867637459923,7
I2799391451,0.004757050628610262,14.0,2.5409127374338584e-06,0.0008267426346611913,36
I2799419483,0.0016989466530750936,5.0,0.0,0.00013769725469822027,30
I2799424032,0.0013591573224600749,4.0,0.0,0.0007236674555419359,24
I2799452066,0.002378525314305131,7.0,0.0,2.247285296375901e-05,0
I2799477901,0.0006795786612300374,2.0,0.0,6.834766257342858e-05,4
I2799496773,0.0003397893306150187,1.0,0.0,9.440310735625384e-48,215
I2799503643,0.009853890587835543,32.0,5.775956636321238e-05,0.0077618986289876655,4
I2799530024,0.0003397893306150187,1.0,0.0,1.2290754465834225e-05,24
I2799587377,0.0006795786612300374,2.0,0.0,6.287138428491628e-05,57
I2799651553,0.0013591573224600749,4.0,0.0,4.803875080813408e-07,58
I2799714274,0.0013591573224600749,4.0,0.0,0.0025460851215861873,24
I2799714515,0.0010193679918450561,3.0,0.0,0.0005955390803748883,2
I2799725268,0.0020387359836901123,6.0,0.0,0.0021024017033110893,4
I2799725622,0.0006795786612300374,2.0,0.0,7.667013096950989e-05,57
I2799798094,0.0003397893306150187,1.0,0.0,9.440310735625384e-48,216
I2799807261,0.0050968399592252805,16.0,3.2338889385521833e-06,0.0016161717345189485,24
I2799810409,0.0006795786612300374,2.0,0.0,0.00011406213019222684,57
I2799810450,0.003397893306150187,26.0,1.4437004189965104e-06,0.002817454412865771,24
I2799838188,0.0013591573224600749,4.0,0.0,0.0007837583966062086,30
I2799853436,0.014271151885830786,46.0,1.1106868556813152e-05,0.0265932813426731,44
I2799858192,0.0013591573224600749,4.0,0.0,0.00012236866773760903,58
I2799884508,0.0020387359836901123,6.0,0.0,0.0003296567874908732,65
I2799885155,0.0006795786612300374,2.0,0.0,0.0001234257577398121,44
I2799899409,0.0013591573224600749,4.0,0.0,0.00030459155256036617,24
I2799970807,0.0027183146449201497,11.0,2.694907448793486e-06,0.0027323555297460002,9
I2799971621,0.0016989466530750936,5.0,0.0,0.0015290993486932211,24
I2800015068,0.0016989466530750936,5.0,0.0,0.0006800472534685606,24
I2800091995,0.0027183146449201497,9.0,2.3099206703944166e-06,0.0019042630434879318,44
I2800098698,0.003397893306150187,10.0,0.0,0.0007602731700209176,65
I2800129641,0.0006795786612300374,2.0,0.0,0.0006900490335228212,2
I2800138454,0.004077471967380225,12.0,0.0,0.0011247105902707612,4
I2800139495,0.0006795786612300374,2.0,0.0,8.45215464678927e-05,25
I2800154431,0.0006795786612300374,3.0,0.0,0.0004965480977854903,44
I2800156163,0.006795786612300374,20.0,0.0,0.011643551959961806,57
I2800191616,0.004077471967380225,12.0,3.491041773819027e-05,0.005952978983769198,4
I2800207870,0.0016989466530750936,5.0,0.0,0.00015102122540985941,7
I2800249161,0.0016989466530750936,5.0,0.0,7.198800980308068e-35,142
I2800288331,0.005776418620455318,29.0,3.2998866719920235e-08,0.01317514690223034,4
I2800290161,0.0006795786612300374,2.0,0.0,2.8974412450857414e-05,30
I2800359653,0.0006795786612300374,2.0,0.0,0.00047633475063681895,2
I2800363144,0.0016989466530750936,5.0,0.0,0.0004558943330219582,24
I2800363604,0.0,0.0,0.0,7.033579599578219e-56,217
I2800394112,0.0013591573224600749,4.0,0.0,0.00023215187673452474,7
I2800403580,0.004757050628610262,14.0,0.00019085279554244259,0.003620869074002207,4
I2800419323,0.003397893306150187,10.0,0.0,0.0008125536196702783,24
I2800444561,0.0010193679918450561,3.0,0.0,0.0008748898214951936,44
I2800468613,0.004077471967380225,12.0,0.0,0.0011247105902707612,4
I2800548410,0.010193679918450561,31.0,3.0028968715127415e-06,0.012148164411258449,57
I2800565835,0.0003397893306150187,1.0,0.0,0.00010259215580505046,57
I2800586481,0.0010193679918450561,3.0,0.0,0.0002760436397000921,24
I28006308,0.0016989466530750936,5.0,3.0028968715127415e-06,0.005452093156111894,44
I2800638415,0.0003397893306150187,1.0,0.0,3.2620922694689444e-06,2
I2800717019,0.0006795786612300374,2.0,0.0,0.00015716302895710303,24
I2800717037,0.0010193679918450561,4.0,0.0,0.0005084251661133235,4
I2800745255,0.0006795786612300374,2.0,0.0,0.00044408363810827624,24
I2800762105,0.0030581039755351687,9.0,9.239682681577666e-07,0.004949698332946963,44
I2800794739,0.0,0.0,0.0,7.033579599578219e-56,218
I2800810863,0.0050968399592252805,16.0,0.0,0.017589436043022325,44
I2800817003,0.0030581039755351687,13.0,9.81716284917627e-07,0.004137564216807636,57
I2800857658,0.0016989466530750936,5.0,0.0,0.003341548097574871,85
I2800921988,0.0020387359836901123,6.0,0.0,0.00010578346870815364,38
I2800925808,0.0010193679918450561,3.0,4.2348545623897634e-07,0.0003275955589429468,30
I2800935791,0.0030581039755351687,14.0,3.695873072631067e-07,0.00951045108870603,57
I2800966798,0.0006795786612300374,2.0,0.0,0.0010014400725753031,57
I2801004183,0.0003397893306150187,1.0,0.0,3.0800751987836943e-06,7
I2801036362,0.0010193679918450561,3.0,0.0,8.618222602044061e-05,9
I2801039233,0.0010193679918450561,3.0,0.0,6.354447043270161e-08,0
I2801081054,0.006795786612300374,20.0,0.0,0.011643551959961806,57
I2801112126,0.006455997281685355,20.0,5.641642082419295e-05,0.001736130852926322,65
I2801138614,0.0013591573224600749,4.0,0.0,0.0060348277257045325,44
I2801151526,0.0030581039755351687,9.0,0.0,0.0009172040961922394,24
I2801228662,0.0016989466530750936,5.0,0.0,0.0005446055956180012,44
I2801237587,0.0013591573224600749,4.0,0.0,0.0017286494647324718,2
I2801239119,0.0044172612979952435,17.0,1.3243545176927989e-06,0.00998565116868904,24
I2801240073,0.0020387359836901123,7.0,5.809450486041957e-05,2.466943298952771e-05,36
I2801248553,0.0010193679918450561,3.0,0.0,0.0005734004102846173,57
I2801281511,0.0013591573224600749,4.0,0.0,5.240425169153674e-37,75
I2801301638,0.0,0.0,0.0,7.033579599578219e-56,219
I2801317318,0.0016989466530750936,5.0,0.0,0.002518977162874194,4
I2801345734,0.0003397893306150187,1.0,0.0,7.22777644113556e-05,44
I2801349156,0.0006795786612300374,2.0,0.0,0.00020460874150797037,0
I2801351171,0.003397893306150187,10.0,0.0,0.0008125536196702783,24
I2801356230,0.0006795786612300374,2.0,0.0,0.0008917862057652182,38
I2801403999,0.0003397893306150187,1.0,0.0,9.440310735625384e-48,216
I2801410363,0.0006795786612300374,2.0,0.0,0.00020327477685892,4
I2801418622,0.004757050628610262,14.0,0.0,0.007268238973994915,4
I2801453606,0.0016989466530750936,5.0,0.0,0.00029178913194003744,38
I2801525552,0.0003397893306150187,1.0,0.0,0.0005227882442511689,2
I2801543288,0.0010193679918450561,3.0,0.0,0.002780852308563998,4
I2801556517,0.0003397893306150187,1.0,0.0,9.440310735625384e-48,220
I2801572250,0.004077471967380225,15.0,8.99164120006626e-06,0.002067783371913673,57
I2801577699,0.0027183146449201497,8.0,0.0,0.006952569521905876,44
I2801606333,0.0006795786612300374,2.0,0.0,0.0025158052280915277,44
I2801613365,0.0013591573224600749,5.0,0.0,0.0008028026604061413,2
I2801624344,0.002378525314305131,7.0,3.0028968715127415e-06,0.0007089803670336155,24
I2801628138,0.0020387359836901123,6.0,0.0,0.0005533065504644582,7
I2801652627,0.004757050628610262,25.0,7.452244067581987e-07,0.01022957370625589,4
I2801670537,0.002378525314305131,15.0,0.0,0.004046713727452123,57
I2801703238,0.0037376826367652057,11.0,0.0,0.004859442796220374,44
I2801766832,0.005776418620455318,17.0,1.5973101435777395e-05,0.01527923456197312,44
I2801798921,0.00815494393476045,36.0,4.234973019860041e-05,0.01825364564292805,38
I2801799315,0.0006795786612300374,2.0,0.0,9.051888320851483e-05,38
I2801816099,0.0016989466530750936,6.0,0.0,0.0005188274762644011,30
I2801843802,0.0027183146449201497,8.0,0.0,0.0003671338205953268,38
I2801845744,0.0027183146449201497,10.0,0.0,0.0033742876133636725,30
I2801851002,0.02684335711858648,132.0,0.0026618044606494065,0.07876992177623236,4
I2801852214,0.0016989466530750936,5.0,0.0,0.00016661391770109496,38
I2801857525,0.0006795786612300374,2.0,0.0,5.363524690499956e-43,221
I2801862477,0.002378525314305131,8.0,8.084722346380458e-07,0.001533422441537496,30
I2801876189,0.0006795786612300374,2.0,0.0,1.0266114686232304e-05,65
I2801919071,0.0010193679918450561,3.0,0.0,0.0013983557531224958,30
I2801935854,0.0010193679918450561,3.0,0.0,0.0008681586150695588,2
I2801970007,0.004077471967380225,12.0,0.0,0.0021294541485806025,57
I2802091258,0.0016989466530750936,5.0,0.0,0.0051146721638725,44
I2802127220,0.0003397893306150187,1.0,0.0,2.8869797792927618e-05,30
I2802164966,0.011213047910295617,76.0,0.0025012977812636557,0.002256256509908985,36
I2802194831,0.0006795786612300374,2.0,0.0,0.0005638217034493179,24
I2802209374,0.0003397893306150187,1.0,0.0,6.284240147540756e-06,0
I28022161,0.0054366292898402994,17.0,0.006011750038468432,0.0007260402196598696,0
I2802229882,0.002378525314305131,7.0,0.0,0.0011900439359586526,65
I2802274597,0.0010193679918450561,3.0,0.0,0.000696111463653459,57
I2802289008,0.0006795786612300374,2.0,0.0,0.0003167077746747146,30
I2802335433,0.0027183146449201497,8.0,0.0,0.003913475016871886,4
I2802336062,0.002378525314305131,7.0,0.0,0.0007151760416824229,24
I2802390878,0.002378525314305131,7.0,0.0,0.0065760822755576735,44
I2802408685,0.0006795786612300374,2.0,0.0,0.002013883392172239,44
I2802423016,0.007135575942915393,23.0,1.963432569835254e-06,0.007060321258703152,4
I2802506851,0.0020387359836901123,6.0,0.0,1.649025903234666e-05,7
I2802519937,0.0016989466530750936,5.0,0.0,0.001945513974911907,38
I2802542264,0.002378525314305131,7.0,0.0,0.001491840449428535,2
I2802567020,0.0044172612979952435,13.0,4.619841340788833e-07,0.004049269097022194,4
I2802573037,0.0006795786612300374,2.0,2.3099206703944165e-07,9.275150585300112e-05,44
I2802581871,0.003397893306150187,10.0,0.0,0.0036138474520854094,30
I2802614804,0.0006795786612300374,2.0,0.0,0.0016994554508092186,7
I2802619606,0.008834522595990487,37.0,7.2647005083904405e-06,0.007143026630051451,2
I2802624667,0.0010193679918450561,3.0,0.0,7.49407002074089e-05,44
I2802640592,0.015290519877675842,45.0,0.0,0.012528356734462318,2
I2802641067,0.0013591573224600749,5.0,0.0,0.0012133639866582302,2
I2802654988,0.002378525314305131,11.0,0.0,0.003914998894317616,30
I2802656227,0.0006795786612300374,2.0,0.0,2.3163217677681797e-06,68
I2802694670,0.0006795786612300374,2.0,0.0,3.958887666445363e-05,24
I2802705668,0.0016989466530750936,10.0,0.0002791539130171652,0.005450895278950624,57
I2802709434,0.0010193679918450561,3.0,0.0,0.00021067375539396378,57
I2802730090,0.0037376826367652057,12.0,0.0016634123734288592,0.002515122682793901,2
I2802734952,0.0013591573224600749,4.0,0.0,0.0007966094177719166,44
I2802797706,0.0006795786612300374,2.0,0.0,5.363524690499956e-43,221
I2802805919,0.0006795786612300374,2.0,0.0,0.00024168730499040772,57
I2802835388,0.006116207951070337,18.0,4.4323527797084855e-05,0.002829178374521104,4
I2802841970,0.004077471967380225,20.0,0.0005585388181013699,0.013474043585569305,4
I2802864159,0.002378525314305131,7.0,0.0,0.001429628534363091,4
I2802866506,0.002378525314305131,7.0,0.0,0.0007151760416824229,24
I2802882910,0.004077471967380225,12.0,0.0,0.0011247105902707612,4
I2802929321,0.0,0.0,0.0,7.033579599578219e-56,222
I2802934949,0.0020387359836901123,9.0,5.185771905035466e-05,8.2384582964275e-06,65
I2802939634,0.0050968399592252805,15.0,4.15785720670995e-06,0.008549855142426805,44
I2802946424,0.0006795786612300374,2.0,0.0,0.00044851155816244087,44
I2802948906,0.003397893306150187,10.0,0.0,0.0036138474520854094,30
I2802957242,0.0044172612979952435,13.0,0.0,0.0029563084560377552,33
I2802974365,0.004077471967380225,12.0,4.619841340788833e-07,0.01156175751040536,44
I2802997415,0.0,0.0,0.0,7.033579599578219e-56,223
I2803004286,0.0050968399592252805,15.0,0.0,4.9456166694753455e-06,58
I2803004491,0.0013591573224600749,4.0,0.0,0.0004516780221533805,30
I2803058125,0.0016989466530750936,5.0,0.0002221736698896548,0.00016316719740601664,7
I2803065428,0.0013591573224600749,5.0,0.0,4.438392320564559e-05,4
I2803209242,0.009514101257220523,47.0,0.0006175846486237453,0.030119491132317953,4
I28109999,0.0003397893306150187,1.0,0.0,9.440310735625384e-48,224
I28166907,0.0006795786612300374,2.0,0.0,0.00028059504891010526,2
I28185974,0.0006795786612300374,2.0,0.0,0.00015716302895710303,24
I28257850,0.0020387359836901123,6.0,0.0,0.0028580829321319294,44
I28285804,0.0,0.0,0.0,7.033579599578219e-56,225
I28290843,0.0027183146449201497,8.0,1.5168479068923326e-05,0.0018607728758921137,2
I28407311,0.005776418620455318,18.0,0.00046050193498204685,0.0037207281856602254,30
I28615091,0.0013591573224600749,4.0,0.0,0.00020989765531249796,9
I28710699,0.0006795786612300374,2.0,0.0,3.7038535349683726e-06,30
I28777354,0.0044172612979952435,13.0,0.00018228353983639145,0.0012082219731249168,0
I288216842,0.0010193679918450561,3.0,0.0,6.354447043270161e-08,0
I29045822,0.003397893306150187,10.0,0.0,0.0018119137224811227,30
I290598920,0.0003397893306150187,1.0,0.0,9.440310735625384e-48,100
I29078338,0.0006795786612300374,2.0,0.0,0.00016538541212854203,65
I292141241,0.0006795786612300374,2.0,0.0,0.00085930091143905,2
I29607241,0.0037376826367652057,13.0,8.469709124779527e-07,0.0006665772093306238,38
I2972652528,0.0030581039755351687,9.0,0.0,0.0003617642319401014,30
I298625061,0.0006795786612300374,2.0,0.0,5.363524690499956e-43,168
I29891158,0.0013591573224600749,4.0,0.0,4.803875080813408e-07,58
I29894533,0.0013591573224600749,4.0,0.0005585388181013699,3.126428024725701e-05,30
I29955533,0.007475365273530411,25.0,1.0664133761654225e-06,0.012263734420512623,2
I3004594783,0.0020387359836901123,7.0,0.0,0.00509959127581484,44
I3005327000,0.0054366292898402994,28.0,0.0,0.024917712024267683,44
I3017770710,0.0010193679918450561,3.0,0.0,1.8791992216527352e-06,207
I3018075036,0.0006795786612300374,2.0,0.0,2.2904053961807122e-05,0
I3018134672,0.00815494393476045,40.0,0.0006528663536108175,0.01583622558162942,2
I3018163063,0.002378525314305131,7.0,0.0,0.0007151760416824229,24
I3018397418,0.007475365273530411,22.0,0.0,0.013196846605895077,44
I3018718406,0.0020387359836901123,6.0,0.0,0.00010578346870815364,38
I3018771216,0.007815154604145431,32.0,7.65738702235749e-06,0.016746866551288205,2
I3019271933,0.0016989466530750936,5.0,0.0,0.0015290993486932211,24
I3019308854,0.0003397893306150187,1.0,0.0,1.6270520341684725e-07,2
I3019423309,0.0013591573224600749,4.0,0.0,1.8898225103282034e-05,38
I3019586173,0.004757050628610262,14.0,0.0,0.002694503855470875,4
I3020100970,0.007815154604145431,42.0,0.0,0.02967497931222974,4
I3020504353,0.0003397893306150187,1.0,0.0,3.0433308353752953e-07,57
I302410947,0.0,0.0,0.0,7.033579599578219e-56,226
I3045169105,0.008494733265375467,29.0,8.269131013233615e-05,0.019470776757117916,44
I30667456,0.0010193679918450561,3.0,0.0,6.228266485796873e-05,24
I30771326,0.0030581039755351687,9.0,0.00010507779131341278,0.0010939963540137383,65
I30809798,0.007475365273530411,30.0,0.00021077641130570654,0.019128341618861924,44
I308392441,0.0006795786612300374,2.0,0.0,0.0007314929277628806,57
I308837,0.0044172612979952435,20.0,8.854695903178595e-07,0.018071711442164108,44
I309707301,0.0003397893306150187,1.0,0.0,9.440310735625384e-48,227
I3121676899,0.0013591573224600749,4.0,0.0005585388181013699,4.228717802471303e-05,30
I3122011922,0.0,0.0,0.0,7.033579599578219e-56,228
I3123915005,0.0,0.0,0.0,7.033579599578219e-56,229
I3124059619,0.006116207951070337,22.0,4.239089416952147e-05,0.009453520104140377,38
I3124704065,0.0,0.0,0.0,7.033579599578219e-56,230
I3125347698,0.0037376826367652057,11.0,0.0,0.001056720769613569,30
I3125470973,0.0010193679918450561,3.0,0.0,0.00048200501376910747,65
I3125581668,0.0003397893306150187,1.0,0.0,9.440310735625384e-48,201
I312809248,0.0,0.0,0.0,7.033579599578219e-56,231
I3129379329,0.0006795786612300374,2.0,0.0,5.363524690499956e-43,127
I3129555431,0.0,0.0,0.0,7.033579599578219e-56,232
I3129773123,0.0010193679918450561,3.0,0.0,0.0018723448748859078,85
I3129799171,0.0010193679918450561,3.0,0.0,1.2670570585496477e-39,70
I3130020584,0.0003397893306150187,1.0,0.0,8.443563140781702e-05,9
I3130411899,0.0006795786612300374,2.0,0.0,7.430433927994882e-06,0
I3130430780,0.0006795786612300374,2.0,0.0,4.272852220546116e-05,57
I3131625388,0.006116207951070337,23.0,3.153041715088379e-05,0.018489800569915848,44
I3131873961,0.002378525314305131,7.0,0.0,0.0007151760416824229,24
I3132109944,0.0003397893306150187,1.0,0.0,9.440310735625384e-48,233
I3132172362,0.0006795786612300374,2.0,0.0,5.363524690499956e-43,234
I3132564352,0.0006795786612300374,2.0,0.0,2.3411443520356763e-07,58
I3132975163,0.0006795786612300374,2.0,0.0,3.2787410986408286e-05,2
I3132999081,0.0006795786612300374,2.0,0.0,5.2469586497359015e-06,0
I3133055985,0.010193679918450561,37.0,0.0013480889525811013,0.03200639138332358,44
I3133090473,0.0010193679918450561,3.0,0.0,0.00012642120598131739,44
I3133096102,0.0010193679918450561,3.0,0.0,9.727009384942586e-06,68
I31419693,0.0003397893306150187,1.0,0.0,3.9873718433461887e-07,9
I3143470655,0.0010193679918450561,3.0,0.0,0.00257443014877686,57
I3148997608,0.0013591573224600749,4.0,0.0,0.0011018179443950304,57
I31512782,0.003397893306150187,11.0,0.0027514196579946863,0.0014105889863354057,38
I31590910,0.0010193679918450561,3.0,0.0,0.005327230575551081,44
I31595395,0.0010193679918450561,3.0,0.0011166156520686608,0.00010652998661582297,15
I31669788,0.0020387359836901123,6.0,0.0,0.0014661907913243804,38
I31683504,0.0010193679918450561,3.0,0.0005585388181013699,0.0003982240063764127,44
I3168886984,0.0,0.0,0.0,7.033579599578219e-56,235
I31746571,0.02106693849813116,71.0,0.008382496505819934,0.024542986430447118,38
I3197470489,0.004757050628610262,16.0,0.0,0.0068104466687492786,57
I319874951,0.0006795786612300374,2.0,0.0,3.4072672267449535e-05,36
I32021983,0.0006795786612300374,2.0,0.0,1.6746891803741338e-06,4
I32394136,0.0010193679918450561,3.0,0.0,0.0008275961154631464,44
I32399674,0.0013591573224600749,4.0,0.0,1.2392979462095303e-05,34
I324100,0.0006795786612300374,2.0,0.0,5.363524690499956e-43,153
I32574673,0.004757050628610262,14.0,0.0,0.00724702269308064,44
I32597200,0.016989466530750934,50.0,0.0011168466441357004,0.014983435095111608,2
I32619867,0.0016989466530750936,5.0,0.0,0.0004746222339011146,172
I32762134,0.0006795786612300374,3.0,0.0,4.967817679396142e-09,65
I32915989,0.0020387359836901123,6.0,0.0,4.621931313602463e-33,56
I32971472,0.04757050628610262,168.0,0.0190745888810094,0.051603734381054985,2
I330495657,0.0013591573224600749,4.0,0.0,0.0017286494647324718,2
I33096239,0.0006795786612300374,2.0,0.0,5.363524690499956e-43,189
I33213144,0.0163098878695209,52.0,0.002290575268106902,0.01891711076561544,4
I33256026,0.0010193679918450561,3.0,6.467777877104366e-07,3.3322338258384685e-05,38
I33339663,0.0006795786612300374,2.0,0.0,5.363524690499956e-43,121
I33434090,0.0013591573224600749,5.0,2.1559259590347883e-06,0.00039723107956480554,57
I33585257,0.0010193679918450561,3.0,0.0,5.421160382669919e-05,0
I33586908,0.0027183146449201497,8.0,0.0,0.00047965025974412365,0
I33849332,0.009174311926605505,28.0,0.00497498449410752,0.01985274645527481,44
I34002243,0.0006795786612300374,2.0,0.0,5.363524690499956e-43,87
I34077901,0.005776418620455318,18.0,0.0001907609486967389,0.0008476043699906132,7
I34250744,0.0010193679918450561,3.0,0.0,7.237015216470895e-39,45
I34352273,0.0050968399592252805,27.0,3.0798942271925555e-07,0.013152475392363982,4
I34574549,0.0006795786612300374,2.0,0.0,0.00021438843749102318,44
I34656685,0.0,0.0,0.0,7.033579599578219e-56,236
I34809795,0.0037376826367652057,12.0,3.6958730726310663e-07,0.0002290663396385649,36
I34931013,0.0010193679918450561,3.0,0.0,0.000934813839811026,65
I34949971,0.0030581039755351687,9.0,0.0,0.0026946608907918433,44
I35440088,0.011213047910295617,36.0,0.0019851099003706913,0.005663897021016866,65
I35777872,0.0,0.0,0.0,7.033579599578219e-56,237
I35928602,0.0050968399592252805,17.0,2.3799882640630476e-05,0.011671101839796229,44
I35961687,0.004757050628610262,14.0,0.0,0.0035930156792698584,57
I36152291,0.0003397893306150187,1.0,0.0,9.440310735625384e-48,97
I36234482,0.023105674481821274,70.0,0.0014536156034793293,0.018976108604888874,2
I36258959,0.02446483180428135,99.0,0.00873362008628537,0.050236496694423184,57
I36314861,0.0003397893306150187,1.0,0.0,1.299169556971357e-42,203
I36373038,0.0054366292898402994,22.0,1.1612934510323442e-06,0.0019973937406053844,24
I36399199,0.004077471967380225,12.0,0.0,0.007611638323657424,44
I36672615,0.0010193679918450561,3.0,0.0,0.0005955390803748883,2
I36721946,0.0003397893306150187,1.0,0.0,9.440310735625384e-48,213
I36788626,0.009514101257220523,29.0,4.804634994420388e-06,0.013745888339581775,4
I368840534,0.0,0.0,0.0,7.033579599578219e-56,238
I37461747,0.011892626571525655,42.0,0.0042326586570345095,0.024886032941130256,30
I37696226,0.0016989466530750936,5.0,0.0,0.0008744141218916245,4
I37796252,0.0037376826367652057,12.0,0.0005399824553825347,0.011857903297988935,44
I37987034,0.0020387359836901123,6.0,3.079894227192555e-07,0.0009047837060516854,65
I38186990,0.0010193679918450561,3.0,0.0,3.7284516599292727e-06,38
I385303915,0.0016989466530750936,5.0,0.0,7.198800980308068e-35,142
I38877650,0.0020387359836901123,6.0,0.0,9.742705257821128e-05,33
I39012071,0.0020387359836901123,6.0,0.0,5.1703540389555216e-05,7
I39063666,0.0020387359836901123,7.0,0.0016749234781029915,0.00024883806656591297,24
I392282,0.0020387359836901123,7.0,5.845115927850359e-06,8.10721214801367e-05,9
I3923682,0.011213047910295617,34.0,0.00012028526904300523,0.016773885596235334,9
I39333907,0.0006795786612300374,2.0,0.0,2.6179305640684282e-05,24
I39343248,0.017669045191980974,62.0,0.002267870031206186,0.014246069399758764,33
I39422238,0.012232415902140675,41.0,0.0014024991339722417,0.023509778132571896,57
I39470171,0.0,0.0,0.0,7.033579599578219e-56,239
I39534123,0.0003397893306150187,1.0,0.0,9.440310735625384e-48,240
I39555362,0.003397893306150187,10.0,0.00026202585124619076,0.0024218250155902087,38
I39586589,0.0054366292898402994,17.0,0.001455901299981654,0.000706646693424398,7
I39804081,0.007475365273530411,24.0,7.990400585672685e-05,0.00041718357479876426,38
I39854758,0.0050968399592252805,15.0,0.0027973139318476386,0.0007219950803079266,0
I39965400,0.0020387359836901123,6.0,0.0,0.0010701059175182261,30
I40034438,0.0020387359836901123,6.0,0.0,9.312757668306106e-05,2
I40120149,0.061501868841318384,250.0,0.039702989884705546,0.10214790411758426,2
I40253897,0.0020387359836901123,6.0,0.0,0.0006717170062591921,24
I40279923,0.0003397893306150187,1.0,0.0,9.440310735625384e-48,241
I40347166,0.0163098878695209,55.0,0.007064578814503102,0.013872454316512656,65
I40542001,0.0027183146449201497,8.0,3.146166951188395e-05,0.00029023113402968487,9
I4068193,0.0006795786612300374,2.0,0.0,5.363524690499956e-43,242
I4092182,0.0,0.0,0.0,7.033579599578219e-56,243
I40963666,0.0030581039755351687,10.0,3.7921197672308333e-06,0.003481559856758846,30
I4101805,0.0,0.0,0.0,7.033579599578219e-56,244
I41156924,0.0,0.0,0.0,7.033579599578219e-56,245
I41173762,0.0013591573224600749,4.0,0.0,8.051545683647152e-08,22
I41198531,0.0020387359836901123,6.0,1.1318611284932641e-05,0.00030327622831426143,65
I41725924,0.0010193679918450561,3.0,0.0,8.04938772043276e-06,7
I41910991,0.0003397893306150187,1.0,0.0,2.389209765180703e-09,0
I42014448,0.0003397893306150187,1.0,0.0,1.2982268970541871e-45,246
I4210085861,0.0003397893306150187,1.0,0.0,2.6168944671057976e-05,38
I4210085968,0.0013591573224600749,4.0,0.0011166156520686608,0.00016359742502574604,4
I4210086028,0.0003397893306150187,1.0,0.0,0.0030234474904958447,44
I4210086143,0.0013591573224600749,4.0,0.0,0.003243205607012796,44
I4210086194,0.0010193679918450561,3.0,0.0,0.0022573455799710603,44
I4210086407,0.004077471967380225,12.0,0.0,0.00014063896071411973,36
I4210086682,0.0,0.0,0.0,7.033579599578219e-56,247
I4210086728,0.0006795786612300374,2.0,0.0,2.2904053961807122e-05,0
I4210086768,0.0006795786612300374,2.0,0.0,0.0012323015737390867,57
I4210086892,0.0037376826367652057,13.0,8.197523472451401e-05,0.010477375243427829,44
I4210086933,0.015290519877675842,48.0,0.000548213472704707,0.011648518897590525,44
I4210086947,0.0016989466530750936,5.0,0.0,0.0015290993486932211,24
I4210086973,0.008494733265375467,26.0,0.0,0.009214766516207161,44
I4210086977,0.0044172612979952435,13.0,0.0,0.002582978621352191,38
I4210087032,0.0003397893306150187,1.0,0.0,0.0018448571692098379,4
I4210087059,0.0037376826367652057,13.0,0.00148939834959248,0.004093823271611633,30
I4210087087,0.0,0.0,0.0,7.033579599578219e-56,248
I4210087212,0.0003397893306150187,1.0,0.0,0.00013653801727086766,4
I4210087373,0.0016989466530750936,7.0,0.0,0.008478625545539003,38
I4210087596,0.0013591573224600749,4.0,0.0,0.0004994405939994727,24
I4210087691,0.0013591573224600749,4.0,0.0,0.0011257262733967127,44
I4210087747,0.0003397893306150187,1.0,0.0,0.00023921724345583523,57
I4210087873,0.003397893306150187,10.0,0.0,0.009761104568621176,44
I4210087915,0.027522935779816515,123.0,0.00021198997796152008,0.06818538576099932,4
I4210088053,0.0013591573224600749,5.0,0.0002791539130171652,1.4703177208803627e-06,36
I4210088115,0.0010193679918450561,3.0,0.0,4.742595794678342e-05,65
I4210088191,0.002378525314305131,7.0,0.0,0.002483517428275688,44
I4210088227,0.0006795786612300374,2.0,0.0,3.94196324015478e-06,57
I4210088367,0.0,0.0,0.0,7.033579599578219e-56,249
I4210088407,0.0013591573224600749,4.0,0.0,0.0009781493269578037,24
I4210088410,0.0013591573224600749,4.0,0.0,0.00020115663373749312,57
I4210088449,0.0010193679918450561,3.0,0.0,1.2670570585496477e-39,179
I4210088547,0.002378525314305131,7.0,0.0,0.0016829981846977276,44
I4210088567,0.0003397893306150187,1.0,0.0,0.0005856812965605888,44
I4210088738,0.0013591573224600749,4.0,0.0,0.0031185197900411975,57
I4210088923,0.0010193679918450561,3.0,0.0,0.00012623519165531687,9
I4210088955,0.0013591573224600749,4.0,0.0,0.0005150325041891582,30
I4210089084,0.0010193679918450561,3.0,0.0,1.2670570585496477e-39,179
I4210089144,0.002378525314305131,7.0,0.0,0.00046600351877210296,4
I4210089162,0.0003397893306150187,1.0,0.0,8.718153378036754e-05,2
I4210089242,0.0013591573224600749,5.0,1.38595240223665e-06,0.00027022224985434146,2
I4210089246,0.0006795786612300374,2.0,0.0,0.0010566298903299507,57
I4210089303,0.0013591573224600749,4.0,0.0,4.8477178535431375e-06,65
I4210089486,0.0006795786612300374,2.0,0.0,0.0005793252119118266,38
I4210089514,0.0006795786612300374,2.0,0.0,5.363524690499956e-43,250
I4210089726,0.0003397893306150187,1.0,0.0,1.5990312539811324e-05,4
I4210089761,0.0044172612979952435,18.0,3.965363817510415e-06,0.011257905748170845,44
I4210089783,0.002378525314305131,7.0,1.3320542532607799e-05,0.005529574833288285,44
I4210089887,0.0044172612979952435,17.0,9.640068931112699e-06,0.005156662400450184,38
I4210089985,0.0020387359836901123,6.0,0.0,0.0013734851969710185,44
I4210090056,0.0013591573224600749,4.0,0.0,0.0001466966769160986,0
I4210090176,0.014271151885830786,79.0,0.000799656037412707,0.10980210154608061,44
I4210090250,0.0010193679918450561,3.0,0.0,1.2670570585496477e-39,179
I4210090317,0.0003397893306150187,1.0,0.0,9.440310735625384e-48,166
I4210090411,0.012572205232755693,56.0,0.0016389657130005185,0.022698197709609368,2
I4210090512,0.010873258579680599,33.0,9.441800740237178e-06,0.010767462336336147,44
I4210090724,0.0010193679918450561,3.0,0.0,1.8791992216527352e-06,207
I4210090769,0.0006795786612300374,2.0,0.0,0.0001769186278340895,2
I4210090793,0.0013591573224600749,4.0,0.0,0.00031203319036091233,38
I4210090867,0.0,0.0,0.0,7.033579599578219e-56,251
I4210090971,0.0030581039755351687,9.0,0.0,0.006407969006737184,44
I4210091201,0.0050968399592252805,15.0,0.0,4.9456166694753455e-06,58
I4210091240,0.0020387359836901123,6.0,0.0,2.897151661437257e-05,0
I4210091279,0.004077471967380225,12.0,0.0,5.2302787504652805e-05,38
I4210091341,0.0016989466530750936,5.0,0.0,0.004029925277772384,44
I4210091437,0.006455997281685355,22.0,5.255069525147297e-06,0.00043538584807998714,38
I4210091499,0.004757050628610262,14.0,0.0,0.0035930156792698584,57
I4210091604,0.0006795786612300374,2.0,0.0,0.0005895055665089036,44
I4210091609,0.0010193679918450561,3.0,0.0,0.002321231868347621,0
I4210091634,0.0013591573224600749,4.0,0.0,0.00011824229817818148,24
I4210091706,0.008494733265375467,25.0,0.0,0.017361711091596847,44
I4210091792,0.0010193679918450561,3.0,0.0,5.978037622441792e-05,38
I4210092050,0.0003397893306150187,1.0,0.0,9.440310735625384e-48,252
I4210092214,0.0006795786612300374,2.0,0.0,5.363524690499956e-43,253
I4210092499,0.0010193679918450561,3.0,0.0,0.002007944422384482,2
I4210092510,0.0020387359836901123,6.0,0.0,0.0005079458177478214,9
I4210092569,0.0010193679918450561,3.0,0.0,0.0001363946446173827,57
I4210092650,0.0003397893306150187,1.0,0.0,1.5987011186275522e-07,2
I4210092658,0.007815154604145431,45.0,4.490695776034964e-06,0.028769366655997428,4
I4210092791,0.0013591573224600749,4.0,0.0,0.0023006028064104073,57
I4210092806,0.0020387359836901123,6.0,0.0,4.621931313602463e-33,56
I4210092839,0.0013591573224600749,4.0,0.0,0.00018187542864384206,9
I4210092868,0.0003397893306150187,1.0,0.0,9.440310735625384e-48,206
I4210092870,0.0006795786612300374,2.0,0.0,0.0013712614109943127,22
I4210092944,0.0010193679918450561,3.0,0.0,0.00017308843562690432,85
I4210093006,0.0050968399592252805,15.0,0.0,4.9456166694753455e-06,58
I4210093194,0.0020387359836901123,6.0,0.0,0.005080164079545319,44
I4210093787,0.0010193679918450561,3.0,0.0,0.0001413527483513222,24
I4210093798,0.0010193679918450561,3.0,0.0,0.0007568872287816506,57
I4210093821,0.0050968399592252805,15.0,0.0,4.9456166694753455e-06,58
I4210093896,0.0013591573224600749,4.0,0.0,4.2438733900766354e-05,65
I4210093964,0.0016989466530750936,5.0,0.0,0.004003498053090186,4
I4210094062,0.015290519877675842,45.0,0.0,0.012528356734462318,2
I4210094076,0.0010193679918450561,3.0,0.0,0.0006012387703540176,57
I4210094195,0.0,0.0,0.0,7.033579599578219e-56,254
I4210094406,0.003397893306150187,10.0,0.0,0.0033997787038514155,4
I4210094836,0.0020387359836901123,6.0,0.0,9.742705257821128e-05,33
I4210094879,0.009514101257220523,41.0,2.078928603354975e-06,0.0508951758058757,44
I4210094983,0.0013591573224600749,4.0,0.0,0.00011824229817818148,24
I4210095018,0.003397893306150187,10.0,0.0,0.009761104568621176,44
I4210095212,0.002378525314305131,7.0,0.0022313833676010065,1.7634315510488367e-06,65
I4210095328,0.0010193679918450561,3.0,0.0,1.2670570585496477e-39,255
I4210095474,0.0010193679918450561,3.0,0.0,0.0002874222756502401,38
I4210095520,0.0010193679918450561,3.0,0.0,0.00022960343767479708,2
I4210095597,0.0010193679918450561,3.0,0.0,1.2670570585496477e-39,165
I4210095624,0.007475365273530411,33.0,0.00029043402562425804,0.02445620094059372,44
I4210095701,0.0013591573224600749,4.0,0.0,0.00018229995604448262,65
I4210095705,0.0013591573224600749,4.0,0.0,5.240425169153674e-37,256
I4210095908,0.0003397893306150187,1.0,0.0,0.0004094426038505938,44
I4210096013,0.0006795786612300374,2.0,0.0,0.002358892237294163,44
I4210096063,0.0006795786612300374,2.0,0.0,0.00012879179830579685,24
I4210096112,0.0003397893306150187,1.0,0.0,0.00012574131531211305,44
I4210096250,0.0013591573224600749,4.0,0.0,0.005384933680241644,44
I4210096312,0.0010193679918450561,3.0,0.0,5.656323073066324e-05,57
I4210096345,0.0013591573224600749,4.0,0.0,0.0017043400671473718,44
I4210096354,0.0037376826367652057,11.0,0.0,0.004859442796220374,44
I4210096386,0.0,0.0,0.0,7.033579599578219e-56,257
I4210096417,0.0013591573224600749,4.0,0.0,0.00046103198044704103,30
I4210096498,0.0006795786612300374,2.0,0.0,0.0004898700249457098,57
I4210096499,0.0003397893306150187,1.0,0.0,2.75714693446649e-06,9
I4210096524,0.0003397893306150187,1.0,0.0,9.440310735625384e-48,258
I4210096587,0.007815154604145431,23.0,0.0,0.007157104367222863,44
I4210096592,0.0054366292898402994,16.0,0.0,0.007980395954040716,57
I4210096602,0.0003397893306150187,1.0,0.0,0.0005089023639177216,57
I4210096640,0.003397893306150187,12.0,2.2329233147146026e-06,0.0026493512756922606,44
I4210096780,0.003397893306150187,10.0,0.0,0.0007602731700209176,65
I4210096807,0.0003397893306150187,1.0,0.0,1.2982268970541871e-45,78
I4210096815,0.0003397893306150187,1.0,0.0,8.623104862136318e-05,57
I4210096978,0.0,0.0,0.0,7.033579599578219e-56,259
I4210097066,0.0037376826367652057,11.0,0.0,0.004573198536850407,44
I4210097159,0.004757050628610262,15.0,6.159788454385111e-06,5.758983683825251e-05,38
I4210097354,0.007815154604145431,23.0,0.0,0.007157104367222863,44
I4210097409,0.0030581039755351687,9.0,0.0,0.007988439932609915,4
I4210097440,0.0003397893306150187,1.0,0.0,9.440310735625384e-48,260
I4210097538,0.0006795786612300374,2.0,0.0,5.363524690499956e-43,139
I4210097554,0.0013591573224600749,4.0,0.0,0.0031185197900411975,57
I4210097587,0.0003397893306150187,1.0,0.0,3.6494262630791006e-07,58
I4210097606,0.0006795786612300374,2.0,0.0,0.0007035098264456892,2
I4210097658,0.0050968399592252805,15.0,0.0,4.9456166694753455e-06,58
I4210098034,0.0054366292898402994,16.0,4.636780759038392e-05,0.0018106257979685794,24
I4210098046,0.0020387359836901123,6.0,0.0,0.00010578346870815364,38
I4210098325,0.0010193679918450561,3.0,0.0,1.1520470368970878e-05,36
I4210098460,0.0010193679918450561,3.0,0.0,0.0019689112333349944,4
I4210098582,0.0013591573224600749,4.0,0.0,0.0032758927419748946,44
I4210098734,0.0027183146449201497,8.0,0.00044144893931907683,0.006577012125434058,44
I4210098776,0.0016989466530750936,5.0,0.0,0.000759263759479341,57
I4210098931,0.017669045191980974,52.0,1.9480330986992913e-05,0.013819372898964098,2
I4210099069,0.0006795786612300374,2.0,0.0,0.0002838092311199934,44
I4210099137,0.0030581039755351687,9.0,1.2781561042849106e-05,0.0007576144975596835,30
I4210099236,0.0054366292898402994,21.0,3.6958730726310664e-06,0.00652825637680912,9
I4210099312,0.0016989466530750936,8.0,0.0,0.011304884657550038,44
I4210099336,0.007815154604145431,25.0,0.002691057581009493,0.007491555164194252,57
I4210099446,0.0016989466530750936,5.0,0.0,0.0008861151033761003,44
I4210099570,0.0010193679918450561,3.0,0.0,0.00037311672452570397,2
I4210099586,0.0010193679918450561,3.0,0.0,0.0024152640329584024,44
I4210099672,0.0,0.0,0.0,7.033579599578219e-56,261
I4210099699,0.0003397893306150187,1.0,0.0,9.440310735625384e-48,18
I4210100029,0.0037376826367652057,11.0,0.0,0.004573198536850407,44
I4210100137,0.0003397893306150187,1.0,0.0,9.440310735625384e-48,262
I4210100255,0.028202514441046555,157.0,0.01235833326109413,0.17207491233904545,44
I4210100278,0.0003397893306150187,1.0,0.0,0.00014892276214252862,44
I4210100283,0.0010193679918450561,3.0,0.0,0.0002874222756502401,38
I4210100286,0.0020387359836901123,6.0,0.0,0.0030429343363177065,4
I4210100400,0.002378525314305131,7.0,0.0,0.0019857109086477633,2
I4210100468,0.007135575942915393,36.0,0.001058997797505307,0.014497573719666803,4
I4210100529,0.0003397893306150187,1.0,0.0,0.00015181064009023732,2
I4210100612,0.0010193679918450561,3.0,0.0,0.0005275170068898679,2
I4210100650,0.0037376826367652057,11.0,0.0,0.004859442796220374,44
I4210100923,0.0020387359836901123,6.0,0.0,0.0004648181526298283,0
I4210101049,0.0027183146449201497,8.0,0.0,0.001467386948406633,44
I4210101321,0.0003397893306150187,1.0,0.0,0.00011464813153770062,24
I4210101327,0.0013591573224600749,4.0,0.0,0.003276851560067371,4
I4210101348,0.006795786612300374,37.0,9.455021440044837e-07,0.021793942843461818,38
I4210101358,0.0013591573224600749,4.0,0.0,0.00027126506256072757,44
I4210101382,0.002378525314305131,7.0,0.0,0.0016829981846977276,44
I4210101410,0.0030581039755351687,9.0,0.0,0.010944324546066262,44
I4210101422,0.0013591573224600749,4.0,0.0,5.240425169153674e-37,256
I4210101573,0.002378525314305131,7.0,0.0,0.0008359706558562634,38
I4210101585,0.0010193679918450561,3.0,0.0,7.237015216470895e-39,45
I4210101660,0.0006795786612300374,2.0,0.0,8.021480363587978e-05,44
I4210101743,0.0010193679918450561,3.0,0.0,0.0006012032671815113,38
I4210101778,0.006116207951070337,21.0,0.0004932872257034742,0.0065394105632299755,57
I4210101898,0.0016989466530750936,5.0,3.645824791439187e-05,0.00010734897016737039,36
I4210101969,0.0010193679918450561,3.0,4.0038624953503226e-06,0.0005615443241834574,24
I4210102018,0.0,0.0,0.0,7.033579599578219e-56,263
I4210102044,0.0027183146449201497,8.0,0.0,0.002635464102053231,2
I4210102047,0.003397893306150187,10.0,0.0,0.0007602731700209176,65
I4210102384,0.0006795786612300374,4.0,0.0,2.3586530597193883e-07,0
I4210102606,0.0020387359836901123,6.0,0.0,0.0005533065504644582,7
I4210102840,0.0013591573224600749,4.0,0.0,0.0040613574493649305,44
I4210103132,0.0006795786612300374,4.0,0.0,5.240425169153673e-37,214
I4210103180,0.003397893306150187,10.0,0.0,0.0033997787038514155,4
I4210103330,0.0027183146449201497,8.0,0.0,0.0003543478969163226,38
I4210103357,0.0003397893306150187,1.0,0.0,9.440310735625384e-48,241
I4210103524,0.0010193679918450561,3.0,0.0,0.002322156952167115,38
I4210103666,0.0006795786612300374,2.0,0.0,0.00012847813345723204,2
I4210103698,0.0027183146449201497,8.0,0.0,0.0003671338205953268,38
I4210103779,0.0020387359836901123,6.0,0.0,4.621931313602463e-33,56
I4210103820,0.0010193679918450561,3.0,0.0,5.570711651090633e-05,30
I4210103836,0.002378525314305131,7.0,0.0,0.0038998706219857226,4
I4210103986,0.0006795786612300374,2.0,0.0,0.00013769218174056072,44
I4210103989,0.0006795786612300374,2.0,0.0,2.418019529516494e-07,58
I4210104252,0.0016989466530750936,6.0,6.929762011183249e-07,0.0002764048906523825,44
I4210104391,0.0003397893306150187,1.0,0.0,3.3849792939325624e-05,7
I4210104429,0.002378525314305131,7.0,0.0,0.001730718699527313,4
I4210104430,0.002378525314305131,7.0,0.0,0.0008359706558562634,38
I4210104522,0.0010193679918450561,3.0,0.0,5.570711651090633e-05,30
I4210104539,0.007475365273530411,22.0,0.0,0.013196846605895077,44
I4210104735,0.0020387359836901123,6.0,0.0,0.0007707434578582448,38
I4210104741,0.0013591573224600749,4.0,0.0,2.7706656112686587e-05,9
I4210104882,0.0006795786612300374,2.0,0.0,5.363524690499956e-43,242
I4210105015,0.011213047910295617,57.0,5.312817541907158e-06,0.03757252184607707,4
I4210105182,0.007815154604145431,23.0,0.0,0.007157104367222863,44
I4210105229,0.004077471967380225,13.0,0.0,0.013039629721715346,44
I4210105385,0.0006795786612300374,2.0,0.0,0.0007709709706524712,44
I4210105394,0.0016989466530750936,5.0,0.0,0.00015226755573609265,24
I4210105402,0.004757050628610262,14.0,0.0,0.0003953406714401275,65
I4210105615,0.0006795786612300374,2.0,0.0,4.6496330164494814e-05,36
I4210105637,0.0006795786612300374,2.0,0.0,5.363524690499956e-43,264
I4210105678,0.0030581039755351687,9.0,6.236785810064927e-06,0.003708487336233307,4
I4210105686,0.0016989466530750936,5.0,0.0,7.198800980308068e-35,142
I4210105714,0.0,0.0,0.0,7.033579599578219e-56,265
I4210105785,0.0044172612979952435,13.0,0.0,0.005028319586100423,44
I4210105867,0.0003397893306150187,1.0,0.0,9.440310735625384e-48,266
I4210105989,0.0,0.0,0.0,7.033579599578219e-56,267
I4210105992,0.0003397893306150187,1.0,0.0,4.8671851988958265e-09,65
I4210106098,0.0013591573224600749,4.0,0.0,0.00017058579288983057,44
I4210106192,0.0013591573224600749,4.0,0.0005585388181013699,1.455416495420903e-06,36
I4210106256,0.003397893306150187,10.0,0.0,0.0007602731700209176,65
I4210106258,0.0006795786612300374,2.0,0.0,0.0025245130635772003,4
I4210106442,0.006795786612300374,20.0,0.0,0.01785332160819449,44
I4210106615,0.0003397893306150187,1.0,0.0,9.440310735625384e-48,268
I4210106641,0.0013591573224600749,4.0,0.0,1.3907382254971263e-06,36
I4210106675,0.002378525314305131,7.0,0.0,0.0017375023585353825,57
I4210106933,0.0027183146449201497,8.0,0.0,0.006952569521905876,44
I4210107233,0.0,0.0,0.0,7.033579599578219e-56,269
I4210107260,0.0016989466530750936,5.0,0.0,0.0028670038448112317,44
I4210107473,0.0020387359836901123,6.0,0.0,0.005861198516903014,2
I4210107720,0.0027183146449201497,8.0,0.0,0.0003671338205953268,38
I4210107735,0.0020387359836901123,6.0,0.0,0.0030429343363177065,4
I4210107738,0.0016989466530750936,5.0,0.0,0.0004746222339011146,172
I4210107844,0.0006795786612300374,2.0,0.0,0.0002761224725776548,4
I4210107997,0.0003397893306150187,1.0,0.0,9.440310735625384e-48,155
I4210108054,0.0010193679918450561,3.0,0.0,3.7284516599292727e-06,38
I4210108209,0.0010193679918450561,3.0,0.0,0.00023717031588540977,2
I4210108266,0.0010193679918450561,3.0,0.0,1.373160202251131e-06,36
I4210108461,0.0003397893306150187,1.0,0.0,0.00017445411882979165,44
I4210108516,0.0,0.0,0.0,7.033579599578219e-56,270
I4210108520,0.0016989466530750936,5.0,0.0,0.004029925277772384,44
I4210108537,0.0006795786612300374,2.0,0.0,4.037347910614589e-39,45
I4210108629,0.0054366292898402994,18.0,1.231957690877022e-06,0.016547785524953427,44
I4210108711,0.0027183146449201497,9.0,0.0002601663651065232,0.0009555236649373149,65
I4210108778,0.0044172612979952435,29.0,0.0006886335502579738,0.0006613446199865137,36
I4210108889,0.0003397893306150187,1.0,0.0,9.440310735625384e-48,271
I4210108985,0.0054366292898402994,23.0,5.3898148975869724e-06,0.012791491508685186,44
I4210109289,0.0006795786612300374,2.0,0.0,1.3123480844296398e-05,160
I4210109338,0.0020387359836901123,9.0,0.0019490527636809377,0.0020724246962092823,7
I4210109357,0.0013591573224600749,6.0,0.0,6.575053178506341e-06,65
I4210109390,0.007815154604145431,34.0,0.00013558784350669055,0.00821533974937297,57
I4210109447,0.003397893306150187,10.0,0.0,0.0006239051200740345,0
I4210109586,0.007475365273530411,23.0,0.0005616957096842422,0.010125991614104624,57
I4210109712,0.0010193679918450561,3.0,0.0,0.0010160073856934331,2
I4210109745,0.0010193679918450561,3.0,0.0,6.520207630131523e-05,95
I4210109870,0.0010193679918450561,3.0,0.0,0.0004178179270317778,44
I4210109911,0.0003397893306150187,1.0,0.0,0.0017263975796575548,4
I4210110027,0.0006795786612300374,2.0,0.0,0.0002413604992254223,7
I4210110125,0.0013591573224600749,4.0,0.0,5.240425169153674e-37,75
I4210110199,0.007135575942915393,21.0,0.0,0.014781884218894873,44
I4210110242,0.0054366292898402994,16.0,0.00497954218758265,0.0022386757397145555,0
I4210110431,0.0037376826367652057,13.0,0.0,0.004724560353414514,65
I4210110446,0.0,0.0,0.0,7.033579599578219e-56,272
I4210110490,0.0013591573224600749,4.0,0.0,0.00019170122960991383,33
I4210110507,0.0003397893306150187,2.0,0.0,1.4949495635037693e-05,36
I4210110558,0.0016989466530750936,5.0,0.001674230501901873,0.00018180073470270655,207
I4210110560,0.0003397893306150187,1.0,0.0,0.0002520396152339637,30
I4210110621,0.0003397893306150187,1.0,0.0,0.00044270370092309926,38
I4210110652,0.004077471967380225,12.0,5.035627061459828e-05,0.000599004169037906,7
I4210110664,0.006455997281685355,19.0,0.0,0.0066547581087749615,4
I4210110723,0.0013591573224600749,4.0,0.0,0.0004794215468885727,44
I4210110752,0.002378525314305131,7.0,0.0,0.00046600351877210296,4
I4210110987,0.010193679918450561,32.0,0.0016839514180564496,0.013242487900751257,30
I4210110997,0.0,0.0,0.0,7.033579599578219e-56,273
I4210111135,0.0020387359836901123,6.0,0.0,0.0012892545620470546,44
I4210111163,0.0016989466530750936,5.0,0.0,0.0054811947234780795,44
I4210111164,0.003397893306150187,10.0,0.0,0.0033997787038514155,4
I4210111179,0.0020387359836901123,10.0,0.0,0.005711412477804703,57
I4210111288,0.0006795786612300374,2.0,0.0,0.0007356187730883406,4
I4210111298,0.0013591573224600749,4.0,0.0,5.240425169153674e-37,75
I4210111460,0.009514101257220523,61.0,0.0006286373940392954,0.0019560445022884752,36
I4210111835,0.0006795786612300374,2.0,0.0,3.882431543540654e-05,7
I4210111868,0.0003397893306150187,1.0,0.0,0.00027775185909639257,2
I4210111958,0.004077471967380225,17.0,0.0,0.006320699677272758,24
I4210111959,0.0010193679918450561,3.0,0.0,0.001510766874809145,44
I4210112150,0.012232415902140675,51.0,3.464881005591625e-06,0.06226134771340906,44
I4210112164,0.0013591573224600749,4.0,0.0,8.739147022792184e-06,36
I4210112230,0.002378525314305131,7.0,0.0,0.00348202814915659,4
I4210112253,0.0,0.0,0.0,7.033579599578219e-56,274
I4210112270,0.0006795786612300374,2.0,0.0,0.002412248186121372,44
I4210112527,0.0013591573224600749,4.0,0.0,0.0003452465490026771,38
I4210112540,0.0010193679918450561,3.0,0.0,0.005328495164907456,44
I4210112713,0.0010193679918450561,3.0,0.0,2.6020504719335267e-05,2
I4210112812,0.0006795786612300374,2.0,0.0,0.004771644634381438,44
I4210112820,0.0054366292898402994,19.0,1.2319576908770222e-06,0.01929923760360407,44
I4210112925,0.0010193679918450561,3.0,0.0,0.00047345768997007407,2
I4210113124,0.0013591573224600749,4.0,0.0,8.739147022792184e-06,36
I4210113248,0.0003397893306150187,1.0,0.0,9.440310735625384e-48,180
I4210113254,0.0020387359836901123,6.0,0.0,9.742705257821128e-05,33
I4210113297,0.012572205232755693,54.0,0.00048552222571020243,0.02265157772305324,2
I4210113316,0.0020387359836901123,6.0,0.0,0.0011615808401301223,57
I4210113347,0.003397893306150187,14.0,4.6198413407888336e-08,0.003487179105765184,2
I4210113369,0.009174311926605505,33.0,0.00018177920715668858,0.03173309318190734,44
I4210113480,0.014271151885830786,49.0,0.0028138053904814696,0.029413979957448003,57
I4210113495,0.0003397893306150187,1.0,0.0,9.440310735625384e-48,114
I4210113520,0.0003397893306150187,1.0,0.0,9.440310735625384e-48,192
I4210113543,0.0006795786612300374,2.0,0.0,0.0003167077746747146,30
I4210113795,0.005776418620455318,25.0,5.294594834396269e-05,0.0041087651049337755,33
I4210113821,0.0006795786612300374,2.0,2.3099206703944165e-07,1.8359700848515714e-45,246
I4210114105,0.0016989466530750936,7.0,0.0,0.010494500367895064,44
I4210114115,0.0037376826367652057,11.0,0.0,0.0005537369723761576,24
I4210114170,0.0010193679918450561,3.0,0.0,8.04938772043276e-06,7
I4210114274,0.0006795786612300374,2.0,0.0,0.00028448190303148867,38
I4210114444,0.0044172612979952435,13.0,1.5014484357563708e-06,0.005188133620778996,4
I4210114445,0.007815154604145431,25.0,1.4801366676664222e-05,0.00581209301826265,57
I4210114506,0.004757050628610262,14.0,0.0001317848241137855,0.005033082659320003,44
I4210114577,0.0006795786612300374,2.0,0.0,5.363524690499956e-43,87
I4210114891,0.0016989466530750936,5.0,0.0,0.0021964767369493606,44
I4210115038,0.002378525314305131,8.0,0.00018498614702075285,0.008090475342051621,44
I4210115097,0.0006795786612300374,2.0,0.0,5.363524690499956e-43,275
I4210115126,0.002378525314305131,7.0,0.0,0.0011900439359586526,65
I4210115203,0.0006795786612300374,2.0,0.0,5.363524690499956e-43,275
I4210115218,0.0003397893306150187,1.0,0.0,9.440310735625384e-48,276
I4210115256,0.003397893306150187,10.0,0.0,0.0008125536196702783,24
I4210115399,0.0013591573224600749,4.0,0.0,0.0008125885156110239,57
I4210115456,0.004757050628610262,14.0,0.0,0.00724702269308064,44
I4210115892,0.0013591573224600749,4.0,0.0,0.0001648178900472099,30
I4210115995,0.0013591573224600749,4.0,0.0,0.00031203319036091233,38
I4210116208,0.007815154604145431,23.0,0.0,0.015512427739603539,4
I4210116322,0.0006795786612300374,2.0,0.0,5.363524690499956e-43,148
I4210116408,0.0006795786612300374,2.0,0.0,5.363524690499956e-43,277
I4210116459,0.0,0.0,0.0,7.033579599578219e-56,278
I4210116466,0.0016989466530750936,5.0,0.0,8.562570145189498e-35,54
I4210116486,0.0,0.0,0.0,7.033579599578219e-56,279
I4210116615,0.0003397893306150187,1.0,0.0,9.440310735625384e-48,280
I4210116646,0.0003397893306150187,1.0,0.0,9.440310735625384e-48,46
I4210116723,0.0003397893306150187,1.0,0.0,0.0005890552236702964,57
I4210116869,0.007475365273530411,28.0,0.0,0.027187460333280813,44
I4210116917,0.02446483180428135,136.0,0.0021033413316153132,0.10848886942612924,44
I4210116924,0.019367991845056068,71.0,0.008365232062835263,0.051665339003302946,44
I4210117005,0.0010193679918450561,3.0,0.0,1.2670570585496477e-39,281
I4210117013,0.0006795786612300374,2.0,0.0,0.0003278352981142141,38
I4210117018,0.0003397893306150187,1.0,0.0,9.440310735625384e-48,128
I4210117106,0.0016989466530750936,5.0,0.0,7.198800980308068e-35,142
I4210117211,0.0013591573224600749,4.0,0.0,0.0005621697146171577,24
I4210117265,0.0003397893306150187,1.0,0.0,0.0024656783608832168,44
I4210117418,0.0013591573224600749,4.0,0.0,0.0007837583966062086,30
I4210117425,0.002378525314305131,12.0,0.00012747095559830545,0.0017435935305555863,57
I4210117450,0.0006795786612300374,2.0,0.0,5.363524690499956e-43,282
I4210117453,0.014610941216445805,79.0,1.0746814255491358e-05,0.04431329659883296,4
I4210117499,0.0027183146449201497,9.0,0.0,0.0031530088408293993,2
I4210117557,0.0013591573224600749,4.0,0.0,0.0005981697881681776,57
I4210117582,0.0,0.0,0.0,7.033579599578219e-56,283
I4210117825,0.0010193679918450561,3.0,0.0,0.001510766874809145,44
I4210117998,0.0003397893306150187,1.0,0.0,9.440310735625384e-48,284
I4210118244,0.0010193679918450561,3.0,0.0,9.237934199801047e-05,0
I4210118385,0.0010193679918450561,3.0,0.0,1.2670570585496477e-39,255
I4210118410,0.0013591573224600749,4.0,0.0,0.00022621049369353713,24
I4210118448,0.0003397893306150187,1.0,0.0,9.440310735625384e-48,174
I4210118629,0.0010193679918450561,3.0,0.0,0.0031177108313632713,44
I4210118728,0.002378525314305131,12.0,2.3099206703944165e-07,0.0065517800265196555,30
I4210118837,0.002378525314305131,12.0,0.0,0.002904117286664178,57
I4210118977,0.0013591573224600749,4.0,0.0,0.0002523824109424489,285
I4210119021,0.0003397893306150187,1.0,0.0,0.0013570986879386782,44
I4210119028,0.0016989466530750936,5.0,0.0,0.0028855966638268262,4
I4210119095,0.0010193679918450561,3.0,0.0,5.864542638475965e-06,38
I4210119109,0.014950730547060823,48.0,0.00291075193604626,0.020481773568439415,57
I4210119130,0.0016989466530750936,5.0,0.0,0.0051146721638725,44
I4210119138,0.004757050628610262,14.0,0.0,0.005886008146022312,57
I4210119174,0.0010193679918450561,3.0,0.0,3.7284516599292727e-06,38
I4210119234,0.004757050628610262,22.0,2.5665785226604627e-08,0.003700962047019212,33
I4210119246,0.0013591573224600749,4.0,0.0,1.2392979462095303e-05,34
I4210119250,0.0030581039755351687,9.0,0.0,0.005316605305731411,4
I4210119286,0.007135575942915393,21.0,0.0,0.008334670617905852,2
I4210119349,0.0,0.0,0.0,7.033579599578219e-56,286
I4210119350,0.0013591573224600749,4.0,0.0,0.00018229995604448262,65
I4210119392,0.0010193679918450561,3.0,0.0,0.005764867531774397,44
I4210119786,0.0003397893306150187,1.0,0.0,2.0451624157398503e-05,2
I4210119896,0.0030581039755351687,11.0,1.0009656238375804e-06,0.002198397354198502,44
I4210119947,0.0003397893306150187,1.0,0.0,9.440310735625384e-48,287
I4210119991,0.0010193679918450561,3.0,0.0,1.2670570585496477e-39,281
I4210120015,0.0006795786612300374,2.0,0.0,5.030903580764055e-05,44
I4210120169,0.0010193679918450561,3.0,0.0,1.2670570585496477e-39,103
I4210120221,0.009853890587835543,30.0,0.004457574913504746,0.008726210787113707,2
I4210120238,0.0006795786612300374,2.0,0.0,0.00012701756597189012,65
I4210120242,0.0006795786612300374,2.0,0.0,6.873524347244958e-06,57
I4210120419,0.0006795786612300374,2.0,0.0,0.00036158615439551,44
I4210120442,0.0006795786612300374,2.0,0.0,0.0011853339615792026,44
I4210120485,0.006795786612300374,20.0,1.7555397094997567e-05,0.012058702201217998,44
I4210120493,0.002378525314305131,7.0,0.0,0.00046600351877210296,4
I4210120496,0.0003397893306150187,1.0,0.0,6.948163343828777e-06,24
I4210120602,0.0003397893306150187,1.0,0.0,9.440310735625384e-48,63
I4210120624,0.0006795786612300374,2.0,0.0,0.00044161835103411704,24
I4210120648,0.0013591573224600749,4.0,0.0,0.0002523824109424489,285
I4210120689,0.009174311926605505,51.0,0.01828287672783122,0.0031924034124113172,36
I4210120769,0.0003397893306150187,1.0,0.0,4.796790767574146e-05,38
I4210120792,0.0006795786612300374,2.0,0.0,8.250553628262762e-06,58
I4210120842,0.0013591573224600749,4.0,0.0,0.006565208313830215,44
I4210120885,0.0003397893306150187,1.0,0.0,9.440310735625384e-48,288
I4210120929,0.0020387359836901123,6.0,0.0,0.002580851212751568,44
I4210121083,0.003397893306150187,10.0,0.0,0.0018119137224811227,30
I4210121405,0.0016989466530750936,6.0,0.0,0.0034720335343478635,85
I4210121440,0.0003397893306150187,1.0,0.0,9.440310735625384e-48,289
I4210121447,0.0006795786612300374,2.0,0.0,0.00242177646197489,44
I4210121678,0.0016989466530750936,5.0,0.0,0.000751036870309946,65
I4210121761,0.002378525314305131,7.0,0.0,0.0016829981846977276,44
I4210121771,0.007135575942915393,21.0,0.0,0.014781884218894873,44
I4210121775,0.0030581039755351687,9.0,0.0,0.0003617642319401014,30
I4210121786,0.0006795786612300374,2.0,0.0,0.0011162112080141343,57
I4210121800,0.0006795786612300374,2.0,0.0,0.0019285216136049502,44
I4210121988,0.0016989466530750936,5.0,6.544775232784179e-07,0.0011700463316059557,57
I4210122016,0.0016989466530750936,8.0,0.0,0.010896742313101497,44
I4210122154,0.0,0.0,0.0,7.033579599578219e-56,290
I4210122158,0.0010193679918450561,3.0,0.0,1.2670570585496477e-39,70
I4210122302,0.006795786612300374,33.0,3.2338889385521833e-06,0.04260054266345981,44
I4210122485,0.0013591573224600749,4.0,0.0,0.0006016973860084329,2
I4210122543,0.0013591573224600749,6.0,2.7026071843614674e-05,0.0005729062270722041,57
I4210122547,0.004757050628610262,14.0,0.0,0.0004572245512357525,7
I4210122684,0.0003397893306150187,1.0,0.0,0.0001465265953480037,57
I4210122949,0.007815154604145431,23.0,0.0,0.007157104367222863,44
I4210122954,0.0003397893306150187,1.0,0.0,1.4340472998622357e-05,4
I4210123059,0.0013591573224600749,4.0,0.0,0.0007215026116452224,24
I4210123095,0.0010193679918450561,3.0,0.0,0.002402157885072121,44
I4210123185,0.02378525314305131,82.0,0.0003151061783085184,0.05589605066090569,44
I4210123235,0.0020387359836901123,6.0,2.7719048044732997e-06,0.0004844745929016397,24
I4210123352,0.0006795786612300374,2.0,0.0,0.0001433866836160604,38
I4210123377,0.0020387359836901123,6.0,0.0,0.005271889484588631,44
I4210123379,0.0,0.0,0.0,7.033579599578219e-56,291
I4210123409,0.0013591573224600749,4.0,0.0,0.0006847001416890845,57
I4210123447,0.0016989466530750936,5.0,0.0,8.562570145189498e-35,54
I4210123571,0.0003397893306150187,1.0,0.0,5.990534357624525e-06,30
I4210123574,0.0010193679918450561,3.0,0.0,0.0005745821038078722,30
I4210123686,0.002378525314305131,7.0,0.0,0.005559602152596343,44
I4210123907,0.0020387359836901123,6.0,0.0,0.0005079458177478214,9
I4210123976,0.0006795786612300374,2.0,0.0,0.00016356347831040586,4
I4210124028,0.0006795786612300374,2.0,0.0,5.363524690499956e-43,136
I4210124134,0.006795786612300374,20.0,0.0,0.01785332160819449,44
I4210124175,0.0013591573224600749,4.0,0.0,0.0030840160314803216,4
I4210124318,0.0006795786612300374,2.0,0.0,1.952713664147021e-05,38
I4210124331,0.0010193679918450561,3.0,0.0,8.867527775194628e-06,0
I4210124368,0.0006795786612300374,2.0,0.0,5.363524690499956e-43,221
I4210124436,0.0010193679918450561,3.0,0.0,0.0006012387703540176,57
I4210124531,0.0030581039755351687,9.0,0.0,0.0006008742523021019,9
I4210124598,0.0037376826367652057,13.0,4.6198413407888325e-07,0.004428146385382096,4
I4210124615,0.0010193679918450561,4.0,0.0,7.191512303635915e-06,0
I4210124799,0.0044172612979952435,13.0,0.0,0.0009825188274475531,36
I4210124809,0.0030581039755351687,9.0,0.0,0.005409151578169766,44
I4210124903,0.0,0.0,0.0,7.033579599578219e-56,292
I4210124949,0.0006795786612300374,3.0,0.0,0.0011842103976441361,57
I4210125051,0.004077471967380225,12.0,0.0,0.002153953816516813,24
I4210125099,0.01291199456337071,42.0,0.004336634800284386,0.015641365909210617,4
I4210125143,0.0006795786612300374,3.0,0.0,0.0007917728231223322,44
I4210125402,0.0003397893306150187,1.0,0.0,0.0002520396152339637,30
I4210125590,0.003397893306150187,10.0,0.0,0.0033997787038514155,4
I4210125713,0.004077471967380225,12.0,0.0,0.0011247105902707612,4
I4210125796,0.0006795786612300374,2.0,0.0,0.001991023290099396,4
I4210125814,0.004757050628610262,14.0,0.0,0.0003953406714401275,65
I4210125823,0.0,0.0,0.0,7.033579599578219e-56,293
I4210125976,0.0013591573224600749,4.0,0.0,0.00020115663373749312,57
I4210126065,0.0003397893306150187,1.0,0.0,0.001822087447067364,44
I4210126310,0.0050968399592252805,15.0,0.002788074249166061,0.00014068306184760083,36
I4210126319,0.014610941216445805,79.0,4.437357607827673e-05,0.06209159340008322,4
I4210126328,0.007475365273530411,24.0,0.00013248040535364397,0.0007587111147259296,65
I4210126375,0.0010193679918450561,3.0,0.0,0.000720617454309413,44
I4210126452,0.002378525314305131,7.0,0.0,0.0015762486303795948,24
I4210126463,0.003397893306150187,10.0,1.1549603351972083e-06,0.002391002894830098,44
I4210126476,0.0013591573224600749,6.0,0.0,0.002937933725649998,57
I4210126505,0.0,0.0,0.0,7.033579599578219e-56,294
I4210126517,0.004757050628610262,22.0,2.5665785226604627e-08,0.003700962047019212,33
I4210126580,0.002378525314305131,7.0,0.0,0.007178147573883012,44
I4210126592,0.002378525314305131,7.0,0.00011685888671525358,0.0025817810626279536,44
I4210126829,0.0050968399592252805,15.0,0.0,4.9456166694753455e-06,58
I4210126879,0.0003397893306150187,1.0,0.0,1.2993495800635686e-05,38
I4210126907,0.015290519877675842,45.0,0.0,0.012528356734462318,2
I4210127055,0.0010193679918450561,3.0,6.703749773121538e-05,0.002419442108109044,4
I4210127074,0.0016989466530750936,5.0,0.0,0.0008861151033761003,44
I4210127121,0.0020387359836901123,6.0,0.0,0.0027783246214581597,4
I4210127216,0.0013591573224600749,4.0,0.0,0.004931862252142112,44
I4210127218,0.0006795786612300374,2.0,0.0,0.00012631127770771093,57
I4210127283,0.0013591573224600749,4.0,0.0,5.240425169153674e-37,256
I4210127325,0.0003397893306150187,1.0,0.0,9.440310735625384e-48,108
I4210127378,0.0,0.0,0.0,7.033579599578219e-56,295
I4210127401,0.004757050628610262,14.0,0.0,0.002694503855470875,4
I4210127432,0.0003397893306150187,1.0,0.0,0.0024656783608832168,44
I4210127441,0.0,0.0,0.0,7.033579599578219e-56,296
I4210127509,0.012232415902140675,53.0,0.0013544857828947578,0.013208780514601982,30
I4210127558,0.0010193679918450561,3.0,0.0,0.00012598258334164283,65
I4210127591,0.0020387359836901123,6.0,0.0,0.0005611944838825725,36
I4210127611,0.0006795786612300374,2.0,0.0,0.00011810437655134056,65
I4210127658,0.0013591573224600749,4.0,0.0,0.0002523824109424489,285
I4210127693,0.0054366292898402994,16.0,3.587291801637657e-05,0.0060641642776822855,4
I4210127743,0.0006795786612300374,2.0,0.0,3.6136885964648406e-06,0
I4210127875,0.008494733265375467,27.0,0.0011357312539148805,0.012034985590962846,57
I4210127938,0.0016989466530750936,6.0,0.0,0.0009337748510636405,57
I4210128042,0.0003397893306150187,1.0,0.0,1.2982268970541871e-45,297
I4210128055,0.0010193679918450561,3.0,0.0,1.2670570585496477e-39,281
I4210128175,0.008494733265375467,26.0,7.1607540782226915e-06,0.01697718138201244,44
I4210128276,0.0003397893306150187,1.0,0.0,9.440310735625384e-48,298
I4210128490,0.0010193679918450561,3.0,0.0,9.471640218457564e-07,25
I4210128526,0.003397893306150187,12.0,4.042361173190229e-07,0.002210038313147352,57
I4210128565,0.0044172612979952435,13.0,0.0,0.002582978621352191,38
I4210128584,0.019367991845056068,60.0,0.0023369271704742805,0.017568474947637747,2
I4210128585,0.0016989466530750936,5.0,9.239682681577666e-07,0.0015619219213104346,57
I4210128594,0.0013591573224600749,4.0,0.0,0.00046103198044704103,30
I4210128615,0.0016989466530750936,5.0,0.0,0.0021964767369493606,44
I4210128618,0.004757050628610262,14.0,0.0,0.0035930156792698584,57
I4210128628,0.0020387359836901123,6.0,0.0,0.003750706547013992,44
I4210128712,0.0003397893306150187,1.0,0.0,9.440310735625384e-48,260
I4210128801,0.0003397893306150187,1.0,0.0,9.437976892703378e-07,2
I4210128818,0.006116207951070337,37.0,4.119358528870044e-06,0.060451726505457715,44
I4210128853,0.0013591573224600749,4.0,0.0,0.00020392173174844564,68
I4210128910,0.007135575942915393,29.0,1.0818128473013852e-05,0.031081097296938077,44
I4210128921,0.02072714916751614,66.0,1.1064520011189253e-05,0.038464077444560416,44
I4210129145,0.0010193679918450561,3.0,0.0,0.0002874222756502401,38
I4210129222,0.0016989466530750936,5.0,0.0,0.0005446055956180012,44
I4210129405,0.0010193679918450561,3.0,0.0,1.1520470368970878e-05,36
I4210129459,0.0003397893306150187,1.0,0.0,1.2982268970541871e-45,297
I4210129665,0.0003397893306150187,1.0,0.0,9.440310735625384e-48,299
I4210129763,0.002378525314305131,7.0,0.0,0.0020303125671798762,2
I4210130191,0.0016989466530750936,5.0,0.0,0.00015226755573609265,24
I4210130200,0.0006795786612300374,2.0,0.0,0.0008666890014329743,57
I4210130445,0.015290519877675842,45.0,0.0,0.012528356734462318,2
I4210130461,0.003397893306150187,10.0,0.0,0.0018119137224811227,30
I4210130532,0.0010193679918450561,3.0,0.0,1.2670570585496477e-39,70
I4210130649,0.0054366292898402994,22.0,1.1612934510323442e-06,0.0019973937406053844,24
I4210130930,0.0030581039755351687,9.0,0.0,0.005409151578169766,44
I4210131026,0.003397893306150187,13.0,0.0,0.010702200830755198,44
I4210131147,0.0030581039755351687,10.0,0.0001694992288879822,0.00048462423513069363,0
I4210131167,0.0013591573224600749,4.0,0.0,0.0001333804289335461,65
I4210131207,0.0006795786612300374,2.0,0.0,5.363524690499956e-43,234
I4210131230,0.0003397893306150187,1.0,0.0,1.4162723055634513e-05,22
I4210131232,0.0003397893306150187,1.0,0.0,9.440310735625384e-48,252
I4210131320,0.0,0.0,0.0,7.033579599578219e-56,300
I4210131342,0.0010193679918450561,3.0,0.0,1.63043129871897e-05,57
I4210131356,0.0020387359836901123,6.0,0.0,0.00010578346870815364,38
I4210131537,0.0037376826367652057,13.0,0.0015874891308607795,0.0007941430563327139,68
I4210131560,0.0003397893306150187,1.0,0.0,9.440310735625384e-48,289
I4210131585,0.0006795786612300374,2.0,0.0,4.225541876843009e-05,4
I4210131712,0.0006795786612300374,2.0,0.0,0.0003986292594730733,44
I4210131804,0.0013591573224600749,4.0,0.0,0.002042113472373552,4
I4210131846,0.004077471967380225,12.0,2.5752865569337766e-05,0.0041093745215862836,2
I4210131870,0.0003397893306150187,1.0,0.0,3.710058093395611e-05,44
I4210131871,0.0030581039755351687,9.0,0.0,0.0007817611499760143,33
I4210131919,0.0016989466530750936,6.0,0.0,0.000653376808542183,68
I4210132242,0.004077471967380225,12.0,0.0,0.0011247105902707612,4
I4210132355,0.00815494393476045,27.0,1.5707460558682032e-06,0.0156786719195523,44
I4210132578,0.0044172612979952435,13.0,0.0,0.0009825188274475531,36
I4210132586,0.0003397893306150187,1.0,0.0,3.918786317053576e-05,24
I4210132590,0.0006795786612300374,2.0,0.0,5.363524690499956e-43,282
I4210132741,0.0,0.0,0.0,7.033579599578219e-56,301
I4210132813,0.004757050628610262,14.0,0.0,0.00724702269308064,44
I4210132948,0.0020387359836901123,6.0,0.0,0.006424122648869341,44
I4210132950,0.0010193679918450561,3.0,0.0,0.005383935888340692,44
I4210133003,0.007135575942915393,21.0,0.0,0.014781884218894873,44
I4210133173,0.0020387359836901123,8.0,1.6169444692760916e-06,0.0007605134276529079,57
I4210133257,0.0006795786612300374,2.0,0.0,2.964644264384458e-07,0
I4210133325,0.0016989466530750936,5.0,0.0,0.002817342654920773,95
I4210133534,0.0020387359836901123,6.0,0.0,9.742705257821128e-05,33
I4210133638,0.0006795786612300374,2.0,0.0,3.9338690835024205e-05,9
I4210133785,0.007135575942915393,21.0,0.0,0.014781884218894873,44
I4210133796,0.002378525314305131,7.0,0.0,0.00148148084739292,57
I4210133846,0.0016989466530750936,5.0,0.0,0.004003498053090186,4
I4210133882,0.0010193679918450561,3.0,0.0,1.8791992216527352e-06,207
I4210133934,0.0006795786612300374,2.0,0.0,0.0001476623643814748,2
I4210134158,0.015290519877675842,45.0,0.0,0.012528356734462318,2
I4210134523,0.0003397893306150187,1.0,0.0,4.032840667706008e-06,44
I4210134534,0.0013591573224600749,4.0,0.0,0.0019344475320195523,24
I4210134550,0.015290519877675842,45.0,0.0,0.012528356734462318,2
I4210134579,0.01291199456337071,67.0,0.0008576407377108113,0.040289946954000316,4
I4210134607,0.0010193679918450561,3.0,0.0,8.911448269089537e-07,4
I4210134705,0.0020387359836901123,6.0,0.0,2.897151661437257e-05,0
I4210134763,0.0003397893306150187,1.0,0.0,0.0002560518701576384,57
I4210134769,0.008834522595990487,33.0,1.1035021024272974e-05,0.010069193365867608,57
I4210134778,0.0,0.0,0.0,7.033579599578219e-56,302
I4210134929,0.003397893306150187,16.0,0.0,0.021302538673052242,44
I4210135252,0.007135575942915393,21.0,8.084722346380459e-06,0.006377349190855059,4
I4210135449,0.0003397893306150187,1.0,0.0,9.440310735625384e-48,50
I4210135459,0.0020387359836901123,12.0,0.0,0.005194395806301111,44
I4210135521,0.0013591573224600749,4.0,0.0,0.0009484072815194265,57
I4210135670,0.0054366292898402994,20.0,0.0012421337164017793,0.006013968367662953,65
I4210135742,0.006795786612300374,22.0,1.2781561042849104e-06,0.019339246085879166,44
I4210135888,0.0020387359836901123,6.0,0.0,0.0010539923945864303,44
I4210135908,0.0006795786612300374,2.0,0.0,5.363524690499956e-43,139
I4210135994,0.0020387359836901123,6.0,1.6169444692760916e-06,0.0004740681788584243,285
I4210136150,0.0010193679918450561,3.0,0.0,0.0005922668506260937,57
I4210136238,0.0003397893306150187,1.0,0.0,0.00014616612088955817,2
I4210136246,0.004077471967380225,13.0,0.0,0.0103013797191482,44
I4210136328,0.002378525314305131,7.0,0.0,0.00038515615416505317,2
I4210136334,0.0050968399592252805,15.0,0.0,4.9456166694753455e-06,58
I4210136376,0.0020387359836901123,6.0,0.0,0.0007727541981505096,57
I4210136431,0.0003397893306150187,1.0,0.0,0.00028093522658291986,44
I4210136497,0.0010193679918450561,3.0,0.0,0.0003957084801889695,58
I4210136517,0.0006795786612300374,2.0,0.0,0.0003278352981142141,38
I4210136522,0.0,0.0,0.0,7.033579599578219e-56,303
I4210136596,0.004757050628610262,14.0,0.0,0.00724702269308064,44
I4210136757,0.0006795786612300374,2.0,0.0,0.0001942219305666949,2
I4210136793,0.014271151885830786,58.0,0.0008257088593473111,0.05667600220076061,44
I4210136859,0.0006795786612300374,2.0,0.0,0.0011177356416083681,44
I4210136895,0.0016989466530750936,5.0,0.00029010293699483473,0.00012836222278112664,68
I4210137115,0.0010193679918450561,3.0,0.0,0.001169866800091608,57
I4210137145,0.007815154604145431,42.0,0.0,0.029674979312229732,4
I4210137146,0.0027183146449201497,8.0,0.0,0.006381517627022101,44
I4210137199,0.010193679918450561,57.0,0.0006073574261392985,0.0437168085591174,38
I4210137263,0.0010193679918450561,3.0,0.0,9.471640218457564e-07,25
I4210137306,0.02378525314305131,102.0,0.003441358313431442,0.05837888378233674,4
I4210137357,0.0006795786612300374,3.0,0.0,0.00012903170086083822,65
I4210137384,0.003397893306150187,10.0,0.0,0.0007602731700209176,65
I4210137396,0.0016989466530750936,5.0,0.0,0.0003021329788539407,38
I4210137436,0.0,0.0,0.0,7.033579599578219e-56,304
I4210137491,0.0013591573224600749,4.0,0.0,0.0013421764890201465,65
I4210137501,0.0010193679918450561,6.0,0.0,0.0033786771357238966,57
I4210137750,0.0020387359836901123,7.0,3.4648810055916246e-06,0.0002983384137231258,36
I4210137807,0.002378525314305131,7.0,0.0,0.00025125639060979933,65
I4210137853,0.0,0.0,0.0,7.033579599578219e-56,305
I4210137873,0.0013591573224600749,4.0,0.0,1.0148630882634294e-05,36
I4210137977,0.0013591573224600749,4.0,0.0,0.003998953092167738,9
I4210138083,0.002378525314305131,7.0,0.0,0.005371321697206586,57
I4210138199,0.0006795786612300374,2.0,0.0,0.0007634665240305137,2
I4210138307,0.0003397893306150187,1.0,0.0,9.440310735625384e-48,299
I4210138309,0.0030581039755351687,9.0,0.0,0.005316605305731411,4
I4210138310,0.0013591573224600749,4.0,0.0,4.2438733900766354e-05,65
I4210138501,0.002378525314305131,7.0,0.0,0.002483517428275688,44
I4210138624,0.0003397893306150187,1.0,0.0,0.0005335114827803693,57
I4210138704,0.0010193679918450561,3.0,0.0,0.0002874222756502401,38
I4210139126,0.0003397893306150187,1.0,0.0,9.440310735625384e-48,306
I4210139139,0.0,0.0,0.0,7.033579599578219e-56,307
I4210139142,0.0013591573224600749,4.0,0.0,0.0001333804289335461,65
I4210139461,0.0027183146449201497,9.0,3.849867783990694e-07,0.0022797182198471496,38
I4210139473,0.0016989466530750936,5.0,0.0,0.0038731747650172007,44
I4210139483,0.0010193679918450561,3.0,0.0,0.0002874222756502401,38
I4210139533,0.0013591573224600749,4.0,0.0,2.7706656112686587e-05,9
I4210139598,0.002378525314305131,7.0,0.0,0.009561994048924575,44
I4210139617,0.0020387359836901123,6.0,0.0,0.0027783246214581597,4
I4210139618,0.0013591573224600749,4.0,0.0,0.0023963238420021626,44
I4210139686,0.005776418620455318,17.0,0.0,0.005001780670960219,57
I4210139738,0.002378525314305131,7.0,0.0,0.00348202814915659,4
I4210139747,0.0016989466530750936,5.0,0.0,0.0006800472534685606,24
I4210139888,0.0,0.0,0.0,7.033579599578219e-56,308
I4210140007,0.0013591573224600749,6.0,0.0,8.612246692397479e-05,4
I4210140036,0.0013591573224600749,4.0,0.0,0.00023215187673452474,7
I4210140243,0.0030581039755351687,9.0,0.0,0.0009172040961922394,24
I4210140357,0.002378525314305131,7.0,0.0,0.0016101597323348639,57
I4210140627,0.002378525314305131,7.0,0.0,0.00267739019600929,4
I4210140673,0.0003397893306150187,1.0,0.0,0.0018448571692098379,4
I4210140791,0.002378525314305131,7.0,0.0,0.00267739019600929,4
I4210140884,0.011552837240910637,44.0,0.0004362685697926101,0.0057136371947379225,24
I4210140900,0.0013591573224600749,4.0,0.0,0.0011018179443950304,57
I4210141030,0.0016989466530750936,5.0,0.0,0.002518977162874194,4
I4210141120,0.0013591573224600749,4.0,0.0,1.8898225103282034e-05,38
I4210141135,0.003397893306150187,10.0,0.0,0.0018119137224811227,30
I4210141176,0.0030581039755351687,9.0,0.001674230501901873,0.005782237652471182,38
I4210141267,0.0,0.0,0.0,7.033579599578219e-56,309
I4210141342,0.0020387359836901123,6.0,0.0,0.0008288514711005089,57
I4210141470,0.0013591573224600749,4.0,0.0,0.001539761068672328,57
I4210141483,0.0010193679918450561,3.0,0.0,0.005383935888340692,44
I4210141669,0.004757050628610262,14.0,0.0,0.0004572245512357525,7
I4210141674,0.0013591573224600749,4.0,0.0,0.0009860759585352621,57
I4210141683,0.0010193679918450561,3.0,0.0,7.49407002074089e-05,44
I4210141719,0.0030581039755351687,9.0,0.0,0.0006008742523021019,9
I4210141757,0.0,0.0,0.0,7.033579599578219e-56,310
I4210141763,0.0006795786612300374,2.0,0.0,3.31398472609031e-05,65
I4210141776,0.0013591573224600749,4.0,0.0,0.00017058579288983057,44
I4210141777,0.0010193679918450561,3.0,0.0,0.0002987665029056177,24
I4210141779,0.0003397893306150187,1.0,0.0,0.0023059662734982215,44
I4210141865,0.0006795786612300374,2.0,0.0,0.0001476623643814748,2
I4210141942,0.006116207951070337,23.0,5.5438096089466e-07,0.01918773459620434,44
I4210141964,0.0027183146449201497,8.0,0.0,0.0003671338205953268,38
I4210142044,0.0050968399592252805,15.0,0.0,0.015148477611173715,44
I4210142128,0.0016989466530750936,5.0,0.0,0.00029178913194003744,38
I4210142260,0.0010193679918450561,3.0,0.0,2.6020504719335267e-05,2
I4210142372,0.0027183146449201497,8.0,0.0,0.0024572166451080034,44
I4210142478,0.0016989466530750936,5.0,0.0,0.00613660982324212,44
I4210142479,0.0016989466530750936,5.0,0.0,4.636726599162041e-06,9
I4210142583,0.0037376826367652057,13.0,0.0,0.006013286263387744,57
I4210142730,0.004077471967380225,12.0,0.0011166156520686608,0.0018122857391228875,30
I4210142780,0.0003397893306150187,1.0,0.0,1.4324571590108714e-05,57
I4210142934,0.0020387359836901123,6.0,0.0,9.312757668306106e-05,2
I4210143141,0.0010193679918450561,3.0,0.0,0.000696111463653459,57
I4210143260,0.0,0.0,0.0,7.033579599578219e-56,311
I4210143272,0.007135575942915393,21.0,0.0,0.008334670617905852,2
I4210143281,0.0013591573224600749,4.0,0.0,0.00011824229817818148,24
I4210143370,0.0006795786612300374,2.0,0.0,0.0018712346231469993,57
I4210143371,0.0006795786612300374,2.0,0.0,1.0266114686232304e-05,65
I4210143392,0.0010193679918450561,3.0,0.0,0.0001645677811080969,30
I4210143629,0.0,0.0,0.0,7.033579599578219e-56,312
I4210143795,0.0016989466530750936,5.0,0.0010340205886309247,8.462020290261142e-05,25
I4210143801,0.015290519877675842,45.0,0.0,0.012528356734462318,2
I4210143902,0.0006795786612300374,2.0,0.0,0.0006900490335228212,2
I4210144062,0.0010193679918450561,3.0,0.0,0.0005439988548611385,24
I4210144108,0.0020387359836901123,6.0,0.0,0.0025953154070325513,9
I4210144143,0.0006795786612300374,2.0,0.0,0.00025461828571892245,30
I4210144145,0.0010193679918450561,3.0,0.0,0.0004407423785306318,57
I4210144289,0.0010193679918450561,3.0,0.0,0.005327230575551081,44
I4210144367,0.0010193679918450561,3.0,0.0,0.00022410168214924122,44
I4210144384,0.006455997281685355,28.0,0.0018960437508361338,0.0037600957275984804,33
I4210144482,0.007135575942915393,25.0,9.239682681577667e-08,0.024518528687997164,44
I4210144487,0.0006795786612300374,2.0,0.0,0.00025461828571892245,30
I4210144566,0.002378525314305131,7.0,0.0,0.0008359706558562634,38
I4210144576,0.0006795786612300374,2.0,0.0,0.0002761224725776548,4
I4210144725,0.0027183146449201497,8.0,0.0,0.001467386948406633,44
I4210144746,0.015290519877675842,45.0,0.0,0.012528356734462318,2
I4210144755,0.002378525314305131,7.0,0.0,0.00038515615416505317,2
I4210144834,0.0016989466530750936,5.0,0.0,0.0004558943330219582,24
I4210144839,0.0010193679918450561,3.0,0.0005585388181013699,2.8748948584890827e-06,186
I4210144898,0.0013591573224600749,4.0,0.0,6.012709561489499e-05,36
I4210144925,0.0020387359836901123,6.0,0.0,0.0004648181526298283,0
I4210145118,0.0013591573224600749,4.0,0.0,0.004803655884719341,44
I4210145126,0.0006795786612300374,2.0,0.0,2.964644264384458e-07,0
I4210145330,0.0030581039755351687,9.0,0.0,0.0006008742523021019,9
I4210145362,0.0,0.0,0.0,7.033579599578219e-56,313
I4210145411,0.0013591573224600749,4.0,0.0,0.001905579248823353,9
I4210145583,0.0013591573224600749,4.0,0.0,0.003327205742516463,57
I4210145752,0.0013591573224600749,4.0,0.0,0.0031769799117451008,2
I4210145761,0.011892626571525655,58.0,0.0014974060745831803,0.0843797200014437,44
I4210145784,0.004757050628610262,14.0,0.0,0.0003953406714401275,65
I4210145812,0.0013591573224600749,4.0,0.0,0.003327205742516463,57
I4210145896,0.0003397893306150187,1.0,0.0,9.440310735625384e-48,314
I4210145899,0.0003397893306150187,1.0,0.0,7.4747478175188465e-06,36
I4210146077,0.0010193679918450561,3.0,0.0,0.002593056786867135,44
I4210146201,0.0,0.0,0.0,7.033579599578219e-56,315
I4210146410,0.006795786612300374,26.0,2.5024140595939508e-06,0.012926853541086468,2
I4210146419,0.0010193679918450561,3.0,0.0,0.000283497056367356,2
I4210146544,0.0003397893306150187,1.0,0.0,2.335598696094726e-05,44
I4210146682,0.0003397893306150187,1.0,0.0,9.440310735625384e-48,116
I4210146690,0.007815154604145431,23.0,0.0,0.015512427739603539,4
I4210146710,0.010193679918450561,40.0,0.0020111489311122575,0.009189567207234439,57
I4210146711,0.014610941216445805,45.0,6.252185281200888e-06,0.020151846232161805,44
I4210146919,0.0,0.0,0.0,7.033579599578219e-56,316
I4210146998,0.0030581039755351687,9.0,0.0,0.007988439932609915,4
I4210147079,0.0030581039755351687,9.0,0.0,0.0031190946200338404,30
I4210147126,0.0010193679918450561,3.0,0.0,5.1544622773644435e-05,36
I4210147158,0.0010193679918450561,3.0,0.0,0.002322156952167115,38
I4210147194,0.0006795786612300374,2.0,0.0,6.999188695272016e-05,4
I4210147238,0.0006795786612300374,2.0,0.0,0.002013883392172239,44
I4210147348,0.002378525314305131,7.0,0.0,0.0019857109086477633,2
I4210147381,0.007815154604145431,23.0,0.0,0.007157104367222863,44
I4210147433,0.0010193679918450561,4.0,0.0,0.0005220890808311043,44
I4210147586,0.0013591573224600749,4.0,0.0,0.00041871380596440315,30
I4210147651,0.0,0.0,0.0,7.033579599578219e-56,317
I4210147892,0.0006795786612300374,2.0,0.0,0.0014015842000491424,44
I4210147955,0.0013591573224600749,4.0,0.0,8.051545683647152e-08,22
I4210148180,0.0006795786612300374,2.0,0.0,7.730933165793829e-06,68
I4210148186,0.0006795786612300374,2.0,0.0,0.0004594378167089413,2
I4210148284,0.004757050628610262,14.0,0.0,0.0035930156792698584,57
I4210148371,0.0050968399592252805,18.0,0.0,0.001961850031069997,36
I4210148560,0.00815494393476045,36.0,4.234973019860041e-05,0.01825364564292805,38
I4210148632,0.0027183146449201497,8.0,0.0,0.00835821634643225,38
I4210148941,0.0013591573224600749,4.0,0.0,1.3907382254971263e-06,36
I4210149000,0.004077471967380225,12.0,0.0,0.003907494204029357,4
I4210149092,0.006795786612300374,37.0,9.455021440044837e-07,0.021793942843461818,38
I4210149102,0.0006795786612300374,2.0,0.0,5.363524690499956e-43,318
I4210149275,0.0006795786612300374,2.0,0.0,5.143007145905871e-06,0
I4210149307,0.0006795786612300374,2.0,0.0,3.786629445002816e-05,9
I4210149477,0.0006795786612300374,2.0,0.0,6.289404348096084e-08,0
I4210149618,0.0016989466530750936,6.0,0.0,0.0011049114575098103,68
I4210149650,0.0,0.0,0.0,7.033579599578219e-56,319
I4210149691,0.0016989466530750936,5.0,0.0,0.0009289968882705478,57
I4210149717,0.005776418620455318,19.0,7.699735567981388e-08,0.007480676185316613,57
I4210149736,0.0016989466530750936,5.0,0.0,0.003829978238630839,4
I4210149747,0.0006795786612300374,2.0,0.0,2.9799419744311825e-08,36
I4210149777,0.0006795786612300374,2.0,0.0,3.726222743944001e-05,57
I4210150005,0.0003397893306150187,1.0,0.0,0.0023059662734982215,44
I4210150261,0.004757050628610262,14.0,0.0,0.0035930156792698584,57
I4210150290,0.007815154604145431,42.0,0.0,0.029674979312229732,4
I4210150398,0.0006795786612300374,2.0,0.0,0.0005580053552850168,44
I4210150405,0.0003397893306150187,1.0,0.0,2.816899201421339e-06,33
I4210150574,0.0054366292898402994,25.0,5.582308286786506e-07,0.013630089971610367,24
I4210150894,0.0037376826367652057,11.0,0.0,0.0035456753655438737,4
I4210150980,0.0044172612979952435,18.0,1.5399471135962775e-07,0.009041115026762627,4
I4210151021,0.0013591573224600749,4.0,0.0,0.0013429447998035006,44
I4210151202,0.0003397893306150187,1.0,0.0,3.918786317053576e-05,24
I4210151352,0.0013591573224600749,4.0,0.0,0.0002705400675317008,38
I4210151462,0.0020387359836901123,6.0,0.0,0.0010701059175182261,30
I4210151618,0.0013591573224600749,5.0,0.0,0.00204975644453246,2
I4210151627,0.0006795786612300374,2.0,0.0,0.0006450383865189512,57
I4210151799,0.0003397893306150187,1.0,0.0,8.718153378036754e-05,2
I4210151929,0.0010193679918450561,3.0,0.0,4.8614636589815596e-05,57
I4210151987,0.002378525314305131,7.0,0.0,0.002483517428275688,44
I4210152006,0.0010193679918450561,3.0,0.0,3.464999949172833e-05,68
I4210152127,0.0013591573224600749,4.0,0.0,7.542291948872295e-06,0
I4210152230,0.0050968399592252805,15.0,0.0,4.9456166694753455e-06,58
I4210152380,0.0020387359836901123,8.0,0.0022313833676010065,0.0011865905721979888,34
I4210152428,0.0,0.0,0.0,7.033579599578219e-56,320
I4210152471,0.0006795786612300374,2.0,0.0,2.8746030490673543e-06,186
I4210152518,0.0030581039755351687,10.0,7.75308373584526e-06,0.001174973658193489,38
I4210152758,0.004077471967380225,13.0,6.929762011183249e-07,0.012874800885360495,44
I4210152878,0.0013591573224600749,4.0,0.0,0.0025460851215861873,24
I4210152908,0.0016989466530750936,5.0,0.0,0.006411387394806576,44
I4210153126,0.004757050628610262,14.0,0.0,0.0035930156792698584,57
I4210153230,0.0013591573224600749,4.0,0.0,0.00027126506256072757,44
I4210153316,0.0006795786612300374,2.0,0.0,0.0006943954090302112,36
I4210153468,0.0016989466530750936,6.0,0.0,0.00264042798581252,57
I4210153519,0.0030581039755351687,9.0,0.0,0.0006008742523021019,9
I4210153546,0.0044172612979952435,13.0,0.0,0.002582978621352191,38
I4210153550,0.017329255861365956,86.0,5.1886318068178584e-05,0.07820188928192111,44
I4210153668,0.0006795786612300374,2.0,0.0,5.7637834670823584e-05,44
I4210153682,0.0020387359836901123,6.0,0.00028985654545665934,0.0006614721254157273,57
I4210153755,0.0054366292898402994,16.0,0.000567125948193561,0.0011112429483531548,36
I4210153760,0.0006795786612300374,2.0,0.0,9.981134105754257e-05,38
I4210153776,0.0,0.0,0.0,7.033579599578219e-56,321
I4210153792,0.005776418620455318,17.0,0.0,0.005001780670960219,57
I4210153856,0.012232415902140675,39.0,1.1878675383984618e-05,0.014667986137509192,44
I4210153905,0.0006795786612300374,2.0,0.0,2.6165359947932877e-05,2
I4210154111,0.0030581039755351687,10.0,7.75308373584526e-06,0.001174973658193489,38
I4210154142,0.007815154604145431,23.0,0.0,0.007157104367222863,44
I4210154221,0.0006795786612300374,2.0,0.0,3.2787410986408286e-05,2
I4210154427,0.0006795786612300374,2.0,0.0,0.0011343795421408273,24
I4210154454,0.0013591573224600749,4.0,0.0,0.0006384762407063021,44
I4210154480,0.007475365273530411,22.0,0.0,0.013196846605895077,44
I4210154619,0.0003397893306150187,1.0,0.0,9.440310735625384e-48,276
I4210154783,0.0003397893306150187,1.0,0.0,9.440310735625384e-48,215
I4210154929,0.004757050628610262,14.0,0.0,0.00724702269308064,44
I4210154940,0.0010193679918450561,3.0,0.0,1.2670570585496477e-39,255
I4210155092,0.0003397893306150187,1.0,0.0,4.3744507012584284e-07,57
I4210155202,0.0006795786612300374,2.0,0.0,0.000710361177770004,30
I4210155268,0.006455997281685355,21.0,0.0013062414397502348,0.010151392723737435,57
I4210155350,0.0037376826367652057,11.0,2.7719048044732997e-06,0.0055799510432022505,44
I4210155419,0.0030581039755351687,9.0,0.0,0.0068469560825051064,4
I4210155571,0.0006795786612300374,2.0,0.0,1.8546763919352287e-05,30
I4210155647,0.006116207951070337,19.0,0.0,0.005208428222629801,57
I4210155796,0.0013591573224600749,4.0,0.0,0.00027126506256072757,44
I4210156034,0.0013591573224600749,4.0,0.0,0.0001333804289335461,65
I4210156054,0.0013591573224600749,6.0,0.0,0.00036213919721397864,38
I4210156165,0.0030581039755351687,9.0,0.0,0.00717161361080944,44
I4210156168,0.0020387359836901123,6.0,0.0,0.0010539923945864303,44
I4210156221,0.0003397893306150187,1.0,0.0,4.5813729131457315e-05,38
I4210156302,0.0003397893306150187,1.0,0.0,0.000128013134408212,65
I4210156404,0.0054366292898402994,28.0,2.3099206703944166e-06,0.04854442009625588,44
I4210156423,0.0003397893306150187,1.0,0.0,0.0023059662734982215,44
I4210156450,0.006455997281685355,40.0,1.0926566415596245e-05,0.0007841506105046898,36
I4210156496,0.0003397893306150187,1.0,0.0,0.00019606149678665316,57
I4210156583,0.0027183146449201497,8.0,0.0,0.0003543478969163226,38
I4210156703,0.0020387359836901123,6.0,0.0,0.0007707434578582448,38
I4210156707,0.0013591573224600749,4.0,0.0,1.8421252004014712e-08,65
I4210156709,0.0013591573224600749,4.0,0.0,1.8421252004014712e-08,65
I4210156785,0.0010193679918450561,3.0,0.0,0.0002000737871932251,44
I4210156804,0.004757050628610262,22.0,2.5665785226604627e-08,0.003700962047019212,33
I4210156829,0.002378525314305131,7.0,0.0,0.00148148084739292,57
I4210157288,0.002378525314305131,7.0,0.0,0.001429628534363091,4
I4210157294,0.015290519877675842,45.0,0.0,0.012528356734462318,2
I4210157345,0.004077471967380225,18.0,0.0,0.027854638701986425,44
I4210157590,0.0006795786612300374,2.0,0.0,0.0005141106323540038,57
I4210157729,0.0030581039755351687,9.0,0.0,0.005409151578169766,44
I4210157775,0.004757050628610262,14.0,0.0,0.0004572245512357525,7
I4210157781,0.0020387359836901123,12.0,0.0,0.005194395806301111,44
I4210157790,0.0006795786612300374,2.0,0.0,0.0003167077746747146,30
I4210157861,0.0037376826367652057,11.0,0.0,0.007766910734652328,4
I4210157890,0.0027183146449201497,9.0,0.0,0.0027835335718747957,57
I4210158318,0.0054366292898402994,17.0,3.079894227192555e-06,0.00881284748980631,44
I4210158373,0.003397893306150187,10.0,0.0,0.0033997787038514155,4
I4210158374,0.0037376826367652057,11.0,0.0,0.0005537369723761576,24
I4210158428,0.004757050628610262,14.0,0.0,0.002694503855470875,4
I4210158445,0.0016989466530750936,5.0,0.0,0.004897003717998521,38
I4210158500,0.015290519877675842,45.0,0.0,0.012528356734462318,2
I4210158570,0.0003397893306150187,1.0,0.0,0.0010785487650499805,44
I4210158702,0.002378525314305131,7.0,0.0,0.001730718699527313,4
I4210158738,0.0010193679918450561,3.0,0.0,1.2670570585496477e-39,322
I4210158898,0.003397893306150187,10.0,0.0,0.0036138474520854094,30
I4210158926,0.0006795786612300374,2.0,0.0,5.363524690499956e-43,250
I4210158968,0.007475365273530411,22.0,0.0,0.013196846605895077,44
I4210159029,0.0030581039755351687,12.0,0.0,0.02017728793618717,44
I4210159031,0.0010193679918450561,3.0,0.0,0.0006012387703540176,57
I4210159102,0.003397893306150187,11.0,4.388849273749392e-06,0.0071601583539202575,44
I4210159227,0.0006795786612300374,2.0,0.0,7.4553280350981e-42,110
I4210159340,0.0003397893306150187,1.0,0.0,0.0003964618094725022,38
I4210159344,0.002378525314305131,7.0,0.0,0.002483517428275688,44
I4210159509,0.0003397893306150187,1.0,0.0,9.440310735625384e-48,268
I4210159521,0.002378525314305131,7.0,0.0,0.0036315498326232962,4
I4210159566,0.0,0.0,0.0,7.033579599578219e-56,323
I4210159575,0.0016989466530750936,5.0,0.0,0.0008861151033761003,44
I4210159579,0.0013591573224600749,4.0,0.0,0.0006779451395330727,57
I4210159782,0.0010193679918450561,3.0,0.0,1.2670570585496477e-39,255
I4210159865,0.01053346924906558,32.0,1.6939418249559054e-06,0.01608429770214924,44
I4210159873,0.004757050628610262,14.0,0.0,0.007268238973994915,4
I4210159887,0.0006795786612300374,2.0,0.0,5.363524690499956e-43,253
I4210159968,0.0016989466530750936,5.0,1.5522666905050476e-05,0.0007827819536289562,44
I4210160053,0.002378525314305131,7.0,0.0,0.00045546072374986655,2
I4210160062,0.0010193679918450561,3.0,0.0,1.2670570585496477e-39,322
I4210160102,0.0006795786612300374,2.0,0.0,0.00034033099435691085,7
I4210160144,0.0020387359836901123,6.0,0.0,0.0005079458177478214,9
I4210160263,0.0003397893306150187,1.0,0.0,3.727664017549085e-42,110
I4210160315,0.0013591573224600749,4.0,0.0,0.0030840160314803216,4
I4210160344,0.0037376826367652057,11.0,0.0,0.004573198536850407,44
I4210160507,0.011892626571525655,37.0,1.1049120540053291e-05,0.01371267217754106,44
I4210160578,0.0,0.0,0.0,7.033579599578219e-56,324
I4210160618,0.0020387359836901123,7.0,0.0,0.002884871593029844,44
I4210160791,0.0020387359836901123,8.0,0.0,0.0026612743238393476,9
I4210160792,0.0020387359836901123,6.0,0.0,4.621931313602463e-33,56
I4210160793,0.0027183146449201497,11.0,0.0,0.018070390406253495,44
I4210161052,0.0003397893306150187,1.0,0.0,2.534861140744187e-05,9
I4210161087,0.0006795786612300374,2.0,0.0,9.888387855455324e-05,44
I4210161134,0.0006795786612300374,2.0,0.0,0.00015491568695052548,44
I4210161256,0.0016989466530750936,7.0,2.1020278100589186e-06,0.0005723092569409778,9
I4210161407,0.002378525314305131,7.0,0.0,0.00046600351877210296,4
I4210161460,0.002378525314305131,7.0,1.963432569835254e-06,0.0017635533748025084,2
I4210161616,0.0010193679918450561,3.0,0.0,0.00029499959189668883,44
I4210161917,0.004077471967380225,12.0,0.0,0.00014063896071411973,36
I4210161994,0.006795786612300374,36.0,7.04525804470297e-07,0.018575039613343784,4
I4210162051,0.008834522595990487,45.0,1.5924978088477505e-05,0.001536438259650503,36
I4210162141,0.0010193679918450561,3.0,0.0,0.0018287953537545398,85
I4210162172,0.002378525314305131,7.0,0.0,0.0016829981846977276,44
I4210162189,0.007815154604145431,42.0,0.0,0.029674979312229732,4
I4210162190,0.002378525314305131,8.0,0.0001487588911734004,0.003639202983035305,44
I4210162314,0.0010193679918450561,3.0,0.0,0.002948526888576405,0
I4210162359,0.0050968399592252805,15.0,0.0,4.9456166694753455e-06,58
I4210162370,0.0013591573224600749,4.0,0.0,0.00031203319036091233,38
I4210162392,0.0006795786612300374,2.0,0.0,5.363524690499956e-43,234
I4210162420,0.002378525314305131,7.0,0.0,0.0016829981846977276,44
I4210162439,0.0,0.0,0.0,7.033579599578219e-56,325
I4210162743,0.004077471967380225,18.0,3.2998866719920235e-08,0.006984984947445907,4
I4210162753,0.008834522595990487,26.0,5.081825474867717e-06,0.013782276076708093,44
I4210163047,0.0013591573224600749,4.0,0.0,0.0005450117787432787,22
I4210163063,0.0006795786612300374,2.0,0.0,5.363524690499956e-43,175
I4210163116,0.0006795786612300374,2.0,0.0,5.363524690499956e-43,48
I4210163477,0.0013591573224600749,4.0,0.0,0.00022621049369353713,24
I4210163543,0.0003397893306150187,1.0,0.0,2.0461641609555598e-05,24
I4210163651,0.0010193679918450561,3.0,0.0,1.2670570585496477e-39,322
I4210163933,0.0016989466530750936,5.0,0.0,0.0005446055956180012,44
I4210164117,0.0003397893306150187,1.0,0.0,0.00026120158402207356,2
I4210164142,0.0006795786612300374,2.0,0.0,8.021480363587978e-05,44
I4210164149,0.007135575942915393,21.0,0.0,0.008334670617905852,2
I4210164150,0.0010193679918450561,3.0,0.0,0.0007333422690991531,44
I4210164166,0.0016989466530750936,5.0,0.0,4.636726599162041e-06,9
I4210164332,0.0010193679918450561,3.0,0.0,0.00028966684976589003,57
I4210164364,0.0003397893306150187,1.0,0.0,9.440310735625384e-48,326
I4210164526,0.0,0.0,0.0,7.033579599578219e-56,327
I4210164802,0.0030581039755351687,11.0,1.3859524022366499e-06,0.0004687530104142193,30
I4210164862,0.013931362555215767,63.0,0.004979086253240805,0.025749299082177483,4
I4210164937,0.012232415902140675,45.0,0.0018325106660861954,0.0227359803355898,57
I4210165017,0.0003397893306150187,2.0,0.0,5.628267317593407e-05,65
I4210165038,0.038396194359497114,227.0,0.02765986189531163,0.22217037222592673,44
I4210165264,0.0010193679918450561,3.0,0.0,4.8614636589815596e-05,57
I4210165529,0.0013591573224600749,4.0,0.0,5.283984308153559e-09,68
I4210165606,0.0003397893306150187,1.0,0.0,0.0008076831600450327,44
I4210165680,0.0003397893306150187,1.0,0.0,2.9111304119344927e-08,186
I4210165875,0.0006795786612300374,2.0,0.0,6.867236992322678e-06,0
I4210165912,0.0013591573224600749,4.0,0.0,0.0003570601587091318,38
I4210166029,0.0003397893306150187,1.0,0.0,4.97452249608091e-06,7
I4210166108,0.0003397893306150187,1.0,0.0,9.440310735625384e-48,284
I4210166206,0.0006795786612300374,2.0,0.0,0.0001194064087239037,44
I4210166406,0.0016989466530750936,5.0,0.0,0.005163723639651887,2
I4210166499,0.0003397893306150187,1.0,0.0,9.440310735625384e-48,262
I4210166576,0.0037376826367652057,11.0,0.0,0.004573198536850407,44
I4210166615,0.004757050628610262,14.0,0.0,0.0003953406714401275,65
I4210166688,0.0006795786612300374,2.0,0.0,3.9338690835024205e-05,9
I4210166741,0.0030581039755351687,9.0,0.0,0.0003617642319401014,30
I4210166820,0.0,0.0,0.0,7.033579599578219e-56,328
I4210166946,0.0006795786612300374,2.0,0.0,8.26985379780152e-05,57
I4210167018,0.0006795786612300374,2.0,0.0,9.8524903584341e-05,57
I4210167034,0.0010193679918450561,3.0,0.0,1.1869797426078827e-05,36
I4210167039,0.0016989466530750936,5.0,0.0,0.00013769725469822027,30
I4210167196,0.0013591573224600749,4.0,0.0,0.00017989223254961535,30
I4210167230,0.0013591573224600749,4.0,0.0,5.240425169153674e-37,256
I4210167254,0.0030581039755351687,10.0,2.0173307188111234e-06,0.004513075546318248,44
I4210167297,0.0037376826367652057,11.0,0.0,0.0005537369723761576,24
I4210167311,0.003397893306150187,10.0,0.0,0.009761104568621174,44
I4210167379,0.0020387359836901123,6.0,0.0,0.0007707434578582448,38
I42405503,0.0010193679918450561,3.0,0.0,9.077729499263812e-05,4
I42894916,0.0020387359836901123,11.0,1.4321508156445383e-06,0.00035264589038853375,38
I42934936,0.007815154604145431,23.0,0.0,0.009248910471852135,2
I43313876,0.0003397893306150187,1.0,0.0,0.00016083257538592035,44
I43424612,0.0,0.0,0.0,7.033579599578219e-56,329
I43439940,0.0030581039755351687,9.0,0.00029627427505257194,0.00045859161065820803,2
I4387152376,0.015290519877675842,45.0,0.0,0.012528356734462318,2
I4387152675,0.0003397893306150187,1.0,0.0,0.000336512667187881,2
I4387152683,0.0027183146449201497,8.0,0.0,0.0003671338205953268,38
I4387152983,0.0054366292898402994,17.0,0.0006001943875241486,0.0004911740946929357,7
I4387153049,0.0003397893306150187,1.0,0.0,9.440310735625384e-48,86
I4387153143,0.0020387359836901123,6.0,0.0,0.00018450859324012613,85
I4387153335,0.004077471967380225,13.0,0.0,0.0103013797191482,44
I4387153466,0.011892626571525655,47.0,1.682100564953631e-05,0.012854989815566938,57
I4387153999,0.0044172612979952435,13.0,0.0,0.002582978621352191,38
I4387154205,0.002378525314305131,7.0,0.0,0.00046600351877210296,4
I4387154308,0.004077471967380225,12.0,0.0,5.2302787504652805e-05,38
I4387154453,0.0020387359836901123,6.0,0.0,2.256706400040585e-05,58
I4387154616,0.007135575942915393,21.0,0.0,0.008334670617905852,2
I4387154627,0.0010193679918450561,3.0,0.0,0.000697187535865015,25
I4387154871,0.0006795786612300374,2.0,0.0,0.0002264392727779126,285
I4387154989,0.0020387359836901123,6.0,0.0,0.0007727541981505096,57
I4387154995,0.0010193679918450561,3.0,0.0,0.0002874222756502401,38
I4387155381,0.0003397893306150187,1.0,0.0,9.440310735625384e-48,212
I4387155440,0.003397893306150187,10.0,0.0,0.0008125536196702783,24
I4387155832,0.0010193679918450561,3.0,0.0,0.00011864140069826945,7
I4387155932,0.0006795786612300374,2.0,0.0,0.0006538236919563224,2
I4387156409,0.0006795786612300374,2.0,0.0,1.4471163206232163e-05,57
I4387156470,0.002378525314305131,7.0,0.0,1.1892762973617232e-05,0
I4388446366,0.0013591573224600749,4.0,0.0,0.0005110167246557508,9
I4388482657,0.0003397893306150187,1.0,0.0,0.0005232706619173218,44
I4388482740,0.0003397893306150187,1.0,0.0,0.0003388420707821427,2
I4388891800,0.0003397893306150187,1.0,0.0,4.282863198739842e-07,30
I4388891891,0.005776418620455318,17.0,0.0,0.005001780670960219,57
I4390039246,0.0016989466530750936,5.0,0.0,0.0007928566830826025,57
I4390039274,0.0037376826367652057,13.0,4.6198413407888325e-07,0.004428146385382096,4
I4390039331,0.0010193679918450561,3.0,0.0,0.0003187114566848433,4
I4391012619,0.027183146449201497,176.0,0.02134954174268792,0.18587863645142078,44
I4391767752,0.0030581039755351687,9.0,0.0,0.0026946608907918433,44
I4391767781,0.0003397893306150187,1.0,0.0,0.0011372617057534753,44
I4391767820,0.0010193679918450561,6.0,0.0,0.011770924736504252,44
I4391767842,0.0003397893306150187,1.0,0.0,0.0015050941044480787,44
I4391768120,0.0020387359836901123,6.0,0.0,0.0008288514711005089,57
I4391768151,0.0027183146449201497,8.0,0.0,0.00467499706153313,57
I4391768180,0.0020387359836901123,6.0,0.0,0.005825726383294885,44
I4392021234,0.0006795786612300374,2.0,0.0,1.462791663471307e-05,38
I4392021250,0.0016989466530750936,5.0,0.0,0.00472943489283165,44
I43922553,0.0,0.0,0.0,7.033579599578219e-56,330
I4392738115,0.0030581039755351687,9.0,0.0,0.0006008742523021019,9
I4392738278,0.0027183146449201497,8.0,0.0,0.012923054881950098,44
I4394709157,0.0013591573224600749,4.0,0.0,0.0021683243753718353,65
I4394709234,0.004077471967380225,12.0,0.0,5.2302787504652805e-05,38
I4396570619,0.0037376826367652057,12.0,1.1549603351972083e-07,0.01805503816627437,44
I43980791,0.0003397893306150187,1.0,0.0,9.440310735625384e-48,306
I4399657946,0.0,0.0,0.0,7.033579599578219e-56,331
I4400008918,0.0006795786612300374,2.0,0.0,5.363524690499956e-43,242
I4400009028,0.0016989466530750936,5.0,0.0,0.0004746222339011146,172
I4400573310,0.0037376826367652057,17.0,9.045539349042135e-06,0.008671855562779919,44
I4400600917,0.0016989466530750936,5.0,0.0,0.002161755215594258,58
I4400600948,0.006795786612300374,20.0,0.0,0.011643551959961806,57
I4401041618,0.002378525314305131,7.0,0.0,1.1892762973617232e-05,0
I4401726770,0.0013591573224600749,4.0,0.0,0.003937758422669377,44
I4401726783,0.0030581039755351687,10.0,0.0001694992288879822,0.00048462423513069363,0
I4401726785,0.0003397893306150187,1.0,0.0,0.0005890552236702964,57
I4401726805,0.0020387359836901123,10.0,5.235820186227345e-06,0.005552373347497141,44
I4401726811,0.0003397893306150187,1.0,0.0,9.440310735625384e-48,332
I4401726859,0.0027183146449201497,9.0,0.0,0.013792642322647325,44
I4401726870,0.0006795786612300374,2.0,0.0,0.002646300007978973,38
I4401726874,0.0016989466530750936,5.0,0.0,0.0069110371134002944,44
I4401726915,0.0003397893306150187,1.0,0.0,0.0023059662734982215,44
I4401726980,0.0013591573224600749,4.0,0.0,0.005312991278214988,44
I4402554038,0.0010193679918450561,3.0,0.0,0.0007538310452792588,57
I4402554106,0.0006795786612300374,2.0,0.0,0.00010859027822229793,44
I4403386549,0.0010193679918450561,3.0,0.0,0.0013853454759069237,2
I4403386768,0.0006795786612300374,2.0,0.0,3.7465533201026817e-05,38
I4403928411,0.0013591573224600749,4.0,0.0,1.8421252004014712e-08,65
I4405253208,0.003397893306150187,10.0,0.0,0.0024184942366397037,65
I4405392,0.0020387359836901123,6.0,0.0005630123644663671,0.0005987382080380433,57
I44260953,0.017329255861365956,52.0,0.002300935353977141,0.012552066143449033,2
I44265643,0.0010193679918450561,3.0,0.0005585388181013699,1.6059929092851113e-05,2
I4432739,0.0013591573224600749,4.0,0.0,0.0004516780221533805,30
I44430492,0.0054366292898402994,16.0,0.001438399151057955,0.003203583316141246,2
I44445938,0.0030581039755351687,9.0,0.0,0.0026946608907918433,44
I44461941,0.006455997281685355,28.0,0.00018761258182110107,0.020393420734018612,44
I44468530,0.0006795786612300374,2.0,0.0,4.766571329095481e-05,44
I44504214,0.0003397893306150187,1.0,0.0,1.2982268970541871e-45,122
I44675526,0.0,0.0,0.0,7.033579599578219e-56,333
I44854399,0.0,0.0,0.0,7.033579599578219e-56,334
I44925452,0.0003397893306150187,1.0,0.0,6.0657162468301965e-06,57
I45084792,0.0020387359836901123,6.0,0.0005848334150660265,0.0006859611797184056,24
I45129253,0.05368671423717296,207.0,0.034758579481617737,0.06742689105989519,2
I4517696,0.0010193679918450561,3.0,0.0,1.2670570585496477e-39,165
I45438204,0.0016989466530750936,5.0,0.0011166156520686608,0.0008894599313319686,57
I45542416,0.0003397893306150187,1.0,0.0,1.5485212540882008e-05,65
I45683168,0.0,0.0,0.0,7.033579599578219e-56,335
I4575257,0.0006795786612300374,2.0,0.0005585388181013699,2.5351214146974488e-05,9
I4577782,0.003397893306150187,10.0,0.0005585388181013699,0.006396181797908767,57
I45928872,0.007815154604145431,32.0,0.0002638314392368824,0.02324869971413209,44
I46017,0.0006795786612300374,2.0,0.0,5.363524690499956e-43,275
I46080048,0.0013591573224600749,4.0,0.0,8.051545683647152e-08,22
I46176106,0.0,0.0,0.0,7.033579599578219e-56,336
I46247651,0.0006795786612300374,2.0,0.0,0.00016488358345459974,30
I4626487,0.0016989466530750936,5.0,0.0022313833676010065,5.056489917184138e-07,68
I464993,0.0010193679918450561,3.0,0.0,0.0021176367301070464,85
I4665924,0.0,0.0,0.0,7.033579599578219e-56,337
I46980622,0.0020387359836901123,6.0,0.0,5.1703540389555216e-05,7
I47099075,0.004757050628610262,14.0,0.0,0.0003953406714401275,65
I47251452,0.004077471967380225,12.0,7.699735567981388e-07,0.00909119806144475,44
I47508984,0.04247366632687734,158.0,0.02819077098601872,0.06620128912783936,44
I47519274,0.0003397893306150187,1.0,0.0,9.440310735625384e-48,101
I47689461,0.0006795786612300374,2.0,0.0,0.0006400193988539336,57
I47720641,0.01291199456337071,39.0,0.0012454818930820125,0.01722567064254848,44
I47755478,0.0006795786612300374,2.0,0.0,2.4094888126362373e-42,203
I47818738,0.0016989466530750936,5.0,0.0017027965208590852,0.00041875640820281324,30
I47844,0.0003397893306150187,1.0,0.0,2.9358576107150837e-07,30
I4800084,0.003397893306150187,14.0,5.6593056424663205e-06,0.004746758839192307,44
I48018076,0.0003397893306150187,1.0,0.0,3.1678904590549627e-07,30
I4829542,0.0013591573224600749,4.0,0.0,1.8898225103282034e-05,38
I48566637,0.0013591573224600749,4.0,0.0,8.3244243153884e-05,9
I48633490,0.005776418620455318,34.0,8.469709124779527e-07,0.019375926682105398,4
I48714440,0.0003397893306150187,1.0,0.0,1.2050996425473128e-07,0
I48780066,0.0010193679918450561,3.0,0.0,0.0006254147785662248,44
I48890080,0.0027183146449201497,8.0,0.0,0.00047965025974412365,0
I49185572,0.002378525314305131,7.0,0.0007898927727125068,2.9895642913389543e-05,36
I4921948,0.0054366292898402994,16.0,0.001390197698107121,0.00683711926469022,4
I4923324,0.007135575942915393,21.0,0.0,0.008334670617905852,2
I49645291,0.0006795786612300374,2.0,0.0,5.7637834670823584e-05,44
I49663120,0.0006795786612300374,2.0,0.0,1.8546763919352287e-05,30
I49828101,0.0006795786612300374,4.0,0.0,5.240425169153673e-37,214
I49835588,0.0006795786612300374,2.0,0.0,0.004845534937563209,44
I49934816,0.0020387359836901123,6.0,0.0,0.003327669679561898,38
I5023651,0.020047570506286104,67.0,0.006625748973056883,0.012710478606575804,30
I50357001,0.0,0.0,0.0,7.033579599578219e-56,338
I50627504,0.0020387359836901123,6.0,0.0,0.00018450859324012613,85
I50632499,0.0016989466530750936,5.0,1.3474537243967431e-05,0.00022158307401728486,57
I50760025,0.0030581039755351687,9.0,0.0005585388181013699,0.007137209605650483,44
I5100685,0.0010193679918450561,3.0,0.0,3.7249191462905297e-07,58
I51158804,0.0006795786612300374,3.0,0.0,1.3701705376313711e-05,24
I51195161,0.0003397893306150187,1.0,0.0,9.440310735625384e-48,84
I51204116,0.0003397893306150187,1.0,0.0,8.875478773126295e-06,30
I51216347,0.0,0.0,0.0,7.033579599578219e-56,339
I51226738,0.0003397893306150187,1.0,0.0,9.440310735625384e-48,340
I5124864,0.015290519877675842,50.0,0.003738583019304899,0.00832644332959029,65
I51504820,0.0010193679918450561,3.0,5.790201147122004e-05,9.094644864883528e-05,57
I51532219,0.0,0.0,0.0,7.033579599578219e-56,341
I51556381,0.009514101257220523,36.0,0.0056556477180904185,0.009166049826728926,57
I51601045,0.0037376826367652057,11.0,0.00031831861798370257,0.0003045068884767349,68
I51622183,0.0006795786612300374,2.0,0.0,0.0002838092311199934,44
I51629411,0.0003397893306150187,1.0,0.0,1.4036260337587094e-05,2
I51713134,0.003397893306150187,10.0,0.0,0.0008125536196702783,24
I52099693,0.004757050628610262,14.0,0.00030182578439708665,0.006515724774625737,44
I52179390,0.0006795786612300374,2.0,0.0,4.855450924195853e-05,38
I522815984,0.0006795786612300374,2.0,0.0,5.363524690499956e-43,277
I52357470,0.007135575942915393,24.0,0.0017184869320032922,0.012063148424164722,44
I52669646,0.0027183146449201497,8.0,2.4408161750501e-05,0.0025322157295702124,57
I52977244,0.0020387359836901123,6.0,0.0,9.312757668306106e-05,2
I530967,0.0010193679918450561,3.0,2.5409127374338584e-06,5.060112673027262e-05,30
I53411278,0.007135575942915393,21.0,0.0,0.014781884218894873,44
I5343935,0.0010193679918450561,3.0,0.0,0.0030127699429700876,44
I53486688,0.0010193679918450561,3.0,0.0,0.002780855517903185,44
I53592917,0.0010193679918450561,3.0,0.0005585388181013699,0.00028976221671415166,30
I53620714,0.0016989466530750936,5.0,0.0033510789138968596,0.00037879653855194483,0
I5388228,0.006795786612300374,20.0,0.0007325918905967015,0.0034829111290268023,24
I53964585,0.0050968399592252805,18.0,0.0,0.006046322281046517,57
I54009628,0.0010193679918450561,3.0,0.0,0.000743666855299105,33
I54459138,0.0013591573224600749,4.0,0.0,4.803875080813408e-07,58
I5490798,0.0,0.0,0.0,7.033579599578219e-56,342
I55060895,0.0013591573224600749,4.0,0.001674230501901873,0.0005567445411079671,74
I55143463,0.0016989466530750936,5.0,0.0,0.0009226673363691756,65
I55215948,0.0003397893306150187,1.0,0.0,1.2982268970541871e-45,246
I55240360,0.0016989466530750936,6.0,1.7451450664829818e-05,0.0001200393078174249,0
I55285296,0.0020387359836901123,6.0,0.0,0.0028580829321319294,44
I55302922,0.0054366292898402994,18.0,2.5684301257375257e-05,0.00455601773382648,4
I5561750,0.0,0.0,0.0,7.033579599578219e-56,343
I55712492,0.009514101257220523,30.0,0.0012401909081236424,0.016871463425917034,44
I55732556,0.004757050628610262,17.0,3.9037659329665645e-05,0.004281251916844875,57
I55769427,0.0013591573224600749,4.0,0.0,0.0005110167246557508,9
I55913730,0.0010193679918450561,3.0,0.0,0.0006042017388217616,0
I55952717,0.003397893306150187,12.0,0.00022192122855924784,0.0013224460301571757,38
I56007636,0.0027183146449201497,8.0,0.0008224322052107759,0.00032530696411847866,7
I56085075,0.0006795786612300374,3.0,0.0005585388181013699,4.317194228424938e-05,57
I56306041,0.006455997281685355,19.0,0.0003620531160098369,0.0005061138051279238,0
I56409017,0.0006795786612300374,2.0,0.0,3.31398472609031e-05,65
I56435720,0.0003397893306150187,1.0,0.0,0.0002816010792085624,38
I56441308,0.0,0.0,0.0,7.033579599578219e-56,344
I56590836,0.022765885151206255,82.0,0.014888394037883562,0.043160544744561005,24
I56624758,0.0,0.0,0.0,7.033579599578219e-56,345
I56722557,0.0003397893306150187,1.0,0.0,9.440310735625384e-48,332
I5681781,0.0050968399592252805,16.0,0.00027057255772665003,0.008640734556662654,44
I56858762,0.0003397893306150187,1.0,0.0,1.2982268970541871e-45,122
I56934997,0.0016989466530750936,5.0,0.0,0.0010511603545188437,38
I57093077,0.0020387359836901123,7.0,2.252172653634556e-06,0.0007601245404100402,2
I5716644,0.0016989466530750936,5.0,0.0,0.0006800472534685606,24
I57201433,0.0010193679918450561,3.0,0.0,1.7626926821840808e-06,65
I57206974,0.05164797825348284,177.0,0.019944319932348784,0.046542316926068306,2
I5740404,0.006116207951070337,19.0,1.941433325355308e-05,0.0030234215751348582,33
I57589565,0.0006795786612300374,2.0,0.0,1.3123480844296398e-05,160
I57629906,0.0,0.0,0.0,7.033579599578219e-56,346
I57825437,0.0003397893306150187,1.0,0.0,9.960860382811929e-05,65
I58064216,0.0003397893306150187,1.0,0.0,0.0010347965483814556,2
I58200834,0.012232415902140675,37.0,4.394624075425376e-05,0.014749385008673767,44
I58610484,0.009853890587835543,36.0,3.5772971448841524e-05,0.013624478981341816,57
I58716616,0.0,0.0,0.0,7.033579599578219e-56,347
I58918642,0.0003397893306150187,1.0,0.0,5.7363856684930094e-05,65
I58956616,0.019028202514441046,65.0,0.004517879675150624,0.01386391895486706,24
I59028903,0.0020387359836901123,6.0,0.0011166156520686608,0.004659403475296395,44
I59270414,0.0027183146449201497,8.0,0.00112941096263931,0.0003851786470980202,57
I59411706,0.0006795786612300374,2.0,0.0,0.00018615064027265458,65
I59433898,0.002378525314305131,7.0,0.0005585388181013699,0.0033280075745905423,38
I59460038,0.0010193679918450561,3.0,0.0,4.1015507600050025e-06,58
I59553526,0.007815154604145431,25.0,0.0006763500221111903,0.011458898914829081,4
I59725666,0.0003397893306150187,1.0,0.0,2.288952588688506e-05,30
I59746437,0.0003397893306150187,1.0,0.0,9.440310735625384e-48,271
I59805279,0.0003397893306150187,1.0,0.0,9.440310735625384e-48,240
I59897056,0.0003397893306150187,1.0,0.0,0.0005759546320158585,57
I60008374,0.0,0.0,0.0,7.033579599578219e-56,348
I60053951,0.006455997281685355,20.0,6.005793743025483e-06,0.005121563471954348,57
I60054993,0.002378525314305131,7.0,0.0,2.247285296375901e-05,0
I60134161,0.008494733265375467,27.0,0.0016414161538450276,0.001561551692372899,7
I60158472,0.0013591573224600749,4.0,2.8104034823132065e-06,0.00029386602628202055,30
I60205797,0.0027183146449201497,13.0,7.014844089209439e-05,0.0009591210941660582,7
I60342839,0.0013591573224600749,4.0,0.001674692486035952,4.805475910463005e-07,65
I60488453,0.0010193679918450561,3.0,0.0,5.756823608718248e-06,74
I60587646,0.0010193679918450561,3.0,0.0,0.0018287953537545398,85
I6059380,0.0013591573224600749,4.0,3.3655544167646655e-05,0.0007079619076864169,38
I60668342,0.0013591573224600749,4.0,0.0,1.0148630882634294e-05,36
I60858718,0.0003397893306150187,1.0,0.0,9.440310735625384e-48,349
I60922564,0.0030581039755351687,12.0,8.673752117331034e-05,0.002822610413570119,9
I61544103,0.0006795786612300374,2.0,0.0,0.000822608982096241,4
I61628605,0.007815154604145431,23.0,0.0,0.015512427739603539,4
I62318514,0.005776418620455318,17.0,6.476614240303812e-05,0.000608390119572283,30
I62885914,0.0010193679918450561,3.0,0.0,8.514334449603597e-05,30
I6289922,0.0016989466530750936,5.0,0.0,0.004007877570102093,38
I62916508,0.04858987427794768,190.0,0.052651761930540074,0.0677202358542785,2
I63072094,0.0020387359836901123,6.0,0.0,0.005412234091178981,44
I63098007,0.0020387359836901123,7.0,1.3620832219759077e-05,0.0001565328618448212,68
I63135867,0.004757050628610262,15.0,0.001282039720909865,0.0025873377224457355,9
I63169043,0.0016989466530750936,5.0,4.184806281197884e-05,0.00031893780384887395,30
I63190737,0.011213047910295617,33.0,0.0005712010332429146,0.009763408221933653,4
I63327873,0.0006795786612300374,2.0,0.0,5.363524690499956e-43,48
I63525965,0.0006795786612300374,2.0,0.0,3.015464460949143e-05,2
I63548447,0.0016989466530750936,5.0,0.0009501704682956074,0.000695168327063578,30
I6358929,0.0006795786612300374,2.0,0.0,5.363524690499956e-43,277
I63601056,0.0016989466530750936,5.0,0.0,0.0004746222339011146,172
I63634437,0.0003397893306150187,1.0,0.0,9.440310735625384e-48,350
I63772739,0.0020387359836901123,6.0,0.0005585388181013699,9.897097038415661e-05,68
I63920570,0.0006795786612300374,2.0,0.0,5.363524690499956e-43,121
I63966007,0.05878355419639824,271.0,0.04637135406986924,0.1194522780593735,4
I6469544,0.007135575942915393,26.0,0.00033480851833772156,0.010707017606293107,44
I64723972,0.0050968399592252805,15.0,0.0,4.9456166694753455e-06,58
I64926303,0.0010193679918450561,3.0,0.0,4.28700002653187e-05,7
I65079550,0.0010193679918450561,3.0,0.0,2.3386083311663743e-05,58
I65181880,0.0,0.0,0.0,7.033579599578219e-56,351
I65285256,0.0,0.0,0.0,7.033579599578219e-56,352
I65446980,0.0013591573224600749,4.0,0.0,5.240425169153674e-37,75
I65644108,0.0,0.0,0.0,7.033579599578219e-56,353
I65760639,0.0010193679918450561,3.0,0.0,1.2670570585496477e-39,322
I6593398,0.0003397893306150187,1.0,0.0,9.440310735625384e-48,220
I66513531,0.0020387359836901123,6.0,0.001674230501901873,0.0003607050030016281,38
I66514158,0.0016989466530750936,6.0,0.0,0.0007906644086120251,2
I66752286,0.0020387359836901123,6.0,0.0022320763438021247,3.6017559286648e-05,58
I66867065,0.009853890587835543,31.0,0.003086065565250292,0.015535246819501539,44
I66906201,0.0,0.0,0.0,7.033579599578219e-56,354
I66946132,0.012232415902140675,38.0,0.0011063210722820809,0.009303003208186524,57
I67001856,0.0003397893306150187,1.0,0.0,5.339122552551676e-05,44
I67009956,0.0010193679918450561,3.0,0.0,0.000283497056367356,2
I67031392,0.0027183146449201497,8.0,0.0,0.004877614084923393,85
I67348948,0.0,0.0,0.0,7.033579599578219e-56,355
I67357951,0.0030581039755351687,11.0,0.0005586158154570497,0.006128673884300281,85
I67415387,0.0054366292898402994,19.0,0.0032025625643938506,0.005913965543741349,0
I67900169,0.0006795786612300374,2.0,2.3099206703944165e-07,1.8359700848515714e-45,78
I68171755,0.0050968399592252805,15.0,0.0,4.9456166694753455e-06,58
I68288478,0.0,0.0,0.0,7.033579599578219e-56,1
I686019,0.002378525314305131,8.0,0.0001417906304843773,0.00034784771312145276,9
I68649149,0.0013591573224600749,4.0,0.0,0.00021740393529432982,0
I68666633,0.0037376826367652057,11.0,0.0,0.0031869161235221566,2
I68891433,0.006795786612300374,21.0,0.001901539814648919,0.005909474059708281,57
I68947357,0.0010193679918450561,3.0,0.0,0.0002874222756502401,38
I68986083,0.0010193679918450561,3.0,0.0,0.0007681851160404493,57
I6902469,0.0020387359836901123,6.0,0.0,0.0020341430513111975,57
I69050122,0.0006795786612300374,2.0,0.0,7.430433927994882e-06,0
I69356397,0.007135575942915393,21.0,0.0037590162207725947,0.002885156094834609,68
I69737025,0.0010193679918450561,3.0,0.0,1.1869797426078827e-05,36
I70571728,0.0006795786612300374,2.0,0.0,0.00024861513604287455,57
I70640408,0.0003397893306150187,1.0,0.0,1.2982268970541871e-45,200
I70908550,0.0010193679918450561,3.0,0.0,0.0006047969123083608,160
I70931966,0.006116207951070337,19.0,0.0016813912559800958,0.0028310381284859932,30
I70983195,0.0013591573224600749,4.0,0.0005585388181013699,9.945972578255555e-06,38
I71052956,0.0050968399592252805,15.0,8.777698547498784e-06,0.010225690752902514,44
I71209653,0.0030581039755351687,9.0,0.0,0.0013787661329576952,38
I71267560,0.0006795786612300374,2.0,0.0,5.363524690499956e-43,282
I71270174,0.0003397893306150187,1.0,0.0,9.440310735625384e-48,5
I71422933,0.0010193679918450561,4.0,0.0,7.286923121356428e-06,25
I71637028,0.0010193679918450561,4.0,0.0,7.286923121356428e-06,25
I71838634,0.0,0.0,0.0,7.033579599578219e-56,135
I71920554,0.009853890587835543,29.0,4.388849273749392e-06,0.011789815845328783,44
I72227227,0.0003397893306150187,1.0,0.0,9.440310735625384e-48,233
I72541430,0.0003397893306150187,1.0,0.0,0.00012725113236876273,30
I72816309,0.002378525314305131,7.0,0.0005766041476837559,0.0008761598526901833,30
I72852730,0.0010193679918450561,3.0,0.0,5.978037622441792e-05,38
I72951846,0.0013591573224600749,4.0,0.0005037551995351824,0.0006020460483485212,57
I73417466,0.0006795786612300374,2.0,0.0,0.0008047604027484851,57
I74234424,0.0,0.0,0.0,7.033579599578219e-56,8
I74319210,0.005776418620455318,19.0,0.0002561168541788766,0.0005106826228069876,0
I74413500,0.0010193679918450561,3.0,0.0,0.0003652854342245368,44
I7454413,0.0016989466530750936,5.0,0.0,0.0011897597328946296,30
I74653059,0.0006795786612300374,2.0,0.0,0.00017429856100932147,57
I74656192,0.003397893306150187,10.0,0.0,0.0006239051200740345,0
I74775410,0.004077471967380225,12.0,0.0,0.005354654224110838,57
I74786994,0.0016989466530750936,5.0,0.0,0.0008678471654133857,38
I74796645,0.006116207951070337,27.0,0.006048059683152962,0.013013789748950606,85
I74801974,0.02140672782874618,83.0,0.01578275415748936,0.03204408394519335,38
I74885063,0.0,0.0,0.0,7.033579599578219e-56,10
I74897591,0.0006795786612300374,2.0,0.0,0.0005325510328890325,57
I74899385,0.0006795786612300374,2.0,0.0,1.5833991590042368e-05,38
I7495430,0.003397893306150187,11.0,0.0002273000438345946,0.001385642456415355,65
I74973139,0.039755351681957186,163.0,0.04761156251457012,0.08469436413947108,57
I75059550,0.0,0.0,0.0,7.033579599578219e-56,11
I75357094,0.002378525314305131,8.0,0.00027480356242125573,0.00018805515197632542,85
I75390827,0.003397893306150187,10.0,0.00046063051389959395,0.005495993880122134,44
I75421653,0.0003397893306150187,1.0,0.0,0.0008726849258263215,2
I75430998,0.0010193679918450561,3.0,0.0,4.1015507600050025e-06,58
I75689368,0.0010193679918450561,3.0,6.929762011183249e-07,0.0009091068828871815,24
I75747061,0.0013591573224600749,4.0,0.0,0.002042113472373552,4
I75867142,0.0003397893306150187,1.0,0.0,2.665499933237882e-06,65
I75951250,0.004757050628610262,22.0,2.5665785226604627e-08,0.003700962047019212,33
I75955062,0.0006795786612300374,2.0,0.0,5.363524690499956e-43,318
I76130692,0.04519198097179749,206.0,0.03573285206832814,0.1340028896910035,44
I76134821,0.0054366292898402994,16.0,0.0002734971066478407,0.0020654321536075658,65
I76198965,0.0020387359836901123,7.0,0.000561006583350908,0.00027803085116957457,33
I76214153,0.0054366292898402994,18.0,0.0002502078571115632,0.0011637776336067983,9
I76245029,0.0006795786612300374,2.0,0.0,5.363524690499956e-43,12
I76569877,0.015290519877675842,55.0,0.0007376885655615928,0.03914859128370375,38
I76571253,0.0020387359836901123,6.0,0.000848747351469708,0.0007050520985569575,68
I76766440,0.0013591573224600749,4.0,0.0,0.0012662155009503333,2
I76835614,0.0006795786612300374,2.0,0.0,0.0001234257577398121,44
I77079311,0.0006795786612300374,2.0,0.0,0.000113036589427862,9
I77793887,0.0013591573224600749,4.0,0.0,0.002282658784999484,4
I78038858,0.0006795786612300374,2.0,0.0,5.363524690499956e-43,12
I78577930,0.028542303771661573,109.0,0.012898552566675828,0.036074892693397635,57
I78650965,0.0037376826367652057,24.0,0.00043069240873061065,0.0004982191007145404,36
I78675632,0.0010193679918450561,3.0,0.0,0.0012902101367624542,44
I78715868,0.0020387359836901123,6.0,0.00026915415643880534,0.004008690464668173,38
I78757542,0.01597009853890588,47.0,1.4995235018643755e-05,0.012622612367672658,2
I7877124,0.006795786612300374,31.0,0.0005136332269607534,0.005351769928702956,33
I7882870,0.0044172612979952435,13.0,0.0027825304395571143,0.0063074460823017665,95
I78978612,0.0003397893306150187,1.0,0.0,8.466926837050193e-05,44
I78988378,0.009174311926605505,40.0,9.59387051770481e-05,0.0391391521369397,44
I79072001,0.0010193679918450561,3.0,0.0,4.6281488804598705e-05,7
I79156528,0.0003397893306150187,1.0,0.0,0.000201068254262157,44
I79238269,0.0003397893306150187,1.0,0.0,9.440310735625384e-48,3
I79272384,0.0020387359836901123,7.0,0.0,0.0008156941674184977,57
I79510175,0.0030581039755351687,9.0,4.15785720670995e-06,0.0011291519373818597,2
I79576946,0.05572545022086307,190.0,0.013228395408113892,0.06277007696553118,2
I79619799,0.0030581039755351687,9.0,0.0019637020605801333,0.003330107502852602,44
I79620101,0.005776418620455318,17.0,0.0,0.005001780670960219,57
I79817857,0.0020387359836901123,11.0,0.0005544772075892599,0.0002812839540078759,0
I79889768,0.0016989466530750936,5.0,0.0,0.0004558943330219582,24
I79891267,0.006116207951070337,18.0,0.0005869508423472212,0.008360530683007189,44
I79940851,0.0020387359836901123,6.0,1.8729606769114726e-05,9.438237119256278e-05,24
I80143920,0.0003397893306150187,1.0,0.0,0.0002485656792575401,38
I80180929,0.0003397893306150187,1.0,0.0,9.440310735625384e-48,350
I8033065,0.0010193679918450561,3.0,0.0,4.631758774470909e-08,58
I80432865,0.0006795786612300374,2.0,0.0,4.766571329095481e-05,44
I80543232,0.0003397893306150187,1.0,0.0,1.2982268970541871e-45,200
I80606768,0.006116207951070337,18.0,0.0,0.009574469239294966,38
I80611190,0.0016989466530750936,5.0,0.0005585388181013699,0.0025736247598244872,57
I80626142,0.0037376826367652057,13.0,0.0,0.009091206313712717,57
I8078737,0.0013591573224600749,4.0,0.0,7.542291948872295e-06,0
I8087733,0.019028202514441046,56.0,0.0019567629488900454,0.014426361162408056,2
I80947539,0.0010193679918450561,3.0,4.619841340788833e-07,2.819310299366289e-42,109
I81009624,0.0010193679918450561,3.0,0.0,0.0018735336170844703,30
I81365321,0.0016989466530750936,5.0,9.701666815656549e-06,0.00022959679373406327,57
I81556334,0.0003397893306150187,1.0,0.0,9.440310735625384e-48,227
I81605866,0.0010193679918450561,3.0,0.0005585388181013699,2.8977357351155957e-05,30
I8204097,0.02888209310227659,103.0,0.006661292031247758,0.033218400077314206,2
I82284825,0.0013591573224600749,4.0,0.0006273167060623636,0.0017149965902154196,38
I82495205,0.0020387359836901123,6.0,5.004828119187902e-06,6.166167386278304e-05,85
I82497590,0.007135575942915393,38.0,0.001107645460131963,0.029058832579335007,44
I82760581,0.0,0.0,0.0,7.033579599578219e-56,13
I82767444,0.0003397893306150187,1.0,0.0,6.305391157348722e-05,44
I82783531,0.0,0.0,0.0,7.033579599578219e-56,14
I82880672,0.030581039755351685,125.0,0.007301647972837004,0.11229646937780662,44
I82951845,0.0020387359836901123,9.0,0.0011166156520686608,0.0006727319649232221,24
I83019370,0.004077471967380225,12.0,0.002053069041449909,0.001398484624411244,22
I83041322,0.003397893306150187,10.0,0.0,0.0011168583466374127,24
I83259278,0.0003397893306150187,1.0,0.0,9.440310735625384e-48,17
I83328450,0.0010193679918450561,3.0,0.0,0.0020608850526131687,30
I83467386,0.0050968399592252805,15.0,0.0028722001850290443,0.0029106906493179875,44
I83519826,0.0037376826367652057,11.0,0.0,0.004573198536850407,44
I83558840,0.0006795786612300374,2.0,0.0,5.363524690499956e-43,12
I83776822,0.0,0.0,0.0,7.033579599578219e-56,19
I83816512,0.0037376826367652057,11.0,0.0044838486111871455,0.00013284529663691247,36
I83863532,0.0003397893306150187,1.0,0.0,9.440310735625384e-48,349
I83909951,0.0006795786612300374,2.0,0.0,5.363524690499956e-43,153
I84009706,0.0016989466530750936,5.0,0.0,0.0003021329788539407,38
I8408910,0.0003397893306150187,1.0,0.0,9.440310735625384e-48,20
I84218800,0.009853890587835543,29.0,0.0017570244751751154,0.008326819622157281,38
I84339108,0.002378525314305131,7.0,5.280478652521635e-05,1.7004804718991166e-06,36
I84392919,0.0027183146449201497,9.0,0.0005585388181013699,0.00030401019894726736,7
I84470341,0.0,0.0,0.0,7.033579599578219e-56,23
I84500057,0.0006795786612300374,2.0,0.0,4.225541876843009e-05,4
I84524832,0.0010193679918450561,3.0,0.0005585388181013699,4.46007829583352e-05,30
I848706,0.007815154604145431,57.0,0.0015892061718924388,0.05496210125964895,44
I84884186,0.0010193679918450561,3.0,6.929762011183249e-07,8.58397388526215e-42,110
I84985371,0.0020387359836901123,6.0,0.0,5.170354038955522e-05,7
I85384741,0.0003397893306150187,1.0,0.0,2.363650033835026e-05,36
I85461943,0.0027183146449201497,8.0,0.0011166156520686608,2.897746098206024e-05,0
I85507684,0.0027183146449201497,8.0,0.0027894602015682973,6.145036870678187e-06,0
I859038795,0.006455997281685355,19.0,0.0026022994292307024,0.0038688000947928814,24
I8606887,0.0003397893306150187,2.0,0.0,5.363524690499956e-43,167
I861853513,0.006455997281685355,20.0,0.0009325398237848306,0.002777869889672947,65
I862322245,0.0006795786612300374,2.0,0.0,1.4471163206232163e-05,57
I862893732,0.0,0.0,0.0,7.033579599578219e-56,26
I8636806,0.0003397893306150187,1.0,0.0,9.440310735625384e-48,17
I863896202,0.0003397893306150187,1.0,0.0,9.440310735625384e-48,20
I86467917,0.0006795786612300374,2.0,0.0,6.873524347244958e-06,57
I86501945,0.0013591573224600749,4.0,1.6169444692760916e-06,0.0028791090239955026,44
I865166595,0.0,0.0,0.0,7.033579599578219e-56,28
I86519309,0.022086306489976216,85.0,0.0034743863291502803,0.03789898882860107,57
I865915315,0.002378525314305131,7.0,0.0004782046353515413,0.002010908852628933,4
I86695891,0.003397893306150187,10.0,0.00033632444960942704,0.001418299301598655,2
I867280407,0.010193679918450561,32.0,0.0005629194176584396,0.008510295449332775,57
I86755215,0.0013591573224600749,4.0,0.0,0.002097812753649468,57
I8679417,0.0006795786612300374,2.0,0.0,5.147620441764577e-07,44
I8692664,0.0,0.0,0.0,7.033579599578219e-56,32
I86958956,0.0006795786612300374,2.0,0.0,6.867236992322678e-06,0
I8696757,0.0003397893306150187,1.0,0.0,0.0019934875811688573,44
I86987016,0.004757050628610262,14.0,0.0027029382729908905,0.008260134353781253,44
I87048295,0.0003397893306150187,1.0,0.0,4.1459931509751316e-05,30
I87074743,0.0,0.0,0.0,7.033579599578219e-56,162
I871049931,0.0003397893306150187,1.0,0.0,9.440310735625384e-48,115
I87111246,0.0020387359836901123,6.0,0.0,0.0005079458177478214,9
I87182695,0.0027183146449201497,8.0,0.0005756276478863553,0.0014152731124487347,4
I87208437,0.002378525314305131,7.0,0.0,0.0036315498326232962,4
I87216513,0.009853890587835543,31.0,0.0005892607630176156,0.014466356485221063,57
I872922937,0.0003397893306150187,1.0,0.0,9.440310735625384e-48,298
I87303767,0.0003397893306150187,1.0,0.0,9.440310735625384e-48,42
I873043661,0.003397893306150187,10.0,0.0,0.0024184942366397037,65
I87445476,0.010193679918450561,35.0,0.004611381996692703,0.015880760647808863,44
I87482320,0.0013591573224600749,4.0,0.0,0.00010763765867385686,0
I876193797,0.0030581039755351687,9.0,0.0,0.0005635755210403388,0
I8765205,0.0006795786612300374,2.0,0.0,5.363524690499956e-43,253
I87653560,0.0003397893306150187,1.0,0.0,7.041696836943717e-06,30
I877107187,0.0010193679918450561,3.0,0.0,4.1015507600050025e-06,58
I87780372,0.0006795786612300374,2.0,2.3099206703944165e-07,1.8359700848515714e-45,297
I8778637,0.0006795786612300374,2.0,0.0,3.941963240154779e-06,57
I878022262,0.0010193679918450561,3.0,0.0005585388181013699,3.93500427990044e-05,9
I878213199,0.0006795786612300374,2.0,0.0,6.863269313868507e-06,76
I879563668,0.0027183146449201497,9.0,0.0002791539130171652,2.7055861888557107e-05,22
I88060688,0.0006795786612300374,2.0,0.0,5.363524690499956e-43,264
I881427289,0.0013591573224600749,4.0,0.0,5.240425169153674e-37,256
I881766915,0.019028202514441046,85.0,0.00323533263897118,0.07975465592677437,44
I882009436,0.0006795786612300374,2.0,0.0,5.363524690499956e-43,136
I88372448,0.0010193679918450561,3.0,0.0,0.00017308843562690432,85
I883909435,0.0003397893306150187,1.0,0.0,9.440310735625384e-48,208
I884043246,0.0003397893306150187,1.0,0.0,1.0162113779669492e-05,65
I885392262,0.0,0.0,0.0,7.033579599578219e-56,43
I88596544,0.0003397893306150187,1.0,0.0,9.440310735625384e-48,280
I887064364,0.008834522595990487,30.0,0.004132893014055224,0.009834437487662847,65
I887968799,0.007475365273530411,28.0,0.005120869825634249,0.0007378119562781739,36
I887998513,0.0003397893306150187,1.0,0.0,9.440310735625384e-48,5
I88830068,0.0027183146449201497,11.0,0.00018689953130939625,0.0018398821176810085,44
I888729015,0.0006795786612300374,2.0,0.0,3.726222743944001e-05,57
I889458895,0.04009514101257221,248.0,0.07076231774305515,0.24346620257355284,44
I889937125,0.0006795786612300374,2.0,0.0,0.0012246467218501383,2
I8901234,0.0006795786612300374,2.0,0.0,3.7038535349683726e-06,30
I890469752,0.0027183146449201497,8.0,5.864613591575424e-05,0.004161954557628358,44
I891191580,0.0020387359836901123,6.0,2.0254154411575045e-05,0.00016355111564655275,57
I89226531,0.0003397893306150187,1.0,0.0,4.498573108443712e-07,4
I89440247,0.0,0.0,0.0,7.033579599578219e-56,53
I897542642,0.0020387359836901123,6.0,0.0,0.0021024017033110893,4
I8977528,0.0020387359836901123,6.0,0.0,2.897151661437257e-05,0
I89864525,0.0013591573224600749,4.0,0.0,0.00017654785985173939,4
I8991828,0.0003397893306150187,1.0,0.0,9.440310735625384e-48,340
I899635006,0.009853890587835543,54.0,0.002805414413268188,0.02900778975370055,38
I90023481,0.0010193679918450561,3.0,0.0,4.28700002653187e-05,7
I900890020,0.0003397893306150187,1.0,0.0,2.5209496018515935e-06,24
I90090648,0.0006795786612300374,2.0,0.0,0.00013759855575051164,36
I901861585,0.01325178389398573,45.0,0.0015219214826505227,0.011013261576258853,4
I90267481,0.0,0.0,0.0,7.033579599578219e-56,55
I902853133,0.0006795786612300374,2.0,0.0,7.886721489712798e-08,22
I903955410,0.0006795786612300374,2.0,0.0,4.272852220546116e-05,57
I904495901,0.0027183146449201497,8.0,0.0011168466441357004,9.314651275804954e-05,2
I90523175,0.0010193679918450561,3.0,0.0,0.0006085793148265233,0
I90610280,0.007475365273530411,23.0,0.0022015815410851365,0.01241646044746591,44
I907135538,0.0003397893306150187,1.0,0.0,9.440310735625384e-48,314
I909854389,0.0030581039755351687,9.0,1.6169444692760916e-06,0.002694654524076219,30
I91041137,0.0003397893306150187,1.0,0.0,0.001822087447067364,44
I91044093,0.003397893306150187,17.0,0.0004999014818834076,0.00016191288107790926,0
I91045830,0.0163098878695209,56.0,0.007501725598365995,0.025787464455670615,2
I91123046,0.003397893306150187,10.0,0.0,0.0033997787038514155,4
I91125648,0.0006795786612300374,2.0,0.0,5.363524690499956e-43,318
I91136226,0.002378525314305131,7.0,0.002313054462770584,0.0006974857279737309,25
I911458345,0.0003397893306150187,1.0,0.0,1.4162723055634513e-05,22
I91203450,0.009514101257220523,28.0,0.0001918812602218803,0.00462350434834585,24
I913481162,0.0006795786612300374,2.0,0.0,5.147620441764577e-07,44
I913958620,0.004757050628610262,14.0,3.0977411142769114e-05,0.0009711177441147401,2
I91450128,0.0006795786612300374,2.0,0.0,5.363524690499956e-43,93
I91633459,0.004757050628610262,14.0,0.00010821978340797841,3.402443585595721e-05,0
I91656880,0.0,0.0,0.0,7.033579599578219e-56,64
I91712215,0.0010193679918450561,3.0,0.0,0.0010467949971573586,2
I917207718,0.0006795786612300374,2.0,0.0,0.0012576408928640086,57
I91727514,0.015290519877675842,45.0,0.0,0.012528356734462318,2
I91732220,0.0006795786612300374,2.0,0.0,5.363524690499956e-43,264
I91807558,0.0016989466530750936,6.0,0.0005668545325147899,0.00017687750144579969,85
I919208787,0.0006795786612300374,2.0,0.0,7.021187352620262e-06,57
I91947458,0.0006795786612300374,2.0,0.0,1.250627041137558e-06,7
I91951123,0.0003397893306150187,1.0,0.0,1.2991695569713578e-42,109
I919571938,0.0163098878695209,60.0,0.0023426446324528206,0.016057469833409617,57
I919620872,0.0003397893306150187,1.0,0.0,9.440310735625384e-48,80
I92039509,0.010193679918450561,31.0,5.399439567046948e-06,0.008538871590328515,44
I921716337,0.0003397893306150187,1.0,0.0,9.440310735625384e-48,188
I92178344,0.0003397893306150187,1.0,0.0,0.00013692182505178384,44
I921990950,0.009853890587835543,31.0,3.680473601495104e-05,0.010781161114334638,4
I9224006,0.0003397893306150187,1.0,0.0,9.440310735625384e-48,104
I9224756,0.0010193679918450561,4.0,0.0005585388181013699,0.0036633793888397608,44
I922845939,0.0020387359836901123,6.0,0.0,0.005861198516903012,2
I92403157,0.007135575942915393,25.0,0.0010942864189215148,0.02188534759457494,44
I92446798,0.0013591573224600749,4.0,0.0,0.000913306383741268,38
I92507152,0.004757050628610262,14.0,0.0,0.00039534067144012745,65
I92582371,0.0003397893306150187,1.0,0.0,1.7912367037062463e-06,85
I926137907,0.0006795786612300374,2.0,0.0,0.00044851155816244087,44
I926574661,0.0003397893306150187,1.0,0.0,9.440310735625384e-48,288
I92864154,0.0010193679918450561,3.0,0.0,5.756823608718248e-06,74
I92869138,0.0013591573224600749,4.0,0.0,0.0004321538946515587,4
I929597975,0.0003397893306150187,1.0,0.0,1.075054220378007e-05,2
I931278978,0.0013591573224600749,4.0,0.0,5.283984308153559e-09,68
I931913249,0.0006795786612300374,2.0,0.0,0.0013441937225456555,2
I932239252,0.0,0.0,0.0,7.033579599578219e-56,66
I9323808,0.0013591573224600749,4.0,0.0,0.0001630521927068422,7
I9341345,0.0013591573224600749,4.0,5.5438096089465994e-06,2.7660855739241566e-05,2
I93593358,0.002378525314305131,7.0,0.0,0.0011900439359586526,65
I9360294,0.0027183146449201497,10.0,0.0016121629334883752,0.002018740300449857,2
I93860229,0.0037376826367652057,11.0,0.00015469365274049926,0.001616594856414826,38
I94047373,0.0003397893306150187,1.0,0.0,9.440310735625384e-48,266
I94062374,0.0016989466530750936,5.0,0.0,0.0008744141218916245,4
I94234084,0.0020387359836901123,6.0,0.00023157284709371197,0.001155950592778061,57
I94271068,0.0003397893306150187,1.0,0.0,0.0006359552553085804,2
I94518387,0.002378525314305131,7.0,0.000341301228691903,0.0007971452293474053,9
I94575722,0.0003397893306150187,1.0,0.0,9.440310735625384e-48,91
I94588446,0.0003397893306150187,1.0,0.0,0.0003134987571889159,30
I94624287,0.0013591573224600749,4.0,0.0011166156520686608,5.031935602153697e-05,44
I94658018,0.0,0.0,0.0,7.033579599578219e-56,81
I94722563,0.002378525314305131,8.0,7.642757524778329e-05,0.00028149816220961085,57
I95240055,0.0037376826367652057,11.0,0.0,0.0005537369723761576,24
I95457486,0.02378525314305131,111.0,0.009128745808149387,0.04797240229859246,57
I95634034,0.0006795786612300374,2.0,0.0,0.00016356347831040586,4
I95793202,0.0003397893306150187,1.0,0.0,9.440310735625384e-48,258
I96062909,0.0016989466530750936,5.0,0.0,9.896091366679516e-05,68
I9617848,0.0003397893306150187,1.0,0.0,9.440310735625384e-48,326
I96426537,0.0,0.0,0.0,7.033579599578219e-56,90
I96580804,0.0,0.0,0.0,7.033579599578219e-56,94
I96636082,0.0010193679918450561,3.0,0.0,9.077729499263812e-05,4
I96673099,0.0013591573224600749,4.0,2.2906713314744628e-06,0.00021231410641387005,57
I96749437,0.0010193679918450561,3.0,0.0,0.0003652854342245368,44
I96852419,0.0003397893306150187,1.0,0.0,2.9347271716579155e-06,30
I96908189,0.0027183146449201497,8.0,0.00025174077113336373,0.004268990401667527,44
I96916377,0.0006795786612300374,2.0,0.0,2.4094888126362373e-42,203
I97018004,0.09072375127421,452.0,0.16757419090469036,0.18210060392223212,4
I97188460,0.0010193679918450561,3.0,0.0,1.2670570585496477e-39,281
I97553796,0.0003397893306150187,1.0,0.0,9.440310735625384e-48,224
I97565354,0.017669045191980974,52.0,0.00022518096789207116,0.012652703376218278,2
I97750245,0.0020387359836901123,7.0,0.0005585388181013699,0.0062258078336244645,44
I98227222,0.0003397893306150187,1.0,0.0,0.00016083257538592035,44
I98251732,0.003397893306150187,12.0,0.0004979015672331432,0.002862023185467075,9
I98259816,0.007135575942915393,21.0,0.0,0.008334670617905852,2
I98285908,0.011552837240910637,36.0,0.002663708120272024,0.003341081716667965,7
I98298690,0.007135575942915393,21.0,0.00010467790504670699,2.7239430885931635e-05,58
I98301712,0.0050968399592252805,20.0,2.2983710670424445e-05,0.023024662748553845,44
I98358874,0.003397893306150187,10.0,0.0020363413659284695,0.0014141347778079826,57
I98381234,0.006455997281685355,20.0,0.0007300595942300219,0.0015999191439010688,57
I9842412,0.0044172612979952435,17.0,0.0005591162982689686,0.01351958964934487,44
I98461037,0.002378525314305131,7.0,0.0002769825875869945,0.00010027158110135435,68
I98635879,0.0,0.0,0.0,7.033579599578219e-56,111
I98640878,0.0013591573224600749,4.0,0.0,0.001373548837325127,2
I98677209,0.027862725110431533,90.0,0.006613150959556601,0.022679660382631323,2
I98702875,0.0010193679918450561,3.0,0.0,0.0002874222756502401,38
I98704320,0.019028202514441046,77.0,0.00790254440291757,0.015354117071784778,24
I98865867,0.0,0.0,0.0,7.033579599578219e-56,119
I98940699,0.0020387359836901123,6.0,0.0,5.170354038955522e-05,7
I98993165,0.0006795786612300374,3.0,0.0,0.00010713109400760808,0
I99041443,0.0003397893306150187,1.0,0.0,9.440310735625384e-48,42
I99043593,0.0050968399592252805,15.0,0.0016558781821755892,0.004736100756767102,38
I99065089,0.05402650356778797,278.0,0.06054611692303983,0.22769013582497735,44
I9916479,0.0006795786612300374,2.0,0.0,5.363524690499956e-43,250
I992397,0.0006795786612300374,2.0,0.0,5.363524690499956e-43,168
I9927081,0.007475365273530411,28.0,0.0024374227537698563,0.004767977505330303,7
I99418890,0.0006795786612300374,2.0,0.0,0.00012442411602635474,44
I99434035,0.0003397893306150187,1.0,0.0,9.440310735625384e-48,197
I99464096,0.007475365273530411,22.0,5.912241955874508e-05,0.004271831985193325,30
I99542240,0.0010193679918450561,3.0,0.0,6.520207630131523e-05,95
I99682543,0.0030581039755351687,9.0,0.0,0.0003617642319401014,30
I99712911,0.0003397893306150187,1.0,0.0,9.440310735625384e-48,287
I99729588,0.0003397893306150187,1.0,0.0,6.207257015069206e-05,85
