id,degree_centrality,weighted_degree,betweenness_centrality,eigenvector_centrality,community
I100005738,0.00062015503875969,2.0,0.0,8.772483085637694e-28,0
I100066346,0.0015503875968992248,5.0,0.00015972820167420797,0.0022913104973537515,1
I100135526,0.00248062015503876,8.0,0.0,0.0002767464403898623,2
I100288624,0.00062015503875969,2.0,0.0,1.7201174983552218e-05,42
I100532134,0.005891472868217055,19.0,7.961697384052975e-06,0.005603978723521382,4
I100653424,0.00062015503875969,2.0,0.0,8.772483085637694e-28,5
I100887729,0.000310077519379845,1.0,0.0,8.903712650577212e-31,6
I100930933,0.008372093023255815,29.0,0.0010045573622488842,0.0044740406468351925,7
I101202996,0.00062015503875969,2.0,0.0,2.926882192416745e-06,8
I101326570,0.0018604651162790699,6.0,0.0,7.568108422890731e-06,9
I101407740,0.000310077519379845,1.0,0.0,1.31990305425726e-09,10
I102117144,0.002170542635658915,7.0,0.0,1.5238509068648808e-07,9
I102134673,0.00992248062015504,32.0,0.00015578347777984213,0.005793623776124873,1
I102149020,0.0015503875968992248,5.0,4.1677085938151204e-07,0.002047988512921621,1
I102197404,0.0015503875968992248,5.0,0.0,0.001902107185901116,11
I102208913,0.0015503875968992248,6.0,0.0005157058495393079,1.7779246685985465e-05,12
I102322142,0.011162790697674419,36.0,0.0015785060052583256,0.00482005123179418,8
I102335020,0.010232558139534885,33.0,0.0008924538319633399,0.007404397304574632,13
I102401767,0.0,0.0,0.0,6.792993660413522e-36,14
I102461120,0.000310077519379845,1.0,0.0,8.903712650577212e-31,15
I102502594,0.02108527131782946,71.0,4.298142833172517e-05,0.04748356545588898,16
I102782458,0.00062015503875969,4.0,0.0,5.182642868357487e-24,17
I102893293,0.0,0.0,0.0,6.792993660413522e-36,18
I103163165,0.020775193798449613,67.0,0.0011312664779357696,0.019874743338874627,19
I103225651,0.013953488372093025,45.0,0.0,0.015068672005062046,20
I103320735,0.0015503875968992248,5.0,0.0,0.00021835252614020538,21
I103356709,0.002170542635658915,7.0,0.0,3.4884379987600996e-05,2
I103531236,0.0015503875968992248,5.0,0.0,0.002261647025016263,16
I103635307,0.0009302325581395349,5.0,0.0,0.0029099326478153175,22
I103703290,0.00062015503875969,2.0,0.0,2.319421401712938e-06,20
I103990859,0.00434108527131783,14.0,0.0,0.005065991909391082,20
I104854061,0.00124031007751938,4.0,0.0,5.182642868357485e-24,23
I104941359,0.00124031007751938,4.0,0.0,4.850109579504613e-06,7
I105094715,0.00062015503875969,3.0,1.9235578125300557e-07,3.722642259206334e-27,24
I105208703,0.00248062015503876,8.0,0.0,5.366390729099294e-05,7
I10535382,0.0009302325581395349,4.0,5.8400547522828105e-05,2.4924467414794218e-05,2
I105454292,0.0027906976744186047,9.0,0.003153807866689705,0.0006156590381835416,8
I106079672,0.00062015503875969,2.0,0.0,7.387820956859039e-05,2
I106118109,0.0009302325581395349,3.0,0.0,1.9576457792435515e-06,42
I106165777,0.00434108527131783,15.0,0.002510800599793201,0.0024745656220108887,2
I106245021,0.000310077519379845,1.0,0.0,8.903712650577212e-31,25
I10660446,0.000310077519379845,1.0,0.0,8.903712650577212e-31,26
I106778892,0.00248062015503876,9.0,0.0005650241574098106,2.415479676273556e-05,8
I106785703,0.0031007751937984496,14.0,8.335417187630239e-07,0.005405977499676768,19
I106826634,0.00124031007751938,4.0,0.0005157058495393079,2.2122211233023377e-07,8
I106841677,0.000310077519379845,1.0,0.0,1.3903666969046696e-05,27
I106969075,0.0018604651162790699,6.0,0.002150767392702878,0.0006266728784177908,9
I106994412,0.0031007751937984496,10.0,0.0004979525467202507,0.0009660992510007032,2
I107077323,0.0027906976744186047,9.0,0.0005522830411744946,0.001457565759123277,1
I107606265,0.007131782945736434,28.0,4.766321429140981e-05,0.011576794843678764,21
I107639228,0.00062015503875969,2.0,2.4765806836324465e-06,8.0084015973771e-05,13
I107640659,0.002170542635658915,7.0,0.001387599741079793,0.0005614466993722485,19
I107672454,0.02046511627906977,70.0,0.0006504449592136835,0.022654809660218364,19
I107720978,0.0018604651162790699,6.0,0.001298246570189557,6.752053319633697e-06,9
I107766831,0.009612403100775194,31.0,0.00010768010884442704,0.009244211709255655,19
I107851509,0.00062015503875969,2.0,0.0,8.772483085637694e-28,28
I108108428,0.00062015503875969,2.0,0.0,0.00084391821130483,11
I108160477,0.0009302325581395349,4.0,0.0,3.183911269192066e-06,10
I108192572,0.005891472868217055,19.0,0.00011648571661878137,0.003485556994122851,1
I108290504,0.012093023255813955,40.0,0.0005369091593489109,0.007595594166671289,8
I108403487,0.0018604651162790699,6.0,0.0,4.3184508006068423e-05,29
I108468826,0.0,0.0,0.0,6.792993660413522e-36,30
I108714496,0.00062015503875969,2.0,0.0,8.772483085637694e-28,31
I10902133,0.0,0.0,0.0,6.792993660413522e-36,32
I109736498,0.007751937984496125,28.0,1.2208180250190757e-05,0.009512686738805063,13
I109935558,0.0009302325581395349,3.0,0.0,0.001189004101581722,16
I109954829,0.00496124031007752,16.0,0.0,0.002155306104756579,27
I110002522,0.00496124031007752,18.0,1.0579567968915306e-06,0.007162418376405312,4
I110026055,0.00062015503875969,2.0,0.0,8.772483085637694e-28,33
I110120368,0.000310077519379845,1.0,0.0,8.903712650577212e-31,34
I110166357,0.000310077519379845,1.0,0.0,6.378640720833615e-06,7
I11019714,0.0,0.0,0.0,6.792993660413522e-36,35
I110440473,0.00124031007751938,4.0,0.0,0.0018314048669569088,2
I110507236,0.0015503875968992248,5.0,0.0,0.00032005483503089085,1
I110594554,0.007751937984496125,25.0,0.0004385826182464858,0.002442341418083753,7
I110736937,0.014883720930232559,48.0,0.0,0.017506083578431142,21
I110757952,0.002170542635658915,7.0,0.0,3.4884379987600996e-05,2
I111088046,0.04,134.0,0.003075793493184517,0.06786961776009358,22
I111112146,0.00124031007751938,4.0,0.0,0.0007567886619897976,27
I111236770,0.0037209302325581397,12.0,0.0,0.002593710016933629,4
I111483173,0.0015503875968992248,5.0,0.0,0.002914785073344667,2
I111599522,0.0009302325581395349,3.0,0.0010322773000942544,8.590868614343019e-06,2
I111664937,0.0,0.0,0.0,6.792993660413522e-36,36
I111753288,0.000310077519379845,1.0,0.0,2.168648612978814e-06,2
I1118541,0.0031007751937984496,10.0,0.00103102698751611,0.0016575479239648054,42
I111950717,0.005271317829457365,24.0,1.3048133828328867e-06,0.006785707369174897,2
I111979921,0.01364341085271318,47.0,0.004423004822513589,0.01135609129588202,1
I112471378,0.002170542635658915,7.0,0.0,1.5238509068648808e-07,9
I112475681,0.0031007751937984496,10.0,0.0,0.0010282754847224633,2
I112862951,0.0,0.0,0.0,6.792993660413522e-36,37
I112936343,0.00062015503875969,2.0,0.0,8.772483085637694e-28,38
I11317958,0.000310077519379845,1.0,0.0,0.001234876596888608,22
I113306721,0.0,0.0,0.0,6.792993660413522e-36,39
I113358080,0.00434108527131783,14.0,0.0,0.0074406323903322405,21
I113409471,0.00062015503875969,2.0,0.0,8.772483085637694e-28,40
I113508548,0.00496124031007752,19.0,0.000470029007380808,0.003190633956799336,19
I113940042,0.004031007751937985,13.0,0.0005435076717897424,0.002396513401935424,21
I113979032,0.0,0.0,0.0,6.792993660413522e-36,41
I114017466,0.006201550387596899,23.0,0.0037395705864159334,0.0017789801108690352,27
I114027177,0.008372093023255815,33.0,0.0016895770826235502,0.008426068556349958,42
I11406153,0.0,0.0,0.0,6.792993660413522e-36,43
I114090438,0.02418604651162791,78.0,0.001904019868029535,0.05633042329469995,16
I114112103,0.00062015503875969,2.0,0.0,2.2614014440893326e-05,4
I114395901,0.0,0.0,0.0,6.792993660413522e-36,44
I114457229,0.020155038759689922,67.0,4.343576421332553e-05,0.04478836694789528,16
I114472154,0.006201550387596899,24.0,5.079079104316193e-05,0.0015298552729258342,27
I114531698,0.0074418604651162795,24.0,0.0,0.00990804737765845,21
I114564095,0.000310077519379845,1.0,0.0,8.903712650577212e-31,45
I114794399,0.0009302325581395349,3.0,0.0,1.34675070255859e-05,10
I114832834,0.008992248062015505,44.0,2.1368742674069015e-05,0.01005191118759756,22
I114845381,0.0,0.0,0.0,6.792993660413522e-36,46
I114982161,0.000310077519379845,1.0,0.0,8.903712650577212e-31,47
I115228651,0.0009302325581395349,3.0,0.0005157058495393079,0.0009414397866996788,22
I115455960,0.002170542635658915,7.0,0.0,0.0047573417414983245,13
I115592961,0.0018604651162790699,6.0,0.00103102698751611,4.159956477099069e-05,12
I115684694,0.0015503875968992248,5.0,0.0,1.7622218744545228e-05,7
I115748381,0.0009302325581395349,3.0,0.0,5.865406945760517e-07,48
I115891769,0.014573643410852714,47.0,0.0,0.012794120032578819,19
I116067653,0.000310077519379845,1.0,0.0,8.903712650577212e-31,34
I116265982,0.00062015503875969,2.0,0.0,1.2075874420491625e-05,2
I116631150,0.0015503875968992248,9.0,9.117053378118645e-07,0.000637304150479311,2
I116891498,0.0015503875968992248,5.0,0.0,8.528022186022858e-08,9
I116943215,0.00062015503875969,2.0,0.0,8.772483085637694e-28,49
I116953780,0.008372093023255815,29.0,0.003891542582333779,0.005096197619523467,21
I11701301,0.0009302325581395349,3.0,0.00103102698751611,1.9141423675389248e-05,11
I117381506,0.002170542635658915,7.0,0.0,1.5238509068648808e-07,9
I1174212,0.03782945736434109,132.0,0.0060785214125596105,0.062426436987977764,22
I11750234,0.000310077519379845,1.0,0.0,6.964498251434262e-05,11
I117807411,0.0,0.0,0.0,6.792993660413522e-36,50
I11793825,0.003410852713178295,12.0,0.0003982585110734791,8.827515591938298e-06,9
I117965899,0.024496124031007753,79.0,0.00044707616843434305,0.05744574879858333,16
I118019719,0.004651162790697674,15.0,0.0,0.00324978716480582,4
I118347220,0.00062015503875969,2.0,0.0,0.0001423800911822332,13
I118347636,0.00434108527131783,14.0,0.00017510257060200218,0.001703671329957698,27
I118373667,0.000310077519379845,1.0,0.0,8.903712650577212e-31,51
I118501908,0.005891472868217055,20.0,0.0044655251670348076,0.004849685575491202,7
I118564535,0.0031007751937984496,10.0,0.0026150779312387722,0.0016450373537641161,7
I1187138,0.00062015503875969,2.0,0.0,5.945247879141561e-05,27
I11880225,0.00496124031007752,16.0,0.0,0.006777815534844642,11
I118905719,0.000310077519379845,1.0,0.0,8.903712650577212e-31,52
I118987531,0.00248062015503876,10.0,2.980598629510858e-05,0.0007240678411428562,2
I119003972,0.00682170542635659,22.0,0.0,0.005890724573478858,8
I119004910,0.002170542635658915,7.0,0.0042214817843030964,7.552819818817172e-06,4
I119045251,0.002170542635658915,10.0,5.4124109017640095e-05,0.0002468667914938856,2
I11923345,0.00062015503875969,2.0,0.0,2.659792142718193e-07,27
I119311299,0.0009302325581395349,3.0,0.0,2.493739855891734e-09,9
I11935315,0.0031007751937984496,10.0,0.0,0.00191268341069848,27
I119439378,0.0031007751937984496,10.0,6.113105321080383e-05,0.0007124690895272359,21
I119454577,0.00062015503875969,2.0,1.0387212187662302e-05,8.860039954535216e-06,10
I11947397,0.0031007751937984496,10.0,0.0,0.003814115682962038,42
I119474363,0.00124031007751938,4.0,0.0,0.00027244242659151826,29
I11957088,0.00124031007751938,4.0,0.0,0.000751335629858154,16
I119744171,0.0031007751937984496,12.0,0.00103102698751611,2.2374630568977773e-05,7
I119856527,0.003410852713178295,11.0,0.00024126319625194302,0.0017035775959357384,27
I119916105,0.00062015503875969,2.0,0.0,1.970784207195999e-06,29
I119939252,0.0018604651162790699,6.0,0.00010705416016302555,9.516698337877875e-05,8
I120125038,0.0037209302325581397,13.0,0.00015262994758501302,0.0018624555156650953,27
I120156002,0.00062015503875969,2.0,0.0,0.00024622695138879316,2
I120158604,0.0,0.0,0.0,6.792993660413522e-36,54
I120250893,0.00062015503875969,2.0,0.0,0.0005963182796647316,10
I12093191,0.013953488372093025,45.0,0.0,0.015068672005062046,20
I12097938,0.0015503875968992248,6.0,0.0010407922493443874,0.0007594098725506863,2
I121032520,0.0009302325581395349,3.0,0.0,6.355817893039289e-05,8
I121243025,0.00124031007751938,4.0,0.0,6.025596234574622e-07,27
I121748325,0.00248062015503876,9.0,0.001284769524712618,0.0009074851251778252,8
I12176630,0.0,0.0,0.0,6.792993660413522e-36,55
I121797337,0.024496124031007753,79.0,0.0015678919729932485,0.056733128989028,16
I121820613,0.0009302325581395349,3.0,0.0,0.00017806339698600554,2
I121883995,0.00062015503875969,2.0,0.0,0.001125259085648525,16
I121934306,0.00124031007751938,4.0,0.0,0.000751335629858154,16
I122140584,0.004031007751937985,13.0,0.001543956965902775,0.0030449675532144343,56
I122346577,0.002170542635658915,7.0,0.0007132339473973012,0.0030156638818982563,21
I122411786,0.02728682170542636,89.0,5.2382912453308204e-05,0.062201189530641396,16
I122534668,0.0027906976744186047,9.0,0.0005157058495393079,0.0016573712281962429,42
I122640774,0.00062015503875969,4.0,0.0,4.692218894414724e-07,7
I122690471,0.014573643410852714,47.0,0.0,0.012794120032578819,19
I122991210,0.00062015503875969,2.0,3.8967450820414065e-06,3.1008957431173004e-05,21
I123044942,0.002170542635658915,7.0,4.3804995641718515e-05,0.00130241813340227,57
I12311892,0.0015503875968992248,5.0,0.0,0.0006731659924949844,8
I123173325,0.00062015503875969,2.0,0.0,1.2801775771649857e-07,29
I123387679,0.0015503875968992248,5.0,8.30532850557088e-06,0.00019502474209009128,8
I123431417,0.004031007751937985,13.0,0.0,0.004903742809044262,21
I123443094,0.0009302325581395349,3.0,0.0,0.00045138593551121006,16
I123534392,0.0015503875968992248,5.0,0.0005157058495393079,0.00162094923606346,11
I123565023,0.00124031007751938,4.0,0.00103102698751611,1.7403388603115957e-05,20
I123900574,0.0015503875968992248,5.0,0.0010312193432973629,0.00018089807056371007,42
I123946342,0.0009302325581395349,3.0,0.0,0.0008656910728801205,4
I124055696,0.018604651162790697,73.0,0.00938812755646416,0.0178008839182903,42
I124158823,0.0009302325581395349,3.0,0.0,0.0015791550106567776,16
I124227911,0.006201550387596899,20.0,0.00022997378123576785,0.005084024399287395,2
I124357947,0.007131782945736434,25.0,4.193356031315521e-06,0.0026299629129936794,4
I124600578,0.0027906976744186047,9.0,0.0,0.00012197503336179133,11
I124601658,0.0,0.0,0.0,6.792993660413522e-36,58
I12469534,0.0027906976744186047,9.0,0.00024174959352700216,8.260676881408795e-06,10
I124841900,0.000310077519379845,1.0,0.0,1.2878272478602691e-06,1
I125467818,0.000310077519379845,1.0,0.0,8.903712650577212e-31,59
I125523173,0.0031007751937984496,10.0,0.0,0.0016956521998676816,19
I125602781,0.00124031007751938,4.0,0.0,0.0020635600673844724,42
I125680101,0.00124031007751938,4.0,0.0,0.0005873420308680294,7
I125749732,0.00248062015503876,8.0,0.0006236404508022814,4.065168157210151e-05,10
I125839683,0.00434108527131783,15.0,0.0035870852337456156,0.0006786083193464302,2
I125904092,0.00124031007751938,4.0,0.0,8.18384460045014e-05,10
I125989756,0.0018604651162790699,7.0,0.00020096235259894608,0.00042983890788517176,2
I126145234,0.000310077519379845,1.0,0.0,8.903712650577212e-31,60
I12615008,0.0,0.0,0.0,6.792993660413522e-36,61
I126231945,0.005581395348837209,18.0,0.0005994002810118604,0.004013781499157224,20
I126307644,0.00062015503875969,2.0,0.0,0.001354537511878985,22
I126350171,0.022945736434108528,74.0,0.0,0.05630595331590999,16
I126460647,0.00062015503875969,2.0,0.0,3.2485863553426014e-06,20
I126477371,0.0009302325581395349,3.0,0.0010312193432973629,9.623639356517936e-07,7
I126520041,0.012093023255813955,43.0,0.005272179883135072,0.0053737533369519535,2
I126527374,0.0018604651162790699,6.0,0.0005157058495393079,1.0325090698286102e-08,9
I126596746,0.002170542635658915,7.0,0.0018284859829195913,0.0004948082049840491,10
I126633494,0.0018604651162790699,6.0,0.0,1.36139716821277e-05,2
I126744593,0.00248062015503876,8.0,0.0,0.0002767464403898623,2
I126924076,0.00062015503875969,2.0,0.0,7.036775088417428e-05,11
I12708293,0.00868217054263566,30.0,2.061042580547457e-05,0.007817472779152214,4
I127110123,0.0,0.0,0.0,6.792993660413522e-36,62
I127206278,0.00062015503875969,2.0,0.0,8.772483085637694e-28,63
I127251866,0.014573643410852714,47.0,0.0,0.012794120032578819,19
I127336678,0.000310077519379845,1.0,0.0,9.885623343463834e-09,7
I127859547,0.000310077519379845,1.0,0.0,2.6547710008239036e-23,64
I127908078,0.000310077519379845,1.0,0.0,6.964498251434262e-05,11
I1280367701,0.0027906976744186047,9.0,0.0,0.00012197503336179133,11
I1280536761,0.00062015503875969,2.0,0.0,0.0007902392897752202,16
I1280640908,0.013953488372093025,45.0,0.0,0.015068672005062046,20
I1281109512,0.00062015503875969,2.0,0.0,8.772483085637694e-28,65
I1281210470,0.00248062015503876,8.0,0.0,0.00015712210618228464,27
I1281400175,0.00248062015503876,8.0,0.0,0.0016487198720931352,4
I1281735042,0.0027906976744186047,9.0,0.0,0.00012197503336179133,11
I1282105669,0.026976744186046512,97.0,0.0013591154788754965,0.05780407606174693,16
I128212801,0.018914728682170544,61.0,0.0007328392383572991,0.01629133034488077,20
I1282311441,0.01054263565891473,35.0,8.12016994368578e-05,0.009515087954758007,1
I1282462722,0.0,0.0,0.0,6.792993660413522e-36,66
I1282927834,0.025116279069767444,81.0,0.0,0.05170617264185808,22
I1283280774,0.010852713178294573,45.0,1.1281666570488778e-05,0.02160132716053613,21
I1283382300,0.0037209302325581397,12.0,0.0,0.00037639249017424036,13
I12834331,0.000310077519379845,1.0,0.0,8.903712650577212e-31,67
I1283613182,0.0009302325581395349,3.0,0.0,0.00045138593551121006,16
I1284308235,0.025116279069767444,81.0,0.0,0.05170617264185808,22
I1284598098,0.0009302325581395349,4.0,3.8471156250601114e-07,1.5294775298303103e-05,10
I1285013897,0.0009302325581395349,3.0,0.0,0.00021473267916053315,42
I1285204247,0.00248062015503876,8.0,0.0,0.0012208046317410657,42
I1285790362,0.015193798449612404,49.0,0.0007644720683345159,0.012797459793614746,19
I12859529,0.000310077519379845,1.0,0.0,6.024734322336044e-06,10
I1286353243,0.00062015503875969,2.0,0.0,8.772483085637694e-28,68
I1286406326,0.014573643410852714,47.0,0.0,0.012794120032578819,19
I1286704778,0.005271317829457365,17.0,9.109420212195906e-07,0.003247320798296625,8
I12870472,0.00248062015503876,8.0,0.0011225013389160202,0.0006153667880215004,8
I1287402277,0.022945736434108528,74.0,0.0,0.05630595331590999,16
I1288039508,0.0,0.0,0.0,6.792993660413522e-36,69
I1288162130,0.00248062015503876,8.0,0.0,0.0012208046317410657,42
I1288882113,0.00062015503875969,2.0,0.0,0.0014162069022522563,21
I1289243028,0.026976744186046512,93.0,0.0007115300507766351,0.028597740959649596,19
I1289461252,0.000310077519379845,1.0,0.0,8.903712650577212e-31,6
I1289490764,0.0,0.0,0.0,6.792993660413522e-36,70
I1289568071,0.000310077519379845,1.0,0.0,8.903712650577212e-31,71
I1289784979,0.00248062015503876,8.0,0.0,0.0011229375570350464,4
I1289910757,0.0009302325581395349,3.0,0.0,2.01049264793882e-05,11
I1290206253,0.01054263565891473,44.0,0.008178670519731049,0.015678607990161436,2
I129043915,0.000310077519379845,1.0,0.0,6.985766355514652e-05,7
I12912129,0.019534883720930235,63.0,2.076743655888442e-05,0.04401794101810277,16
I1291425158,0.05271317829457365,208.0,0.029081571084176947,0.10844693113724323,16
I1291836623,0.030697674418604652,114.0,0.0005149719364062449,0.05817825318753713,22
I1292020679,0.000310077519379845,1.0,0.0,8.903712650577212e-31,72
I1292875679,0.007131782945736434,25.0,0.0013293907899718201,0.0028709081743478653,2
I1293302089,0.00062015503875969,2.0,0.0,0.000133449493426006,8
I1293318137,0.00062015503875969,2.0,0.0,9.404439061035218e-06,1
I1294278766,0.00062015503875969,2.0,0.0,0.00011785564970625256,1
I1294504835,0.00682170542635659,22.0,0.0,0.005890724573478858,8
I1294671590,0.10852713178294575,423.0,0.08590040457982953,0.1506093242602621,16
I1294991024,0.0015503875968992248,5.0,0.0,0.0024570517934693107,7
I1295121038,0.00062015503875969,2.0,0.0,8.772483085637694e-28,73
I1295499534,0.00124031007751938,4.0,0.0,0.0013321021359626872,7
I129604602,0.009612403100775194,32.0,0.007409761936053746,0.0039859007225957034,2
I1296725772,0.0,0.0,0.0,6.792993660413522e-36,74
I1297288678,0.0015503875968992248,5.0,4.071530703188618e-06,0.0018240282306618651,16
I1297363086,0.00062015503875969,2.0,0.0,0.0007473514012280316,22
I129774422,0.028837209302325584,99.0,0.0029956429911501426,0.02283497166438801,19
I1297971548,0.00124031007751938,4.0,0.0,0.0012330692322375133,16
I1297991670,0.0018604651162790699,9.0,0.0017587240173944539,2.7856822992758993e-05,2
I129801699,0.00124031007751938,4.0,0.0,1.5214008132500807e-05,2
I1298154867,0.002170542635658915,7.0,0.0,0.0014917322502176898,4
I129826125,0.000310077519379845,1.0,0.0,8.615083207509404e-06,29
I1298353152,0.00062015503875969,2.0,0.0,0.001595862131426628,11
I129877168,0.005271317829457365,17.0,0.0005157058495393079,0.0013884311938729063,27
I1299209451,0.0074418604651162795,24.0,0.0,0.0044930030050824585,20
I1299303238,0.04434108527131783,151.0,0.004914078931157966,0.07248511011387278,22
I1299319934,0.0009302325581395349,3.0,0.0,0.0003837475055500198,4
I1299528221,0.0015503875968992248,6.0,0.000515321137976802,1.217155330021233e-05,21
I129975664,0.04961240310077519,163.0,0.0008993334668850921,0.1082978861263187,22
I1300699541,0.0009302325581395349,3.0,0.0,0.0007865232522791207,20
I1301041018,0.0009302325581395349,3.0,0.0,0.0006035617202207384,2
I1301076528,0.025116279069767444,81.0,0.0,0.05170617264185808,22
I1301390666,0.00062015503875969,2.0,0.0,4.199459801201977e-07,9
I1302135459,0.000310077519379845,1.0,0.0,8.903712650577212e-31,72
I130217899,0.0065116279069767444,21.0,2.754407032450228e-05,0.00534031014025636,8
I130238516,0.003410852713178295,12.0,0.0011838788125193719,0.004201940166693484,27
I130291710,0.000310077519379845,1.0,0.0,8.077696785216841e-08,2
I1302991022,0.0009302325581395349,3.0,0.0,0.001596932845893444,21
I1303043848,0.0031007751937984496,10.0,0.0,0.0010282754847224633,2
I130309236,0.0009302325581395349,3.0,0.0,1.3235448930379146e-05,10
I1303153112,0.010852713178294573,35.0,9.461230499525555e-05,0.007476483046704688,8
I130343225,0.00124031007751938,4.0,0.0005157058495393079,0.0023197921911483903,22
I1304085615,0.003410852713178295,11.0,5.450080468835158e-07,0.004351445590126384,16
I1304256225,0.00124031007751938,4.0,0.0,0.000597856704133309,75
I130438778,0.025736434108527134,83.0,0.0009294164823588052,0.05171726477925023,22
I1305343817,0.00062015503875969,2.0,0.0,8.772483085637694e-28,76
I1305429384,0.000310077519379845,1.0,0.0,0.00013500553952259741,13
I1306266525,0.013953488372093025,45.0,0.0,0.015068672005062046,20
I1306409833,0.003410852713178295,13.0,0.000704415760713769,0.005256901887616454,11
I1306686416,0.000310077519379845,1.0,0.0,5.398564428871522e-05,11
I130701444,0.014573643410852714,51.0,0.0038545410168471274,0.013144237286530648,13
I1307195382,0.0018604651162790699,6.0,0.0,0.00204151449690013,4
I1307248880,0.0015503875968992248,5.0,0.0,8.28144958714636e-05,4
I130769515,0.012403100775193798,41.0,0.0003943428846120904,0.015183275248570396,2
I1308126019,0.017674418604651163,58.0,0.0002049852763036715,0.015626615135151282,19
I130823665,0.00124031007751938,4.0,0.0,7.875529535490294e-06,10
I130828816,0.035348837209302326,125.0,0.010701908897281193,0.03231294572804175,19
I130830085,0.00248062015503876,8.0,0.0,0.0010640705381608918,21
I1308548392,0.00062015503875969,2.0,0.0,0.0009524986750026422,4
I1308893265,0.0015503875968992248,5.0,0.0,7.896295776787105e-06,10
I131077856,0.004031007751937985,13.0,0.0,0.0041347332238663445,2
I1310987316,0.003410852713178295,11.0,0.0,0.002600945221808062,21
I1311099166,0.022945736434108528,74.0,0.0,0.05630595331590999,16
I1311191458,0.0037209302325581397,12.0,0.0,0.002651171447463908,21
I131155284,0.002170542635658915,7.0,0.0005157058495393079,0.0013534745458430631,27
I1311688040,0.00806201550387597,28.0,0.00024222085324861024,0.013405755982768115,20
I1313003366,0.022945736434108528,74.0,0.0,0.05630595331590999,16
I1313142568,0.007751937984496125,25.0,0.0,0.0056370226350394145,1
I1313298211,0.00124031007751938,4.0,1.4074031328344908e-05,0.00037129839359229325,42
I1313323035,0.000310077519379845,1.0,0.0,1.0606622550843087e-10,9
I13134134,0.0031007751937984496,10.0,0.0,0.0006091526429776189,7
I1314135232,0.026046511627906978,86.0,0.0003944854220548145,0.05305658085988855,22
I1314251682,0.0018604651162790699,6.0,0.0,0.0006632461541034667,7
I1314696892,0.040310077519379844,143.0,0.00038078644290090143,0.10109979276120072,16
I1315279114,0.0009302325581395349,3.0,0.0,7.343350399241814e-05,2
I131564278,0.000310077519379845,1.0,0.0,0.00020008160440568236,20
I131579929,0.0018604651162790699,6.0,0.0,0.002127548352139496,4
I1315852903,0.014573643410852714,47.0,0.0,0.012794120032578819,19
I1316064682,0.00124031007751938,4.0,0.0,0.0009255927166324566,2
I1316535847,0.004651162790697674,15.0,0.0,0.005490743703999057,13
I1316902750,0.025426356589147287,82.0,0.0005157058495393078,0.05171157623850359,22
I131729948,0.0027906976744186047,9.0,0.0006818126147835684,8.679245678885516e-05,27
I131835042,0.000310077519379845,1.0,0.0,1.2241639746004394e-27,77
I1318611468,0.0,0.0,0.0,6.792993660413522e-36,78
I131868736,0.0009302325581395349,3.0,0.0,1.5378975673905878e-09,10
I1319063186,0.0,0.0,0.0,6.792993660413522e-36,79
I1319328641,0.014573643410852714,47.0,0.0,0.012794120032578819,19
I1319360392,0.003410852713178295,11.0,7.795425925389456e-05,0.0009392231125099119,4
I1319473763,0.0037209302325581397,12.0,0.0,0.00037639249017424036,13
I131948415,0.000310077519379845,1.0,0.0,8.903712650577212e-31,80
I1319597252,0.0031007751937984496,10.0,0.0,0.0010282754847224633,2
I1319930901,0.000310077519379845,1.0,0.0,8.903712650577212e-31,81
I1320320070,0.0074418604651162795,24.0,0.0,0.009908047377658451,21
I1320473756,0.029147286821705427,96.0,0.00020514412380495862,0.05440270018076763,22
I132053463,0.00496124031007752,16.0,0.0,0.002155306104756579,27
I1320999837,0.00062015503875969,2.0,0.0,5.9841302556428e-07,2
I1321296531,0.003410852713178295,11.0,0.00103102698751611,0.002667876160686609,1
I1321305853,0.0037209302325581397,13.0,0.0008683683748387422,0.003641887952484946,4
I1321430492,0.00248062015503876,8.0,0.0,0.002487855403258661,20
I132153292,0.00062015503875969,2.0,0.0,0.00036956188515698836,29
I1322124587,0.005271317829457365,17.0,0.0,0.006163004561486316,2
I1322300227,0.0037209302325581397,12.0,0.0,0.00037639249017424036,13
I1323093577,0.000310077519379845,1.0,0.0,8.903712650577212e-31,82
I1323252656,0.008992248062015505,30.0,0.004640451507172368,0.003222328549162158,27
I1323276237,0.00062015503875969,2.0,0.0,0.00020625900967000086,19
I13236232,0.00124031007751938,4.0,0.0,0.0012546706138204672,22
I1323778983,0.0074418604651162795,24.0,0.0,0.009908047377658451,21
I1323843004,0.004651162790697674,15.0,0.0,0.002070257505493956,4
I1324242722,0.00124031007751938,4.0,0.0,0.00021571322088300075,1
I1324540951,0.0009302325581395349,3.0,0.0,3.137883893568343e-05,19
I132487946,0.018294573643410854,59.0,0.0,0.043035062648612704,16
I1325290502,0.0018604651162790699,6.0,0.0,0.002127548352139496,4
I1325675289,0.0018604651162790699,6.0,0.0,0.0032770123116116867,4
I1326498283,0.00062015503875969,2.0,0.0,0.0010328574415039134,16
I1327237609,0.00124031007751938,4.0,3.706215015292284e-05,4.7209881455196995e-05,2
I132806614,0.0027906976744186047,9.0,0.0003427059182786722,0.0007394944112366934,27
I1328775524,0.00062015503875969,2.0,0.0,4.436064339480549e-05,2
I1330342723,0.0015503875968992248,5.0,0.0,0.000669377371098096,2
I1330665745,0.00062015503875969,2.0,0.0,0.0009342819445822667,2
I1330855593,0.00434108527131783,14.0,0.001973830018913404,6.87002560053665e-07,9
I1330989302,0.007751937984496125,25.0,0.0,0.0056370226350394145,1
I1331384533,0.01984496124031008,64.0,0.0003090454342113409,0.04430832740663367,16
I1332474105,0.0009302325581395349,4.0,3.663431294594199e-05,0.00012103714515747722,8
I1333535994,0.0018604651162790699,11.0,5.834792031341169e-07,0.0019941589087137555,42
I1334329717,0.004651162790697674,15.0,0.0,0.006763657749625057,20
I1334415907,0.01054263565891473,38.0,0.00013573057723589144,0.005221774554447618,4
I1334627681,0.018294573643410854,59.0,0.0,0.043035062648612704,16
I1334819555,0.01984496124031008,65.0,0.0010079291309887418,0.02285302247243491,21
I1335043937,0.0015503875968992248,5.0,0.0,0.0001921830604038081,1
I1335113835,0.016434108527131785,54.0,9.769835745079554e-05,0.017832389011679176,21
I133529467,0.00496124031007752,16.0,0.0,0.006777815534844642,11
I1335518801,0.000310077519379845,1.0,0.0,8.903712650577212e-31,71
I1335695989,0.0015503875968992248,5.0,0.0,0.00023318378917460577,4
I1336910626,0.0009302325581395349,3.0,0.0,0.002286927218250628,16
I133731052,0.043720930232558144,144.0,0.0027487459334605896,0.07057811665964847,22
I133771110,0.0,0.0,0.0,6.792993660413522e-36,83
I1337719021,0.0018604651162790699,6.0,7.683636610495024e-05,1.2054379394332445e-05,20
I1337826666,0.0037209302325581397,12.0,0.0,0.005062596900053615,2
I1338135719,0.000310077519379845,1.0,0.0,0.0007396732868887742,22
I133837150,0.0015503875968992248,6.0,0.000515321137976802,1.217155330021233e-05,21
I133868755,0.00248062015503876,8.0,0.0,0.0008423959545024049,2
I1339471597,0.022945736434108528,81.0,0.0007619238140358628,0.022595419354811422,21
I134085113,0.00248062015503876,10.0,0.0036195330606433387,0.0011656775873250095,10
I1340918713,0.000310077519379845,1.0,0.0,0.0008233872823701292,4
I1341030882,0.000310077519379845,1.0,0.0,0.0008022314839343285,16
I1341412227,0.005271317829457365,18.0,1.0627656914228558e-05,0.003485093960992364,1
I134161618,0.000310077519379845,1.0,0.0,0.0011137035773568455,16
I1341640284,0.00062015503875969,2.0,0.0,0.000588612943524192,16
I1342547582,0.0027906976744186047,9.0,0.0,0.00012197503336179133,11
I1343180700,0.0018604651162790699,6.0,5.303523683118584e-07,0.003893942823054484,42
I1343551460,0.00434108527131783,14.0,8.493247572248092e-06,0.006216777707210253,21
I1343871089,0.019534883720930235,67.0,3.298521003062725e-05,0.01894830352039507,19
I1344073410,0.022015503875968994,75.0,0.0009631608493198881,0.03154699586545311,21
I134446601,0.010232558139534885,46.0,2.2839959074017597e-06,0.026378102602649854,11
I134542131,0.0009302325581395349,3.0,0.0,1.1670274245364564e-25,84
I134560555,0.023255813953488372,77.0,0.0007161345172482572,0.02063788805566579,20
I134635517,0.000310077519379845,1.0,0.0,8.903712650577212e-31,85
I134687103,0.002170542635658915,8.0,8.998868482970279e-06,0.0007233966242864032,2
I13469542,0.005581395348837209,18.0,0.0006481756173093026,0.002601787613718393,4
I134738993,0.0018604651162790699,6.0,0.0,0.0005076073004994892,2
I134820265,0.0037209302325581397,14.0,0.0013454848802518476,0.000693401403643501,10
I13511017,0.0,0.0,0.0,6.792993660413522e-36,86
I135117807,0.0018604651162790699,6.0,0.0,0.0003205224516366471,1
I135120706,0.00248062015503876,8.0,0.0,2.235555036072366e-05,7
I135140700,0.007131782945736434,23.0,0.00020118785047005202,0.004680435156484534,27
I1351752,0.0031007751937984496,10.0,9.829380422028585e-06,0.001961622724593596,27
I135191193,0.000310077519379845,1.0,0.0,5.640893431550224e-05,13
I135237710,0.002170542635658915,7.0,0.0010312193432973629,0.000146545554052164,2
I135310074,0.029147286821705427,98.0,0.007697956540241966,0.05642031574617016,16
I135714990,0.0037209302325581397,15.0,0.001432204865102027,0.00011719146164991264,2
I135768898,0.00248062015503876,10.0,0.0005367160840316971,0.003674397872685749,8
I135836153,0.0015503875968992248,5.0,0.0005157058495393079,3.374290212459568e-06,10
I135905480,0.000310077519379845,1.0,0.0,2.4423529128696935e-07,9
I13591777,0.00124031007751938,4.0,0.0,0.00010815455465814817,7
I136040515,0.00062015503875969,2.0,0.0,3.2739764108177196e-05,8
I136199984,0.06511627906976744,276.0,0.07646280563261026,0.13230250685129677,21
I137473845,0.028837209302325584,94.0,8.900690603666814e-05,0.06202235646524355,16
I137479271,0.00124031007751938,4.0,0.0,0.0003112648481337496,21
I137534880,0.0018604651162790699,6.0,0.0,2.0286191937068753e-05,10
I137902535,0.004651162790697674,15.0,0.0020635222908291172,0.0030039494950946416,19
I137975476,0.013953488372093025,45.0,0.0,0.015068672005062046,20
I138006243,0.05147286821705427,185.0,0.005916662926708155,0.1082522828836557,16
I138164181,0.0,0.0,0.0,6.792993660413522e-36,87
I138564716,0.0009302325581395349,3.0,0.0005157058495393079,1.2670509009849897e-05,42
I138595864,0.0018604651162790699,6.0,0.0,0.0007937627842950768,29
I138617543,0.0,0.0,0.0,6.792993660413522e-36,88
I138689650,0.010852713178294573,37.0,0.0016635442420511628,0.006421056391481651,8
I138690464,0.002170542635658915,7.0,0.0,0.0028509031979342694,13
I138801177,0.01178294573643411,38.0,0.0017020092176327029,0.005218836210954172,20
I138847295,0.000310077519379845,1.0,0.0,5.794054875317173e-07,13
I138925566,0.00434108527131783,14.0,0.0008767852251743599,0.003703218681328045,2
I138937732,0.025116279069767444,81.0,0.0,0.05170617264185808,22
I138938424,0.013953488372093025,45.0,0.0,0.015068672005062046,20
I139024713,0.009612403100775194,35.0,0.0012687365962598825,0.007908533783586698,1
I139025015,0.004651162790697674,15.0,0.0,0.006763657749625057,20
I139264467,0.033178294573643415,113.0,0.009069170499909955,0.0629346192014937,22
I139322472,0.0015503875968992248,5.0,0.0,1.284213605863564e-07,10
I13955877,0.00062015503875969,2.0,0.0,0.00021721358984651607,11
I139559945,0.00124031007751938,4.0,0.0,1.5214008132500807e-05,2
I139660479,0.0027906976744186047,9.0,0.0013338382561432257,0.0003170691954076242,2
I139759216,0.006201550387596899,22.0,0.0014914562810262391,0.002418207954423438,2
I13985625,0.00062015503875969,2.0,0.0,0.00013685263569272654,2
I139894009,0.0009302325581395349,3.0,0.0,2.01049264793882e-05,11
I140172145,0.013953488372093025,45.0,0.0,0.015068672005062046,20
I141074810,0.000310077519379845,1.0,0.0,8.903712650577212e-31,89
I141103825,0.00062015503875969,2.0,0.0,1.9861240840487214e-07,11
I141301092,0.002170542635658915,7.0,0.0,5.632141427051615e-05,2
I141371507,0.0015503875968992248,5.0,0.0,0.0006742917622753178,9
I141568987,0.0031007751937984496,13.0,0.002196796680855195,0.00021460130092242102,2
I141584323,0.00124031007751938,4.0,0.0005157058495393079,4.327062424601867e-06,8
I141595442,0.00124031007751938,4.0,0.0,3.625503261279184e-05,56
I141596103,0.03224806201550388,107.0,0.009662180662822834,0.04938190376724467,16
I141649380,0.000310077519379845,1.0,0.0,0.0001745247901838018,20
I141649914,0.00124031007751938,4.0,0.0,0.00015192277974952122,7
I141816643,0.014573643410852714,47.0,0.0,0.012794120032578819,19
I141945490,0.01178294573643411,38.0,0.0040827081471014525,0.006133610186880944,11
I141962983,0.000310077519379845,1.0,0.0,2.4611884621642074e-05,21
I141988045,0.000310077519379845,1.0,0.0,8.903712650577212e-31,90
I142024983,0.0015503875968992248,5.0,0.00013138602183859947,9.77089630566038e-07,10
I142108993,0.0009302325581395349,3.0,0.0,6.0601003861694044e-05,1
I142204992,0.0015503875968992248,5.0,0.0008914898229825945,7.5565085461148855e-06,27
I142263535,0.01736434108527132,56.0,0.0004607534128737966,0.01616056278886392,20
I142401562,0.000310077519379845,1.0,0.0,8.903712650577212e-31,91
I14243506,0.011162790697674419,37.0,0.00622204030405705,0.0031866102979001324,2
I142444530,0.0015503875968992248,5.0,0.0,0.00011220478340100707,21
I142606810,0.023255813953488372,82.0,0.0013929132960964125,0.02079979445820543,19
I142608572,0.0015503875968992248,5.0,0.0,1.3518996691909112e-05,10
I142617266,0.00124031007751938,4.0,1.2275504773629306e-05,0.00025575416441555676,42
I142637625,0.0018604651162790699,6.0,0.0,0.0019079691755834148,8
I142652706,0.0065116279069767444,21.0,0.0,0.007103279179125944,13
I142879360,0.0015503875968992248,5.0,0.0005157058495393079,0.0015722680779345526,21
I142899784,0.0009302325581395349,3.0,0.0,4.023268824459796e-05,10
I142947616,0.025116279069767444,81.0,0.0,0.05170617264185808,22
I142974352,0.000310077519379845,2.0,0.0,3.3296323814512575e-27,24
I143288331,0.00248062015503876,8.0,2.5579779893358295e-06,0.001268058355272205,2
I143302722,0.00806201550387597,27.0,9.019964773241338e-05,0.011275135489283895,21
I143379178,0.0037209302325581397,12.0,0.0,0.00037639249017424036,13
I143396566,0.000310077519379845,1.0,0.0,8.903712650577212e-31,25
I143578492,0.003410852713178295,11.0,0.0,0.0015063824859825026,27
I143593769,0.002170542635658915,7.0,0.0005526232956840609,8.520718685008433e-05,2
I143804889,0.00062015503875969,2.0,0.0,0.0006366021532872821,2
I143868143,0.0027906976744186047,13.0,0.00174061383988032,0.0021619797586257252,2
I143923087,0.0,0.0,0.0,6.792993660413522e-36,92
I144112489,0.005581395348837209,24.0,7.85910763405137e-07,0.015636746642902905,21
I144571360,0.00062015503875969,2.0,0.0,0.00030891356162819156,20
I145286018,0.004651162790697674,16.0,0.004458835319792646,1.3383284578555745e-05,9
I145311948,0.03906976744186047,136.0,0.004262251905884601,0.06586895555889093,22
I145325580,0.000310077519379845,1.0,0.0,1.6401023186762715e-05,21
I145380033,0.0015503875968992248,5.0,0.0,1.284213605863564e-07,10
I145487455,0.0009302325581395349,3.0,0.0010310269875161095,7.940377066834425e-08,10
I145673806,0.00062015503875969,2.0,0.0,0.0005431854368694661,22
I145722265,0.0031007751937984496,10.0,0.0005157058495393079,0.0026604212130600887,21
I145847075,0.00682170542635659,22.0,0.0005082923623639113,0.002249055040440091,2
I145872427,0.055193798449612405,194.0,0.013277263988664271,0.09061307946207804,21
I145894827,0.00682170542635659,22.0,0.0005891040260953584,0.008157149809087775,11
I145897649,0.0018604651162790699,6.0,0.0003437081411270129,2.495819501862849e-05,10
I145902186,0.0009302325581395349,3.0,0.0,0.0007975210676591442,27
I146399215,0.017674418604651163,58.0,0.0001717070192813599,0.020968972687832932,21
I146429904,0.003410852713178295,11.0,0.005025521371133798,0.0006749952147968647,9
I146461966,0.000310077519379845,1.0,0.0,0.00019619341551328426,21
I146620803,0.002170542635658915,7.0,0.0,3.4884379987600996e-05,2
I146655781,0.0015503875968992248,5.0,0.00103102698751611,0.0009064140467906832,1
I146773158,0.0,0.0,0.0,6.792993660413522e-36,93
I146824383,0.025426356589147287,82.0,0.0014276624873964024,0.05171164604263129,22
I146840658,0.00496124031007752,16.0,0.0,0.002159700071607699,2
I147554453,0.00062015503875969,2.0,0.0,5.98200443519818e-06,7
I147869694,0.0037209302325581397,12.0,0.0,0.00037639249017424036,13
I147962203,0.014883720930232559,48.0,0.0,0.017506083578431142,21
I148099405,0.0015503875968992248,5.0,0.0010969580001838032,0.0005207866902911923,2
I148128674,0.002170542635658915,7.0,3.568657444503345e-05,0.0009921302968892553,2
I148283060,0.022325581395348838,75.0,0.001017332455408398,0.02022701040437704,1
I148297040,0.0009302325581395349,3.0,1.6342913567219643e-05,0.00016674569227215577,4
I148314036,0.0009302325581395349,3.0,0.0,0.00011048639415880316,11
I148366613,0.00062015503875969,2.0,0.0,3.4493379849331587e-06,2
I148751991,0.000310077519379845,1.0,0.0,8.903712650577212e-31,89
I149137203,0.0031007751937984496,10.0,0.0,0.001693039232433202,2
I149313025,0.0,0.0,0.0,6.792993660413522e-36,94
I149461666,0.0,0.0,0.0,6.792993660413522e-36,95
I149481174,0.0018604651162790699,6.0,0.0,0.0019079691755834148,8
I149521062,0.00248062015503876,8.0,0.0,0.0002767464403898623,2
I149594827,0.005271317829457365,17.0,0.0009694579324846209,0.0026061513833445593,2
I149704539,0.008992248062015505,30.0,0.0013235623256700922,0.0038147111642049454,27
I149851306,0.00062015503875969,2.0,0.0,5.9841302556428e-07,2
I149899117,0.00124031007751938,8.0,0.0,0.0005910307109970075,8
I150229711,0.012093023255813955,47.0,0.01292300643278763,0.005443534189241088,2
I150240954,0.0009302325581395349,3.0,0.0,0.000756834509728782,42
I150406212,0.0,0.0,0.0,6.792993660413522e-36,96
I150468666,0.01674418604651163,71.0,0.0022580783646890122,0.01792012811103058,22
I150540706,0.0009302325581395349,3.0,0.0,0.00022010551154443844,19
I150545927,0.000310077519379845,1.0,0.0,8.903712650577212e-31,97
I15057530,0.005581395348837209,19.0,3.3085194375516956e-05,0.003667539611224764,27
I15059493,0.0,0.0,0.0,6.792993660413522e-36,98
I150609352,0.00124031007751938,4.0,0.0,1.5214008132500807e-05,2
I15062923,0.0009302325581395349,3.0,0.0,0.001234478676792612,16
I150744194,0.00248062015503876,8.0,0.0,0.0010640705381608918,21
I150807315,0.0031007751937984496,10.0,0.00033569168254909997,8.131097797210482e-05,2
I151201029,0.0015503875968992248,5.0,0.0,0.00038087605989183963,16
I151727225,0.00124031007751938,4.0,0.0,1.5214008132500807e-05,2
I151746483,0.029767441860465118,104.0,0.00433201055488357,0.07091236926240363,16
I151808059,0.00124031007751938,5.0,0.0,0.001070154713969505,22
I151878197,0.00062015503875969,2.0,0.0,7.133365383357086e-06,1
I151903974,0.0,0.0,0.0,6.792993660413522e-36,99
I151939572,0.002170542635658915,7.0,0.0,0.0012250304553588671,10
I15196421,0.0,0.0,0.0,6.792993660413522e-36,100
I152031979,0.0018604651162790699,6.0,0.0,0.0011311152132938134,2
I152391192,0.0015503875968992248,5.0,0.0,1.3518996691909112e-05,10
I152456871,0.000310077519379845,1.0,0.0,8.903712650577212e-31,101
I152815399,0.0031007751937984496,10.0,1.9244133676587944e-05,0.00013123461102169205,2
I153151563,0.0,0.0,0.0,6.792993660413522e-36,102
I153230381,0.004651162790697674,15.0,0.0,0.0018580197844870559,7
I153267046,0.00124031007751938,5.0,0.0,4.660080442434364e-05,42
I153297377,0.0031007751937984496,10.0,0.0,0.0007045900568954273,4
I153355300,0.00434108527131783,14.0,0.0,0.0074406323903322405,21
I153473198,0.002170542635658915,7.0,0.0008306172826197058,0.002380164567220894,2
I153487414,0.0009302325581395349,3.0,0.0,2.49357666320932e-07,9
I153515283,0.00124031007751938,4.0,0.0,0.0005970236468829656,27
I153648349,0.005581395348837209,18.0,0.0005242113091984214,0.003827705833574759,27
I153718931,0.0037209302325581397,12.0,0.0014886372774231902,0.00176928422129959,2
I153901656,0.00496124031007752,16.0,0.0,0.0013882862148942366,27
I153976015,0.00062015503875969,2.0,0.0,8.772483085637694e-28,103
I154023281,0.0,0.0,0.0,6.792993660413522e-36,104
I154099455,0.006201550387596899,21.0,0.0030577222024949814,0.003072189048430934,2
I154130895,0.00434108527131783,19.0,0.0017645458640963734,0.0026911632407439043,7
I154136665,0.013953488372093025,45.0,0.0,0.015068672005062046,20
I154338468,0.00062015503875969,2.0,0.0,8.772483085637694e-28,105
I154387261,0.0015503875968992248,5.0,0.0,0.0005972041301835764,21
I154425047,0.020155038759689922,67.0,0.0048993170821797025,0.019480572763200154,20
I154526488,0.011162790697674419,41.0,0.00010586716775764037,0.008355189540696152,27
I154570441,0.026976744186046512,91.0,0.00253943299695287,0.06309021858705141,16
I154799132,0.0018604651162790699,6.0,0.0,5.506248264933864e-05,27
I154833797,0.00062015503875969,2.0,0.0,6.132696291021977e-06,2
I154851008,0.000310077519379845,1.0,0.0,8.378040903218485e-05,11
I155093810,0.013953488372093025,45.0,0.0,0.015068672005062046,20
I155125381,0.00248062015503876,9.0,7.628152040737602e-05,1.3365691971205408e-06,9
I155173764,0.00062015503875969,2.0,0.0,4.199459801201977e-07,9
I155419210,0.00062015503875969,2.0,0.0,8.772483085637694e-28,106
I155660961,0.015193798449612404,50.0,0.008415532762410596,0.011290116927771024,8
I155765044,0.0,0.0,0.0,6.792993660413522e-36,107
I155781252,0.0009302325581395349,3.0,0.0005157058495393079,3.117709710975322e-05,19
I155936010,0.000310077519379845,1.0,0.0,6.594446204048728e-05,8
I155976169,0.000310077519379845,1.0,0.0,8.903712650577212e-31,108
I156087764,0.0037209302325581397,12.0,0.00011125671917324799,0.0026988724658748788,2
I156216236,0.00062015503875969,2.0,0.0,3.1358425305102744e-07,9
I15664174,0.00062015503875969,2.0,0.0,8.772483085637694e-28,5
I156971308,0.000310077519379845,1.0,0.0,8.903712650577212e-31,109
I156983542,0.0,0.0,0.0,6.792993660413522e-36,110
I157066012,0.00248062015503876,8.0,0.0,0.0002797390055232096,1
I157169809,0.0,0.0,0.0,6.792993660413522e-36,111
I157227730,0.00062015503875969,2.0,0.0,8.772483085637694e-28,112
I157286207,0.00124031007751938,4.0,0.0,7.654234073231335e-06,4
I157386601,0.0015503875968992248,5.0,0.00103102698751611,1.3351648780949286e-05,10
I157392197,0.00124031007751938,4.0,0.0,4.483973382606856e-07,10
I157455823,0.0018604651162790699,7.0,0.00014095278894086057,0.00025893523173743866,7
I157485424,0.0031007751937984496,18.0,0.0021831993670410913,0.0035247860662685434,2
I157536573,0.008372093023255815,28.0,1.682483557952425e-05,0.008295206954716597,27
I157556583,0.0009302325581395349,3.0,0.0,0.00022010551154443844,19
I157614274,0.0,0.0,0.0,6.792993660413522e-36,113
I15766328,0.014263565891472868,46.0,0.0005157058495393079,0.015070245725348683,20
I157674215,0.000310077519379845,1.0,0.0,8.903712650577212e-31,114
I157674565,0.015813953488372095,52.0,0.0005477042337507454,0.015621931817450375,20
I157725225,0.054263565891472874,198.0,0.003279186208857582,0.1209898847289932,16
I157773358,0.03906976744186047,130.0,0.011615166627927043,0.0543441156136257,22
I15807432,0.0018604651162790699,6.0,9.001640514133575e-05,0.0001291158971012936,42
I158248296,0.006201550387596899,20.0,0.002061476907688461,0.0067806625172213185,11
I158438070,0.018294573643410854,59.0,0.0,0.043035062648612704,16
I158716096,0.000310077519379845,1.0,0.0,2.732404709751956e-05,21
I158809036,0.0009302325581395349,4.0,0.0,0.0011025988789435124,2
I158842170,0.004031007751937985,14.0,0.0008212728780923688,0.00024341096038778688,2
I158867519,0.0009302325581395349,3.0,0.0,2.01049264793882e-05,11
I158929114,0.014883720930232559,48.0,0.0,0.017506083578431142,21
I158934434,0.00062015503875969,2.0,0.0,2.1382834034474896e-05,2
I15896350,0.0,0.0,0.0,6.792993660413522e-36,115
I159176309,0.03286821705426357,109.0,0.005103845654216274,0.05601422333806839,22
I159219196,0.00062015503875969,2.0,0.0,8.772483085637694e-28,116
I159247623,0.0018604651162790699,8.0,0.0,8.051612863495895e-06,9
I159253421,0.000310077519379845,1.0,0.0,8.903712650577212e-31,117
I159650629,0.000310077519379845,1.0,0.0,8.903712650577212e-31,118
I15991598,0.00062015503875969,2.0,0.0,4.34078073178934e-05,11
I159948400,0.00062015503875969,2.0,0.0,0.0005370448753072494,22
I160013858,0.00682170542635659,22.0,0.0,0.005890724573478858,8
I160354086,0.0015503875968992248,5.0,0.0005157058495393079,4.426199524039179e-05,7
I160534799,0.000310077519379845,1.0,0.0,8.903712650577212e-31,119
I160674187,0.00062015503875969,2.0,0.0,3.888469403393392e-05,2
I16076960,0.0015503875968992248,5.0,0.0005157058495393079,6.026225604486226e-07,27
I160856358,0.00062015503875969,2.0,0.0,0.00027062546880977597,4
I16097986,0.02418604651162791,78.0,0.0016836019558754604,0.05633775298461362,16
I160992636,0.00248062015503876,8.0,0.0,0.003015011184416709,42
I160993911,0.004031007751937985,13.0,0.001639502866228013,0.0002062895661494309,20
I161046081,0.00806201550387597,26.0,0.0005157058495393079,0.0038050172599090096,1
I161057412,0.000310077519379845,1.0,0.0,8.903712650577212e-31,120
I161103922,0.0009302325581395349,3.0,0.0,7.556145883135733e-05,1
I161106909,0.00062015503875969,2.0,0.0,0.0011232120585314782,16
I161318765,0.01178294573643411,41.0,0.0029699280751618205,0.016671545305308462,2
I161463649,0.0015503875968992248,5.0,0.0,1.944616439908695e-05,8
I161548249,0.0009302325581395349,3.0,0.0,7.749771908445655e-06,10
I161593684,0.0037209302325581397,12.0,0.0006504072855564581,0.0008389858699090108,29
I161597582,0.00062015503875969,2.0,0.0,2.2703802089032664e-27,77
I161675122,0.014573643410852714,47.0,0.0,0.012794120032578819,19
I161716053,0.00124031007751938,4.0,0.0,1.7771825974841705e-05,12
I162290304,0.0015503875968992248,5.0,0.0,0.00021835252614020538,21
I162361429,0.0009302325581395349,3.0,0.0,5.480936699364743e-05,4
I162577319,0.0009302325581395349,3.0,0.0,0.0008210571192555917,42
I162608824,0.020155038759689922,66.0,8.039884596523761e-05,0.04452910986581487,16
I16269868,0.0,0.0,0.0,6.792993660413522e-36,121
I162714631,0.0065116279069767444,21.0,2.6532274094164553e-05,0.012384064732066567,11
I162720556,0.0009302325581395349,3.0,3.8471156250601114e-07,2.6565413564849464e-27,77
I162827531,0.0,0.0,0.0,6.792993660413522e-36,122
I16285277,0.0009302325581395349,3.0,0.00103102698751611,8.996128427922104e-06,2
I162868743,0.012403100775193798,44.0,0.006777746513886886,0.0053954069062344245,2
I16295237,0.0,0.0,0.0,6.792993660413522e-36,123
I163151501,0.008992248062015505,29.0,0.001476615831194235,0.005768235308106665,1
I163340411,0.007131782945736434,23.0,0.004504772686650464,0.0019880096395685463,2
I16337185,0.00062015503875969,2.0,0.0,9.338531448681214e-08,2
I16351329,0.00062015503875969,2.0,0.0,8.772483085637694e-28,28
I16365422,0.0009302325581395349,6.0,0.0,0.002946990793043898,2
I163770644,0.00248062015503876,8.0,0.0,0.00010638259536904624,2
I163798950,0.0,0.0,0.0,6.792993660413522e-36,124
I16391192,0.01364341085271318,46.0,0.0010029222011736876,0.017086802658628893,21
I164389053,0.0065116279069767444,21.0,0.0,0.007103279179125944,13
I164861460,0.0031007751937984496,10.0,0.0015459634139304058,0.0012210621879616954,42
I165102784,0.0027906976744186047,9.0,0.0005157058495393079,0.0010678873207169931,27
I165139151,0.00124031007751938,4.0,0.0,0.0016207799321991164,11
I165143802,0.0015503875968992248,5.0,0.0020610921961259545,5.593389918950012e-05,48
I165339363,0.00124031007751938,7.0,0.0,0.00017545310709326224,42
I165368041,0.0,0.0,0.0,6.792993660413522e-36,125
I165507594,0.0015503875968992248,5.0,0.0,0.0006742917622753178,9
I165524941,0.0015503875968992248,5.0,0.0,0.0015792507590461455,13
I165678365,0.0018604651162790699,6.0,0.0,1.3101294836018214e-06,9
I165733156,0.026976744186046512,88.0,0.0017844913793060063,0.019424476068798817,19
I165745306,0.0009302325581395349,3.0,0.0,5.463769176162872e-06,10
I165779595,0.034108527131782945,115.0,0.005291311140378785,0.056924511089204516,22
I165799507,0.003410852713178295,11.0,0.0010263992084275063,0.002491740193813197,4
I165932596,0.06077519379844962,208.0,0.0196345407969543,0.09069378769684427,22
I165972669,0.00124031007751938,4.0,0.0,1.5042752239792091e-05,56
I166073570,0.0,0.0,0.0,6.792993660413522e-36,126
I166088655,0.000310077519379845,1.0,0.0,8.903712650577212e-31,81
I16609230,0.008372093023255815,28.0,0.0010667675690883103,0.004104474548475062,1
I166182418,0.0027906976744186047,9.0,0.0,0.002660143436208152,21
I166337079,0.008992248062015505,29.0,0.00028676720897393923,0.003094685125198356,2
I166433441,0.00062015503875969,2.0,0.0,2.8715872567723708e-05,21
I166455938,0.0018604651162790699,6.0,0.002627080650769266,5.191050209157322e-05,20
I166533956,0.0031007751937984496,10.0,0.0006155084162928879,1.533196365735708e-07,9
I16656306,0.000310077519379845,1.0,0.0,3.4553280978991796e-07,9
I166644833,0.03782945736434109,133.0,4.4589389156392e-05,0.09834139144403803,16
I166825849,0.025116279069767444,81.0,0.0,0.051706172641858096,22
I166928557,0.0018604651162790699,6.0,0.0,1.3101294836018214e-06,9
I167153416,0.00062015503875969,2.0,1.9235578125300557e-07,2.636292230370519e-29,127
I16718484,0.00062015503875969,2.0,0.0,3.0532747252043634e-05,42
I16733864,0.004651162790697674,15.0,0.0006526200335998931,0.002603270399045328,2
I167360494,0.0037209302325581397,12.0,0.0,0.00037639249017424036,13
I16748637,0.00062015503875969,2.0,0.0,8.768046196429989e-05,12
I167576493,0.000310077519379845,1.0,0.0,0.001234876596888608,22
I167694869,0.0,0.0,0.0,6.792993660413522e-36,128
I168180000,0.000310077519379845,1.0,0.0,8.903712650577212e-31,60
I16820183,0.00062015503875969,2.0,0.0,0.0012964900573316795,11
I168346926,0.0018604651162790699,6.0,0.0,0.00013567054473319088,8
I16835326,0.005271317829457365,17.0,0.0,0.0034904505027512594,2
I168635309,0.000310077519379845,1.0,0.0,1.817006226083094e-05,2
I168673124,0.00124031007751938,4.0,2.735428973238427e-05,7.53795744266859e-05,2
I168719708,0.0031007751937984496,12.0,0.0003285471877716093,0.0019987613999559776,11
I168864056,0.0018604651162790699,6.0,0.0,0.0039056544902046496,27
I168879160,0.0018604651162790699,6.0,0.0005157058495393079,7.864239921912655e-06,2
I169090423,0.0,0.0,0.0,6.792993660413522e-36,129
I169108374,0.004651162790697674,15.0,0.0,0.0018580197844870559,7
I169199633,0.00124031007751938,4.0,0.0,1.894303658693899e-05,57
I169351748,0.00124031007751938,4.0,0.0,4.15907870175493e-05,12
I169381384,0.024806201550387597,81.0,0.0007617727222168747,0.056931567907048786,16
I169427155,0.00124031007751938,4.0,0.0,8.720416597056784e-05,22
I16944753,0.0,0.0,0.0,6.792993660413522e-36,130
I169521973,0.00124031007751938,4.0,2.7570995312930797e-06,0.0005182170833190323,11
I169572211,0.00062015503875969,2.0,0.0,8.772483085637694e-28,131
I169615421,0.000310077519379845,1.0,0.0,8.903712650577212e-31,132
I170013655,0.00062015503875969,2.0,0.0,0.0011232120585314782,16
I170172562,0.0009302325581395349,3.0,0.0,0.0005675715471278178,1
I170201317,0.010232558139534885,46.0,0.0005478622449010408,0.01004617483972484,22
I170215575,0.0,0.0,0.0,6.792993660413522e-36,133
I170238339,0.00062015503875969,2.0,0.0,5.403256706225405e-07,20
I170239107,0.000310077519379845,1.0,0.0,8.903712650577212e-31,134
I170253739,0.0031007751937984496,10.0,0.0010312193432973629,2.2360219420176862e-05,7
I170486558,0.00248062015503876,8.0,0.00010562251304648445,0.0006170989512001536,57
I170535673,0.0015503875968992248,5.0,0.0,1.889283580454918e-05,27
I170627324,0.00062015503875969,2.0,0.0,8.772483085637694e-28,135
I170658231,0.0,0.0,0.0,6.792993660413522e-36,136
I170726198,0.000310077519379845,1.0,0.0,2.2964388948890986e-07,7
I170751988,0.002170542635658915,7.0,0.0,5.632141427051615e-05,2
I170897317,0.027596899224806203,89.0,0.002512057131416648,0.0458535694215478,16
I170905427,0.00124031007751938,4.0,0.0,0.00011875941024332082,19
I170979836,0.00062015503875969,2.0,1.9235578125300557e-07,2.636292230370519e-29,137
I17120543,0.00124031007751938,4.0,0.0,6.576593627976383e-07,27
I171210897,0.00124031007751938,4.0,6.728367129608485e-05,9.940913484639334e-06,10
I171256487,0.00124031007751938,4.0,0.0,5.189802101894934e-05,20
I17145004,0.005581395348837209,19.0,0.00408268976083137,0.001450335426100756,2
I171494771,0.0018604651162790699,6.0,0.0,0.001032177307086262,2
I171543936,0.0037209302325581397,13.0,0.0002791689132203464,0.0006536039449031561,8
I171589843,0.0009302325581395349,3.0,0.0,1.1670274245364564e-25,138
I17170469,0.0018604651162790699,6.0,0.0,0.0003205224516366471,1
I171892758,0.003410852713178295,12.0,0.0003903586202911027,0.0013342827340926083,19
I172446870,0.025426356589147287,82.0,0.000638881467597071,0.05726735231810844,16
I172675005,0.00496124031007752,16.0,0.0029615483061604213,0.0032979333873648323,2
I172780181,0.0018604651162790699,6.0,0.0,0.0003175699250160861,27
I172980758,0.00062015503875969,2.0,0.0,1.3855923068778647e-07,10
I17301866,0.008992248062015505,29.0,4.4597687883509336e-05,0.007184763342217189,1
I173029219,0.0,0.0,0.0,6.792993660413522e-36,139
I173085932,0.000310077519379845,1.0,0.0,1.4260231191872183e-05,27
I173093425,0.014883720930232559,48.0,0.0,0.017506083578431142,21
I173207729,0.0,0.0,0.0,6.792993660413522e-36,140
I173304897,0.005891472868217055,19.0,0.00014080565652938812,0.0031549760411930684,27
I173888879,0.00062015503875969,4.0,0.0,0.00045511769208126323,42
I173911158,0.0009302325581395349,3.0,0.0008366360029900936,2.5424511338238745e-05,27
I174025329,0.015193798449612404,49.0,0.0025281153590190775,0.01508961989492138,20
I174216632,0.000310077519379845,1.0,0.0,8.903712650577212e-31,141
I174306211,0.026976744186046512,87.0,6.68680035348626e-05,0.05543521659196922,22
I1743320,0.005271317829457365,18.0,3.4814588551707046e-06,0.007067553056018802,13
I17442442,0.00062015503875969,2.0,0.0,3.2903387803523265e-06,2
I174458059,0.00062015503875969,3.0,0.0,2.238366811925942e-05,27
I174612323,0.00062015503875969,2.0,0.0,1.1363429500457838e-05,27
I174731842,0.00248062015503876,8.0,0.00017156247306573363,2.1547368883408205e-06,27
I17477748,0.0009302325581395349,3.0,0.0,1.1670274245364564e-25,142
I174878644,0.002170542635658915,7.0,0.0,0.0017552385600547707,11
I175051016,0.000310077519379845,1.0,0.0,8.903712650577212e-31,143
I175124709,0.000310077519379845,1.0,0.0,8.903712650577212e-31,144
I175234967,0.0009302325581395349,3.0,0.0,4.4099537339917576e-05,27
I175360629,0.0,0.0,0.0,6.792993660413522e-36,145
I175532246,0.0015503875968992248,5.0,2.0626160693134433e-05,0.0006570491717379119,8
I175594653,0.00062015503875969,2.0,0.0,0.0011178634143541712,1
I175691731,0.0015503875968992248,5.0,0.0,8.528022186022858e-08,9
I17626003,0.014573643410852714,47.0,0.0,0.012794120032578819,19
I176453806,0.007751937984496125,25.0,0.002699492678949923,0.00429332896096345,29
I176601375,0.000310077519379845,1.0,0.0,8.903712650577212e-31,146
I176834541,0.0,0.0,0.0,6.792993660413522e-36,147
I176861719,0.00062015503875969,2.0,0.0,8.772483085637694e-28,106
I177055848,0.0,0.0,0.0,6.792993660413522e-36,148
I177064439,0.00062015503875969,2.0,0.0,8.772483085637694e-28,149
I177144353,0.00062015503875969,2.0,0.0,0.0001854487539902406,42
I177477856,0.012713178294573644,44.0,0.0039004294960262803,0.012407676856137763,21
I177605424,0.000310077519379845,1.0,0.0,0.0006417959472192478,16
I177639307,0.015813953488372095,51.0,0.0013181570649959267,0.015138170729738963,20
I177657909,0.00124031007751938,4.0,0.0,0.000585813237413339,10
I177721651,0.00124031007751938,4.0,0.0,1.3272067099375285e-05,10
I177725633,0.013333333333333334,45.0,0.002683415379023951,0.006794706920327816,2
I177738480,0.000310077519379845,1.0,0.0,8.903712650577212e-31,150
I177739611,0.008372093023255815,27.0,0.0004835655701112448,0.0056475624232685375,1
I177802217,0.00806201550387597,26.0,2.40380607972506e-05,0.003811863616008416,1
I177877127,0.007751937984496125,29.0,0.002849746527452489,0.0015588153491952748,27
I177909021,0.00124031007751938,4.0,0.0,0.0014191090775671896,56
I177918364,0.0,0.0,0.0,6.792993660413522e-36,151
I177969490,0.05364341085271318,179.0,0.0031512208361218915,0.11211903511466437,22
I178232147,0.00868217054263566,28.0,0.0010204772780434718,0.005640288232717895,1
I178450904,0.0,0.0,0.0,6.792993660413522e-36,152
I178535277,0.000310077519379845,1.0,0.0,8.903712650577212e-31,153
I17866349,0.01550387596899225,52.0,2.528813850875136e-05,0.017079266083819426,20
I178721510,0.002170542635658915,7.0,0.0,0.0012237293348083189,27
I178968375,0.000310077519379845,1.0,0.0,0.00029546343734174717,11
I179026463,0.0009302325581395349,3.0,0.0,1.0819554762685443e-05,2
I179193067,0.00124031007751938,4.0,0.0,6.445828593831243e-06,10
I179225836,0.0031007751937984496,10.0,0.003448795272688745,0.0001899092600369734,29
I179331831,0.008992248062015505,30.0,0.011144972630125509,0.0012621295078636232,10
I17937529,0.02790697674418605,91.0,0.0015326168010913398,0.0525715424208214,22
I17974374,0.0065116279069767444,21.0,0.0,0.007103279179125944,13
I18014758,0.008992248062015505,31.0,0.002908524071750636,0.010171722169262933,2
I180291457,0.0,0.0,0.0,6.792993660413522e-36,154
I180437899,0.00062015503875969,2.0,0.0,2.8715872567723708e-05,21
I180519160,0.000310077519379845,1.0,0.0,8.903712650577212e-31,155
I180585399,0.00124031007751938,4.0,0.0,0.0008886354525429499,2
I180662265,0.00124031007751938,5.0,0.0,0.0005419201425492726,2
I180664298,0.0009302325581395349,3.0,0.0005157058495393079,0.0005918269514068148,16
I180670191,0.00806201550387597,27.0,2.5406992773834492e-05,0.011870065176543322,16
I180726961,0.00434108527131783,14.0,0.002689067839869963,0.0010318356449361822,2
I180825142,0.007751937984496125,25.0,0.0,0.0038046198840423844,1
I180857899,0.0027906976744186047,9.0,0.0,0.0030982460749059506,42
I180923762,0.019224806201550388,64.0,0.00028983071803717565,0.014804565489060357,19
I180949307,0.00248062015503876,8.0,0.0,0.0002797390055232096,1
I181028852,0.000310077519379845,1.0,0.0,1.6147804668799904e-05,21
I181046868,0.0015503875968992248,5.0,0.0,8.28144958714636e-05,4
I181063083,0.0027906976744186047,9.0,0.00015257354130123472,2.036312714706825e-05,10
I181231927,0.0018604651162790699,6.0,0.0001492327930490074,0.0010852407685250167,10
I181233156,0.00248062015503876,8.0,2.7538936016055294e-06,0.0038847388339842215,4
I181326427,0.000310077519379845,1.0,0.0,0.00012738561260218574,2
I181343428,0.000310077519379845,1.0,0.0,8.903712650577212e-31,156
I181369854,0.00434108527131783,14.0,0.0012197650258083,0.0028757292596634375,4
I181391015,0.019534883720930235,63.0,0.001822079301331285,0.043065418623190556,16
I181401687,0.002170542635658915,7.0,0.00010720562258446735,0.0010248941764567686,4
I181414168,0.00062015503875969,2.0,0.0,8.772483085637694e-28,76
I181514455,0.0,0.0,0.0,6.792993660413522e-36,157
I181547552,0.006201550387596899,33.0,3.987565878038497e-07,0.007578324521776387,22
I181565077,0.0009302325581395349,3.0,0.0,0.0005804625981919498,42
I181631907,0.00062015503875969,2.0,0.0,8.772483085637694e-28,112
I181647926,0.008372093023255815,27.0,0.005566269078778623,0.0019489056937511684,7
I181653535,0.004651162790697674,15.0,0.0,0.002226383682040849,8
I181679659,0.0015503875968992248,5.0,0.0,0.000669377371098096,2
I181727666,0.00124031007751938,4.0,4.393111462016699e-05,1.9520651950697417e-05,20
I181877577,0.0037209302325581397,14.0,0.00028610981728926577,0.00020004845459375373,2
I181950316,0.00062015503875969,2.0,0.0,7.878745107087205e-06,2
I182000528,0.0,0.0,0.0,6.792993660413522e-36,158
I182286215,0.014573643410852714,47.0,0.0,0.012794120032578819,19
I182534213,0.008992248062015505,42.0,0.003953703895333526,0.008226360877803504,22
I182712176,0.00062015503875969,2.0,0.0,8.772483085637694e-28,159
I183067279,0.00124031007751938,4.0,0.00103102698751611,1.2338795111828043e-05,29
I183067930,0.01736434108527132,63.0,0.007654860217209153,0.010797179897614537,2
I183111857,0.0,0.0,0.0,6.792993660413522e-36,160
I183173800,0.006201550387596899,20.0,0.0,0.005326114868534262,8
I183263030,0.000310077519379845,1.0,0.0,1.86414011328434e-29,127
I183519381,0.00062015503875969,2.0,0.000515705849539308,5.5198150562984744e-05,2
I183638586,0.0009302325581395349,3.0,0.0005157058495393079,2.0733661690629402e-05,4
I183697816,0.00124031007751938,4.0,2.0365540576475634e-05,0.0005787056658424487,13
I183859904,0.003410852713178295,11.0,0.0,0.0015063824859825026,27
I183898223,0.0027906976744186047,9.0,0.0,0.0006671107049354964,4
I183935753,0.022015503875968994,88.0,0.008108991513054843,0.024792619865937567,4
I183970581,0.00062015503875969,2.0,0.0,8.772483085637694e-28,161
I183974707,0.03813953488372093,134.0,0.0005602952386957001,0.0983515541447916,16
I184468904,0.0,0.0,0.0,6.792993660413522e-36,162
I184531372,0.002170542635658915,7.0,0.0,0.0006158242382935982,19
I184558857,0.003410852713178295,11.0,9.550288398648683e-05,0.0015034251741826465,8
I184565670,0.000310077519379845,1.0,0.0,0.00029546343734174717,11
I184597095,0.0009302325581395349,3.0,0.0005158501163752476,0.0011160197879785943,22
I184681353,0.00124031007751938,6.0,8.508932927537576e-06,0.00019612420990921907,2
I184693016,0.0037209302325581397,14.0,0.0010742893996682735,1.9786520504439676e-05,10
I184834183,0.00248062015503876,8.0,0.00010501581176507249,1.4177162812326746e-05,10
I184840846,0.000310077519379845,1.0,0.0,6.14057437622307e-06,75
I184843921,0.00062015503875969,2.0,1.0733474636215031e-05,0.000559893062951216,2
I184942183,0.02108527131782946,69.0,0.0034739464836745066,0.016215539702143834,1
I1850255,0.00124031007751938,7.0,0.0,0.00017545310709326224,42
I185052938,0.0009302325581395349,3.0,0.0,2.493739855891734e-09,9
I185088104,0.00248062015503876,8.0,0.0,0.00010638259536904624,2
I185103710,0.00062015503875969,2.0,0.0,0.0011445571936795863,19
I185163786,0.007131782945736434,23.0,0.003995767560355845,9.367007644583728e-05,7
I185203018,0.00062015503875969,2.0,0.0,0.0003353433321376866,19
I185261750,0.043410852713178294,153.0,0.01063449944276204,0.07200032738331881,22
I185443292,0.00062015503875969,2.0,0.0,0.0013546677670963315,22
I185492890,0.006201550387596899,24.0,5.079079104316193e-05,0.0015298552729258342,27
I185571130,0.00248062015503876,8.0,0.0,5.366390729099296e-05,7
I185854337,0.00062015503875969,2.0,0.0,0.0024983007852661097,16
I186217134,0.00062015503875969,2.0,0.0,7.006864487339788e-08,9
I186354981,0.007751937984496125,25.0,0.0,0.0038046198840423844,1
I186691195,0.000310077519379845,1.0,0.0,4.677922124704013e-06,2
I186803428,0.00062015503875969,2.0,0.0,0.001251814106909626,2
I186903577,0.002170542635658915,7.0,3.857977967130258e-05,0.0005524476374546174,21
I186995768,0.000310077519379845,1.0,0.0,8.903712650577212e-31,118
I187175081,0.00062015503875969,2.0,0.0,8.772483085637694e-28,163
I187400657,0.000310077519379845,1.0,0.0,1.5052367389191814e-06,2
I187453708,0.018294573643410854,59.0,0.0,0.043035062648612704,16
I187476118,0.00124031007751938,4.0,0.0,0.000597856704133309,75
I187531555,0.004651162790697674,17.0,0.0001525491262925622,0.0043557466851257545,42
I188329596,0.00124031007751938,4.0,0.0,6.755056555888617e-05,27
I188538660,0.04527131782945737,156.0,0.003237032307341225,0.08321221909967563,16
I188760350,0.004031007751937985,14.0,0.0015836901942234728,0.0002155314685416102,8
I188935350,0.00062015503875969,2.0,0.0,4.484669421741288e-05,2
I188950975,0.00062015503875969,2.0,0.0,0.001467452223867932,22
I188963388,0.00496124031007752,16.0,0.0,0.002159700071607699,2
I189109744,0.000310077519379845,1.0,0.0,2.0837943087860453e-07,10
I189158943,0.00434108527131783,15.0,7.282929038401938e-05,0.0008870244114021107,27
I189196454,0.002170542635658915,7.0,0.0003780192189794589,0.0016518929392945732,21
I189210763,0.000310077519379845,1.0,0.0,8.903712650577212e-31,26
I189238007,0.0015503875968992248,5.0,0.0,0.002525217816763428,42
I189268942,0.0009302325581395349,3.0,0.0005157058495393079,1.729200955395595e-06,1
I189442560,0.000310077519379845,1.0,0.0,1.969193030390575e-05,11
I189712700,0.0074418604651162795,28.0,0.00025969242701052455,0.004752896448081477,8
I189996419,0.0,0.0,0.0,6.792993660413522e-36,164
I19008122,0.0,0.0,0.0,6.792993660413522e-36,165
I190082696,0.0015503875968992248,5.0,0.0,9.00966837659197e-05,13
I190242452,0.0015503875968992248,5.0,0.0,0.00031734023457910277,21
I190249584,0.0031007751937984496,10.0,0.00028971843788726747,0.0006568295067526415,29
I190632392,0.00062015503875969,2.0,0.0,0.0007902392897752202,16
I191208505,0.0037209302325581397,12.0,0.0009428580721440695,0.0006252686075889436,2
I191420491,0.0,0.0,0.0,6.792993660413522e-36,166
I191879574,0.000310077519379845,1.0,0.0,6.076779975057285e-06,16
I192365124,0.0015503875968992248,5.0,0.0,1.0324012114350876e-08,9
I192454743,0.00124031007751938,4.0,4.17772330750575e-05,0.00037879415522252153,1
I192455894,0.00062015503875969,2.0,0.0,8.772483085637694e-28,103
I192455969,0.0,0.0,0.0,6.792993660413522e-36,167
I192545095,0.000310077519379845,1.0,0.0,0.0005027515735753444,16
I1925986,0.00124031007751938,4.0,0.0,6.478877508089704e-05,2
I192619145,0.036279069767441864,119.0,0.0002361658486772074,0.07065642228042693,16
I19268510,0.0,0.0,0.0,6.792993660413522e-36,168
I193073490,0.0,0.0,0.0,6.792993660413522e-36,169
I193181351,0.0009302325581395349,3.0,0.0,1.6562616783725864e-05,170
I193223587,0.0018604651162790699,6.0,0.0004403983688252159,0.001521212603965624,10
I193260172,0.00062015503875969,4.0,0.0,4.692218894414724e-07,7
I193352282,0.0009302325581395349,3.0,7.694231250120223e-07,3.586058388733735e-27,171
I193531525,0.00124031007751938,4.0,0.0005157058495393079,0.0015970995530588104,21
I193615760,0.00248062015503876,8.0,0.0,2.235555036072366e-05,7
I193619901,0.00124031007751938,4.0,0.0,0.00059379729314154,22
I193662353,0.018914728682170544,72.0,0.002646155368103704,0.01294642651365258,4
I193700539,0.0009302325581395349,3.0,0.0,0.0011833037735612016,7
I193775966,0.03472868217054264,114.0,0.019271072844916658,0.05410654523863328,22
I194028371,0.0015503875968992248,5.0,8.731786676272797e-07,0.0026776604402121485,22
I194348271,0.000310077519379845,1.0,0.0,8.903712650577212e-31,172
I194388944,0.000310077519379845,1.0,0.0,8.903712650577212e-31,67
I194450716,0.00248062015503876,10.0,0.0011297517602843945,8.184306196965885e-05,2
I195024194,0.000310077519379845,1.0,0.0,8.903712650577212e-31,173
I195460627,0.0310077519379845,107.0,0.0015579196553132694,0.031334630060872976,20
I195525897,0.0031007751937984496,10.0,0.0,0.0016956521998676816,19
I195573530,0.000310077519379845,1.0,0.0,0.00032402223052518985,21
I196345858,0.00062015503875969,2.0,0.0,5.396662978607885e-07,27
I196349391,0.0018604651162790699,10.0,0.0004948827307616495,0.0005923227388414403,8
I196471810,0.00062015503875969,2.0,0.0,2.9529637224526757e-27,171
I196486160,0.0018604651162790699,6.0,0.0005157058495393079,1.2843478850845596e-07,10
I196608512,0.0,0.0,0.0,6.792993660413522e-36,174
I196679689,0.007751937984496125,25.0,0.0,0.005637022635039413,1
I196699116,0.0015503875968992248,5.0,0.00011152138630642887,0.0007177775379745506,13
I196758499,0.000310077519379845,1.0,0.0,0.0005846069412697701,16
I196829312,0.0031007751937984496,10.0,0.0015309108749935877,0.0009427182074246291,20
I196972281,0.0,0.0,0.0,6.792993660413522e-36,175
I19700959,0.00124031007751938,4.0,1.0884131289232564e-05,0.0005656953121492867,11
I197173980,0.0,0.0,0.0,6.792993660413522e-36,176
I197250369,0.00062015503875969,2.0,0.0,8.772483085637694e-28,73
I197251160,0.00434108527131783,14.0,0.0005432385263593067,0.0027083000923864634,27
I197274945,0.00062015503875969,2.0,0.0,0.00012841729183612487,2
I197323543,0.017054263565891473,62.0,0.00034487950773534197,0.01636315399557905,19
I197347611,0.00124031007751938,5.0,0.001033027272275515,0.0005381648483944934,2
I197518295,0.002170542635658915,7.0,3.220320287086978e-05,0.0003513615256416707,21
I197572798,0.00062015503875969,2.0,0.0,8.772483085637694e-28,0
I197809005,0.0015503875968992248,5.0,0.0,8.610084349261524e-05,27
I197854408,0.0,0.0,0.0,6.792993660413522e-36,177
I197869895,0.0009302325581395349,3.0,0.0,5.507825587260858e-05,2
I19820366,0.05488372093023256,233.0,0.05692717164529374,0.0776102649925471,2
I198244214,0.0337984496124031,112.0,0.0023974427405230488,0.05536671994357432,19
I198488067,0.0015503875968992248,5.0,0.0,8.28144958714636e-05,4
I198645480,0.0009302325581395349,3.0,0.0,0.0001880516454119709,2
I198667473,0.0,0.0,0.0,6.792993660413522e-36,178
I19880235,0.000310077519379845,1.0,0.0,8.903712650577212e-31,179
I19894307,0.012093023255813955,44.0,3.6916667882101556e-05,0.010022326140782424,27
I199143407,0.00124031007751938,4.0,0.0,1.0440931953264348e-05,27
I19923696,0.0009302325581395349,3.0,0.0015459634139304058,0.00016659533463480507,1
I199305430,0.0031007751937984496,10.0,1.4561332640852519e-05,0.0023405977151307257,21
I199577144,0.00124031007751938,4.0,0.0,7.835848850367907e-05,27
I199693650,0.008372093023255815,27.0,0.00103102698751611,0.0038054229703334314,1
I199702508,0.006201550387596899,22.0,0.0035438728934713212,2.3778807710813355e-05,9
I200202764,0.0031007751937984496,10.0,0.0,0.003676083880182819,2
I200284239,0.0037209302325581397,12.0,0.0010310269875161101,0.0006092813182187272,7
I200296433,0.007751937984496125,26.0,0.0015659910584603302,0.010056955661338123,2
I200323923,0.005891472868217055,20.0,3.0712806406729886e-06,0.005682974528568473,4
I200332995,0.0009302325581395349,3.0,0.0,0.0015556174661835013,21
I200420086,0.00062015503875969,2.0,0.0,8.772483085637694e-28,105
I200432940,0.0,0.0,0.0,6.792993660413522e-36,180
I200475212,0.023255813953488372,75.0,0.0005056912730452139,0.05631729974057144,16
I200606013,0.0027906976744186047,9.0,0.001243839507279754,4.04629679779883e-05,9
I200650556,0.002170542635658915,7.0,0.0005157058495393079,0.00013568471247786507,8
I200719446,0.04,132.0,0.0008628845040441276,0.06947087818689796,22
I200749728,0.00062015503875969,2.0,0.0,5.396662978607885e-07,27
I200763008,0.009612403100775194,31.0,0.00138348540190075,0.005713742242560605,1
I200769079,0.0074418604651162795,24.0,0.0005483232331426288,0.007218128290788459,20
I200777214,0.005891472868217055,19.0,0.0007966366938610002,0.0021734411838352052,27
I200845125,0.0015503875968992248,5.0,0.00011173269430296925,2.6048819877036107e-05,2
I200870766,0.02418604651162791,83.0,6.101465633747399e-05,0.050633916583160105,16
I20089843,0.03162790697674419,108.0,0.006353092996706409,0.06938879492433245,16
I201025148,0.000310077519379845,1.0,0.0,8.903712650577212e-31,181
I20107917,0.000310077519379845,1.0,0.0,8.903712650577212e-31,182
I20121455,0.0018604651162790699,6.0,0.0,0.002373275772607346,4
I20126385,0.00062015503875969,2.0,0.0,1.2108471202180506e-06,1
I201324441,0.00248062015503876,8.0,0.0,0.0016571981620593951,42
I201448701,0.06697674418604652,274.0,0.045199165312643744,0.12021616403318675,22
I201537933,0.0031007751937984496,10.0,0.0016124262919880107,0.0005465101598860177,11
I201726411,0.0027906976744186047,9.0,0.0,0.0017921372980490675,27
I201799495,0.00062015503875969,2.0,0.0,0.0004937188357567567,10
I202276237,0.003410852713178295,13.0,0.000132800016985271,0.0004518572549456656,29
I20231570,0.01674418604651163,63.0,0.007400107039507269,0.015810977820360946,2
I202334528,0.0,0.0,0.0,6.792993660413522e-36,183
I202697423,0.028837209302325584,100.0,0.0019124861674767583,0.053367520027176166,16
I202735123,0.00124031007751938,4.0,0.0,0.00011646619784734532,19
I202963720,0.0009302325581395349,3.0,0.0,0.0015556174661835013,21
I203082224,0.0018604651162790699,6.0,0.0,0.002373275772607346,4
I203172682,0.013953488372093025,45.0,0.0,0.015068672005062046,20
I203238179,0.022945736434108528,74.0,0.0,0.05630595331590999,16
I203455613,0.0,0.0,0.0,6.792993660413522e-36,184
I20382870,0.0,0.0,0.0,6.792993660413522e-36,185
I203899302,0.00124031007751938,4.0,0.0,8.153115506553383e-06,10
I204136569,0.00248062015503876,8.0,0.0002739835137383793,0.0001386931167711286,7
I204250578,0.012403100775193798,44.0,0.001164008931942616,0.010722442675399912,16
I204275683,0.00248062015503876,8.0,0.0,5.366390729099296e-05,7
I204291657,0.0027906976744186047,10.0,0.0021386545903732826,0.001042122098629075,2
I204308271,0.000310077519379845,1.0,0.0,8.903712650577212e-31,15
I204337017,0.01612403100775194,56.0,0.003311824678706816,0.0069888606751135245,27
I204465549,0.01798449612403101,60.0,0.0016032081329776255,0.014737289295238248,4
I204490172,0.000310077519379845,1.0,0.0,8.903712650577212e-31,186
I204512498,0.0031007751937984496,10.0,0.0011534677014797055,0.00033238629501679143,2
I204553293,0.00124031007751938,4.0,0.0,7.949318877048505e-05,2
I204722609,0.0009302325581395349,3.0,0.0,1.2151874946421276e-05,2
I204730241,0.054263565891472874,193.0,0.004234718620284478,0.11942926054959083,16
I204743663,0.0015503875968992248,5.0,0.0,1.889283580454918e-05,27
I204778367,0.003410852713178295,11.0,0.00023499508487101546,0.0007977527174835373,8
I204823248,0.01054263565891473,34.0,0.0008448201929145377,0.006171625579650654,1
I204824540,0.000310077519379845,1.0,0.0,3.3065115632263546e-05,27
I204831749,0.0018604651162790699,6.0,0.0001440937333516248,0.00011279948861679117,2
I204866599,0.00062015503875969,2.0,0.0,0.00173341713271959,1
I204983213,0.01178294573643411,45.0,0.009082447922023628,0.006847059980635406,2
I205023500,0.00248062015503876,8.0,0.0,0.0002797390055232096,1
I205051169,0.000310077519379845,1.0,0.0,8.909695180809311e-06,21
I205237279,0.0031007751937984496,10.0,0.0005021454742298407,0.0018406358574472057,2
I205274468,0.005581395348837209,18.0,0.0010312193432973629,0.006030631032287831,2
I20529979,0.0018604651162790699,6.0,0.0,0.0019079691755834148,8
I205349734,0.000310077519379845,1.0,0.0,8.903712650577212e-31,109
I205490536,0.000310077519379845,1.0,0.0,8.903712650577212e-31,187
I205582932,0.006201550387596899,20.0,0.0,0.005326114868534262,8
I205703379,0.00124031007751938,4.0,0.0,0.0001269962992941837,11
I205746353,0.00062015503875969,2.0,0.0,0.0004945804996415842,13
I205783295,0.049922480620155044,179.0,0.01001072966362893,0.0926358209977343,16
I20581793,0.0,0.0,0.0,6.792993660413522e-36,188
I205892228,0.0009302325581395349,3.0,0.0,0.0002508221851085238,19
I206127235,0.00496124031007752,16.0,0.0,0.002155306104756579,27
I206451062,0.00062015503875969,2.0,0.0,8.772483085637694e-28,135
I206597221,0.000310077519379845,1.0,0.0,8.903712650577212e-31,91
I206895457,0.0,0.0,0.0,6.792993660413522e-36,189
I206945453,0.00248062015503876,8.0,0.0,0.0016806663011914805,27
I207319670,0.0009302325581395349,3.0,0.0,5.73097816795182e-06,11
I207547235,0.000310077519379845,1.0,0.0,1.6648161941221255e-27,190
I207624831,0.002170542635658915,7.0,0.0,0.0021842306446298717,20
I20783137,0.00248062015503876,8.0,0.0,0.0010640705381608918,21
I208333798,0.014573643410852714,47.0,0.0001684297694598347,0.015126161489640187,20
I20942203,0.00124031007751938,4.0,1.9780586172184073e-06,2.782828032858629e-05,2
I210557978,0.03472868217054264,129.0,0.0012586136522783297,0.06293234507235676,22
I210716285,0.000310077519379845,1.0,0.0,0.0005825691598888149,16
I211433327,0.003410852713178295,11.0,0.0010042341977393057,0.0002775400251652065,2
I21193070,0.002170542635658915,7.0,0.0004700358545069724,0.00015104354192770357,2
I21196054,0.0031007751937984496,10.0,0.0,0.0016956521998676816,19
I212119943,0.00434108527131783,14.0,0.00018255431411351973,0.0004754620440864021,11
I21250087,0.005271317829457365,17.0,0.00103102698751611,0.0032504734031842887,4
I212738717,0.0015503875968992248,5.0,0.0,1.2130929559324088e-06,9
I213072177,0.00062015503875969,2.0,0.0,8.772483085637694e-28,149
I21370196,0.004651162790697674,15.0,0.006281303812516456,0.0006681202450803267,4
I21449261,0.0,0.0,0.0,6.792993660413522e-36,191
I21491767,0.004031007751937985,14.0,0.0011921367670509754,0.004336278060394469,2
I217203536,0.0009302325581395349,3.0,0.0,5.6649220041516426e-05,2
I21741975,0.0009302325581395349,3.0,0.0,0.0005675715471278177,1
I21803372,0.000310077519379845,1.0,0.0,8.903712650577212e-31,181
I219193219,0.0037209302325581397,13.0,0.00013617605229873748,0.0031738906310404065,2
I220619192,0.0037209302325581397,12.0,0.0,0.00037639249017424036,13
I22265921,0.0,0.0,0.0,6.792993660413522e-36,192
I22299242,0.01550387596899225,50.0,0.0005216407887075557,0.017572872288586876,21
I223464139,0.0015503875968992248,5.0,0.0,0.00041392471078872955,4
I223532165,0.0310077519379845,115.0,0.0007394359962622925,0.05822903236552467,22
I223822909,0.04248062015503876,150.0,0.017023694969182854,0.0630077872436792,22
I22465464,0.00248062015503876,8.0,0.0002959201117418247,0.0007124871680219643,10
I2250650973,0.000310077519379845,1.0,0.0,1.8581367025175286e-06,42
I2250653659,0.011472868217054264,41.0,0.00485288362738569,0.01366229182634539,21
I2250955327,0.002170542635658915,10.0,0.0,0.002677606073386652,2
I2252078561,0.010852713178294573,57.0,0.0011163916015999547,0.02754072984829935,11
I2252096349,0.0,0.0,0.0,6.792993660413522e-36,193
I225661044,0.0065116279069767444,21.0,8.543733224903518e-06,0.004070387022901551,4
I226983648,0.0015503875968992248,5.0,0.0,1.944616439908695e-05,8
I22716506,0.0,0.0,0.0,6.792993660413522e-36,194
I227486990,0.0015503875968992248,5.0,0.0015463481254929118,0.000282034323717816,8
I2277624104,0.0009302325581395349,3.0,5.440216069796545e-07,7.997597499979952e-05,21
I2279609970,0.0037209302325581397,12.0,0.0,0.0023835858722981514,27
I228616957,0.000310077519379845,1.0,0.0,8.903712650577212e-31,195
I23075662,0.0018604651162790699,6.0,1.6017893362229448e-05,1.9022771024760634e-05,27
I23171815,0.0018604651162790699,6.0,3.9950165419032607e-05,3.083713867555176e-05,7
I232005693,0.000310077519379845,1.0,0.0,6.18980746670059e-09,27
I232906412,0.0015503875968992248,5.0,0.0,0.0013427265134826026,1
I23582244,0.00062015503875969,2.0,0.0,1.806306013878255e-07,20
I236232284,0.000310077519379845,1.0,0.0,8.903712650577212e-31,173
I23632641,0.0009302325581395349,3.0,0.0005157058495393079,5.8593384458922946e-06,10
I238144855,0.0,0.0,0.0,6.792993660413522e-36,196
I23878562,0.000310077519379845,1.0,0.0,8.903712650577212e-31,197
I23923803,0.00496124031007752,16.0,0.0023138892171150243,0.0011889455039300848,29
I23946033,0.00124031007751938,4.0,0.0,0.0011960748625307806,16
I24027795,0.00682170542635659,23.0,0.004607218911410781,0.0019183806183050026,27
I24062138,0.0,0.0,0.0,6.792993660413522e-36,198
I240986617,0.00062015503875969,2.0,0.0,8.772483085637694e-28,65
I241749,0.06635658914728683,243.0,0.035807959745452075,0.09755149010153397,20
I24185976,0.000310077519379845,1.0,0.0,8.903712650577212e-31,199
I24201400,0.00248062015503876,8.0,0.00019790822231134772,1.7407480845611007e-05,10
I24214720,0.000310077519379845,1.0,0.0,8.903712650577212e-31,200
I24354313,0.0037209302325581397,12.0,0.001582767486743481,0.00041306431021631985,16
I243754102,0.015193798449612404,50.0,0.0005157058495393079,0.017513399483168126,21
I244572783,0.0065116279069767444,24.0,0.00376450363575539,0.00040158611260598373,8
I245417339,0.000310077519379845,1.0,0.0,1.4972178935117427e-05,1
I24571045,0.00124031007751938,4.0,0.0,0.000597856704133309,75
I24603500,0.029147286821705427,94.0,0.0017172109461021702,0.062499333860993635,16
I24616306,0.00062015503875969,2.0,0.0,8.680455674219585e-05,4
I24676775,0.007751937984496125,27.0,0.0006896229066146549,0.01021464937076632,11
I24768866,0.00248062015503876,8.0,0.0,0.001903799740269407,19
I24830596,0.006201550387596899,20.0,0.0,0.012729811962257436,16
I24881138,0.0,0.0,0.0,6.792993660413522e-36,201
I24906876,0.004651162790697674,15.0,0.0,0.0018580197844870559,7
I24943067,0.02790697674418605,101.0,0.012270212355582647,0.012402054938761774,2
I251424209,0.000310077519379845,1.0,0.0,8.903712650577212e-31,202
I25169866,0.00124031007751938,4.0,0.0,8.720416597056784e-05,22
I25205351,0.0015503875968992248,5.0,0.0,1.2130929559324088e-06,9
I25217355,0.017674418604651163,59.0,0.0001497710577974969,0.02235693873435476,21
I25254941,0.0031007751937984496,10.0,7.920575152119866e-05,0.002751783120711442,2
I252758333,0.00062015503875969,2.0,0.0,8.772483085637694e-28,49
I25355098,0.00124031007751938,4.0,0.0005157058495393079,3.401444970131508e-05,2
I254181534,0.0037209302325581397,12.0,0.0,0.00037639249017424036,13
I254421610,0.00124031007751938,4.0,0.0,0.00011875941024332082,19
I255234318,0.0,0.0,0.0,6.792993660413522e-36,203
I25757504,0.00434108527131783,14.0,0.0010754099613814545,0.0035817187095328654,2
I257903683,0.000310077519379845,1.0,0.0,8.903712650577212e-31,204
I25790992,0.00124031007751938,4.0,0.0,0.0017697694550923555,1
I25846049,0.005581395348837209,18.0,0.00013518454212921448,0.006681990233853065,13
I258800397,0.00062015503875969,2.0,0.0,0.001078023866072574,4
I25974101,0.029767441860465118,97.0,0.0007365118502979882,0.06279984453073643,16
I26072440,0.00248062015503876,9.0,3.5804858268424224e-05,3.341399379933891e-05,10
I26092322,0.0,0.0,0.0,6.792993660413522e-36,205
I2609998029,0.022945736434108528,74.0,0.0,0.05630595331590999,16
I2613432,0.004031007751937985,13.0,0.0008762038582638532,0.005872707087732972,1
I2614128279,0.00062015503875969,2.0,0.0,0.0001802203427334569,2
I26415053,0.0065116279069767444,21.0,0.00010373270144438184,0.002259323121594964,7
I264262938,0.00062015503875969,2.0,0.0,3.1971104334599587e-06,12
I265627732,0.0018604651162790699,6.0,0.0,0.0013533331645407857,27
I26771391,0.0015503875968992248,5.0,0.0,1.944616439908695e-05,8
I268303160,0.00124031007751938,4.0,0.0,0.00021884761229471386,29
I26999989,0.000310077519379845,1.0,0.0,8.903712650577212e-31,117
I2722730,0.000310077519379845,1.0,0.0,8.903712650577212e-31,195
I27357992,0.005581395348837209,19.0,0.0014237546710434892,0.001163893637644924,2
I2738703131,0.00868217054263566,40.0,5.3942414488618686e-05,0.016863407277762026,11
I273905872,0.0,0.0,0.0,6.792993660413522e-36,206
I2746051580,0.04124031007751938,156.0,0.0003015681278689373,0.1075240527526612,16
I27483092,0.0015503875968992248,5.0,0.0,0.00011220478340100707,21
I2752562790,0.00062015503875969,2.0,0.0,8.772483085637694e-28,63
I27577105,0.0027906976744186047,12.0,0.0015460870712183542,0.0018634866226841184,11
I275847375,0.000310077519379845,1.0,0.0,8.903712650577212e-31,182
I27599042,0.00062015503875969,2.0,0.0,8.772483085637694e-28,163
I27674431,0.00248062015503876,8.0,0.0,0.001067775811288072,27
I27765905,0.0,0.0,0.0,6.792993660413522e-36,207
I277688954,0.01364341085271318,58.0,0.0011588479969485202,0.02294775099794801,11
I27781120,0.000310077519379845,1.0,0.0,1.7522629623987363e-05,2
I27804330,0.018604651162790697,60.0,0.0007559352278736002,0.017360412562472345,20
I27837315,0.07813953488372094,288.0,0.033031168139089226,0.13052531447894153,22
I27895137,0.013953488372093025,45.0,0.0,0.015068672005062046,20
I27945538,0.00062015503875969,2.0,0.0,0.0005316325766434513,16
I2799299286,0.003410852713178295,11.0,0.0,0.0007771556643827831,20
I2799307867,0.0074418604651162795,24.0,0.0,0.0044930030050824585,20
I2799346673,0.003410852713178295,11.0,0.0,0.0007771556643827831,20
I2799379113,0.0,0.0,0.0,6.792993660413522e-36,208
I2799390153,0.00062015503875969,2.0,0.0,0.0003353433321376866,19
I2799434747,0.0037209302325581397,12.0,0.0,0.002593710016933629,4
I2799435774,0.0009302325581395349,3.0,0.0,0.00012206746564472312,2
I2799503643,0.00496124031007752,20.0,5.770673437590167e-07,0.01145528102563279,21
I2799517710,0.0009302325581395349,3.0,0.0,0.0002659725000888389,11
I2799562678,0.0015503875968992248,5.0,0.0,0.00011220478340100707,21
I2799593479,0.00062015503875969,2.0,0.0,0.0013875834072730683,27
I2799651553,0.0,0.0,0.0,6.792993660413522e-36,209
I2799707979,0.00062015503875969,2.0,0.0,0.00015404037799265541,4
I2799712879,0.00124031007751938,4.0,0.0,0.00026540951966789745,27
I2799747612,0.0031007751937984496,10.0,0.0,0.0006091526429776189,7
I2799773085,0.00124031007751938,4.0,0.0,1.7771825974841705e-05,12
I2799798094,0.00124031007751938,4.0,2.624282444237433e-06,0.0007841166554168342,11
I2799803557,0.000310077519379845,1.0,0.0,9.58215275606279e-06,27
I2799849604,0.000310077519379845,1.0,0.0,0.0005312984746997256,22
I2799853436,0.0065116279069767444,27.0,3.307859675797814e-05,0.009560877525367963,4
I2799854419,0.003410852713178295,11.0,0.0,0.0007771556643827831,20
I2799880754,0.00062015503875969,2.0,0.0,0.0007199347937409978,16
I2799886695,0.00062015503875969,2.0,0.0,0.0012603801568260198,22
I2799891827,0.000310077519379845,1.0,0.0,1.8581367025175286e-06,42
I2799905109,0.0018604651162790699,6.0,0.0,2.5286725828796415e-06,29
I2799980853,0.00124031007751938,4.0,0.0,0.0005755387367996056,2
I2799986158,0.00682170542635659,22.0,0.0,0.005890724573478858,8
I2800004676,0.022945736434108528,74.0,0.0,0.05630595331590999,16
I2800006345,0.009302325581395349,35.0,0.0005301727390999721,0.006300018980024439,4
I2800056074,0.013953488372093025,45.0,0.0,0.015068672005062046,20
I2800093571,0.0,0.0,0.0,6.792993660413522e-36,210
I2800110054,0.00062015503875969,2.0,0.0,0.001467452223867932,22
I2800129641,0.00248062015503876,8.0,0.0,0.0011229375570350464,4
I2800139495,0.007131782945736434,23.0,0.0008878456578783802,0.00533542625924275,8
I2800191616,0.005271317829457365,17.0,0.0,0.0015337626050767534,4
I2800192669,0.004031007751937985,13.0,0.0,0.0032004733125193946,1
I2800229700,0.0031007751937984496,10.0,0.0,0.003814115682962039,42
I2800240351,0.00062015503875969,2.0,0.0,0.0007752377521469615,2
I2800249161,0.00124031007751938,4.0,0.0,2.094494338575688e-07,27
I2800274787,0.0018604651162790699,6.0,0.0,4.3184508006068423e-05,29
I2800288331,0.014883720930232559,48.0,0.0,0.017506083578431142,21
I2800313864,0.00682170542635659,22.0,0.0,0.005890724573478858,8
I2800330116,0.0,0.0,0.0,6.792993660413522e-36,211
I2800372957,0.0009302325581395349,3.0,0.0,7.343350399241813e-05,2
I2800393352,0.00062015503875969,2.0,0.0,3.18846145533149e-05,2
I2800394112,0.025116279069767444,81.0,0.0,0.051706172641858096,22
I2800403580,0.0,0.0,0.0,6.792993660413522e-36,212
I2800444561,0.0015503875968992248,6.0,0.0,0.001536460931364496,11
I2800530175,0.00682170542635659,22.0,0.0,0.005890724573478858,8
I2800548410,0.002170542635658915,7.0,0.0,0.0032274815739316513,1
I2800555055,0.0018604651162790699,6.0,0.0,0.0007104515024850468,20
I2800555584,0.009302325581395349,30.0,4.346297735821588e-05,0.0052664959623914456,4
I2800570007,0.025116279069767444,81.0,0.0,0.051706172641858096,22
I2800624753,0.0027906976744186047,9.0,0.0,0.0030612984754321516,4
I28006308,0.00062015503875969,3.0,0.0,3.284035987110206e-05,2
I2800663845,0.014573643410852714,47.0,0.0,0.012794120032578819,19
I2800676788,0.022945736434108528,74.0,0.0,0.05630595331590999,16
I2800710378,0.0009302325581395349,3.0,3.611421503394497e-05,1.40641767457466e-06,2
I2800717037,0.00248062015503876,11.0,6.9110234012623e-05,0.001300969571685871,1
I2800769186,0.0015503875968992248,5.0,0.0,0.0006731659924949844,8
I2800808753,0.004651162790697674,15.0,0.0,0.002070257505493956,4
I2800817003,0.002170542635658915,12.0,4.80889453132514e-07,0.0054704364314984676,22
I2800875726,0.0015503875968992248,5.0,0.0,5.36630534391035e-05,29
I2800897744,0.0009302325581395349,3.0,0.0,0.00025997692849511833,4
I2800906782,0.00496124031007752,16.0,0.002412926779857329,0.005068725234323206,2
I2800921988,0.0037209302325581397,12.0,0.0,0.0023835858722981514,27
I2800935791,0.0009302325581395349,3.0,0.0,0.000998854615662703,21
I2800939219,0.00248062015503876,8.0,0.0,0.0010640705381608918,21
I2800996342,0.005271317829457365,17.0,0.0,0.0015337626050767534,4
I2801032651,0.000310077519379845,1.0,0.0,8.903712650577212e-31,213
I2801072731,0.00062015503875969,2.0,0.0,3.373983847819924e-05,4
I2801081054,0.004031007751937985,14.0,9.136899609517764e-07,0.0024004688963918273,4
I2801097182,0.022945736434108528,74.0,0.0,0.05630595331590999,16
I2801112126,0.0015503875968992248,5.0,0.0,1.762221874454523e-05,7
I2801112325,0.004031007751937985,14.0,0.0,0.0028557843616934097,4
I2801134892,0.00992248062015504,37.0,0.0003536773512392417,0.012115745489668026,42
I2801151526,0.000310077519379845,1.0,0.0,2.78123980898238e-05,27
I2801159745,0.025116279069767444,81.0,0.0,0.051706172641858096,22
I2801185773,0.0009302325581395349,3.0,0.0,5.865406945760517e-07,48
I2801196673,0.0018604651162790699,6.0,0.0,0.001332490740093643,4
I2801198184,0.007751937984496125,25.0,0.0,0.0038046198840423844,1
I2801237587,0.00248062015503876,8.0,0.0,0.0011229375570350464,4
I2801239119,0.005581395348837209,20.0,4.321241132366992e-05,0.006544440012925514,42
I2801240073,0.000310077519379845,1.0,0.0,3.90831405758599e-05,1
I2801253297,0.0074418604651162795,24.0,0.0,0.0044930030050824585,20
I2801312332,0.000310077519379845,2.0,0.0,3.651061072465739e-07,12
I2801313472,0.000310077519379845,1.0,0.0,3.0853616322740914e-05,19
I2801317318,0.00124031007751938,4.0,0.0,0.0015721039183743933,21
I2801331674,0.0027906976744186047,9.0,0.0,0.0019814263370107,19
I2801345734,0.002170542635658915,9.0,0.0013219457404737018,1.9537914692909763e-05,2
I2801349156,0.0031007751937984496,10.0,0.002518563418615354,5.5104817688714e-05,27
I2801349226,0.0009302325581395349,3.0,0.0,0.00021473267916053315,42
I2801357902,0.01612403100775194,52.0,0.001455763121863832,0.017521259673932442,21
I2801460691,0.0018604651162790699,6.0,0.0,1.36139716821277e-05,2
I2801498763,0.005271317829457365,18.0,1.840363937138131e-05,0.005700434485615758,21
I2801556517,0.00248062015503876,8.0,0.0,0.0008423959545024049,2
I2801572250,0.0037209302325581397,12.0,0.0,0.005062596900053615,2
I2801618472,0.0009302325581395349,3.0,0.0,0.0002836830224827109,2
I2801652605,0.0009302325581395349,3.0,0.0,0.0007865232522791207,20
I2801680663,0.0015503875968992248,9.0,9.117053378118645e-07,0.000637304150479311,2
I2801748203,0.0009302325581395349,3.0,0.0,0.0002757375111276303,13
I2801766299,0.008992248062015505,32.0,4.165647639015982e-06,0.0035677494192884944,4
I2801766991,0.018294573643410854,59.0,0.0,0.043035062648612704,16
I2801809904,0.0074418604651162795,24.0,0.0,0.0044930030050824585,20
I2801843802,0.004651162790697674,15.0,0.0,0.002070257505493956,4
I2801851002,0.02666666666666667,98.0,0.003300168041849378,0.04065950409594407,20
I2801857525,0.00124031007751938,4.0,0.0,0.0005970236468829656,27
I2801872989,0.0009302325581395349,3.0,0.0,0.00025997692849511833,4
I2801876189,0.0027906976744186047,9.0,0.0002431218945363709,0.001426429945494126,29
I2801884250,0.000310077519379845,1.0,0.0,0.0013444202021865449,22
I2801901939,0.00124031007751938,4.0,0.0,1.894303658693899e-05,57
I2801935854,0.018914728682170544,63.0,0.0,0.04713283636531548,16
I2801952686,0.0074418604651162795,25.0,0.0003162993823158863,0.0051984024733173345,4
I2801978097,0.00496124031007752,16.0,0.0,0.006029371590880599,2
I2802007472,0.00124031007751938,4.0,0.0,1.3272067099375285e-05,10
I2802007660,0.00062015503875969,2.0,0.0,1.970784207195999e-06,29
I2802014819,0.000310077519379845,1.0,0.0,8.903712650577212e-31,214
I2802054198,0.00496124031007752,16.0,0.0,0.002155306104756579,27
I2802060973,0.0018604651162790699,6.0,0.0,0.000903607047813022,20
I2802106081,0.00682170542635659,22.0,0.0,0.005890724573478858,8
I2802153510,0.00248062015503876,8.0,0.0,0.00015712210618228464,27
I2802164966,0.007751937984496125,35.0,0.0005653656242378231,0.008038861923044866,19
I2802176782,0.007751937984496125,25.0,0.0,0.005637022635039413,1
I2802203029,0.00124031007751938,4.0,0.0,8.925044836250423e-05,27
I28022161,0.008992248062015505,30.0,0.011009867164442164,0.0007365880979378882,10
I2802223849,0.003410852713178295,11.0,0.0,0.0023074426143492232,4
I2802229908,0.00124031007751938,4.0,0.0,0.002411169469912149,16
I2802230104,0.00124031007751938,4.0,0.0,0.00021571322088300075,1
I2802236040,0.0065116279069767444,23.0,0.0,0.014923487580448544,16
I2802241215,0.0009302325581395349,3.0,0.0,0.0003069776166329443,4
I2802307166,0.00124031007751938,4.0,0.0,8.379193646532923e-05,11
I2802326326,0.00062015503875969,2.0,0.0,8.772483085637694e-28,76
I2802330208,0.000310077519379845,1.0,0.0,8.903712650577212e-31,215
I2802351361,0.0015503875968992248,7.0,0.0,0.0007422645898913297,16
I2802390878,0.0009302325581395349,3.0,0.0,0.00011348000791915519,1
I2802422659,0.003410852713178295,11.0,0.0,0.002600945221808062,21
I2802423016,0.0009302325581395349,3.0,0.0,0.0002659725000888389,11
I2802457231,0.0009302325581395349,3.0,0.0,0.0012279141409711138,22
I2802476300,0.0009302325581395349,3.0,0.0,1.1670274245364564e-25,216
I2802476451,0.00496124031007752,17.0,9.470108119770538e-06,0.005960385840111807,42
I2802557195,0.0015503875968992248,5.0,0.0,0.00021835252614020538,21
I2802567020,0.0027906976744186047,15.0,8.399535781381242e-07,0.002617734964104422,42
I2802576217,0.00124031007751938,4.0,0.0,0.0017697694550923555,1
I2802581871,0.0310077519379845,101.0,0.0003082368031245472,0.056458134789040736,22
I2802582725,0.00124031007751938,4.0,0.0,0.00036103157442800814,42
I2802600346,0.005891472868217055,19.0,0.0,0.004013787960735494,22
I2802603000,0.000310077519379845,1.0,0.0,4.409463558698898e-05,29
I2802612298,0.000310077519379845,1.0,0.0,0.00013500553952259741,13
I2802624667,0.00062015503875969,2.0,0.0,2.3074814440569923e-05,2
I2802641067,0.0018604651162790699,6.0,0.0,0.002373275772607346,4
I2802654988,0.004651162790697674,15.0,0.0,0.00324978716480582,4
I2802665030,0.00124031007751938,4.0,0.0,1.894303658693899e-05,57
I2802690428,0.0027906976744186047,9.0,3.0490681278378196e-06,0.0011942098717807007,2
I2802709434,0.0027906976744186047,15.0,8.399535781381242e-07,0.002617734964104422,42
I2802744477,0.000310077519379845,2.0,0.0,4.4272921418309225e-06,8
I2802832906,0.0015503875968992248,5.0,0.0,0.0006731659924949844,8
I2802835388,0.025736434108527134,84.0,4.233729927653399e-05,0.05240117877466495,22
I2802849423,0.014883720930232559,48.0,0.0,0.017506083578431142,21
I2802889516,0.0015503875968992248,5.0,0.0,0.0013427265134826026,1
I2802916955,0.0037209302325581397,15.0,6.893918206644555e-05,0.002107956719440091,19
I2802934949,0.03038759689922481,109.0,0.0030440649029010633,0.03727043011254898,21
I2802952180,0.0027906976744186047,9.0,0.0,0.0030982460749059506,42
I2802965805,0.0074418604651162795,24.0,0.0,0.0044930030050824585,20
I2802974365,0.00248062015503876,10.0,0.0,0.0004384351166882934,2
I2803004286,0.00062015503875969,2.0,0.0,3.4493379849331587e-06,2
I2803079837,0.00062015503875969,2.0,0.0,8.772483085637694e-28,65
I2803095145,0.0,0.0,0.0,6.792993660413522e-36,217
I2803209242,0.0037209302325581397,12.0,0.0,0.0037033281990819606,21
I28166907,0.025736434108527134,87.0,0.006353379477009699,0.026992789132734323,21
I28221208,0.00124031007751938,4.0,0.0,0.0016149629919464785,7
I28290843,0.005581395348837209,18.0,0.00015869977585837588,0.0010534328810198916,4
I28407311,0.03286821705426357,110.0,0.006731380657146367,0.04895259666590709,16
I287756978,0.000310077519379845,1.0,0.0,1.9701118567162148e-05,27
I28777354,0.000310077519379845,2.0,0.0,1.1059290158930246e-05,2
I28792581,0.00124031007751938,4.0,0.0,0.0009836457280377592,22
I288749910,0.0018604651162790699,6.0,0.0,2.0286191937068753e-05,10
I2898336195,0.005271317829457365,18.0,9.164526118764692e-05,0.002314207842103462,8
I2898391981,0.016434108527131785,54.0,7.821167543309601e-05,0.013274979414001643,19
I290407205,0.000310077519379845,1.0,0.0,8.903712650577212e-31,114
I292141241,0.00248062015503876,8.0,1.4359896965389967e-05,0.0021085030117208845,29
I293362453,0.00062015503875969,2.0,0.0,8.772483085637694e-28,33
I29365675,0.0009302325581395349,3.0,0.0,1.0819554762685443e-05,2
I29563240,0.000310077519379845,1.0,0.0,8.903712650577212e-31,214
I2960094004,0.006201550387596899,20.0,0.0,0.005326114868534262,8
I29607241,0.026046511627906978,92.0,0.0005956861263139756,0.05911723786573854,16
I29617571,0.000310077519379845,1.0,0.0,8.903712650577212e-31,218
I29739308,0.00062015503875969,4.0,0.0006118848851406992,0.0010030450243008354,10
I29787537,0.00124031007751938,4.0,0.0,0.00017435891072567378,20
I298625061,0.01550387596899225,50.0,0.003212743051046079,0.015076835504889871,20
I29891158,0.0018604651162790699,6.0,0.0,0.0007045817965031823,27
I29894533,0.00062015503875969,2.0,0.0,1.2669186661365708e-05,42
I29955533,0.00124031007751938,4.0,6.123325703220677e-06,0.0009937563342091822,21
I3004594783,0.000310077519379845,1.0,0.0,9.671591828577368e-06,22
I3005327000,0.0015503875968992248,5.0,0.0,0.001902107185901116,11
I3006985408,0.0009302325581395349,3.0,0.0005157058495393079,0.00010580547817330557,42
I3017770710,0.0015503875968992248,5.0,0.0,0.00131002944924768,2
I3018001382,0.0015503875968992248,5.0,0.0,0.0002903163738282069,42
I3018134672,0.005271317829457365,20.0,0.0009610357207843943,0.005110314337926978,42
I3018263800,0.000310077519379845,1.0,0.0,1.5052367389191814e-06,2
I3018483916,0.02418604651162791,93.0,0.0034361356063761046,0.017400566642356518,4
I3018718406,0.0037209302325581397,12.0,0.0,0.0023835858722981514,27
I3018771216,0.0015503875968992248,5.0,0.0,0.0007991426129505956,29
I3019010403,0.018604651162790697,62.0,1.5204194405244675e-05,0.024695640973152123,21
I3019308854,0.025116279069767444,81.0,0.0,0.051706172641858096,22
I3020615197,0.000310077519379845,1.0,0.0,8.903712650577212e-31,219
I3020652664,0.0,0.0,0.0,6.792993660413522e-36,220
I3020668385,0.00124031007751938,4.0,0.0,1.5042752239792091e-05,56
I302410947,0.0,0.0,0.0,6.792993660413522e-36,221
I3040621137,0.0018604651162790699,6.0,0.0,1.36139716821277e-05,2
I3045169105,0.000310077519379845,1.0,0.0,4.5612028412681024e-05,2
I30809798,0.0027906976744186047,9.0,0.00012094929903228133,0.00047963322856426255,12
I308837,0.0027906976744186047,9.0,1.1596515071648565e-05,0.0018289017757476414,2
I31151848,0.00248062015503876,8.0,0.0,0.001903799740269407,19
I3121272148,0.00124031007751938,4.0,0.0,0.0005858075933085079,10
I3121641575,0.000310077519379845,1.0,0.0,8.903712650577212e-31,186
I3121676899,0.00124031007751938,4.0,0.0,0.0018197744605888194,11
I3121799822,0.0,0.0,0.0,6.792993660413522e-36,222
I3122011922,0.00248062015503876,8.0,0.0,5.366390729099296e-05,7
I3123573182,0.0,0.0,0.0,6.792993660413522e-36,223
I3124059619,0.002170542635658915,8.0,0.00212532816640614,1.727579261658888e-05,10
I3125347698,0.002170542635658915,7.0,0.0,0.0012237293348083189,27
I3125470973,0.00062015503875969,2.0,0.0,3.1971104334599587e-06,12
I3125581668,0.000310077519379845,2.0,0.0,0.00035977538774328047,21
I312809248,0.00062015503875969,2.0,0.0,0.0008201337399192255,16
I3129773123,0.0015503875968992248,5.0,0.0,9.869359874633692e-05,1
I3129968221,0.000310077519379845,1.0,0.0,8.903712650577212e-31,52
I3130536011,0.000310077519379845,1.0,0.0,8.903712650577212e-31,218
I3130607311,0.0,0.0,0.0,6.792993660413522e-36,224
I3131163126,0.0,0.0,0.0,6.792993660413522e-36,225
I3131550300,0.008372093023255815,27.0,6.976103000109e-06,0.00535189934619029,1
I3131616854,0.000310077519379845,1.0,0.0,8.903712650577212e-31,226
I3131625388,0.0009302325581395349,4.0,0.0,0.000670499806297841,2
I3131779051,0.0015503875968992248,5.0,0.0,1.2924262653214992e-22,64
I3131826223,0.0009302325581395349,3.0,0.0,2.2119899918984906e-07,8
I3131927718,0.0,0.0,0.0,6.792993660413522e-36,227
I3132220783,0.0009302325581395349,3.0,0.0,1.1670274245364564e-25,142
I3132564352,0.0018604651162790699,6.0,0.0,1.3101294836018214e-06,9
I3132695963,0.0,0.0,0.0,6.792993660413522e-36,228
I3132731249,0.00248062015503876,8.0,0.0,5.366390729099296e-05,7
I3132940433,0.00062015503875969,2.0,0.0,1.7290203257809508e-06,1
I3133035077,0.00062015503875969,2.0,0.0,8.281986213790052e-05,8
I3133134087,0.00124031007751938,4.0,0.0,4.839661063222343e-06,2
I3133184724,0.0015503875968992248,5.0,0.0,0.0006151075699714693,8
I31419693,0.00062015503875969,2.0,5.770673437590167e-07,2.0347524461707485e-27,171
I3143470655,0.00062015503875969,3.0,0.0,0.002482700468358124,22
I315070680,0.000310077519379845,1.0,0.0,5.531396256349136e-06,2
I31512782,0.002170542635658915,7.0,0.0012309771566580063,0.0008122300178464972,42
I315704651,0.0018604651162790699,6.0,0.0,0.0007937627842950768,29
I315861787,0.0,0.0,0.0,6.792993660413522e-36,229
I31637741,0.00124031007751938,4.0,0.0,0.0012824808176207221,22
I31683504,0.000310077519379845,1.0,0.0,8.903712650577212e-31,230
I31746571,0.013023255813953489,48.0,0.007762657239102334,0.003219313292268017,27
I31882830,0.00062015503875969,2.0,0.0,2.926882192416745e-06,8
I3197470489,0.002170542635658915,9.0,0.0,0.003093361874366309,11
I32021983,0.000310077519379845,1.0,0.0,8.903712650577212e-31,231
I32389192,0.00434108527131783,14.0,3.181564621924712e-05,0.0032613283234793106,4
I32480017,0.000310077519379845,1.0,0.0,6.032198334389436e-05,1
I32589535,0.002170542635658915,7.0,0.0,0.0012250304553588671,10
I32597200,0.016434108527131785,53.0,0.001030420729167988,0.015249131645874627,20
I32971472,0.04806201550387597,177.0,0.011873559085900312,0.09423659442308384,16
I33162209,0.0,0.0,0.0,6.792993660413522e-36,232
I33213144,0.018914728682170544,65.0,0.007125581958279498,0.009214310695765735,1
I33256026,0.005581395348837209,19.0,0.0013906997607399838,0.0021599745689000736,42
I33339663,0.00124031007751938,4.0,0.0,0.00010815455465814817,7
I33434090,0.0,0.0,0.0,6.792993660413522e-36,233
I33459947,0.0,0.0,0.0,6.792993660413522e-36,234
I33501960,0.0009302325581395349,4.0,0.00025775674687902753,0.00015813738917828504,20
I335365548,0.00248062015503876,8.0,0.0,2.235555036072366e-05,7
I33552525,0.0015503875968992248,5.0,0.0,1.0324012114350876e-08,9
I33585257,0.0018604651162790699,6.0,0.0,1.173870794467355e-06,9
I33586908,0.00248062015503876,8.0,0.0005460552280485862,0.00046382995270398213,10
I338016083,0.00062015503875969,2.0,0.0,8.244593078370114e-10,10
I33849332,0.027596899224806203,92.0,0.010813909697428795,0.0589289724221928,16
I33858575,0.00248062015503876,8.0,0.0,0.0010640705381608918,21
I34034455,0.000310077519379845,1.0,0.0,1.86414011328434e-29,137
I34077901,0.002170542635658915,7.0,1.3636787711126119e-05,0.002792007121456103,42
I34250744,0.000310077519379845,1.0,0.0,0.00034321550367302675,22
I342702707,0.00062015503875969,2.0,0.0,0.00015665455978501432,10
I34352273,0.014263565891472868,53.0,0.0015481011844391648,0.006842348729212271,4
I34574549,0.000310077519379845,1.0,0.0,8.903712650577212e-31,80
I34809795,0.023255813953488372,80.0,0.002385778745216715,0.02937033145062568,21
I34931013,0.00434108527131783,14.0,4.744775937574138e-06,0.00635940096441307,4
I34949971,0.0,0.0,0.0,6.792993660413522e-36,235
I35364215,0.014573643410852714,47.0,0.0,0.012794120032578819,19
I354108,0.0,0.0,0.0,6.792993660413522e-36,236
I35440088,0.04279069767441861,157.0,0.014029953755477649,0.0761540508005019,16
I35601441,0.0009302325581395349,3.0,0.0,1.1670274245364564e-25,84
I35906937,0.00124031007751938,4.0,0.0,5.189802101894934e-05,20
I35913352,0.007751937984496125,25.0,0.0,0.0038046198840423844,1
I35928602,0.0031007751937984496,10.0,0.002061669263469714,0.0019172342010400243,11
I36080156,0.014573643410852714,47.0,0.0,0.012794120032578819,19
I36090812,0.00124031007751938,4.0,0.0,6.812948531439024e-06,8
I36234482,0.009612403100775194,31.0,2.9302350007526307e-05,0.005759246495501526,20
I36243813,0.000310077519379845,1.0,0.0,8.903712650577212e-31,101
I36258959,0.04558139534883721,171.0,0.015003294800901698,0.04835823572310692,21
I36373038,0.00992248062015504,32.0,3.9378186913425995e-05,0.007141642000009658,22
I36399199,0.004031007751937985,13.0,0.0007120532678701051,0.0017058581339784804,2
I36788626,0.007131782945736434,25.0,1.0808562946597454e-06,0.015752814210965756,16
I37461747,0.007751937984496125,26.0,0.002779397906221765,0.001071538115244973,2
I37574244,0.00062015503875969,2.0,0.0,8.772483085637694e-28,28
I37796252,0.009302325581395349,33.0,0.002815125122898419,0.0030826412913482768,2
I37802460,0.000310077519379845,1.0,0.0,8.903712650577212e-31,237
I37987034,0.005891472868217055,19.0,0.0007677038547193313,0.001396037320020896,2
I38192578,0.0015503875968992248,5.0,0.0,9.869359874633692e-05,1
I38335241,0.0,0.0,0.0,6.792993660413522e-36,238
I385303915,0.004651162790697674,15.0,0.0,0.00324978716480582,4
I38706770,0.00062015503875969,2.0,0.0,4.3169597125431103e-07,12
I38877650,0.0037209302325581397,12.0,0.003862435180854255,0.001763830263966538,27
I39063666,0.00248062015503876,8.0,5.770673437590167e-07,0.003140472673836252,21
I392282,0.005271317829457365,20.0,0.0005367723046949787,0.0032122407137789555,19
I3923682,0.0027906976744186047,10.0,0.0014852707813067542,0.00021113982908875736,2
I39244652,0.0,0.0,0.0,6.792993660413522e-36,239
I39333907,0.0009302325581395349,3.0,0.0005157058495393079,0.00012872121407322252,2
I39343248,0.00124031007751938,4.0,0.0,0.00020653092161701276,7
I39422238,0.005581395348837209,18.0,6.848588590525773e-05,0.005897202007273072,2
I39470171,0.0009302325581395349,3.0,0.0,0.0006576214888058397,11
I39498419,0.000310077519379845,1.0,0.0,1.3126975089382072e-07,27
I39521962,0.0,0.0,0.0,6.792993660413522e-36,240
I39555362,0.0027906976744186047,9.0,0.0015056579830462645,0.0011892974347095945,57
I39586589,0.005271317829457365,19.0,0.0021119794517009474,0.00036882059601672145,8
I39624965,0.025116279069767444,81.0,0.0,0.051706172641858096,22
I39804081,0.04248062015503876,149.0,0.003378415331363807,0.09954501742944695,16
I39815113,0.0,0.0,0.0,6.792993660413522e-36,241
I39824353,0.022945736434108528,74.0,0.0,0.05630595331590999,16
I40034438,0.0009302325581395349,3.0,0.0,0.0010093910606370892,56
I40120149,0.09426356589147288,344.0,0.09414612711778676,0.14139252519042542,22
I40246663,0.00124031007751938,4.0,0.0,0.0008864699097787519,2
I40347166,0.05054263565891473,192.0,0.006072159337254772,0.12228456589775048,16
I40413290,0.000310077519379845,1.0,0.0,0.0010099938060063591,16
I40527276,0.0009302325581395349,3.0,0.0,4.3697195382255905e-05,4
I40542001,0.0015503875968992248,9.0,9.117053378118645e-07,0.000637304150479311,2
I4068193,0.000310077519379845,1.0,0.0,8.903712650577212e-31,108
I40713646,0.00062015503875969,2.0,0.0,0.00014486029702285734,2
I4092182,0.00062015503875969,2.0,0.0,7.837682082168024e-08,4
I40963666,0.000310077519379845,1.0,0.0,8.903712650577212e-31,242
I4101805,0.0,0.0,0.0,6.792993660413522e-36,243
I4104125,0.000310077519379845,1.0,0.0,8.903712650577212e-31,244
I41047195,0.0015503875968992248,5.0,0.0,1.762221874454523e-05,7
I41073452,0.00062015503875969,2.0,0.0,0.0001884370204284981,42
I41156924,0.0009302325581395349,3.0,0.0,4.409953733991757e-05,27
I41198531,0.00124031007751938,4.0,0.0,0.00031367924569598735,2
I41461413,0.000310077519379845,1.0,0.0,1.3010717814202675e-07,42
I41641357,0.000310077519379845,1.0,0.0,0.0006417959472192478,16
I4164984,0.00124031007751938,4.0,0.0,2.094494338575688e-07,27
I41661162,0.000310077519379845,1.0,0.0,8.903712650577212e-31,150
I41725924,0.00062015503875969,2.0,0.0,3.2903387803523265e-06,2
I41910991,0.00062015503875969,2.0,0.0,8.772483085637694e-28,112
I4210085920,0.002170542635658915,10.0,0.0,0.0006435473894778807,2
I4210085930,0.0009302325581395349,3.0,0.0,0.0007129739832434113,11
I4210085935,0.00124031007751938,4.0,0.0,9.374160986994623e-05,13
I4210085960,0.00124031007751938,4.0,0.0,5.182642868357485e-24,23
I4210086143,0.00062015503875969,2.0,0.0,0.00032057386849433477,11
I4210086161,0.00062015503875969,2.0,0.0,0.0011127059439362359,22
I4210086193,0.000310077519379845,1.0,0.0,8.903712650577212e-31,197
I4210086253,0.0009302325581395349,3.0,0.0,0.0014630387887744902,21
I4210086490,0.006201550387596899,20.0,0.0,0.012729811962257436,16
I4210086516,0.0031007751937984496,10.0,0.0,0.00191268341069848,27
I4210086659,0.0009302325581395349,4.0,0.0,3.925555112218029e-06,2
I4210086768,0.002170542635658915,7.0,0.0005157058495393079,0.0042932369262217605,21
I4210086801,0.002170542635658915,7.0,0.0,0.0021032846786132077,21
I4210086826,0.00124031007751938,4.0,0.0,0.0001957341517343891,21
I4210086872,0.0037209302325581397,12.0,0.0,0.0023835858722981514,27
I4210086886,0.0009302325581395349,3.0,0.0,1.1670274245364564e-25,245
I4210086894,0.00062015503875969,2.0,0.0,0.0009441087290026402,16
I4210086933,0.0031007751937984496,10.0,5.770673437590167e-07,0.00322548623141877,4
I4210086947,0.0018604651162790699,6.0,0.0,2.5286725828796415e-06,29
I4210086984,0.000310077519379845,1.0,0.0,8.903712650577212e-31,213
I4210087039,0.025116279069767444,81.0,0.0,0.051706172641858096,22
I4210087053,0.00248062015503876,12.0,0.0006696811773705994,0.0012289275521443284,11
I4210087059,0.0,0.0,0.0,6.792993660413522e-36,246
I4210087077,0.0027906976744186047,9.0,0.0,0.0017921372980490675,27
I4210087094,0.0065116279069767444,21.0,0.0,0.007103279179125944,13
I4210087217,0.00062015503875969,2.0,0.0,4.4993007433132114e-05,2
I4210087266,0.0009302325581395349,3.0,0.0,5.362633963788596e-05,2
I4210087356,0.007751937984496125,27.0,0.0,0.012007690304297474,21
I4210087413,0.00248062015503876,8.0,0.0,0.0012208046317410657,42
I4210087516,0.0,0.0,0.0,6.792993660413522e-36,247
I4210087596,0.00248062015503876,8.0,0.0,0.001067775811288072,27
I4210087631,0.0009302325581395349,3.0,0.0,5.73097816795182e-06,11
I4210087660,0.00124031007751938,4.0,0.0,0.0006044278845404868,57
I4210087687,0.00124031007751938,4.0,0.0,8.925044836250423e-05,27
I4210087747,0.0015503875968992248,5.0,1.968857182660635e-05,0.0006829205658437315,11
I4210087819,0.00062015503875969,4.0,0.0,3.6730223853044427e-06,2
I4210087913,0.00062015503875969,2.0,0.0,8.772483085637694e-28,248
I4210087915,0.03906976744186047,150.0,0.017948241549495467,0.05843181216905355,21
I4210087978,0.00248062015503876,8.0,0.0,0.001903799740269407,19
I4210087982,0.000310077519379845,1.0,0.0,8.903712650577212e-31,97
I4210088086,0.0031007751937984496,10.0,0.0007142938795753013,5.515936294935956e-05,27
I4210088087,0.007751937984496125,25.0,0.0,0.0038046198840423853,1
I4210088191,0.0009302325581395349,3.0,0.0,1.520076594574267e-05,1
I4210088209,0.00062015503875969,2.0,0.0,0.0005316325766434513,16
I4210088227,0.0,0.0,0.0,6.792993660413522e-36,249
I4210088242,0.00124031007751938,4.0,0.0,0.002332746656328255,21
I4210088243,0.002170542635658915,7.0,0.0,0.0032274815739316513,1
I4210088462,0.00124031007751938,4.0,0.0,0.00059379729314154,22
I4210088511,0.000310077519379845,1.0,0.0,6.020990840908747e-08,10
I4210088543,0.00062015503875969,2.0,0.0,8.385532387699044e-05,1
I4210088668,0.011472868217054264,37.0,0.0005445119423190324,0.00655946115431907,7
I4210088687,0.0009302325581395349,3.0,0.0,4.022852511931736e-05,27
I4210088873,0.0031007751937984496,10.0,0.0,0.0008936595838363235,1
I4210088913,0.0009302325581395349,3.0,0.0,0.0002757375111276303,13
I4210088917,0.013953488372093025,45.0,0.0,0.015068672005062046,20
I4210088923,0.0065116279069767444,21.0,0.0,0.007103279179125944,13
I4210088963,0.0027906976744186047,9.0,0.001640782623527992,0.0005863568895401361,10
I4210088980,0.00062015503875969,2.0,0.0,9.404439061035218e-06,1
I4210089003,0.000310077519379845,1.0,0.0,0.0009305652307816275,21
I4210089019,0.0018604651162790699,6.0,0.0,2.5286725828796415e-06,29
I4210089431,0.000310077519379845,1.0,0.0,0.00010329109765054016,2
I4210089473,0.018294573643410854,59.0,0.0,0.043035062648612704,16
I4210089474,0.0031007751937984496,10.0,0.0,0.0007045900568954273,4
I4210089486,0.025116279069767444,81.0,0.0,0.051706172641858096,22
I4210089535,0.005891472868217055,19.0,0.0,0.004013787960735494,22
I4210089559,0.000310077519379845,1.0,0.0,1.0597312417106739e-05,2
I4210089592,0.014883720930232559,48.0,0.0,0.017506083578431142,21
I4210089896,0.0,0.0,0.0,6.792993660413522e-36,250
I4210089966,0.00248062015503876,8.0,0.0,0.0011229375570350464,4
I4210089985,0.00124031007751938,4.0,2.5006251562890725e-06,0.0014684198805066566,42
I4210090124,0.00124031007751938,4.0,0.0,5.182642868357485e-24,23
I4210090132,0.00124031007751938,4.0,0.0,0.0013321021359626872,7
I4210090176,0.005271317829457365,25.0,1.5872113771588636e-05,0.007165562309369049,2
I4210090236,0.0015503875968992248,5.0,0.0,0.0015235523723025341,22
I4210090238,0.00062015503875969,2.0,0.0,4.291511056590916e-05,2
I4210090411,0.008992248062015505,29.0,9.420777050184403e-06,0.016144593179021036,16
I4210090485,0.00062015503875969,2.0,0.0,0.0006545732649944571,16
I4210090508,0.00124031007751938,4.0,0.0,0.0003580268709881625,21
I4210090567,0.00434108527131783,14.0,0.0,0.005065991909391082,20
I4210090603,0.000310077519379845,1.0,0.0,3.466183641875527e-08,10
I4210090662,0.0009302325581395349,3.0,0.0,1.5378975673905878e-09,10
I4210090767,0.0009302325581395349,3.0,0.0,0.0008136856063209667,2
I4210090965,0.0015503875968992248,5.0,0.0002271492820271818,0.0005689188303947165,1
I4210091102,0.00124031007751938,4.0,0.0,8.379193646532923e-05,11
I4210091137,0.000310077519379845,1.0,0.0,2.204087187622655e-06,2
I4210091170,0.0031007751937984496,10.0,0.0,0.0006091526429776189,7
I4210091279,0.0009302325581395349,3.0,0.0,0.0010778504489370455,2
I4210091303,0.0018604651162790699,6.0,0.0,0.0006862004249708933,10
I4210091327,0.003410852713178295,11.0,0.0,0.006672735699354855,21
I4210091428,0.025116279069767444,81.0,0.0,0.051706172641858096,22
I4210091478,0.00062015503875969,2.0,0.0,8.359930886366905e-12,4
I4210091772,0.018294573643410854,59.0,0.0,0.043035062648612704,16
I4210091825,0.002170542635658915,7.0,0.0,1.5238509068648808e-07,9
I4210092024,0.018294573643410854,59.0,0.0,0.043035062648612704,16
I4210092032,0.0,0.0,0.0,6.792993660413522e-36,251
I4210092055,0.000310077519379845,1.0,0.0,5.815681706639456e-06,2
I4210092091,0.0031007751937984496,10.0,0.0,0.0008936595838363235,1
I4210092150,0.025116279069767444,81.0,0.0,0.051706172641858096,22
I4210092551,0.002170542635658915,7.0,7.604415896873628e-05,6.183483549134163e-05,4
I4210092658,0.0027906976744186047,9.0,0.0,0.004241662066017373,21
I4210092686,0.025116279069767444,81.0,0.0,0.051706172641858096,22
I4210092774,0.01550387596899225,51.0,0.0,0.018460881040624065,21
I4210092957,0.004651162790697674,15.0,0.0,0.002226383682040849,8
I4210093127,0.006201550387596899,20.0,0.0,0.005326114868534262,8
I4210093138,0.00496124031007752,16.0,0.0,0.002155306104756579,27
I4210093194,0.00248062015503876,8.0,0.0,0.0008423959545024049,2
I4210093646,0.0015503875968992248,5.0,0.0,0.0017236900092863743,16
I4210093649,0.0027906976744186047,9.0,0.0,0.0006671107049354964,4
I4210093674,0.00062015503875969,2.0,0.0,1.5138377960906377e-05,9
I4210093776,0.000310077519379845,1.0,0.0,1.1419861949674911e-06,2
I4210093799,0.006201550387596899,20.0,0.0,0.006346822648738299,16
I4210093804,0.00124031007751938,4.0,0.0,0.0009777215436643687,16
I4210093841,0.0027906976744186047,9.0,0.0,0.002667313323275563,1
I4210093987,0.00062015503875969,2.0,0.0,8.772483085637694e-28,149
I4210094059,0.018294573643410854,59.0,0.0,0.043035062648612704,16
I4210094062,0.0027906976744186047,15.0,0.0,0.003862497282387716,19
I4210094138,0.00248062015503876,8.0,0.0,2.235555036072366e-05,7
I4210094239,0.0015503875968992248,5.0,0.0,0.001902107185901116,11
I4210094264,0.000310077519379845,1.0,0.0,1.86414011328434e-29,137
I4210094323,0.0015503875968992248,5.0,0.0,0.0015235523723025341,22
I4210094343,0.00124031007751938,4.0,2.735428973238427e-05,7.53795744266859e-05,2
I4210094353,0.0,0.0,0.0,6.792993660413522e-36,252
I4210094618,0.0009302325581395349,3.0,0.0,1.334883148162815e-05,10
I4210094718,0.00248062015503876,8.0,0.0,0.001903799740269407,19
I4210094772,0.0018604651162790699,6.0,0.00103102698751611,0.001204469823888508,2
I4210094787,0.0037209302325581397,12.0,0.0,0.002593710016933629,4
I4210094843,0.00124031007751938,4.0,0.0,4.15907870175493e-05,12
I4210094877,0.0018604651162790699,6.0,0.0,0.001332490740093643,4
I4210094879,0.0031007751937984496,12.0,5.005524885494878e-06,0.0024265620852971055,2
I4210095000,0.000310077519379845,1.0,0.0,1.434110340264105e-05,2
I4210095018,0.0009302325581395349,3.0,0.0,0.001039816361456414,2
I4210095050,0.025116279069767444,81.0,0.0,0.051706172641858096,22
I4210095110,0.0009302325581395349,3.0,0.0,3.652325073452547e-05,2
I4210095242,0.00062015503875969,2.0,0.0,0.000588612943524192,16
I4210095273,0.000310077519379845,1.0,0.0,8.903712650577212e-31,253
I4210095297,0.00124031007751938,4.0,0.0,7.835848850367907e-05,27
I4210095398,0.00062015503875969,2.0,0.0,4.868127422233901e-07,2
I4210095451,0.0,0.0,0.0,6.792993660413522e-36,254
I4210095624,0.000310077519379845,1.0,0.0,0.00011114912823819874,1
I4210095647,0.0,0.0,0.0,6.792993660413522e-36,255
I4210095684,0.00248062015503876,8.0,0.0,0.002996392002965833,1
I4210095757,0.000310077519379845,1.0,0.0,0.0008233872823701292,4
I4210095787,0.003410852713178295,11.0,0.0,0.002991367628456537,19
I4210095963,0.0015503875968992248,5.0,0.0,1.762221874454523e-05,7
I4210095986,0.0015503875968992248,5.0,0.0,0.0021252413555427102,27
I4210096112,0.00062015503875969,2.0,1.9235578125300557e-07,0.00013579754848325204,2
I4210096190,0.00124031007751938,4.0,0.0,0.0009777215436643687,16
I4210096250,0.0015503875968992248,6.0,0.0,0.0004318306783578853,2
I4210096318,0.014883720930232559,48.0,0.0,0.017506083578431142,21
I4210096362,0.00248062015503876,8.0,0.0,0.0010640705381608918,21
I4210096386,0.0027906976744186047,10.0,1.183671640253397e-06,0.002873451213929222,4
I4210096456,0.00062015503875969,2.0,0.0,0.001248709116879443,13
I4210096607,0.000310077519379845,1.0,0.0,9.792871730140782e-05,2
I4210096640,0.00248062015503876,8.0,0.0,0.0018487112682280427,4
I4210096815,0.000310077519379845,1.0,0.0,5.20352341738975e-05,20
I4210096876,0.022945736434108528,74.0,0.0,0.05630595331590999,16
I4210096887,0.002170542635658915,7.0,0.0,0.0005123577047177302,2
I4210096899,0.002170542635658915,7.0,0.0009151158563859266,0.0005717633622196085,10
I4210097074,0.0027906976744186047,9.0,0.0,0.002667313323275563,1
I4210097113,0.000310077519379845,1.0,0.0,4.4090967266207986e-05,21
I4210097150,0.000310077519379845,1.0,0.0,1.5765163438563477e-05,29
I4210097159,0.01674418604651163,55.0,0.0020605151287821956,0.01846876138554553,21
I4210097214,0.00062015503875969,2.0,0.0,3.18846145533149e-05,2
I4210097224,0.0,0.0,0.0,6.792993660413522e-36,256
I4210097282,0.006201550387596899,33.0,3.987565878038497e-07,0.007578324521776387,22
I4210097418,0.000310077519379845,1.0,0.0,8.903712650577212e-31,215
I4210097606,0.0015503875968992248,5.0,0.0,8.528022186022858e-08,9
I4210097717,0.000310077519379845,1.0,0.0,8.903712650577212e-31,219
I4210097825,0.00248062015503876,8.0,0.0,0.002487855403258661,20
I4210097923,0.0027906976744186047,9.0,0.0,0.00012197503336179133,11
I4210097978,0.0027906976744186047,10.0,0.00022976527082223662,0.0005947171379248598,1
I4210098144,0.00062015503875969,2.0,0.0,8.772483085637694e-28,5
I4210098389,0.0009302325581395349,3.0,0.0,0.00012289004401909475,2
I4210098460,0.0015503875968992248,5.0,0.0,0.000254668756123877,2
I4210098529,0.0037209302325581397,12.0,0.0,0.0023835858722981514,27
I4210098582,0.0015503875968992248,5.0,0.0,7.863418615573555e-06,2
I4210098764,0.00124031007751938,4.0,0.0,8.379193646532923e-05,11
I4210098964,0.0015503875968992248,5.0,0.0,0.001720793771443458,2
I4210099144,0.005271317829457365,17.0,0.0,0.0015337626050767534,4
I4210099236,0.00062015503875969,4.0,0.0,0.0002065509682333041,2
I4210099312,0.00124031007751938,5.0,0.0006469275714454634,0.0015646431494818552,2
I4210099336,0.00496124031007752,18.0,1.1805747999411804e-05,0.007029632138002161,11
I4210099418,0.00496124031007752,16.0,0.0,0.0013882862148942364,27
I4210099446,0.00248062015503876,8.0,0.0,0.0008423959545024049,2
I4210099454,0.00124031007751938,4.0,0.0,0.002411169469912149,16
I4210099530,0.0015503875968992248,5.0,0.0,0.0006224791430985302,29
I4210099586,0.0009302325581395349,3.0,0.0,5.336757625056833e-06,7
I4210099672,0.00124031007751938,4.0,0.0,0.0009777215436643687,16
I4210099679,0.0015503875968992248,5.0,0.0,0.0036364250510893415,16
I4210099699,0.0009302325581395349,3.0,0.0,1.3235448930379148e-05,10
I4210099776,0.000310077519379845,1.0,0.0,8.903712650577212e-31,257
I4210099858,0.0031007751937984496,10.0,0.0,0.0006091526429776189,7
I4210100054,0.0,0.0,0.0,6.792993660413522e-36,258
I4210100151,0.00124031007751938,4.0,0.0,0.0016149629919464785,7
I4210100188,0.0009302325581395349,3.0,0.0,5.480936699364743e-05,4
I4210100231,0.0015503875968992248,5.0,0.0,1.2924262653214992e-22,64
I4210100255,0.010852713178294573,51.0,0.001124076261308834,0.01309286339628568,2
I4210100279,0.0031007751937984496,10.0,0.0,0.00191268341069848,27
I4210100430,0.00124031007751938,4.0,0.0,0.0031098799250318027,19
I4210100468,0.006201550387596899,21.0,7.877052513211552e-06,0.00415555736772421,4
I4210100501,0.0,0.0,0.0,6.792993660413522e-36,259
I4210100596,0.004651162790697674,15.0,0.0,0.00324978716480582,4
I4210100607,0.0015503875968992248,7.0,7.373638281365215e-07,0.00026518625332087593,21
I4210100650,0.003410852713178295,11.0,0.0,0.0007771556643827831,20
I4210100742,0.00682170542635659,22.0,0.0,0.005890724573478858,8
I4210100761,0.00062015503875969,2.0,0.0,8.772483085637694e-28,38
I4210100786,0.00124031007751938,4.0,0.0,3.7969966646327e-05,27
I4210100895,0.0037209302325581397,12.0,0.0,0.0023835858722981514,27
I4210101009,0.00062015503875969,2.0,0.0,5.598922566524371e-05,2
I4210101015,0.000310077519379845,2.0,0.0,3.548839950131311e-07,10
I4210101034,0.000310077519379845,1.0,0.0,8.903712650577212e-31,257
I4210101093,0.0,0.0,0.0,6.792993660413522e-36,260
I4210101451,0.00062015503875969,2.0,0.0,2.0632640416598727e-05,2
I4210101743,0.000310077519379845,1.0,0.0,0.001546720607941587,16
I4210101881,0.004651162790697674,16.0,0.0,0.008376214211696313,4
I4210101986,0.00062015503875969,2.0,0.0,0.0007199347937409978,16
I4210102012,0.00124031007751938,4.0,0.0,9.374160986994623e-05,13
I4210102029,0.022945736434108528,74.0,0.0,0.05630595331590999,16
I4210102181,0.002170542635658915,7.0,0.0,0.0014917322502176898,4
I4210102302,0.0027906976744186047,9.0,0.0,0.0026601434362081514,21
I4210102325,0.00124031007751938,4.0,0.0,0.00019573415173438914,21
I4210102371,0.0009302325581395349,3.0,0.0,0.001234478676792612,16
I4210102737,0.00124031007751938,4.0,0.0,1.5740860984237143e-06,27
I4210102957,0.007751937984496125,25.0,0.0,0.0038046198840423853,1
I4210103174,0.0009302325581395349,3.0,0.0,3.137883893568343e-05,19
I4210103203,0.025116279069767444,81.0,0.0,0.051706172641858096,22
I4210103237,0.00124031007751938,4.0,0.0,0.00019331475779000743,7
I4210103289,0.00124031007751938,4.0,0.0,0.0003580268709881625,21
I4210103330,0.021705426356589147,82.0,1.2865957914720101e-05,0.05408807996266645,16
I4210103346,0.0031007751937984496,10.0,0.0,0.0008936595838363235,1
I4210103399,0.0018604651162790699,6.0,0.0,0.0013533331645407857,27
I4210103532,0.014883720930232559,48.0,0.0,0.01750608357843114,21
I4210103621,0.0,0.0,0.0,6.792993660413522e-36,261
I4210103659,0.0009302325581395349,3.0,0.0,1.6562616783725864e-05,170
I4210103786,0.0037209302325581397,12.0,0.0,0.006224226254426629,16
I4210103894,0.0009302325581395349,3.0,0.0,5.6649220041516426e-05,2
I4210103986,0.0015503875968992248,6.0,1.0727373818146516e-05,0.0002449516733523472,2
I4210104064,0.00248062015503876,9.0,6.73103734245151e-05,6.878457790351317e-05,7
I4210104097,0.0018604651162790699,6.0,0.0,0.0006632461541034666,7
I4210104133,0.00124031007751938,4.0,0.0,0.0014191090775671896,56
I4210104194,0.00496124031007752,16.0,0.0,0.006777815534844642,11
I4210104195,0.0015503875968992248,5.0,0.0,0.0015792507590461455,13
I4210104201,0.00248062015503876,8.0,0.0,0.0002767464403898623,2
I4210104252,0.000310077519379845,1.0,0.0,3.4939137466798404e-07,2
I4210104301,0.00062015503875969,2.0,0.0,8.772483085637694e-28,106
I4210104323,0.0,0.0,0.0,6.792993660413522e-36,262
I4210104335,0.0015503875968992248,5.0,0.0,0.0006742917622753178,9
I4210104429,0.0031007751937984496,13.0,1.9235578125300557e-07,0.009173543219456215,21
I4210104455,0.000310077519379845,1.0,0.0,8.903712650577212e-31,155
I4210104568,0.0009302325581395349,3.0,0.0,2.5261414045945663e-07,21
I4210104655,0.000310077519379845,1.0,0.0,4.252102738234958e-06,4
I4210104735,0.020155038759689922,70.0,0.0005337193159748293,0.019216691956645826,19
I4210104988,0.00062015503875969,2.0,0.0,0.00020625900967000086,19
I4210105123,0.0009302325581395349,3.0,0.0,0.0014472639717935123,4
I4210105151,0.018294573643410854,59.0,0.0,0.043035062648612704,16
I4210105208,0.00248062015503876,8.0,0.0,0.002487855403258661,20
I4210105350,0.00124031007751938,4.0,0.0,7.875529535490294e-06,10
I4210105474,0.0009302325581395349,3.0,0.0,1.1670274245364564e-25,216
I4210105504,0.00682170542635659,22.0,0.0,0.005890724573478858,8
I4210105579,0.0015503875968992248,5.0,0.0,9.869359874633692e-05,1
I4210105608,0.0009302325581395349,3.0,0.0,0.0005826985376660536,2
I4210105615,0.00248062015503876,8.0,0.0,0.001648719872093135,4
I4210105654,0.002170542635658915,7.0,0.0,0.0028509031979342694,13
I4210105678,0.0009302325581395349,3.0,0.0,0.0008585918617984855,22
I4210105827,0.005271317829457365,17.0,0.0,0.0015337626050767534,4
I4210105905,0.000310077519379845,1.0,0.0,8.903712650577212e-31,141
I4210105972,0.0018604651162790699,6.0,0.0,0.0006862004249708933,10
I4210105984,0.0009302325581395349,3.0,0.0,0.0002908786225869888,2
I4210106004,0.00062015503875969,2.0,0.0,0.00011230247496127651,1
I4210106122,0.00806201550387597,27.0,0.0011336558912259835,0.002333388273102736,2
I4210106250,0.0009302325581395349,3.0,0.0,0.0015791550106567776,16
I4210106471,0.025116279069767444,81.0,0.0,0.051706172641858096,22
I4210106508,0.0,0.0,0.0,6.792993660413522e-36,263
I4210106521,0.000310077519379845,1.0,0.0,8.903712650577212e-31,264
I4210106526,0.00062015503875969,2.0,0.0,8.772483085637694e-28,265
I4210106542,0.0015503875968992248,5.0,0.0,0.0009481320787457821,2
I4210106640,0.00062015503875969,2.0,0.0,0.0006545732649944571,16
I4210106645,0.0031007751937984496,10.0,0.0,0.0007045900568954273,4
I4210106663,0.0009302325581395349,3.0,0.0,4.243296756483819e-05,27
I4210106670,0.00124031007751938,4.0,0.0,7.654234073231333e-06,4
I4210106700,0.000310077519379845,1.0,0.0,8.903712650577212e-31,144
I4210106879,0.0,0.0,0.0,6.792993660413522e-36,266
I4210107147,0.03906976744186047,129.0,0.0003471786545048193,0.06851551760753552,22
I4210107233,0.0015503875968992248,5.0,0.0,9.00966837659197e-05,13
I4210107353,0.000310077519379845,1.0,0.0,8.416657184125967e-05,13
I4210107374,0.00682170542635659,22.0,0.0,0.005890724573478858,8
I4210107427,0.00124031007751938,4.0,0.0,0.0006044278845404868,57
I4210107500,0.000310077519379845,1.0,0.0,0.00015485543332620358,20
I4210107658,0.002170542635658915,9.0,0.0009646749420804911,1.531236550459751e-05,8
I4210107712,0.0009302325581395349,3.0,0.0,1.811637781120247e-07,10
I4210107720,0.00124031007751938,4.0,0.0,0.0018197744605888194,11
I4210107935,0.0037209302325581397,12.0,0.0,0.0023835858722981514,27
I4210108141,0.0015503875968992248,5.0,0.0,1.2924262653214992e-22,64
I4210108542,0.0,0.0,0.0,6.792993660413522e-36,267
I4210108560,0.022945736434108528,74.0,0.0,0.05630595331590999,16
I4210108605,0.00062015503875969,2.0,0.0,8.772483085637694e-28,38
I4210108629,0.0009302325581395349,3.0,0.0,0.0010607518774903896,2
I4210108695,0.0,0.0,0.0,6.792993660413522e-36,268
I4210108711,0.025426356589147287,83.0,0.00016542834111607204,0.05228713014275664,22
I4210108719,0.0,0.0,0.0,6.792993660413522e-36,269
I4210108778,0.0,0.0,0.0,6.792993660413522e-36,270
I4210108865,0.0018604651162790699,6.0,0.0,0.0014558979295813451,2
I4210108985,0.000310077519379845,1.0,0.0,8.416657184125967e-05,13
I4210109170,0.002170542635658915,7.0,0.0,0.0021842306446298717,20
I4210109357,0.004651162790697674,17.0,0.0,0.0031580437276927885,7
I4210109528,0.00124031007751938,4.0,0.0,1.0440931953264348e-05,27
I4210109534,0.00124031007751938,4.0,0.0,7.835848850367907e-05,27
I4210109586,0.0,0.0,0.0,6.792993660413522e-36,271
I4210109591,0.0009302325581395349,3.0,0.0,5.865406945760517e-07,48
I4210109698,0.000310077519379845,1.0,0.0,3.7912942971301447e-07,2
I4210109708,0.0009302325581395349,3.0,0.0,4.3697195382255905e-05,4
I4210109712,0.000310077519379845,1.0,0.0,1.1007243334081866e-05,2
I4210109745,0.0009302325581395349,3.0,0.0,6.886577629398531e-07,4
I4210109791,0.00124031007751938,4.0,0.0,4.15907870175493e-05,12
I4210109940,0.0009302325581395349,4.0,0.0,6.407496546406267e-05,2
I4210110011,0.025116279069767444,81.0,0.0,0.051706172641858096,22
I4210110240,0.0065116279069767444,21.0,0.0,0.007103279179125944,13
I4210110326,0.00062015503875969,2.0,0.0,3.373983847819924e-05,4
I4210110458,0.0015503875968992248,5.0,0.0,0.0011481478226009073,2
I4210110459,0.025116279069767444,81.0,0.0,0.051706172641858096,22
I4210110558,0.000310077519379845,1.0,0.0,5.3485476409527e-06,2
I4210110563,0.005271317829457365,17.0,0.0,0.0015337626050767534,4
I4210110579,0.013953488372093025,45.0,0.0,0.015068672005062046,20
I4210110594,0.0027906976744186047,9.0,0.0,0.004363786029901071,42
I4210110652,0.0027906976744186047,11.0,0.0006831954414186486,0.003679711021147742,8
I4210110723,0.00062015503875969,2.0,0.0,4.8607135667353623e-05,1
I4210110767,0.0015503875968992248,5.0,0.0,0.0015235523723025341,22
I4210110792,0.003410852713178295,11.0,0.0,0.002307442614349223,4
I4210110840,0.00124031007751938,7.0,0.0,0.0011519044251396297,21
I4210110873,0.00062015503875969,2.0,0.0,8.772483085637694e-28,161
I4210110920,0.005271317829457365,17.0,0.0,0.0015337626050767534,4
I4210110925,0.000310077519379845,1.0,0.0,1.2699880188391195e-07,2
I4210110978,0.005891472868217055,19.0,0.0,0.004013787960735494,22
I4210110987,0.0015503875968992248,6.0,1.9235578125300557e-07,0.0041661669469961445,21
I4210110997,0.0031007751937984496,10.0,0.0,0.0010282754847224633,2
I4210111135,0.0018604651162790699,6.0,0.0,0.001332490740093643,4
I4210111138,0.004651162790697674,16.0,0.0,0.0022499129005383272,8
I4210111144,0.0009302325581395349,3.0,0.0,4.210276638689533e-05,12
I4210111164,0.00124031007751938,4.0,0.0,8.720416597056784e-05,22
I4210111179,0.0018604651162790699,11.0,9.686959424393786e-06,0.005791686699889973,2
I4210111460,0.027596899224806203,96.0,0.0007130324586370504,0.054499459450747315,22
I4210111466,0.0074418604651162795,24.0,0.0,0.0044930030050824585,20
I4210111564,0.00062015503875969,2.0,0.0,8.772483085637694e-28,265
I4210111590,0.00062015503875969,2.0,0.0,0.0010710482349948075,2
I4210111610,0.0,0.0,0.0,6.792993660413522e-36,272
I4210111621,0.00124031007751938,4.0,0.0,0.00026540951966789745,27
I4210111636,0.0009302325581395349,3.0,0.0,0.0013332966512227754,2
I4210111807,0.00062015503875969,2.0,0.0,6.32534976821994e-06,7
I4210111817,0.0015503875968992248,5.0,0.0,0.0002903163738282069,42
I4210111875,0.002170542635658915,7.0,0.00017390756419263554,4.617503848100617e-05,29
I4210111938,0.00248062015503876,8.0,0.0,0.002487855403258661,20
I4210111959,0.00062015503875969,2.0,0.0,0.0008116261437429276,29
I4210112040,0.00062015503875969,2.0,0.0,6.5056882481314425e-06,9
I4210112057,0.000310077519379845,1.0,0.0,8.903712650577212e-31,200
I4210112065,0.0,0.0,0.0,6.792993660413522e-36,273
I4210112104,0.0074418604651162795,24.0,0.0,0.009908047377658451,21
I4210112150,0.005581395348837209,40.0,5.016962891046798e-06,0.010858406698374679,2
I4210112164,0.0015503875968992248,5.0,0.0,0.0007991426129505956,29
I4210112270,0.0018604651162790699,12.0,5.770673437590167e-07,0.00340495942689554,2
I4210112279,0.0031007751937984496,10.0,0.0,0.004642472892968099,11
I4210112337,0.0018604651162790699,6.0,0.0030884644237982573,1.1983766122261087e-05,10
I4210112368,0.00124031007751938,4.0,0.0,0.0005873420308680294,7
I4210112497,0.00062015503875969,2.0,0.0,4.4552208783386755e-05,29
I4210112595,0.00062015503875969,2.0,0.0,2.688454864692646e-05,21
I4210112663,0.007751937984496125,25.0,0.0,0.0038046198840423853,1
I4210112675,0.0009302325581395349,3.0,0.0,1.1670274245364564e-25,216
I4210112678,0.0009302325581395349,4.0,0.00025775674687902753,0.00015813738917828504,20
I4210112728,0.0031007751937984496,10.0,0.0,0.0006091526429776189,7
I4210112925,0.0,0.0,0.0,6.792993660413522e-36,274
I4210112943,0.00496124031007752,16.0,0.0,0.002155306104756579,27
I4210113030,0.00062015503875969,2.0,0.0,4.4552208783386755e-05,29
I4210113058,0.004651162790697674,15.0,0.0,0.00324978716480582,4
I4210113075,0.0031007751937984496,10.0,0.0,0.0006091526429776189,7
I4210113145,0.00124031007751938,4.0,0.0,0.0002724424265915182,29
I4210113153,0.0027906976744186047,10.0,0.0007654761120627593,0.0032360738392407506,21
I4210113297,0.00248062015503876,9.0,0.0,0.005394688454632349,11
I4210113369,0.005581395348837209,26.0,0.005269813662173553,0.004267124023521873,2
I4210113402,0.00062015503875969,2.0,0.0,1.208915024940192e-05,2
I4210113436,0.00062015503875969,2.0,0.0,4.979338189394605e-05,1
I4210113480,0.004031007751937985,14.0,3.0852546188110855e-05,0.004420452095553389,2
I4210113489,0.0074418604651162795,24.0,0.0,0.0044930030050824585,20
I4210113490,0.00496124031007752,16.0,0.0,0.006777815534844642,11
I4210113520,0.0018604651162790699,6.0,0.00020425248809058835,0.001568399306714674,1
I4210113636,0.0009302325581395349,3.0,0.0,0.002698581729564877,21
I4210113654,0.000310077519379845,1.0,0.0,0.0007396732868887742,22
I4210113759,0.003410852713178295,11.0,0.0002156515854130017,0.0008338500176765692,29
I4210113769,0.025116279069767444,81.0,0.0,0.051706172641858096,22
I4210113821,0.0,0.0,0.0,6.792993660413522e-36,275
I4210114008,0.00682170542635659,22.0,0.0,0.005890724573478858,8
I4210114105,0.004031007751937985,15.0,2.0822513320637854e-06,0.0038962520535756125,2
I4210114115,0.0018604651162790699,6.0,0.00025102482722402374,0.0018152761053563736,13
I4210114166,0.00496124031007752,16.0,0.0,0.002155306104756579,27
I4210114246,0.0009302325581395349,3.0,0.0,7.556145883135731e-05,1
I4210114274,0.0009302325581395349,3.0,0.0,0.0010778504489370455,2
I4210114368,0.000310077519379845,1.0,0.0,0.00010759487489447794,21
I4210114434,0.0015503875968992248,5.0,0.0,0.0021252413555427102,27
I4210114444,0.00434108527131783,14.0,2.359564250036868e-06,0.005801647344920145,11
I4210114445,0.00062015503875969,2.0,0.0,0.0013546677670963315,22
I4210114506,0.00434108527131783,15.0,1.0459463572741894e-05,0.0045776696109934584,2
I4210114522,0.003410852713178295,11.0,0.0,0.00526152756791181,11
I4210114556,0.0009302325581395349,3.0,0.0,3.614472407512371e-06,2
I4210114611,0.00062015503875969,2.0,0.0,8.772483085637694e-28,159
I4210114634,0.004651162790697674,15.0,0.0,0.002226383682040849,8
I4210114817,0.0009302325581395349,3.0,0.0,0.00015978845674719644,7
I4210114908,0.002170542635658915,7.0,0.0,0.0047573417414983245,13
I4210114914,0.003410852713178295,11.0,0.0,0.0007771556643827831,20
I4210114974,0.000310077519379845,1.0,0.0,2.6720726135873823e-05,4
I4210115028,0.0037209302325581397,12.0,0.0,0.004458903573676097,11
I4210115078,0.000310077519379845,1.0,0.0,8.903712650577212e-31,134
I4210115082,0.00434108527131783,14.0,5.512748373599185e-05,0.0007943886760059784,7
I4210115098,0.00062015503875969,2.0,0.0,0.0009402206456051516,21
I4210115202,0.00062015503875969,2.0,0.0,0.001355382810277812,8
I4210115218,0.000310077519379845,1.0,0.0,4.5949189103376435e-05,7
I4210115305,0.00124031007751938,4.0,0.0,0.0003112648481337496,21
I4210115393,0.014883720930232559,48.0,0.0,0.01750608357843114,21
I4210115422,0.0031007751937984496,10.0,0.0,0.0007045900568954273,4
I4210115462,0.0009302325581395349,3.0,0.0,4.33092068179732e-06,16
I4210115513,0.0,0.0,0.0,6.792993660413522e-36,276
I4210115644,0.00434108527131783,15.0,8.86168928179431e-06,0.005387027135702012,2
I4210115756,0.000310077519379845,1.0,0.0,8.903712650577212e-31,277
I4210115812,0.006201550387596899,20.0,0.0,0.005326114868534262,8
I4210115827,0.000310077519379845,1.0,0.0,8.903712650577212e-31,278
I4210116048,0.00062015503875969,2.0,0.0,0.0001648871363826802,2
I4210116052,0.0031007751937984496,10.0,5.8578481518775455e-05,0.0023738228373177453,2
I4210116208,0.014883720930232559,48.0,0.0,0.01750608357843114,21
I4210116480,0.00248062015503876,8.0,1.5766304213415993e-06,0.0017860954776767535,11
I4210116691,0.00434108527131783,14.0,0.0,0.005065991909391082,20
I4210116730,0.014883720930232559,48.0,0.0,0.01750608357843114,21
I4210116741,0.0009302325581395349,3.0,0.0,4.3266104722832886e-06,8
I4210116886,0.000310077519379845,1.0,0.0,2.1196720935352307e-07,2
I4210116917,0.003410852713178295,11.0,0.0,0.0007771556643827831,20
I4210116924,0.00434108527131783,15.0,0.0006225884443394126,0.0002098538217419507,7
I4210117005,0.005581395348837209,23.0,0.002035924057242488,0.006214780401042889,11
I4210117018,0.013953488372093025,45.0,0.0,0.015068672005062046,20
I4210117043,0.0009302325581395349,3.0,0.0,1.811637781120247e-07,10
I4210117062,0.014573643410852714,47.0,0.0,0.012794120032578819,19
I4210117090,0.00062015503875969,2.0,0.0,0.0009545614885917724,21
I4210117182,0.00062015503875969,2.0,0.0,8.772483085637694e-28,279
I4210117279,0.000310077519379845,1.0,0.0,5.509575530053817e-05,8
I4210117425,0.0009302325581395349,3.0,0.0,0.0008917267076323464,27
I4210117448,0.0074418604651162795,24.0,0.0,0.0044930030050824585,20
I4210117453,0.005891472868217055,25.0,1.1926058437686345e-06,0.012300236498679389,21
I4210117750,0.0015503875968992248,5.0,0.0,0.0006224791430985302,29
I4210117802,0.0015503875968992248,5.0,0.0,0.0025607771373851503,27
I4210117911,0.022945736434108528,74.0,0.0,0.05630595331590999,16
I4210117923,0.0009302325581395349,3.0,0.0,0.00183079907013656,22
I4210118062,0.0009302325581395349,3.0,0.0,0.0015791603061294447,170
I4210118229,0.0074418604651162795,24.0,0.0,0.0044930030050824585,20
I4210118299,0.00248062015503876,8.0,0.0,0.0008778714517573481,4
I4210118384,0.000310077519379845,1.0,0.0,1.2367493887510736e-06,1
I4210118442,0.0015503875968992248,5.0,0.0,0.002298956706691647,22
I4210118524,0.022945736434108528,74.0,0.0,0.05630595331590999,16
I4210118560,0.0015503875968992248,5.0,0.0,0.002428829845793431,7
I4210118716,0.00062015503875969,2.0,0.0,7.290546876811156e-05,42
I4210118728,0.0009302325581395349,3.0,0.0,5.4464172420513894e-05,2
I4210118772,0.0015503875968992248,5.0,0.0,9.869359874633692e-05,1
I4210118921,0.00062015503875969,2.0,0.0,0.00011491721123253316,11
I4210119061,0.007751937984496125,25.0,0.0,0.0038046198840423853,1
I4210119063,0.00062015503875969,2.0,0.0,8.772483085637694e-28,33
I4210119109,0.00248062015503876,8.0,2.1473315708058606e-05,0.0018809564798055332,2
I4210119286,0.00248062015503876,8.0,0.0,0.0022086087484800743,27
I4210119369,0.00124031007751938,4.0,0.0,7.875529535490294e-06,10
I4210119461,0.004651162790697674,15.0,0.0,0.002226383682040849,8
I4210119589,0.0009302325581395349,3.0,0.0,0.000565059578007291,42
I4210119896,0.002170542635658915,8.0,1.9235578125300557e-07,0.0015567345430297962,4
I4210120004,0.0,0.0,0.0,6.792993660413522e-36,280
I4210120052,0.025116279069767444,81.0,0.0,0.051706172641858096,22
I4210120069,0.0009302325581395349,3.0,0.0,0.000287681197959187,2
I4210120196,0.00248062015503876,8.0,0.0,5.366390729099296e-05,7
I4210120228,0.0015503875968992248,5.0,0.0,9.00966837659197e-05,13
I4210120238,0.00062015503875969,2.0,0.0,0.00011230247496127651,1
I4210120266,0.00062015503875969,2.0,0.0,0.00044687424519712697,16
I4210120282,0.000310077519379845,1.0,0.0,4.5464030321483025e-07,7
I4210120485,0.00124031007751938,4.0,1.4747276562730425e-06,0.001041849919236984,2
I4210120532,0.0009302325581395349,3.0,0.0,0.0002411213097451246,2
I4210120578,0.022945736434108528,74.0,0.0,0.05630595331590999,16
I4210120609,0.003410852713178295,11.0,0.0,0.002307442614349223,4
I4210120648,0.000310077519379845,1.0,0.0,5.3485476409527e-06,2
I4210120676,0.002170542635658915,7.0,0.0,0.0021842306446298717,20
I4210120726,0.00062015503875969,2.0,0.0,0.0005616653182565772,22
I4210120768,0.00062015503875969,2.0,0.0,5.685745005994999e-06,10
I4210121186,0.00434108527131783,14.0,0.0,0.0074406323903322405,21
I4210121220,0.014573643410852714,47.0,0.0,0.012794120032578819,19
I4210121317,0.0018604651162790699,6.0,0.0,0.0007045817965031823,27
I4210121368,0.0009302325581395349,3.0,0.0,1.1670274245364564e-25,138
I4210121412,0.0009302325581395349,3.0,0.0,0.00026600655266548814,21
I4210121577,0.00124031007751938,4.0,0.0,0.00021884761229471386,29
I4210121611,0.01736434108527132,58.0,2.6774068047961175e-05,0.019010142209766417,20
I4210121739,0.0009302325581395349,3.0,0.0,0.0011892344723753471,20
I4210121771,0.00124031007751938,4.0,0.0,4.839661063222343e-06,2
I4210121775,0.007751937984496125,25.0,0.0,0.0038046198840423853,1
I4210121800,0.011472868217054264,40.0,0.00020738529562876282,0.015239661056703194,8
I4210121828,0.0,0.0,0.0,6.792993660413522e-36,281
I4210121834,0.014883720930232559,48.0,0.0,0.01750608357843114,21
I4210121988,0.002170542635658915,7.0,0.0,0.0028509031979342694,13
I4210122261,0.0015503875968992248,5.0,0.0,0.0020744444922583295,27
I4210122302,0.0037209302325581397,15.0,0.0005162198669325456,0.0037399743026012722,2
I4210122570,0.013953488372093025,45.0,0.0,0.015068672005062046,20
I4210122644,0.0009302325581395349,3.0,0.0,0.0008136856063209667,2
I4210122729,0.0,0.0,0.0,6.792993660413522e-36,282
I4210122849,0.000310077519379845,1.0,0.0,0.00058805613636631,16
I4210122924,0.0,0.0,0.0,6.792993660413522e-36,283
I4210122974,0.0009302325581395349,3.0,0.0,4.022852511931736e-05,27
I4210123005,0.0009302325581395349,3.0,0.0,2.266023286260299e-06,20
I4210123095,0.00062015503875969,2.0,0.0,0.0009413414329648156,22
I4210123185,0.006201550387596899,26.0,0.0018223476379360078,0.0025029939349911945,2
I4210123225,0.0037209302325581397,12.0,0.0,0.00037639249017424036,13
I4210123264,0.0018604651162790699,6.0,0.0,1.36139716821277e-05,2
I4210123529,0.0,0.0,0.0,6.792993660413522e-36,284
I4210123583,0.000310077519379845,1.0,0.0,3.1557091315258994e-05,2
I4210123686,0.00062015503875969,2.0,0.0,6.233123942129333e-05,2
I4210123817,0.00062015503875969,2.0,0.0,0.00011230247496127651,1
I4210123907,0.0031007751937984496,11.0,7.117163906361206e-07,0.004181785162949417,1
I4210123940,0.0009302325581395349,3.0,0.0,0.0008136856063209667,2
I4210123971,0.00062015503875969,2.0,0.0,0.0007473514012280317,22
I4210124065,0.0009302325581395349,3.0,0.0,1.1670274245364564e-25,245
I4210124148,0.0015503875968992248,5.0,0.0,0.0011693335588136458,2
I4210124175,0.029147286821705427,96.0,0.00012306727535631049,0.061570851241874204,16
I4210124246,0.000310077519379845,1.0,0.0,8.903712650577212e-31,285
I4210124352,0.00062015503875969,2.0,0.0,8.847782771939346e-05,8
I4210124522,0.0,0.0,0.0,6.792993660413522e-36,286
I4210124557,0.013953488372093025,45.0,0.0,0.015068672005062046,20
I4210124601,0.0009302325581395349,3.0,0.0,0.00024235872615049545,2
I4210124755,0.00062015503875969,2.0,0.0,2.7683575301272298e-05,1
I4210124799,0.00434108527131783,14.0,3.916043113342438e-05,0.0013177313593112094,4
I4210124809,0.0009302325581395349,3.0,0.0,0.00021713066085965132,21
I4210124851,0.0027906976744186047,9.0,0.0,0.004363786029901071,42
I4210124929,0.00124031007751938,4.0,0.0,0.0003112648481337496,21
I4210124949,0.000310077519379845,1.0,0.0,0.0015236638764442,21
I4210124956,0.00248062015503876,8.0,0.0,0.001903799740269407,19
I4210125098,0.00248062015503876,8.0,0.0005157058495393079,3.488802467338532e-05,2
I4210125099,0.030697674418604652,101.0,0.004058161040134692,0.054178341031199936,22
I4210125143,0.00124031007751938,4.0,0.0,7.581630164846498e-05,9
I4210125364,0.000310077519379845,1.0,0.0,8.903712650577212e-31,287
I4210125514,0.0018604651162790699,8.0,1.0964279531421318e-06,0.0011598250135842266,10
I4210125521,0.00062015503875969,2.0,0.0,0.0006091756287118645,16
I4210125549,0.000310077519379845,1.0,0.0,1.7022682667683465e-05,42
I4210125689,0.000310077519379845,1.0,0.0,4.122469458642772e-05,20
I4210125713,0.00062015503875969,2.0,0.0,0.00011785564970625256,1
I4210125796,0.00062015503875969,2.0,0.0,0.0015520848390702352,21
I4210125838,0.0009302325581395349,3.0,0.0,7.508003883401523e-06,2
I4210125843,0.015813953488372095,51.0,2.1871553191883277e-05,0.018276217738405067,21
I4210125919,0.00062015503875969,2.0,0.0,8.772483085637694e-28,68
I4210125929,0.025116279069767444,81.0,0.0,0.051706172641858096,22
I4210126060,0.00124031007751938,4.0,0.0,4.425737272553601e-05,7
I4210126245,0.0027906976744186047,9.0,0.0,0.004173929134766571,2
I4210126298,0.003410852713178295,11.0,0.0,0.002600945221808062,21
I4210126328,0.007751937984496125,25.0,0.001298349695893934,0.007124591338526143,13
I4210126337,0.0015503875968992248,5.0,0.0,8.610084349261524e-05,27
I4210126360,0.004031007751937985,21.0,8.549145833466914e-08,0.009804336730943915,11
I4210126371,0.00062015503875969,2.0,0.0,0.000128707771307323,2
I4210126463,0.007131782945736434,26.0,0.00029347137261615897,0.008595276582650087,4
I4210126505,0.00124031007751938,4.0,1.6657094676599555e-06,0.0002597958622088179,4
I4210126530,0.0015503875968992248,5.0,0.0,0.00010387562813351993,2
I4210126580,0.0018604651162790699,6.0,0.0,0.001032177307086262,2
I4210126764,0.004651162790697674,15.0,0.0,0.00324978716480582,4
I4210126829,0.0027906976744186047,11.0,0.000339477751896099,1.462877723225832e-05,10
I4210126846,0.00062015503875969,2.0,0.0,2.7683575301272298e-05,1
I4210126932,0.0,0.0,0.0,6.792993660413522e-36,288
I4210126939,0.007751937984496125,25.0,0.0,0.005637022635039413,1
I4210126996,0.00062015503875969,2.0,0.0,8.772483085637694e-28,248
I4210127055,0.002170542635658915,7.0,0.0,0.004491259925090211,21
I4210127074,0.003410852713178295,13.0,1.4431839783426553e-05,0.0010860212263127716,2
I4210127126,0.0009302325581395349,3.0,0.0,5.507825587260858e-05,2
I4210127441,0.00124031007751938,4.0,0.0,4.850109579504613e-06,7
I4210127473,0.025116279069767444,81.0,0.0,0.051706172641858096,22
I4210127478,0.000310077519379845,1.0,0.0,8.903712650577212e-31,289
I4210127487,0.0009302325581395349,3.0,0.0,0.0002252642962973397,2
I4210127509,0.012093023255813955,47.0,0.00017251940964769664,0.019152852983966562,13
I4210127558,0.006201550387596899,20.0,0.0011087201258250588,0.005710394264849359,13
I4210127572,0.00248062015503876,11.0,1.236572879483607e-07,0.0018632940060372728,11
I4210127693,0.00062015503875969,2.0,0.0,0.0006091756287118645,16
I4210127700,0.000310077519379845,1.0,0.0,3.5840335704433453e-07,2
I4210127762,0.0009302325581395349,3.0,0.0,2.5261414045945663e-07,21
I4210127875,0.008372093023255815,30.0,0.0011417724156166772,0.00762544706784643,2
I4210128075,0.000310077519379845,1.0,0.0,8.405709116998661e-07,2
I4210128139,0.014573643410852714,47.0,0.0,0.012794120032578819,19
I4210128169,0.007751937984496125,25.0,0.0,0.0038046198840423853,1
I4210128191,0.000310077519379845,1.0,0.0,8.903712650577212e-31,290
I4210128276,0.000310077519379845,1.0,0.0,8.903712650577212e-31,291
I4210128309,0.00062015503875969,2.0,0.0,0.000517595220838029,11
I4210128481,0.00248062015503876,8.0,0.0,0.001648719872093135,4
I4210128482,0.0018604651162790699,6.0,0.0,0.0037386343843864947,21
I4210128491,0.00124031007751938,4.0,0.0,0.0017588195335262763,2
I4210128565,0.00868217054263566,40.0,5.3942414488618686e-05,0.016863407277762026,11
I4210128584,0.0037209302325581397,12.0,2.4262863405341325e-05,0.003609674948460677,4
I4210128585,0.00062015503875969,2.0,0.0,0.0009441087290026402,16
I4210128618,0.00124031007751938,4.0,0.0,0.001946273038147287,2
I4210128646,0.00062015503875969,2.0,0.0,7.878745107087205e-06,2
I4210128676,0.000310077519379845,1.0,0.0,0.0009344125342600028,16
I4210128801,0.0009302325581395349,3.0,0.0,0.0008656910728801205,4
I4210128808,0.000310077519379845,1.0,0.0,8.378300529730615e-08,10
I4210128818,0.00062015503875969,2.0,0.0,0.0010291183726703563,2
I4210128847,0.022945736434108528,74.0,0.0,0.05630595331590999,16
I4210128866,0.00062015503875969,2.0,0.0,8.772483085637694e-28,248
I4210128910,0.002170542635658915,8.0,2.1998132968183177e-06,0.00207815753865692,2
I4210128921,0.00248062015503876,8.0,0.0,0.0008423959545024049,2
I4210128947,0.000310077519379845,1.0,0.0,0.0006473337092547028,22
I4210128994,0.014573643410852714,47.0,0.0,0.012794120032578819,19
I4210129011,0.0009302325581395349,3.0,0.0,0.00011732258201020361,8
I4210129185,0.0,0.0,0.0,6.792993660413522e-36,292
I4210129267,0.000310077519379845,1.0,0.0,8.903712650577212e-31,156
I4210129564,0.00124031007751938,4.0,0.0,0.0003580268709881625,21
I4210129636,0.000310077519379845,1.0,0.0,8.903712650577212e-31,293
I4210129656,0.00062015503875969,2.0,0.0,0.00017000254249866225,57
I4210129763,0.00062015503875969,2.0,0.0,0.0006123793384656568,16
I4210129778,0.022945736434108528,74.0,0.0,0.05630595331590999,16
I4210129794,0.00124031007751938,4.0,0.0,0.0002658954332855189,11
I4210130048,0.003410852713178295,11.0,0.0,0.0007771556643827829,20
I4210130063,0.0015503875968992248,5.0,0.0,0.002428829845793431,7
I4210130157,0.00062015503875969,2.0,3.0296035547348377e-06,3.325160106330197e-06,21
I4210130203,0.000310077519379845,1.0,0.0,0.00011012385773588024,16
I4210130415,0.002170542635658915,7.0,0.0,1.5238509068648808e-07,9
I4210130445,0.0,0.0,0.0,6.792993660413522e-36,294
I4210130456,0.0,0.0,0.0,6.792993660413522e-36,295
I4210130649,0.00496124031007752,16.0,1.112923918625344e-05,0.003966582533867686,1
I4210130660,0.000310077519379845,1.0,0.0,8.903712650577212e-31,237
I4210130692,0.0009302325581395349,3.0,0.0,1.3838730115186137e-05,2
I4210130704,0.00062015503875969,2.0,0.0,0.0014565613290103902,21
I4210130807,0.018294573643410854,59.0,0.0,0.043035062648612704,16
I4210130959,0.0009302325581395349,3.0,0.0,0.0006207154101911263,2
I4210131125,0.00062015503875969,2.0,0.0,0.0005764554086402096,27
I4210131147,0.00124031007751938,4.0,0.0005157058495393079,6.572706738849382e-06,9
I4210131288,0.00062015503875969,2.0,0.0,8.772483085637694e-28,31
I4210131308,0.00124031007751938,4.0,0.0,0.0013321021359626872,7
I4210131323,0.000310077519379845,1.0,0.0,8.903712650577212e-31,289
I4210131439,0.022945736434108528,74.0,0.0,0.05630595331590999,16
I4210131560,0.00124031007751938,4.0,0.0,0.0018197744605888194,11
I4210131673,0.000310077519379845,1.0,0.0,8.903712650577212e-31,296
I4210131870,0.0031007751937984496,10.0,4.677443708751312e-05,0.0014023658348117567,2
I4210131893,0.0015503875968992248,5.0,0.0,0.00031734023457910277,21
I4210131908,0.000310077519379845,1.0,0.0,8.903712650577212e-31,297
I4210131959,0.0009302325581395349,3.0,0.0015459634139304052,7.725979372221354e-06,10
I4210132248,0.000310077519379845,1.0,0.0,2.2726847998278446e-09,8
I4210132358,0.0015503875968992248,5.0,0.0,0.00023318378917460572,4
I4210132431,0.0031007751937984496,10.0,0.0,0.0006091526429776189,7
I4210132672,0.00496124031007752,16.0,0.0,0.006777815534844642,11
I4210132687,0.0009302325581395349,3.0,0.0,1.7287685875751572e-25,298
I4210132712,0.000310077519379845,1.0,0.0,8.903712650577212e-31,231
I4210132950,0.0031007751937984496,10.0,0.0,0.0008936595838363235,1
I4210132990,0.00062015503875969,2.0,0.0,5.858725964636572e-06,10
I4210133081,0.014573643410852714,47.0,0.0,0.012794120032578819,19
I4210133112,0.0015503875968992248,5.0,0.0,0.002354307800845482,11
I4210133197,0.00124031007751938,4.0,0.0,7.654234073231333e-06,4
I4210133247,0.0018604651162790699,6.0,0.0,0.0003205224516366471,1
I4210133311,0.0015503875968992248,5.0,0.0,0.0006151075699714693,8
I4210133362,0.018294573643410854,59.0,0.0,0.043035062648612704,16
I4210133377,0.002170542635658915,7.0,0.0,0.003014792289047392,11
I4210133436,0.00496124031007752,17.0,3.2847359892176965e-05,0.0030967994755032105,2
I4210133469,0.006201550387596899,20.0,0.0,0.006346822648738299,16
I4210133638,0.00062015503875969,2.0,0.0,8.772483085637694e-28,40
I4210133758,0.000310077519379845,1.0,0.0,8.903712650577212e-31,299
I4210133851,0.026046511627906978,84.0,0.00030287354331168996,0.05193484219975336,22
I4210133912,0.002170542635658915,7.0,0.0,0.0006158242382935982,19
I4210133939,0.00062015503875969,2.0,0.0,1.8664664026811807e-05,2
I4210133976,0.00248062015503876,8.0,0.0,0.002996392002965833,1
I4210133994,0.00124031007751938,4.0,0.0,8.907135064183291e-05,42
I4210134124,0.0,0.0,0.0,6.792993660413522e-36,300
I4210134201,0.0031007751937984496,10.0,0.0,0.0007045900568954273,4
I4210134249,0.0027906976744186047,9.0,0.0,0.0006671107049354964,4
I4210134421,0.0027906976744186047,9.0,0.0,0.0006671107049354964,4
I4210134473,0.0009302325581395349,3.0,0.0,0.00011732258201020361,8
I4210134516,0.00062015503875969,2.0,0.0,8.772483085637694e-28,279
I4210134534,0.00496124031007752,17.0,3.4075787347772397e-05,0.005922244200006023,11
I4210134562,0.0009302325581395349,3.0,0.0,0.0015791550106567776,16
I4210134579,0.0031007751937984496,11.0,1.9235578125300557e-07,0.005600934897712295,21
I4210134591,0.0015503875968992248,6.0,0.0,0.00011436365662324932,8
I4210134673,0.022945736434108528,74.0,0.0,0.05630595331590999,16
I4210134772,0.0015503875968992248,5.0,0.0,8.610084349261524e-05,27
I4210134900,0.0027906976744186047,9.0,0.0,0.00309824607490595,42
I4210134929,0.00062015503875969,2.0,0.0,4.074457072403985e-08,2
I4210134970,0.00062015503875969,2.0,0.0,0.00023795881392599965,2
I4210134982,0.0015503875968992248,5.0,0.0,0.0011693335588136458,2
I4210135031,0.0031007751937984496,10.0,0.0,0.004332598189298948,16
I4210135055,0.00248062015503876,8.0,0.0,5.366390729099296e-05,7
I4210135124,0.0015503875968992248,5.0,0.0,1.762221874454523e-05,7
I4210135308,0.0009302325581395349,3.0,0.0,1.1670274245364564e-25,245
I4210135449,0.000310077519379845,1.0,0.0,5.529645079465123e-06,2
I4210135459,0.0018604651162790699,6.0,0.0,0.0002234032485146348,12
I4210135511,0.0015503875968992248,5.0,0.0,5.36630534391035e-05,29
I4210135521,0.00496124031007752,16.0,0.0,0.008047583230976953,20
I4210135642,0.00062015503875969,2.0,0.0,8.772483085637694e-28,131
I4210135723,0.0009302325581395349,3.0,0.0,0.00026110548805598834,12
I4210135837,0.03782945736434109,136.0,4.4589389156392e-05,0.1013711134576349,16
I4210135925,0.00062015503875969,2.0,0.0,8.772483085637694e-28,159
I4210135981,0.000310077519379845,1.0,0.0,8.903712650577212e-31,120
I4210135985,0.0037209302325581397,12.0,0.0,0.005062596900053615,2
I4210136001,0.000310077519379845,1.0,0.0,5.744920178858129e-07,48
I4210136150,0.00062015503875969,2.0,0.0,2.2614014440893326e-05,4
I4210136376,0.0015503875968992248,6.0,3.677659341575321e-06,0.0009468410941743279,42
I4210136431,0.0009302325581395349,3.0,0.0,7.090058588913262e-05,21
I4210136460,0.00682170542635659,22.0,0.0,0.005890724573478858,8
I4210136473,0.0031007751937984496,10.0,0.0,0.00191268341069848,27
I4210136793,0.007751937984496125,34.0,0.006657586369384524,0.004441378535439745,2
I4210136798,0.00062015503875969,2.0,0.0,0.0016016895280717266,1
I4210136804,0.00062015503875969,2.0,0.0,0.001125259085648525,16
I4210136987,0.0027906976744186047,9.0,0.0,0.0026601434362081514,21
I4210137009,0.00062015503875969,2.0,0.0,8.772483085637694e-28,163
I4210137033,0.00248062015503876,8.0,0.0,0.0016806663011914808,27
I4210137075,0.0018604651162790699,6.0,0.0,0.0006632461541034666,7
I4210137180,0.00062015503875969,2.0,0.0,0.0008141995596166024,12
I4210137199,0.003410852713178295,17.0,1.6542909453637136e-05,0.006033582539412686,2
I4210137217,0.0009302325581395349,3.0,0.0,0.002319549964657021,22
I4210137229,0.0009302325581395349,3.0,0.0,1.9576457792435515e-06,42
I4210137247,0.00062015503875969,2.0,0.0,8.772483085637694e-28,73
I4210137306,0.016434108527131785,59.0,0.003760115813425834,0.02042361252449007,1
I4210137377,0.00062015503875969,2.0,0.0,0.0009402206456051516,21
I4210137384,0.0009302325581395349,3.0,0.0,8.222360309448431e-10,4
I4210137396,0.0018604651162790699,6.0,0.0,0.002373275772607346,4
I4210137550,0.0,0.0,0.0,6.792993660413522e-36,301
I4210137597,0.000310077519379845,1.0,0.0,6.084214502029298e-26,298
I4210137693,0.000310077519379845,1.0,0.0,0.00013500553952259741,13
I4210137766,0.00062015503875969,2.0,0.0,0.0002792612337148654,20
I4210138233,0.004031007751937985,13.0,0.0,0.0041347332238663445,2
I4210138251,0.00496124031007752,16.0,0.0,0.002159700071607699,2
I4210138270,0.0031007751937984496,10.0,0.0,0.0016956521998676816,19
I4210138501,0.0027906976744186047,10.0,0.00022976527082223662,0.0005947171379248598,1
I4210138517,0.00248062015503876,8.0,0.0,0.001903799740269407,19
I4210138519,0.00062015503875969,2.0,0.0,8.426921962624506e-06,42
I4210138528,0.0009302325581395349,3.0,0.0,0.0006207154101911263,2
I4210138560,0.006201550387596899,20.0,0.0,0.005326114868534262,8
I4210138565,0.000310077519379845,1.0,0.0,2.72258092334109e-05,16
I4210138652,0.0009302325581395349,3.0,0.0,1.7287685875751572e-25,298
I4210138675,0.0027906976744186047,9.0,0.0,0.002667313323275563,1
I4210138838,0.0,0.0,0.0,6.792993660413522e-36,302
I4210138900,0.025116279069767444,81.0,0.0,0.051706172641858096,22
I4210138910,0.0018604651162790699,6.0,0.0,0.0006632461541034666,7
I4210139231,0.00248062015503876,8.0,0.0,0.0002797390055232096,1
I4210139252,0.00496124031007752,16.0,0.0,0.0013882862148942364,27
I4210139716,0.000310077519379845,1.0,0.0,0.0005261726021789869,16
I4210139765,0.0009302325581395349,3.0,0.0,3.928289041880711e-05,2
I4210140036,0.025736434108527134,83.0,0.0003117857965206673,0.051779757701535895,22
I4210140135,0.013953488372093025,45.0,0.0,0.015068672005062046,20
I4210140335,0.00496124031007752,16.0,0.0,0.002155306104756579,27
I4210140341,0.007131782945736434,34.0,3.042506332502594e-05,0.02021209284326377,20
I4210140379,0.0027906976744186047,9.0,0.0005623520567355197,0.0005663032494017976,2
I4210140386,0.00062015503875969,2.0,0.0,2.1508692471425774e-07,2
I4210140493,0.0009302325581395349,3.0,0.0,4.210276638689533e-05,12
I4210140509,0.000310077519379845,1.0,0.0,0.00018049857975054815,21
I4210140583,0.018294573643410854,59.0,0.0,0.043035062648612704,16
I4210140619,0.0009302325581395349,3.0,0.0,0.00010349927668930571,7
I4210140627,0.00124031007751938,4.0,0.0,0.0017697694550923555,1
I4210140791,0.00868217054263566,30.0,2.363512112105059e-05,0.007300876850273749,2
I4210140816,0.000310077519379845,1.0,0.0,8.903712650577212e-31,296
I4210140884,0.037519379844961245,130.0,0.003471829305341588,0.06684663953783652,22
I4210141030,0.00124031007751938,4.0,0.0,0.0015721039183743933,21
I4210141282,0.000310077519379845,1.0,0.0,1.2035657076694656e-06,2
I4210141458,0.0009302325581395349,3.0,0.0,0.00011348000791915519,1
I4210141639,0.004031007751937985,13.0,0.0,0.0041347332238663445,2
I4210141736,0.0015503875968992248,5.0,0.0,0.00015066656323766417,27
I4210141749,0.000310077519379845,1.0,0.0,2.0064320012308814e-07,2
I4210141755,0.0009302325581395349,3.0,0.0,0.00010349927668930571,7
I4210141946,0.003410852713178295,11.0,0.0,0.002307442614349223,4
I4210142002,0.0009302325581395349,3.0,0.0,1.811637781120247e-07,10
I4210142044,0.0,0.0,0.0,6.792993660413522e-36,303
I4210142152,0.00124031007751938,4.0,7.968170600934056e-06,0.001153604587835971,1
I4210142192,0.00062015503875969,2.0,0.0,0.00011230247496127651,1
I4210142260,0.000310077519379845,1.0,0.0,0.00034321550367302675,22
I4210142372,0.0015503875968992248,5.0,0.0,0.0024300135761677376,8
I4210142428,0.0009302325581395349,3.0,0.0,2.4935766632093195e-07,9
I4210142469,0.008992248062015505,31.0,6.43491916935278e-05,0.004604582195002144,4
I4210142514,0.000310077519379845,1.0,0.0,6.194026305743168e-05,2
I4210142583,0.002170542635658915,7.0,3.386244496522063e-05,0.0007709616779951593,11
I4210142901,0.0031007751937984496,12.0,0.0,0.0019112819554873174,19
I4210143099,0.000310077519379845,1.0,0.0,8.903712650577212e-31,146
I4210143116,0.00124031007751938,4.0,0.0,0.0016248758010421617,2
I4210143161,0.0009302325581395349,3.0,0.0,1.14564079024843e-05,2
I4210143228,0.0037209302325581397,12.0,0.0,0.006224226254426629,16
I4210143256,0.0015503875968992248,5.0,0.0,0.00011220478340100707,21
I4210143353,0.00124031007751938,4.0,0.0,0.0016248758010421617,2
I4210143371,0.00062015503875969,2.0,0.0,0.0005901446578999151,29
I4210143523,0.0031007751937984496,10.0,0.0,0.00191268341069848,27
I4210143529,0.0009302325581395349,3.0,0.0,0.00011348000791915519,1
I4210143601,0.0009302325581395349,3.0,0.0,0.0013332966512227754,2
I4210143645,0.0009302325581395349,3.0,0.0,0.0020912122108682034,22
I4210143793,0.00062015503875969,2.0,0.0,4.4993007433132114e-05,2
I4210143795,0.0009302325581395349,3.0,0.0,0.0005997802989263382,8
I4210143820,0.022945736434108528,74.0,0.0,0.05630595331590999,16
I4210143836,0.0018604651162790699,6.0,0.0,0.0006632461541034666,7
I4210143841,0.00062015503875969,2.0,0.0,3.949297632741034e-05,1
I4210144063,0.0027906976744186047,9.0,0.0,0.0006671107049354964,4
I4210144120,0.002170542635658915,7.0,0.0,0.0021842306446298717,20
I4210144153,0.004651162790697674,15.0,0.0,0.002070257505493956,4
I4210144436,0.000310077519379845,1.0,0.0,8.750647773115152e-07,2
I4210144482,0.0015503875968992248,5.0,0.0,0.000254668756123877,2
I4210144487,0.00124031007751938,4.0,0.0,1.4736951901804113e-05,7
I4210144576,0.0037209302325581397,12.0,0.0,0.00037639249017424036,13
I4210144626,0.0,0.0,0.0,6.792993660413522e-36,304
I4210144791,0.0009302325581395349,3.0,0.0,0.0018060423801811844,19
I4210144824,0.014883720930232559,48.0,0.0,0.01750608357843114,21
I4210144831,0.0009302325581395349,3.0,0.0,9.910944846753964e-06,20
I4210144839,0.003410852713178295,12.0,0.0027432033289818687,8.334801230728983e-05,9
I4210144876,0.000310077519379845,1.0,0.0,0.0004709239679015267,16
I4210144925,0.0,0.0,0.0,6.792993660413522e-36,305
I4210145102,0.000310077519379845,1.0,0.0,8.903712650577212e-31,306
I4210145258,0.0031007751937984496,10.0,0.0,0.00191268341069848,27
I4210145365,0.000310077519379845,1.0,0.0,9.885623343463834e-09,7
I4210145457,0.00124031007751938,4.0,0.0,0.00029933183912689304,2
I4210145517,0.0,0.0,0.0,6.792993660413522e-36,307
I4210145583,0.00124031007751938,4.0,0.0,0.0012330692322375133,16
I4210145640,0.00062015503875969,2.0,0.0,3.51252909780078e-05,4
I4210145671,0.0009302325581395349,3.0,0.0,0.001766547626010769,4
I4210145761,0.011472868217054264,38.0,0.0005776038960522735,0.00795598131152643,2
I4210145865,0.00124031007751938,4.0,0.0,9.374160986994623e-05,13
I4210145894,0.007751937984496125,25.0,0.0,0.005637022635039413,1
I4210146061,0.00124031007751938,4.0,0.0,0.00019331475779000743,7
I4210146233,0.00124031007751938,4.0,0.0,5.189802101894934e-05,20
I4210146265,0.0027906976744186047,9.0,0.0,0.0030612984754321516,4
I4210146357,0.022015503875968994,72.0,0.00015603587022072307,0.02177766924284832,21
I4210146364,0.0009302325581395349,3.0,0.0,3.614472407512371e-06,2
I4210146387,0.0009302325581395349,3.0,0.0,0.00012206746564472312,2
I4210146410,0.00248062015503876,9.0,7.540575620095501e-06,0.004282156941850472,22
I4210146628,0.000310077519379845,1.0,0.0,0.0005854300713183138,16
I4210146682,0.00062015503875969,2.0,0.0,0.0006730644469043721,56
I4210146710,0.00868217054263566,28.0,0.00017053170701254679,0.006672317585590568,4
I4210146711,0.025116279069767444,82.0,0.0,0.05225883429158971,22
I4210146843,0.00124031007751938,4.0,0.0,0.0001345491659765272,21
I4210146857,0.0009302325581395349,3.0,0.0,0.0018031546629909475,8
I4210146878,0.0074418604651162795,24.0,0.0,0.0044930030050824585,20
I4210147079,0.00124031007751938,4.0,0.0,0.0015721039183743933,21
I4210147263,0.0027906976744186047,9.0,0.0,0.002667313323275563,1
I4210147348,0.000310077519379845,1.0,0.0,0.00011664506077474783,1
I4210147631,0.0,0.0,0.0,6.792993660413522e-36,308
I4210147709,0.00124031007751938,4.0,0.0,1.5042752239792091e-05,56
I4210147734,0.000310077519379845,1.0,0.0,1.3221587051372401e-06,2
I4210147735,0.000310077519379845,1.0,0.0,0.00016309115626445927,22
I4210147862,0.00124031007751938,8.0,0.0,0.0005910307109970075,8
I4210147944,0.00434108527131783,14.0,4.6582158360102845e-05,0.0009462521694019808,1
I4210147955,0.00124031007751938,4.0,0.0,3.3637271987699436e-05,9
I4210148032,0.0009302325581395349,3.0,0.0,0.00025997692849511833,4
I4210148075,0.0009302325581395349,3.0,0.0,6.517726527706698e-06,8
I4210148186,0.0015503875968992248,7.0,9.145042261874103e-07,0.003711536427128505,16
I4210148225,0.000310077519379845,1.0,0.0,4.010960141953979e-05,2
I4210148293,0.0074418604651162795,24.0,0.0,0.0044930030050824585,20
I4210148300,0.000310077519379845,1.0,0.0,9.478957578669139e-05,13
I4210148356,0.00062015503875969,2.0,0.0,0.00010027280281121249,13
I4210148414,0.0018604651162790699,6.0,9.61778906265028e-07,1.3364228280630698e-22,64
I4210148609,0.0,0.0,0.0,6.792993660413522e-36,309
I4210148616,0.0,0.0,0.0,6.792993660413522e-36,310
I4210148639,0.00124031007751938,4.0,0.0,0.00029933183912689304,2
I4210148682,0.0009302325581395349,3.0,0.0,0.0008064404534395074,1
I4210148771,0.028217054263565893,91.0,0.005028225122481152,0.05178864660960904,22
I4210148904,0.004651162790697674,15.0,0.0,0.005490743703999057,13
I4210149021,0.0027906976744186047,9.0,0.0,0.00309824607490595,42
I4210149102,0.0031007751937984496,11.0,0.0003541063621861478,0.0008080994389756296,1
I4210149132,0.0015503875968992248,5.0,0.0,0.000254668756123877,2
I4210149211,0.00062015503875969,2.0,0.0,0.0010291183726703563,2
I4210149301,0.0009302325581395349,3.0,0.0,9.910944846753964e-06,20
I4210149442,0.00062015503875969,2.0,0.0,8.772483085637694e-28,68
I4210149517,0.0015503875968992248,7.0,0.0,6.426828951402998e-06,10
I4210149706,0.00062015503875969,2.0,0.0,0.0006975551791526969,22
I4210149920,0.0031007751937984496,10.0,7.879946177020446e-06,0.00234776469693704,4
I4210150047,0.0037209302325581397,12.0,0.0,0.002593710016933629,4
I4210150093,0.004031007751937985,16.0,0.0006235992200020826,0.003210204801738576,42
I4210150261,0.003410852713178295,11.0,0.0,0.0007771556643827829,20
I4210150320,0.000310077519379845,1.0,0.0,1.291488736040917e-05,2
I4210150358,0.00062015503875969,2.0,0.0,0.0010328574415039134,16
I4210150380,0.0037209302325581397,12.0,0.0,0.006224226254426629,16
I4210150574,0.0018604651162790699,6.0,0.0,0.0032770123116116867,4
I4210150602,0.0018604651162790699,6.0,0.0,0.0007104515024850468,20
I4210150701,0.018294573643410854,59.0,0.0,0.043035062648612704,16
I4210150756,0.0009302325581395349,3.0,0.0,0.0005997802989263382,8
I4210150881,0.00062015503875969,2.0,0.0,0.00021127197478313728,2
I4210150921,0.000310077519379845,1.0,0.0,0.0017276201194248116,16
I4210151091,0.0074418604651162795,24.0,0.0,0.009908047377658451,21
I4210151209,0.000310077519379845,1.0,0.0,5.541418874190167e-05,2
I4210151294,0.00124031007751938,4.0,0.0,0.0018705013250710854,2
I4210151515,0.0009302325581395349,3.0,0.0,1.9576457792435515e-06,42
I4210151618,0.009612403100775194,40.0,9.803732984528185e-06,0.012083599047321515,4
I4210151704,0.029147286821705427,96.0,0.00012306727535631049,0.061570851241874204,16
I4210151799,0.0009302325581395349,3.0,0.0,3.51494427933574e-05,2
I4210151833,0.0009302325581395349,4.0,3.5897738448376155e-06,0.0005338245368874018,13
I4210151850,0.0009302325581395349,3.0,0.0,0.0014630387887744902,21
I4210151865,0.00124031007751938,4.0,0.0,0.0003112648481337496,21
I4210151956,0.000310077519379845,1.0,0.0,0.00010491588341513385,11
I4210151964,0.000310077519379845,1.0,0.0,8.903712650577212e-31,226
I4210151987,0.00434108527131783,16.0,0.0027175639096803012,0.0002906260796634978,10
I4210152006,0.0015503875968992248,6.0,0.00103102698751611,3.926383542734513e-06,2
I4210152009,0.004651162790697674,15.0,0.0,0.002226383682040849,8
I4210152119,0.00062015503875969,2.0,0.0,4.07274861707008e-05,12
I4210152155,0.0009302325581395349,3.0,0.0,1.2151874946421276e-05,2
I4210152167,0.000310077519379845,1.0,0.0,2.8968184988526e-06,8
I4210152380,0.0018604651162790699,6.0,0.0,1.36139716821277e-05,2
I4210152422,0.007751937984496125,25.0,0.0,0.0038046198840423853,1
I4210152448,0.00062015503875969,2.0,0.0,0.0002792612337148654,20
I4210152533,0.000310077519379845,1.0,0.0,8.903712650577212e-31,242
I4210152560,0.00062015503875969,2.0,0.0,8.772483085637694e-28,103
I4210152878,0.014573643410852714,47.0,0.0,0.012794120032578819,19
I4210153043,0.003410852713178295,11.0,0.0,0.002600945221808062,21
I4210153049,0.0,0.0,0.0,6.792993660413522e-36,311
I4210153126,0.028217054263565893,103.0,0.00710871379722495,0.03100150517683688,21
I4210153325,0.00124031007751938,4.0,0.0,3.625503261279184e-05,56
I4210153400,0.00124031007751938,4.0,0.0,0.0002724424265915182,29
I4210153474,0.000310077519379845,1.0,0.0,8.903712650577212e-31,277
I4210153482,0.0009302325581395349,3.0,0.0,3.2736236051278696e-05,2
I4210153546,0.022945736434108528,74.0,0.0,0.05630595331590999,16
I4210153755,0.0031007751937984496,10.0,0.0,0.0016956521998676816,19
I4210153851,0.00248062015503876,8.0,0.0,0.0016806663011914808,27
I4210153852,0.00062015503875969,2.0,0.0,0.00013658132738205442,21
I4210153931,0.00124031007751938,4.0,0.0,3.7969966646327e-05,27
I4210154029,0.00124031007751938,4.0,0.0,1.0440931953264348e-05,27
I4210154071,0.0027906976744186047,9.0,0.0,0.0026601434362081514,21
I4210154111,0.000310077519379845,1.0,0.0,0.0005583402070484897,22
I4210154218,0.0027906976744186047,9.0,0.001336057457587852,1.891005186434515e-05,27
I4210154391,0.002170542635658915,7.0,0.0,3.4884379987600996e-05,2
I4210154728,0.00124031007751938,4.0,0.0,0.0001345491659765272,21
I4210154741,0.0009302325581395349,3.0,0.0,0.0005138836039718331,11
I4210154783,0.00434108527131783,14.0,0.0,0.003641602783482408,22
I4210154894,0.025116279069767444,81.0,0.0,0.051706172641858096,22
I4210155042,0.00062015503875969,2.0,0.0,4.0744570724039846e-08,2
I4210155084,0.0,0.0,0.0,6.792993660413522e-36,312
I4210155092,0.000310077519379845,1.0,0.0,0.0006473337092547028,22
I4210155230,0.0009302325581395349,3.0,0.0,0.0011406155950822233,2
I4210155236,0.003410852713178295,13.0,0.0012660071094153299,0.0002927370892918845,21
I4210155267,0.000310077519379845,1.0,0.0,5.640893431550224e-05,13
I4210155268,0.00496124031007752,16.0,0.0,0.010687450860265126,11
I4210155350,0.000310077519379845,1.0,0.0,4.010960141953979e-05,2
I4210155419,0.0037209302325581397,12.0,2.1255313828457115e-06,0.005275506965932464,1
I4210155461,0.00062015503875969,2.0,0.0,0.0015089945619253438,22
I4210155527,0.00124031007751938,4.0,0.0,0.00011646619784734532,19
I4210155582,0.0009302325581395349,5.0,0.0,0.00227353171166005,11
I4210155647,0.008992248062015505,31.0,9.074154985632861e-06,0.013003322830430441,21
I4210155756,0.007751937984496125,25.0,0.0,0.0038046198840423853,1
I4210155796,0.0,0.0,0.0,6.792993660413522e-36,313
I4210155814,0.0074418604651162795,24.0,0.0,0.0044930030050824585,20
I4210155891,0.005891472868217055,19.0,0.0,0.004013787960735494,22
I4210155982,0.0015503875968992248,5.0,0.0,0.0014462545803171493,4
I4210156165,0.000310077519379845,1.0,0.0,4.677922124704013e-06,2
I4210156221,0.00992248062015504,37.0,0.0011241597029293955,0.020931161943384825,11
I4210156423,0.0015503875968992248,8.0,0.00026666682002390906,6.458876706585758e-06,10
I4210156450,0.0009302325581395349,3.0,0.0,0.0007594655288302362,4
I4210156464,0.0,0.0,0.0,6.792993660413522e-36,314
I4210156583,0.00062015503875969,2.0,0.0,0.00021721358984651604,11
I4210156703,0.0009302325581395349,3.0,0.0,0.0014162970455010619,57
I4210156734,0.0009302325581395349,3.0,0.0,4.33092068179732e-06,16
I4210156758,0.007131782945736434,26.0,1.1763929993487389e-05,0.004027053831949409,27
I4210156774,0.0,0.0,0.0,6.792993660413522e-36,315
I4210156804,0.00062015503875969,2.0,0.0,3.478847011618965e-05,2
I4210156829,0.0015503875968992248,5.0,0.0,0.00023318378917460572,4
I4210156878,0.0018604651162790699,6.0,0.00103102698751611,5.7668490753279496e-05,2
I4210157029,0.0009302325581395349,3.0,0.0,6.886577629398531e-07,4
I4210157032,0.0015503875968992248,5.0,0.0,9.169316349204002e-05,8
I4210157222,0.0015503875968992248,5.0,0.0,0.0013427265134826026,1
I4210157425,0.000310077519379845,1.0,0.0,8.903712650577212e-31,278
I4210157653,0.00062015503875969,2.0,0.0,0.0008118693831206153,2
I4210157781,0.0018604651162790699,6.0,0.0,0.0002234032485146348,12
I4210157861,0.0027906976744186047,9.0,0.0,0.004241662066017373,21
I4210157890,0.00248062015503876,8.0,8.03784328511664e-06,0.0019754020166792173,4
I4210157930,0.0015503875968992248,5.0,0.0,1.2842136058635643e-07,10
I4210158006,0.000310077519379845,1.0,0.0,8.903712650577212e-31,253
I4210158008,0.0,0.0,0.0,6.792993660413522e-36,316
I4210158179,0.00062015503875969,2.0,0.0,1.2075874420491625e-05,2
I4210158190,0.002170542635658915,7.0,0.0,0.0005855620660494394,1
I4210158352,0.00062015503875969,2.0,0.0,8.359930886366905e-12,4
I4210158500,0.0031007751937984496,10.0,0.0,0.005036653125040381,4
I4210158502,0.0018604651162790699,6.0,0.0,0.0013019354058123559,4
I4210158561,0.014883720930232559,48.0,0.0,0.01750608357843114,21
I4210158571,0.022945736434108528,74.0,0.0,0.05630595331590999,16
I4210158700,0.0009302325581395349,3.0,0.0,0.00045138593551121006,16
I4210158702,0.005271317829457365,18.0,0.0014995230867689805,0.003921393701959179,27
I4210158732,0.00124031007751938,4.0,0.0,8.720416597056784e-05,22
I4210158898,0.025116279069767444,81.0,0.0,0.051706172641858096,22
I4210158926,0.002170542635658915,8.0,2.856774799760545e-05,0.0005290918286304337,21
I4210159102,0.00248062015503876,8.0,0.0005171549297580806,0.002258604745015179,2
I4210159146,0.022945736434108528,74.0,0.0,0.05630595331590999,16
I4210159329,0.0031007751937984496,10.0,0.0,0.003676083880182819,2
I4210159420,0.00124031007751938,4.0,0.0,0.0016268694787312083,21
I4210159452,0.000310077519379845,1.0,0.0,8.903712650577212e-31,317
I4210159575,0.0015503875968992248,5.0,0.0,0.00014651494577363767,2
I4210159676,0.000310077519379845,1.0,0.0,3.6785703023481485e-05,2
I4210159731,0.00124031007751938,4.0,0.0,0.00019573415173438914,21
I4210159778,0.0018604651162790699,6.0,2.548714101602324e-06,0.0016492923481133293,2
I4210159779,0.0015503875968992248,5.0,0.0,8.264505139566745e-09,9
I4210159854,0.006201550387596899,20.0,0.0,0.005326114868534262,8
I4210159940,0.022945736434108528,74.0,0.0,0.05630595331590999,16
I4210160030,0.00062015503875969,2.0,0.0,1.4095098069175074e-06,2
I4210160144,0.00124031007751938,4.0,0.0,6.478877508089704e-05,2
I4210160189,0.009302325581395349,30.0,9.735700658431341e-05,0.0054698050141965,1
I4210160263,0.0015503875968992248,5.0,0.0,9.00966837659197e-05,13
I4210160315,0.00062015503875969,2.0,0.0,0.0006975551791526969,22
I4210160344,0.003410852713178295,12.0,0.0013749666566765088,0.002129920116519681,21
I4210160382,0.00682170542635659,22.0,0.0,0.005890724573478857,8
I4210160618,0.000310077519379845,1.0,0.0,2.3198354624561142e-05,2
I4210160794,0.00124031007751938,4.0,0.0,0.0012824808176207221,22
I4210160856,0.000310077519379845,1.0,0.0,1.670098751804572e-05,7
I4210161030,0.005271317829457365,17.0,0.0,0.0015337626050767534,4
I4210161173,0.00062015503875969,2.0,0.0,2.9529637224526757e-27,171
I4210161235,0.000310077519379845,1.0,0.0,8.903712650577212e-31,318
I4210161460,0.0018604651162790699,7.0,0.0005437188884300662,0.002147205412088349,19
I4210161462,0.000310077519379845,1.0,0.0,7.032716264087708e-05,2
I4210161521,0.0015503875968992248,5.0,0.0,0.0003200548350308909,1
I4210161528,0.0018604651162790699,6.0,0.0,0.0005076073004994892,2
I4210161700,0.014883720930232559,48.0,0.0,0.01750608357843114,21
I4210161752,0.0,0.0,0.0,6.792993660413522e-36,319
I4210161895,0.0074418604651162795,24.0,0.0,0.0044930030050824585,20
I4210161954,0.000310077519379845,1.0,0.0,0.0006071497205324649,16
I4210161994,0.0037209302325581397,12.0,0.0,0.005494276522110877,21
I4210162019,0.0015503875968992248,5.0,0.0,1.3518996691909112e-05,10
I4210162051,0.0027906976744186047,9.0,0.0,0.0019814263370107003,19
I4210162087,0.0018604651162790699,6.0,0.0,0.0005076073004994892,2
I4210162141,0.00124031007751938,4.0,0.0,0.0015397922708582814,11
I4210162190,0.0015503875968992248,5.0,5.616788812587763e-05,7.08434800146932e-05,2
I4210162280,0.0031007751937984496,10.0,0.0,0.004642472892968099,11
I4210162457,0.00248062015503876,8.0,0.0,0.0002767464403898623,2
I4210162994,0.0,0.0,0.0,6.792993660413522e-36,320
I4210163047,0.005581395348837209,19.0,1.081680676579401e-05,0.003543873636426936,4
I4210163099,0.014883720930232559,48.0,0.0,0.01750608357843114,21
I4210163111,0.022945736434108528,74.0,0.0,0.05630595331590999,16
I4210163238,0.004031007751937985,13.0,0.0,0.0041347332238663445,2
I4210163239,0.0015503875968992248,5.0,0.0,0.0029147850733446676,2
I4210163247,0.00062015503875969,2.0,0.0,8.772483085637694e-28,131
I4210163339,0.00496124031007752,16.0,0.0,0.002155306104756579,27
I4210163363,0.0015503875968992248,5.0,0.0,7.863418615573555e-06,2
I4210163399,0.0018604651162790699,6.0,0.0,0.0005076073004994892,2
I4210163720,0.0037209302325581397,12.0,0.0,0.006224226254426629,16
I4210163794,0.0009302325581395349,3.0,0.0,1.1670274245364564e-25,138
I4210163890,0.000310077519379845,1.0,0.0,6.969704433611415e-06,2
I4210163952,0.000310077519379845,1.0,0.0,5.66924919021192e-07,2
I4210164047,0.00248062015503876,8.0,0.0,0.0012208046317410657,42
I4210164150,0.004651162790697674,21.0,0.00023316031759248331,0.0011309463837745443,2
I4210164339,0.00124031007751938,4.0,0.0,5.76563241473714e-05,2
I4210164387,0.0,0.0,0.0,6.792993660413522e-36,321
I4210164401,0.0037209302325581397,12.0,0.0,0.005494276522110877,21
I4210164580,0.022945736434108528,74.0,0.0,0.05630595331590999,16
I4210164694,0.00124031007751938,4.0,0.0,0.0005858075933085079,10
I4210164699,0.00062015503875969,4.0,0.0,1.4933028698331722e-05,10
I4210164771,0.000310077519379845,1.0,0.0,0.00015478774344125087,20
I4210164774,0.000310077519379845,1.0,0.0,8.903712650577212e-31,322
I4210164802,0.012713178294573644,49.0,0.003734876733680078,0.021316104015763223,16
I4210164862,0.0031007751937984496,10.0,9.855301142522732e-05,0.0031073362678061328,42
I4210164873,0.003410852713178295,11.0,0.0,0.002307442614349223,4
I4210164901,0.0009302325581395349,3.0,0.0,0.0007511680307868027,21
I4210164937,0.011162790697674419,40.0,0.0014378664038071965,0.01540203924009969,11
I4210165024,0.0027906976744186047,9.0,0.0,0.004363786029901071,42
I4210165038,0.022635658914728685,115.0,0.01656364960078621,0.02260687362495041,2
I4210165134,0.0,0.0,0.0,6.792993660413522e-36,323
I4210165227,0.0,0.0,0.0,6.792993660413522e-36,324
I4210165411,0.018294573643410854,59.0,0.0,0.043035062648612704,16
I4210165438,0.00682170542635659,22.0,0.0,0.005890724573478857,8
I4210165462,0.025116279069767444,81.0,0.0,0.051706172641858096,22
I4210165547,0.0,0.0,0.0,6.792993660413522e-36,325
I4210165606,0.000310077519379845,1.0,0.0,4.010960141953979e-05,2
I4210165715,0.0009302325581395349,3.0,0.0,0.00030697761663294436,4
I4210165845,0.002170542635658915,8.0,7.180041763687678e-05,0.0006997932379878386,2
I4210166112,0.0009302325581395349,3.0,0.0,0.0003223680091002808,2
I4210166196,0.0015503875968992248,5.0,0.0,0.00011220478340100707,21
I4210166399,0.0009302325581395349,3.0,0.0,0.0015556174661835013,21
I4210166402,0.002170542635658915,7.0,0.0,0.0021032846786132073,21
I4210166444,0.0337984496124031,113.0,0.0018923378185812779,0.03268142919213898,19
I4210166499,0.00062015503875969,2.0,0.0005157058495393079,1.2369118230103677e-05,2
I4210166576,0.0031007751937984496,11.0,0.0,0.0010036788139963812,1
I4210166604,0.0009302325581395349,3.0,0.0,0.00018993305937711313,4
I4210166615,0.0009302325581395349,3.0,0.0,0.00073071213030837,22
I4210166639,0.00124031007751938,5.0,0.0,0.0025036897500816434,22
I4210166688,0.00062015503875969,2.0,0.0,0.0005616653182565772,22
I4210166741,0.0,0.0,0.0,6.792993660413522e-36,326
I4210166946,0.00248062015503876,8.0,0.0,0.0018487112682280427,4
I4210166960,0.005271317829457365,17.0,0.0,0.0015337626050767534,4
I4210167039,0.005581395348837209,20.0,0.0,0.012493060154200219,11
I4210167126,0.0037209302325581397,12.0,0.0,0.006224226254426629,16
I4210167317,0.0009302325581395349,3.0,0.0,6.060100386169403e-05,1
I4210167350,0.00124031007751938,4.0,0.0,5.182642868357485e-24,23
I42405503,0.00062015503875969,2.0,0.0,0.0005431854368694661,22
I42775652,0.00124031007751938,4.0,0.0,1.5740860984237143e-06,27
I42894916,0.006201550387596899,22.0,0.0010369754077396238,0.002291174621367298,2
I42934936,0.000310077519379845,1.0,0.0,6.194026305743168e-05,2
I4322298,0.00124031007751938,4.0,0.0,0.0007625299468977383,16
I43313876,0.003410852713178295,11.0,0.0020605151287821956,0.001435857846366575,2
I43337087,0.0,0.0,0.0,6.792993660413522e-36,327
I43406934,0.0065116279069767444,21.0,0.0009525686340457907,0.004534777025131852,11
I43427933,0.00124031007751938,4.0,0.0,0.00017435891072567378,20
I43439940,0.009302325581395349,30.0,9.923865596390363e-05,0.005342289073381049,20
I43522216,0.0,0.0,0.0,6.792993660413522e-36,328
I43579087,0.006201550387596899,20.0,0.0,0.006346822648738299,16
I43777268,0.01798449612403101,59.0,0.00034438636930805394,0.018941817927495934,21
I43814544,0.0015503875968992248,5.0,0.0,8.264505139566745e-09,9
I4387152119,0.0015503875968992248,5.0,0.0,8.264505139566745e-09,9
I4387152856,0.006201550387596899,21.0,1.4682973011497445e-05,0.007851657091591744,2
I4387152933,0.0015503875968992248,5.0,0.0,1.0324012114350876e-08,9
I4387152983,0.0015503875968992248,5.0,5.421504751715816e-05,6.1990461197268e-05,42
I4387153010,0.000310077519379845,1.0,0.0,8.903712650577212e-31,306
I4387153056,0.00124031007751938,4.0,0.0,1.3272067099375289e-05,10
I4387153087,0.007751937984496125,25.0,0.0,0.0038046198840423853,1
I4387153096,0.0,0.0,0.0,6.792993660413522e-36,329
I4387153250,0.004651162790697674,15.0,0.0,0.0018580197844870559,7
I4387153466,0.00248062015503876,8.0,0.0,0.002487855403258661,20
I4387153999,0.022945736434108528,74.0,0.0,0.05630595331590999,16
I4387154005,0.000310077519379845,1.0,0.0,4.010960141953979e-05,2
I4387154144,0.0015503875968992248,5.0,0.0,1.2924262653214992e-22,64
I4387154232,0.0015503875968992248,5.0,0.0,0.0024570517934693107,7
I4387154305,0.0009302325581395349,3.0,0.0,4.33092068179732e-06,16
I4387154714,0.00248062015503876,8.0,0.0,0.002996392002965833,1
I4387154809,0.00062015503875969,2.0,0.0,8.772483085637694e-28,49
I4387154989,0.00434108527131783,15.0,0.00022984668195312968,0.00502816999890469,42
I4387155381,0.0,0.0,0.0,6.792993660413522e-36,330
I4387155459,0.0015503875968992248,5.0,0.0,0.0003200548350308909,1
I4387155925,0.0015503875968992248,5.0,0.0,0.0005972041301835764,21
I4387156102,0.00248062015503876,8.0,0.0,0.0022086087484800743,27
I4387156268,0.0018604651162790699,6.0,0.0,0.0007104515024850468,20
I4387156293,0.0015503875968992248,5.0,0.0,7.896295776787105e-06,10
I4387930221,0.006201550387596899,20.0,0.0,0.006346822648738299,16
I4388482657,0.00062015503875969,2.0,0.0,1.7567016850718154e-05,2
I4388482679,0.00124031007751938,4.0,0.0,4.80900529764853e-05,11
I4388482696,0.000310077519379845,1.0,0.0,0.0012971103341222474,16
I4388482719,0.0009302325581395349,3.0,0.0,0.00015978845674719644,7
I4388891891,0.00434108527131783,14.0,0.0,0.005065991909391082,20
I4389425352,0.0074418604651162795,24.0,0.0,0.0044930030050824585,20
I4389425355,0.000310077519379845,2.0,0.0,0.002044502472531074,16
I4390039246,0.0015503875968992248,5.0,0.0,0.0017236900092863743,16
I4390039247,0.025116279069767444,81.0,0.0,0.051706172641858096,22
I4390039325,0.004651162790697674,15.0,0.0,0.002226383682040849,8
I4390039331,0.0018604651162790699,9.0,9.617789062650278e-08,0.0003785437137531129,1
I4391012567,0.003410852713178295,12.0,0.00013937326064353362,0.0006855953768996763,2
I4391012619,0.005271317829457365,20.0,0.00011199829340573292,0.006101734020118555,2
I4391767749,0.0015503875968992248,5.0,0.0,7.863418615573555e-06,2
I4391767962,0.002170542635658915,7.0,0.0,0.0013519527193910981,42
I4391768151,0.000310077519379845,1.0,0.0,0.0015236638764442,21
I4391768195,0.0015503875968992248,5.0,0.0,0.00014651494577363767,2
I4392021234,0.00062015503875969,2.0,0.0,8.426921962624506e-06,42
I43922553,0.00062015503875969,2.0,0.0,4.07274861707008e-05,12
I4392738174,0.00062015503875969,2.0,0.0,5.598922566524371e-05,2
I4394709116,0.00124031007751938,4.0,0.0,6.755056555888617e-05,27
I4394709155,0.0037209302325581397,12.0,0.0,0.0023835858722981514,27
I4399598360,0.00124031007751938,4.0,0.0,5.182642868357485e-24,23
I4399657933,0.004651162790697674,15.0,0.0,0.0018580197844870559,7
I4399657946,0.0015503875968992248,5.0,0.0,8.264505139566745e-09,9
I4400008984,0.000310077519379845,1.0,0.0,8.903712650577212e-31,85
I4400573270,0.002170542635658915,7.0,0.0,3.4884379987600996e-05,2
I4400600945,0.0018604651162790699,6.0,0.0,1.173870794467355e-06,9
I4400600978,0.000310077519379845,1.0,0.0,8.903712650577212e-31,318
I4401041622,0.000310077519379845,1.0,0.0,1.2878272478602691e-06,1
I4401200273,0.000310077519379845,1.0,0.0,2.205148141241245e-05,19
I4401200352,0.0015503875968992248,5.0,0.0,1.2924262653214992e-22,64
I4401726783,0.000310077519379845,1.0,0.0,6.750686620692062e-08,9
I4401726859,0.0009302325581395349,3.0,0.0,0.0006506274902086375,2
I4401726890,0.0018604651162790699,6.0,0.0,1.36139716821277e-05,2
I4402554120,0.0015503875968992248,5.0,0.0,0.0006731659924949844,8
I4403386594,0.00124031007751938,4.0,0.0,3.7969966646327e-05,27
I4403386650,0.006201550387596899,21.0,1.6890263498295594e-05,0.00840101463173671,2
I4403386760,0.00124031007751938,4.0,0.0,0.00019573415173438914,21
I4405392,0.00062015503875969,2.0,0.0,7.85189662612729e-05,8
I44202434,0.0009302325581395349,3.0,0.0,0.0010093910606370892,56
I44260953,0.014883720930232559,48.0,0.0,0.01750608357843114,21
I4432739,0.00124031007751938,4.0,0.0,0.0011960748625307806,16
I44461941,0.00062015503875969,2.0,0.0,3.1173841381239475e-05,19
I44468530,0.0018604651162790699,6.0,0.001395177648005105,0.00012539362635770497,1
I45084792,0.01736434108527132,56.0,7.775658470665064e-05,0.01897041052585663,21
I45129253,0.05922480620155039,229.0,0.04382458690625767,0.08017004217248219,4
I45204951,0.00062015503875969,2.0,0.0,1.3855923068778647e-07,10
I45294948,0.0009302325581395349,3.0,0.0,6.873703125715371e-05,8
I4537092,0.000310077519379845,1.0,0.0,8.903712650577212e-31,293
I45438204,0.022945736434108528,74.0,0.0,0.05630595331590999,16
I45571689,0.000310077519379845,1.0,0.0,8.903712650577212e-31,179
I45683168,0.006201550387596899,20.0,0.0,0.012729811962257436,16
I4575257,0.0015503875968992248,5.0,0.0004910713175254252,0.000569324600863266,9
I4576418,0.0009302325581395349,3.0,0.0005336237905630253,1.2780567979460364e-05,27
I4577782,0.007131782945736434,23.0,0.00020676738180655508,0.012941489939894022,16
I45928872,0.005271317829457365,20.0,0.0004862560039537489,0.0030804833107266304,2
I45935490,0.00124031007751938,4.0,0.0,0.000751335629858154,16
I46080048,0.0015503875968992248,5.0,0.0005157058495393079,3.3640785068332564e-05,9
I4610292,0.000310077519379845,1.0,0.0,4.444729936261517e-08,8
I46247651,0.004031007751937985,13.0,0.0003558156112423224,0.0018570518831419632,27
I464993,0.0015503875968992248,5.0,0.0,1.3518996691909112e-05,10
I4654613,0.004031007751937985,14.0,0.0014349068026843217,0.0015350962851057141,29
I4665924,0.00124031007751938,4.0,0.0,0.00059379729314154,22
I47164929,0.00062015503875969,2.0,0.0,0.0005917651963184877,16
I47251452,0.0015503875968992248,6.0,1.8111797515567264e-05,0.0007384128845934432,42
I47265099,0.00062015503875969,2.0,0.0,1.806306013878255e-07,20
I47508984,0.016434108527131785,57.0,0.005861812162893449,0.017975596317610074,13
I47689461,0.00062015503875969,2.0,0.0,8.772483085637694e-28,265
I47720641,0.007751937984496125,27.0,0.004478834243443835,0.0012575200726005192,2
I47838141,0.0015503875968992248,5.0,0.0005157058495393079,0.000597919126122962,75
I47996466,0.000310077519379845,1.0,0.0,8.903712650577212e-31,290
I4800084,0.00434108527131783,14.0,0.0010812100842089976,0.0010898096886245837,2
I48018076,0.000310077519379845,1.0,0.0,8.903712650577212e-31,90
I48057805,0.006201550387596899,20.0,0.0,0.005326114868534262,8
I48076826,0.0,0.0,0.0,6.792993660413522e-36,331
I48379061,0.0,0.0,0.0,6.792993660413522e-36,332
I48380244,0.0,0.0,0.0,6.792993660413522e-36,333
I48381559,0.0,0.0,0.0,6.792993660413522e-36,334
I48566637,0.000310077519379845,1.0,0.0,1.7102590372695158e-05,21
I48912391,0.003410852713178295,11.0,0.001601732878552083,0.0003080488082448226,12
I4921948,0.0009302325581395349,3.0,0.0,0.001527439053005764,2
I49232843,0.00124031007751938,4.0,0.0,0.0012824808176207221,22
I49611733,0.018294573643410854,59.0,0.0,0.043035062648612704,16
I49828101,0.0015503875968992248,5.0,0.0,7.896295776787105e-06,10
I49946491,0.0015503875968992248,5.0,0.0,0.0006742917622753178,9
I50050410,0.00062015503875969,2.0,0.0,7.006864487339788e-08,9
I5023651,0.035348837209302326,127.0,0.003744989447871008,0.07690831278929751,16
I50357001,0.00806201550387597,26.0,0.0010701603416666476,0.005363832668432775,8
I505182,0.000310077519379845,1.0,0.0,8.903712650577212e-31,172
I50632499,0.00062015503875969,2.0,0.0,0.0007207273329343138,2
I5085271,0.0009302325581395349,3.0,0.0,0.00012950695103999168,1
I51205905,0.00062015503875969,2.0,0.0,8.772483085637694e-28,105
I51235708,0.00248062015503876,8.0,0.0020605151287821956,0.0014197206735662466,56
I5124864,0.046821705426356594,163.0,0.008780836927498393,0.07109629752992068,19
I51556381,0.02728682170542636,89.0,0.0012210974711206928,0.05375683805538436,22
I51601045,0.0009302325581395349,3.0,0.0002580300533822942,0.00044377073319697147,7
I51622183,0.0018604651162790699,6.0,3.920939442319788e-05,6.068330301734205e-06,2
I51629411,0.0009302325581395349,3.0,0.0,3.514944279335739e-05,2
I51713134,0.0074418604651162795,39.0,0.0008045878438074763,0.008507320408869392,22
I51826884,0.000310077519379845,1.0,0.0,3.164268025529038e-06,12
I52099693,0.0009302325581395349,3.0,0.0,0.001072905038563126,2
I52158045,0.003410852713178295,11.0,0.0004690198758164035,0.0009542044015855107,10
I52170813,0.0,0.0,0.0,6.792993660413522e-36,335
I52179390,0.0,0.0,0.0,6.792993660413522e-36,336
I52180223,0.0027906976744186047,9.0,8.17972215183007e-05,0.0006277872618249262,1
I522815984,0.0018604651162790699,6.0,0.00010545608013725041,1.2453146097038704e-05,8
I52325,0.0009302325581395349,3.0,0.0,0.0011892344723753471,20
I52357470,0.02728682170542636,90.0,0.008194977350075001,0.04757849415208732,16
I52418104,0.00062015503875969,2.0,0.0,8.772483085637694e-28,279
I53107984,0.00248062015503876,8.0,0.0,0.0002797390055232096,1
I53110688,0.00062015503875969,2.0,0.0,9.6625672775353e-06,10
I53241121,0.0015503875968992248,5.0,0.0,0.00038087605989183963,16
I53276908,0.0009302325581395349,3.0,0.0,1.1670274245364564e-25,138
I53592917,0.00062015503875969,2.0,0.0,1.9861240840487214e-07,11
I5388228,0.009302325581395349,32.0,0.003594777416022477,0.008195043287943689,13
I53964585,0.00124031007751938,4.0,9.617789062650278e-08,0.0016675103101482965,21
I54009628,0.000310077519379845,1.0,0.0,8.903712650577212e-31,202
I54108979,0.017674418604651163,58.0,0.0002926733806328708,0.01606822628395768,20
I54157616,0.0018604651162790699,8.0,0.0,0.0032125965989683214,4
I54459138,0.0009302325581395349,3.0,0.0,0.0006481074982680147,12
I55016150,0.000310077519379845,1.0,0.0,8.903712650577212e-31,82
I55022517,0.00062015503875969,2.0,0.0,6.132696291021977e-06,2
I55124831,0.0,0.0,0.0,6.792993660413522e-36,337
I55143463,0.012713178294573644,42.0,0.0034048414390178933,0.010475553148383967,21
I55202024,0.0009302325581395349,3.0,0.0,1.1670274245364564e-25,84
I55215948,0.0,0.0,0.0,6.792993660413522e-36,338
I55240360,0.003410852713178295,11.0,0.0010797083535645337,6.272080221279086e-05,27
I55383850,0.000310077519379845,1.0,0.0,5.029847491579926e-05,20
I55538621,0.00248062015503876,8.0,0.00010426646510667528,0.001065701239557194,2
I5561750,0.00496124031007752,16.0,2.9233193524266293e-05,0.001117500057302469,4
I55654194,0.0,0.0,0.0,6.792993660413522e-36,339
I55712492,0.00124031007751938,4.0,0.0,0.0016149629919464785,7
I55732556,0.014573643410852714,49.0,0.002235168208779274,0.018957045639818433,11
I55769427,0.005271317829457365,17.0,0.0010312193432973629,0.005491890731671447,13
I55952717,0.00062015503875969,2.0,0.0005157058495393079,5.640899484286903e-05,13
I56007636,0.0074418604651162795,24.0,0.0,0.0044930030050824585,20
I56067802,0.0027906976744186047,10.0,0.0009092113649392672,0.003415182363316663,7
I56085075,0.004031007751937985,14.0,4.0417391505163476e-05,0.0025881101899758135,4
I5626980,0.0015503875968992248,5.0,0.0,0.002525217816763428,42
I56404289,0.00124031007751938,4.0,0.0,0.0006265380953165572,9
I56435720,0.0015503875968992248,5.0,0.0,0.0006224791430985302,29
I56590836,0.025116279069767444,85.0,0.005116480726104015,0.01704769689253851,2
I5681781,0.00496124031007752,16.0,0.00103102698751611,0.005491317218450739,13
I57093077,0.00062015503875969,4.0,0.0,5.182642868357487e-24,17
I57201433,0.002170542635658915,7.0,0.0016303249065632503,0.0008754902113543235,2
I57206974,0.018914728682170544,72.0,0.0068214940345462955,0.03532816535689948,16
I57328836,0.000310077519379845,1.0,0.0,8.903712650577212e-31,59
I5740404,0.00062015503875969,2.0,0.0,0.00018662403516691374,2
I57629906,0.00062015503875969,3.0,1.9235578125300557e-07,3.722642259206334e-27,190
I57664883,0.0009302325581395349,3.0,0.0005157058495393079,0.0016649500728886468,21
I57825437,0.000310077519379845,1.0,0.0,0.00034321550367302675,22
I58048189,0.000310077519379845,1.0,0.0,8.903712650577212e-31,47
I58077936,0.00124031007751938,4.0,0.0,3.625503261279184e-05,56
I58152225,0.00124031007751938,4.0,0.0,7.581630164846498e-05,9
I58200834,0.0031007751937984496,10.0,0.0,0.0008936595838363235,1
I58236372,0.003410852713178295,11.0,0.0,0.0015063824859825026,27
I5847235,0.00248062015503876,8.0,0.0002779124440330053,0.00017515991770935654,10
I58610484,0.00124031007751938,4.0,5.559061260486621e-06,0.0023362812464273095,21
I58716616,0.00124031007751938,4.0,0.0,0.0028143688058625146,21
I58918642,0.00062015503875969,2.0,0.0,8.772483085637694e-28,135
I58956616,0.030697674418604652,100.0,0.0024301921782477424,0.05442779914340133,22
I58957048,0.0015503875968992248,5.0,0.0,0.002525217816763428,42
I59028903,0.00062015503875969,2.0,0.0,8.697128005716065e-05,2
I59179055,0.0,0.0,0.0,6.792993660413522e-36,340
I59270414,0.0027906976744186047,9.0,4.497752737612475e-05,0.00074658000576849,7
I59422894,0.00062015503875969,2.0,0.0,0.0011719998582247506,1
I59433898,0.00124031007751938,4.0,0.0,4.839661063222343e-06,2
I59475050,0.000310077519379845,1.0,0.0,1.6648161941221255e-27,24
I59502557,0.00062015503875969,2.0,0.0,8.772483085637694e-28,40
I59553526,0.0031007751937984496,10.0,1.7953206250280522e-06,0.0056736635140019875,8
I59611059,0.0018604651162790699,6.0,0.0,0.0013533331645407857,27
I59805279,0.0,0.0,0.0,6.792993660413522e-36,341
I59946547,0.000310077519379845,1.0,0.0,1.7763136311884945e-08,1
I60053951,0.00124031007751938,7.0,0.00036580875936766057,3.3296094513334694e-05,10
I60054993,0.00248062015503876,8.0,0.00044777892568912715,8.689014579540664e-08,9
I60134161,0.028837209302325584,93.0,0.0022013044457663894,0.05232545562045599,22
I60158472,0.0037209302325581397,12.0,0.003187493212063551,0.0019573627359434427,2
I60200437,0.0018604651162790699,6.0,0.0,0.0007937627842950768,29
I60205797,0.0018604651162790699,8.0,0.0,0.00020695873287462978,7
I6026837,0.000310077519379845,1.0,0.0,1.6650543367028755e-05,11
I60342839,0.0065116279069767444,23.0,0.0029041139135567657,0.0010837358238881872,27
I60587646,0.0009302325581395349,3.0,0.0010310269875161101,0.00011666993660222422,1
I6059380,0.0015503875968992248,7.0,6.207304406854296e-06,0.0024110179250305,4
I60668342,0.00062015503875969,2.0,0.0,6.32534976821994e-06,7
I60837268,0.002170542635658915,7.0,0.0025746821320714796,1.4127334889017618e-05,10
I60858718,0.0009302325581395349,3.0,0.0,8.222360309448431e-10,4
I60922564,0.00682170542635659,28.0,0.0008443886193812367,0.009533921394913396,2
I61515104,0.0015503875968992248,5.0,0.0,0.00019218306040380808,1
I61623833,0.00062015503875969,2.0,0.0,7.451461097215825e-05,27
I61641377,0.000310077519379845,1.0,0.0,2.2136460709154613e-06,8
I61822063,0.002170542635658915,7.0,0.0,0.0028509031979342694,13
I62318514,0.0,0.0,0.0,6.792993660413522e-36,342
I62370553,0.0009302325581395349,3.0,0.0,1.7287685875751572e-25,298
I6289922,0.0009302325581395349,3.0,0.00103102698751611,8.055161691721092e-10,4
I62912653,0.00496124031007752,16.0,0.0,0.0013882862148942364,27
I62916508,0.025116279069767444,84.0,0.0034993393448551663,0.026910325696258487,20
I63072094,0.019224806201550388,62.0,0.0015448349976391778,0.04307007127646746,16
I63135867,0.00682170542635659,22.0,0.0009362060262755758,0.005012499677489837,42
I63169043,0.0009302325581395349,3.0,0.0,1.7628786869080994e-07,9
I63190737,0.003410852713178295,12.0,0.00014343912472535402,0.004845448543223447,11
I6332465,0.00124031007751938,4.0,0.0,1.7771825974841705e-05,12
I63341726,0.000310077519379845,1.0,0.0,8.903712650577212e-31,45
I63371133,0.0009302325581395349,3.0,0.0005157058495393079,2.0634795793641863e-05,2
I63525965,0.01178294573643411,38.0,0.0005000769518902605,0.008129589440940069,1
I63548447,0.000310077519379845,1.0,0.0,1.0968147338783874e-05,27
I63596082,0.00062015503875969,2.0,0.0,8.772483085637694e-28,31
I63634437,0.003410852713178295,11.0,7.550068217073207e-05,0.0003114150413787848,8
I63739035,0.0009302325581395349,3.0,0.0,6.57202041787135e-06,9
I63772739,0.0,0.0,0.0,6.792993660413522e-36,343
I63966007,0.06418604651162792,263.0,0.05344151792211041,0.12630668445868634,16
I64134780,0.000310077519379845,1.0,0.0,8.903712650577212e-31,204
I64152125,0.000310077519379845,1.0,0.0,9.061691839122019e-10,2
I64185308,0.00124031007751938,4.0,0.0,0.000751335629858154,16
I64189192,0.0009302325581395349,3.0,0.0,6.873703125715371e-05,8
I64222039,0.004651162790697674,15.0,0.0,0.006763657749625057,20
I64295750,0.0009302325581395349,3.0,0.0,6.57202041787135e-06,9
I6469544,0.0009302325581395349,3.0,0.0,3.652325073452547e-05,2
I64767286,0.025116279069767444,81.0,0.0,0.051706172641858096,22
I64852412,0.000310077519379845,1.0,0.0,8.903712650577212e-31,199
I64947657,0.000310077519379845,1.0,0.0,1.1462966174951986e-05,22
I64952554,0.0,0.0,0.0,6.792993660413522e-36,344
I6498739,0.002170542635658915,8.0,0.0,0.0025091830290766624,2
I65146876,0.00124031007751938,4.0,0.0,6.755056555888617e-05,27
I65181880,0.0009302325581395349,3.0,0.0005157058495393079,0.0026511939879733304,16
I65644108,0.002170542635658915,7.0,6.774016800561903e-05,0.0006165709675516438,27
I6573832,0.00062015503875969,2.0,0.0,1.2108471202180508e-06,1
I65832422,0.000310077519379845,1.0,0.0,8.903712650577212e-31,187
I65837984,0.000310077519379845,1.0,0.0,8.903712650577212e-31,299
I66513531,0.0015503875968992248,5.0,0.0,1.889283580454918e-05,27
I66514158,0.00062015503875969,2.0,0.0,3.534811943577043e-07,10
I66752286,0.005581395348837209,22.0,0.0017804775164692052,0.001997631073650775,4
I66862912,0.024806201550387597,81.0,0.0016525880826221953,0.057011900985879084,16
I66867065,0.004031007751937985,15.0,0.0007031340394352187,0.0006236714930387298,2
I66943878,0.0018604651162790699,6.0,0.0,0.0007045817965031823,27
I66946132,0.014573643410852714,48.0,0.0005157058495393079,0.016991974984841327,20
I67001856,0.0,0.0,0.0,6.792993660413522e-36,345
I67009956,0.0,0.0,0.0,6.792993660413522e-36,346
I67031392,0.002170542635658915,7.0,0.0,0.004491259925090211,21
I67080706,0.00062015503875969,2.0,0.0,7.036775088417428e-05,11
I67311998,0.000310077519379845,1.0,0.0,8.257054508198076e-09,27
I67357951,0.00062015503875969,2.0,0.0,0.00011491721123253316,11
I67415387,0.000310077519379845,1.0,0.0,0.0009419726735277991,16
I67868205,0.0,0.0,0.0,6.792993660413522e-36,347
I68106152,0.00062015503875969,2.0,0.0,0.00044687424519712697,16
I686019,0.0018604651162790699,6.0,5.715961306301193e-05,4.7064392700673157e-07,27
I68649149,0.0015503875968992248,5.0,0.0,7.896295776787105e-06,10
I68891433,0.0015503875968992248,5.0,0.0005408492690938298,0.0006210810488239877,7
I68947357,0.007751937984496125,25.0,0.00022602693214096093,0.006019466387845135,8
I68986083,0.0009302325581395349,5.0,0.00012870777218114047,3.682727851985346e-05,10
I6902469,0.00062015503875969,2.0,0.0,0.0023781857592231823,21
I69072986,0.000310077519379845,1.0,0.0,8.903712650577212e-31,153
I69181431,0.0,0.0,0.0,6.792993660413522e-36,348
I69356397,0.0018604651162790699,6.0,0.000608982463770306,0.001505266565319071,20
I69552723,0.026976744186046512,87.0,0.0026037047053267164,0.05703693731065527,16
I69740276,0.00124031007751938,4.0,0.0,2.4634165325834394e-05,42
I70318548,0.0,0.0,0.0,6.792993660413522e-36,349
I70451448,0.00124031007751938,4.0,0.0,0.00059379729314154,22
I70591777,0.000310077519379845,1.0,0.0,8.903712650577212e-31,350
I70640408,0.0009302325581395349,3.0,0.0,1.1670274245364564e-25,216
I70745867,0.0074418604651162795,24.0,0.0,0.009908047377658451,21
I70768539,0.000310077519379845,1.0,0.0,0.0001604543626291827,20
I70931966,0.008372093023255815,30.0,0.00018750520963574217,0.014234528528355926,16
I70971781,0.005581395348837209,18.0,7.81414927685106e-05,0.002245270036859037,2
I70983195,0.000310077519379845,1.0,0.0,0.0007137088862275476,22
I71030271,0.002170542635658915,7.0,0.0,0.0013519527193910981,42
I71052956,0.0027906976744186047,9.0,9.115740473579934e-05,0.00030707780405702794,13
I71209653,0.00124031007751938,4.0,0.0005157058495393079,0.0007130484303009789,11
I71267560,0.0018604651162790699,6.0,0.0005157058495393079,0.0004139679452543807,4
I71270174,0.0009302325581395349,3.0,0.0,0.0008434497794361131,2
I71437568,0.00062015503875969,2.0,0.0,3.915931519331456e-05,2
I71459812,0.0009302325581395349,3.0,0.0,1.0819554762685443e-05,2
I71503853,0.004651162790697674,15.0,0.0,0.0018580197844870559,7
I71715416,0.00124031007751938,4.0,0.0,1.5042752239792093e-05,56
I71838634,0.0009302325581395349,3.0,0.0,0.00011048639415880316,11
I71920554,0.002170542635658915,7.0,1.0870814350530432e-05,0.0011497635558128346,2
I71966907,0.00062015503875969,2.0,0.0,8.772483085637694e-28,0
I71999127,0.026976744186046512,88.0,0.0004478262599936771,0.0532196994323951,22
I72264486,0.0037209302325581397,12.0,0.003807276774328683,0.0012266834045002069,10
I72341708,0.0,0.0,0.0,6.792993660413522e-36,351
I72375662,0.0,0.0,0.0,6.792993660413522e-36,352
I72427458,0.0009302325581395349,3.0,0.0,1.14564079024843e-05,2
I72816309,0.00124031007751938,4.0,0.0,0.00021571322088300075,1
I72951846,0.0009302325581395349,3.0,4.497919351632781e-06,0.0005535760898073448,22
I73417466,0.00062015503875969,2.0,0.0005157058495393079,8.823664487365042e-08,2
I73779912,0.00248062015503876,8.0,0.0,2.235555036072366e-05,7
I74319210,0.005271317829457365,18.0,0.0020745383248506524,1.565045348986282e-05,9
I74525822,0.0,0.0,0.0,6.792993660413522e-36,353
I74623043,0.00124031007751938,4.0,0.0,0.0005970236468829656,27
I74656192,0.00806201550387597,27.0,0.0010770187762991134,0.005591973975035565,8
I74760111,0.0018604651162790699,6.0,0.0,1.173870794467355e-06,9
I74775410,0.0,0.0,0.0,6.792993660413522e-36,354
I74796645,0.00124031007751938,4.0,0.0,4.850109579504613e-06,7
I74801974,0.08372093023255814,299.0,0.022791076378361256,0.16820329316236804,16
I74899385,0.000310077519379845,1.0,0.0,3.7563044878939194e-05,27
I74973139,0.04124031007751938,163.0,0.02041260038646368,0.09098246511346866,16
I75027704,0.0009302325581395349,3.0,3.8471156250601114e-07,0.00042624269779918065,11
I75059550,0.000310077519379845,1.0,0.0,8.903712650577212e-31,285
I75124487,0.004651162790697674,15.0,0.0,0.00324978716480582,4
I75357094,0.002170542635658915,7.0,0.0,3.4884379987600996e-05,2
I75381157,0.0027906976744186047,9.0,0.0,0.00012197503336179134,11
I75430998,0.0018604651162790699,6.0,0.0030884644237982573,9.637499056271646e-07,9
I75900474,0.0018604651162790699,7.0,2.790372501550297e-05,3.226658177751204e-05,2
I75951250,0.009302325581395349,30.0,0.00027378731304816383,0.00941728196013245,13
I76130692,0.02356589147286822,84.0,0.015086251676090548,0.010822550259216992,1
I76134821,0.020155038759689922,68.0,0.0026857965915080195,0.019100950223984392,21
I76198965,0.023255813953488372,76.0,0.0017307569794203167,0.016337156018123338,1
I76214153,0.0009302325581395349,3.0,9.234006276394264e-05,0.0005588972959844447,10
I76245029,0.000310077519379845,1.0,0.0,1.0866642955895757e-06,42
I76283144,0.000310077519379845,1.0,0.0,1.3935808326728351e-06,8
I76569877,0.007131782945736434,24.0,0.002752775109342844,0.0039055903802521085,2
I76571253,0.00062015503875969,2.0,0.0,3.949297632741034e-05,1
I76661892,0.0009302325581395349,3.0,0.0,1.1670274245364564e-25,84
I76777374,0.00062015503875969,2.0,0.0,8.772483085637694e-28,116
I76835614,0.000310077519379845,1.0,0.0,0.0008022314839343285,16
I76903346,0.0037209302325581397,12.0,0.0,0.0023835858722981514,27
I77079311,0.000310077519379845,1.0,0.0,8.903712650577212e-31,350
I77920804,0.00496124031007752,16.0,0.0,0.002155306104756579,27
I78037679,0.016434108527131785,53.0,0.00035437944909156725,0.012979727071485678,19
I78137547,0.003410852713178295,11.0,0.0003216501248519821,0.0012937160472607126,10
I78577930,0.03565891472868217,126.0,0.006081079599847002,0.07812045544626685,16
I78650965,0.004031007751937985,13.0,0.0001373660009638292,0.0020429715481201944,19
I78744979,0.0018604651162790699,6.0,0.0015459634139304058,0.001579665380917867,170
I7877124,0.008372093023255815,27.0,0.0005845689573845712,0.00814859303483846,4
I78826914,0.0,0.0,0.0,6.792993660413522e-36,355
I7882870,0.00496124031007752,17.0,0.0006592459124971141,0.0016485264651127272,27
I78880903,0.000310077519379845,1.0,0.0,8.903712650577212e-31,287
I78978612,0.004651162790697674,15.0,0.00036376300428770693,0.000640842242711034,2
I78988378,0.004651162790697674,17.0,0.0008314251779555547,0.0014443092228637806,2
I79156528,0.0015503875968992248,5.0,0.0005157058495393079,8.153967717420267e-06,10
I79161377,0.0018604651162790699,6.0,0.0,1.173870794467355e-06,9
I79510175,0.040620155038759695,133.0,0.01142083248012728,0.06212723358191104,22
I79516672,0.000310077519379845,1.0,0.0,8.903712650577212e-31,132
I79571142,0.0018604651162790699,6.0,0.0,5.506248264933864e-05,27
I79576946,0.028837209302325584,100.0,0.0046334854472163435,0.058705933779949114,16
I79619799,0.03906976744186047,127.0,0.01014168769679122,0.05652018278347383,22
I79620101,0.00434108527131783,14.0,0.0,0.0074406323903322405,21
I79765343,0.0009302325581395349,3.0,0.0,0.0002508221851085238,19
I79817857,0.0018604651162790699,6.0,0.00013068938030947756,0.0008973203681031832,2
I79833322,0.0027906976744186047,9.0,0.0,0.0026601434362081514,21
I79884896,0.00062015503875969,2.0,0.0,6.576391879672014e-05,19
I79889768,0.000310077519379845,1.0,0.0,8.903712650577212e-31,244
I79891267,0.0009302325581395349,3.0,0.0,0.0002853438551572572,1
I79940851,0.00062015503875969,2.0,0.0,7.725163386534975e-06,10
I80143920,0.002170542635658915,7.0,3.686830670499666e-05,6.772526482827848e-05,2
I80180929,0.0009302325581395349,3.0,0.0,0.0018060423801811844,19
I80251312,0.0015503875968992248,5.0,0.0015459634139304058,0.00018669577717957513,42
I80611190,0.000310077519379845,1.0,0.0,8.903712650577212e-31,297
I80687555,0.00062015503875969,2.0,0.0,0.00019453777423037637,21
I8078737,0.000310077519379845,1.0,0.0,8.903712650577212e-31,230
I80850581,0.0,0.0,0.0,6.792993660413522e-36,356
I8087733,0.00248062015503876,8.0,0.0010314116990786158,0.00276736450927546,21
I80947539,0.0009302325581395349,3.0,0.0,2.266023286260299e-06,20
I81365321,0.00124031007751938,4.0,0.0,0.0007625299468977383,16
I81556334,0.000310077519379845,1.0,0.0,1.86414011328434e-29,127
I81605866,0.000310077519379845,1.0,0.0,1.113346014647033e-05,27
I8204097,0.026976744186046512,90.0,0.005705507164331048,0.05123288990400998,16
I82284825,0.0,0.0,0.0,6.792993660413522e-36,357
I82410551,0.0,0.0,0.0,6.792993660413522e-36,358
I82495205,0.00868217054263566,28.0,0.00016499316816703856,0.005708500672927734,1
I82497590,0.007751937984496125,25.0,0.0,0.005637022635039413,1
I82509713,0.0015503875968992248,5.0,0.0,0.00041392471078872955,4
I82571370,0.00434108527131783,14.0,0.003507717805424308,7.949617385621003e-06,9
I82724352,0.00124031007751938,4.0,5.770673437590167e-07,1.8776677768446879e-25,298
I82783531,0.0027906976744186047,9.0,0.0,0.0030612984754321516,4
I82828225,0.0015503875968992248,5.0,0.0015459634139304058,1.466574112149163e-07,10
I82880672,0.00496124031007752,17.0,0.0001985051203906539,0.0028342136396583024,2
I82951845,0.00434108527131783,16.0,0.0013512149299327318,0.0036563286886641968,27
I82952536,0.00124031007751938,4.0,0.0,6.445828593831243e-06,10
I83019370,0.0018604651162790699,6.0,0.0002333072465172798,0.0006931155487755475,4
I83073037,0.000310077519379845,1.0,0.0,8.903712650577212e-31,322
I83202590,0.0018604651162790699,6.0,0.0,5.506248264933864e-05,27
I83205935,0.00062015503875969,2.0,0.0,8.772483085637694e-28,116
I83332908,0.0,0.0,0.0,6.792993660413522e-36,359
I83399316,0.00496124031007752,17.0,5.353902578208656e-06,0.005298565278314372,20
I83436808,0.000310077519379845,1.0,0.0,9.191016475469856e-28,171
I83467386,0.004651162790697674,15.0,0.0,0.006763657749625057,20
I83519826,0.005581395348837209,18.0,0.004643730922569871,0.003924657760461872,12
I83558840,0.00062015503875969,2.0,0.0,0.0006672603118306531,4
I83737708,0.0009302325581395349,3.0,0.0,2.4935766632093195e-07,9
I83809506,0.002170542635658915,7.0,0.0,0.0012237293348083189,27
I83816512,0.0015503875968992248,5.0,2.1944588711280387e-05,0.00014947957327659703,21
I83863532,0.0009302325581395349,3.0,0.0,8.222360309448431e-10,4
I84009706,0.0018604651162790699,6.0,0.0,0.002373275772607346,4
I84058292,0.000310077519379845,2.0,0.0,3.3296323814512575e-27,190
I84218800,0.00434108527131783,14.0,0.000769185826030566,0.0016261840869866632,7
I84248293,0.00062015503875969,2.0,0.0,1.2801775771649857e-07,29
I84339108,0.000310077519379845,1.0,0.0,2.3826158334382164e-05,22
I84392919,0.004651162790697674,17.0,0.0007376240305530441,0.0008972183885040553,7
I84407627,0.0,0.0,0.0,6.792993660413522e-36,360
I84524832,0.00124031007751938,4.0,0.000718665927508673,0.0001204232045137462,1
I848706,0.0,0.0,0.0,6.792993660413522e-36,361
I84884186,0.00248062015503876,8.0,0.0,0.00015712210618228464,27
I84909340,0.0009302325581395349,3.0,0.0,1.1670274245364564e-25,245
I85384741,0.002170542635658915,7.0,0.0,0.0013519527193910981,42
I85461943,0.0031007751937984496,10.0,0.00029909133746631577,9.260280872983954e-08,9
I858936495,0.00062015503875969,2.0,0.0,9.338531448681214e-08,2
I859038795,0.011162790697674419,49.0,0.0005971001366725298,0.015877198713213848,22
I860003557,0.0015503875968992248,5.0,0.0020605151287821956,2.1090551714725974e-05,8
I861853513,0.010232558139534885,33.0,0.0008025915499674646,0.0068014769406782956,7
I86211378,0.0,0.0,0.0,6.792993660413522e-36,362
I862893732,0.0,0.0,0.0,6.792993660413522e-36,363
I863896202,0.0,0.0,0.0,6.792993660413522e-36,364
I864159182,0.0018604651162790699,6.0,0.0,2.5286725828796415e-06,29
I86501945,0.000310077519379845,1.0,0.0,1.546231709200795e-05,20
I86519309,0.015193798449612404,50.0,0.003413569758687836,0.01377225393564052,1
I865915315,0.013953488372093025,47.0,0.002828710395473645,0.009229177212523811,13
I866881858,0.000310077519379845,1.0,0.0,8.903712650577212e-31,317
I86695891,0.00868217054263566,28.0,0.00014172624075099757,0.004710516631723546,20
I867280407,0.004651162790697674,15.0,0.0005157058495393079,0.005066520895836545,20
I8692664,0.00434108527131783,14.0,0.0015459634139304058,0.0029923246909532887,19
I8696757,0.003410852713178295,11.0,0.0,0.0015063824859825026,27
I86987016,0.011162790697674419,36.0,0.002053040836507774,0.006527794111972579,8
I87074743,0.0,0.0,0.0,6.792993660413522e-36,365
I87111246,0.00124031007751938,4.0,0.0,6.478877508089704e-05,2
I87216513,0.0065116279069767444,21.0,0.0005619613919357129,0.004469150141073491,1
I872922937,0.000310077519379845,1.0,0.0,8.903712650577212e-31,291
I872945872,0.000310077519379845,1.0,0.0,0.0007396732868887742,22
I874236823,0.0015503875968992248,5.0,0.0,0.0009481320787457821,2
I87424562,0.007751937984496125,25.0,0.0,0.005637022635039413,1
I87445476,0.00434108527131783,15.0,0.0035137198929974067,0.0004554634673833069,2
I874769580,0.00124031007751938,4.0,0.0,8.153115506553383e-06,10
I87482320,0.00124031007751938,4.0,0.0,6.576593627976383e-07,27
I875944469,0.0018604651162790699,6.0,0.0005157058495393079,1.352040848171092e-05,10
I876193797,0.005271317829457365,17.0,0.006486779427332816,9.37730355054022e-05,9
I8765205,0.0018604651162790699,6.0,0.0,2.5286725828796415e-06,29
I87653560,0.000310077519379845,1.0,0.0,7.027870568639286e-05,4
I87673952,0.000310077519379845,1.0,0.0,8.903712650577212e-31,119
I877506347,0.0,0.0,0.0,6.792993660413522e-36,366
I8778637,0.0009302325581395349,3.0,0.0,7.749771908445655e-06,10
I878213199,0.00062015503875969,2.0,0.0,8.772483085637694e-28,161
I879563668,0.019224806201550388,62.0,0.0015459634139304058,0.04304882851612287,16
I88060688,0.0065116279069767444,22.0,0.000734564925076578,0.0022298854982056807,2
I881427289,0.024496124031007753,84.0,0.0024348809549286426,0.023631694500754495,19
I88155538,0.000310077519379845,1.0,0.0,8.903712650577212e-31,143
I88170914,0.00248062015503876,8.0,0.0,0.00015712210618228464,27
I881766915,0.005581395348837209,18.0,0.003047390608471513,0.0016773878560517018,12
I882248123,0.0018604651162790699,6.0,0.0,7.568108422890731e-06,9
I88273585,0.006201550387596899,33.0,3.987565878038497e-07,0.007578324521776387,22
I8833935,0.025116279069767444,81.0,0.0,0.051706172641858096,22
I884043246,0.002170542635658915,7.0,0.0,0.0012237293348083189,27
I884181516,0.0009302325581395349,3.0,0.0,1.6562616783725864e-05,170
I88491126,0.000310077519379845,1.0,0.0,8.903712650577212e-31,367
I885392262,0.000310077519379845,1.0,0.0,1.3886888284126597e-07,10
I88596544,0.0015503875968992248,5.0,0.0,1.0324012114350876e-08,9
I886582847,0.0027906976744186047,9.0,0.0,0.00012197503336179134,11
I887064364,0.027596899224806203,109.0,0.008134528671719819,0.03341355511735416,22
I88761825,0.022945736434108528,74.0,0.0,0.05630595331590999,16
I887846188,0.0,0.0,0.0,6.792993660413522e-36,368
I887968799,0.01178294573643411,46.0,0.00451983431038662,0.010762726128718189,19
I887998513,0.0031007751937984496,10.0,0.002029510899467074,9.890122930723243e-05,1
I888729015,0.0,0.0,0.0,6.792993660413522e-36,369
I889342715,0.003410852713178295,11.0,0.0,0.002991367628456537,19
I889458895,0.022635658914728685,80.0,0.006510690784072417,0.02876751860849747,11
I889804353,0.0037209302325581397,12.0,0.0,0.00037639249017424036,13
I8901234,0.007751937984496125,25.0,0.0,0.0038046198840423853,1
I89015989,0.000310077519379845,1.0,0.0,8.903712650577212e-31,51
I890469752,0.0018604651162790699,6.0,8.102385466197574e-05,6.354104875380525e-05,2
I891191580,0.0037209302325581397,12.0,0.0013907558719426314,0.0005386078372654379,2
I891521709,0.00062015503875969,2.0,0.0,7.327408879044701e-06,8
I89264055,0.0009302325581395349,3.0,0.0,6.517726527706698e-06,8
I89440247,0.0,0.0,0.0,6.792993660413522e-36,370
I89466785,0.00062015503875969,2.0,0.0,8.244593078370114e-10,10
I89506807,0.00062015503875969,2.0,0.0,6.939350928369922e-06,4
I89652312,0.0015503875968992248,5.0,0.0,0.0002777075634159762,10
I897542642,0.000310077519379845,1.0,0.0,1.0597312417106739e-05,2
I8977528,0.002170542635658915,7.0,0.0005157058495393079,2.02883104154496e-05,10
I89864525,0.014573643410852714,47.0,0.0,0.012794120032578819,19
I899635006,0.020155038759689922,71.0,0.0011952520196147846,0.01984320125162473,19
I899713450,0.0018604651162790699,6.0,0.0015387794732789953,5.200208003530076e-05,27
I90023481,0.002170542635658915,7.0,0.0021307978139695817,0.0016743735510162795,8
I900890020,0.00062015503875969,2.0,0.0,0.0005034557704537967,29
I90090648,0.0009302325581395349,3.0,0.0005235095942699315,3.690953345594519e-05,2
I90149893,0.0009302325581395349,3.0,0.0,9.450698057186243e-05,2
I90183372,0.003410852713178295,11.0,0.0,0.002307442614349223,4
I901861585,0.025736434108527134,83.0,4.9223844422644126e-05,0.05267943439610111,22
I90259746,0.000310077519379845,1.0,0.0,3.6785703023481485e-05,2
I90267481,0.004651162790697674,18.0,0.0002905019790841082,0.0024241024739735093,11
I90326151,0.000310077519379845,1.0,0.0,2.129738111000867e-07,4
I90329211,0.0,0.0,0.0,6.792993660413522e-36,371
I90344618,0.025116279069767444,81.0,0.0,0.051706172641858096,22
I903994226,0.0009302325581395349,3.0,0.0,0.0001880516454119709,2
I904495901,0.00062015503875969,2.0,0.0,1.7201174983552218e-05,42
I905225518,0.0015503875968992248,5.0,0.0,0.0006224791430985302,29
I90523175,0.00248062015503876,8.0,0.0,0.0002797390055232096,1
I90546491,0.000310077519379845,1.0,0.0,8.903712650577212e-31,264
I90610274,0.0027906976744186047,9.0,0.0006863006608231368,8.039199019988008e-07,27
I90610280,0.012093023255813955,42.0,0.0016492583087551692,0.008443522608603735,1
I90678064,0.000310077519379845,1.0,0.0,3.2022505849856483e-07,19
I90727586,0.00062015503875969,2.0,0.0,4.3169597125431103e-07,12
I90731587,0.0009302325581395349,3.0,0.0,0.0015291000629590384,22
I90745801,0.0,0.0,0.0,6.792993660413522e-36,372
I909854389,0.000310077519379845,1.0,0.0,7.323202799984941e-06,11
I91045830,0.005271317829457365,17.0,0.0010198756905758287,0.002190116789633041,2
I91090688,0.00062015503875969,4.0,0.0,5.182642868357487e-24,17
I91123046,0.00124031007751938,4.0,0.0,5.76563241473714e-05,2
I91136226,0.009612403100775194,32.0,0.005324789120741352,0.004896554236976968,20
I911458345,0.00248062015503876,8.0,0.0,0.0016571981620593951,42
I91203450,0.0015503875968992248,5.0,0.0,0.00024274436915183966,2
I91277730,0.0015503875968992248,5.0,0.0,1.2130929559324088e-06,9
I913481162,0.023255813953488372,75.0,0.0026318670476290864,0.016096113833544416,19
I91357014,0.002170542635658915,7.0,0.0020605151287821956,0.0006267385429960828,9
I913958620,0.00434108527131783,14.0,0.0005913820730962524,0.0032300870669511703,4
I91450128,0.0009302325581395349,3.0,0.0,1.7628786869080994e-07,9
I91633459,0.0,0.0,0.0,6.792993660413522e-36,373
I916559398,0.0009302325581395349,3.0,0.0,5.73097816795182e-06,11
I91712215,0.0009302325581395349,3.0,0.0,0.0005804625981919498,42
I918919364,0.00062015503875969,2.0,0.0,2.618627824909897e-05,2
I919571938,0.00124031007751938,4.0,0.0,0.001946273038147287,2
I92008406,0.000310077519379845,1.0,0.0,6.759010154697182e-05,42
I92039509,0.0031007751937984496,10.0,0.0,0.0008936595838363236,1
I92156820,0.00062015503875969,2.0,0.0,0.0009450341100447476,1
I921716337,0.0,0.0,0.0,6.792993660413522e-36,374
I921990950,0.004031007751937985,14.0,0.00013782425600764804,0.0029926871480339817,42
I922237871,0.022945736434108528,74.0,0.0,0.05630595331590999,16
I9224756,0.002170542635658915,7.0,0.00027823648407640614,0.0003667931110336835,2
I923003605,0.0009302325581395349,3.0,0.0,1.1670274245364564e-25,142
I92403157,0.00496124031007752,17.0,0.001388010091205374,0.0017979373843334692,2
I92446798,0.01984496124031008,66.0,0.00046447774112013686,0.019326533158375,19
I92449659,0.0,0.0,0.0,6.792993660413522e-36,375
I92528248,0.0018604651162790699,7.0,0.0,2.157498406158883e-06,9
I926082481,0.00248062015503876,8.0,0.0,5.366390729099296e-05,7
I92614990,0.000310077519379845,1.0,0.0,0.0011137035773568455,16
I926574661,0.01550387596899225,50.0,1.9462395405645927e-05,0.013611680555433612,19
I92715842,0.0,0.0,0.0,6.792993660413522e-36,376
I927504317,0.0,0.0,0.0,6.792993660413522e-36,377
I928334797,0.00124031007751938,4.0,0.0,0.00011875941024332082,19
I92869138,0.00248062015503876,9.0,3.0552204595715446e-05,0.0003825258218574495,29
I929267784,0.000310077519379845,1.0,0.0,2.010614611976573e-05,2
I929597975,0.0009302325581395349,3.0,0.0,3.137883893568343e-05,19
I9300472,0.00124031007751938,4.0,0.0003213269359028071,0.0002789196855503135,7
I930072361,0.00248062015503876,8.0,0.001032349967833839,0.0012251603905790785,10
I93477617,0.00124031007751938,4.0,0.0015459634139304058,0.000564335463012056,10
I9360294,0.02046511627906977,67.0,0.002710366631184047,0.019917786099969418,21
I93860229,0.0027906976744186047,9.0,0.00199122948861826,0.0008675117952821036,21
I93906172,0.0009302325581395349,3.0,0.0,7.228562088560742e-06,9
I94062374,0.00124031007751938,4.0,0.0,0.00019020914730194256,1
I94509681,0.026356589147286825,88.0,0.004974608148429635,0.025477074958299158,19
I94518387,0.0009302325581395349,3.0,0.0,0.0015791603061294447,170
I94624287,0.0065116279069767444,21.0,0.001043849637623081,0.002179328443289834,4
I94625822,0.00062015503875969,2.0,0.0,2.0731496120794693e-05,4
I94626330,0.000310077519379845,1.0,0.0,8.903712650577212e-31,367
I94722563,0.005581395348837209,18.0,0.0006315564362335675,0.00658012709537444,42
I94948490,0.000310077519379845,1.0,0.0,1.3748929660740903e-07,9
I94951947,0.0,0.0,0.0,6.792993660413522e-36,378
I95023434,0.0015503875968992248,5.0,0.0,1.2842136058635643e-07,10
I95293974,0.00496124031007752,16.0,0.0,0.002159700071607699,2
I95457486,0.0462015503875969,182.0,0.0137032408822878,0.09171864046312166,16
I95634034,0.0,0.0,0.0,6.792993660413522e-36,379
I95793202,0.002170542635658915,7.0,0.0,0.0012237293348083189,27
I9617848,0.0018604651162790699,6.0,0.0019658403881276923,0.0009327343331243892,27
I96673099,0.004651162790697674,20.0,1.4090518966738024e-05,0.0049407415095475025,42
I96679780,0.0,0.0,0.0,6.792993660413522e-36,380
I96690311,0.000310077519379845,1.0,0.0,2.2964388948890986e-07,7
I96733725,0.00124031007751938,4.0,0.0009461949908680656,0.00011118839162526101,2
I96749437,0.004651162790697674,15.0,0.0032618652404386005,0.002994560391984629,19
I96908189,0.000310077519379845,1.0,0.0,5.23438817466043e-05,21
I96916377,0.0009302325581395349,3.0,0.0,1.5378975673905878e-09,10
I9694494,0.0009302325581395349,3.0,0.0,2.2119899918984906e-07,8
I97018004,0.09798449612403101,391.0,0.1273409423140246,0.14835498881349057,21
I97188460,0.005271317829457365,19.0,2.1067537946757754e-06,0.00615160531417252,11
I97455420,0.0009302325581395349,3.0,0.0,1.3235448930379148e-05,10
I97565354,0.0065116279069767444,22.0,0.0010312852938509352,0.01107422924229863,11
I97663771,0.00062015503875969,2.0,0.0,1.466105084189348e-07,10
I98220444,0.00062015503875969,2.0,0.0,8.772483085637694e-28,63
I98251732,0.0031007751937984496,10.0,0.00011049027863779865,0.0021591556581943123,11
I98259816,0.00682170542635659,25.0,0.00037296757589330714,0.010027225133202849,4
I98285908,0.00868217054263566,28.0,0.0005197368689063345,0.006388625884013988,8
I98301712,0.00496124031007752,18.0,0.0009019712676379381,0.0016812077976565123,2
I98358874,0.011162790697674419,36.0,0.0018752034630760523,0.0032530587805006442,4
I98381234,0.00124031007751938,4.0,0.0,0.0014074849033826155,2
I9842412,0.004651162790697674,16.0,0.003527081203139025,0.0005909514085430651,2
I98461037,0.0,0.0,0.0,6.792993660413522e-36,381
I98635879,0.00248062015503876,8.0,0.0,0.00010638259536904624,2
I98677209,0.07255813953488373,261.0,0.018630677206084714,0.13088331586069676,22
I98905743,0.00062015503875969,2.0,0.0,2.2703802089032664e-27,77
I99041443,0.00062015503875969,2.0,0.0,0.0010813048070157211,16
I99043593,0.012093023255813955,42.0,0.0015819582082223383,0.004009514711140592,27
I99065089,0.028217054263565893,113.0,0.023108960305610205,0.02386236482252319,2
I9916479,0.00496124031007752,17.0,0.000366951792423545,0.004800641159568849,21
I99165933,0.00124031007751938,4.0,0.0,6.576593627976383e-07,27
I9927081,0.0065116279069767444,25.0,0.0016810258771987594,0.004038129368635952,7
I99297268,0.0,0.0,0.0,6.792993660413522e-36,3
I99464096,0.00992248062015504,35.0,0.0004613249666916931,0.0030351870296281233,4
I99542240,0.00248062015503876,8.0,0.0014895809324341328,5.88049989684111e-05,2
I99574509,0.0009302325581395349,3.0,0.0,1.1670274245364564e-25,142
I99682543,0.0018604651162790699,6.0,0.0030901956258295345,7.841009052453348e-08,4
I99861883,0.00062015503875969,2.0,0.0,1.233619284371892e-05,29
RAW_ANTHROPIC,0.0,0.0,0.0,6.792993660413522e-36,53
RAW_GOOGLE_DEEPMIND,0.00062015503875969,3.0,0.0,0.0022655225235023143,16
RAW_HUGGING_FACE,0.007131782945736434,25.0,2.0516423367136056e-06,0.010100617527315994,2
RAW_META,0.01736434108527132,87.0,0.007307161810948952,0.041167164975644197,11
RAW_MICROSOFT,0.0009302325581395349,3.0,0.0,0.0012591775208527283,16
RAW_NVIDIA,0.00248062015503876,8.0,4.635774328197434e-06,0.001853965849857487,21
RAW_XAI,0.0037209302325581397,14.0,0.000248237765468425,0.000958203866955936,29
