id,degree_centrality,weighted_degree,betweenness_centrality,eigenvector_centrality,community
I100005738,0.003138075313807531,12.0,0.0,0.0029040507612868548,0
I100066346,0.015428870292887028,60.0,0.000972886983046807,0.004761428570433829,1
I100116408,0.0015690376569037654,6.0,0.0,8.122116555123287e-08,2
I100135526,0.0010460251046025104,4.0,0.0,0.0035836178291722785,3
I100188998,0.0002615062761506276,1.0,0.0,0.0005909912206007487,3
I100288624,0.0002615062761506276,1.0,0.0,1.594670487001461e-07,0
I100296615,0.0010460251046025104,4.0,0.0,6.849255921083574e-07,1
I100357981,0.0007845188284518827,3.0,0.0,0.00031596609265394375,3
I100445878,0.0010460251046025104,4.0,0.0,0.001953138851518854,1
I10052268,0.0002615062761506276,1.0,0.0,3.650839195777025e-29,4
I100532134,0.014905857740585773,62.0,0.00027655441110303154,0.004130614811589538,1
I100621029,0.0,0.0,0.0,3.211818884300829e-35,5
I100681346,0.0007845188284518827,3.0,0.0,0.0005575845616129631,0
I100930933,0.008368200836820083,33.0,0.0019921523339915823,0.005554357318397827,81
I101100930,0.0010460251046025104,4.0,0.0,2.8604547995068976e-06,7
I101202996,0.003922594142259414,17.0,0.0009106896890470111,0.0006739841616509677,81
I101407740,0.0007845188284518827,3.0,2.7361368155964175e-07,3.962190220493283e-27,8
I101479585,0.001830543933054393,7.0,0.0,0.0014128688830764222,3
I102064193,0.0002615062761506276,1.0,0.0,9.497406536208374e-06,9
I102134673,0.006276150627615062,24.0,0.0016923655592779496,0.0016052572637641166,79
I10213569,0.0,0.0,0.0,3.211818884300829e-35,11
I102149020,0.004445606694560669,18.0,0.00023505597640814232,0.0027203982063270637,12
I102248843,0.0020920502092050207,8.0,9.505908338822855e-05,0.0002784741076754517,13
I102272798,0.0007845188284518827,3.0,0.0,7.957976482176832e-07,14
I102322142,0.019089958158995814,82.0,0.0024555665950187298,0.02253233273774605,9
I102335020,0.0020920502092050207,8.0,0.0008837796832408277,0.00026307442705034975,12
I102461120,0.001307531380753138,5.0,0.0,0.00011381472169837125,15
I102502594,0.0005230125523012552,2.0,0.0,9.105068306509532e-05,0
I102669525,0.0005230125523012552,2.0,0.0,3.4252858847494853e-06,16
I102782458,0.0005230125523012552,2.0,0.0,3.1761041367767525e-05,17
I102913810,0.0010460251046025104,4.0,0.0,4.900846686250047e-24,18
I103163165,0.0020920502092050207,8.0,0.0005655397187956668,0.0008997442433771471,0
I103320735,0.0007845188284518827,3.0,0.0,1.7848332223009677e-09,19
I103356709,0.0,0.0,0.0,3.211818884300829e-35,20
I103562704,0.0005230125523012552,2.0,0.0,8.857155389493645e-07,12
I103605164,0.0007845188284518827,3.0,0.0,7.270102796224547e-06,2
I103635307,0.003138075313807531,12.0,0.0012546961445365416,0.0037610718378079016,17
I104234503,0.0002615062761506276,1.0,0.0,4.5270576806180895e-05,79
I104338594,0.0,0.0,0.0,3.211818884300829e-35,22
I104588304,0.0005230125523012552,2.0,0.0,1.0661127925595895e-07,23
I104914703,0.0,0.0,0.0,3.211818884300829e-35,24
I104941359,0.0015690376569037654,6.0,0.00019981974591243306,5.2514100279544514e-05,79
I105086349,0.003922594142259414,15.0,0.0,0.005314384865692501,3
I10535382,0.006276150627615062,25.0,0.00035833865158575685,0.010617117475189886,3
I105454292,0.0002615062761506276,1.0,0.0,2.5647245138541185e-08,13
I105991555,0.0005230125523012552,2.0,0.0,0.0004881308161072659,25
I106118109,0.00653765690376569,25.0,9.576478854587462e-07,0.0038069327245968307,9
I106157433,0.0015690376569037654,6.0,0.0,0.00013299956099412086,9
I106165777,0.013336820083682007,55.0,0.0018193341378434475,0.013263121412441212,79
I106460735,0.0007845188284518827,3.0,0.0,2.0207917049246684e-06,26
I10660446,0.002353556485355648,9.0,1.140057006498507e-06,0.0032323197302091687,3
I106663880,0.0002615062761506276,1.0,0.0,8.046790918777246e-07,0
I106778892,0.005753138075313807,22.0,0.005070703948826292,0.0035143755148258457,23
I106785703,0.003138075313807531,15.0,4.670976420911027e-07,0.0005117899755586253,1
I106938459,0.001307531380753138,5.0,2.7361368155964175e-07,0.0010530230258103755,0
I106980716,0.0007845188284518827,3.0,0.0,1.379465706874727e-25,27
I107077323,0.0007845188284518827,3.0,0.0,3.470542925916787e-05,17
I107326029,0.0005230125523012552,2.0,0.0,2.296134024659041e-05,28
I107606265,0.013859832635983262,68.0,0.00011659591016861528,0.008920939421476258,0
I107639228,0.0054916317991631795,22.0,0.001283677805140883,0.002604346116706919,0
I107672454,0.001830543933054393,7.0,0.00045105215405106944,0.000707958096113946,9
I107720978,0.0,0.0,0.0,3.211818884300829e-35,29
I107982497,0.0,0.0,0.0,3.211818884300829e-35,30
I108103353,0.0005230125523012552,4.0,0.0,1.3530072309018237e-05,12
I108192572,0.0,0.0,0.0,3.211818884300829e-35,31
I108290504,0.0005230125523012552,2.0,0.0,0.00010205169442365083,9
I108377266,0.0002615062761506276,1.0,0.0,4.877330201834884e-05,3
I108468826,0.001307531380753138,5.0,0.0,0.0008049584647529729,0
I108526665,0.0010460251046025104,4.0,0.0,9.276758723569063e-06,32
I108688024,0.019351464435146442,87.0,0.0025221428544343577,0.040517600080079055,3
I108904480,0.0007845188284518827,3.0,0.0,5.913073135421921e-05,3
I108970525,0.0010460251046025104,4.0,0.0,4.900846686250047e-24,33
I109173049,0.0007845188284518827,3.0,0.0,0.002005331367104921,3
I109556086,0.0007845188284518827,3.0,0.0,0.00178068378709194,3
I109689652,0.001307531380753138,6.0,0.0013523356211085293,6.991979259281071e-05,23
I109703491,0.001830543933054393,7.0,0.0,7.607060530349826e-05,16
I109736498,0.0007845188284518827,3.0,0.0,0.0004986402466225909,0
I109935558,0.0033995815899581588,17.0,0.001083708548895312,0.0073501240550366675,3
I109954829,0.0002615062761506276,4.0,0.0,1.4170144806033717e-05,34
I110002522,0.0005230125523012552,2.0,0.0,3.980552428752249e-07,35
I110017253,0.0015690376569037654,6.0,0.0,0.00011546161108098837,81
I11019714,0.0005230125523012552,2.0,0.0,2.1629664139656033e-07,36
I110273157,0.0007845188284518827,3.0,0.0,0.00030763484878828693,0
I110360157,0.003922594142259414,15.0,0.002932343362551626,0.0010781957115112433,23
I110525433,0.0005230125523012552,2.0,0.0,0.00014262560026281548,0
I111088046,0.010198744769874476,39.0,2.1939257033057274e-05,0.009300190389029066,79
I111112146,0.0,0.0,0.0,3.211818884300829e-35,37
I111149068,0.011244769874476987,45.0,6.840342038991043e-07,0.02965290347572379,3
I111236770,0.002353556485355648,9.0,6.090243752455624e-06,0.0005095571567103355,79
I111262870,0.0028765690376569035,11.0,0.0,0.0005880228581931345,9
I111277659,0.0028765690376569035,11.0,0.0,0.00012033817746779641,2
I111483173,0.002615062761506276,15.0,2.052102611697313e-07,0.014559215611015053,3
I111599522,0.0005230125523012552,2.0,2.052102611697313e-07,9.491486436960425e-05,12
I111753288,0.0010460251046025104,4.0,0.0,0.00118427320878483,3
I1118541,0.0002615062761506276,1.0,0.0,2.1048976240153915e-30,38
I111950717,0.011244769874476987,47.0,0.0018196358676162159,0.025265739765893268,3
I111979921,0.016474895397489538,66.0,0.0036763547723601057,0.010189002458732617,0
I112471378,0.0,0.0,0.0,3.211818884300829e-35,39
I11265461,0.0002615062761506276,1.0,0.0,9.825520285874533e-05,9
I112936343,0.001307531380753138,5.0,0.0,0.0001447790533032706,1
I112991645,0.0010460251046025104,4.0,0.0,6.849255921083574e-07,1
I113358080,0.0020920502092050207,8.0,0.0,2.2548479156791055e-05,14
I113409471,0.0002615062761506276,1.0,0.0,3.292826622975836e-05,0
I113428412,0.002353556485355648,9.0,0.0,0.00012845371508740772,1
I113643904,0.0,0.0,0.0,3.211818884300829e-35,40
I113940042,0.005753138075313807,25.0,0.0025333651906520147,0.013002062214817256,3
I113992204,0.0,0.0,0.0,3.211818884300829e-35,41
I114017466,0.0198744769874477,95.0,0.00925802254997393,0.026506628099719504,16
I114027177,0.012290794979079497,50.0,0.00045015544739468563,0.0037383072871687035,14
I11406153,0.0005230125523012552,2.0,0.0,0.00013610777043960757,3
I114090438,0.003661087866108786,14.0,1.4250712581231344e-05,0.0003289016144356647,9
I114112103,0.0015690376569037654,6.0,0.0,5.572532275180793e-05,14
I114203471,0.004968619246861925,19.0,0.0,0.003453071314094552,9
I114218197,0.001830543933054393,7.0,0.0,0.0005144565555415542,12
I114234892,0.001830543933054393,7.0,0.00045105215405106944,0.002273806292435563,12
I114376631,0.0002615062761506276,1.0,0.0,2.1048976240153915e-30,42
I114395901,0.0020920502092050207,8.0,0.00045570358663758336,0.0006942937836905829,0
I114457229,0.010198744769874476,40.0,0.0008565455111953296,0.0015098856934793869,14
I114499477,0.001307531380753138,5.0,0.0,0.00019446985424774693,1
I114724429,0.0010460251046025104,4.0,4.104205223394626e-07,2.1726831338344862e-25,43
I114794399,0.0007845188284518827,3.0,0.0,2.9930437655379195e-05,23
I114796046,0.0,0.0,0.0,3.211818884300829e-35,44
I114832834,0.0015690376569037654,6.0,0.0,0.00338126851018824,3
I114972647,0.0054916317991631795,22.0,0.002184356637289339,0.0004709250252402622,23
I115228651,0.017782426778242676,86.0,0.0006649394285797546,0.05222696068438415,25
I115441956,0.0041841004184100415,16.0,0.0,0.003880075859222794,9
I115592961,0.0010460251046025104,4.0,0.0,0.003353313556006071,12
I115602675,0.0005230125523012552,2.0,0.0,1.3825827141502903e-27,45
I115752224,0.0002615062761506276,1.0,0.0,2.1048976240153915e-30,46
I115953327,0.0,0.0,0.0,3.211818884300829e-35,47
I116067653,0.0033995815899581588,13.0,0.0001424210076599763,0.00037582820673789886,34
I116130893,0.0010460251046025104,4.0,0.0,3.363430962075187e-05,23
I116265982,0.003138075313807531,12.0,0.00043025751425253663,0.004681039914522704,3
I11662577,0.0015690376569037654,6.0,0.0,0.002649785829277778,28
I116631150,0.0033995815899581588,18.0,1.363508179772215e-06,0.000424085606630163,2
I116953780,0.024843096234309622,115.0,0.014288799695299316,0.05284375217334429,3
I11701301,0.005230125523012552,23.0,0.0002535714793853978,0.010581416894966953,3
I117222138,0.001307531380753138,5.0,0.0,8.541249108276984e-05,23
I1174212,0.025627615062761504,106.0,0.0049953098063824685,0.011989108792173938,9
I117532281,0.002615062761506276,10.0,0.0,0.0029587189435609875,3
I117942362,0.001307531380753138,5.0,0.0,0.00019446985424774693,1
I117963711,0.0010460251046025104,4.0,0.0,5.164993223831412e-06,9
I117965899,0.0010460251046025104,4.0,2.2573128728670446e-06,0.0005651185021036975,0
I118019719,0.003138075313807531,12.0,5.244262229893134e-07,0.0008963606534760533,0
I118073183,0.0,0.0,0.0,3.211818884300829e-35,48
I118118575,0.0020920502092050207,8.0,0.0,0.0026118641255945922,12
I118292597,0.0007845188284518827,3.0,0.0,1.379465706874727e-25,49
I118347220,0.0007845188284518827,3.0,0.0,4.4841618718283353e-05,28
I118347636,0.009414225941422593,39.0,7.243694207890216e-05,0.010853252243740496,16
I118373667,0.0007845188284518827,3.0,0.0,0.0002625186574623772,12
I118501908,0.01072175732217573,41.0,0.0,0.006955386027812776,12
I118564535,0.007060669456066945,30.0,0.0007364176895993639,0.001381973741365385,14
I118568048,0.004968619246861925,19.0,0.0,0.0013408263806257469,0
I118574674,0.0,0.0,0.0,3.211818884300829e-35,50
I118590987,0.0015690376569037654,6.0,0.0,6.028663391443737e-06,79
I118692353,0.0007845188284518827,3.0,0.0,1.379465706874727e-25,49
I1187138,0.0010460251046025104,4.0,0.0,0.0006599899943736554,9
I11874761,0.0007845188284518827,3.0,4.104205223394626e-07,6.228016316113974e-05,0
I118803816,0.0007845188284518827,3.0,0.0,6.755040179412156e-05,3
I118905719,0.002353556485355648,9.0,0.0,0.0002510600888132101,16
I11892038,0.0015690376569037654,6.0,0.0,8.122116555123287e-08,2
I118946981,0.0005230125523012552,2.0,0.0,1.3825827141502903e-27,51
I118987531,0.0005230125523012552,2.0,0.0,5.396951566704738e-05,3
I119003972,0.001307531380753138,5.0,0.0013523356211085295,2.0887078361392244e-07,19
I119004910,0.0,0.0,0.0,3.211818884300829e-35,52
I119045251,0.0,0.0,0.0,3.211818884300829e-35,53
I119060216,0.0,0.0,0.0,3.211818884300829e-35,54
I119096390,0.0002615062761506276,1.0,0.0,4.903829808612563e-08,9
I11912373,0.0007845188284518827,3.0,0.0,6.2115329881792385e-06,79
I119203015,0.0005230125523012552,2.0,0.0,1.3448639226839601e-05,79
I11923345,0.0002615062761506276,1.0,0.0,1.7879036342160864e-05,0
I119241673,0.0002615062761506276,1.0,0.0,2.1048976240153915e-30,55
I11932220,0.002615062761506276,10.0,0.00010241115802847426,0.00017482761850828426,14
I119439378,0.0005230125523012552,2.0,0.0004510521540510695,6.395549750044576e-07,9
I119443389,0.0005230125523012552,2.0,0.0,3.85111332000572e-06,0
I119449181,0.0007845188284518827,3.0,0.0,0.00040223210984066383,3
I119454577,0.0007845188284518827,3.0,7.889194484969669e-06,0.0005137068893898403,3
I11957088,0.0010460251046025104,4.0,0.0,0.0005609695198217557,13
I119664326,0.0015690376569037654,6.0,0.00045105215405106944,8.692080176115115e-07,23
I119744171,0.0005230125523012552,2.0,0.0,2.8915797326613266e-06,16
I11983389,0.002615062761506276,10.0,0.0,0.0003172939575067576,16
I119856527,0.0002615062761506276,1.0,0.0,2.1048976240153915e-30,56
I119939252,0.0007845188284518827,3.0,0.00045105215405106944,3.059914698009167e-06,13
I119942284,0.0005230125523012552,2.0,0.0,8.010621979440753e-08,57
I120125038,0.002615062761506276,10.0,0.00042263681059556506,0.0002764121493358315,16
I120156002,0.0033995815899581588,13.0,0.0,0.0019548411977185318,0
I120230055,0.001830543933054393,7.0,0.0,0.0002947014813515608,25
I120238654,0.0002615062761506276,1.0,0.0,2.1048976240153915e-30,58
I120250893,0.0020920502092050207,8.0,0.000487678765498847,0.00269167280433007,3
I120691247,0.0033995815899581588,13.0,0.0,0.0012319961497132788,14
I12079687,0.003661087866108786,14.0,0.00016436201862688978,0.00035029144974888334,13
I12093191,0.001307531380753138,5.0,0.0,0.0016253003493877376,1
I12097938,0.0002615062761506276,1.0,0.0,3.5749687180466324e-06,16
I121243025,0.002353556485355648,9.0,0.0,6.248490833118855e-06,23
I121296143,0.0005230125523012552,2.0,0.0,1.1285438547703199e-05,0
I121345201,0.0002615062761506276,1.0,0.0,8.157552042859887e-06,81
I121748325,0.0020920502092050207,8.0,0.0,0.0006995231694139416,9
I121750182,0.0005230125523012552,2.0,0.0,1.3825827141502903e-27,59
I121797337,0.001307531380753138,5.0,2.2277073924982886e-05,3.950181316407499e-05,57
I121799043,0.0010460251046025104,6.0,0.0,0.00038826683329184667,60
I121820613,0.0002615062761506276,1.0,0.0,2.1048976240153915e-30,61
I121847817,0.0020920502092050207,8.0,2.052102611697313e-06,0.0015317682579252707,1
I121883995,0.0054916317991631795,21.0,6.014823837362381e-06,0.0015286206710204183,14
I121934306,0.004968619246861925,19.0,1.3201860135252714e-05,0.002727998548693681,81
I121980950,0.001307531380753138,5.0,0.0,8.628687086033131e-05,57
I122140584,0.001830543933054393,7.0,0.00045105215405106944,5.607089239565477e-05,81
I122266389,0.0015690376569037654,6.0,0.0,5.60669855739002e-05,81
I122346577,0.00993723849372385,39.0,0.0005531598585542478,0.0007740169204388912,9
I122411786,0.0028765690376569035,11.0,0.00045542997295602367,0.0007921520986522214,1
I122534668,0.0005230125523012552,2.0,0.0,1.3825827141502903e-27,62
I122991210,0.0015690376569037654,6.0,2.4306015378548177e-05,0.00018887466794218594,9
I123044942,0.0005230125523012552,4.0,0.0,4.9008466862500444e-24,63
I12315562,0.0015690376569037654,9.0,4.314822612080893e-05,0.00015123656170660835,0
I123387679,0.01412133891213389,57.0,0.0013974105435703218,0.004962051342866133,1
I123431417,0.006276150627615062,24.0,4.104205223394626e-07,0.014684271188686555,25
I123466251,0.0005230125523012552,2.0,0.0,0.0005487633017586918,3
I123534392,0.0002615062761506276,1.0,0.0,2.1048976240153915e-30,58
I123565023,0.0007845188284518827,4.0,0.0,6.005856946167626e-07,23
I123791789,0.001307531380753138,5.0,0.0,3.434883443082336e-05,1
I123900574,0.0007845188284518827,3.0,0.0009018306944205791,3.2932943570564655e-05,64
I12393601,0.0015690376569037654,6.0,0.0,0.003817710078241446,3
I123946342,0.002353556485355648,10.0,0.0004533778703443264,0.0002176160461012748,0
I124055696,0.008629707112970711,36.0,0.004224709409379158,0.0036536674084899617,34
I12411659,0.0041841004184100415,16.0,1.3110655574732832e-05,0.0005608181709465745,3
I124121301,0.0005230125523012552,2.0,0.0,1.2048500235932826e-06,0
I124158823,0.0010460251046025104,4.0,0.0,2.0121889528570947e-07,81
I124227911,0.0033995815899581588,13.0,0.0017664181694181523,0.0014443349907699787,9
I124261006,0.002615062761506276,10.0,0.0,0.0011914932282989512,1
I124261462,0.0010460251046025104,4.0,0.0,4.900846686250047e-24,33
I124357947,0.0010460251046025104,4.0,0.0,0.0006824756667308738,14
I124386471,0.0007845188284518827,3.0,0.0,0.00018898323131254566,12
I124601658,0.0010460251046025104,4.0,0.0,4.900846686250047e-24,65
I124633538,0.0005230125523012552,2.0,0.0,3.2746396515568034e-05,3
I125467818,0.0,0.0,0.0,3.211818884300829e-35,66
I125485651,0.0010460251046025104,4.0,0.0,7.549212454253484e-08,23
I125680101,0.003661087866108786,17.0,4.791659598313227e-06,0.001814736202082875,81
I125749732,0.006014644351464434,24.0,5.096054819048327e-06,0.009377762805396136,1
I125768316,0.001307531380753138,6.0,0.0,0.00013286343707609907,81
I125839683,0.02170502092050209,102.0,0.005631262886878674,0.05005618049535256,3
I125904092,0.002615062761506276,10.0,0.0004885621023957913,0.002547902319719264,3
I12607205,0.0007845188284518827,3.0,0.0,7.957976482176832e-07,14
I12615008,0.0010460251046025104,4.0,0.0,0.0015624507753011884,12
I126193024,0.0020920502092050207,8.0,0.0,5.175429365501405e-05,13
I126231945,0.004445606694560669,21.0,0.0018656174068403181,0.008316884055893335,3
I126307644,0.003661087866108786,14.0,4.840226026790064e-05,0.0013699972954641449,0
I126345244,0.0010460251046025104,4.0,0.0,0.0007324862337895444,3
I126427551,0.0010460251046025104,4.0,0.0,1.6622288689729444e-05,81
I12649496,0.002615062761506276,10.0,0.0009572032632262116,1.2625520741497856e-05,23
I126520041,0.023274058577405856,125.0,0.010500379576124718,0.07386133170874239,3
I126527374,0.0010460251046025104,4.0,0.0,5.164993223831412e-06,9
I126744593,0.001830543933054393,7.0,1.3680684077982086e-06,1.2998437930446317e-22,67
I126924076,0.0010460251046025104,4.0,2.7361368155964175e-07,0.0010501729769173116,3
I12708293,0.005753138075313807,22.0,0.00012649226439626426,0.002845723052390583,0
I127108677,0.0002615062761506276,1.0,0.0,2.1048976240153915e-30,68
I127362389,0.0007845188284518827,3.0,0.0,0.00015654083888079097,3
I127845322,0.0010460251046025104,4.0,0.0,0.00017701899916084906,81
I1279696364,0.0002615062761506276,1.0,0.0,2.1048976240153915e-30,69
I1280536761,0.0,0.0,0.0,3.211818884300829e-35,70
I1280581677,0.002353556485355648,9.0,0.0,0.002404216596961719,0
I1280640908,0.0,0.0,0.0,3.211818884300829e-35,71
I1281504905,0.003138075313807531,13.0,0.0,0.003773844396689718,0
I1281802846,0.0015690376569037654,6.0,0.0009018306944205791,5.427751451286476e-07,23
I1282105669,0.0020920502092050207,8.0,0.00045105215405106944,0.005824247988719738,3
I1282311441,0.0010460251046025104,5.0,2.5607960479969458e-05,0.00013291628167300573,23
I1282516798,0.001830543933054393,7.0,0.0,0.00042433559494235837,0
I1282691321,0.0,0.0,0.0,3.211818884300829e-35,72
I1282776028,0.0005230125523012552,2.0,0.0,0.00039475093071743316,16
I1282927834,0.011244769874476987,57.0,0.00014791098918960781,0.006408243362983466,0
I12832649,0.003138075313807531,16.0,0.0018105929354406696,0.001178276130938466,2
I1283280774,0.02928870292887029,151.0,0.009766070691702301,0.03401777791590209,0
I1283595831,0.0002615062761506276,1.0,0.0,0.0013439958609409504,3
I1283613182,0.0020920502092050207,9.0,0.0008999153986496617,0.0003328682551934363,7
I1284584826,0.0002615062761506276,1.0,0.0,0.0002521047609276003,14
I1284598098,0.0007845188284518827,4.0,6.840342038991044e-08,0.0003265513673991714,1
I1284762954,0.00653765690376569,26.0,0.0006234857762839685,0.007892266852120824,79
I1285013897,0.002615062761506276,10.0,0.0,0.0005892136006256874,1
I1285072804,0.0041841004184100415,16.0,0.0,0.0009681016029106314,14
I1285301757,0.0033995815899581588,13.0,0.0,0.0022374136485260993,0
I1285739803,0.001830543933054393,7.0,0.0,0.0019530476078470193,1
I1285764155,0.0007845188284518827,3.0,0.0,2.916215117219807e-06,16
I1286353243,0.0005230125523012552,2.0,0.0,0.0007568693186032545,3
I1286825341,0.0,0.0,0.0,3.211818884300829e-35,73
I1287097855,0.0005230125523012552,2.0,0.0,5.795998773711498e-06,0
I1287163989,0.0010460251046025104,4.0,0.0,7.336319277228678e-05,2
I1287378978,0.0005230125523012552,2.0,0.0,0.00037247138926501826,1
I1288214837,0.010460251046025104,40.0,0.0,0.0040483993824184505,1
I1288675226,0.0028765690376569035,11.0,0.0,0.0012836682375712343,57
I1288702032,0.0010460251046025104,4.0,0.0,0.0029155654947367418,3
I1288882113,0.01856694560669456,89.0,0.003678147182206104,0.017705241256764436,0
I1289243028,0.004968619246861925,19.0,0.0012484277853842378,0.006493674852840587,0
I128932393,0.0007845188284518827,3.0,0.0,9.341195838288443e-07,23
I1289437631,0.0033995815899581588,13.0,0.0,0.0022374136485260993,0
I1289530486,0.003138075313807531,13.0,0.0,0.0027321152158101512,0
I128956969,0.0002615062761506276,1.0,0.0,2.1048976240153915e-30,74
I1289784979,0.002353556485355648,9.0,0.0,0.006650621364879102,25
I1290206253,0.0198744769874477,106.0,0.005205230181481323,0.029997709838251244,0
I1290603121,0.0067991631799163175,26.0,6.703535198211224e-06,0.008490109913650273,3
I12912129,0.00993723849372385,42.0,0.0010824249631534715,0.0144725684240611,0
I1291425158,0.02719665271966527,144.0,0.010532661175694371,0.02204804127916966,9
I1292020679,0.001307531380753138,5.0,0.0,0.0003070295011696933,0
I1292235266,0.0007845188284518827,3.0,0.0,8.853282836951683e-06,57
I1292875679,0.008629707112970711,47.0,0.001565716399401689,0.008922074961823671,16
I1292894508,0.0033995815899581588,15.0,8.858994626431756e-06,0.0006738903084456683,81
I1293035123,0.0005230125523012552,2.0,0.0,2.1779637582311785e-05,12
I1293226324,0.0007845188284518827,3.0,0.0,5.255248123432959e-07,79
I129335695,0.004968619246861925,19.0,1.2312615670183878e-06,0.006520420042848133,3
I1293718874,0.0,0.0,0.0,3.211818884300829e-35,75
I1294504835,0.003138075313807531,12.0,0.0,0.00034613097749542775,79
I1294578330,0.001830543933054393,7.0,0.0,9.776867497828538e-05,23
I1294606314,0.008629707112970711,33.0,5.0922546290266654e-06,0.014165206106787086,25
I1294671590,0.030073221757322174,138.0,0.028220950478520832,0.00890853333050986,1
I1295801184,0.0,0.0,0.0,3.211818884300829e-35,76
I1295876152,0.002615062761506276,11.0,4.104205223394626e-07,0.001454100399155701,0
I129604602,0.02615062761506276,124.0,0.010077841048197606,0.04950823586424773,0
I129643931,0.0005230125523012552,2.0,0.0,0.00011294750446237023,28
I1296788130,0.01307531380753138,50.0,0.0,0.03338849070487365,25
I12970578,0.0007845188284518827,3.0,0.0,0.00015654083888079097,3
I129708740,0.007322175732217572,28.0,4.856642847683641e-06,0.008132169803803631,3
I1297288678,0.001307531380753138,6.0,2.3713185735168946e-06,0.0006002002130631955,0
I1297363086,0.004445606694560669,20.0,2.5993299748165964e-06,0.0037723057307543256,0
I129774422,0.011767782426778242,46.0,0.0006720589765279864,0.0167937364134957,3
I129798099,0.0005230125523012552,2.0,0.0,8.444136051173772e-08,23
I1297991670,0.0005230125523012552,2.0,0.0,4.577638851036777e-05,9
I129801699,0.008368200836820083,34.0,0.0007892386644587863,0.004905346814999336,0
I1298563314,0.0015690376569037654,6.0,0.0,0.0024125166101790644,79
I129877168,0.01072175732217573,41.0,0.0,0.006955386027812776,12
I129902397,0.0007845188284518827,3.0,0.00045105215405106944,2.1631168685325894e-07,36
I1299303238,0.009152719665271966,46.0,0.0004937618925318071,0.004632171654922925,0
I129975664,0.0,0.0,0.0,3.211818884300829e-35,77
I1300393620,0.0007845188284518827,3.0,0.0,1.8479218842805152e-05,0
I1300699541,0.0005230125523012552,2.0,0.0,1.3825827141502903e-27,62
I130081021,0.002615062761506276,10.0,0.0,0.0003172939575067576,16
I1301041018,0.001307531380753138,5.0,0.0,0.004029992827846532,3
I1301653859,0.0010460251046025104,4.0,0.0,0.003103723000936436,3
I1302135459,0.0,0.0,0.0,3.211818884300829e-35,78
I1302166312,0.0007845188284518827,3.0,0.0,0.000945436970219313,1
I130218214,0.0005230125523012552,2.0,0.0,3.740162660579234e-06,16
I130238516,0.0227510460251046,93.0,0.002901080054874606,0.012881384456409087,12
I1302611135,0.001307531380753138,6.0,0.0,0.004801918075856928,3
I130294970,0.002353556485355648,9.0,0.0,0.0001817803451719193,12
I1303077703,0.002615062761506276,10.0,0.0009748187726294804,0.0004772553421938414,79
I130309236,0.001307531380753138,5.0,0.00045105215405106944,1.6623446435620368e-05,81
I1303153112,0.009675732217573221,43.0,3.0598703295112686e-06,0.005261784814795616,81
I130343225,0.001307531380753138,5.0,0.0,4.709371202151735e-06,2
I1303691731,0.006276150627615062,24.0,0.0,0.002393142865956815,81
I1304085615,0.0007845188284518827,3.0,1.2802840182978242e-05,0.0003077204442798463,12
I1304132090,0.0015690376569037654,6.0,0.0,0.0001510853878069141,9
I1304256225,0.0041841004184100415,17.0,0.0,0.007178020995888927,79
I1304278710,0.0002615062761506276,1.0,0.0,7.943460510611849e-08,57
I130438778,0.0010460251046025104,6.0,1.7100855097477608e-07,0.0002373197985529186,2
I130480701,0.0007845188284518827,3.0,0.0,0.0007487040679624764,3
I1305343817,0.0010460251046025104,4.0,4.560228025994029e-07,0.00022837685235617446,79
I1305429384,0.0,0.0,0.0,3.211818884300829e-35,80
I1305444813,0.0002615062761506276,1.0,0.0,0.00021521600743938166,0
I1305996414,0.001830543933054393,7.0,0.0,0.001100644134725761,81
I1306266525,0.001830543933054393,7.0,6.156307835091939e-07,0.0005709321420542446,79
I1306339040,0.0005230125523012552,2.0,0.0,8.021963536404614e-06,0
I1306409833,0.005230125523012552,21.0,0.0032454900932019164,0.0036234210154085685,9
I130692619,0.0020920502092050207,9.0,2.5864744748576016e-05,0.0001244041776203241,14
I130701444,0.024058577405857737,100.0,0.0027347128012542815,0.017948280909159727,9
I130769515,0.007845188284518828,33.0,0.0002546452376921338,0.009520583541379309,3
I1307721752,0.003138075313807531,12.0,0.0,1.3391115392385366e-05,9
I130785548,0.004707112970711296,18.0,7.170958570875611e-06,0.0009017206481061946,79
I130823665,0.001307531380753138,5.0,0.0,0.00046355553407141165,3
I130828816,0.018828451882845185,74.0,0.0021369557273824592,0.012908081280801708,12
I1308548392,0.004445606694560669,17.0,0.0,0.0014570003112687724,81
I1309849503,0.001830543933054393,14.0,0.0,0.003688064917882395,0
I1310770535,0.0005230125523012552,2.0,0.0,0.00038515622020002255,14
I1311269955,0.0007845188284518827,3.0,0.0,0.002634163000487603,14
I1311564700,0.0020920502092050207,8.0,0.0,0.0009727499280449001,57
I1311643757,0.001307531380753138,5.0,0.00045105215405106944,0.0019365273909004552,57
I1311688040,0.013598326359832635,58.0,0.0006221012041937908,0.022591244366684544,0
I1312222531,0.002353556485355648,9.0,1.956337823151439e-06,0.0007760992009511399,79
I1312237181,0.0015690376569037654,6.0,0.0,0.0036990265486402593,3
I131249849,0.003922594142259414,15.0,9.129576508040044e-06,0.0007142979326567088,79
I1313298211,0.007322175732217572,28.0,0.0,0.0019194907584731183,14
I1314135232,0.0005230125523012552,2.0,0.0,2.447734062108382e-06,81
I131434179,0.0007845188284518827,3.0,0.0,0.00022999366172205194,3
I1314596251,0.002353556485355648,9.0,0.0,0.0007043156728358856,0
I1314696892,0.001307531380753138,5.0,0.0,0.00027379284882662853,14
I1314849024,0.0007845188284518827,3.0,0.0,5.773272348425023e-05,9
I1315085146,0.001307531380753138,5.0,0.0,5.720099727625964e-06,7
I1315288073,0.0005230125523012552,2.0,1.5048752485780297e-06,3.473230875457646e-06,57
I1315496137,0.0005230125523012552,2.0,0.0,3.1801241152455293e-23,67
I1315649409,0.0015690376569037654,6.0,6.325101418168375e-05,0.00024746450490098287,34
I1315885867,0.0028765690376569035,11.0,0.0,0.0006826303694622903,0
I131651094,0.0007845188284518827,3.0,0.0,0.0004102938749989829,3
I1316535847,0.017782426778242676,101.0,0.009209251469705427,0.025453443052470548,0
I1316902750,0.00653765690376569,34.0,0.0027604404583406058,0.00631326098286365,0
I131729948,0.006276150627615062,24.0,0.00175466867232234,0.0017938967493265033,14
I131740757,0.0002615062761506276,1.0,0.0,5.438023380612912e-05,0
I131787340,0.0007845188284518827,3.0,0.0,0.0034115476930148556,3
I1318643470,0.01961297071129707,79.0,9.115412163413857e-06,0.042713868489835154,25
I131868736,0.004707112970711296,24.0,0.00027434147223721883,0.0007180841895132496,2
I1319360392,0.0002615062761506276,1.0,0.0,6.493257503506948e-06,9
I131948415,0.0007845188284518827,3.0,0.0,2.522483739392777e-05,9
I1320320070,0.001307531380753138,5.0,0.0,1.1953614507627715e-22,67
I1320354487,0.0007845188284518827,3.0,0.0,0.00021789797902420748,3
I132053463,0.013859832635983262,55.0,0.000836468180771053,0.003151795071445028,81
I1320796813,0.002353556485355648,10.0,0.0,0.0002725987179190804,0
I1321296531,0.0028765690376569035,11.0,0.0004570716550453815,0.0024078701503960557,0
I1321305853,0.003138075313807531,12.0,0.0,0.0020583350813366246,1
I132153292,0.0005230125523012552,2.0,0.0,2.60641783002498e-07,9
I1321649718,0.0007845188284518827,3.0,0.0,0.000731461244793494,3
I1322918889,0.0020920502092050207,8.0,0.0,0.0005799704138667846,9
I1323093577,0.0,0.0,0.0,3.211818884300829e-35,82
I1323252656,0.0028765690376569035,11.0,1.5860773748782575e-05,0.0031133520260785735,79
I13236232,0.0010460251046025104,4.0,0.0,4.900846686250047e-24,83
I1323778983,0.0005230125523012552,2.0,0.0,0.0010905012908810048,81
I1323843004,0.0020920502092050207,8.0,0.0,0.0012513949022040136,0
I1324220072,0.001307531380753138,5.0,0.0,0.00017455422915693496,0
I1324682000,0.0020920502092050207,8.0,0.0,0.0004660959927964893,0
I1324766304,0.003138075313807531,12.0,0.0,0.0007810807202109951,0
I1325481341,0.003138075313807531,12.0,0.0,0.0007810807202109951,0
I1325675289,0.0151673640167364,72.0,1.6054174188654201e-06,0.05149587936483876,25
I1325714086,0.0010460251046025104,4.0,0.0,0.0028272520640793067,3
I1325846038,0.0020920502092050207,8.0,0.0,2.2548479156791055e-05,14
I1325886976,0.001307531380753138,5.0,0.0009000066032101816,0.0007973276371763822,14
I1325899441,0.0075836820083682,45.0,0.0006659836467680316,0.007132974491679078,0
I1326427960,0.0010460251046025104,4.0,0.0,0.00034483650840459994,14
I1326498283,0.0033995815899581588,13.0,8.613586706898821e-05,0.00022561072958246796,1
I1327237609,0.003138075313807531,13.0,0.00032217261823329265,0.005739928365562794,3
I132735039,0.0005230125523012552,2.0,0.0,5.693963572229564e-06,81
I1327553481,0.0010460251046025104,4.0,0.0,2.0121889528570947e-07,81
I1327992077,0.0007845188284518827,3.0,0.0,0.0002194649415868009,79
I132806614,0.0020920502092050207,8.0,0.00022054587371371831,3.0069840148255154e-05,79
I1328775524,0.014382845188284518,56.0,6.840342038991044e-06,0.034810547568380666,3
I1328914791,0.002615062761506276,10.0,0.0,0.005036869753897207,3
I1329765538,0.003138075313807531,12.0,0.0,0.00034613097749542775,79
I132976966,0.0007845188284518827,3.0,0.0,8.853282836951683e-06,57
I1329868518,0.0010460251046025104,4.0,0.0,0.0006762207229345116,16
I1330063522,0.0007845188284518827,3.0,0.0,0.0002537286789308829,0
I1330165540,0.010198744769874476,39.0,0.0,0.003838180700834083,1
I1330342723,0.0067991631799163175,39.0,0.002942477524720724,0.0033303239135414916,0
I1330693074,0.0,0.0,0.0,3.211818884300829e-35,84
I1330995197,0.0002615062761506276,1.0,0.0,2.1048976240153915e-30,85
I1333523220,0.0005230125523012552,2.0,0.0,1.3825827141502903e-27,86
I1333535994,0.001830543933054393,9.0,0.0,0.001146244710406393,14
I1333540553,0.0002615062761506276,1.0,0.0,1.9381004955635005e-24,87
I1333606569,0.001307531380753138,5.0,0.0,1.1953614507627715e-22,67
I1334281882,0.0005230125523012552,2.0,0.0,5.765247350050684e-05,57
I1334329717,0.0,0.0,0.0,3.211818884300829e-35,88
I1334415907,0.0041841004184100415,16.0,7.17232663928341e-05,0.0005346846160011192,3
I1334658003,0.0010460251046025104,4.0,0.0,0.0009917811439513308,0
I1334819555,0.013598326359832635,57.0,0.007082322452981945,0.0021828739067597607,9
I1335113835,0.004968619246861925,20.0,5.5207260539690174e-06,0.0017851682068230686,81
I1335369389,0.0010460251046025104,4.0,0.0,3.9509221239256886e-05,23
I1336263701,0.001307531380753138,5.0,0.0,0.001377279226150051,1
I1336742384,0.003138075313807531,14.0,0.0,1.4023725287167631e-05,9
I133731052,0.010460251046025104,42.0,0.001024867730402362,0.009701765663242278,81
I133738476,0.0028765690376569035,14.0,0.001023465656557918,0.00019944163339659745,17
I133743585,0.012813807531380752,50.0,0.0009071281476982752,0.007078373595939805,12
I133868755,0.004968619246861925,20.0,0.0004147185372539619,0.010801184032948597,17
I1339471597,0.003661087866108786,14.0,0.0,4.271858613634598e-05,9
I133999245,0.0007845188284518827,3.0,0.0,0.0004388911090849331,3
I1340210623,0.0010460251046025104,4.0,0.0,3.342747577215566e-05,0
I134085113,0.00653765690376569,25.0,0.0024255647660001074,0.003031813529464625,16
I134113660,0.0005230125523012552,2.0,0.0,1.6997748718881097e-05,13
I1341202592,0.001307531380753138,6.0,0.0,0.003809557885929767,79
I1341412227,0.003661087866108786,15.0,0.00136744213154731,0.00100367668263092,79
I1341604212,0.0015690376569037654,6.0,0.0,2.9937357112686063e-05,79
I134161618,0.0002615062761506276,1.0,0.0,6.665627937925773e-05,12
I1342350481,0.0002615062761506276,1.0,0.0,2.740306302008908e-07,34
I1342911587,0.0015690376569037654,6.0,0.0,0.003817710078241446,3
I1342924430,0.005753138075313807,22.0,0.0,0.0005542264007887955,9
I1343052199,0.006276150627615062,34.0,5.745887312752477e-07,0.005536021604321708,0
I1343180700,0.004445606694560669,18.0,0.0004899372184287205,0.0012312423276013337,1
I1343551460,0.009675732217573221,38.0,5.256872179112265e-05,0.0061171813652726986,0
I134359838,0.005230125523012552,20.0,0.002463911745489775,0.00010964267115445123,23
I1344073410,0.0002615062761506276,1.0,0.0,6.636514901894262e-06,1
I1344076864,0.0002615062761506276,1.0,0.0,9.11729199729045e-05,0
I134446601,0.003138075313807531,14.0,2.2093164728934574e-05,0.003087981466277939,1
I134542131,0.002353556485355648,9.0,0.0,6.248490833118855e-06,23
I134560555,0.0020920502092050207,8.0,0.002702208719083022,7.762119338882871e-05,1
I134687103,0.003138075313807531,12.0,2.7361368155964175e-07,0.01238726356666393,3
I13469542,0.0067991631799163175,26.0,5.162047833195928e-05,0.002405296052469076,81
I134900695,0.0007845188284518827,3.0,0.0,1.379465706874727e-25,89
I135117807,0.0,0.0,0.0,3.211818884300829e-35,90
I135120706,0.0002615062761506276,1.0,0.0,2.1048976240153915e-30,91
I135140700,0.013336820083682007,53.0,0.001640020093525468,0.007517041489804425,12
I135237710,0.0041841004184100415,16.0,0.000858984721215581,0.005415401214090121,3
I135310074,0.022228033472803346,100.0,0.004169052405723559,0.025306253242163457,0
I135428043,0.0002615062761506276,1.0,0.0,2.1048976240153915e-30,46
I135564639,0.0,0.0,0.0,3.211818884300829e-35,92
I135598925,0.0028765690376569035,11.0,0.0018970201685074594,0.0001331569088272646,28
I13567498,0.0010460251046025104,4.0,0.0,1.7561186727596869e-06,79
I135714990,0.0010460251046025104,4.0,0.0,0.0007499182959557335,3
I135905480,0.0007845188284518827,3.0,0.0,0.0002387858963649706,0
I13591777,0.0054916317991631795,23.0,0.0007470709959404253,0.011121918523431754,3
I136199984,0.09361924686192467,542.0,0.21883279127436123,0.10048293031410378,0
I136765683,0.0010460251046025104,5.0,0.0,0.003789545826240816,3
I137265193,0.001307531380753138,5.0,0.0,9.271097433153017e-06,2
I137853757,0.0,0.0,0.0,3.211818884300829e-35,93
I137902535,0.003138075313807531,13.0,0.0004515993814141887,0.0028335370875474564,12
I137996928,0.0010460251046025104,4.0,4.104205223394626e-07,2.1726831338344853e-25,94
I138006243,0.006014644351464434,27.0,0.00039754670743869154,0.0028785884035617375,0
I138216421,0.0,0.0,0.0,3.211818884300829e-35,95
I138689650,0.006014644351464434,23.0,0.0019000203099527038,0.0003748334405440892,9
I138728355,0.001830543933054393,7.0,0.0,0.00582384294767596,3
I138801177,0.003661087866108786,14.0,0.0,0.00583305854030257,79
I138847295,0.012029288702928869,46.0,0.0011369819659775141,0.006971506049554936,12
I138873065,0.003138075313807531,12.0,1.2312615670183878e-06,0.0019596176389342457,0
I138925566,0.006276150627615062,26.0,0.0035263682932899416,0.0004496357675558125,2
I138938424,0.0005230125523012552,2.0,0.0,2.2144726517459393e-06,81
I139024713,0.01307531380753138,79.0,0.006375075211523453,0.06503244472007767,3
I139025015,0.001307531380753138,5.0,0.0,0.00013175929651717492,81
I139264467,0.019351464435146442,76.0,0.004464966771851751,0.008062330125825981,12
I139290212,0.0007845188284518827,3.0,0.0,0.0005403392599195066,0
I139322472,0.0020920502092050207,8.0,1.6758837995528058e-06,0.0004778922367401735,16
I13955877,0.003138075313807531,15.0,0.0009114026130471405,0.00022094364276858974,0
I139660479,0.026412133891213385,121.0,0.0061133210380820615,0.04452241640232943,3
I139759216,0.024843096234309622,138.0,0.01026199688956599,0.08760960460977849,3
I139829854,0.0005230125523012552,2.0,0.0,6.524878928139626e-05,16
I140172145,0.0,0.0,0.0,3.211818884300829e-35,96
I140221134,0.0005230125523012552,2.0,0.0,0.0012264704365275887,3
I140494188,0.0,0.0,0.0,3.211818884300829e-35,97
I140596196,0.002353556485355648,9.0,0.0,2.9983669744342424e-05,57
I140940799,0.0007845188284518827,3.0,0.0,2.0003891875114227e-25,94
I141103825,0.0002615062761506276,1.0,0.0,0.0002711261372155568,3
I141371507,0.0007845188284518827,3.0,0.00045105215405106944,6.13131406337482e-06,79
I141445968,0.0,0.0,0.0,3.211818884300829e-35,98
I141448028,0.0005230125523012552,2.0,0.0,8.010621979440753e-08,57
I141568987,0.008106694560669455,32.0,0.0011528438858833946,0.016255004691906483,3
I141576021,0.0020920502092050207,8.0,0.0,8.949325244482414e-05,2
I141584323,0.0007845188284518827,3.0,0.0,2.2583067104333434e-06,2
I141595442,0.0005230125523012552,2.0,0.0,0.00012865893141648525,79
I141596103,0.003922594142259414,17.0,0.002504888581375787,0.0009732742341870536,81
I141649914,0.0015690376569037654,7.0,0.0009045668312361756,0.0018454247998438862,28
I141945490,0.032165271966527194,129.0,0.005318134449454789,0.04410186254268531,1
I141962983,0.001307531380753138,5.0,1.3680684077982087e-07,0.001271288729271079,3
I142024983,0.0015690376569037654,6.0,4.354203931922256e-05,0.00010587155491280587,23
I142078773,0.0015690376569037654,6.0,0.0,0.006460081083061678,3
I142108993,0.002615062761506276,10.0,0.0005528405102881105,0.003541482863927599,3
I142207940,0.0002615062761506276,1.0,0.0,8.724594692224841e-05,0
I142208455,0.0010460251046025104,4.0,0.0,7.835070415482779e-07,23
I142263535,0.0002615062761506276,1.0,0.0,9.313852496004623e-05,3
I142270456,0.0,0.0,0.0,3.211818884300829e-35,99
I142401562,0.0010460251046025104,4.0,0.000451394171153019,0.0002616206162351436,2
I142415962,0.0007845188284518827,3.0,0.0,0.0026285773517712913,3
I14243506,0.03347280334728033,155.0,0.013315042706391816,0.06743316778764706,3
I14245010,0.0028765690376569035,12.0,1.0420121039396357e-05,3.68569795935126e-05,57
I142476485,0.0028765690376569035,12.0,0.00045077854036950976,0.0001432966258907259,81
I142606810,0.0020920502092050207,8.0,0.0,0.0021915142680801894,3
I142608572,0.002615062761506276,10.0,0.0013932775654796191,0.00041948423067002515,23
I142617266,0.0020920502092050207,8.0,0.0,3.411720570700043e-05,14
I142732210,0.003661087866108786,14.0,0.00011871185597267656,0.0030527834948451695,16
I142740786,0.001830543933054393,7.0,0.0,0.00029648336548270595,0
I142879360,0.0015690376569037654,6.0,0.0,7.963896099673027e-05,1
I142910587,0.0010460251046025104,4.0,0.0,7.549212454253484e-08,23
I142974352,0.005753138075313807,22.0,4.3937378703387554e-05,0.0059895432475544595,25
I143150842,0.0005230125523012552,2.0,0.0,1.6844328516680028e-06,17
I143288331,0.002353556485355648,11.0,0.0002481103398174375,0.000237860767929482,14
I143379178,0.001830543933054393,7.0,0.0,5.1108687690887396e-06,14
I143396566,0.0002615062761506276,1.0,0.0,7.040154192103998e-26,94
I143397708,0.003922594142259414,15.0,0.0,0.0022322515947490666,0
I143413998,0.001830543933054393,7.0,4.104205223394626e-07,0.0024240409585383135,3
I143578492,0.002353556485355648,9.0,0.0,6.362774452347428e-05,25
I143593769,0.003138075313807531,12.0,1.3908695479281788e-06,0.007036937583377038,3
I143804889,0.0020920502092050207,8.0,8.880132035018174e-05,0.00033602837277567246,1
I143868143,0.005753138075313807,22.0,0.0003049421519795183,0.010557492763974512,3
I143914637,0.0002615062761506276,1.0,0.0,8.712454234177069e-06,25
I14396692,0.002615062761506276,10.0,0.0,0.00955637893894706,3
I144112489,0.003138075313807531,12.0,0.0,0.0025522619510339466,0
I144648426,0.0005230125523012552,2.0,0.0,7.3145389442045574e-06,28
I145019703,0.0020920502092050207,8.0,0.00225307186080287,8.781069546188406e-06,23
I145286018,0.0,0.0,0.0,3.211818884300829e-35,100
I145311948,0.024581589958158994,117.0,0.0038929575460490396,0.0427638274780038,25
I145325580,0.001307531380753138,5.0,5.4722736311928345e-06,0.000229045833433211,23
I145468249,0.0005230125523012552,2.0,0.0,1.3825827141502903e-27,101
I145487455,0.001830543933054393,8.0,0.0005906479098699823,4.842975771562179e-06,23
I145608581,0.002615062761506276,10.0,0.0,0.00027545882575633735,81
I145610796,0.0002615062761506276,1.0,0.0,2.1048976240153915e-30,61
I1456306,0.0015690376569037654,6.0,0.00030534146805049527,0.003333444677039453,3
I145722265,0.002353556485355648,9.0,0.0,3.211818884300827e-19,102
I145847075,0.015951882845188285,61.0,0.0014308103050938476,0.013487706413257415,14
I145872427,0.015428870292887028,63.0,0.001410231022557373,0.002905029438517359,14
I145894827,0.0002615062761506276,1.0,0.0,4.6739780691142116e-07,14
I145897649,0.001830543933054393,7.0,2.8729436563762385e-06,0.0011816169519547803,3
I146087005,0.004445606694560669,17.0,0.0,0.0028967519743703044,9
I146367977,0.002615062761506276,11.0,0.0007306537654159736,1.5079991273124402e-05,23
I146399215,0.001307531380753138,5.0,0.00045105215405106944,0.00017525605512100278,28
I146416000,0.0010460251046025104,4.0,0.0,0.0007324862337895444,3
I146563203,0.0005230125523012552,2.0,0.0,0.00024443416970666747,12
I146617529,0.0007845188284518827,3.0,0.0,4.2674725696058555e-05,3
I146620803,0.001307531380753138,6.0,0.000457482075567721,0.0006932028972768198,3
I146655781,0.0067991631799163175,28.0,0.0015925671305956008,0.0030398817514356506,13
I146773158,0.0005230125523012552,2.0,0.0,0.0003421762600169678,103
I146824383,0.001830543933054393,7.0,0.0018025669341149198,9.278726632904517e-06,32
I146966710,0.01072175732217573,41.0,0.0,0.006955386027812776,12
I146977602,0.0010460251046025104,4.0,0.0,1.6622288689729444e-05,81
I147853995,0.0007845188284518827,3.0,0.0,9.749207049105203e-25,104
I147962203,0.0007845188284518827,3.0,0.0009018306944205791,2.9701200933804607e-08,34
I148099254,0.0,0.0,0.0,3.211818884300829e-35,105
I148099405,0.0005230125523012552,2.0,0.0,0.00039140090457927767,25
I148128674,0.0005230125523012552,2.0,0.0,1.3825827141502903e-27,106
I148158369,0.0005230125523012552,2.0,0.0,1.505663747182978e-07,28
I148283060,0.018828451882845185,75.0,0.0015410803794699108,0.008519551620422191,1
I148366613,0.0075836820083682,32.0,0.0009498546991111516,0.003327227565498077,0
I148751991,0.0010460251046025104,4.0,0.00045105215405106944,7.901636588786549e-08,32
I14894300,0.002353556485355648,10.0,7.922256138158131e-05,0.0014598767083759483,3
I149137203,0.0005230125523012552,2.0,0.0,7.237611847561512e-06,25
I149208984,0.002353556485355648,9.0,0.0,0.00014206477170924567,81
I149213910,0.004445606694560669,17.0,0.00019546385953274673,8.825672854861101e-05,9
I149218525,0.001307531380753138,5.0,0.0,2.6369450113579024e-06,23
I149251103,0.001307531380753138,5.0,0.0013523356211085293,0.00023711328073032262,26
I149313025,0.0002615062761506276,1.0,0.0,2.1048976240153915e-30,107
I149592570,0.0007845188284518827,3.0,0.0,1.8479218842805152e-05,0
I149594827,0.010198744769874476,48.0,0.001970524591556194,0.02022695821867465,3
I149672521,0.0010460251046025104,4.0,0.0,2.6544091922661742e-05,28
I149704539,0.003922594142259414,16.0,3.2432341720869534e-05,0.0037117587862428567,16
I149735164,0.0005230125523012552,2.0,0.00045105215405106944,1.6856569396766332e-05,13
I149744451,0.001307531380753138,5.0,0.0,8.628687086033131e-05,57
I149768937,0.0005230125523012552,2.0,0.0,2.89370985016649e-05,16
I149910238,0.0002615062761506276,1.0,0.0,0.00018872982245986906,9
I149919469,0.0,0.0,0.0,3.211818884300829e-35,108
I150209017,0.004968619246861925,21.0,8.224110660421606e-05,0.005502930689763411,25
I150229711,0.01961297071129707,84.0,0.0011391186955439943,0.02965882868267085,3
I150468666,0.0198744769874477,87.0,0.005533935465131203,0.01977549368696591,0
I15062923,0.0007845188284518827,3.0,0.0,7.233462013466685e-05,3
I150744194,0.001830543933054393,8.0,0.00011538288951370094,0.00041971420234322644,2
I150807315,0.0041841004184100415,16.0,2.868405637252968e-05,0.003786532855641856,12
I150870154,0.0010460251046025104,4.0,0.0,4.87007896929458e-06,81
I151221077,0.0002615062761506276,1.0,0.0,0.0015480131655298988,3
I151229976,0.0,0.0,0.0,3.211818884300829e-35,109
I151651118,0.0002615062761506276,1.0,0.0,2.1048976240153915e-30,110
I151727225,0.0010460251046025104,4.0,0.0,0.0006645338790170265,3
I151746483,0.018305439330543932,91.0,0.009666545801080133,0.05093719194280506,3
I151893264,0.0015690376569037654,6.0,0.0,0.006460081083061678,3
I152031979,0.004445606694560669,17.0,4.776838857228746e-06,0.012117021893252922,3
I152033890,0.001830543933054393,7.0,0.0,0.0005144565555415542,12
I152238500,0.0033995815899581588,16.0,1.363508179772215e-06,0.0004144924294987226,2
I152269853,0.0005230125523012552,3.0,0.0,4.900819780040297e-26,111
I152429107,0.0,0.0,0.0,3.211818884300829e-35,112
I152650591,0.00653765690376569,25.0,0.0,0.004124709235297736,0
I152815399,0.008368200836820083,36.0,0.0010606406354258205,0.02020582698959717,3
I153230381,0.0010460251046025104,4.0,0.0,0.0005827961831273658,0
I153297377,0.0002615062761506276,1.0,0.0,4.1091705707359056e-05,3
I153473198,0.003661087866108786,14.0,0.0004481222075443683,0.007068666306048548,3
I153512688,0.002615062761506276,10.0,3.491082565299729e-05,0.0008353439480625702,2
I153648349,0.001307531380753138,5.0,5.6257045759583284e-05,3.499168783383002e-05,13
I153718931,0.003922594142259414,15.0,0.000992075326940988,0.0009496885405811346,0
I153806059,0.002615062761506276,10.0,3.3517675991056116e-06,0.0003449572121055031,3
I153845743,0.0002615062761506276,1.0,0.0,2.1048976240153915e-30,113
I153901656,0.0002615062761506276,1.0,0.0,4.1091705707359056e-05,3
I153904384,0.0007845188284518827,3.0,0.0,0.000902123014376154,3
I153954893,0.0,0.0,0.0,3.211818884300829e-35,114
I153976015,0.0007845188284518827,3.0,3.762188121445074e-06,2.6244489749565054e-06,81
I154093214,0.0005230125523012552,2.0,0.0,0.0008447482761269008,0
I154099455,0.010198744769874476,44.0,0.0030358030798685477,0.010557263715592716,3
I154130895,0.0020920502092050207,8.0,2.1763688254056494e-05,0.0011158438517333627,0
I154347574,0.0005230125523012552,2.0,0.0,0.00014963688913465235,0
I154387261,0.005753138075313807,22.0,0.0,0.0005542264007887955,9
I154425047,0.013859832635983262,58.0,0.002424084972005671,0.008226630365451584,0
I154526488,0.018305439330543932,83.0,0.004192903304817472,0.004685628376210174,14
I154549908,0.0010460251046025104,4.0,0.0009018306944205791,3.0601316491217284e-06,13
I154570441,0.016997907949790794,68.0,0.00017590163122886224,0.012211058487676021,9
I154757721,0.0002615062761506276,1.0,0.0,3.650839195777025e-29,4
I154799132,0.003661087866108786,22.0,6.604725132516623e-05,9.710704644115271e-05,23
I154864474,0.0054916317991631795,21.0,0.00107472603974111,0.0029360820232112467,9
I154893126,0.001307531380753138,5.0,0.0009018306944205791,0.0008570963215169989,25
I154970844,0.0,0.0,0.0,3.211818884300829e-35,115
I155028946,0.0007845188284518827,3.0,0.0,7.824917640939059e-06,16
I155043079,0.0,0.0,0.0,3.211818884300829e-35,116
I155093810,0.0,0.0,0.0,3.211818884300829e-35,117
I155284866,0.0005230125523012552,2.0,0.0,1.3825827141502903e-27,118
I155381812,0.0015690376569037654,6.0,0.0,5.60669855739002e-05,81
I155419210,0.0010460251046025104,4.0,0.0009018306944205791,0.00014264561789675676,0
I155660961,0.001830543933054393,7.0,0.0004186768151805249,0.0006314574801409463,79
I155781252,0.011244769874476987,43.0,2.4122466200501916e-05,0.004146465249242009,1
I155976169,0.0041841004184100415,17.0,2.090864549918263e-05,0.0008242436977556434,0
I156087764,0.001830543933054393,7.0,0.0,0.001017039842130177,9
I156118397,0.001307531380753138,5.0,0.0,0.00010013209855321742,16
I156144747,0.0028765690376569035,11.0,0.0006981751452771406,0.005425103641727978,79
I156216236,0.0033995815899581588,13.0,0.0009441048225479772,0.0026638899781915686,16
I157071867,0.002615062761506276,10.0,0.0,0.0003172939575067576,16
I157075465,0.001307531380753138,5.0,0.0,0.00028757117602730875,9
I157358134,0.0005230125523012552,2.0,0.0,1.3825827141502903e-27,119
I157386601,0.0015690376569037654,6.0,0.0,0.0008438850884306889,0
I157394403,0.0002615062761506276,1.0,0.0,0.0004402328275444726,0
I157413458,0.002353556485355648,9.0,0.0,0.00025106008881321004,16
I157417397,0.0007845188284518827,3.0,0.00045105215405106944,7.624922239425628e-07,0
I157485424,0.0075836820083682,39.0,0.00883127668352283,0.011731986169952113,9
I157507598,0.0010460251046025104,4.0,0.0,0.00019687453738096778,12
I157582758,0.008891213389121338,43.0,4.023631324311965e-06,0.01990326277056441,25
I157650460,0.0007845188284518827,3.0,0.0,0.000114024271742,28
I15766117,0.0002615062761506276,1.0,0.0,2.1048976240153915e-30,120
I157674565,0.0033995815899581588,13.0,0.0018025669341149198,0.00014210546189931018,81
I157725225,0.026412133891213385,117.0,0.011031940742068294,0.020437919992553632,0
I157773358,0.05413179916317991,314.0,0.03420267999936205,0.16216264520283039,3
I157943965,0.0007845188284518827,4.0,0.00045105215405106944,5.850584097252623e-06,9
I158333966,0.0007845188284518827,3.0,0.0009018306944205791,8.605515709442765e-06,57
I158708052,0.002353556485355648,9.0,0.0,3.211818884300827e-19,102
I158716096,0.0010460251046025104,8.0,0.00270343998065004,0.00042278506966415076,34
I15873915,0.0,0.0,0.0,3.211818884300829e-35,121
I158749337,0.0005230125523012552,2.0,0.0,3.976778053610332e-06,23
I158809036,0.0067991631799163175,27.0,1.8858823001498306e-05,0.009164737402072277,3
I158842170,0.025104602510460247,124.0,0.007978411190765757,0.08042279102985841,3
I159129438,0.001307531380753138,5.0,0.0,0.0008022528466593399,0
I159176309,0.02065899581589958,84.0,0.007406422455402748,0.004868834359203914,14
I159247623,0.003661087866108786,14.0,0.0005845782661086307,0.0009476906105827047,23
I159385669,0.001830543933054393,7.0,2.052102611697313e-07,0.0026805516715912633,0
I159650629,0.003661087866108786,14.0,0.0,4.271858613634598e-05,9
I159885104,0.002353556485355648,9.0,0.0,0.0001221767819940756,1
I159948400,0.009414225941422593,37.0,1.3897294909216809e-05,0.009672109721743687,3
I160013858,0.001307531380753138,5.0,0.0,0.00027379284882662853,14
I160354086,0.0005230125523012552,2.0,0.0,0.00039140090457927767,25
I160606119,0.001830543933054393,7.0,1.0648132440696057e-05,9.827670710848603e-05,79
I16076960,0.004707112970711296,23.0,0.0013246208352805495,1.3862948737433267e-05,23
I160825796,0.0,0.0,0.0,3.211818884300829e-35,122
I160856358,0.001307531380753138,5.0,0.0,7.402524016270275e-05,12
I160993911,0.01412133891213389,56.0,0.00100257433400286,0.008191999599272465,12
I161046081,0.007845188284518828,34.0,0.0010057706146063391,0.002468495140874727,81
I161088229,0.0010460251046025104,4.0,0.0,0.001207401608979131,0
I161103922,0.001307531380753138,5.0,0.0,5.001440164574345e-05,0
I161106909,0.0002615062761506276,1.0,0.0,2.1048976240153915e-30,123
I161318765,0.017520920502092047,74.0,0.0008736245717364738,0.010411864250644744,0
I161346416,0.008106694560669455,40.0,1.5210640580703082e-05,0.0077193794602114325,0
I161350542,0.0005230125523012552,2.0,0.0,6.997774474610228e-05,13
I161593684,0.0010460251046025104,4.0,0.0,8.914050163074715e-06,57
I161597582,0.0005230125523012552,2.0,0.0,0.0008726502166697711,25
I161716053,0.0005230125523012552,2.0,0.0,3.353666331718967e-05,3
I161878677,0.0005230125523012552,2.0,0.0,2.36462826472514e-05,0
I161913731,0.0,0.0,0.0,3.211818884300829e-35,124
I162030827,0.008629707112970711,33.0,7.559946021492902e-05,0.001986019260821044,14
I162096671,0.0005230125523012552,2.0,1.3680684077982087e-07,5.163066304710152e-29,125
I162148367,0.0005230125523012552,2.0,0.0,1.3825827141502903e-27,126
I16231767,0.0010460251046025104,4.0,0.0,1.9053411994553865e-05,79
I162524378,0.010198744769874476,39.0,0.0,0.003838180700834083,1
I162577319,0.004445606694560669,18.0,4.220056730626428e-06,0.004837744309075024,0
I162608824,0.0,0.0,0.0,3.211818884300829e-35,127
I16269868,0.0007845188284518827,3.0,0.0,1.379465706874727e-25,128
I162709352,0.001307531380753138,5.0,0.0,9.060894075455345e-23,129
I162714631,0.0033995815899581588,13.0,0.00045181827235943626,0.001793352983057606,0
I162720556,0.001830543933054393,7.0,0.0013528828484716485,0.0010400444401970697,25
I16277215,0.0,0.0,0.0,3.211818884300829e-35,130
I162827531,0.0,0.0,0.0,3.211818884300829e-35,131
I162838928,0.003661087866108786,16.0,0.0006757880338117736,8.737222496064857e-05,25
I16285277,0.008106694560669455,36.0,0.0010104644464558092,0.019022710144106187,0
I162868743,0.008629707112970711,36.0,0.0029533121379146524,0.010523938269364543,3
I162884033,0.001307531380753138,5.0,0.0,0.0005834445623870275,12
I1629065,0.001307531380753138,5.0,0.0,0.0017369289016451407,1
I163074564,0.0007845188284518827,3.0,0.0,1.2324659886286e-05,13
I163151501,0.0007845188284518827,3.0,0.00045105215405106944,0.00089578286081963,3
I163340411,0.003661087866108786,16.0,1.2834761779160197e-05,0.004704079805579778,3
I16365422,0.013336820083682007,59.0,1.1686966203890306e-05,0.046639208146872196,3
I163753206,0.002615062761506276,10.0,0.0,0.00032750226298147126,2
I163770644,0.0020920502092050207,8.0,7.70678536392991e-06,6.627678186087616e-05,28
I16391192,0.003922594142259414,17.0,0.004083047719737455,0.0006925429899477868,9
I163917720,0.0,0.0,0.0,3.211818884300829e-35,132
I164120614,0.0,0.0,0.0,3.211818884300829e-35,133
I16413167,0.001307531380753138,5.0,0.0,1.78144699046442e-05,28
I164389053,0.0007845188284518827,3.0,0.0,0.00016718245967028435,9
I16443873,0.0002615062761506276,1.0,0.0,2.1048976240153915e-30,134
I164861460,0.0015690376569037654,6.0,1.2312615670183878e-06,7.956837423823216e-24,87
I164936912,0.0002615062761506276,1.0,0.0,2.1048976240153915e-30,135
I165143802,0.012290794979079497,54.0,0.0033901250148014386,0.010058158375361087,9
I165230279,0.0020920502092050207,8.0,0.0,0.0002751122231853428,16
I165339363,0.007322175732217572,28.0,0.0,0.001271746343023617,14
I165368041,0.003138075313807531,12.0,0.0,0.00034613097749542775,79
I165390105,0.0028765690376569035,11.0,0.0014017498374320155,0.0001988457398494549,79
I165441096,0.007322175732217572,28.0,0.0,0.0019194907584731183,14
I165488957,0.0005230125523012552,2.0,0.0,0.0009421715635943522,3
I165507594,0.0005230125523012552,2.0,0.0,0.0003148184655134514,23
I165526535,0.0002615062761506276,1.0,0.0,0.0008639377624355941,25
I165556055,0.0005230125523012552,2.0,1.3680684077982087e-07,5.163066304710152e-29,4
I165690674,0.015951882845188285,63.0,0.00045200980193652827,0.035456423867088985,25
I165733156,0.009414225941422593,42.0,0.00011740383056722048,0.013955011480972593,0
I165735259,0.0010460251046025104,4.0,0.0,1.197670497527213e-06,28
I165779595,0.006276150627615062,30.0,0.0023319045226882287,0.0077252092986119965,16
I165799507,0.003138075313807531,12.0,7.296364841590447e-07,0.0036060295941952023,0
I165862685,0.001307531380753138,5.0,0.0002590300723325129,0.0003659274330478841,9
I165911609,0.001307531380753138,5.0,0.0,0.0005811322228199757,3
I165932596,0.04131799163179916,243.0,0.013959807011141107,0.14813771774280746,25
I165951966,0.003138075313807531,12.0,0.00042518290336289677,0.0002756157805472791,81
I165953009,0.0005230125523012552,2.0,0.0,0.00011294750446237023,28
I166088655,0.0007845188284518827,3.0,0.0,0.0001977135908241961,0
I16609230,0.01412133891213389,57.0,0.00179924448226741,0.030661795417490804,3
I166182418,0.014905857740585773,57.0,0.00296603062640723,0.03340577513059594,25
I166337079,0.009675732217573221,37.0,0.002132993727940546,0.0015621375472728417,14
I166416128,0.0005230125523012552,2.0,0.0,9.194366547396621e-05,0
I166433441,0.001830543933054393,7.0,0.0,0.0005144565555415542,12
I166459259,0.0005230125523012552,2.0,0.0,1.3825827141502903e-27,101
I166595947,0.0010460251046025104,4.0,0.0,2.8604547995068976e-06,7
I166722992,0.0015690376569037654,9.0,1.3680684077982087e-07,0.00016663710039356772,17
I166825849,0.0020920502092050207,8.0,0.00017554293581042586,0.0004241086926405897,81
I166843116,0.001307531380753138,5.0,0.0,1.78144699046442e-05,28
I167027274,0.002353556485355648,9.0,5.597679901907671e-06,0.00037445611071107557,16
I16733864,0.003138075313807531,12.0,1.7556877900077016e-06,0.0012897153677823518,14
I167420956,0.002353556485355648,9.0,0.0,2.9983669744342424e-05,57
I16748637,0.0005230125523012552,3.0,0.00045105215405106944,8.714902527206672e-06,25
I167576493,0.0,0.0,0.0,3.211818884300829e-35,136
I16820183,0.010460251046025104,51.0,0.0004141051565929554,0.005772245954774289,0
I168337820,0.0005230125523012552,2.0,0.0,0.00021287166600022505,16
I16835326,0.009414225941422593,36.0,0.00014195077799314225,0.004632410470401221,14
I168416876,0.0005230125523012552,2.0,0.0,0.00016481926402738085,0
I168537998,0.001307531380753138,5.0,0.0,1.1953614507627715e-22,67
I168635309,0.0054916317991631795,26.0,0.00036138211026193586,0.0044931085663910955,0
I168719708,0.017520920502092047,78.0,0.0016534593708628711,0.03833601499330904,3
I168864056,0.0002615062761506276,1.0,0.0,6.160053131564913e-05,12
I168879160,0.007845188284518828,40.0,0.003270367528841618,0.018041862755723066,3
I169090423,0.0002615062761506276,1.0,0.0,2.1048976240153915e-30,137
I169109204,0.0,0.0,0.0,3.211818884300829e-35,138
I169199633,0.0005230125523012552,2.0,0.0,0.0011092544055958159,3
I169335092,0.0002615062761506276,1.0,0.0,2.1048976240153915e-30,139
I169381384,0.010198744769874476,40.0,0.0019066807470318383,0.0013578896285144572,14
I169427155,0.0007845188284518827,3.0,0.00045105215405106944,0.00011298546122394505,16
I169521973,0.013598326359832635,52.0,0.0012831283864993624,0.0071475893899610775,12
I169541294,0.004707112970711296,23.0,1.9347093130852957e-05,0.006831845519140846,0
I169689159,0.003138075313807531,12.0,0.00015265363317015012,0.0019488835718177566,3
I169724904,0.005753138075313807,22.0,0.0,0.0005542264007887955,9
I170013655,0.0005230125523012552,2.0,0.0,2.6369006185782265e-05,81
I170172562,0.0002615062761506276,1.0,0.0,3.650839195777025e-29,140
I170201317,0.009414225941422593,40.0,0.000157740296091002,0.004367435657852899,0
I170215575,0.017520920502092047,76.0,0.0018275364626712518,0.042257893247829484,3
I170239107,0.003661087866108786,18.0,2.778351497894188e-05,0.001002826102082283,0
I170253739,0.0010460251046025104,4.0,0.0,1.688033074389894e-05,23
I170486558,0.0005230125523012552,2.0,0.0,1.3825827141502903e-27,141
I170583851,0.001307531380753138,5.0,0.0,2.1051322116964208e-05,25
I170658231,0.002353556485355648,9.0,4.5883178461593404e-05,0.00030742158164059517,12
I170726198,0.0007845188284518827,3.0,0.0,7.1797147972413394e-06,57
I170897317,0.021182008368200837,89.0,0.0031187709999586405,0.030100259212280857,14
I171210897,0.0,0.0,0.0,3.211818884300829e-35,142
I17145004,0.008891213389121338,41.0,0.0002562396972004349,0.01002738437843143,3
I171481255,0.001307531380753138,5.0,0.0,0.0004749234304164095,28
I171543936,0.0007845188284518827,3.0,0.0,5.677085289475615e-05,81
I171571821,0.0002615062761506276,1.0,0.0,1.8258219103219602e-27,143
I17170469,0.001307531380753138,5.0,0.0,2.1051322116964208e-05,25
I171892758,0.0075836820083682,30.0,5.1302076696572925e-05,0.0025313555783572704,81
I172324550,0.0002615062761506276,1.0,0.0,2.1048976240153915e-30,144
I172446870,0.0020920502092050207,8.0,0.0,3.5550216423967306e-05,34
I172675005,0.048117154811715475,322.0,0.06885332614963514,0.184858603020167,3
I172787465,0.0015690376569037654,6.0,0.0,7.963896099673027e-05,1
I172980758,0.003922594142259414,15.0,1.5783018292329356e-05,0.0020025354011455553,0
I17301866,0.002615062761506276,12.0,0.0008640195637430498,0.008029318904104498,3
I173029219,0.005230125523012552,20.0,0.0025071869302266507,0.003902535393458655,12
I173089394,0.0,0.0,0.0,3.211818884300829e-35,145
I173093425,0.005230125523012552,22.0,0.001918694206284893,0.003244903879435676,25
I173268674,0.0002615062761506276,1.0,0.0,1.045536203367022e-06,79
I173304897,0.0015690376569037654,7.0,4.583029166123999e-06,0.0006531492913512562,13
I173759888,0.0002615062761506276,1.0,0.0,0.0002567515673520776,3
I173761726,0.0005230125523012552,2.0,0.0,1.8595000506907034e-26,146
I173888879,0.004707112970711296,19.0,0.0005570364136031965,0.0009293094286984058,0
I17389662,0.0007845188284518827,3.0,0.0,1.4637357614335306e-06,57
I173899330,0.0005230125523012552,2.0,1.3680684077982087e-07,9.26090444188842e-05,3
I173911158,0.0033995815899581588,13.0,7.463301760399156e-05,0.0008931920211178107,79
I174025329,0.003661087866108786,15.0,1.4820741084480589e-06,0.0008689175876680692,16
I174104030,0.0,0.0,0.0,3.211818884300829e-35,147
I174135032,0.0028765690376569035,12.0,7.524376242890148e-07,0.004773606987201001,79
I174216632,0.004707112970711296,18.0,1.9825591343009032e-05,0.0018541782488135307,0
I174306211,0.001830543933054393,8.0,0.0014588260659715421,0.00034762950306573557,9
I1743320,0.0041841004184100415,19.0,0.0001392459113125809,0.0033954780406149575,0
I17442442,0.0007845188284518827,3.0,0.0,0.00034240215875662824,3
I174458059,0.003661087866108786,14.0,0.00520738366584692,0.001026507411412643,57
I174731842,0.0005230125523012552,2.0,0.0,0.00033784966998339703,3
I174878644,0.0005230125523012552,3.0,0.0,2.1773161103364166e-05,3
I174947986,0.0002615062761506276,1.0,0.0,5.589656318585958e-07,79
I17533244,0.003661087866108786,16.0,0.000761947999578471,1.5556808461482613e-05,79
I175381709,0.0010460251046025104,4.0,0.0,0.00048663159762725303,28
I175532246,0.004445606694560669,17.0,0.0,0.0028967519743703044,9
I175594653,0.001830543933054393,7.0,0.00045219221105756793,0.0006526695698138817,9
I175682507,0.0007845188284518827,3.0,0.0,1.6257796612509797e-06,81
I176453806,0.0028765690376569035,13.0,0.00022131383289335533,0.00023789102131299708,14
I176601375,0.008368200836820083,46.0,0.0031582041849908273,0.012470813358092147,13
I176790772,0.0028765690376569035,11.0,7.296364841590446e-07,0.0007379812252240104,0
I176808543,0.0002615062761506276,1.0,0.0,0.0018457884534090843,3
I176834541,0.001830543933054393,7.0,0.0,0.0018946160925783894,3
I176861719,0.001307531380753138,5.0,0.0,0.00021055237026353178,16
I177136067,0.0002615062761506276,1.0,0.0,2.1048976240153915e-30,148
I17721919,0.003138075313807531,12.0,0.0,0.00046474542904644374,3
I177233841,0.0,0.0,0.0,3.211818884300829e-35,149
I177436651,0.0,0.0,0.0,3.211818884300829e-35,150
I17747738,0.005230125523012552,20.0,0.0,0.0005740663052478989,14
I177477856,0.0015690376569037654,6.0,0.0004734895123544205,7.079615686496009e-05,9
I177605424,0.001830543933054393,11.0,2.521806098374698e-05,0.000401136065341721,17
I177639307,0.001307531380753138,5.0,0.0,0.0008049584647529729,0
I177725633,0.06433054393305439,360.0,0.05273969474992541,0.22912971853649583,3
I177738480,0.0015690376569037654,7.0,0.0008029877519571587,0.000441180493550343,2
I177739611,0.003138075313807531,12.0,0.0,0.008233573589234953,3
I177802217,0.0002615062761506276,1.0,0.0,5.373556830838046e-09,9
I177877127,0.007322175732217572,32.0,0.0009157621910399916,0.004530339574428563,16
I177909021,0.001307531380753138,5.0,0.0,5.720099727625964e-06,7
I177918364,0.0005230125523012552,2.0,0.0,8.930469867642748e-06,13
I177933477,0.011506276150627614,46.0,7.980399045489551e-07,0.022253460884084728,3
I177969490,0.009152719665271966,37.0,0.0009103837278139044,0.0031191633429198513,81
I178169726,0.0007845188284518827,3.0,0.0,0.00019488392105823662,12
I178232147,0.003138075313807531,12.0,1.7784889301376713e-06,0.0036055078166468617,16
I178535277,0.0005230125523012552,2.0,0.0,2.7292662129256674e-06,23
I178613991,0.0010460251046025104,4.0,0.0,0.0003956758210846758,16
I17866349,0.002615062761506276,10.0,0.0018025669341149198,7.966174748126549e-05,1
I17877952,0.0067991631799163175,26.0,0.0013962418473295712,0.0005547752279168769,9
I179026463,0.0010460251046025104,4.0,0.0,0.00019687453738096778,12
I179060312,0.0010460251046025104,6.0,0.0,0.00038826683329184667,60
I179193067,0.005230125523012552,20.0,0.0003657348479127473,0.0023244342216946342,0
I179225836,0.0028765690376569035,11.0,3.853392681964955e-06,0.0007606219818758191,14
I179311214,0.0015690376569037654,6.0,0.0,0.0002689894571007743,16
I179324530,0.0005230125523012552,2.0,0.0,4.8460385846369036e-05,3
I179331831,0.0015690376569037654,6.0,0.0,0.0009070405845104252,23
I17937529,0.010198744769874476,54.0,6.582042933399016e-05,0.005628960954750363,14
I17974374,0.001830543933054393,7.0,0.0005511304889374138,0.0015399305989952003,0
I18014758,0.0005230125523012552,2.0,1.3680684077982087e-07,5.163066304710152e-29,151
I180242103,0.0,0.0,0.0,3.211818884300829e-35,152
I180437899,0.002615062761506276,10.0,1.122497917757435e-05,0.0008254100958096268,12
I180519160,0.0010460251046025104,4.0,0.0,8.748687390925968e-05,14
I180662265,0.0075836820083682,36.0,9.068013429689127e-06,0.023051834283000054,3
I180670191,0.025889121338912132,136.0,0.006317798340283828,0.019999605189412403,0
I180726961,0.024581589958158994,130.0,0.0030018568016668096,0.07607429220963931,3
I180825142,0.001307531380753138,6.0,0.0,0.00013286343707609907,81
I180857899,0.001307531380753138,5.0,0.0,1.1953614507627715e-22,67
I180923762,0.0041841004184100415,20.0,0.0021985650838610305,0.004000757783006125,0
I180941496,0.0005230125523012552,2.0,0.0,1.5356481967836508e-06,12
I180949307,0.0007845188284518827,3.0,0.0,0.0008918271816118665,0
I180952551,0.0015690376569037654,6.0,0.0,0.0009070405845104252,23
I181046868,0.0015690376569037654,6.0,2.4544775888766258e-05,0.00012743190605344728,28
I181063083,0.0010460251046025104,4.0,0.0,3.018752405607464e-05,23
I181134585,0.0005230125523012552,2.0,0.0,7.02342576164935e-05,3
I181233156,0.0005230125523012552,2.0,0.0,9.105068306509532e-05,0
I181326427,0.004707112970711296,18.0,0.00090883064444048,0.006749510298803214,12
I181343428,0.0010460251046025104,4.0,0.0009018306944205791,0.00034395500496926736,1
I181361081,0.0015690376569037654,6.0,0.0,0.0028210959766561627,3
I181369854,0.0010460251046025104,4.0,0.0001484084551833806,0.0003695020092289909,14
I181514455,0.0010460251046025104,4.0,0.0,7.197614092527759e-24,87
I181547552,0.0041841004184100415,17.0,0.00047760543894314163,0.0016816742474748672,0
I181565077,0.0033995815899581588,13.0,7.364768261980356e-06,0.0013405180290706324,23
I181647926,0.002353556485355648,9.0,0.0,0.006848937494553445,3
I181679659,0.0005230125523012552,2.0,0.0,0.0007781689005549485,16
I181877577,0.001830543933054393,7.0,1.0488524459786267e-06,0.0010497722242676965,3
I181903023,0.0007845188284518827,3.0,0.0,0.00429165596037275,3
I182083151,0.0,0.0,0.0,3.211818884300829e-35,153
I182451676,0.0005230125523012552,2.0,0.0,0.00011391110248546586,14
I182526193,0.0007845188284518827,3.0,0.0,1.379465706874727e-25,154
I182534213,0.0028765690376569035,11.0,5.0761852540779215e-05,2.7217647989880156e-06,13
I182627622,0.002353556485355648,9.0,0.0,0.00014206477170924567,81
I182714158,0.0002615062761506276,1.0,0.0,2.1048976240153915e-30,42
I182722699,0.0007845188284518827,3.0,0.0,0.0018326332893841596,3
I183067930,0.06668410041841004,406.0,0.04463753915558277,0.22041920411357252,3
I183437572,0.0010460251046025104,4.0,0.0,4.87007896929458e-06,81
I183519381,0.02144351464435146,92.0,0.0006425394453920399,0.02615376192226134,3
I183533211,0.0002615062761506276,1.0,0.0,0.00012026956586561197,3
I183570559,0.0007845188284518827,3.0,0.0,0.0007107866757553425,79
I183638586,0.0002615062761506276,1.0,0.0,1.3446617828794084e-05,79
I183697816,0.003661087866108786,14.0,0.00010088556927662235,0.0010034486562252405,12
I183764125,0.0,0.0,0.0,3.211818884300829e-35,155
I183859904,0.0007845188284518827,3.0,0.0,9.501201860264485e-07,0
I183874917,0.007060669456066945,36.0,1.5801190110069308e-06,0.0033662592944031654,0
I183935753,0.02039748953974895,91.0,0.006924272492146488,0.019843421669388493,81
I18452120,0.0005230125523012552,2.0,0.0,3.5258389963091604e-05,3
I184531372,0.0015690376569037654,6.0,0.0,0.00021378882483728232,0
I184565670,0.016736401673640166,66.0,0.001004802923361537,0.011511430751995871,12
I184597095,0.0015690376569037654,7.0,0.00045105215405106944,6.733512393000974e-07,1
I184656255,0.0,0.0,0.0,3.211818884300829e-35,156
I184681353,0.0002615062761506276,1.0,0.0,2.1048976240153915e-30,157
I184693016,0.003138075313807531,14.0,0.000349516927269608,6.494003511284781e-05,25
I184840846,0.0010460251046025104,4.0,0.001352609234790089,9.479057211687716e-06,57
I184843921,0.002353556485355648,9.0,1.1856592867584475e-06,0.0018302387278387728,3
I184886455,0.0005230125523012552,2.0,0.0,2.6369006185782265e-05,81
I184908088,0.0005230125523012552,2.0,0.0,0.0001297502855707678,17
I184942183,0.002353556485355648,10.0,0.0,0.002232222558693812,13
I184983240,0.0010460251046025104,4.0,0.0,0.0019995472261559576,3
I1850255,0.01072175732217573,46.0,0.0007482548536485855,0.005966535779441135,9
I185065464,0.0010460251046025104,4.0,0.0,1.7561186727596869e-06,79
I185103710,0.003138075313807531,12.0,0.0,0.004639919621330207,79
I185163786,0.0054916317991631795,21.0,0.0018667277724309034,0.00014653761978988703,23
I185241533,0.001307531380753138,5.0,0.0,0.00011381472169837125,15
I185261750,0.02798117154811715,153.0,0.014794331174168007,0.024631168029014074,0
I185443292,0.001307531380753138,5.0,0.0,0.00032104107796972875,0
I185571130,0.0005230125523012552,2.0,0.0,1.3825827141502903e-27,158
I185573737,0.0,0.0,0.0,3.211818884300829e-35,159
I185848579,0.0005230125523012552,2.0,0.0,3.1964201694367175e-05,0
I185940356,0.002615062761506276,10.0,5.472273631192835e-07,0.0046345536605389955,3
I186143895,0.006276150627615062,24.0,1.9387809452513615e-05,0.003321865431690021,0
I186272606,0.0005230125523012552,2.0,0.00045105215405106944,0.00015382555764920092,0
I186335123,0.010983263598326359,42.0,0.00034819436511819216,0.006955903423119861,12
I186523950,0.004707112970711296,18.0,6.612330637691342e-07,0.0052392238997544084,0
I186667990,0.002353556485355648,9.0,0.0,0.0007043156728358856,0
I186803428,0.0002615062761506276,1.0,0.0,7.97437068531711e-06,0
I186903577,0.003138075313807531,12.0,0.0009019675012613591,0.0004987323902412568,16
I187400657,0.002353556485355648,10.0,0.00022755286908091377,0.0007767026768890266,12
I187531555,0.0041841004184100415,16.0,0.00029777528971736676,0.0030496761434093164,12
I187792471,0.0020920502092050207,8.0,0.0,5.175429365501405e-05,13
I188329596,0.003922594142259414,15.0,0.0012755316092335912,0.0011385359694406367,0
I188522409,0.0007845188284518827,3.0,0.0,0.0012322606059800938,3
I188538660,0.002615062761506276,10.0,6.840342038991043e-07,0.00361878003061191,1
I188626449,0.001307531380753138,5.0,0.0,0.0001447790533032706,1
I188716491,0.0002615062761506276,1.0,0.0,0.0003774880025829806,3
I188760350,0.0028765690376569035,11.0,0.0013523356211085293,0.00019079226058350075,81
I188950975,0.002615062761506276,14.0,0.0,0.003878845104141488,1
I189109744,0.0007845188284518827,3.0,0.0,0.00017848385201101342,13
I189196454,0.008368200836820083,34.0,5.989859512143157e-06,0.004904507275857986,0
I189210763,0.0005230125523012552,2.0,0.0,0.0007741327555103735,3
I18925743,0.0054916317991631795,21.0,0.0,0.012453561867482515,25
I189268942,0.0005230125523012552,2.0,0.0,0.0008712518913967376,25
I189273616,0.001830543933054393,7.0,0.0,0.00029648336548270595,0
I189442560,0.0005230125523012552,2.0,0.0,3.2746396515568034e-05,3
I189462010,0.001830543933054393,9.0,3.2224658868529825e-05,1.4002126456146094e-06,23
I189590672,0.0010460251046025104,5.0,0.00045105215405106944,0.00019543597816261383,3
I189643551,0.0007845188284518827,3.0,0.0,1.379465706874727e-25,154
I189869855,0.002353556485355648,9.0,0.0,3.211818884300827e-19,102
I189996419,0.0010460251046025104,4.0,0.0,0.00012173967912614747,28
I190032430,0.0002615062761506276,1.0,0.0,2.1048976240153915e-30,160
I190082696,0.0007845188284518827,3.0,3.2550907649545385e-05,0.000459203922909121,2
I190134885,0.0015690376569037654,6.0,0.0,0.00013299956099412086,9
I190243414,0.0005230125523012552,2.0,0.0,1.3825827141502903e-27,45
I190249584,0.0007845188284518827,3.0,0.002252524633439751,2.468060490327486e-05,19
I1902872,0.0015690376569037654,6.0,0.0009018306944205791,0.002556514616110818,3
I190397597,0.0007845188284518827,3.0,0.0,1.1000322386067667e-05,9
I190632392,0.0020920502092050207,9.0,0.0005775171577059405,3.0204010478872592e-05,23
I190765188,0.01072175732217573,41.0,0.0,0.006955386027812776,12
I190861549,0.0005230125523012552,2.0,0.0,8.857155389493645e-07,12
I191208505,0.010983263598326359,47.0,0.0018531164103219174,0.025385705305031713,3
I191240316,0.004445606694560669,17.0,0.0001204167297932518,0.003646391879910543,81
I191365509,0.0002615062761506276,1.0,0.0,2.1048976240153915e-30,161
I191420491,0.0005230125523012552,2.0,0.0,5.898596885880076e-06,13
I19144141,0.0,0.0,0.0,3.211818884300829e-35,162
I191879574,0.0033995815899581588,13.0,0.00024253116733446645,0.000352511905925673,2
I191969501,0.0005230125523012552,2.0,0.0,5.049777622994015e-05,0
I191972202,0.0005230125523012552,2.0,0.0,4.240592668321271e-08,23
I191996457,0.00653765690376569,25.0,0.0,0.007981802431922496,3
I192156838,0.0010460251046025104,4.0,0.0,0.0005572915895203764,34
I192396691,0.0005230125523012552,2.0,0.0,0.00017524386486871343,0
I192398990,0.0054916317991631795,21.0,0.0013792911388408027,0.0009320938845050392,81
I192455969,0.0015690376569037654,7.0,2.7361368155964175e-07,0.0026397196380250694,0
I1925986,0.007322175732217572,33.0,0.0,0.004641207456871028,0
I19268510,0.0005230125523012552,2.0,0.0,0.0003133260804121103,3
I192805215,0.0,0.0,0.0,3.211818884300829e-35,163
I192878625,0.0,0.0,0.0,3.211818884300829e-35,164
I192915278,0.0010460251046025104,4.0,0.0,7.605963703133557e-05,9
I193033237,0.0010460251046025104,4.0,0.0,6.849255921083574e-07,1
I193073490,0.0005230125523012552,2.0,0.0,6.139601719280269e-09,79
I193223587,0.003922594142259414,15.0,0.0012966676689613555,0.0020976974943376966,3
I193260172,0.0041841004184100415,18.0,0.0022550897617043724,0.0003423372457573289,16
I193374721,0.002615062761506276,10.0,0.0,0.0011914932282989512,1
I193424650,0.0002615062761506276,1.0,0.0,0.00011109101587342017,79
I193531525,0.0015690376569037654,6.0,0.0009155649611778666,9.958976775465067e-06,13
I193619901,0.01072175732217573,41.0,0.0,0.006955386027812776,12
I193629610,0.004445606694560669,17.0,0.0,0.0028967519743703044,9
I193649603,0.002353556485355648,9.0,0.0,0.006650621364879102,25
I193662353,0.02824267782426778,116.0,0.006835930430094774,0.010686937978505624,14
I193775966,0.001830543933054393,7.0,0.0007488350441484799,0.0006067607191407876,79
I194019607,0.004445606694560669,17.0,0.0,0.0028967519743703044,9
I194450716,0.012290794979079497,73.0,0.006583909016519336,0.04443150728282334,3
I194601409,0.001307531380753138,5.0,0.0,8.628687086033131e-05,57
I194604659,0.002615062761506276,10.0,0.0,0.0013347601154052272,0
I194716290,0.0005230125523012552,2.0,0.0,0.00042613027752122067,3
I195019228,0.0002615062761506276,1.0,0.0,0.001357985966397176,3
I195024194,0.0020920502092050207,9.0,0.0001479149047899958,3.4383178462668775e-05,23
I195460627,0.001307531380753138,5.0,0.0,0.0004928255986243028,13
I195525897,0.0010460251046025104,4.0,0.0,0.00021683266244989724,34
I195731000,0.004968619246861925,19.0,7.113955720550685e-06,0.0022378236030184914,57
I195893171,0.004445606694560669,17.0,0.0,0.0014570003112687724,81
I195939026,0.001307531380753138,5.0,0.0,0.00021055237026353178,16
I196272386,0.0041841004184100415,17.0,2.2801140129970145e-07,0.0016481974811147976,0
I196345858,0.003138075313807531,12.0,3.2279574081998736e-05,0.0003641767106673559,2
I196349391,0.0002615062761506276,1.0,0.0,2.1048976240153915e-30,165
I196471810,0.0002615062761506276,1.0,0.0,2.190840066143059e-06,2
I19648265,0.0002615062761506276,2.0,0.0,3.274728683463553e-06,3
I196608512,0.0002615062761506276,1.0,0.0,2.1048976240153915e-30,166
I19668297,0.001830543933054393,7.0,0.0,0.00023680548680299777,9
I196699116,0.001307531380753138,6.0,0.00044968408564327123,0.003132025120556281,3
I196829312,0.0033995815899581588,14.0,0.00032234052688900303,0.003713233935029576,3
I19700959,0.0010460251046025104,4.0,1.3794689778631932e-06,0.0006590328306329656,0
I197251160,0.0,0.0,0.0,3.211818884300829e-35,167
I197323543,0.007845188284518828,43.0,1.0953986221758806e-05,0.002011313716607803,14
I197347611,0.007060669456066945,29.0,0.002931660401891919,0.004154431410738586,23
I197425175,0.0002615062761506276,1.0,0.0,2.1048976240153915e-30,148
I197809005,0.0,0.0,0.0,3.211818884300829e-35,168
I197854408,0.0,0.0,0.0,3.211818884300829e-35,169
I197869895,0.008106694560669455,31.0,0.00045105215405106944,0.012326005735448382,3
I197907453,0.0005230125523012552,2.0,0.0,1.3825827141502903e-27,170
I197979904,0.0002615062761506276,1.0,0.0,2.1048976240153915e-30,171
I198034347,0.0,0.0,0.0,3.211818884300829e-35,172
I198091727,0.0015690376569037654,6.0,0.0,0.0011599631777812864,3
I19820366,0.0549163179916318,383.0,0.04977776851119095,0.18740934241773347,3
I198357462,0.0020920502092050207,8.0,0.00045105215405106944,0.008992418192370268,3
I198587356,0.001307531380753138,5.0,0.0,0.0004623457569239901,79
I198645480,0.0002615062761506276,1.0,0.0,2.7536699536343728e-09,13
I198873322,0.0010460251046025104,4.0,0.00045105215405106944,3.287147823690449e-07,13
I19894307,0.002353556485355648,9.0,0.0,0.0001221767819940756,1
I198972184,0.0005230125523012552,2.0,0.0,3.351384479380505e-05,79
I199117387,0.002615062761506276,10.0,0.0,0.00027545882575633735,81
I199305430,0.0075836820083682,29.0,8.800100033161978e-05,0.0093591758688921,3
I199440890,0.0010460251046025104,4.0,0.0,4.9404556354931116e-05,23
I199688382,0.0005230125523012552,2.0,0.0,1.0661127925595896e-07,23
I199693650,0.0015690376569037654,6.0,0.0009018306944205791,8.447939181564193e-07,79
I199702508,0.0007845188284518827,3.0,0.0,9.671292221457781e-07,23
I200166805,0.007060669456066945,27.0,0.0007301145659068196,0.004125442132866089,0
I200284239,0.0002615062761506276,1.0,0.0,2.1048976240153915e-30,173
I200296433,0.03608786610878661,168.0,0.002972970851562576,0.09895221883150652,25
I200332995,0.011244769874476987,43.0,0.0027079432058257098,0.002943514199018847,14
I200437953,0.0002615062761506276,1.0,0.0,1.8530436174789506e-06,0
I200475212,0.0002615062761506276,2.0,0.0,1.1294554541726365e-08,1
I200606013,0.0020920502092050207,8.0,0.0,0.00016790111994848157,12
I200650556,0.0020920502092050207,8.0,0.0013412110336747257,5.907539644542503e-05,23
I200719446,0.0033995815899581588,15.0,1.5310965597274953e-05,0.001561327083187704,0
I200744771,0.0005230125523012552,2.0,0.0,2.0882607315144657e-07,19
I200763008,0.0015690376569037654,6.0,0.0,0.00013299956099412086,9
I200769079,0.06929916317991631,451.0,0.11693390284180802,0.3195392477862049,3
I200813526,0.0005230125523012552,2.0,0.0,2.5866002512497515e-08,13
I200845125,0.00653765690376569,27.0,0.0013028727820940111,0.00359772173022223,3
I20089843,0.024320083682008366,106.0,0.0026589870479310847,0.018503182114819255,1
I201025148,0.0002615062761506276,1.0,0.0,9.461085514297173e-07,16
I201181511,0.0007845188284518827,3.0,0.0,0.0003780861735491356,9
I20121455,0.0,0.0,0.0,3.211818884300829e-35,174
I201324441,0.0020920502092050207,8.0,0.0,3.5550216423967306e-05,34
I201384688,0.0010460251046025104,4.0,0.0,8.446752540067068e-07,79
I201448701,0.02798117154811715,134.0,0.003886318298221229,0.035934566130036316,0
I201459984,0.0002615062761506276,1.0,0.0,1.2882905520614089e-06,0
I201532990,0.0007845188284518827,3.0,0.0,7.233462013466685e-05,3
I201537933,0.007322175732217572,31.0,0.001896469032377462,0.0023809687802358133,28
I201726411,0.0028765690376569035,12.0,3.5204960360673896e-05,0.005041882518030239,3
I201799495,0.0010460251046025104,4.0,0.0,4.900846686250047e-24,83
I201850948,0.005230125523012552,20.0,0.0,0.0005740663052478989,14
I202126657,0.0005230125523012552,2.0,0.0,0.0005959817155977077,3
I202276237,0.0005230125523012552,2.0,0.0,0.00014963688913465235,0
I20231570,0.05648535564853556,328.0,0.03907980993597169,0.20002309524708808,3
I202334528,0.0005230125523012552,2.0,0.0,0.0006280208893203573,3
I202539009,0.0010460251046025104,4.0,0.0,4.900846686250047e-24,18
I202697423,0.016474895397489538,65.0,0.0013892973066125989,0.005720671054703373,9
I202735123,0.001830543933054393,7.0,0.0,7.607060530349826e-05,16
I202963720,0.001307531380753138,5.0,0.0,8.766297524602887e-05,14
I203089679,0.0005230125523012552,2.0,0.0,1.505663747182978e-07,28
I203172682,0.001830543933054393,7.0,4.446222325344179e-06,0.00037164541814808727,0
I203847022,0.0002615062761506276,1.0,0.0,8.157552042859887e-06,81
I20388574,0.002615062761506276,10.0,0.0,0.0006577345189778832,0
I203899302,0.0,0.0,0.0,3.211818884300829e-35,175
I204136569,0.011506276150627614,44.0,0.00011619612030771297,0.00699361578585404,12
I204246437,0.001307531380753138,5.0,0.0,1.8520432836985178e-06,25
I204250578,0.004707112970711296,19.0,0.0018391500605311637,0.0022724513361981305,0
I204275683,0.0007845188284518827,3.0,2.7361368155964175e-07,3.962190220493285e-27,143
I204308271,0.0005230125523012552,2.0,0.0,1.1773060562871747e-05,79
I204331812,0.0,0.0,0.0,3.211818884300829e-35,176
I204337017,0.007845188284518828,31.0,0.0004596310830249712,0.0044841640596814634,0
I204442077,0.0002615062761506276,1.0,0.0,2.020342882216675e-05,79
I204465549,0.011506276150627614,51.0,0.002509103240773586,0.008760209682980512,0
I204483917,0.0005230125523012552,2.0,0.0,1.3825827141502903e-27,170
I204490172,0.0005230125523012552,2.0,0.0,1.3825827141502903e-27,101
I204512498,0.022489539748953975,96.0,0.0020978131973728746,0.04634811042119623,25
I204553293,0.0005230125523012552,2.0,0.0,0.00042269060008712667,3
I204585392,0.002353556485355648,9.0,0.0,0.0001817803451719193,12
I204722609,0.001307531380753138,6.0,0.000902754140595843,0.0009519416555639072,0
I204730241,0.007845188284518828,30.0,0.006021741582552495,0.002744040357918968,81
I204743663,0.0,0.0,0.0,3.211818884300829e-35,177
I204778367,0.002615062761506276,10.0,0.0004466499053531195,0.0007458122379393698,16
I204823248,0.004968619246861925,19.0,0.0,0.017684728510872227,3
I204824540,0.001830543933054393,7.0,6.840342038991043e-07,0.0006542209013762308,16
I204831749,0.004445606694560669,20.0,0.0004428209424641502,0.014438132603115246,3
I204866599,0.002615062761506276,20.0,0.0,0.004228425998403973,0
I204974687,0.0,0.0,0.0,3.211818884300829e-35,178
I204983213,0.0198744769874477,116.0,0.009285983371740834,0.07057567209600357,3
I205158640,0.0002615062761506276,1.0,0.0,2.1048976240153915e-30,56
I205237279,0.0054916317991631795,21.0,2.2709935569450266e-05,0.014850976942094966,3
I20529979,0.0002615062761506276,1.0,0.0,2.1048976240153915e-30,179
I205349734,0.002353556485355648,9.0,0.0015244213630891598,0.005405834266990635,79
I205490536,0.002615062761506276,10.0,0.0,0.00032750226298147126,2
I205582932,0.0015690376569037654,6.0,4.104205223394626e-07,0.00023454968255041722,14
I205612303,0.0,0.0,0.0,3.211818884300829e-35,180
I205640436,0.0,0.0,0.0,3.211818884300829e-35,181
I205746353,0.0020920502092050207,8.0,0.0,0.00016790111994848157,12
I205783295,0.041056485355648535,183.0,0.02527217512777624,0.02520273027826482,0
I20581793,0.0002615062761506276,1.0,0.0,1.3090470413907004e-05,57
I205892228,0.0005230125523012552,2.0,0.0,0.00042269060008712667,3
I206597221,0.0002615062761506276,1.0,0.0,5.134124112020543e-08,79
I206895457,0.0007845188284518827,3.0,0.0,0.00031781125314264756,12
I206935292,0.0015690376569037654,6.0,0.0,6.028663391443737e-06,79
I206945453,0.0005230125523012552,2.0,0.0,0.00028724603044217266,16
I207123951,0.0002615062761506276,1.0,0.0,5.81667130502253e-06,0
I20942203,0.005230125523012552,20.0,0.0008618984062498158,0.0034912647740606355,3
I210716285,0.0007845188284518827,3.0,0.0,2.8116728213705428e-05,57
I211070993,0.0002615062761506276,1.0,0.0,2.1048976240153915e-30,160
I211433327,0.0002615062761506276,1.0,0.0,2.2552932750710695e-06,35
I211891151,0.001307531380753138,5.0,0.0,5.720099727625964e-06,7
I21193070,0.004968619246861925,21.0,0.0005003400757477324,0.01841997583194188,3
I21196054,0.004445606694560669,17.0,0.0,0.0027817197466603813,0
I21203515,0.0015690376569037654,6.0,2.7779418290577895e-05,5.0521637145918815e-05,9
I212119943,0.001307531380753138,5.0,1.3543877237202266e-05,0.000641650831037049,3
I21215505,0.0007845188284518827,3.0,0.0,2.567093128058977e-06,79
I21250087,0.009152719665271966,35.0,0.005301828268379272,0.0005789451066796747,14
I21256249,0.0010460251046025104,8.0,0.0,2.0786419481430332e-05,2
I2135383,0.0002615062761506276,2.0,0.0,0.000621403933650611,3
I21370196,0.005230125523012552,20.0,2.7954197799343396e-05,0.0031498936135640823,9
I21491767,0.012290794979079497,47.0,1.8696934906575518e-05,0.004771279742901354,1
I21642278,0.001307531380753138,5.0,0.0009018306944205791,0.0013448622776719879,3
I21803372,0.002353556485355648,9.0,0.0,4.1574620323094427e-07,13
I219193219,0.011767782426778242,49.0,0.006308054231468781,0.016887033216409934,0
I21945476,0.0,0.0,0.0,3.211818884300829e-35,182
I22046295,0.0005230125523012552,2.0,0.0,0.00025828355352572324,3
I221268210,0.0028765690376569035,11.0,0.0,0.0006826303694622903,0
I221716585,0.0007845188284518827,3.0,0.0,2.0207917049246684e-06,26
I22265921,0.0007845188284518827,3.0,0.0,1.379465706874727e-25,49
I22299242,0.007060669456066945,30.0,0.0011149965991122304,0.002836278992644185,28
I223532165,0.004968619246861925,25.0,0.000995491263463031,0.0054458158968031,12
I223822909,0.03399581589958159,192.0,0.00902685287899467,0.014615744794848796,14
I22465464,0.0007845188284518827,3.0,0.0,0.000775810232665221,14
I2250650973,0.003661087866108786,15.0,4.035801803004716e-06,0.004135875085572542,3
I2250653659,0.017259414225941423,93.0,0.001838250718418324,0.05445609566215848,3
I2250955327,0.011244769874476987,61.0,0.00172968308968947,0.05154250681828305,3
I2251586001,0.008891213389121338,43.0,4.023631324311965e-06,0.01990326277056441,25
I2251713219,0.0,0.0,0.0,3.211818884300829e-35,183
I2252096349,0.0002615062761506276,1.0,0.0,1.1846646627883952e-06,0
I22675022,0.0002615062761506276,1.0,0.0,0.00015226697023954555,79
I22716506,0.0005230125523012552,2.0,0.0,0.0009870111722475809,3
I227486990,0.0,0.0,0.0,3.211818884300829e-35,184
I2277624104,0.0005230125523012552,2.0,0.0,0.0002758037892395708,1
I2279609970,0.001830543933054393,7.0,0.0,4.136312599452999e-05,14
I230073098,0.001307531380753138,5.0,0.0,0.00035966797258047653,14
I230495080,0.002353556485355648,9.0,0.0,2.9983669744342424e-05,57
I23075662,0.002615062761506276,10.0,0.0010802343066006505,0.0001463845771084199,23
I231025917,0.0010460251046025104,4.0,0.0,8.914050163074715e-06,57
I231086526,0.0005230125523012552,2.0,0.0,2.785470392979867e-07,64
I23171815,0.002615062761506276,12.0,4.104205223394626e-06,0.0027315298873917854,3
I232005693,0.0,0.0,0.0,3.211818884300829e-35,185
I232906412,0.0002615062761506276,1.0,0.0,2.1048976240153915e-30,186
I233745408,0.002353556485355648,9.0,1.0887544412060742e-05,0.0008605154273952245,0
I233754661,0.0015690376569037654,6.0,0.0,8.122116555123287e-08,2
I233772129,0.002353556485355648,9.0,0.0009016710864396694,0.0008446913521971551,16
I23582244,0.0007845188284518827,4.0,0.0,6.005856946167626e-07,23
I23632641,0.0,0.0,0.0,3.211818884300829e-35,187
I236437131,0.0007845188284518827,3.0,0.0,7.901087534677889e-08,32
I23732399,0.0015690376569037654,6.0,0.0,0.00037236038399063233,79
I23758234,0.001830543933054393,7.0,0.0009018306944205791,1.78169735454233e-05,28
I23923803,0.004707112970711296,18.0,0.0015409872254612666,0.0030649499643752268,3
I24027795,0.008368200836820083,40.0,0.008699365210703896,0.00040738965175356754,23
I24062138,0.0,0.0,0.0,3.211818884300829e-35,188
I240666556,0.0010460251046025104,4.0,2.5993299748165965e-05,5.634318226988036e-05,16
I241749,0.05282426778242677,236.0,0.0173802377878417,0.040710910962157044,1
I24185976,0.023274058577405856,106.0,0.004880688737587549,0.04000611401528732,3
I24201400,0.0002615062761506276,1.0,0.0,2.1048976240153915e-30,189
I24227732,0.0005230125523012552,2.0,0.0,8.751923710931691e-08,57
I244572783,0.0005230125523012552,2.0,0.0,0.00022420409982264647,23
I245308123,0.0,0.0,0.0,3.211818884300829e-35,190
I24541011,0.003922594142259414,16.0,0.00046245272411605447,0.0010054948640396812,2
I24571045,0.0007845188284518827,3.0,0.0,0.0002170213675049753,0
I246010334,0.003661087866108786,14.0,2.0323416235846725e-05,1.4220947191222621e-05,9
I24603500,0.005230125523012552,25.0,0.0027409068141116054,0.0038635222517133462,17
I24624658,0.0005230125523012552,2.0,0.0,6.325464140971503e-06,9
I24676775,0.0007845188284518827,3.0,0.0,0.0003756441607937141,1
I24768866,0.0007845188284518827,3.0,0.0,6.442232353081619e-10,57
I24943067,0.03190376569037657,167.0,0.013079434530124806,0.08921210474381645,3
I250520410,0.001307531380753138,5.0,0.00045105215405106944,0.00012482216739923615,79
I25112270,0.0010460251046025104,4.0,0.0,2.8604547995068976e-06,7
I25169866,0.002353556485355648,10.0,0.0,7.781562724394945e-07,13
I251738,0.004445606694560669,20.0,0.001690291162824217,0.0005066779204559804,13
I25217355,0.0002615062761506276,1.0,0.0,1.3574161572161728e-05,12
I25254941,0.014644351464435145,57.0,0.0008268218699131547,0.010768574023852364,12
I2534966,0.0,0.0,0.0,3.211818884300829e-35,191
I25355098,0.001830543933054393,7.0,7.547177383020118e-06,0.0004646255550355886,3
I254571519,0.006014644351464434,23.0,0.001748185872916873,0.005965297700470255,79
I25485817,0.0002615062761506276,1.0,0.0,0.0001129570744573789,14
I255234318,0.002353556485355648,10.0,0.0009328046515292397,0.00010485197694144398,12
I25621075,0.0,0.0,0.0,3.211818884300829e-35,192
I25757504,0.004707112970711296,18.0,0.0009068218639950299,0.009330064311791897,3
I258063972,0.0010460251046025104,4.0,0.0,1.197670497527213e-06,28
I25846049,0.0005230125523012552,2.0,0.0,2.3345087657983104e-05,25
I258800397,0.0020920502092050207,8.0,0.0,0.0010571758538223232,0
I25974101,0.0041841004184100415,16.0,0.00018496203986270281,0.005864560556447404,79
I26080491,0.007845188284518828,40.0,1.2092895592567801e-05,0.030823268634804953,3
I26092322,0.002353556485355648,9.0,0.0,0.0002510600888132101,16
I2610724,0.0005230125523012552,2.0,0.0,3.990044605387556e-06,14
I2613432,0.0010460251046025104,4.0,0.00045105215405106944,2.7807168879440583e-05,16
I26347476,0.0007845188284518827,3.0,0.0,0.0005993426044833681,0
I26415053,0.0,0.0,0.0,3.211818884300829e-35,193
I26437253,0.007322175732217572,28.0,0.0,0.0019194907584731183,14
I26653445,0.0005230125523012552,2.0,0.0,2.891579732661326e-06,16
I267592682,0.006014644351464434,28.0,6.498324937041491e-07,0.017843262425214033,0
I26771391,0.004445606694560669,17.0,8.189960770999666e-05,0.0005552562628839947,23
I26840924,0.0020920502092050207,8.0,0.0,2.2548479156791055e-05,14
I2699952,0.0005230125523012552,2.0,0.0,1.3825827141502903e-27,194
I2722730,0.0002615062761506276,1.0,0.0,8.84074862454109e-05,3
I27357992,0.01307531380753138,60.0,0.012908170521517187,0.031474125767322225,3
I2738703131,0.0033995815899581588,14.0,0.00023225226036921614,0.001296053569204466,57
I2746051580,0.0010460251046025104,4.0,0.0,0.0019363927316390461,57
I2750212522,0.0010460251046025104,4.0,0.0,0.00021683266244989724,34
I27504731,0.0002615062761506276,1.0,0.0,0.00014143084291373036,0
I27570832,0.0002615062761506276,1.0,0.0,7.359297374788544e-08,23
I27599042,0.0015690376569037654,6.0,0.0,0.0011754389192644903,3
I276309446,0.0,0.0,0.0,3.211818884300829e-35,195
I27765905,0.0002615062761506276,1.0,0.0,2.1048976240153915e-30,38
I277688954,0.017520920502092047,73.0,0.0008968855754804746,0.0057497440313384355,14
I27781120,0.013336820083682007,56.0,0.0013996393007296062,0.01556004940133449,3
I27804330,0.008891213389121338,41.0,0.00030177648583393473,0.007594535639917322,0
I27837315,0.021182008368200837,88.0,0.001693696837594377,0.011407767123312268,1
I27878738,0.002615062761506276,10.0,0.0,0.00046209872855004585,23
I27945538,0.0007845188284518827,3.0,0.0,3.1957981831110293e-06,9
I2799272940,0.0010460251046025104,4.0,0.0,0.0002920695335809786,57
I2799285752,0.0007845188284518827,3.0,0.0,0.0005403392599195066,0
I2799293026,0.002615062761506276,10.0,0.0,0.0013347601154052272,0
I2799293361,0.0010460251046025104,4.0,0.0,0.005502700788091173,3
I2799299286,0.024320083682008366,137.0,0.0014655668578736295,0.08176590321862372,25
I2799300743,0.0,0.0,0.0,3.211818884300829e-35,196
I2799341698,0.0002615062761506276,1.0,0.0,0.0001538147675478155,0
I2799343972,0.003138075313807531,12.0,0.0,0.0007810807202109951,0
I2799360972,0.001307531380753138,7.0,0.0,2.047973642870211e-05,79
I2799390153,0.0005230125523012552,2.0,0.0,0.00010902494375344114,12
I2799391451,0.001830543933054393,8.0,4.446222325344179e-06,0.00038325170170044014,0
I2799403072,0.001307531380753138,5.0,0.0,4.709371202151735e-06,2
I2799419631,0.0010460251046025104,4.0,0.0,1.2222948476337183e-06,81
I2799424032,0.0010460251046025104,4.0,0.0,0.0005244242319102925,3
I2799449666,0.0005230125523012552,2.0,0.0,8.62632323508794e-06,12
I2799452066,0.0010460251046025104,4.0,0.0,0.00018655269149358007,13
I2799468983,0.0005230125523012552,2.0,0.0,3.976778053610332e-06,23
I2799486974,0.0005230125523012552,2.0,0.0,0.00034473002479172343,3
I2799502834,0.0020920502092050207,8.0,0.0,3.2123839346221016e-05,81
I2799503643,0.0151673640167364,77.0,0.0011521180366615372,0.009166919093495688,0
I2799567181,0.0,0.0,0.0,3.211818884300829e-35,197
I2799567373,0.0015690376569037654,6.0,0.0,8.122116555123287e-08,2
I2799655038,0.0002615062761506276,1.0,0.0,2.1048976240153915e-30,198
I2799678268,0.0002615062761506276,1.0,0.0,2.1048976240153915e-30,161
I2799693775,0.0005230125523012552,2.0,0.0,1.3825827141502903e-27,199
I2799712389,0.0002615062761506276,1.0,0.0,2.1048976240153915e-30,179
I2799714274,0.001307531380753138,5.0,0.0,0.0024919673335218498,3
I2799732068,0.0028765690376569035,11.0,0.0,0.0005880228581931345,9
I2799795791,0.0005230125523012552,2.0,0.0,8.678051886611974e-05,0
I2799798094,0.0020920502092050207,8.0,0.00014166511228037097,0.0015756946904964,0
I2799803557,0.0015690376569037654,8.0,8.275510944886022e-05,7.509042083955563e-05,12
I2799807261,0.0005230125523012552,2.0,0.0,5.854363454112738e-06,9
I2799809257,0.0010460251046025104,4.0,0.0,0.0009917811439513308,0
I2799810409,0.001830543933054393,7.0,0.0,0.0011152354646911974,0
I2799810450,0.0054916317991631795,25.0,0.0015253513238758906,6.201198148085483e-05,9
I2799829267,0.0007845188284518827,4.0,0.0,1.8371872015011138e-06,0
I2799847335,0.0,0.0,0.0,3.211818884300829e-35,200
I2799853392,0.0041841004184100415,28.0,0.0,0.002671046420365561,0
I2799853436,0.008629707112970711,39.0,4.514625745734089e-06,0.01624047696677551,25
I2799884508,0.001307531380753138,5.0,0.0,8.766297524602887e-05,14
I2799891827,0.0005230125523012552,2.0,0.0,2.785470392979867e-07,64
I2799899409,0.006276150627615062,27.0,0.0001306736598154329,0.008319803976611221,0
I2799903593,0.0005230125523012552,2.0,0.0,9.724958061268673e-05,12
I2799929701,0.005230125523012552,20.0,0.0,0.0005740663052478989,14
I2799956115,0.0020920502092050207,8.0,0.0,0.0001907517220472448,81
I2799961584,0.0007845188284518827,3.0,0.0,4.2674725696058555e-05,3
I2799963127,0.0002615062761506276,1.0,0.0,2.861213464152553e-07,14
I2799974785,0.0010460251046025104,4.0,0.0,0.00017524385083920923,28
I2799976261,0.0020920502092050207,8.0,0.0,3.5550216423967306e-05,34
I2799978770,0.001830543933054393,7.0,0.0,0.005905685184281949,3
I2799997741,0.003138075313807531,12.0,0.0,0.00823357358923495,3
I2800006345,0.0041841004184100415,16.0,0.0,0.001774691965247128,14
I2800033600,0.007322175732217572,28.0,0.0,0.0019194907584731183,14
I2800069191,0.0,0.0,0.0,3.211818884300829e-35,201
I2800091995,0.0015690376569037654,6.0,0.0,0.004450567153627275,3
I2800104224,0.0020920502092050207,8.0,0.0,0.0010279380461757394,0
I2800139495,0.004445606694560669,17.0,0.0,0.0014570003112687724,81
I2800154431,0.0007845188284518827,3.0,0.0,0.0005993426044833681,0
I2800155786,0.0020920502092050207,8.0,0.0,0.0002751122231853428,16
I2800191616,0.0020920502092050207,8.0,0.0,0.00024584994709182285,3
I2800207870,0.0015690376569037654,6.0,0.0,0.00021378882483728232,0
I2800229700,0.0010460251046025104,6.0,0.0,0.0016900630257155385,81
I2800232565,0.0007845188284518827,3.0,0.0,0.0006862283255545101,3
I2800262513,0.001307531380753138,5.0,0.0,0.00021055237026353178,16
I2800274787,0.001307531380753138,5.0,0.0,6.0809660077296776e-05,57
I2800278093,0.002353556485355648,9.0,4.083553905048339e-05,0.0008859944237515447,9
I2800287464,0.0002615062761506276,1.0,0.0,3.650839195777025e-29,202
I2800290161,0.0041841004184100415,28.0,0.0,0.002671046420365561,0
I2800293973,0.002615062761506276,10.0,0.0,0.0006577345189778832,0
I2800372957,0.0007845188284518827,5.0,0.0,0.0006168578644761062,3
I2800389475,0.001307531380753138,5.0,0.0,0.00018989581674115055,0
I2800403580,0.002615062761506276,10.0,2.1205060320872234e-06,0.0007414549074706331,81
I2800446032,0.0041841004184100415,17.0,2.2801140129970145e-07,0.0016481974811147979,0
I2800548410,0.014644351464435145,67.0,6.439130314783309e-05,0.008509839429848709,0
I2800555584,0.001830543933054393,7.0,0.0,0.00042325595589434077,0
I2800556163,0.001830543933054393,8.0,0.0,0.0008007020967623991,0
I2800562746,0.005230125523012552,20.0,0.0,0.0005740663052478989,14
I2800570007,0.01856694560669456,79.0,6.35467775422268e-06,0.054993816823214796,25
I2800596343,0.0002615062761506276,1.0,0.0,9.341662260448942e-07,0
I2800614057,0.0,0.0,0.0,3.211818884300829e-35,203
I2800633300,0.0005230125523012552,2.0,0.0,3.5851121275212148e-06,9
I2800638415,0.0007845188284518827,3.0,4.104205223394626e-07,0.0008732305353790888,25
I2800664555,0.0007845188284518827,3.0,0.0,0.00015696393965254887,12
I2800666866,0.003661087866108786,22.0,6.604725132516623e-05,9.710704644115271e-05,23
I2800710378,0.0002615062761506276,1.0,0.0,0.0004024302226257831,3
I2800717037,0.0010460251046025104,4.0,0.0,0.00102730022885738,81
I2800718396,0.0005230125523012552,2.0,0.0,9.194366547396621e-05,0
I2800722420,0.0007845188284518827,3.0,0.0,0.0004038281004448522,1
I2800813048,0.0005230125523012552,2.0,0.0,2.906183312868653e-06,1
I2800817003,0.006276150627615062,28.0,0.00019192609977629539,0.0047028963242847005,9
I2800828467,0.0007845188284518827,3.0,0.0,5.255248123432959e-07,79
I2800857289,0.0007845188284518827,3.0,0.0,0.00019488392105823662,12
I2800875726,0.010198744769874476,39.0,0.0,0.003838180700834083,1
I2800906782,0.0041841004184100415,17.0,1.0716535861085969e-06,0.002700563531238937,3
I2800921988,0.001830543933054393,7.0,0.0,4.136312599452999e-05,14
I2800935791,0.0010460251046025104,5.0,0.0,0.00026419938711896564,0
I2800978909,0.0007845188284518827,3.0,0.0,0.0003756441607937141,1
I2800980681,0.003661087866108786,14.0,0.0,0.00583305854030257,79
I2801039369,0.0007845188284518827,3.0,0.0,1.7848332223009677e-09,19
I2801045807,0.0007845188284518827,3.0,0.0,9.513770255714901e-05,0
I2801053234,0.0005230125523012552,2.0,0.0,0.0008490412073131058,0
I2801081054,0.012029288702928869,49.0,0.00010620521554568889,0.004915240680063232,81
I2801112126,0.0020920502092050207,11.0,0.00012823849443181176,0.0004217585651852001,14
I2801112325,0.002615062761506276,13.0,0.0,0.0007050853925076094,0
I2801136905,0.0020920502092050207,8.0,0.0,0.0012513949022040136,0
I2801148111,0.0028765690376569035,11.0,0.0,0.007606968788279395,0
I2801155476,0.0,0.0,0.0,3.211818884300829e-35,204
I2801198744,0.00993723849372385,38.0,0.0,0.02804854169288171,3
I2801227569,0.0010460251046025104,4.0,0.0,0.001503143762047544,0
I2801228662,0.0274581589958159,113.0,3.175401273731462e-05,0.06630185787618106,25
I2801238018,0.0007845188284518827,3.0,0.0,8.367750226040448e-05,14
I2801239119,0.006014644351464434,31.0,5.23172160282165e-06,0.014414084164949504,3
I2801240073,0.002615062761506276,14.0,0.0001571180964075983,0.00020317049930341203,81
I2801240477,0.0028765690376569035,11.0,0.0,0.0004174245095808029,81
I2801290870,0.0002615062761506276,1.0,0.0,2.1048976240153915e-30,205
I2801301638,0.0010460251046025104,4.0,0.0,9.316272775849348e-06,9
I2801317318,0.0028765690376569035,12.0,6.156307835091939e-07,0.001421179572771655,0
I2801331674,0.0005230125523012552,2.0,0.0,0.00010902494375344114,12
I2801360556,0.0007845188284518827,3.0,0.0,2.3151084054264592e-05,57
I2801388914,0.001307531380753138,5.0,0.0,4.672863950685081e-05,81
I2801403999,0.0033995815899581588,13.0,0.0,0.0022374136485260993,0
I2801418622,0.0007845188284518827,3.0,0.0,0.0003653817634804449,9
I2801461538,0.0005230125523012552,2.0,0.0,0.003086338905959562,25
I2801466683,0.001307531380753138,5.0,0.0,0.0033895613273175456,0
I2801498763,0.01307531380753138,50.0,0.0,0.033388490704873645,25
I2801518579,0.0010460251046025104,4.0,0.0,0.004384067403660206,3
I2801533059,0.0005230125523012552,2.0,0.0,0.00016638561233901577,81
I2801543288,0.0020920502092050207,8.0,0.0,0.002132066278371559,0
I2801556517,0.006014644351464434,23.0,0.0,0.010909938402864468,3
I2801572250,0.004707112970711296,20.0,3.0170468619976497e-05,0.0013924638730360185,0
I2801582665,0.0007845188284518827,3.0,0.0,4.2674725696058555e-05,3
I2801622001,0.0020920502092050207,8.0,0.0,0.002132066278371559,0
I2801628138,0.0010460251046025104,4.0,3.888630807620362e-06,0.000521294044383712,13
I2801658355,0.0010460251046025104,4.0,0.0,6.849255921083574e-07,1
I2801680663,0.0054916317991631795,28.0,0.000469202825233611,0.0007401808038971874,2
I2801696985,0.0007845188284518827,3.0,0.0,0.004830628363084089,3
I2801703238,0.002353556485355648,9.0,0.0,0.004894456850466473,3
I2801713749,0.0005230125523012552,2.0,0.0,0.000876036665337548,9
I2801732343,0.0033995815899581588,13.0,2.07718386584028e-05,3.5880232909113e-05,9
I2801766832,0.003661087866108786,15.0,0.0,0.0014188879125284146,0
I2801768934,0.0007845188284518827,3.0,0.0,0.0007216980155322307,0
I2801769982,0.003661087866108786,14.0,0.0,0.004487038616877351,3
I2801780550,0.0005230125523012552,2.0,0.0,0.00016001936366326624,9
I2801783332,0.0002615062761506276,1.0,0.0,7.283013602465483e-09,23
I2801798921,0.004707112970711296,18.0,2.2368194844956833e-05,0.002824049220248236,14
I2801809904,0.010983263598326359,44.0,5.130256529243283e-06,0.009825747514749334,0
I2801814493,0.0028765690376569035,11.0,0.0,0.0005880228581931345,9
I2801816099,0.0007845188284518827,3.0,0.0,0.0002780791206715341,0
I2801824472,0.003661087866108786,14.0,0.0,0.0013287635691980636,0
I2801838318,0.005230125523012552,21.0,3.5757290836107994e-05,0.0006871732875317432,81
I2801843802,0.008368200836820083,34.0,1.4544412981476897e-05,0.0021064641939052423,14
I2801851002,0.028765690376569036,130.0,0.0025864396414275103,0.02534263209273227,0
I2801852214,0.0033995815899581588,13.0,0.0,0.0022374136485260993,0
I2801862477,0.0007845188284518827,3.0,0.0,0.0002170213675049753,0
I2801863878,0.002353556485355648,9.0,0.0,2.9983669744342424e-05,57
I2801919071,0.0033995815899581588,13.0,0.0,0.0012319961497132788,14
I2801935854,0.0010460251046025104,4.0,0.0,0.0007964496465860656,0
I2801951336,0.0020920502092050207,8.0,0.0,0.0018795672853427015,0
I2801952686,0.001307531380753138,6.0,2.052102611697313e-07,4.4689227742290534e-23,206
I2801953985,0.0028765690376569035,11.0,0.0,0.002104407407102759,0
I2801970007,0.0007845188284518827,3.0,0.0,0.0006176477417091908,79
I2801993434,0.0028765690376569035,11.0,0.0,0.0005880228581931345,9
I2802000487,0.0010460251046025104,4.0,0.0,0.0007964496465860656,0
I2802005073,0.0005230125523012552,2.0,0.0,0.0005959817155977079,3
I2802007472,0.002353556485355648,9.0,0.0,3.211818884300827e-19,102
I2802022162,0.0,0.0,0.0,3.211818884300829e-35,207
I2802039673,0.0020920502092050207,8.0,0.0,0.0006995231694139416,9
I2802054198,0.0028765690376569035,11.0,0.0,0.0004174245095808029,81
I2802076133,0.002353556485355648,9.0,0.0,2.9983669744342424e-05,57
I2802148028,0.0010460251046025104,4.0,0.0,0.0028272520640793067,3
I2802164966,0.03268828451882845,186.0,0.0069826500425099955,0.014535692267287969,14
I2802194831,0.0005230125523012552,2.0,0.0,0.0002833116887750135,3
I28022161,0.003661087866108786,14.0,0.0016850159819054313,0.0002604110793881925,23
I2802220196,0.0041841004184100415,16.0,0.0,0.001774691965247128,14
I2802236040,0.0015690376569037654,6.0,0.0,0.0027363289165202725,1
I2802246343,0.0005230125523012552,2.0,0.0,0.0004345815504254169,14
I2802281627,0.01307531380753138,50.0,0.0,0.033388490704873645,25
I2802304881,0.0002615062761506276,1.0,0.0,4.177794061891766e-06,16
I2802328216,0.0002615062761506276,1.0,0.0,2.3447973569934487e-05,0
I2802331550,0.0020920502092050207,8.0,0.0,0.0002751122231853428,16
I2802335433,0.0002615062761506276,1.0,0.0,3.759036436853343e-05,0
I2802336062,0.0033995815899581588,13.0,0.0,0.0022374136485260993,0
I2802362269,0.0020920502092050207,8.0,0.0,0.0012513949022040136,0
I2802396295,0.0007845188284518827,3.0,0.0,2.4233719034406488e-06,81
I2802423016,0.0067991631799163175,37.0,8.364500537507563e-05,0.003279973651355381,0
I2802466933,0.0007845188284518827,3.0,0.0,0.0008662300383097043,0
I2802476451,0.004445606694560669,17.0,0.0,0.0027817197466603813,0
I2802493600,0.0015690376569037654,6.0,0.0,2.9937357112686063e-05,79
I2802498997,0.0,0.0,0.0,3.211818884300829e-35,208
I2802508454,0.003661087866108786,14.0,0.0,4.271858613634598e-05,9
I2802534011,0.0020920502092050207,8.0,0.0,0.0018795672853427015,0
I2802534033,0.006014644351464434,23.0,0.0,0.00500978083574253,3
I2802541053,0.0007845188284518827,3.0,0.0,0.00035988043553634145,3
I2802542264,0.0033995815899581588,13.0,0.00021232446745226148,0.00015882708685429278,14
I2802557943,0.002353556485355648,9.0,3.955617793547656e-06,0.00032550486656595404,14
I2802569694,0.0,0.0,0.0,3.211818884300829e-35,209
I2802573037,0.0054916317991631795,22.0,2.768058411778375e-05,0.0007639572544805296,3
I2802608112,0.010460251046025104,41.0,2.125066260113217e-06,0.01938552397434944,3
I2802612298,0.003922594142259414,15.0,3.727986411250119e-06,0.0018067130240050308,3
I2802619606,0.00993723849372385,53.0,0.0013063606381762975,0.005079814604011187,14
I2802624667,0.001830543933054393,8.0,0.0,0.005366859651761552,3
I2802635041,0.0,0.0,0.0,3.211818884300829e-35,210
I2802640032,0.003661087866108786,14.0,0.0,0.0013287635691980636,0
I2802641067,0.0005230125523012552,2.0,0.0,7.061940263698434e-05,13
I2802654988,0.0033995815899581588,16.0,0.0,0.002733816690282283,0
I2802678941,0.001307531380753138,5.0,0.0,0.0026404049702576544,3
I2802690428,0.001307531380753138,5.0,0.0,0.00227376161110815,3
I2802705668,0.0005230125523012552,2.0,0.0,9.194366547396621e-05,0
I2802709434,0.0015690376569037654,6.0,0.0,0.0015899794034938794,0
I2802723755,0.0010460251046025104,4.0,0.0,0.0006620889163016982,17
I2802730090,0.0007845188284518827,3.0,0.0,0.00045011680225345277,14
I2802740592,0.0005230125523012552,2.0,0.0,0.0002182953499884911,0
I2802805919,0.0002615062761506276,1.0,0.0,3.650839195777025e-29,151
I2802821144,0.005230125523012552,20.0,0.0,0.0035411400001527397,0
I2802832906,0.0005230125523012552,2.0,0.0,0.0003724713892650182,1
I2802835388,0.00653765690376569,26.0,0.001311511122350356,0.004800935582551864,0
I2802841970,0.013598326359832635,52.0,2.7908595519083456e-06,0.03355593651840316,25
I2802889516,0.0005230125523012552,2.0,0.0,0.0003374931249892719,14
I2802905097,0.002353556485355648,9.0,0.0,0.0010246552063197629,0
I2802921122,0.0010460251046025104,4.0,0.0,0.0011119246512752174,16
I2802922787,0.0002615062761506276,1.0,0.0,2.1048976240153915e-30,211
I2802931750,0.003138075313807531,16.0,5.803215893650688e-06,0.0009204012476845005,0
I2802934949,0.01307531380753138,54.0,0.0008980674427394612,0.0018704397212194312,14
I2802939634,0.0075836820083682,29.0,2.325716293256955e-06,0.017322868879588855,3
I2802946424,0.0028765690376569035,11.0,1.3680684077982087e-07,0.004693127001918522,0
I2802952180,0.0020920502092050207,8.0,0.0,0.0023587034882554645,1
I2802965805,0.001307531380753138,5.0,0.0,4.672863950685081e-05,81
I2802974365,0.0075836820083682,31.0,0.0008986385348023835,0.017670956257087294,0
I2802978839,0.0005230125523012552,2.0,0.0,0.0001230062341200146,9
I2802992155,0.003138075313807531,12.0,0.0,0.0007166063621171771,81
I2803004286,0.0054916317991631795,23.0,0.001106936222063921,0.002697821391022518,0
I2803004491,0.0010460251046025104,4.0,0.0,0.0004676757989635859,0
I2803021693,0.0002615062761506276,1.0,0.0,3.650839195777025e-29,151
I2803066836,0.0033995815899581588,13.0,0.0,0.0009404440198038625,28
I2803209242,0.013336820083682007,55.0,0.00012324814280153404,0.01224314467267915,9
I28166907,0.007845188284518828,31.0,0.002015207479304263,0.0018832446470352896,81
I2818286,0.0002615062761506276,1.0,0.0,0.00020638241372616923,0
I28185974,0.001307531380753138,5.0,0.0,0.00018989581674115055,0
I282402327,0.003138075313807531,12.0,0.0013523356211085293,4.1583510860890767e-07,13
I28257850,0.001307531380753138,5.0,0.0,0.001736928901645141,1
I28290843,0.0020920502092050207,9.0,0.0008545296897384626,0.0015632611540101018,57
I283429734,0.0,0.0,0.0,3.211818884300829e-35,212
I283854653,0.0028765690376569035,11.0,0.0,0.002104407407102759,0
I28407311,0.008629707112970711,33.0,0.0018634333339933226,0.009667477823189089,57
I285663978,0.0005230125523012552,2.0,0.0,0.00016338150319804065,57
I28615091,0.0,0.0,0.0,3.211818884300829e-35,213
I28710699,0.0002615062761506276,1.0,0.0,9.541232695702195e-06,0
I28777354,0.003922594142259414,21.0,0.00012183213771103413,0.00037391465503898734,2
I28813325,0.0015690376569037654,6.0,0.0,0.0015075934918017966,3
I2898391981,0.003922594142259414,16.0,3.07229076722684e-05,0.00365604054482599,14
I28992388,0.0,0.0,0.0,3.211818884300829e-35,214
I29045822,0.004707112970711296,23.0,0.0,0.006068151766458595,0
I292141241,0.007845188284518828,33.0,1.59054238935206e-06,0.002132848763556569,14
I2961216182,0.007845188284518828,30.0,3.481734097846441e-05,0.0012434101967209296,9
I29617571,0.003661087866108786,14.0,0.0013475659483239099,0.00040541314267532547,16
I2972652528,0.0002615062761506276,1.0,0.0,2.1048976240153915e-30,215
I29739308,0.0007845188284518827,3.0,0.0,0.0006775287946300696,3
I297921594,0.0007845188284518827,3.0,0.0,3.5517424527178375e-09,13
I29801172,0.0007845188284518827,3.0,0.0,0.00023135713629325458,12
I29891158,0.0041841004184100415,16.0,0.003643831982999674,0.0005617093544306118,0
I3004594783,0.014905857740585773,70.0,7.524376242890148e-07,0.04647949660998596,25
I3005327000,0.002615062761506276,12.0,5.472273631192835e-07,0.004237646935574988,25
I3006985408,0.006014644351464434,23.0,5.495074771322805e-05,0.0015595028486342672,81
I301324184,0.0005230125523012552,2.0,0.0,1.7716294292664234e-05,3
I3017480383,0.001830543933054393,7.0,0.00016106725387810916,0.000125382225146442,79
I3017902709,0.002353556485355648,9.0,0.0,0.0001817803451719193,12
I3018134672,0.02065899581589958,95.0,0.0007279196523349951,0.012337944970046666,81
I3018397418,0.003922594142259414,15.0,0.0,0.008712135969768163,3
I3018483916,0.01412133891213389,56.0,0.00044929667506271137,0.006027651099187699,14
I3018557291,0.005230125523012552,20.0,0.0,0.0035411400001527397,0
I3018591564,0.0005230125523012552,2.0,0.0,0.00034390669381385245,1
I3018718406,0.001830543933054393,7.0,0.0,4.136312599452999e-05,14
I3018771216,0.015951882845188285,69.0,5.6490142999606754e-05,0.005175679775537721,14
I3019010403,0.0020920502092050207,8.0,0.0,2.2548479156791055e-05,14
I3019243323,0.001830543933054393,7.0,0.0,5.1108687690887396e-06,14
I3019271933,0.001307531380753138,5.0,1.4775138804220655e-06,5.306713838958462e-05,0
I3019308854,0.0002615062761506276,1.0,0.0,2.3289845408804604e-07,16
I3019423309,0.0007845188284518827,3.0,0.00014954035046308518,4.891496477528154e-05,81
I3019562804,0.010198744769874476,39.0,0.0,0.003838180700834083,1
I3019586173,0.001307531380753138,5.0,0.0,5.5475789104083285e-05,0
I3020100970,0.003138075313807531,13.0,0.00022399014879563684,0.0032085385701493725,25
I3020652664,0.001307531380753138,5.0,0.0,5.720099727625964e-06,7
I3020668385,0.001830543933054393,12.0,1.3680684077982086e-06,0.0009789490927048275,3
I3020809043,0.0010460251046025104,8.0,0.0,2.0786419481430332e-05,2
I3040621137,0.0010460251046025104,4.0,0.0,0.0006599899943736554,9
I3045169105,0.01961297071129707,86.0,0.0011100021722320469,0.030596988626014038,3
I30771326,0.0020920502092050207,8.0,0.0,0.0029484415439491297,9
I30809798,0.006014644351464434,24.0,0.00047471973750597835,0.0066942762723289796,0
I308837,0.005753138075313807,22.0,9.781689115757193e-06,0.006826891565499734,3
I31176605,0.0002615062761506276,1.0,0.0,1.856824574364664e-05,81
I3121602497,0.0007845188284518827,3.0,0.0,9.501201860264485e-07,0
I3121676899,0.0015690376569037654,6.0,1.094454726238567e-06,9.210344921691595e-24,216
I3122748864,0.0002615062761506276,1.0,0.0,2.1048976240153915e-30,198
I3123573182,0.0007845188284518827,3.0,1.6872843696177905e-06,3.143328278276254e-06,14
I3124059619,0.01412133891213389,58.0,0.00043017543014806905,0.03810266496554798,3
I3124150290,0.001830543933054393,7.0,2.082884150872773e-05,8.27605088394221e-05,1
I3125079907,0.0007845188284518827,3.0,0.0,0.0005092986219006554,3
I3125347698,0.0005230125523012552,2.0,0.0,7.279045234776811e-08,57
I3125470973,0.0028765690376569035,11.0,1.1560178045894864e-05,0.0012363176854754026,79
I3125743391,0.0005230125523012552,2.0,0.0,7.87916353368065e-05,3
I3129293551,0.0005230125523012552,2.0,0.0,1.3825827141502903e-27,217
I3129496460,0.0005230125523012552,2.0,0.0,0.00010885652958946807,9
I3129555431,0.0033995815899581588,13.0,0.0,0.0022374136485260993,0
I3129570296,0.0020920502092050207,8.0,0.0,7.059468538660251e-06,23
I3129642645,0.0020920502092050207,8.0,0.0,3.5550216423967306e-05,34
I3129773123,0.0010460251046025104,4.0,0.001352609234790089,7.269587351394965e-07,79
I3129975082,0.001307531380753138,5.0,1.9909955561489926e-05,1.4532550901299511e-05,13
I3129996945,0.002353556485355648,10.0,0.0,0.0016208746478407283,12
I3129998261,0.002353556485355648,9.0,0.0,3.211818884300827e-19,102
I3130020584,0.0005230125523012552,2.0,0.0,0.0001230062341200146,9
I3130021832,0.0028765690376569035,11.0,8.179452998824192e-05,1.4892252729087802e-05,23
I3130244785,0.0010460251046025104,4.0,0.0,9.276758723569063e-06,32
I3130258272,0.0002615062761506276,1.0,0.0,2.1048976240153915e-30,69
I3130430780,0.0,0.0,0.0,3.211818884300829e-35,218
I3130461500,0.0002615062761506276,1.0,0.0,3.142178820683192e-06,9
I3130777500,0.0002615062761506276,1.0,0.0,2.1048976240153915e-30,219
I3130814776,0.0005230125523012552,2.0,0.0,5.5877281511304414e-05,3
I3131263933,0.0,0.0,0.0,3.211818884300829e-35,220
I3131550300,0.001307531380753138,5.0,0.0,6.731631701977087e-07,1
I3131625388,0.006014644351464434,25.0,0.0002072017778947978,0.018090946124244115,3
I3131779051,0.0033995815899581588,16.0,0.0017280629255592005,0.0002271433392749377,23
I3131932481,0.0005230125523012552,2.0,0.0,4.585331968908318e-09,23
I3132008252,0.0007845188284518827,3.0,0.0,0.003541778936193289,3
I3132067926,0.0005230125523012552,2.0,0.0,0.00011856036559314762,3
I3132145264,0.0002615062761506276,1.0,0.0,2.1048976240153915e-30,211
I3132180716,0.0010460251046025104,4.0,0.0,7.549212454253484e-08,23
I3132190156,0.0010460251046025104,4.0,0.0,1.688033074389894e-05,23
I3132355903,0.001307531380753138,5.0,0.0,4.709371202151735e-06,2
I3132398649,0.0015690376569037654,6.0,0.0,6.028663391443737e-06,79
I3132919069,0.0,0.0,0.0,3.211818884300829e-35,221
I3132975163,0.0010460251046025104,4.0,0.0,7.197614092527759e-24,87
I3133055985,0.00993723849372385,42.0,0.0013989525521042536,0.018366576773106342,0
I3133083760,0.0005230125523012552,2.0,0.0,5.70001340917862e-05,12
I3133090473,0.0005230125523012552,2.0,0.0,4.387791927475393e-06,3
I3133101575,0.001307531380753138,5.0,0.0,4.709371202151735e-06,2
I3133134087,0.0005230125523012552,2.0,0.0,2.890348170292323e-06,103
I3133213403,0.002353556485355648,9.0,0.0,0.0001817803451719193,12
I3133345252,0.001307531380753138,5.0,0.0,0.0002431756558450967,0
I3133455736,0.0002615062761506276,1.0,0.0,2.1048976240153915e-30,222
I3141906898,0.001307531380753138,5.0,0.0,0.000111505266488875,2
I31419693,0.0028765690376569035,11.0,0.0,0.00012033817746779643,2
I3143470655,0.0007845188284518827,3.0,0.0,0.0008251812813523218,0
I31512782,0.009675732217573221,38.0,0.0028887418954378834,0.005089974907346396,9
I3151615967,0.002353556485355648,9.0,0.0,3.211818884300827e-19,102
I31582689,0.0005230125523012552,2.0,0.0,4.509948750129138e-05,79
I31595395,0.0002615062761506276,1.0,0.0,2.1048976240153915e-30,189
I31683504,0.0007845188284518827,3.0,0.00045105215405106944,5.5881166602929676e-05,3
I31746571,0.018828451882845185,87.0,0.014332903003851467,0.02981013669922976,16
I31766871,0.0007845188284518827,3.0,0.0,2.794045161831039e-05,2
I31784960,0.0002615062761506276,1.0,0.0,1.1156887501104927e-06,28
I31847773,0.0007845188284518827,3.0,0.0,0.0008843779551138594,3
I3197470489,0.0002615062761506276,1.0,0.0,2.302814387330737e-06,12
I319874951,0.0,0.0,0.0,3.211818884300829e-35,223
I32021983,0.0010460251046025104,4.0,0.0013523356211085293,2.5611683857074097e-05,36
I32038505,0.001307531380753138,5.0,0.0,0.00011381472169837125,15
I32062511,0.002615062761506276,11.0,5.611111846275145e-05,0.0001468011104689577,13
I32389192,0.0007845188284518827,3.0,0.0,0.0006235297043066823,0
I32393484,0.0005230125523012552,2.0,0.0,1.3825827141502903e-27,194
I32394136,0.0020920502092050207,8.0,5.7988511039686643e-05,4.302855727961106e-05,79
I324219585,0.001307531380753138,5.0,0.0,9.060894075455345e-23,129
I32574673,0.01412133891213389,54.0,0.0008867482584323333,0.007958612309802012,12
I32597200,0.0028765690376569035,11.0,0.0013813113099856956,9.332082220464269e-05,14
I32625721,0.0005230125523012552,2.0,0.0,0.0008490412073131058,0
I32762134,0.0015690376569037654,6.0,0.002252524633439751,8.915306226040795e-06,57
I32820368,0.0005230125523012552,2.0,0.0,0.0007490017843076541,25
I32971472,0.02798117154811715,117.0,0.00822253742324496,0.029678286578888158,81
I33213144,0.035303347280334726,152.0,0.007247608983122014,0.04624301440781501,12
I332397292,0.0010460251046025104,4.0,0.0,4.900846686250047e-24,65
I33256026,0.0067991631799163175,26.0,0.0020805965154447187,0.0014471180244178669,57
I33308869,0.004445606694560669,17.0,0.0,0.0028967519743703044,9
I33434090,0.011244769874476987,44.0,0.0004618800897682195,0.007354842301028878,12
I335365548,0.0020920502092050207,8.0,0.0,7.059468538660251e-06,23
I33586908,0.0010460251046025104,4.0,0.0,0.00029748313559892843,16
I33800924,0.0005230125523012552,2.0,0.0,3.087057049505881e-06,14
I33849332,0.02039748953974895,81.0,0.00564366216168728,0.046174762784259506,25
I33858575,0.0033995815899581588,13.0,0.0,0.0009404440198038625,28
I33926330,0.0002615062761506276,1.0,0.0,2.1048976240153915e-30,224
I34077901,0.0007845188284518827,3.0,0.0,0.00011390997837812987,28
I34352273,0.006014644351464434,23.0,0.00030813396460733616,0.0033982924798257263,0
I34403800,0.0005230125523012552,2.0,0.0,2.5608091000390907e-05,36
I34574549,0.0007845188284518827,3.0,0.0,2.522483739392777e-05,9
I34809795,0.0010460251046025104,4.0,0.0,3.3671693989848136e-05,14
I34949971,0.0007845188284518827,3.0,0.0009018306944205791,8.841999118759747e-05,225
I35364215,0.0015690376569037654,6.0,0.0,0.0015899794034938794,0
I354071399,0.001307531380753138,5.0,0.0,9.060894075455345e-23,129
I354108,0.0005230125523012552,2.0,0.0,3.980552428752249e-07,35
I35440088,0.012552301255230124,55.0,0.004217298193569871,0.023429669945854777,25
I35566140,0.0002615062761506276,1.0,0.0,0.00010046879771926528,9
I35777872,0.001307531380753138,5.0,0.0,0.00021055237026353178,16
I35913352,0.0,0.0,0.0,3.211818884300829e-35,226
I35928602,0.008368200836820083,40.0,0.001995309781510465,0.0026034207669570443,2
I35961687,0.0005230125523012552,2.0,2.7361368155964175e-07,6.962081028081917e-05,14
I36085230,0.001307531380753138,5.0,0.0,3.434883443082336e-05,1
I36090812,0.0015690376569037654,6.0,0.0,1.2633566984764065e-05,23
I36152291,0.0005230125523012552,2.0,1.3680684077982087e-07,5.163066304710152e-29,140
I36234482,0.0033995815899581588,13.0,0.0011951719224206712,0.0022928500466442214,12
I36258959,0.02039748953974895,87.0,0.0046654572963657085,0.01077406653761379,0
I36326968,0.0002615062761506276,1.0,0.0,0.00013203045869490107,0
I36373038,0.0054916317991631795,25.0,6.089750728214179e-05,0.005356939712963976,0
I36399199,0.022489539748953975,107.0,0.0032815785730660684,0.057822685449974806,3
I36448004,0.0010460251046025104,4.0,0.0,8.446752540067068e-07,79
I36515993,0.0007845188284518827,3.0,0.0,2.780523425622382e-05,16
I36672615,0.0005230125523012552,2.0,0.0,0.000212042348085048,16
I36721946,0.0005230125523012552,2.0,0.0,0.00011294750446237023,28
I36788626,0.005230125523012552,23.0,0.0009338511597021532,0.007285902483056199,9
I36819085,0.0005230125523012552,2.0,0.0,0.0006780655476208634,16
I368840534,0.0015690376569037654,6.0,4.4678834084676504e-05,5.881634379534614e-05,2
I36909309,0.0,0.0,0.0,3.211818884300829e-35,227
I37367598,0.0010460251046025104,4.0,0.0,5.971750412020956e-05,79
I37415318,0.0007845188284518827,3.0,0.0,2.2583067104333434e-06,2
I37448385,0.0002615062761506276,1.0,0.0,0.00033666802790209696,3
I37461747,0.023274058577405856,110.0,0.011475923272886615,0.0480580683663617,3
I37796252,0.0028765690376569035,11.0,0.002105730893283003,0.006617071591888372,3
I37797678,0.0015690376569037654,6.0,0.0,8.122116555123287e-08,2
I37802460,0.0020920502092050207,8.0,0.0,0.0028601522533523104,3
I37987034,0.008106694560669455,37.0,0.0029420569621328193,0.027643497288509858,3
I385303915,0.001830543933054393,7.0,0.0,0.00029470148135156085,25
I38706770,0.002615062761506276,11.0,0.00045105215405106944,0.0016209864432129358,12
I38877650,0.0010460251046025104,4.0,0.00020442134172123406,0.003076933050627233,3
I39012071,0.0005230125523012552,2.0,0.0,2.3962298413606544e-05,28
I39063666,0.015690376569037656,62.0,0.0038218847199525414,0.001301529340058389,9
I392282,0.010983263598326359,42.0,0.00045105215405106944,0.006955869977617304,12
I3923682,0.005753138075313807,23.0,0.00045673506678631936,0.011906233233091925,3
I39268498,0.0015690376569037654,6.0,0.0013523356211085293,0.0010392607027167092,57
I39333907,0.0005230125523012552,2.0,0.0,0.0003395108854085135,3
I39343248,0.008891213389121338,40.0,0.0006197924232328694,0.003939967580363904,14
I39422238,0.017259414225941423,81.0,0.0036673503818520146,0.01613392486126326,0
I39470171,0.0028765690376569035,11.0,0.0,0.002965574764235485,16
I39481719,0.0,0.0,0.0,3.211818884300829e-35,228
I39534123,0.0015690376569037654,6.0,1.258622935174352e-05,0.00023069209821916005,0
I39555362,0.014905857740585773,57.0,0.0005040413719932205,0.005354231590915872,1
I39560731,0.0007845188284518827,3.0,0.0,9.34119583828844e-07,23
I39586589,0.003138075313807531,12.0,0.0008934740765629453,0.001032140342584353,13
I39694355,0.0015690376569037654,6.0,0.0,0.0011464039835029686,1
I39737112,0.0020920502092050207,8.0,0.0,0.0028601522533523104,3
I39804081,0.014905857740585773,67.0,0.002174755877080737,0.004036724797377327,81
I39815113,0.012813807531380752,49.0,0.0005916688975460098,0.007064608451338013,12
I39854758,0.0020920502092050207,9.0,0.0001572480629063391,0.0008767762698307646,3
I39995536,0.0010460251046025104,4.0,0.0,4.900846686250047e-24,33
I40120149,0.05099372384937238,244.0,0.03724050749138373,0.05204027682938788,1
I40246663,0.0005230125523012552,2.0,0.0,0.0037452768800992084,3
I40253897,0.001307531380753138,5.0,0.0,0.00011135377235371274,0
I40279923,0.0007845188284518827,3.0,0.0,3.926894270885268e-05,16
I4028839,0.0005230125523012552,2.0,0.0,1.3825827141502903e-27,118
I40347166,0.01961297071129707,92.0,0.00648407874482615,0.014747560054310537,0
I40413290,0.0007845188284518827,3.0,0.0,0.0002961899360990124,3
I40542001,0.0033995815899581588,18.0,1.363508179772215e-06,0.000424085606630163,2
I40677808,0.0010460251046025104,4.0,0.0,0.00012173967912614747,28
I4068193,0.004968619246861925,20.0,0.0021330481849492766,0.0008129376932747073,57
I40963666,0.002615062761506276,10.0,1.5048752485780297e-06,0.0032320891944576497,3
I4104125,0.0005230125523012552,2.0,0.0,3.168456008283835e-05,14
I41121874,0.006276150627615062,24.0,0.0,0.002393142865956815,81
I41198531,0.0075836820083682,30.0,0.0013912229656001935,0.006391237173876301,3
I41641357,0.0,0.0,0.0,3.211818884300829e-35,229
I4164984,0.001830543933054393,7.0,0.00045105215405106944,6.029083691269744e-06,79
I41725924,0.0002615062761506276,1.0,0.0,0.0006734496724033199,3
I41918367,0.0002615062761506276,1.0,0.0,2.1048976240153915e-30,230
I4210085920,0.0015690376569037654,8.0,0.0,0.004444539644826866,3
I4210085935,0.002615062761506276,11.0,0.0010050365017944425,0.0007117133544916492,79
I4210086022,0.0007845188284518827,3.0,0.0,1.379465706874727e-25,231
I4210086028,0.0002615062761506276,1.0,0.0,0.001569305645585063,3
I4210086056,0.0002615062761506276,1.0,0.0,3.650839195777025e-29,202
I4210086093,0.007322175732217572,28.0,0.0,0.001271746343023617,14
I4210086143,0.0015690376569037654,6.0,0.0,0.005425991312207512,3
I4210086248,0.0007845188284518827,3.0,0.0,3.254466629723222e-05,79
I4210086299,0.0015690376569037654,6.0,0.0,9.999324912790783e-06,23
I4210086422,0.001307531380753138,5.0,0.0,9.52417278980949e-05,79
I4210086710,0.0007845188284518827,3.0,0.0,0.0005855756570654036,3
I4210086752,0.0005230125523012552,6.0,0.0,0.00010413476447605943,81
I4210086892,0.013598326359832635,59.0,0.0008404614257607641,0.04508003347053902,3
I4210086933,0.005230125523012552,23.0,6.14992351585555e-05,0.0064241768697997515,3
I4210086947,0.0005230125523012552,2.0,0.0,4.9478958091125976e-05,9
I4210086966,0.006276150627615062,24.0,0.0,0.002393142865956815,81
I4210086971,0.0020920502092050207,8.0,0.0,0.0005799704138667846,9
I4210086973,0.003661087866108786,14.0,0.0,0.004487038616877351,3
I4210086985,0.001830543933054393,7.0,0.0,0.00023680548680299777,9
I4210087046,0.0005230125523012552,2.0,0.0,0.0003395108854085135,3
I4210087053,0.0002615062761506276,1.0,0.0,0.0001712051029510463,0
I4210087059,0.003922594142259414,21.0,0.0008879506632317465,0.0010808495498506707,13
I4210087324,0.0005230125523012552,2.0,0.0,1.9195025205030698e-05,0
I4210087373,0.002353556485355648,9.0,0.0,0.005444948663955849,3
I4210087417,0.0005230125523012552,2.0,0.0,0.002969692635675833,25
I4210087542,0.0005230125523012552,2.0,0.0,3.596099782719943e-06,16
I4210087590,0.001307531380753138,5.0,0.0,0.004533621127056013,3
I4210087596,0.0005230125523012552,2.0,0.0,0.0003133260804121103,3
I4210087691,0.0010460251046025104,4.0,0.0,0.0009957264558386756,3
I4210087697,0.003922594142259414,15.0,0.0,0.0022322515947490666,0
I4210087761,0.0067991631799163175,26.0,0.0002464940054890556,0.007982571436909825,3
I4210087772,0.0002615062761506276,1.0,0.0,0.0008477678177858252,3
I4210087803,0.0020920502092050207,8.0,0.0,3.5550216423967306e-05,34
I4210087851,0.0,0.0,0.0,3.211818884300829e-35,232
I4210087885,0.010198744769874476,39.0,0.0,0.003838180700834083,1
I4210087915,0.03556485355648535,184.0,0.020950220344871123,0.036080144642399406,0
I4210087996,0.0005230125523012552,2.0,0.0,8.751923710931691e-08,57
I4210088045,0.0,0.0,0.0,3.211818884300829e-35,233
I4210088164,0.0005230125523012552,2.0,0.0,0.002417073463370888,3
I4210088176,0.0020920502092050207,8.0,0.0,0.0028601522533523104,3
I4210088244,0.0010460251046025104,4.0,0.0,0.0028844434748333016,3
I4210088273,0.001830543933054393,7.0,0.0,5.1108687690887396e-06,14
I4210088296,0.0015690376569037654,6.0,0.0,0.0011464039835029686,1
I4210088331,0.007845188284518828,30.0,0.0,0.012325148579019247,3
I4210088332,0.0007845188284518827,3.0,0.0,8.509062784281188e-05,34
I4210088336,0.001307531380753138,5.0,0.0,9.060894075455345e-23,129
I4210088367,0.0010460251046025104,4.0,0.0,0.00022773444782202477,2
I4210088407,0.0020920502092050207,8.0,0.0,0.008840390932810254,25
I4210088462,0.001307531380753138,5.0,0.0,5.0014401645743444e-05,0
I4210088627,0.007322175732217572,28.0,0.0,0.001271746343023617,14
I4210088668,0.006276150627615062,24.0,0.0,0.002393142865956815,81
I4210088687,0.0002615062761506276,1.0,0.0,2.1048976240153915e-30,234
I4210088711,0.002353556485355648,9.0,0.0,0.0007043156728358856,0
I4210088717,0.0,0.0,0.0,3.211818884300829e-35,235
I4210088746,0.0007845188284518827,3.0,0.0,5.955978384047587e-07,23
I4210088873,0.002615062761506276,10.0,0.0,0.0029587189435609875,3
I4210088878,0.0002615062761506276,1.0,0.0,3.615266538820257e-09,23
I4210088963,0.0005230125523012552,2.0,0.0,0.00033784966998339703,3
I4210089056,0.0002615062761506276,1.0,0.0,1.9040575602808612e-05,12
I4210089144,0.002353556485355648,9.0,0.0,0.00014206477170924567,81
I4210089161,0.0010460251046025104,4.0,0.0,0.0028479487756591874,3
I4210089162,0.0020920502092050207,8.0,0.0,0.0013922894076536527,0
I4210089242,0.0002615062761506276,1.0,0.0,1.5860533977409004e-07,28
I4210089285,0.0015690376569037654,6.0,0.0,0.0010751668729442893,3
I4210089295,0.0002615062761506276,1.0,0.0,3.0382346760238656e-06,16
I4210089486,0.0010460251046025104,4.0,0.0,0.00034483650840459994,14
I4210089509,0.001307531380753138,5.0,0.0,0.0029626886822094857,79
I4210089514,0.008891213389121338,36.0,1.447872398253104e-06,0.015077952812931844,3
I4210089595,0.0005230125523012552,2.0,0.0,3.38623658034003e-27,143
I4210089625,0.0033995815899581588,13.0,0.0,0.012312071288947677,25
I4210089692,0.0010460251046025104,4.0,0.0,0.0005572915895203764,34
I4210089761,0.012029288702928869,56.0,1.4671141915731756e-05,0.023970100900259486,3
I4210089783,0.013336820083682007,52.0,0.0,0.034434281546708106,25
I4210089800,0.0005230125523012552,2.0,0.0,0.00016463292751994573,1
I4210089824,0.002353556485355648,9.0,0.0,0.0001221767819940756,1
I4210089859,0.0005230125523012552,2.0,0.0,2.1078812946825085e-06,0
I4210089872,0.0041841004184100415,16.0,0.0,0.0038800758592227934,9
I4210089887,0.0005230125523012552,2.0,0.0,0.0005003114376477158,3
I4210089966,0.002353556485355648,9.0,0.0,3.211818884300827e-19,102
I4210089979,0.0010460251046025104,4.0,0.0,7.744330899104569e-05,79
I4210089985,0.0054916317991631795,22.0,3.4294217677768227e-05,0.010343945586622695,0
I4210090013,0.001830543933054393,7.0,0.0,0.0019530476078470193,1
I4210090056,0.0010460251046025104,4.0,0.0,3.878665647353001e-05,17
I4210090124,0.0005230125523012552,2.0,0.0,1.412331858732531e-06,9
I4210090176,0.021182008368200837,111.0,0.0013582749923818135,0.07346781191898101,3
I4210090209,0.0020920502092050207,8.0,0.0,0.005544878617687087,25
I4210090220,0.0,0.0,0.0,3.211818884300829e-35,236
I4210090285,0.0007845188284518827,3.0,0.0,0.00042065094692312157,0
I4210090411,0.011767782426778242,69.0,0.0009660659478984725,0.009190416831783324,9
I4210090489,0.003138075313807531,12.0,0.0,0.00823357358923495,3
I4210090529,0.001830543933054393,7.0,0.0,5.1108687690887396e-06,14
I4210090567,0.004968619246861925,19.0,0.0,0.0013408263806257469,0
I4210090617,0.0,0.0,0.0,3.211818884300829e-35,237
I4210090737,0.0020920502092050207,8.0,0.0,0.0036236577263597906,3
I4210090767,0.0007845188284518827,3.0,0.0,0.0001094824310336191,12
I4210090941,0.0002615062761506276,1.0,0.0,0.00019622855574534656,25
I4210090971,0.0028765690376569035,12.0,5.244262229893134e-07,0.004128561488102003,3
I4210091044,0.0020920502092050207,8.0,0.0,0.0016907941657860806,3
I4210091137,0.0007845188284518827,3.0,0.00045105215405106944,0.0035120085664222178,3
I4210091156,0.001307531380753138,5.0,0.0,0.005063009813125821,3
I4210091183,0.0005230125523012552,2.0,0.0,1.3825827141502903e-27,141
I4210091198,0.0010460251046025104,4.0,0.0,0.0003956758210846758,16
I4210091279,0.003138075313807531,12.0,0.0,0.0025522619510339466,0
I4210091343,0.008368200836820083,33.0,8.495053351280306e-07,0.013188287376463093,3
I4210091437,0.0020920502092050207,8.0,0.0,3.2123839346221016e-05,81
I4210091499,0.005753138075313807,22.0,0.0,0.0005542264007887955,9
I4210091585,0.0007845188284518827,3.0,0.0,0.00016223273419648643,16
I4210091634,0.0,0.0,0.0,3.211818884300829e-35,238
I4210091706,0.0002615062761506276,1.0,0.0,3.650839195777025e-29,140
I4210091740,0.0007845188284518827,3.0,0.0,0.0006574851533826944,3
I4210091745,0.01072175732217573,41.0,0.0,0.006955386027812776,12
I4210091812,0.006276150627615062,24.0,0.0,0.002393142865956815,81
I4210092020,0.001830543933054393,7.0,0.0,0.00029648336548270595,0
I4210092032,0.0020920502092050207,8.0,0.0,0.0021915142680801894,3
I4210092129,0.0005230125523012552,2.0,0.0,2.36462826472514e-05,0
I4210092133,0.0054916317991631795,21.0,0.0,0.012453561867482515,25
I4210092218,0.003661087866108786,14.0,0.0,0.014591502068539668,3
I4210092225,0.0,0.0,0.0,3.211818884300829e-35,239
I4210092230,0.00653765690376569,25.0,0.0,0.007981802431922496,3
I4210092262,0.0007845188284518827,3.0,0.0,0.00077953223023382,3
I4210092402,0.0028765690376569035,11.0,0.0,0.002965574764235485,16
I4210092510,0.001307531380753138,5.0,0.0009018306944205791,0.0001672059254191893,9
I4210092517,0.003138075313807531,12.0,0.0,0.0018292830160263733,3
I4210092551,0.001307531380753138,5.0,0.0,6.0809660077296776e-05,57
I4210092558,0.0010460251046025104,4.0,0.0,0.005377427221458718,3
I4210092569,0.0015690376569037654,10.0,7.84359220470973e-06,0.0013819121047410744,12
I4210092591,0.0005230125523012552,2.0,0.0,7.87916353368065e-05,3
I4210092627,0.0033995815899581588,13.0,0.0,0.0009404440198038625,28
I4210092650,0.002353556485355648,9.0,0.0,0.002626991117575154,16
I4210092654,0.003661087866108786,14.0,0.0,0.014591502068539668,3
I4210092658,0.005230125523012552,20.0,0.0,0.0035411400001527397,0
I4210092681,0.0007845188284518827,3.0,0.0,7.957976482176832e-07,14
I4210092774,0.0020920502092050207,8.0,0.0,3.2123839346221016e-05,81
I4210092806,0.002615062761506276,12.0,0.0,0.009329372681128455,0
I4210092870,0.003661087866108786,15.0,2.8866243404542203e-05,0.004759777912875927,3
I4210092927,0.001307531380753138,5.0,0.0,8.628687086033131e-05,57
I4210092944,0.007322175732217572,32.0,0.0007274908968728144,0.009192444538222395,3
I4210093023,0.0007845188284518827,3.0,0.0,2.9104868192551805e-07,14
I4210093057,0.002615062761506276,10.0,0.0,0.006383240795764328,3
I4210093194,0.005230125523012552,20.0,1.1628581466284774e-06,0.00886838837927581,3
I4210093348,0.0010460251046025104,4.0,0.0,1.906126140893982e-07,13
I4210093384,0.0,0.0,0.0,3.211818884300829e-35,240
I4210093430,0.0007845188284518827,3.0,0.0,6.755040179412156e-05,3
I4210093460,0.008106694560669455,33.0,5.814290733142388e-07,0.013799653025566646,3
I4210093649,0.0005230125523012552,2.0,0.0,2.5124516664992966e-10,34
I4210093653,0.002615062761506276,10.0,1.2312615670183878e-06,0.0020521806782500453,3
I4210093734,0.0005230125523012552,2.0,0.0,5.406745632535606e-05,25
I4210093739,0.0005230125523012552,2.0,0.0,1.5585563538353468e-05,28
I4210093750,0.0007845188284518827,3.0,0.0,8.853282836951683e-06,57
I4210093787,0.0005230125523012552,2.0,0.0,0.00043967984986587554,9
I4210093821,0.004968619246861925,20.0,0.001690058922360504,0.0032180200331977157,25
I4210093880,0.0015690376569037654,6.0,0.0,0.0024125166101790644,79
I4210093896,0.0054916317991631795,21.0,3.478313926826945e-05,0.0005938469359013966,14
I4210093964,0.003138075313807531,13.0,0.0,0.009334798357890379,3
I4210094041,0.0005230125523012552,2.0,0.0,8.021963536404614e-06,0
I4210094045,0.0007845188284518827,3.0,0.0,3.085995042744724e-05,9
I4210094062,0.007845188284518828,43.0,1.0953986221758806e-05,0.0020113137166078033,14
I4210094071,0.003138075313807531,12.0,0.0,0.00046474542904644374,3
I4210094138,0.0,0.0,0.0,3.211818884300829e-35,241
I4210094181,0.0,0.0,0.0,3.211818884300829e-35,242
I4210094363,0.005753138075313807,22.0,0.0,0.0005542264007887955,9
I4210094376,0.001830543933054393,7.0,0.0,0.00029648336548270595,0
I4210094450,0.0002615062761506276,1.0,0.0,0.000835928389570203,3
I4210094459,0.0005230125523012552,2.0,0.0,0.0003399810505980398,3
I4210094487,0.001830543933054393,7.0,7.182359140940596e-07,0.0005619861528595536,3
I4210094623,0.0041841004184100415,16.0,0.0,0.005601907080782662,3
I4210094653,0.002615062761506276,10.0,0.0,0.0005892136006256874,1
I4210094683,0.001307531380753138,5.0,0.0,0.0004749234304164095,28
I4210094759,0.0005230125523012552,2.0,0.00045105215405106944,0.0001414407664674109,0
I4210094767,0.0005230125523012552,2.0,0.0,2.932009406077102e-24,216
I4210094772,0.0005230125523012552,2.0,1.3680684077982087e-07,5.163066304710152e-29,202
I4210094798,0.0,0.0,0.0,3.211818884300829e-35,243
I4210094876,0.0007845188284518827,3.0,0.0,0.0038772240922095805,3
I4210094879,0.019351464435146442,97.0,6.773216864335691e-05,0.07019650473726706,3
I4210095054,0.0007845188284518827,3.0,0.0,2.965046297556685e-05,12
I4210095073,0.002615062761506276,10.0,0.0,0.0005892136006256874,1
I4210095211,0.0010460251046025104,4.0,0.0,0.00045865898499583405,16
I4210095239,0.0010460251046025104,4.0,0.0,0.0002884235904415315,3
I4210095246,0.0007845188284518827,3.0,6.840342038991043e-07,6.765781218387026e-06,14
I4210095266,0.002353556485355648,14.0,6.840342038991044e-08,0.00033683726324020376,0
I4210095297,0.003138075313807531,16.0,0.0003337086922167643,0.000685386787540583,28
I4210095444,0.0007845188284518827,3.0,0.0,3.1957981831110293e-06,9
I4210095457,0.0010460251046025104,4.0,0.0,1.906126140893982e-07,13
I4210095527,0.004968619246861925,19.0,0.0,0.005360350263997858,3
I4210095565,0.0010460251046025104,4.0,0.0,0.0036706703678448423,3
I4210095624,0.008629707112970711,41.0,8.681534104486135e-05,0.024292463010847667,3
I4210095677,0.001307531380753138,6.0,0.0,0.0006239822242876098,13
I4210095816,0.0010460251046025104,4.0,0.0,0.00010073015519168732,3
I4210095851,0.001307531380753138,5.0,0.0,0.00012923446853461935,17
I4210095875,0.0007845188284518827,3.0,0.0,1.379465706874727e-25,89
I4210095918,0.001307531380753138,5.0,0.0,2.6369450113579028e-06,23
I4210095956,0.0005230125523012552,2.0,0.0,8.716747647708262e-05,0
I4210096018,0.001307531380753138,5.0,0.0,5.016622666144677e-06,23
I4210096041,0.0005230125523012552,2.0,0.0,0.00016463292751994573,1
I4210096112,0.01072175732217573,44.0,9.994163168711182e-05,0.009444515652345586,9
I4210096154,0.002615062761506276,10.0,0.0,0.0006577345189778832,0
I4210096250,0.003138075313807531,19.0,9.260683063787375e-05,0.013653247825156176,3
I4210096351,0.003138075313807531,12.0,0.0,0.00046474542904644374,3
I4210096354,0.01307531380753138,50.0,0.0,0.033388490704873645,25
I4210096386,0.013859832635983262,57.0,3.741927679786729e-05,0.009796682183733259,1
I4210096394,0.0005230125523012552,2.0,0.0,7.02342576164935e-05,3
I4210096398,0.001307531380753138,6.0,5.700285032492535e-07,6.481670352079026e-05,14
I4210096498,0.0005230125523012552,2.0,0.0,0.00023706245747011551,0
I4210096592,0.0007845188284518827,3.0,0.0,0.003210042982155932,9
I4210096636,0.0010460251046025104,4.0,0.0,0.0005775204707975947,9
I4210096768,0.0007845188284518827,3.0,0.0,1.379465706874727e-25,128
I4210096782,0.0010460251046025104,4.0,0.0,0.0006028227823129199,1
I4210096815,0.008368200836820083,40.0,1.0020224120193806e-05,0.005431738581947923,0
I4210096842,0.0020920502092050207,8.0,0.0,0.0009727499280449002,57
I4210096856,0.0010460251046025104,4.0,0.0,7.549212454253484e-08,23
I4210096887,0.0033995815899581588,13.0,0.0,0.011959678964541491,3
I4210096899,0.0,0.0,0.0,3.211818884300829e-35,244
I4210097066,0.007845188284518828,30.0,0.0,0.012325148579019247,3
I4210097159,0.006276150627615062,25.0,0.0007691312075930277,0.0008962587351031936,81
I4210097190,0.0005230125523012552,4.0,0.0,1.3530072309018237e-05,12
I4210097214,0.0007845188284518827,4.0,0.0,0.00021209698216170334,3
I4210097234,0.0,0.0,0.0,3.211818884300829e-35,245
I4210097309,0.002615062761506276,15.0,0.0012021673122125456,0.0037283829396317237,3
I4210097354,0.0067991631799163175,28.0,2.508125414296716e-07,0.01388909027998996,3
I4210097409,0.0054916317991631795,21.0,0.0,0.012453561867482515,25
I4210097509,0.00653765690376569,25.0,0.0,0.007981802431922496,3
I4210097536,0.003138075313807531,15.0,1.1162786746486813e-06,0.000334122770454574,13
I4210097545,0.0005230125523012552,2.0,0.0,8.678046787237961e-05,0
I4210097554,0.0,0.0,0.0,3.211818884300829e-35,246
I4210097643,0.0010460251046025104,4.0,0.0,0.00014013407225490235,14
I4210097846,0.0020920502092050207,8.0,0.0,0.0006995231694139416,9
I4210097985,0.0007845188284518827,3.0,0.0,4.9364058408915495e-06,14
I4210098034,0.007060669456066945,42.0,4.095913899711002e-07,0.037345035474127576,3
I4210098074,0.0005230125523012552,2.0,0.0,1.3825827141502903e-27,59
I4210098325,0.0010460251046025104,4.0,0.0,4.900846686250047e-24,65
I4210098355,0.0005230125523012552,2.0,0.0,1.3825827141502903e-27,51
I4210098361,0.01412133891213389,56.0,6.019500994312119e-07,0.0369624478507473,25
I4210098577,0.001307531380753138,5.0,0.0,0.005452650471177502,3
I4210098666,0.0007845188284518827,3.0,0.0,9.513770255714901e-05,0
I4210098734,0.0075836820083682,31.0,0.0011647666020573556,0.007123736307742175,3
I4210098814,0.0007845188284518827,3.0,0.0,0.0005442044054812622,25
I4210098931,0.002615062761506276,10.0,0.0,0.0011914932282989512,1
I4210099054,0.0005230125523012552,2.0,0.0,1.3825827141502903e-27,51
I4210099069,0.0007845188284518827,3.0,6.840342038991044e-08,0.0004941394574527017,14
I4210099201,0.0007845188284518827,3.0,0.0,9.501201860264485e-07,0
I4210099207,0.0002615062761506276,1.0,0.0,0.0003210228783616889,3
I4210099236,0.0020920502092050207,13.0,0.0,0.004580903825085682,9
I4210099336,0.0007845188284518827,3.0,0.00045105215405106944,0.00027491236240914484,12
I4210099374,0.0005230125523012552,2.0,0.0,0.00010309780245290742,81
I4210099437,0.0015690376569037654,6.0,1.3680684077982087e-07,0.0013109691428821115,3
I4210099443,0.0002615062761506276,1.0,0.0,0.00010046879771926528,9
I4210099458,0.001307531380753138,5.0,0.0,0.0002431756558450967,0
I4210099466,0.002615062761506276,10.0,0.0,0.0029587189435609875,3
I4210099512,0.0041841004184100415,17.0,3.4201710194955216e-07,0.0048738945466530285,3
I4210099558,0.015951882845188285,66.0,3.6175637469064073e-06,0.040962576618166116,25
I4210099586,0.0067991631799163175,28.0,9.592439652678439e-06,0.00972333808661876,3
I4210099681,0.0005230125523012552,2.0,0.0,1.5124635503019225e-05,14
I4210099699,0.0002615062761506276,1.0,0.0,1.227643344426212e-06,23
I4210099865,0.0005230125523012552,2.0,0.0,2.2179104647368664e-06,81
I4210099941,0.0020920502092050207,8.0,0.0,0.0016907941657860806,3
I4210100082,0.0010460251046025104,4.0,0.0,3.3439712252932304e-23,206
I4210100083,0.0007845188284518827,3.0,0.0,7.759319836304854e-05,1
I4210100097,0.0007845188284518827,5.0,0.0,0.0002993818623064969,81
I4210100168,0.0007845188284518827,3.0,0.0,9.30004052055424e-05,0
I4210100185,0.001307531380753138,5.0,0.0,2.19858225878852e-05,28
I4210100188,0.003138075313807531,12.0,0.0,1.3391115392385366e-05,9
I4210100255,0.03399581589958159,204.0,0.008876744437056003,0.15908002674396313,3
I4210100356,0.0002615062761506276,1.0,0.0,0.0004425100254017295,3
I4210100400,0.003138075313807531,12.0,0.0,0.0007231782969526117,0
I4210100430,0.0010460251046025104,4.0,0.0,0.00024562803872348407,9
I4210100468,0.002353556485355648,9.0,0.00045105215405106944,3.411958737548286e-05,14
I4210100505,0.0010460251046025104,4.0,0.0,0.003084973981246993,3
I4210100528,0.001830543933054393,7.0,0.0,0.007841044948486559,3
I4210100529,0.0007845188284518827,3.0,0.0,2.52870140238954e-05,14
I4210100562,0.0002615062761506276,1.0,0.0,5.805255063728623e-06,9
I4210100575,0.0010460251046025104,4.0,0.0,0.0035836178291722785,3
I4210100612,0.003922594142259414,15.0,1.6622031154748237e-06,0.0013238947212823485,14
I4210100789,0.0005230125523012552,2.0,0.0,1.3825827141502903e-27,247
I4210100942,0.001307531380753138,5.0,0.0,0.0002431756558450967,0
I4210100977,0.003138075313807531,12.0,0.0,0.00034613097749542775,79
I4210101072,0.0005230125523012552,2.0,0.0,0.00035030115996581617,3
I4210101116,0.0007845188284518827,3.0,0.0,0.0008054430827452903,0
I4210101190,0.0010460251046025104,4.0,0.0,0.0011119246512752174,16
I4210101192,0.0005230125523012552,2.0,0.0,1.8595000506907034e-26,146
I4210101212,0.001830543933054393,7.0,0.0,4.136312599452999e-05,14
I4210101260,0.0005230125523012552,2.0,0.0,1.3825827141502903e-27,248
I4210101327,0.003138075313807531,15.0,7.98153910249605e-06,0.0017056033894965676,12
I4210101348,0.003138075313807531,15.0,4.670976420911027e-07,0.0005117899755586253,1
I4210101388,0.005230125523012552,24.0,5.786929364986424e-06,0.007892646006565418,16
I4210101403,0.0002615062761506276,1.0,0.0,1.8115362804258925e-09,36
I4210101486,0.005753138075313807,22.0,0.0,0.0005542264007887955,9
I4210101573,0.002353556485355648,9.0,0.0,0.00012845371508740772,1
I4210101641,0.003138075313807531,12.0,0.0,0.0007166063621171771,81
I4210101822,0.0028765690376569035,11.0,0.0,0.0004174245095808029,81
I4210101844,0.0010460251046025104,4.0,0.0,0.0006904650411310752,3
I4210101901,0.007322175732217572,28.0,0.0,0.001271746343023617,14
I4210101931,0.0002615062761506276,1.0,0.0,8.92914345719129e-05,3
I4210102044,0.003138075313807531,12.0,0.0,0.0025522619510339466,0
I4210102047,0.003138075313807531,12.0,0.0,1.3391115392385366e-05,9
I4210102181,0.003138075313807531,12.0,0.0,0.0007166063621171771,81
I4210102207,0.0005230125523012552,2.0,0.0,0.0001745793279331966,3
I4210102282,0.0041841004184100415,16.0,0.0,0.001774691965247128,14
I4210102325,0.0020920502092050207,8.0,0.0,3.2123839346221016e-05,81
I4210102411,0.0002615062761506276,1.0,0.0,0.00013203045869490107,0
I4210102653,0.002353556485355648,9.0,0.0,4.1574620323094427e-07,13
I4210102807,0.0007845188284518827,3.0,0.0,0.00017588947553155555,25
I4210102840,0.001307531380753138,5.0,0.0,0.007627072161942093,3
I4210102902,0.003138075313807531,12.0,0.0,1.3391115392385366e-05,9
I4210102928,0.003138075313807531,12.0,0.0,0.0007166063621171771,81
I4210102999,0.0007845188284518827,3.0,0.0,1.379465706874727e-25,89
I4210103132,0.0020920502092050207,11.0,4.384333516419976e-05,9.649038104102127e-05,79
I4210103346,0.02092050209205021,108.0,0.0005726883746928958,0.06047944243426871,3
I4210103375,0.0005230125523012552,2.0,0.0,3.822154965322886e-07,79
I4210103466,0.01072175732217573,41.0,0.0,0.006955386027812776,12
I4210103530,0.001307531380753138,5.0,0.0,0.0005811322228199757,3
I4210103541,0.0005230125523012552,2.0,0.0,1.3825827141502903e-27,217
I4210103620,0.001307531380753138,5.0,0.0,0.0004223868192199562,3
I4210103666,0.0041841004184100415,17.0,2.090864549918263e-05,0.0008242436977556434,0
I4210103698,0.0020920502092050207,8.0,0.0,0.0009727499280449002,57
I4210103836,0.0020920502092050207,8.0,0.0,0.0005799704138667846,9
I4210103863,0.004968619246861925,19.0,0.0,0.005360350263997858,3
I4210103986,0.010983263598326359,48.0,9.911655614498021e-06,0.035873683076535455,3
I4210104064,0.0015690376569037654,6.0,0.0,0.004635006426711632,3
I4210104108,0.0020920502092050207,8.0,0.0,0.0006995231694139416,9
I4210104188,0.0007845188284518827,3.0,0.0,0.0019020994647354103,3
I4210104252,0.0002615062761506276,1.0,0.0,1.621617950706306e-05,57
I4210104258,0.007322175732217572,28.0,0.0,0.001271746343023617,14
I4210104269,0.0020920502092050207,8.0,0.0,0.0002458499470918229,3
I4210104314,0.0007845188284518827,3.0,0.0,2.0207917049246684e-06,26
I4210104362,0.0002615062761506276,1.0,0.0,2.1048976240153915e-30,249
I4210104430,0.002353556485355648,9.0,0.0,0.00012845371508740772,1
I4210104439,0.0005230125523012552,2.0,0.0,1.5585563538353468e-05,28
I4210104445,0.002615062761506276,10.0,0.0,0.0029587189435609875,3
I4210104472,0.0010460251046025104,4.0,0.0,0.0009125049885272503,3
I4210104555,0.0002615062761506276,1.0,0.0,0.0004402328275444726,0
I4210104626,0.0005230125523012552,2.0,0.0,0.00046408468930325095,14
I4210104917,0.001307531380753138,5.0,0.0,0.0002875711760273088,9
I4210105015,0.003138075313807531,29.0,0.0,0.006743992728436818,0
I4210105025,0.0,0.0,0.0,3.211818884300829e-35,250
I4210105136,0.0007845188284518827,3.0,0.0,0.0009854850709686285,3
I4210105182,0.008106694560669455,33.0,5.814290733142388e-07,0.013799653025566646,3
I4210105229,0.005753138075313807,22.0,0.0,0.01868519784964483,3
I4210105428,0.0010460251046025104,5.0,3.4201710194955216e-07,0.001219878054737762,79
I4210105595,0.003138075313807531,12.0,0.0,0.00823357358923495,3
I4210105663,0.005230125523012552,20.0,0.0,0.0005740663052478989,14
I4210105686,0.001830543933054393,7.0,0.0,0.00029470148135156085,25
I4210105714,0.003138075313807531,12.0,0.0,0.0007166063621171771,81
I4210105738,0.007322175732217572,28.0,0.0,0.0019194907584731183,14
I4210105784,0.0028765690376569035,11.0,0.0013523356211085293,3.412447396685419e-05,14
I4210105785,0.0020920502092050207,8.0,3.898994962224895e-05,0.0017375434358526014,16
I4210105806,0.003138075313807531,12.0,1.2996649874082982e-06,0.0022116171990651246,3
I4210105918,0.0005230125523012552,2.0,0.0,1.3825827141502903e-27,251
I4210105926,0.0007845188284518827,3.0,0.0,6.442232353081619e-10,57
I4210105949,0.003138075313807531,12.0,0.0,0.0018292830160263733,3
I4210105982,0.01307531380753138,50.0,0.0,0.033388490704873645,25
I4210105992,0.002353556485355648,11.0,0.0009340553532891091,1.4004077045155559e-06,23
I4210105999,0.003661087866108786,14.0,0.0,4.271858613634598e-05,9
I4210106108,0.0002615062761506276,1.0,0.0,0.001569305645585063,3
I4210106122,0.0005230125523012552,2.0,0.0,0.0013694540158901759,3
I4210106134,0.0005230125523012552,2.0,0.0,0.00020268346270225438,3
I4210106163,0.0002615062761506276,1.0,0.0,3.650839195777025e-29,125
I4210106256,0.0005230125523012552,2.0,0.0,1.3699137852545463e-05,14
I4210106258,0.0028765690376569035,11.0,0.0,0.0024941626343598644,25
I4210106350,0.001830543933054393,7.0,0.0,4.136312599452999e-05,14
I4210106508,0.0005230125523012552,2.0,0.0,1.3825827141502903e-27,199
I4210106686,0.003138075313807531,12.0,0.0,0.0007810807202109951,0
I4210106788,0.001830543933054393,7.0,0.0,4.136312599452999e-05,14
I4210106879,0.0010460251046025104,4.0,0.0,0.00017384554976633822,0
I4210106913,0.0,0.0,0.0,3.211818884300829e-35,252
I4210107051,0.0007845188284518827,3.0,0.0,0.0011695086096862096,16
I4210107216,0.0002615062761506276,1.0,0.0,2.1048976240153915e-30,253
I4210107237,0.0015690376569037654,6.0,0.0,1.2633566984764065e-05,23
I4210107260,0.0015690376569037654,6.0,6.133506694961969e-06,0.0010082228701386918,3
I4210107434,0.0010460251046025104,4.0,0.0,0.000262064348727008,81
I4210107571,0.006014644351464434,23.0,0.0,0.00500978083574253,3
I4210107575,0.0007845188284518827,3.0,0.0,3.286919010837527e-07,13
I4210107587,0.0007845188284518827,3.0,0.0,0.0002504400603915483,3
I4210107641,0.0028765690376569035,12.0,0.00045077854036950976,0.00014329662589072592,81
I4210107707,0.010198744769874476,39.0,0.0,0.003838180700834083,1
I4210107718,0.0015690376569037654,6.0,0.0,0.00037236038399063233,79
I4210107720,0.0015690376569037654,6.0,0.0,0.00020448893375933104,14
I4210107815,0.0002615062761506276,1.0,0.0,0.00013612341264012878,3
I4210107839,0.0010460251046025104,4.0,0.0,1.9053411994553865e-05,79
I4210107902,0.0,0.0,0.0,3.211818884300829e-35,254
I4210107908,0.002353556485355648,9.0,0.0,0.0005047966248409776,0
I4210107944,0.0007845188284518827,3.0,0.0,0.00017588947553155555,25
I4210107997,0.004445606694560669,17.0,0.0,0.0028967519743703044,9
I4210108013,0.0007845188284518827,3.0,0.0,1.379465706874727e-25,128
I4210108118,0.0005230125523012552,2.0,0.0,1.3825827141502903e-27,251
I4210108292,0.002615062761506276,10.0,0.0,0.0011914932282989512,1
I4210108461,0.0002615062761506276,1.0,0.0,0.000602145495911694,3
I4210108547,0.0015690376569037654,6.0,0.0,0.00015108538780691413,9
I4210108565,0.003922594142259414,15.0,0.0,0.005314384865692501,3
I4210108594,0.0010460251046025104,4.0,0.0,7.830229322581927e-05,14
I4210108625,0.0007845188284518827,3.0,0.0,0.00037564604140649714,0
I4210108629,0.0002615062761506276,1.0,0.0,0.0007336301177362748,3
I4210108711,0.0028765690376569035,11.0,0.0,0.0007515120036159811,81
I4210108719,0.0010460251046025104,4.0,0.0,0.00022773444782202477,2
I4210108778,0.01072175732217573,47.0,7.693890685188673e-05,0.010269742001932676,14
I4210108787,0.0,0.0,0.0,3.211818884300829e-35,255
I4210108821,0.0010460251046025104,4.0,0.0,3.3439712252932304e-23,206
I4210108985,0.003922594142259414,17.0,1.892494630787522e-06,0.003649180901992016,0
I4210108991,0.0028765690376569035,11.0,0.0,0.0016476780577103043,0
I4210109141,0.0020920502092050207,8.0,0.0,3.2123839346221016e-05,81
I4210109172,0.004707112970711296,22.0,1.6416820893578504e-07,0.00858476734560707,1
I4210109211,0.0010460251046025104,4.0,0.0,0.002579365690295513,3
I4210109259,0.001830543933054393,7.0,0.0,0.00042433559494235837,0
I4210109338,0.0007845188284518827,3.0,0.0,0.00011390997837812987,28
I4210109354,0.001307531380753138,5.0,0.0,0.00033511411440036317,14
I4210109357,0.008368200836820083,34.0,0.0001540664549845929,0.0013165274800782637,14
I4210109381,0.0005230125523012552,2.0,0.0,7.237611847561512e-06,25
I4210109434,0.0007845188284518827,3.0,0.0,0.003684057216565146,3
I4210109437,0.0010460251046025104,4.0,0.0,2.6544091922661742e-05,28
I4210109567,0.003661087866108786,14.0,0.0,4.271858613634598e-05,9
I4210109586,0.007322175732217572,31.0,2.8397191379011393e-05,0.007137495300265562,9
I4210109622,0.0010460251046025104,4.0,0.0,0.0028844434748333016,3
I4210109636,0.001307531380753138,5.0,0.0,0.0022788149500092823,3
I4210109704,0.010198744769874476,39.0,0.0,0.003838180700834083,1
I4210109779,0.0007845188284518827,3.0,0.0,0.0018008234751705366,3
I4210109870,0.0007845188284518827,3.0,0.0,0.0006574851533826944,3
I4210109871,0.0005230125523012552,2.0,0.0,1.2048500235932826e-06,0
I4210109945,0.0020920502092050207,8.0,0.0,0.0010213296066877858,12
I4210110013,0.001307531380753138,5.0,0.0,0.001377279226150051,1
I4210110024,0.001307531380753138,5.0,0.0,0.002116807189338174,3
I4210110199,0.0015690376569037654,6.0,0.0,0.006720023924611859,3
I4210110242,0.018828451882845185,73.0,0.0017929804661894185,0.03237120119515002,14
I4210110252,0.0005230125523012552,2.0,0.0,0.000573390017616606,25
I4210110431,0.0020920502092050207,8.0,0.0,0.0009980913137236011,14
I4210110458,0.0007845188284518827,5.0,0.0,0.0003813147132980642,0
I4210110490,0.002615062761506276,10.0,0.0,0.0005892136006256874,1
I4210110507,0.0002615062761506276,1.0,0.0,3.11404729222337e-05,14
I4210110609,0.003138075313807531,12.0,0.0,0.00823357358923495,3
I4210110652,0.0007845188284518827,3.0,0.0,0.0005185595262354176,13
I4210110780,0.0005230125523012552,2.0,0.0,0.0006245188550543762,3
I4210110782,0.0005230125523012552,2.0,0.0,2.906183312868653e-06,1
I4210110931,0.0005230125523012552,2.0,0.0,7.466775746510019e-07,225
I4210110987,0.0028765690376569035,11.0,0.0,0.004914161677133852,0
I4210111013,0.010198744769874476,40.0,2.706837350529404e-05,0.010526185024451391,3
I4210111100,0.0007845188284518827,3.0,0.0,3.085995042744724e-05,9
I4210111151,0.0010460251046025104,4.0,0.0,0.005390635402724478,3
I4210111163,0.0010460251046025104,4.0,3.055352777415999e-06,0.0001663477059019731,0
I4210111179,0.002615062761506276,11.0,4.035801803004716e-07,0.0018663484756168294,0
I4210111246,0.010198744769874476,39.0,0.0,0.003838180700834083,1
I4210111327,0.004445606694560669,17.0,0.0,0.0028967519743703044,9
I4210111404,0.0007845188284518827,3.0,0.0,6.78403292739387e-06,28
I4210111460,0.017782426778242676,102.0,8.931143887531108e-05,0.006787119217882481,14
I4210111543,0.001830543933054393,14.0,0.0,0.003688064917882395,0
I4210111603,0.002353556485355648,9.0,0.0,6.362774452347428e-05,25
I4210111807,0.0002615062761506276,1.0,0.0,2.1048976240153915e-30,173
I4210111835,0.001830543933054393,7.0,0.0,0.00023903683186569819,28
I4210111958,0.0010460251046025104,4.0,0.0,8.291676398647854e-05,0
I4210112065,0.0007845188284518827,3.0,0.0,0.0011687615389779507,81
I4210112069,0.001307531380753138,5.0,0.0,0.0005811322228199757,3
I4210112150,0.017520920502092047,100.0,0.0013719582823043819,0.07720418807566543,3
I4210112164,0.0007845188284518827,3.0,0.0,7.179714797241339e-06,57
I4210112252,0.0028765690376569035,11.0,0.0,0.003181129035474682,25
I4210112253,0.0,0.0,0.0,3.211818884300829e-35,256
I4210112302,0.0005230125523012552,2.0,0.0,3.5876490777280267e-26,111
I4210112368,0.003138075313807531,12.0,2.5651282646216415e-05,0.00128437363469019,57
I4210112448,0.0028765690376569035,11.0,0.0,0.007221360224845263,3
I4210112475,0.0010460251046025104,4.0,0.0,0.003084973981246993,3
I4210112526,0.001307531380753138,5.0,0.0,0.000893708132446372,3
I4210112527,0.0002615062761506276,1.0,0.0,4.177794061891766e-06,16
I4210112550,0.0010460251046025104,4.0,0.0,0.0008696117967404122,3
I4210112611,0.0010460251046025104,4.0,0.0,4.900846686250047e-24,18
I4210112645,0.0010460251046025104,4.0,0.0,1.2222948476337183e-06,81
I4210112713,0.008368200836820083,35.0,7.821258780274736e-06,0.0010884073152372627,9
I4210112893,0.002615062761506276,10.0,0.0,0.0015006790730548007,3
I4210112925,0.01072175732217573,51.0,0.00048753777300009944,0.006494429637980341,9
I4210112964,0.001830543933054393,7.0,0.0,0.00023680548680299777,9
I4210113150,0.001307531380753138,5.0,0.0,3.434883443082336e-05,1
I4210113195,0.0010460251046025104,4.0,0.0,0.0006904650411310752,3
I4210113283,0.003138075313807531,14.0,0.0,1.4023725287167631e-05,9
I4210113297,0.010460251046025104,48.0,0.00020100634418837842,0.006772237429504152,9
I4210113347,0.0041841004184100415,16.0,0.0,0.002136881121191844,9
I4210113352,0.0005230125523012552,2.0,0.0,3.920931240480036e-05,13
I4210113369,0.0054916317991631795,29.0,0.00037451784709081177,0.02658720802330949,3
I4210113480,0.020135983263598323,95.0,0.007201037554001936,0.043233348501889576,3
I4210113495,0.001307531380753138,5.0,0.0,0.001377279226150051,1
I4210113516,0.0005230125523012552,3.0,0.0,2.0338546869349122e-05,79
I4210113529,0.0015690376569037654,6.0,0.0,0.00011546161108098837,81
I4210113643,0.0002615062761506276,1.0,0.0,2.1048976240153915e-30,257
I4210113666,0.0028765690376569035,11.0,0.0,0.0007515120036159811,81
I4210113748,0.0020920502092050207,8.0,0.0,0.0001907517220472448,81
I4210113833,0.002353556485355648,9.0,0.0,6.2484908331188545e-06,23
I4210113837,0.0005230125523012552,2.0,0.0,1.3825827141502903e-27,119
I4210113880,0.0020920502092050207,8.0,0.0,3.5550216423967306e-05,34
I4210113907,0.0,0.0,0.0,3.211818884300829e-35,258
I4210113915,0.0005230125523012552,4.0,0.0,4.9008466862500444e-24,63
I4210114025,0.0007845188284518827,3.0,0.0,5.773272348425023e-05,9
I4210114043,0.0002615062761506276,1.0,0.0,2.1048976240153915e-30,259
I4210114081,0.003138075313807531,12.0,0.0,0.0006081567147060865,2
I4210114105,0.0067991631799163175,32.0,7.524376242890148e-07,0.029835235874759808,3
I4210114115,0.001307531380753138,6.0,8.436421848088956e-07,1.4746160819340084e-05,79
I4210114157,0.0010460251046025104,4.0,0.0,9.316272775849348e-06,9
I4210114178,0.007845188284518828,30.0,0.0,0.012325148579019247,3
I4210114217,0.0007845188284518827,3.0,0.0,6.78403292739387e-06,28
I4210114239,0.0002615062761506276,1.0,0.0,5.000462903097386e-05,9
I4210114247,0.0007845188284518827,3.0,0.0,1.379465706874727e-25,231
I4210114250,0.002353556485355648,9.0,0.0,4.1574620323094427e-07,13
I4210114280,0.0002615062761506276,1.0,0.0,7.97437068531711e-06,0
I4210114290,0.0010460251046025104,4.0,0.0,0.0009388177724791797,3
I4210114444,0.0015690376569037654,6.0,0.0,0.005756580744310171,0
I4210114779,0.0005230125523012552,2.0,0.0,1.3825827141502903e-27,126
I4210114891,0.001307531380753138,5.0,0.0,8.008298482204101e-05,16
I4210114914,0.0033995815899581588,13.0,0.0,0.011959678964541491,3
I4210114963,0.0002615062761506276,1.0,0.0,2.1048976240153915e-30,157
I4210115038,0.0005230125523012552,2.0,0.0,0.004481399708113752,3
I4210115097,0.0007845188284518827,3.0,0.0,4.9364058408915495e-06,14
I4210115111,0.001307531380753138,5.0,0.0,0.0009246092397307981,57
I4210115172,0.005753138075313807,22.0,0.0,0.0036916109682128434,9
I4210115222,0.0007845188284518827,3.0,0.0,1.4434572627295342e-05,23
I4210115246,0.005230125523012552,20.0,0.0,0.0035411400001527397,0
I4210115256,0.005230125523012552,20.0,0.0,0.0005740663052478989,14
I4210115331,0.0005230125523012552,2.0,0.0,6.6050434200272e-05,3
I4210115395,0.0002615062761506276,1.0,0.0,2.2552932750710695e-06,35
I4210115499,0.001830543933054393,7.0,0.0,0.0005144565555415542,12
I4210115515,0.0005230125523012552,2.0,0.0,0.0017992961740942131,0
I4210115556,0.001307531380753138,5.0,0.0,0.003091182574768818,3
I4210115614,0.0007845188284518827,3.0,0.0,0.0012412492427247646,3
I4210115644,0.0002615062761506276,1.0,0.0,5.136880070930462e-05,3
I4210115928,0.007845188284518828,30.0,0.0,0.012325148579019247,3
I4210115931,0.0007845188284518827,3.0,0.0,2.0003891875114227e-25,94
I4210116048,0.0005230125523012552,2.0,0.0,0.0017747127458382535,3
I4210116209,0.0015690376569037654,6.0,0.0,0.00011546161108098837,81
I4210116322,0.0007845188284518827,3.0,0.0,3.1957981831110293e-06,9
I4210116328,0.0028765690376569035,11.0,0.0,0.007606968788279395,0
I4210116398,0.0,0.0,0.0,3.211818884300829e-35,260
I4210116517,0.0007845188284518827,3.0,0.0,0.0002504400603915483,3
I4210116723,0.001830543933054393,7.0,0.0,0.0070695725757147585,3
I4210116869,0.0151673640167364,63.0,5.995939816177817e-06,0.03125019494768374,3
I4210116895,0.00653765690376569,25.0,0.0,0.004124709235297737,0
I4210116917,0.024320083682008366,137.0,0.0014655668578736295,0.08176590321862372,25
I4210116919,0.0007845188284518827,3.0,0.0,1.6257796612509794e-06,81
I4210116924,0.022228033472803346,110.0,0.005171152664051017,0.06037065181533917,3
I4210116961,0.0033995815899581588,13.0,0.0,0.0009404440198038625,28
I4210117005,0.0010460251046025104,4.0,0.0,0.001953138851518854,1
I4210117062,0.0028765690376569035,11.0,0.0,0.0012836682375712343,57
I4210117106,0.003138075313807531,12.0,1.8195309823716176e-05,0.0003131520507539282,25
I4210117164,0.0005230125523012552,2.0,0.0,0.00010983231143923202,23
I4210117216,0.0005230125523012552,2.0,0.0,0.00011027153301487497,0
I4210117246,0.0028765690376569035,11.0,0.0,0.0004174245095808029,81
I4210117450,0.003661087866108786,14.0,0.0,4.271858613634598e-05,9
I4210117453,0.023535564853556484,117.0,0.0013500179900781664,0.01891194107063969,0
I4210117523,0.0007845188284518827,3.0,0.0,0.0003137941872517837,3
I4210117600,0.0015690376569037654,6.0,0.0,0.0009070405845104252,23
I4210117728,0.0015690376569037654,6.0,0.0,0.0005630810124045067,79
I4210117955,0.0033995815899581588,13.0,0.0,0.0009404440198038625,28
I4210117980,0.0033995815899581588,13.0,0.0,0.0009404440198038625,28
I4210118119,0.0067991631799163175,26.0,0.0013523356211085293,0.005010843949085568,3
I4210118176,0.0007845188284518827,3.0,0.0,2.567093128058977e-06,79
I4210118229,0.0010460251046025104,4.0,0.0,4.9404556354931116e-05,23
I4210118286,0.0002615062761506276,1.0,0.0,0.0005646835610113714,3
I4210118383,0.0028765690376569035,11.0,0.0,0.0005880228581931345,9
I4210118466,0.0005230125523012552,2.0,0.0,4.520140801165828e-05,3
I4210118524,0.001307531380753138,5.0,3.2252212713842785e-05,0.00011067760898178472,13
I4210118556,0.002353556485355648,9.0,0.0,0.0007878652272240003,14
I4210118728,0.002353556485355648,15.0,0.0,0.006550156803840352,3
I4210118731,0.0010460251046025104,4.0,0.0,0.00010997799381196959,0
I4210118911,0.0002615062761506276,1.0,0.0,5.469955725333058e-06,9
I4210118951,0.0007845188284518827,3.0,0.0,0.00018898323131254566,12
I4210118977,0.0007845188284518827,3.0,0.0,1.0865306586570068e-05,81
I4210119028,0.0,0.0,0.0,3.211818884300829e-35,261
I4210119061,0.001307531380753138,5.0,0.0,6.731631701977087e-07,1
I4210119109,0.007322175732217572,28.0,0.0003939927302479407,0.004364439305613412,9
I4210119117,0.005753138075313807,22.0,0.0,0.0005542264007887955,9
I4210119250,0.002615062761506276,20.0,0.0,0.004228425998403973,0
I4210119257,0.0002615062761506276,1.0,0.0,2.1048976240153915e-30,91
I4210119272,0.0020920502092050207,8.0,0.0,0.0036236577263597906,3
I4210119510,0.0028765690376569035,11.0,0.0,0.0007515120036159811,81
I4210119728,0.002615062761506276,10.0,0.0,0.0003172939575067576,16
I4210119759,0.0067991631799163175,27.0,2.251840599235852e-05,0.002497601820046533,14
I4210119853,0.0002615062761506276,1.0,0.0,7.501416013108096e-06,3
I4210119975,0.0007845188284518827,3.0,0.0,0.00048590566731806183,3
I4210120115,0.0010460251046025104,4.0,0.0,1.9736769848700466e-05,0
I4210120221,0.008629707112970711,38.0,4.250783981373005e-07,0.00578044938001143,9
I4210120238,0.0007845188284518827,3.0,0.0,0.0008958803315244411,1
I4210120363,0.002353556485355648,9.0,0.0007023298387393921,0.0010189614993720965,81
I4210120471,0.0005230125523012552,2.0,0.0,1.3825827141502903e-27,158
I4210120485,0.015690376569037656,64.0,2.975548786961104e-06,0.04520398225408476,3
I4210120689,0.011767782426778242,64.0,0.00019683045812737756,0.004960929778713578,14
I4210120706,0.001307531380753138,5.0,0.0,0.0029626886822094857,79
I4210120757,0.0007845188284518827,3.0,0.0,0.0008046502635091732,0
I4210120805,0.0005230125523012552,2.0,0.0,3.835156220182293e-05,16
I4210120842,0.0015690376569037654,6.0,0.0,0.0028210959766561622,3
I4210120914,0.0007845188284518827,3.0,0.0,3.5517424527178375e-09,13
I4210120929,0.007845188284518828,30.0,0.0,0.012325148579019247,3
I4210120932,0.0005230125523012552,2.0,0.0,9.250263509977171e-05,0
I4210121044,0.007322175732217572,28.0,0.0,0.001271746343023617,14
I4210121067,0.010460251046025104,42.0,1.7442872199427164e-05,0.013112399589424176,3
I4210121082,0.0005230125523012552,2.0,0.0,1.2015018807611903e-06,14
I4210121186,0.006276150627615062,24.0,0.0010451626626135743,0.0009824774275463666,14
I4210121240,0.010198744769874476,39.0,0.0,0.003838180700834083,1
I4210121272,0.0,0.0,0.0,3.211818884300829e-35,262
I4210121368,0.0015690376569037654,6.0,2.188909452477134e-06,0.0003913018491244115,16
I4210121405,0.002353556485355648,9.0,0.00043339675268240063,0.0009633909723100241,13
I4210121447,0.003138075313807531,12.0,0.0,0.009034006177315559,3
I4210121459,0.0010460251046025104,4.0,0.0,2.0121889528570947e-07,81
I4210121573,0.0005230125523012552,2.0,0.0,1.3825827141502903e-27,247
I4210121786,0.0005230125523012552,2.0,0.0,0.0003560584072793382,0
I4210121800,0.0005230125523012552,2.0,0.0,0.0005943178029598281,0
I4210121882,0.007322175732217572,28.0,0.0,0.0019194907584731188,14
I4210121916,0.0010460251046025104,4.0,0.0,0.0009388177724791797,3
I4210121988,0.0033995815899581588,15.0,0.0007315625981332501,0.00125811664651759,23
I4210122017,0.002615062761506276,10.0,0.0,0.0003172939575067576,16
I4210122052,0.0002615062761506276,1.0,0.0,6.398290107470019e-09,0
I4210122071,0.0033995815899581588,13.0,0.001978989440420172,0.002135367326789016,0
I4210122147,0.0020920502092050207,8.0,0.0,3.5550216423967306e-05,34
I4210122148,0.001307531380753138,5.0,0.0,8.89415467788623e-05,81
I4210122157,0.0005230125523012552,2.0,0.0,1.3825827141502903e-27,247
I4210122181,0.0005230125523012552,2.0,0.0,5.4554788857716135e-05,0
I4210122243,0.0007845188284518827,3.0,0.0,9.34119583828844e-07,23
I4210122302,0.004707112970711296,19.0,0.0,0.015175321153077256,0
I4210122310,0.002615062761506276,10.0,0.0,0.0011914932282989512,1
I4210122368,0.0002615062761506276,1.0,0.0,9.825520285874533e-05,9
I4210122501,0.0007845188284518827,3.0,0.0,0.00034240215875662824,3
I4210122520,0.003138075313807531,12.0,0.00012971989108498253,0.0009959528784191103,57
I4210122543,0.0028765690376569035,11.0,4.6584520803682074e-05,0.0015268851162425947,12
I4210122547,0.00653765690376569,25.0,0.0,0.007981802431922496,3
I4210122949,0.003661087866108786,14.0,0.0,0.004487038616877351,3
I4210122952,0.001307531380753138,5.0,0.0,0.0001447790533032706,1
I4210122962,0.002353556485355648,10.0,3.8761938220949243e-07,0.0007669330662868768,16
I4210123028,0.0010460251046025104,4.0,0.0,6.831412524865763e-05,12
I4210123080,0.0005230125523012552,2.0,0.0,0.0002509323467507163,0
I4210123151,0.0005230125523012552,2.0,0.0,0.0002678474334713813,9
I4210123185,0.007060669456066945,33.0,0.0015365825140427663,0.01687426635667905,3
I4210123225,0.0005230125523012552,2.0,0.0,2.9617124008902147e-06,9
I4210123235,0.001307531380753138,8.0,0.0,0.0006598174865496411,3
I4210123258,0.0005230125523012552,2.0,0.0,1.3825827141502903e-27,263
I4210123295,0.0002615062761506276,1.0,0.0,4.6510685610719795e-05,81
I4210123366,0.003661087866108786,17.0,6.306143898803173e-07,0.0011974201925988746,0
I4210123409,0.0028765690376569035,11.0,0.0,0.0016476780577103043,0
I4210123571,0.0005230125523012552,2.0,0.0,0.000609985104934706,13
I4210123583,0.001307531380753138,5.0,0.0,0.002347918578986968,3
I4210123632,0.0007845188284518827,3.0,0.0,0.000304472057884663,1
I4210123679,0.004968619246861925,19.0,0.0,0.005360350263997858,3
I4210123686,0.009152719665271966,36.0,6.543927217301431e-06,0.014019804933325648,3
I4210123817,0.0002615062761506276,1.0,0.0,8.812583904196801e-05,3
I4210123907,0.0005230125523012552,2.0,0.0,4.216988433741592e-05,0
I4210123940,0.0007845188284518827,3.0,0.0,0.001321551058614767,3
I4210123971,0.0005230125523012552,2.0,0.0,0.002891049919346628,0
I4210123993,0.0002615062761506276,1.0,0.0,2.1048976240153915e-30,264
I4210124072,0.0007845188284518827,3.0,0.0,2.423371903440649e-06,81
I4210124134,0.0054916317991631795,21.0,0.0,0.012453561867482515,25
I4210124175,0.001830543933054393,7.0,0.0,0.005823842947675961,3
I4210124274,0.0005230125523012552,2.0,0.0,0.0030071350688901004,3
I4210124331,0.0002615062761506276,1.0,0.0,5.0534255736881765e-08,79
I4210124598,0.00653765690376569,31.0,1.8947747448005191e-06,0.005698196356675114,0
I4210124601,0.0015690376569037654,6.0,0.0,0.004157305105285117,3
I4210124651,0.0002615062761506276,1.0,0.0,2.1048976240153915e-30,264
I4210124755,0.0002615062761506276,1.0,0.0,2.017855780020096e-05,0
I4210124799,0.0041841004184100415,16.0,0.0,0.001774691965247128,14
I4210124809,0.009152719665271966,37.0,5.624281232059302e-07,0.01687567094253307,3
I4210124815,0.0005230125523012552,2.0,0.0,1.6235060347093868e-07,79
I4210124868,0.0007845188284518827,3.0,0.0,0.0003780861735491356,9
I4210124900,0.0041841004184100415,16.0,0.0,0.005601907080782662,3
I4210124907,0.00653765690376569,25.0,0.0,0.007981802431922496,3
I4210124937,0.0028765690376569035,11.0,0.0,0.0012836682375712343,57
I4210124949,0.0010460251046025104,4.0,0.00045105215405106944,0.0003044094056771363,0
I4210124966,0.0007845188284518827,3.0,0.0,1.543152984315969e-06,23
I4210125098,0.0007845188284518827,3.0,0.0,0.0009854850709686285,3
I4210125099,0.017520920502092047,83.0,0.003314324161489234,0.0065539830777002475,0
I4210125137,0.0002615062761506276,1.0,0.0,0.00037206485866390465,3
I4210125143,0.0002615062761506276,1.0,0.0,0.00033502045077198593,3
I4210125310,0.0002615062761506276,1.0,0.0,0.0002125788971128857,3
I4210125312,0.0010460251046025104,4.0,0.0,0.00010997799381196959,0
I4210125326,0.0020920502092050207,8.0,0.0,0.0013922894076536527,0
I4210125364,0.003138075313807531,12.0,0.0,1.3391115392385366e-05,9
I4210125398,0.001307531380753138,5.0,0.0,0.0003070295011696933,0
I4210125507,0.0010460251046025104,4.0,0.0,8.06976885856308e-24,216
I4210125514,0.0005230125523012552,2.0,0.0,1.3825827141502903e-27,265
I4210125649,0.001307531380753138,5.0,0.0,9.52417278980949e-05,79
I4210125815,0.007322175732217572,28.0,0.0,0.0019194907584731188,14
I4210125823,0.0010460251046025104,4.0,0.0,7.197614092527759e-24,87
I4210125878,0.015951882845188285,75.0,0.0007899085293827496,0.028876743409045086,3
I4210126054,0.0007845188284518827,3.0,0.0,1.6257796612509794e-06,81
I4210126093,0.0010460251046025104,4.0,0.0,5.946422808715615e-06,23
I4210126115,0.0020920502092050207,8.0,0.0,3.411720570700043e-05,14
I4210126298,0.0075836820083682,30.0,1.0065074714515393e-05,0.0021717470201529647,14
I4210126310,0.0028765690376569035,11.0,0.0,0.0004812287175577778,14
I4210126319,0.012029288702928869,64.0,0.0014764554320217341,0.026268390695753152,25
I4210126328,0.001307531380753138,6.0,8.436421848088956e-07,1.4746160819340084e-05,79
I4210126337,0.003661087866108786,14.0,0.0,4.271858613634598e-05,9
I4210126360,0.0020920502092050207,8.0,0.0012786276783326674,0.00014205462262619595,14
I4210126395,0.0007845188284518827,3.0,0.0,0.0007216980155322307,0
I4210126463,0.0010460251046025104,4.0,0.0,0.0009957264558386756,3
I4210126505,0.0005230125523012552,2.0,0.0,4.240592668321271e-08,23
I4210126580,0.004968619246861925,20.0,0.0005279638198804783,0.004993805247248536,28
I4210126592,0.0007845188284518827,3.0,0.0,0.0005803934791905927,3
I4210126638,0.001307531380753138,5.0,0.0,0.0043301091709302,25
I4210126668,0.0010460251046025104,4.0,0.0,0.00017701899916084906,81
I4210126829,0.002353556485355648,9.0,0.0,6.362774452347428e-05,25
I4210126929,0.0020920502092050207,8.0,0.0009018306944205791,0.003877739376256619,3
I4210126939,0.0007845188284518827,3.0,0.0,0.0011131463501735915,79
I4210127031,0.0005230125523012552,4.0,0.0,1.6593434672682273e-05,81
I4210127055,0.006014644351464434,25.0,7.524376242890148e-07,0.004195783162775773,14
I4210127074,0.009675732217573221,39.0,1.732886649877731e-06,0.01786397926541395,3
I4210127093,0.0002615062761506276,1.0,0.0,2.1048976240153915e-30,110
I4210127126,0.008629707112970711,35.0,6.308315435958408e-07,0.013928125241538683,3
I4210127129,0.0010460251046025104,4.0,0.0,1.9053411994553865e-05,79
I4210127199,0.0010460251046025104,4.0,0.0,4.900846686250047e-24,83
I4210127216,0.0007845188284518827,3.0,0.0,1.0865306586570068e-05,81
I4210127221,0.0007845188284518827,3.0,0.0,1.7142536073529408e-05,13
I4210127244,0.0,0.0,0.0,3.211818884300829e-35,266
I4210127256,0.0007845188284518827,3.0,0.00045105215405106944,4.313177461582273e-07,23
I4210127384,0.0007845188284518827,12.0,0.0,0.0010834445348859092,9
I4210127460,0.00653765690376569,25.0,0.0,0.007981802431922496,3
I4210127473,0.003661087866108786,14.0,0.0,0.0016960342886229913,14
I4210127509,0.01072175732217573,56.0,0.0006757108747189976,0.012216230850870174,0
I4210127591,0.0028765690376569035,11.0,0.0,0.0004812287175577778,14
I4210127599,0.0002615062761506276,1.0,0.0,0.0016750127953165138,3
I4210127603,0.0007845188284518827,3.0,0.0,2.965046297556685e-05,12
I4210127649,0.003138075313807531,12.0,0.0,1.3391115392385366e-05,9
I4210127657,0.003661087866108786,16.0,1.3680684077982085e-07,0.0008201035677730269,14
I4210127658,0.0015690376569037654,6.0,0.0,0.0033719242304239747,3
I4210127700,0.0002615062761506276,1.0,0.0,2.2552932750710695e-06,35
I4210127735,0.002353556485355648,9.0,0.0,3.211818884300827e-19,102
I4210127762,0.0007845188284518827,3.0,0.0,1.379465706874727e-25,27
I4210127875,0.00653765690376569,25.0,0.00047439502170871004,0.0022159590408336962,81
I4210127922,0.0007845188284518827,3.0,0.0,3.286919010837527e-07,13
I4210127938,0.004445606694560669,18.0,6.612330637691342e-07,0.002119336599303384,0
I4210128081,0.002353556485355648,9.0,0.0,0.0001817803451719193,12
I4210128139,0.0007845188284518827,3.0,0.0,6.24416482790671e-05,0
I4210128272,0.0002615062761506276,1.0,0.0,0.001357985966397176,3
I4210128276,0.0020920502092050207,10.0,0.001352609234790089,1.8891397772080007e-05,79
I4210128478,0.012029288702928869,48.0,7.66118308366997e-06,0.012884587053423059,3
I4210128491,0.0002615062761506276,1.0,0.0,2.1048976240153915e-30,267
I4210128540,0.002353556485355648,9.0,0.0,4.1574620323094427e-07,13
I4210128556,0.0002615062761506276,1.0,0.0,0.0005055485610877806,3
I4210128565,0.0033995815899581588,14.0,0.00023225226036921614,0.001296053569204466,57
I4210128584,0.012813807531380752,60.0,0.0021830487951098243,0.01318171847584726,81
I4210128585,0.0002615062761506276,1.0,0.0,0.00020103795029414168,0
I4210128615,0.001307531380753138,5.0,0.0,8.008298482204101e-05,16
I4210128628,0.0,0.0,0.0,3.211818884300829e-35,268
I4210128676,0.0,0.0,0.0,3.211818884300829e-35,269
I4210128801,0.0007845188284518827,3.0,0.00045105215405106944,6.669040735876749e-05,79
I4210128818,0.002615062761506276,13.0,1.3680684077982087e-07,0.008135648252492175,3
I4210128819,0.0002615062761506276,1.0,0.0,0.00012078333225437421,1
I4210128910,0.0015690376569037654,6.0,0.0,0.008436675386582387,3
I4210128921,0.012290794979079497,62.0,3.761358989076712e-06,0.04128388165462503,3
I4210128965,0.0015690376569037654,6.0,0.0,2.993735711268606e-05,79
I4210129030,0.0005230125523012552,2.0,0.0,1.7716294292664234e-05,3
I4210129059,0.0002615062761506276,1.0,0.0,2.299570932284146e-05,81
I4210129090,0.0015690376569037654,6.0,0.0,0.0010163875089289666,28
I4210129357,0.001307531380753138,5.0,0.0,0.00030822064658622234,16
I4210129394,0.0007845188284518827,3.0,0.0,0.0002961899360990124,3
I4210129405,0.0010460251046025104,4.0,0.0,4.900846686250047e-24,65
I4210129412,0.006014644351464434,23.0,0.0,0.00500978083574253,3
I4210129425,0.0005230125523012552,2.0,0.0,2.890348170292323e-06,103
I4210129459,0.0020920502092050207,8.0,0.0,0.0016907941657860806,3
I4210129493,0.0002615062761506276,1.0,0.0,0.002401281019158258,3
I4210129520,0.0010460251046025104,4.0,0.0,5.946422808715615e-06,23
I4210129566,0.0010460251046025104,4.0,0.0,0.0005663333175924059,81
I4210129766,0.0002615062761506276,1.0,0.0,2.1048976240153915e-30,166
I4210129794,0.0010460251046025104,4.0,1.180415024528555e-05,0.0001838121590379684,17
I4210130112,0.0041841004184100415,16.0,2.7361368155964175e-07,0.008912016858842785,3
I4210130147,0.0,0.0,0.0,3.211818884300829e-35,270
I4210130148,0.0010460251046025104,4.0,0.0,0.00010073015519168732,3
I4210130157,0.001307531380753138,5.0,0.0,0.003021008824045355,3
I4210130184,0.0,0.0,0.0,3.211818884300829e-35,271
I4210130346,0.0010460251046025104,4.0,0.0,5.946422808715615e-06,23
I4210130445,0.004707112970711296,18.0,0.00017034243688771958,0.002227225568974842,9
I4210130476,0.001830543933054393,7.0,0.00045208162552793767,1.2412140459973977e-05,13
I4210130533,0.001830543933054393,7.0,0.0,0.00023680548680299777,9
I4210130572,0.001307531380753138,5.0,0.0,0.0004223868192199562,3
I4210130863,0.0010460251046025104,4.0,0.0,0.0006762207229345116,16
I4210130930,0.001307531380753138,6.0,0.0,0.0036298131872899327,3
I4210130954,0.0005230125523012552,2.0,0.0,1.3825827141502903e-27,263
I4210131026,0.003922594142259414,16.0,1.3680684077982087e-07,0.013465280951563947,25
I4210131033,0.0,0.0,0.0,3.211818884300829e-35,272
I4210131147,0.002353556485355648,10.0,0.0,0.0010861688989270506,3
I4210131207,0.001307531380753138,5.0,0.0,1.78144699046442e-05,28
I4210131313,0.002615062761506276,10.0,0.0,0.0019744763700778128,0
I4210131342,0.0002615062761506276,1.0,0.0,8.046790918777246e-07,0
I4210131358,0.001307531380753138,5.0,0.0,0.0010422351903268134,0
I4210131448,0.0007845188284518827,3.0,0.0,0.00013729082410987936,12
I4210131537,0.0005230125523012552,2.0,0.0,4.387791927475393e-06,3
I4210131601,0.0010460251046025104,4.0,0.0,5.164993223831412e-06,9
I4210131602,0.0005230125523012552,2.0,0.0,1.3825827141502903e-27,194
I4210131620,0.0005230125523012552,2.0,0.0,3.5029387690557195e-05,0
I4210131650,0.001830543933054393,7.0,1.5048752485780297e-06,0.00031044720710415044,0
I4210131712,0.0007845188284518827,3.0,0.0,0.0009454369702193131,1
I4210131804,0.001307531380753138,5.0,0.0,1.8520432836985178e-06,25
I4210131846,0.0010460251046025104,4.0,0.0,9.749552862222604e-05,81
I4210131919,0.002353556485355648,9.0,0.000919832085976333,0.0005196000138758662,3
I4210131997,0.0,0.0,0.0,3.211818884300829e-35,273
I4210132153,0.0005230125523012552,2.0,0.0,0.00021377094637660207,0
I4210132175,0.0002615062761506276,1.0,0.0,3.650839195777025e-29,125
I4210132500,0.0010460251046025104,4.0,0.0,0.0006599899943736554,9
I4210132506,0.002353556485355648,9.0,0.0,4.1574620323094427e-07,13
I4210132539,0.0005230125523012552,2.0,0.0,1.3825827141502903e-27,217
I4210132578,0.001830543933054393,7.0,0.0,0.0001943074616261585,14
I4210132596,0.001307531380753138,15.0,0.0,0.0011008662592036976,0
I4210132619,0.001830543933054393,7.0,0.0,5.1108687690887396e-06,14
I4210132651,0.0,0.0,0.0,3.211818884300829e-35,274
I4210132741,0.0041841004184100415,16.0,0.0,0.005601907080782662,3
I4210132813,0.001307531380753138,5.0,0.0,9.52417278980949e-05,79
I4210132817,0.0002615062761506276,1.0,0.0,1.3002317300402131e-05,3
I4210132841,0.004968619246861925,19.0,0.0,0.005360350263997858,3
I4210132906,0.0041841004184100415,16.0,0.0,0.005601907080782662,3
I4210132950,0.01072175732217573,42.0,5.2670633700231035e-06,0.02872265758376025,3
I4210132968,0.0005230125523012552,2.0,0.0,2.932009406077102e-24,216
I4210133016,0.0005230125523012552,2.0,0.0,5.7457651888929924e-05,0
I4210133171,0.0005230125523012552,2.0,0.0,1.1713339651495949e-05,57
I4210133325,0.001830543933054393,7.0,0.0,5.1108687690887396e-06,14
I4210133331,0.002615062761506276,10.0,0.0,0.0005892136006256874,1
I4210133525,0.001307531380753138,5.0,0.0,0.004533621127056012,3
I4210133611,0.0002615062761506276,1.0,0.0,0.00018921009245187126,0
I4210133661,0.0007845188284518827,3.0,0.0,9.30004052055424e-05,0
I4210133678,0.003138075313807531,12.0,0.0,0.00046474542904644374,3
I4210133696,0.0015690376569037654,6.0,0.0,8.122116555123287e-08,2
I4210133769,0.0005230125523012552,2.0,0.0,4.59922972886203e-05,12
I4210133846,0.0020920502092050207,8.0,0.0,0.002130434439665863,14
I4210133866,0.0002615062761506276,1.0,0.0,1.7911458258157063e-06,0
I4210133958,0.0002615062761506276,1.0,0.0,2.1048976240153915e-30,275
I4210133959,0.0010460251046025104,4.0,0.0,0.0008696117967404122,3
I4210133992,0.0002615062761506276,1.0,0.0,9.790610255205377e-08,12
I4210134002,0.001307531380753138,6.0,0.0,0.0008833159315677681,3
I4210134004,0.001307531380753138,5.0,0.0,8.89415467788623e-05,81
I4210134201,0.0007845188284518827,3.0,0.0,1.1000322386067667e-05,9
I4210134249,0.0005230125523012552,2.0,0.0,2.5124516664992966e-10,34
I4210134275,0.0005230125523012552,2.0,0.0,0.0003837572315537306,3
I4210134419,0.0002615062761506276,1.0,0.0,4.090278104163478e-05,3
I4210134505,0.0007845188284518827,3.0,0.0,1.543152984315969e-06,23
I4210134523,0.0002615062761506276,1.0,0.0,4.6790913674449617e-07,3
I4210134579,0.008629707112970711,36.0,8.915245790818327e-06,0.005749462054145055,0
I4210134591,0.0015690376569037654,8.0,0.0009018306944205791,0.0007943303935669175,12
I4210134607,0.0028765690376569035,11.0,0.0,0.004599203986758238,25
I4210134622,0.003138075313807531,12.0,0.0,0.0007166063621171771,81
I4210134769,0.005230125523012552,20.0,0.0,0.001377118398305073,0
I4210134778,0.0007845188284518827,3.0,0.00045105215405106944,3.2690525156819216e-05,34
I4210134795,0.0005230125523012552,2.0,0.00045105215405106944,3.350948194007618e-05,0
I4210134847,0.0002615062761506276,1.0,0.0,1.350747113699382e-05,12
I4210134929,0.003661087866108786,21.0,7.068353440290745e-07,0.012304760846117837,3
I4210135052,0.0010460251046025104,4.0,0.0,0.0006500903497907739,3
I4210135252,0.0041841004184100415,26.0,0.00016296881467651986,0.004717741787606088,0
I4210135439,0.0007845188284518827,3.0,0.0,0.000114024271742,28
I4210135459,0.003138075313807531,13.0,0.0,0.0013821454586976137,0
I4210135483,0.0,0.0,0.0,3.211818884300829e-35,276
I4210135521,0.0007845188284518827,3.0,0.0,0.001001321388377972,3
I4210135640,0.002353556485355648,9.0,0.0,0.0001221767819940756,1
I4210135653,0.0005230125523012552,2.0,0.0,0.0016568916505773066,3
I4210135665,0.0007845188284518827,3.0,0.0,0.0003430004355566249,81
I4210135670,0.0002615062761506276,1.0,0.0,5.730381827394806e-05,14
I4210135679,0.002615062761506276,10.0,0.0,0.005036869753897207,3
I4210135709,0.0005230125523012552,3.0,0.0,2.1773161103364166e-05,3
I4210135742,0.01412133891213389,55.0,9.57533879758096e-06,0.02013970391583505,3
I4210135837,0.0007845188284518827,3.0,0.0,0.00019538154614150716,3
I4210135979,0.0005230125523012552,2.0,0.0,5.3969515667047384e-05,3
I4210135985,0.0041841004184100415,16.0,0.0,0.005601907080782662,3
I4210135988,0.0005230125523012552,2.0,0.0,1.3825827141502903e-27,106
I4210136069,0.0041841004184100415,16.0,0.0,0.0038800758592227934,9
I4210136150,0.001830543933054393,7.0,0.00045105215405106944,5.5729214223749404e-05,14
I4210136246,0.001830543933054393,10.0,1.6973168712749776e-05,0.003977011079672025,3
I4210136301,0.0005230125523012552,2.0,0.0,9.194366547396621e-05,0
I4210136355,0.007322175732217572,28.0,0.0,0.0019194907584731188,14
I4210136376,0.0005230125523012552,2.0,0.0,0.0002348868148820818,0
I4210136380,0.0005230125523012552,2.0,0.0,2.1078812946825085e-06,0
I4210136431,0.0007845188284518827,3.0,0.0,0.0019020994647354103,3
I4210136461,0.004968619246861925,25.0,0.0,0.0017599087727273193,0
I4210136497,0.004707112970711296,24.0,0.0,0.014949743553443402,3
I4210136518,0.0002615062761506276,1.0,0.0,7.040154192103998e-26,43
I4210136791,0.0020920502092050207,8.0,0.0,0.0009727499280449002,57
I4210136793,0.010198744769874476,47.0,0.0015181194536878096,0.0343228149226927,3
I4210136859,0.0010460251046025104,4.0,0.0,0.0013760651312999888,14
I4210136873,0.0007845188284518827,3.0,0.0,1.1000322386067667e-05,9
I4210137002,0.0005230125523012552,4.0,0.0,4.9008466862500444e-24,63
I4210137016,0.0005230125523012552,2.0,0.0,0.0018616307648375826,3
I4210137086,0.0005230125523012552,2.0,0.0,1.3825827141502903e-27,199
I4210137137,0.0005230125523012552,2.0,0.0,0.00033784966998339703,3
I4210137145,0.007322175732217572,28.0,0.0,0.0019194907584731188,14
I4210137148,0.0005230125523012552,2.0,0.0,1.1832076140127151e-08,23
I4210137149,0.0007845188284518827,12.0,0.0,0.0010834445348859092,9
I4210137154,0.0028765690376569035,11.0,0.0,0.0024941626343598644,25
I4210137199,0.006276150627615062,44.0,7.706785363929911e-06,0.033687738349916195,3
I4210137306,0.014644351464435145,91.0,0.0014941245110067485,0.01838158235677276,0
I4210137452,0.0007845188284518827,3.0,0.0,0.00021789797902420748,3
I4210137456,0.0005230125523012552,2.0,0.0,0.0006554488349838542,0
I4210137488,0.0007845188284518827,3.0,0.0,0.00011390997837812987,28
I4210137637,0.006276150627615062,24.0,0.0,0.002393142865956815,81
I4210137674,0.0028765690376569035,11.0,0.0,0.0005880228581931346,9
I4210137750,0.0015690376569037654,6.0,0.0,0.0009920396115831295,0
I4210137756,0.007322175732217572,28.0,0.0,0.0019194907584731188,14
I4210137766,0.0007845188284518827,3.0,0.0,0.002759161189110321,12
I4210137805,0.0015690376569037654,6.0,0.0,0.0018368495090651461,0
I4210137873,0.0010460251046025104,4.0,0.0,3.3671693989848136e-05,14
I4210137965,0.002353556485355648,9.0,0.0,0.0001221767819940756,1
I4210137977,0.0005230125523012552,2.0,0.0,0.0001257563113649283,0
I4210138016,0.001307531380753138,5.0,0.0,0.002347918578986968,3
I4210138066,0.010198744769874476,39.0,0.0,0.003838180700834083,1
I4210138078,0.001307531380753138,5.0,0.0,0.0008451896070763769,3
I4210138083,0.0005230125523012552,2.0,0.0,0.002421558987173696,3
I4210138151,0.0010460251046025104,6.0,0.0,0.00038826683329184667,60
I4210138186,0.004968619246861925,19.0,0.0,0.017684728510872227,3
I4210138251,0.0007845188284518827,3.0,0.0,1.4637357614335306e-06,57
I4210138290,0.0002615062761506276,1.0,0.0,1.8530436174789506e-06,0
I4210138309,0.002615062761506276,20.0,0.0,0.004228425998403973,0
I4210138311,0.0010460251046025104,5.0,2.5607960479969458e-05,0.0001329162816730057,23
I4210138353,0.0028765690376569035,11.0,0.0,0.0004174245095808029,81
I4210138560,0.002353556485355648,9.0,0.0,0.0006511643142344928,14
I4210138624,0.0010460251046025104,4.0,0.0,0.0002920695335809786,57
I4210138704,0.0002615062761506276,1.0,0.0,5.485512891888668e-05,0
I4210138731,0.0005230125523012552,2.0,0.0,1.3825827141502903e-27,118
I4210138739,0.0005230125523012552,2.0,0.0,0.00011294750446237023,28
I4210138804,0.0041841004184100415,16.0,0.0,0.0038800758592227934,9
I4210138879,0.001307531380753138,5.0,0.0,0.0003354347495998722,3
I4210138918,0.0005230125523012552,2.0,0.0,8.678046787237961e-05,0
I4210138955,0.001307531380753138,6.0,4.882668720489158e-05,0.0004869197189045653,0
I4210139061,0.0005230125523012552,2.0,0.0,6.201278032671861e-05,13
I4210139213,0.0005230125523012552,2.0,0.0,3.38623658034003e-27,143
I4210139255,0.0010460251046025104,4.0,0.0,8.06976885856308e-24,216
I4210139292,0.006014644351464434,23.0,0.0,0.00500978083574253,3
I4210139293,0.001307531380753138,5.0,0.0,0.00046508588403571503,16
I4210139352,0.0010460251046025104,4.0,0.0,7.336319277228676e-05,2
I4210139449,0.00653765690376569,25.0,0.0,0.007981802431922496,3
I4210139459,0.0020920502092050207,8.0,0.0,0.0010213296066877858,12
I4210139473,0.0007845188284518827,3.0,0.0,0.0016728981705405974,0
I4210139686,0.00653765690376569,28.0,0.0,0.0035433801708096013,0
I4210139705,0.0,0.0,0.0,3.211818884300829e-35,277
I4210139743,0.0007845188284518827,3.0,0.0,2.916215117219807e-06,16
I4210139777,0.009152719665271966,36.0,0.0001237639371643314,0.00265433635426109,14
I4210140009,0.0005230125523012552,2.0,0.0,2.5866002512497515e-08,13
I4210140114,0.0028765690376569035,13.0,0.0,0.003374809751269772,25
I4210140129,0.0,0.0,0.0,3.211818884300829e-35,278
I4210140215,0.005753138075313807,25.0,2.987546529743779e-06,0.002582345276929861,81
I4210140242,0.0010460251046025104,4.0,0.0,0.005739020818579875,3
I4210140256,0.0020920502092050207,8.0,0.0,0.0009980913137236011,14
I4210140326,0.002615062761506276,10.0,0.0,0.0011914932282989512,1
I4210140341,0.002353556485355648,9.0,0.0,0.0007043156728358856,0
I4210140357,0.00653765690376569,26.0,0.0,0.008380890878047482,3
I4210140554,0.0007845188284518827,3.0,0.0,0.0010736956234583938,81
I4210140646,0.003138075313807531,12.0,0.0,0.00823357358923495,3
I4210140791,0.0005230125523012552,2.0,0.00045105215405106944,1.9035558156330555e-05,0
I4210140868,0.013336820083682007,52.0,0.0011958721726966306,0.00711336860616337,12
I4210140884,0.0005230125523012552,2.0,0.0,1.3825827141502903e-27,86
I4210140943,0.0041841004184100415,16.0,0.0,0.0038800758592227934,9
I4210141030,0.001830543933054393,7.0,0.0,0.0009484327849806815,0
I4210141135,0.002353556485355648,9.0,0.0,0.0010246552063197629,0
I4210141176,0.001830543933054393,7.0,0.0,0.00287346457306728,0
I4210141458,0.0005230125523012552,2.0,0.0,0.0016289586757208343,3
I4210141498,0.001830543933054393,7.0,0.0,0.00023680548680299777,9
I4210141674,0.0041841004184100415,28.0,0.0,0.0026710464203655608,0
I4210141757,0.0002615062761506276,1.0,0.0,2.1048976240153915e-30,219
I4210141776,0.0005230125523012552,2.0,0.0,0.0018841034225465848,3
I4210141792,0.0002615062761506276,1.0,0.0,7.530156270873694e-05,3
I4210141865,0.0005230125523012552,2.0,0.0,0.00012890860214856485,81
I4210141942,0.017259414225941423,72.0,3.207143224566945e-06,0.04665745937572327,25
I4210141964,0.0015690376569037654,6.0,0.0,0.00020448893375933104,14
I4210142098,0.002615062761506276,10.0,0.0,0.0002754588257563373,81
I4210142142,0.0020920502092050207,8.0,0.0,0.0001907517220472448,81
I4210142167,0.0007845188284518827,3.0,0.0,0.0019192266599357519,3
I4210142192,0.0007845188284518827,3.0,0.0,0.0008958803315244411,1
I4210142209,0.0005230125523012552,2.0,0.0,5.693963572229564e-06,81
I4210142311,0.002353556485355648,9.0,0.0,0.00021726955266696587,2
I4210142324,0.0010460251046025104,4.0,0.0,9.749552862222604e-05,81
I4210142372,0.003138075313807531,12.0,0.0,0.0029040507612868548,0
I4210142395,0.0002615062761506276,1.0,0.0,2.1048976240153915e-30,68
I4210142469,0.00993723849372385,38.0,0.0,0.02804854169288171,3
I4210142539,0.0005230125523012552,2.0,0.0,0.0002971171888377468,3
I4210142583,0.001307531380753138,5.0,0.0,0.0032164179337371163,0
I4210142730,0.008891213389121338,55.0,0.00017142537753172347,0.008974150125494134,0
I4210142748,0.0005230125523012552,3.0,0.0,4.900819780040297e-26,111
I4210142757,0.001830543933054393,7.0,0.0,0.00029470148135156085,25
I4210142782,0.001830543933054393,7.0,0.0,0.00017818408587371055,0
I4210142825,0.0010460251046025104,4.0,0.0,4.900846686250047e-24,18
I4210142901,0.0010460251046025104,4.0,0.0,0.00021683266244989724,34
I4210143016,0.0,0.0,0.0,3.211818884300829e-35,279
I4210143253,0.0020920502092050207,8.0,0.0,0.0012817011350530227,0
I4210143260,0.0007845188284518827,3.0,0.0,2.0003891875114232e-25,43
I4210143412,0.0005230125523012552,2.0,0.0,5.795998773711498e-06,0
I4210143430,0.014905857740585773,60.0,0.0,0.040108793522768776,25
I4210143490,0.001830543933054393,7.0,0.0,0.0025614886926688695,3
I4210143528,0.0010460251046025104,4.0,0.0,0.004113791355637198,0
I4210143550,0.003661087866108786,20.0,0.0009594475251607753,0.0003132571945364463,2
I4210143629,0.0,0.0,0.0,3.211818884300829e-35,280
I4210143651,0.0,0.0,0.0,3.211818884300829e-35,281
I4210143826,0.0010460251046025104,4.0,0.0,0.00014013407225490232,14
I4210143921,0.0007845188284518827,3.0,0.0,1.379465706874727e-25,27
I4210143937,0.0,0.0,0.0,3.211818884300829e-35,282
I4210144005,0.010198744769874476,39.0,0.0,0.003838180700834083,1
I4210144008,0.0005230125523012552,2.0,0.0,0.00023311461435074704,14
I4210144013,0.0007845188284518827,3.0,0.0,0.0018449860117482977,0
I4210144143,0.0005230125523012552,2.0,0.0,7.466775746510019e-07,225
I4210144214,0.0002615062761506276,1.0,0.0,5.351762295130619e-05,3
I4210144394,0.005753138075313807,22.0,0.0,0.0036916109682128434,9
I4210144482,0.016997907949790794,73.0,2.1908095474879645e-06,0.04738696122889849,25
I4210144487,0.0033995815899581588,13.0,0.0,0.0009404440198038625,28
I4210144507,0.0002615062761506276,1.0,0.0,0.0015480131655298988,3
I4210144531,0.0007845188284518827,3.0,0.0,5.773272348425023e-05,9
I4210144566,0.002353556485355648,9.0,0.0,0.00012845371508740772,1
I4210144662,0.001307531380753138,5.0,0.0,0.003373878439223727,3
I4210144715,0.003661087866108786,14.0,0.0,4.271858613634598e-05,9
I4210144746,0.0015690376569037654,6.0,0.0,0.0066402845133165635,3
I4210144834,0.001307531380753138,5.0,0.0,0.0003354347495998722,3
I4210144839,0.003922594142259414,17.0,0.0016548432331714462,0.005659797623884332,79
I4210144876,0.0005230125523012552,2.0,0.0,0.0002703124293828947,14
I4210144925,0.0005230125523012552,2.0,0.0,6.449285318352956e-07,9
I4210144997,0.002615062761506276,11.0,0.0,0.0015804668259670846,0
I4210145005,0.0007845188284518827,3.0,0.0,1.0865306586570068e-05,81
I4210145126,0.0005230125523012552,2.0,0.0,1.3825827141502903e-27,59
I4210145184,0.0002615062761506276,2.0,0.0,0.0007163480203544486,25
I4210145263,0.0005230125523012552,2.0,0.0,0.0008518258077035965,3
I4210145268,0.0020920502092050207,8.0,0.0,0.0008594565613375913,0
I4210145292,0.004707112970711296,19.0,0.0,0.006923827950866614,3
I4210145324,0.0010460251046025104,4.0,0.0,0.00012904569975068762,14
I4210145365,0.0002615062761506276,1.0,0.0,2.1048976240153915e-30,283
I4210145386,0.0015690376569037654,6.0,0.0,0.0024125166101790644,79
I4210145463,0.001830543933054393,7.0,0.0,0.00029470148135156085,25
I4210145500,0.0,0.0,0.0,3.211818884300829e-35,284
I4210145534,0.003661087866108786,14.0,0.0,4.271858613634598e-05,9
I4210145679,0.0028765690376569035,11.0,0.0,0.0004174245095808029,81
I4210145693,0.0054916317991631795,22.0,2.3655146469383575e-06,0.003302534387999143,3
I4210145724,0.0010460251046025104,4.0,0.0,2.0121889528570947e-07,81
I4210145761,0.007845188284518828,47.0,0.003846953639992253,0.02961427980209369,3
I4210145784,0.003138075313807531,12.0,0.0,0.00034613097749542775,79
I4210145812,0.001830543933054393,7.0,0.0,0.0036350702326070545,0
I4210145825,0.0002615062761506276,1.0,0.0,1.1279153153605053e-05,3
I4210145878,0.0002615062761506276,2.0,0.0,8.710082964573193e-05,81
I4210145969,0.0007845188284518827,3.0,0.0,0.0004646840152542381,14
I4210146155,0.002353556485355648,9.0,0.0,0.0034859219532434385,0
I4210146168,0.001307531380753138,5.0,0.0,0.001007466749752922,3
I4210146298,0.0005230125523012552,2.0,0.0,0.00025891955985561606,3
I4210146352,0.0007845188284518827,3.0,0.0,1.379465706874727e-25,128
I4210146357,0.007322175732217572,28.0,0.0,0.0019194907584731188,14
I4210146391,0.001307531380753138,5.0,0.0,0.00011135377235371274,0
I4210146410,0.02039748953974895,88.0,0.0005054328732610482,0.012256452569328202,1
I4210146436,0.0005230125523012552,2.0,0.0,9.004542128490011e-05,3
I4210146588,0.001307531380753138,5.0,0.0,0.0002875711760273088,9
I4210146682,0.0002615062761506276,1.0,0.0,2.1048976240153915e-30,107
I4210146710,0.009152719665271966,46.0,0.0006980685869618691,0.003178366430214738,0
I4210146711,0.015428870292887028,64.0,9.483270557510707e-06,0.025966335472688208,3
I4210146741,0.0151673640167364,58.0,2.9139857086101852e-05,0.03412641838393735,25
I4210146936,0.0033995815899581588,14.0,0.00045105215405106944,0.010877972852757715,3
I4210146956,0.001830543933054393,14.0,0.0,0.0051044723881169445,3
I4210146979,0.0,0.0,0.0,3.211818884300829e-35,285
I4210147079,0.001830543933054393,7.0,0.0,0.0009484327849806815,0
I4210147114,0.0002615062761506276,1.0,0.0,0.0002800277314679718,3
I4210147129,0.001830543933054393,7.0,0.0,0.00017818408587371055,0
I4210147279,0.002353556485355648,9.0,0.0,4.1574620323094427e-07,13
I4210147348,0.003138075313807531,13.0,0.0,0.0008078271537764744,0
I4210147381,0.002615062761506276,11.0,0.0,0.003954816788893083,1
I4210147433,0.014905857740585773,61.0,8.650745162342892e-05,0.01986929572988422,3
I4210147504,0.0002615062761506276,1.0,0.0,2.1048976240153915e-30,85
I4210147556,0.0010460251046025104,4.0,0.0,1.9736769848700466e-05,0
I4210147617,0.002353556485355648,13.0,8.208410446789252e-08,0.0024695821275261005,14
I4210147807,0.001307531380753138,5.0,0.0,0.0016253003493877376,1
I4210147811,0.0007845188284518827,3.0,0.0,0.001321551058614767,3
I4210147888,0.0010460251046025104,4.0,0.0,0.0008696117967404122,3
I4210147894,0.004968619246861925,19.0,0.0,0.017684728510872227,3
I4210148060,0.0005230125523012552,2.0,0.0,1.3825827141502903e-27,265
I4210148107,0.001307531380753138,5.0,0.0,0.0023042715473041704,3
I4210148151,0.0002615062761506276,1.0,0.0,2.1048976240153915e-30,113
I4210148186,0.0010460251046025104,4.0,0.0,0.00024562803872348407,9
I4210148197,0.0,0.0,0.0,3.211818884300829e-35,286
I4210148293,0.001307531380753138,5.0,0.0,4.672863950685081e-05,81
I4210148371,0.007060669456066945,35.0,1.3938891064494108e-05,0.004026525195082889,14
I4210148436,0.0002615062761506276,1.0,0.0,2.1048976240153915e-30,165
I4210148536,0.0007845188284518827,3.0,0.0,0.0034197653033875126,3
I4210148693,0.002615062761506276,10.0,0.0018029773546372593,0.00021384936298173097,0
I4210148790,0.001307531380753138,5.0,1.5048752485780297e-06,0.0019295774019139301,0
I4210148805,0.0002615062761506276,1.0,0.0,2.1048976240153915e-30,234
I4210148827,0.0002615062761506276,1.0,0.0,1.29068019029158e-05,0
I4210148914,0.001307531380753138,5.0,0.0,0.0022788149500092823,3
I4210148941,0.0002615062761506276,1.0,0.0,1.502398792268343e-05,0
I4210148970,0.0002615062761506276,2.0,0.0,3.6463006960692557e-06,0
I4210149000,0.0020920502092050207,8.0,0.0,0.0008594565613375913,0
I4210149092,0.0015690376569037654,6.0,0.0,0.0003875907395345233,1
I4210149102,0.0010460251046025104,4.0,6.840342038991044e-08,0.0009012008318508256,3
I4210149165,0.0,0.0,0.0,3.211818884300829e-35,287
I4210149211,0.001830543933054393,8.0,0.0,0.005215497731769606,3
I4210149261,0.0,0.0,0.0,3.211818884300829e-35,288
I4210149412,0.0002615062761506276,1.0,0.0,0.0001032182940357046,3
I4210149427,0.006014644351464434,23.0,0.0,0.00500978083574253,3
I4210149554,0.0010460251046025104,4.0,0.0,3.3439712252932304e-23,206
I4210149706,0.0007845188284518827,3.0,0.0,8.657222970389712e-06,79
I4210149858,0.0010460251046025104,4.0,0.0,0.0004676757989635859,0
I4210149908,0.0005230125523012552,2.0,0.0,1.912729031650969e-23,206
I4210149920,0.005230125523012552,20.0,0.0,0.0005740663052478989,14
I4210149944,0.0028765690376569035,11.0,0.0,0.00012033817746779643,2
I4210149973,0.0005230125523012552,2.0,0.0,9.147913113890816e-05,28
I4210150114,0.0005230125523012552,2.0,0.0,1.3825827141502903e-27,119
I4210150261,0.001830543933054393,8.0,0.0,0.003930540316905118,3
I4210150290,0.0007845188284518827,3.0,0.0,0.000731461244793494,3
I4210150323,0.0007845188284518827,4.0,0.0,1.2486554369645553e-24,104
I4210150362,0.002615062761506276,10.0,0.0,0.0002754588257563373,81
I4210150413,0.0010460251046025104,4.0,0.0,4.900846686250047e-24,33
I4210150574,0.01961297071129707,103.0,7.076947617926285e-05,0.06578577883213606,25
I4210150657,0.001830543933054393,7.0,0.0,0.0018946160925783894,3
I4210150693,0.002615062761506276,10.0,0.0,0.012106374457934065,3
I4210150840,0.0007845188284518827,3.0,0.0,0.000621582258394553,3
I4210150921,0.0010460251046025104,4.0,0.0,0.0012085411946677596,0
I4210150980,0.0041841004184100415,18.0,0.0,0.004134956474106468,0
I4210151058,0.001307531380753138,5.0,0.0,0.00010013209855321742,16
I4210151091,0.005753138075313807,22.0,0.0,0.0005542264007887955,9
I4210151100,0.001307531380753138,5.0,0.0,0.0003456999361833041,14
I4210151178,0.0010460251046025104,4.0,0.0,0.00038181843942268424,60
I4210151194,0.007322175732217572,28.0,0.0,0.001271746343023617,14
I4210151278,0.001830543933054393,7.0,0.0,5.1108687690887396e-06,14
I4210151290,0.002615062761506276,12.0,0.0004125064713189113,2.916319197995671e-06,23
I4210151352,0.0002615062761506276,1.0,0.0,5.9204075702427025e-05,0
I4210151365,0.0007845188284518827,3.0,0.0,1.379465706874727e-25,231
I4210151378,0.0,0.0,0.0,3.211818884300829e-35,289
I4210151406,0.002353556485355648,9.0,0.0,0.00014206477170924567,81
I4210151437,0.0020920502092050207,8.0,0.0,0.0002751122231853428,16
I4210151627,0.0015690376569037654,6.0,1.1833791727454501e-05,0.0005644077928060568,12
I4210151670,0.001830543933054393,7.0,0.0,0.0021582871954509315,12
I4210151703,0.001307531380753138,5.0,0.0,0.002673472438251356,3
I4210151723,0.0007845188284518827,3.0,0.0,0.0002625186574623772,12
I4210151799,0.0005230125523012552,2.0,0.0,6.7396615082592376e-06,14
I4210151833,0.0010460251046025104,4.0,0.0,7.830229322581927e-05,14
I4210151861,0.0020920502092050207,8.0,0.0,0.0002458499470918229,3
I4210151929,0.0002615062761506276,1.0,0.0,1.8308673695999562e-05,57
I4210151956,0.0010460251046025104,4.0,0.0,1.9736769848700466e-05,0
I4210152024,0.007322175732217572,28.0,0.0,0.001271746343023617,14
I4210152119,0.0033995815899581588,14.0,4.902245127943582e-07,0.007074355198565697,3
I4210152134,0.0007845188284518827,3.0,0.0,1.7848332223009677e-09,19
I4210152224,0.0002615062761506276,1.0,0.0,2.203577441864942e-06,12
I4210152252,0.0007845188284518827,3.0,0.0,1.379465706874727e-25,231
I4210152282,0.01307531380753138,50.0,0.0,0.033388490704873645,25
I4210152380,0.007845188284518828,40.0,6.570832562654797e-05,0.016195859755159792,3
I4210152414,0.0005230125523012552,2.0,0.0,7.624389070048663e-07,0
I4210152422,0.001307531380753138,5.0,0.0,6.731631701977087e-07,1
I4210152428,0.0,0.0,0.0,3.211818884300829e-35,290
I4210152443,0.0010460251046025104,4.0,0.0,0.0004333580654866574,1
I4210152448,0.0010460251046025104,4.0,0.0,0.0006028227823129199,1
I4210152471,0.0,0.0,0.0,3.211818884300829e-35,291
I4210152596,0.001307531380753138,5.0,0.0,2.19858225878852e-05,28
I4210152629,0.0002615062761506276,1.0,0.0,0.00020103795029414168,0
I4210152641,0.001307531380753138,5.0,0.0,0.00024166219578699037,12
I4210152658,0.0005230125523012552,2.0,0.0,1.3825827141502903e-27,292
I4210152724,0.001307531380753138,5.0,0.0,0.00016242743006459007,81
I4210152758,0.0028765690376569035,12.0,8.208410446789252e-07,0.004055021505322283,3
I4210152873,0.0,0.0,0.0,3.211818884300829e-35,293
I4210152875,0.0005230125523012552,2.0,0.0,1.3825827141502903e-27,62
I4210152878,0.001307531380753138,5.0,0.0,0.0024919673335218498,3
I4210153043,0.007322175732217572,28.0,0.0,0.0019194907584731188,14
I4210153139,0.005753138075313807,22.0,0.0,0.0005542264007887955,9
I4210153212,0.001307531380753138,5.0,0.0,0.0013381163860785447,25
I4210153274,0.005753138075313807,32.0,9.94958842035061e-08,0.029400257794056174,3
I4210153371,0.0020920502092050207,8.0,0.0,0.0021304344396658632,14
I4210153426,0.0007845188284518827,3.0,0.0,0.0002504400603915483,3
I4210153468,0.001307531380753138,6.0,0.0,0.0005310335637971344,0
I4210153474,0.0007845188284518827,4.0,0.0,1.8371872015011138e-06,0
I4210153482,0.0002615062761506276,1.0,0.0,2.1048976240153915e-30,267
I4210153519,0.001307531380753138,5.0,0.0,0.001968710414122019,3
I4210153546,0.0007845188284518827,3.0,0.0,0.00022870494284842825,0
I4210153550,0.021182008368200837,101.0,9.007210389342541e-06,0.06787592569132565,25
I4210153608,0.0010460251046025104,4.0,0.0,8.06976885856308e-24,216
I4210153668,0.0010460251046025104,4.0,0.0,0.0044895510869482225,3
I4210153682,0.0015690376569037654,6.0,0.0,0.003627144122677136,3
I4210153755,0.002615062761506276,13.0,6.302886593070318e-06,0.00027079729950240614,0
I4210153757,0.0010460251046025104,4.0,0.0,4.900846686250047e-24,65
I4210153776,0.0020920502092050207,8.0,9.348467453287759e-06,0.0032018743670861423,14
I4210153792,0.0033995815899581588,14.0,1.8309315524366023e-06,0.0014961685649552052,0
I4210153856,0.004707112970711296,21.0,4.332216624694328e-07,0.0034460094442836198,0
I4210153924,0.0005230125523012552,2.0,0.0,6.139601719280269e-09,79
I4210153930,0.003138075313807531,12.0,0.0,0.0018292830160263733,3
I4210153980,0.0007845188284518827,3.0,0.0,4.3510598787328506e-05,13
I4210154111,0.001830543933054393,7.0,0.0018025669341149198,2.3394657277734074e-05,81
I4210154164,0.0005230125523012552,2.0,0.0,1.3825827141502903e-27,248
I4210154337,0.0005230125523012552,2.0,0.0,2.2144726517459393e-06,81
I4210154338,0.0005230125523012552,2.0,0.0,0.0006480128183596406,3
I4210154361,0.004968619246861925,21.0,0.0,0.008699917781841914,3
I4210154376,0.0020920502092050207,8.0,0.0,3.2123839346221016e-05,81
I4210154454,0.001830543933054393,14.0,0.0,0.0051044723881169445,3
I4210154480,0.0002615062761506276,1.0,0.0,0.0006734496724033199,3
I4210154593,0.002615062761506276,10.0,0.0,0.0015006790730548007,3
I4210154783,0.0010460251046025104,4.0,0.0,0.0002150162421029936,12
I4210154877,0.0005230125523012552,2.0,0.0,0.0003378078361733907,12
I4210154929,0.01307531380753138,50.0,0.0,0.033388490704873645,25
I4210155029,0.001307531380753138,5.0,0.0,9.060894075455345e-23,129
I4210155055,0.01307531380753138,50.0,0.0,0.033388490704873645,25
I4210155085,0.0002615062761506276,1.0,0.0,2.1048976240153915e-30,253
I4210155088,0.0002615062761506276,1.0,0.0,2.1048976240153915e-30,120
I4210155103,0.0002615062761506276,1.0,0.0,2.1048976240153915e-30,275
I4210155113,0.0007845188284518827,3.0,0.0,0.00019936471302251993,3
I4210155236,0.0005230125523012552,2.0,0.0,6.449285318352956e-07,9
I4210155268,0.0054916317991631795,21.0,0.0003344309454745959,0.008831769459727698,3
I4210155350,0.002615062761506276,11.0,1.3680684077982087e-07,0.004273218822038175,3
I4210155419,0.008106694560669455,36.0,2.7806316119071876e-05,0.004396104694119157,0
I4210155582,0.0015690376569037654,6.0,0.0,0.00011546161108098837,81
I4210155611,0.001307531380753138,5.0,0.0,0.003437940784051822,3
I4210155647,0.0005230125523012552,2.0,0.0,5.738184049554288e-05,81
I4210155659,0.0002615062761506276,1.0,0.0,1.045536203367022e-06,79
I4210155796,0.0010460251046025104,4.0,0.0,0.002787746362493431,3
I4210155890,0.0005230125523012552,2.0,0.0,7.1380652757988675e-09,79
I4210155966,0.001307531380753138,5.0,0.0,4.672863950685081e-05,81
I4210156034,0.0005230125523012552,2.0,0.0,0.00033784966998339703,3
I4210156054,0.0002615062761506276,1.0,0.0,3.5425362015084293e-06,34
I4210156066,0.0007845188284518827,3.0,0.0,0.0007498677426274401,3
I4210156165,0.0020920502092050207,9.0,2.052102611697313e-07,0.007366361999168254,3
I4210156171,0.001830543933054393,7.0,0.0,4.136312599452999e-05,14
I4210156205,0.0010460251046025104,5.0,0.0,4.9109057640817345e-06,81
I4210156221,0.0005230125523012552,2.0,0.0,0.00014044043430615775,79
I4210156404,0.006276150627615062,35.0,1.3680684077982087e-07,0.029078158854108922,3
I4210156423,0.0005230125523012552,2.0,0.0,0.002421558987173696,3
I4210156450,0.01412133891213389,80.0,8.184237935389025e-05,0.005650780283131231,14
I4210156545,0.008891213389121338,35.0,5.533836709543755e-06,0.010871972163097283,3
I4210156583,0.0010460251046025104,4.0,2.3941197136468654e-06,0.0002272279795400743,81
I4210156707,0.007322175732217572,28.0,0.0,0.0019194907584731188,14
I4210156784,0.0005230125523012552,2.0,0.0,0.00044395416411579955,0
I4210156804,0.0067991631799163175,26.0,1.9152957709174923e-06,0.007405615631946465,3
I4210156893,0.0,0.0,0.0,3.211818884300829e-35,294
I4210156904,0.001830543933054393,12.0,0.0,0.0037268141633230657,3
I4210157063,0.0002615062761506276,1.0,0.0,2.1048976240153915e-30,123
I4210157065,0.002615062761506276,10.0,0.0,0.0002754588257563373,81
I4210157113,0.0010460251046025104,4.0,0.0,0.003103723000936436,3
I4210157222,0.0015690376569037654,6.0,0.0,0.0011153420225814893,9
I4210157308,0.0007845188284518827,3.0,0.0,2.794045161831039e-05,2
I4210157323,0.0015690376569037654,6.0,0.0,0.004496361478096585,3
I4210157366,0.0005230125523012552,2.0,0.0,0.00025891955985561606,3
I4210157574,0.005230125523012552,20.0,0.0,0.0005740663052478989,14
I4210157642,0.001830543933054393,7.0,0.00045105215405106944,0.0024126843793924667,79
I4210157653,0.0010460251046025104,4.0,0.0,0.0008696117967404122,3
I4210157781,0.003138075313807531,12.0,0.0,0.0013265465237413876,0
I4210157972,0.0002615062761506276,1.0,0.0,2.965552223656746e-05,3
I4210158168,0.0005230125523012552,2.0,0.0,6.524878928139626e-05,16
I4210158289,0.001307531380753138,5.0,0.0,1.78144699046442e-05,28
I4210158314,0.0010460251046025104,4.0,0.0,0.0003773394600528023,0
I4210158318,0.008368200836820083,32.0,1.4045502320061608e-05,0.009671662325973942,3
I4210158385,0.002615062761506276,11.0,2.9738459869468303e-05,0.000259202417207952,25
I4210158445,0.005230125523012552,22.0,1.8240912103976115e-07,0.018527805898658878,3
I4210158522,0.0007845188284518827,3.0,0.0,0.00035988043553634145,3
I4210158593,0.004707112970711296,23.0,0.0,0.006068151766458595,0
I4210158702,0.001307531380753138,5.0,0.0,0.00024166219578699037,12
I4210158774,0.004968619246861925,19.0,0.0,0.005360350263997858,3
I4210158808,0.0005230125523012552,2.0,0.0,0.0001537314986951828,14
I4210158823,0.001307531380753138,5.0,0.0,0.002347918578986968,3
I4210158926,0.010198744769874476,46.0,2.3731100916699637e-06,0.027514952456168085,3
I4210159029,0.0002615062761506276,1.0,0.0,0.0019187556175262893,3
I4210159031,0.004707112970711296,20.0,5.618200928024643e-06,0.004148014436236347,81
I4210159047,0.0005230125523012552,2.0,0.0,7.279045234776811e-08,57
I4210159102,0.0041841004184100415,18.0,1.3680684077982087e-07,0.015188718485156415,3
I4210159154,0.0,0.0,0.0,3.211818884300829e-35,295
I4210159266,0.0002615062761506276,1.0,0.0,0.0004338745948021469,0
I4210159412,0.0007845188284518827,3.0,0.0,0.00014142987508124476,79
I4210159638,0.0010460251046025104,4.0,0.0,6.831412524865763e-05,12
I4210159750,0.0010460251046025104,4.0,0.0,0.00011354818570996384,3
I4210159755,0.001307531380753138,5.0,0.0,0.000111505266488875,2
I4210159778,0.001830543933054393,7.0,0.0,0.00042433559494235837,0
I4210159835,0.004445606694560669,21.0,3.908766879423453e-08,0.019825495940656798,3
I4210159865,0.008106694560669455,35.0,3.648182420795223e-06,0.007636458091882685,3
I4210159875,0.002615062761506276,10.0,0.0,0.0019744763700778128,0
I4210159876,0.0005230125523012552,2.0,0.0,0.0009690431861931213,3
I4210159893,0.0020920502092050207,8.0,0.0,3.2123839346221016e-05,81
I4210159918,0.0,0.0,0.0,3.211818884300829e-35,296
I4210159968,0.003661087866108786,15.0,0.00045105215405106944,0.01436264353935036,3
I4210160071,0.0002615062761506276,1.0,0.0,2.0694745394786637e-05,81
I4210160144,0.001830543933054393,9.0,2.052102611697313e-07,0.0005041609853135257,0
I4210160189,0.001307531380753138,5.0,0.0,6.731631701977087e-07,1
I4210160211,0.0005230125523012552,2.0,0.0,0.0010447979309236286,3
I4210160315,0.0010460251046025104,4.0,0.0,0.0007964496465860656,0
I4210160384,0.0007845188284518827,3.0,0.0,1.7142536073529408e-05,13
I4210160450,0.010198744769874476,39.0,0.0,0.003838180700834083,1
I4210160507,0.0007845188284518827,3.0,0.0,0.00020318540554723798,0
I4210160527,0.0020920502092050207,8.0,0.0,0.0013922894076536527,0
I4210160609,0.001830543933054393,7.0,0.0,0.00029648336548270595,0
I4210160618,0.002615062761506276,11.0,1.3680684077982087e-07,0.008232148673556717,3
I4210160625,0.001830543933054393,13.0,1.430934408442269e-06,0.0008441176381437688,14
I4210160695,0.004968619246861925,19.0,0.0,0.005360350263997858,3
I4210160756,0.006014644351464434,23.0,0.0,0.00500978083574253,3
I4210160773,0.001830543933054393,7.0,0.0,0.0011152354646911974,0
I4210160793,0.004445606694560669,18.0,1.513995704630018e-06,0.011651137502771037,3
I4210160821,0.01621338912133891,62.0,1.5895711200062647e-05,0.03492771665151823,25
I4210160844,0.0007845188284518827,3.0,0.0,0.002316872682232535,3
I4210160892,0.0010460251046025104,4.0,0.0,1.9736769848700466e-05,0
I4210160977,0.0010460251046025104,4.0,0.0,7.605963703133556e-05,9
I4210161003,0.0002615062761506276,1.0,0.0,7.53283101561583e-05,3
I4210161026,0.004968619246861925,19.0,0.0,0.0013408263806257469,0
I4210161052,0.0010460251046025104,5.0,0.0,0.0007076233511591646,23
I4210161109,0.0028765690376569035,11.0,0.0,0.004599203986758238,25
I4210161116,0.0002615062761506276,1.0,0.0,0.00011200116483021189,28
I4210161239,0.001830543933054393,7.0,0.0,0.0001943074616261585,14
I4210161255,0.003922594142259414,15.0,3.828604585337945e-05,0.0005151934530092037,3
I4210161256,0.0020920502092050207,8.0,0.0,0.0006995231694139416,9
I4210161351,0.0007845188284518827,3.0,0.0,0.002759161189110321,12
I4210161460,0.001830543933054393,8.0,0.0,0.0011647890989997759,0
I4210161462,0.002353556485355648,11.0,2.4169208537768358e-06,0.0022891165314855907,3
I4210161496,0.001307531380753138,6.0,0.0,0.0040556368817520495,3
I4210161528,0.008106694560669455,33.0,5.066413336879366e-06,0.006456839186097942,3
I4210161616,0.0020920502092050207,8.0,0.0,0.0002458499470918229,3
I4210161720,0.0002615062761506276,1.0,0.0,1.4392002167299915e-06,57
I4210161752,0.0005230125523012552,2.0,0.0,0.001966690567114983,3
I4210161759,0.0002615062761506276,1.0,0.0,2.5498565341517904e-06,0
I4210161771,0.0007845188284518827,3.0,0.0,0.0001490076340839821,0
I4210161945,0.0005230125523012552,2.0,0.0,0.0003065372123689408,14
I4210161994,0.007322175732217572,35.0,2.4119513745177397e-07,0.0067347167409397765,0
I4210162009,0.001307531380753138,5.0,0.0,0.001577174663541716,3
I4210162014,0.0010460251046025104,5.0,0.0,4.9109057640817345e-06,81
I4210162037,0.0007845188284518827,3.0,0.0,4.9364058408915495e-06,14
I4210162051,0.017782426778242676,95.0,0.0005869572247092337,0.006280959752211434,14
I4210162071,0.0028765690376569035,11.0,0.0,0.0016476780577103043,0
I4210162154,0.0002615062761506276,1.0,0.0,2.3729444351076373e-05,12
I4210162178,0.0007845188284518827,3.0,0.0,1.4637357614335306e-06,57
I4210162189,0.001830543933054393,9.0,0.0,0.003740481749145485,1
I4210162190,0.003922594142259414,15.0,0.002677882182678357,0.0030322854558810963,3
I4210162215,0.0015690376569037654,6.0,0.0,0.0015075934918017966,3
I4210162240,0.0007845188284518827,3.0,0.0,3.254466629723222e-05,79
I4210162351,0.0007845188284518827,3.0,0.0,6.78403292739387e-06,28
I4210162405,0.0005230125523012552,2.0,0.0,1.9195025205030698e-05,0
I4210162439,0.0028765690376569035,11.0,0.0005728490042833309,4.327724569377084e-05,23
I4210162648,0.0007845188284518827,3.0,0.0,0.0013391702747131684,3
I4210162753,0.0007845188284518827,3.0,0.0,0.0015891036492904948,3
I4210162809,0.0010460251046025104,4.0,0.0,0.0009279625246103408,3
I4210162994,0.0002615062761506276,1.0,0.0,4.038308205875603e-05,3
I4210163047,0.003661087866108786,14.0,0.0,4.271858613634598e-05,9
I4210163050,0.0007845188284518827,3.0,0.0,0.000271274886554497,0
I4210163063,0.0007845188284518827,3.0,0.0,6.442232353081619e-10,57
I4210163239,0.0002615062761506276,1.0,0.0,0.00014143084291373036,0
I4210163363,0.0,0.0,0.0,3.211818884300829e-35,297
I4210163399,0.00653765690376569,35.0,0.0013524351169927327,0.02940644541431495,3
I4210163477,0.0002615062761506276,1.0,0.0,6.29620985114025e-05,12
I4210163497,0.0054916317991631795,21.0,0.0,0.012453561867482515,25
I4210163538,0.001307531380753138,5.0,0.0,0.0001260305429902419,14
I4210163549,0.002353556485355648,9.0,0.0,0.0005047966248409776,0
I4210163771,0.002353556485355648,9.0,0.0,0.002796738811262978,0
I4210163794,0.001307531380753138,5.0,0.0,2.6369450113579028e-06,23
I4210163796,0.0041841004184100415,16.0,0.0,0.005601907080782662,3
I4210163837,0.0020920502092050207,8.0,0.0,0.0012817011350530227,0
I4210164000,0.0007845188284518827,3.0,0.0,0.0006402154763337138,3
I4210164113,0.002615062761506276,10.0,0.0,0.0013347601154052272,0
I4210164117,0.0007845188284518827,3.0,0.0,0.0004804200196645368,79
I4210164140,0.0010460251046025104,4.0,0.0,4.900846686250047e-24,33
I4210164150,0.0028765690376569035,14.0,0.00045105215405106944,0.00613435684985573,3
I4210164246,0.003138075313807531,12.0,0.0,0.00046474542904644374,3
I4210164289,0.0015690376569037654,6.0,0.0,7.963896099673027e-05,1
I4210164339,0.007845188284518828,30.0,0.0044308332386977485,0.010275703926193216,0
I4210164395,0.0020920502092050207,8.0,0.0,0.0008594565613375913,0
I4210164424,0.0010460251046025104,4.0,0.0,9.276758723569063e-06,32
I4210164447,0.0007845188284518827,3.0,0.0,0.0024252603219759427,3
I4210164449,0.0002615062761506276,1.0,0.0,0.00023488410599604032,3
I4210164523,0.002615062761506276,10.0,0.0,0.0002754588257563373,81
I4210164607,0.0005230125523012552,2.0,0.0,0.0004941900275267434,25
I4210164624,0.0007845188284518827,3.0,0.0,0.00126503576250972,25
I4210164738,0.003138075313807531,12.0,0.0,0.00034613097749542775,79
I4210164802,0.008368200836820083,48.0,0.0007399354334251793,0.005440256746338635,0
I4210164828,0.0005230125523012552,2.0,0.0,1.1357563230679365e-05,3
I4210164862,0.022489539748953975,98.0,0.007835522613750557,0.023013438000151935,0
I4210164937,0.015428870292887028,78.0,0.005050327978274259,0.03270507939697778,0
I4210165024,0.002353556485355648,9.0,0.0,0.004894456850466473,3
I4210165038,0.028504184100418408,163.0,0.005983521037017297,0.10124313818453921,3
I4210165075,0.0005230125523012552,2.0,0.0,6.264819088584335e-05,3
I4210165092,0.01307531380753138,50.0,0.0,0.033388490704873645,25
I4210165198,0.0020920502092050207,8.0,0.0,0.007280968240735988,3
I4210165204,0.0020920502092050207,8.0,1.6123663377621742e-06,0.0035308816770792998,3
I4210165216,0.001307531380753138,5.0,0.0,2.1051322116964204e-05,25
I4210165303,0.0005230125523012552,2.0,0.0,3.082037304918739e-06,1
I4210165321,0.0002615062761506276,1.0,0.0,1.9381004955635005e-24,87
I4210165339,0.0005230125523012552,2.0,0.0,0.0016676971795120232,81
I4210165376,0.0,0.0,0.0,3.211818884300829e-35,298
I4210165441,0.004968619246861925,19.0,0.0,0.005360350263997857,3
I4210165456,0.002353556485355648,9.0,0.0,0.0046101687958954715,3
I4210165529,0.001830543933054393,7.0,0.0,9.776867497828538e-05,23
I4210165678,0.0020920502092050207,8.0,0.0,0.00286015225335231,3
I4210165738,0.0,0.0,0.0,3.211818884300829e-35,299
I4210165778,0.0020920502092050207,8.0,0.0,0.00286015225335231,3
I4210165815,0.004968619246861925,19.0,0.0,0.005360350263997857,3
I4210165875,0.01072175732217573,41.0,0.0,0.006955386027812776,12
I4210165985,0.0033995815899581588,13.0,0.0,0.0022374136485260993,0
I4210166036,0.001307531380753138,5.0,0.0,0.0002431756558450967,0
I4210166055,0.0007845188284518827,3.0,0.0,0.0004273343271599751,3
I4210166112,0.0002615062761506276,1.0,0.0,0.0003360902570166859,3
I4210166161,0.001307531380753138,5.0,0.0,9.271097433153017e-06,2
I4210166223,0.0005230125523012552,2.0,0.0,0.0006123601620609456,79
I4210166253,0.005753138075313807,22.0,0.0,0.0005542264007887955,9
I4210166360,0.001830543933054393,7.0,0.0,0.00029470148135156085,25
I4210166402,0.0005230125523012552,2.0,0.0,1.3825827141502903e-27,106
I4210166444,0.0041841004184100415,18.0,1.2859843033303161e-05,0.00027483991224525295,1
I4210166576,0.003661087866108786,15.0,0.0,0.010064452519815616,3
I4210166615,0.0015690376569037654,6.0,0.0,5.60669855739002e-05,81
I4210166639,0.0002615062761506276,1.0,0.0,5.9343882479106745e-06,9
I4210166688,0.0007845188284518827,3.0,0.0,0.00044868519620944246,0
I4210166741,0.0010460251046025104,4.0,0.0009018306944205791,1.036119676361333e-05,57
I4210166795,0.0002615062761506276,1.0,0.0,1.5835434556467816e-07,79
I4210166862,0.0005230125523012552,2.0,0.0,1.2769056730254777e-05,13
I4210166865,0.0007845188284518827,3.0,0.0,0.00021691771954002802,9
I4210166946,0.0010460251046025104,4.0,0.0,0.001334490430232802,0
I4210167034,0.0005230125523012552,2.0,0.0,1.3825827141502903e-27,126
I4210167039,0.0010460251046025104,4.0,1.0260513058486566e-06,9.09510586445944e-05,23
I4210167045,0.0005230125523012552,2.0,0.0,1.1357563230679365e-05,3
I4210167048,0.0007845188284518827,3.0,0.0,7.901087534677889e-08,32
I4210167079,0.003922594142259414,17.0,1.4296314861491282e-05,0.007383802467697835,3
I4210167126,0.001830543933054393,7.0,0.0,0.0003669118462396564,0
I4210167196,0.0005230125523012552,2.0,0.0,2.7767436190535518e-05,12
I4210167216,0.0010460251046025104,4.0,0.0,0.0004449162882940166,3
I4210167254,0.001307531380753138,5.0,0.0,0.0029626886822094857,79
I4210167295,0.003138075313807531,12.0,0.0,0.00823357358923495,3
I4210167297,0.0002615062761506276,1.0,0.0,8.798023292994227e-06,14
I4210167432,0.001307531380753138,5.0,0.0,0.0009246092397307981,57
I42134832,0.0005230125523012552,2.0,0.0,1.3825827141502903e-27,141
I42317466,0.0002615062761506276,1.0,0.0,2.1048976240153915e-30,300
I42405503,0.001307531380753138,5.0,0.0,2.19858225878852e-05,28
I42766147,0.0002615062761506276,1.0,0.0,6.154923381900528e-05,3
I42894916,0.007845188284518828,44.0,0.0015243434049052873,0.010086266756512472,16
I42934936,0.011506276150627614,44.0,6.898493715991752e-05,0.007335266152000284,12
I43313876,0.0067991631799163175,27.0,0.0019219123360526363,0.005311764290436379,3
I43337087,0.0007845188284518827,3.0,0.0,0.0018326332893841594,3
I43369023,0.0,0.0,0.0,3.211818884300829e-35,301
I43406934,0.0005230125523012552,2.0,0.0,0.00011391110248546586,14
I43439940,0.014382845188284518,55.0,0.006174390551663253,0.005391304369507601,81
I43522216,0.01072175732217573,41.0,0.0,0.006955386027812776,12
I43545212,0.0015690376569037654,6.0,0.0,0.00015108538780691413,9
I43566213,0.0002615062761506276,1.0,0.0,2.1048976240153915e-30,135
I43729321,0.004968619246861925,27.0,0.0030845707240411933,9.716797294966566e-05,23
I4385474403,0.0005230125523012552,2.0,0.0,0.0004751043489585365,3
I4387152242,0.001307531380753138,5.0,0.0,0.0004749234304164095,28
I4387152454,0.0005230125523012552,2.0,0.0,1.3825827141502903e-27,292
I4387152666,0.0010460251046025104,4.0,0.0,1.2222948476337183e-06,81
I4387152949,0.005230125523012552,20.0,0.0,0.0035411400001527397,0
I4387152970,0.0002615062761506276,1.0,0.0,3.6240802891041274e-07,23
I4387152971,0.001307531380753138,5.0,0.0,0.0004623457569239901,79
I4387152983,0.001830543933054393,7.0,0.0,0.00023903683186569819,28
I4387153298,0.0020920502092050207,8.0,0.0,8.949325244482414e-05,2
I4387153335,0.0015690376569037654,8.0,0.0,0.003872598613297522,3
I4387153466,0.00993723849372385,44.0,6.123447049090343e-05,0.003095130391817968,0
I4387153495,0.0007845188284518827,3.0,0.0,2.91048681925518e-07,14
I4387153539,0.0007845188284518827,3.0,0.0,2.338795906940328e-05,81
I4387153646,0.0010460251046025104,4.0,0.0,0.0035836178291722785,3
I4387153672,0.0,0.0,0.0,3.211818884300829e-35,302
I4387153999,0.0007845188284518827,3.0,0.0,0.00022870494284842825,0
I4387154005,0.0015690376569037654,6.0,0.0,0.005374914340912849,3
I4387154071,0.0002615062761506276,1.0,0.0,2.1048976240153915e-30,303
I4387154394,0.0007845188284518827,3.0,0.0,1.379465706874727e-25,49
I4387154453,0.001830543933054393,7.0,0.0,7.607060530349826e-05,16
I4387154481,0.01307531380753138,50.0,0.0,0.033388490704873645,25
I4387154989,0.01072175732217573,41.0,1.3712605674164046e-05,0.004039500049037874,1
I4387155264,0.0005230125523012552,2.0,0.0,4.59922972886203e-05,12
I4387155567,0.0007845188284518827,3.0,0.0,0.00034240215875662824,3
I4387155719,0.0002615062761506276,1.0,0.0,2.1818945475122778e-05,0
I4387155932,0.001307531380753138,5.0,0.0,0.0003070295011696933,0
I4387156115,0.0010460251046025104,4.0,0.0,0.0009388177724791797,3
I4387930215,0.004445606694560669,18.0,0.00010598425955212718,0.0009292452247228527,0
I4387930256,0.0002615062761506276,1.0,0.0,7.78716930979616e-06,0
I4388482656,0.0007845188284518827,3.0,0.0,0.0004038281004448522,1
I4388482657,0.012290794979079497,49.0,1.4426281360232114e-05,0.029645746725362812,3
I4388891891,0.007060669456066945,31.0,5.586279331842686e-07,0.004967799711029445,0
I4389425385,0.0005230125523012552,6.0,0.0,0.00010413476447605943,81
I4389425387,0.0028765690376569035,11.0,0.0,0.0007515120036159811,81
I4390039265,0.0028765690376569035,12.0,5.472273631192835e-07,0.006653379979501017,3
I4390039274,0.004445606694560669,22.0,0.0,0.0033607713206661046,0
I4391012567,0.0005230125523012552,2.0,0.0,0.0013694540158901759,3
I4391012619,0.024843096234309622,153.0,0.006540927890182624,0.12098561302387549,3
I4391012626,0.0007845188284518827,3.0,0.0,2.9930437655379195e-05,23
I4391767778,0.0002615062761506276,1.0,0.0,0.0016750127953165138,3
I4391767838,0.0002615062761506276,1.0,0.0,2.940934416594567e-05,3
I4391767888,0.0010460251046025104,4.0,0.0,0.0027854834092800236,3
I4391767962,0.008368200836820083,39.0,3.7499147604850048e-06,0.003261057821290201,14
I4391768043,0.0007845188284518827,3.0,0.0,0.0005803934791905927,3
I4391768120,0.0020920502092050207,8.0,0.0,0.0012513949022040136,0
I4391768151,0.0005230125523012552,2.0,0.0,0.00033760220193662513,12
I4391768205,0.0005230125523012552,2.0,0.0,0.0004621330219064053,3
I4392021244,0.001307531380753138,5.0,0.0,9.060894075455345e-23,129
I4392021250,0.0002615062761506276,1.0,0.0,0.0007336301177362748,3
I43922553,0.0028765690376569035,11.0,0.00018319424029823668,0.004615608347269426,3
I4392738059,0.002353556485355648,9.0,0.0,0.0005047966248409776,0
I4392738113,0.0005230125523012552,2.0,0.0,0.0006166957593700688,3
I4392738278,0.0005230125523012552,2.0,0.0,0.0014193682204958354,0
I4392738314,0.0005230125523012552,2.0,0.0,0.0001745793279331966,3
I4394709130,0.002615062761506276,10.0,0.0,0.0019744763700778128,0
I4394709157,0.001830543933054393,7.0,0.0,0.0064484397253882384,3
I4394709246,0.003138075313807531,17.0,5.068071601616091e-06,1.3198248143344204e-05,23
I4396570521,0.004968619246861925,20.0,2.188909452477134e-06,0.001169759027130411,28
I43980791,0.0002615062761506276,1.0,0.0,2.1048976240153915e-30,215
I4399598389,0.0002615062761506276,1.0,0.0,2.1048976240153915e-30,205
I4400573169,0.0010460251046025104,4.0,0.0,7.197614092527759e-24,87
I4400573270,0.0002615062761506276,1.0,0.0,5.805254410477468e-06,3
I4400573303,0.003138075313807531,12.0,0.0,0.0007810807202109951,0
I4400573310,0.0015690376569037654,7.0,2.052102611697313e-07,0.0018983935461543884,3
I4400600923,0.0010460251046025104,4.0,0.0,1.7561186727596869e-06,79
I4400600977,0.0007845188284518827,3.0,0.0,1.379465706874727e-25,154
I4401200389,0.00993723849372385,38.0,0.0,0.02804854169288171,3
I4401726783,0.002353556485355648,10.0,0.0,0.0010861688989270506,3
I4401726785,0.0020920502092050207,10.0,1.3680684077982087e-07,0.0018333408829407773,0
I4401726805,0.0007845188284518827,3.0,0.0,0.0006574851533826944,3
I4401726811,0.005230125523012552,20.0,0.0,0.0005740663052478989,14
I4401726824,0.0002615062761506276,1.0,0.0,0.0013439958609409504,3
I4401726859,0.0033995815899581588,14.0,0.0,0.01410291700654602,3
I4401726909,0.007322175732217572,28.0,0.0,0.001271746343023617,14
I4401726915,0.0005230125523012552,2.0,0.0,0.0025940733344890507,0
I4402554026,0.0010460251046025104,4.0,0.0,3.148194163294309e-05,57
I4402554030,0.001307531380753138,5.0,0.0,0.001577174663541716,3
I4402554038,0.001307531380753138,6.0,0.0,0.0005310335637971344,0
I4402554120,0.0002615062761506276,1.0,0.0,0.00018872982245986906,9
I4402554155,0.0020920502092050207,8.0,0.0,0.00016790111994848157,12
I4403386503,0.0020920502092050207,8.0,0.0,0.00016790111994848157,12
I4403386549,0.007845188284518828,33.0,2.432881651867814e-06,0.00559392567610042,9
I4403386660,0.0005230125523012552,2.0,0.0,9.004542128490011e-05,3
I4405260628,0.0007845188284518827,3.0,0.0,0.0003756441607937141,1
I4405392,0.0002615062761506276,1.0,0.0,8.957123872589669e-05,14
I44260953,0.0007845188284518827,3.0,0.0004528306429812071,1.8923121726184093e-05,28
I4432739,0.008629707112970711,33.0,0.0005010698306793733,0.0026189505547227323,81
I44461941,0.003138075313807531,13.0,0.0003943364268744251,0.007216668871169326,3
I44468530,0.0005230125523012552,3.0,0.0,0.00017095492128477792,3
I44635919,0.0007845188284518827,3.0,0.0,2.0003891875114232e-25,43
I44675526,0.0010460251046025104,4.0,1.3680684077982087e-07,0.001891891292634933,3
I44677085,0.0005230125523012552,2.0,0.0,3.1761041367767525e-05,17
I4472751,0.0005230125523012552,2.0,0.0,1.3825827141502903e-27,263
I44829897,0.0005230125523012552,2.0,0.0,0.00028251993214225456,3
I45084792,0.008891213389121338,34.0,0.000529912177304584,0.001132909881467947,9
I45129253,0.06249999999999999,302.0,0.03813676441229855,0.1031539460611171,25
I45204951,0.004445606694560669,17.0,0.002252524633439751,0.013136664763677058,3
I4528857,0.0007845188284518827,3.0,0.0,0.00011256254544889976,16
I45294948,0.0005230125523012552,2.0,0.0,2.60641783002498e-07,9
I45438204,0.0002615062761506276,1.0,0.0,5.930846858307218e-07,9
I45643870,0.002353556485355648,9.0,0.0,0.0007412750742241442,0
I45683168,0.0,0.0,0.0,3.211818884300829e-35,304
I45711476,0.0020920502092050207,8.0,1.9586179371644354e-05,6.910278035466014e-06,2
I4575257,0.0028765690376569035,17.0,1.3782746324278144e-06,0.00030423595429205025,2
I4576418,0.0010460251046025104,4.0,0.0009019675012613591,9.609407450710608e-05,0
I4577782,0.004707112970711296,18.0,0.0002768902053963185,0.0054359291911698845,16
I45928872,0.008629707112970711,43.0,0.00022201176987035953,0.03191149969737742,3
I45998257,0.0007845188284518827,3.0,0.0,1.5529238556322402e-06,23
I46017,0.0007845188284518827,3.0,0.0,2.0003891875114227e-25,94
I4610292,0.0005230125523012552,2.0,0.0,1.1285438547703199e-05,0
I46247651,0.0,0.0,0.0,3.211818884300829e-35,305
I4626487,0.0007845188284518827,3.0,0.0,9.671292221457781e-07,23
I46305939,0.001307531380753138,5.0,0.0,2.1051322116964204e-05,25
I46597724,0.0020920502092050207,8.0,0.0013560897251893827,9.017419309432518e-05,0
I4665924,0.006276150627615062,24.0,0.0,0.002393142865956815,81
I4693391,0.0002615062761506276,1.0,0.0,2.1048976240153915e-30,139
I47164929,0.0,0.0,0.0,3.211818884300829e-35,306
I47251452,0.01072175732217573,47.0,0.0018733017809537424,0.019106531123552366,3
I47301684,0.0002615062761506276,1.0,0.0,2.1048976240153915e-30,307
I47508984,0.02092050209205021,91.0,0.004647935936345533,0.04169906032369151,3
I47519274,0.004707112970711296,19.0,0.00017778058044006452,0.0005276998035164755,25
I47686490,0.001307531380753138,5.0,0.0,6.0809660077296776e-05,57
I47689461,0.001830543933054393,7.0,0.0,0.003438848045243219,3
I47720641,0.04497907949790795,236.0,0.010428473723810557,0.16049858597539304,3
I47818738,0.0020920502092050207,8.0,0.0018044297872635384,3.8585028474300524e-05,13
I47881588,0.0007845188284518827,3.0,0.0,7.824917640939057e-06,16
I47996466,0.01307531380753138,50.0,0.0,0.033388490704873645,25
I4800084,0.0028765690376569035,11.0,0.001353361672414378,0.0012756734223243137,81
I48168531,0.0010460251046025104,5.0,0.0,0.000904709926285928,3
I48430043,0.010983263598326359,44.0,4.550118965064081e-05,0.0039501348782469544,1
I48633490,0.015428870292887028,79.0,2.572863530530568e-05,0.01496539652420553,0
I48780066,0.0015690376569037654,6.0,1.5048752485780297e-06,0.0003237319235416853,16
I4880106,0.0002615062761506276,1.0,0.0,6.154923381900528e-05,3
I48840829,0.0,0.0,0.0,3.211818884300829e-35,308
I48890080,0.0005230125523012552,2.0,0.0,0.00034151445880321424,3
I48912391,0.0005230125523012552,2.0,0.0,1.3825827141502903e-27,248
I4921948,0.006276150627615062,24.0,0.0018029773546372593,0.003928557311515932,0
I49231182,0.01072175732217573,41.0,0.0,0.006955386027812776,12
I49232843,0.0007845188284518827,3.0,0.0,0.0020643644406711527,3
I49828101,0.0020920502092050207,11.0,4.384333516419976e-05,9.649038104102127e-05,79
I49835588,0.010460251046025104,43.0,0.0012148767762978515,0.013064791000772884,3
I49934816,0.002615062761506276,10.0,9.223061182572922e-06,0.0015430898652901046,3
I50180762,0.0002615062761506276,1.0,0.0,0.0001693787101691431,3
I5023651,0.01072175732217573,61.0,0.0020510417072201227,0.006545169243309379,0
I50357001,0.0,0.0,0.0,3.211818884300829e-35,309
I50632499,0.0005230125523012552,3.0,0.00045105215405106944,0.0013469937860708587,3
I50760025,0.0054916317991631795,24.0,0.0008529619879717361,0.007140147416669016,3
I51158804,0.002615062761506276,10.0,7.257644359987912e-05,0.00015286455493329927,16
I51195161,0.0007845188284518827,3.0,1.3680684077982087e-07,0.00017954019141481453,13
I51209816,0.0,0.0,0.0,3.211818884300829e-35,310
I51216347,0.0010460251046025104,4.0,0.0,5.90233926113597e-05,23
I5124864,0.021966527196652718,90.0,0.0008679238375906142,0.01441719139038748,1
I51504820,0.0005230125523012552,2.0,0.0,0.00044395416411579955,0
I51532219,0.0010460251046025104,4.0,0.0,1.9061261408939818e-07,13
I51556381,0.0075836820083682,30.0,0.0015138934252300047,0.007065921691408055,0
I51569856,0.0010460251046025104,4.0,0.0,4.900846686250047e-24,18
I51601045,0.0015690376569037654,6.0,0.0,0.0006804640086980762,13
I51622183,0.0015690376569037654,6.0,1.2312615670183878e-06,0.0018190039324985665,14
I51629411,0.0010460251046025104,4.0,0.0,0.0005391897326348192,3
I51713134,0.0054916317991631795,31.0,3.061737096652392e-05,0.003578548580737341,0
I51826884,0.0002615062761506276,1.0,0.0,2.1048976240153915e-30,300
I51969498,0.0002615062761506276,1.0,0.0,2.1048976240153915e-30,222
I52010207,0.002615062761506276,10.0,0.0,0.00032750226298147126,2
I52066220,0.0010460251046025104,4.0,0.0,8.06976885856308e-24,216
I52158045,0.012552301255230124,50.0,0.0004558723150745452,0.03237852706619132,3
I52179390,0.0007845188284518827,3.0,0.0,0.00013729082410987936,12
I52207611,0.0010460251046025104,4.0,0.0,3.018752405607464e-05,23
I52357470,0.028765690376569036,115.0,0.0010722361651095377,0.04641742763694676,25
I5237613,0.0015690376569037654,6.0,0.0,0.00013299956099412086,9
I52407163,0.0002615062761506276,1.0,0.0,2.1048976240153915e-30,303
I52590639,0.001307531380753138,5.0,0.0,0.00046355553407141165,3
I52710748,0.010198744769874476,39.0,0.0,0.0038381807008340835,1
I52719799,0.0002615062761506276,1.0,0.0,2.806701282906947e-07,0
I530967,0.001830543933054393,7.0,1.344740176376923e-05,0.000603494242892266,9
I53411278,0.0007845188284518827,3.0,0.0,5.4726861145913764e-05,3
I5343935,0.002615062761506276,10.0,0.0009018306944205791,0.0010214728847680495,12
I53592917,0.0,0.0,0.0,3.211818884300829e-35,311
I53620714,0.0015690376569037654,7.0,0.0016918187563516385,0.00028821390368979276,79
I5388228,0.0054916317991631795,25.0,0.0,0.012789216582783999,1
I53964585,0.001307531380753138,5.0,0.0,0.0008966351944266254,0
I54001450,0.0,0.0,0.0,3.211818884300829e-35,312
I5400463,0.0002615062761506276,1.0,0.0,5.573897708841209e-07,9
I54009628,0.012029288702928869,49.0,1.6594506921305646e-05,0.004390906718206985,1
I54515432,0.0,0.0,0.0,3.211818884300829e-35,313
I55016150,0.0007845188284518827,3.0,0.0018025669341149198,8.678655648035876e-05,0
I55106644,0.0010460251046025104,5.0,0.0,0.00013120773011739468,14
I55143463,0.003138075313807531,13.0,0.001847695256649482,0.00017177781494440739,57
I5518804,0.0015690376569037654,6.0,0.0,0.0008438850884306888,0
I55202024,0.002353556485355648,9.0,0.0,3.211818884300827e-19,102
I55240360,0.0041841004184100415,16.0,0.0008600136551231115,0.0008331786654885509,0
I55283087,0.0002615062761506276,1.0,0.0,2.5456895148921518e-05,13
I55285296,0.002615062761506276,10.0,0.0,0.00046209872855004585,23
I55302922,0.0007845188284518827,3.0,3.5673740944060246e-05,1.6425148965075775e-05,81
I55383850,0.0010460251046025104,8.0,0.0,2.0786419481430332e-05,2
I55464072,0.0007845188284518827,3.0,0.0,1.8219253244903284e-06,0
I55521800,0.0020920502092050207,8.0,0.0,0.0011468029986636174,81
I55538621,0.0002615062761506276,1.0,0.0,0.0016750127953165138,3
I5561750,0.0005230125523012552,2.0,0.0,0.0001681108971241973,81
I55654194,0.0,0.0,0.0,3.211818884300829e-35,314
I55712492,0.00993723849372385,42.0,5.8669613668426184e-05,0.014861311852187331,3
I55732556,0.014382845188284518,55.0,0.000481298843625195,0.005416535480286513,9
I55769427,0.004707112970711296,18.0,1.2654632772133431e-06,0.002420454691303918,0
I55884533,0.0020920502092050207,8.0,0.0,0.0010279380461757394,0
I55913730,0.0007845188284518827,3.0,0.0,2.338795906940328e-05,81
I55921689,0.001307531380753138,5.0,0.0,0.0005369020101777753,14
I55952717,0.0002615062761506276,1.0,0.0,9.10887112930376e-05,3
I56007636,0.0020920502092050207,8.0,0.0018025669341149198,0.0005664959454523879,81
I56085075,0.0,0.0,0.0,3.211818884300829e-35,315
I56303344,0.0010460251046025104,4.0,0.0,4.900846686250047e-24,83
I56306041,0.003661087866108786,14.0,0.00048332032756300317,0.0015527390455280393,3
I56409017,0.0002615062761506276,1.0,0.0,2.53018381539086e-07,23
I56590836,0.030073221757322174,140.0,0.016257639116098132,0.03709999352727317,3
I56624758,0.0,0.0,0.0,3.211818884300829e-35,316
I56722557,0.005230125523012552,20.0,0.0,0.0005740663052478989,14
I5681781,0.0075836820083682,31.0,0.0008361246489080439,0.008864604088460775,0
I56934997,0.002615062761506276,10.0,4.788239427293731e-07,0.002025887978148,3
I57093077,0.002615062761506276,10.0,0.0004594657747590284,0.00036271283699560884,16
I57201433,0.0010460251046025104,4.0,3.0029101551170684e-05,0.0004870910714120658,57
I57206974,0.028504184100418408,135.0,0.012270806165928539,0.02399557910570089,0
I5740404,0.0020920502092050207,8.0,2.8729436563762385e-06,0.0008436426811671825,3
I57496824,0.0,0.0,0.0,3.211818884300829e-35,317
I57629906,0.0005230125523012552,2.0,0.0,1.5356481967836508e-06,12
I57664883,0.0054916317991631795,23.0,0.00019606340738867201,0.0008868305349093323,2
I58028834,0.0005230125523012552,2.0,0.0,1.3825827141502903e-27,292
I58077936,0.0020920502092050207,8.0,0.0009020131035416189,0.0003653720116144447,14
I58200834,0.03138075313807531,157.0,0.006635025036899509,0.07080415462287436,3
I5847235,0.0002615062761506276,1.0,0.0,2.1048976240153915e-30,137
I58610484,0.009675732217573221,40.0,3.258315497630063e-05,0.016708136364500657,0
I58716616,0.0007845188284518827,3.0,0.0,3.701853838910568e-05,23
I58918642,0.001307531380753138,5.0,0.0013523356211085293,7.542835181486028e-08,57
I58956616,0.009675732217573221,42.0,0.001623826563351704,0.007587006475003472,0
I58995867,0.0,0.0,0.0,3.211818884300829e-35,318
I59028336,0.0041841004184100415,16.0,0.0,0.0038800758592227934,9
I59028903,0.004445606694560669,20.0,0.0013577414457027722,0.008995764909826991,3
I59179055,0.0,0.0,0.0,3.211818884300829e-35,319
I59225215,0.0005230125523012552,2.0,0.0,4.585331968908318e-09,23
I592451,0.006014644351464434,24.0,0.0,0.004085762508511239,9
I59270414,0.0020920502092050207,8.0,0.0009089446501411299,0.0006857731752462125,0
I59361560,0.0005230125523012552,2.0,0.0,1.412331858732531e-06,9
I5936373,0.002353556485355648,9.0,0.0,2.9983669744342424e-05,57
I59433898,0.0020920502092050207,8.0,1.1628581466284774e-06,0.0020415868892340204,14
I59553526,0.009152719665271966,35.0,0.001284826148535753,0.007402932733247613,12
I59649739,0.0005230125523012552,2.0,0.0,4.597128584782473e-05,3
I59738393,0.0007845188284518827,3.0,0.0,2.91048681925518e-07,14
I59805279,0.0010460251046025104,4.0,1.710085509747761e-06,8.492895521037462e-05,16
I60053951,0.0054916317991631795,21.0,0.0011137730620931863,0.0016121360746741116,12
I60158472,0.003922594142259414,16.0,0.0002435902605522567,0.0008544039626735121,13
I60200437,0.0010460251046025104,4.0,0.0,0.0018971833475781147,3
I60205797,0.0033995815899581588,13.0,0.0,0.0012319961497132788,14
I6026837,0.001307531380753138,5.0,0.0,0.00011381472169837125,15
I60342839,0.004707112970711296,18.0,0.0036588009117537513,4.663092947062704e-05,79
I60488453,0.002353556485355648,9.0,0.0,0.0011318738554828658,16
I60559429,0.0010460251046025104,4.0,0.0,1.197670497527213e-06,28
I6059380,0.0015690376569037654,6.0,0.0,0.0009198369760408499,16
I60668342,0.0002615062761506276,1.0,0.0,9.301060657383197e-05,14
I60733029,0.0010460251046025104,4.0,0.0,0.0005244242319102924,3
I60858718,0.0005230125523012552,2.0,0.0,1.3825827141502903e-27,158
I60922564,0.002353556485355648,10.0,0.0006642747358624719,0.0029556713449125265,9
I61372060,0.0007845188284518827,3.0,0.0,2.916215117219807e-06,16
I6141010,0.0033995815899581588,13.0,0.0,0.0005432380077553186,14
I61565387,0.0028765690376569035,12.0,1.0039341999225856e-05,0.001373488012682857,3
I61600748,0.0010460251046025104,8.0,0.0,2.0786419481430332e-05,2
I61822063,0.0005230125523012552,2.0,0.0,1.3825827141502903e-27,86
I61923386,0.0028765690376569035,11.0,0.0,0.0024941626343598644,25
I62318514,0.001830543933054393,9.0,0.0001126421924700786,0.0006215913797554352,79
I62396329,0.0005230125523012552,2.0,0.0,1.3825827141502903e-27,251
I62853816,0.001830543933054393,7.0,2.7361368155964175e-07,0.004346172438932913,3
I6289922,0.0002615062761506276,1.0,0.0,2.1048976240153915e-30,320
I62916508,0.0549163179916318,266.0,0.0725663369249121,0.03201178871226301,14
I62921916,0.003138075313807531,13.0,0.0027024823327645815,0.00033296250852086795,7
I63072094,0.001830543933054393,7.0,2.8729436563762385e-06,0.001029369276386202,28
I63098007,0.0002615062761506276,1.0,0.0,0.00035422209892567425,25
I63135867,0.0007845188284518827,3.0,0.0,0.00077953223023382,3
I63169043,0.0015690376569037654,6.0,5.50647534138779e-06,8.14089761525543e-05,16
I63190737,0.006276150627615062,24.0,0.00033766123834822755,0.004739364917116204,9
I63354593,0.0007845188284518827,3.0,0.0,0.0001930433093132699,0
I63548447,0.0010460251046025104,4.0,0.0,0.00010484314164955569,81
I63562232,0.0002615062761506276,1.0,0.0,8.428088146595483e-06,2
I63586086,0.001830543933054393,7.0,6.156307835091939e-07,0.0016551959369396217,2
I63601056,0.0007845188284518827,3.0,0.0,2.9930437655379195e-05,23
I63634437,0.01072175732217573,41.0,0.0,0.006955386027812776,12
I63772739,0.0005230125523012552,2.0,0.0,1.6844328516680028e-06,17
I63797719,0.0,0.0,0.0,3.211818884300829e-35,321
I63843962,0.0020920502092050207,8.0,0.0,2.2548479156791055e-05,14
I63966007,0.04628661087866109,226.0,0.07733076492428594,0.05178523499019131,0
I64175962,0.0005230125523012552,2.0,0.0,0.0025940922333569,1
I64427410,0.0005230125523012552,2.0,0.0,1.1718294193228639e-07,23
I64449678,0.0010460251046025104,4.0,1.869693490657552e-06,0.0012006289881279829,3
I64492213,0.0007845188284518827,3.0,0.0,1.379465706874727e-25,89
I6469544,0.013336820083682007,62.0,0.0018940017861501166,0.02067258674247281,3
I64767286,0.0005230125523012552,2.0,0.0,5.854363454112738e-06,9
I64852412,0.0,0.0,0.0,3.211818884300829e-35,322
I64952554,0.002353556485355648,9.0,0.0,3.211818884300827e-19,102
I6498739,0.0010460251046025104,4.0,0.0,0.0004333580654866574,1
I6507939,0.0002615062761506276,1.0,0.0,0.0007336301177362748,3
I65181880,0.0002615062761506276,1.0,0.0,2.1048976240153915e-30,55
I65446980,0.001307531380753138,5.0,0.0,1.8520432836985178e-06,25
I65453921,0.0,0.0,0.0,3.211818884300829e-35,323
I65481309,0.0005230125523012552,2.0,0.0,8.444136051173772e-08,23
I65837984,0.001830543933054393,7.0,0.0,0.00023903683186569819,28
I6593398,0.003661087866108786,14.0,0.0004522834156180878,0.004821106339562976,3
I6645349,0.0005230125523012552,2.0,0.0,8.626323235087939e-06,12
I66513531,0.0010460251046025104,4.0,0.0,5.971750412020956e-05,79
I66514158,0.0010460251046025104,4.0,0.0,4.900846686250047e-24,83
I66752286,0.0067991631799163175,26.0,5.127487819370358e-05,0.0037597987918411278,9
I66862912,0.0054916317991631795,22.0,0.00031588157206421415,0.0018079148719036468,0
I66867065,0.028765690376569036,130.0,0.0061474102121603395,0.05669920898704947,12
I66943878,0.0041841004184100415,17.0,0.0007772416372963121,0.0006693853844124492,13
I66946132,0.015690376569037656,66.0,0.0036380915176962973,0.010880768138170642,0
I67063127,0.001307531380753138,5.0,0.0,1.1953614507627715e-22,67
I67080706,0.0005230125523012552,2.0,0.0,1.8595000506907034e-26,146
I67357951,0.001307531380753138,5.0,1.2141607119209103e-05,4.764950382691976e-06,79
I67415387,0.002615062761506276,10.0,2.508125414296716e-07,0.004277468827144774,3
I67636235,0.0005230125523012552,2.0,0.0,5.724507241549927e-05,9
I68106152,0.0005230125523012552,2.0,0.0,0.00021377094637660207,0
I68522396,0.0005230125523012552,2.0,0.0,3.728244952131145e-05,14
I686019,0.003138075313807531,12.0,0.0015224100675329307,0.0021329638947232823,0
I68618741,0.0,0.0,0.0,3.211818884300829e-35,324
I68891433,0.0002615062761506276,1.0,0.0,1.0316434627681241e-05,1
I68947357,0.002615062761506276,18.0,6.545773023883386e-06,0.0009602345194264127,14
I68986083,0.001307531380753138,5.0,0.001352609234790089,0.0003422480722302111,103
I6902469,0.0010460251046025104,4.0,0.0,0.0003254026643568568,0
I69356397,0.003138075313807531,13.0,0.0003695967095896177,0.005316598135402684,3
I69737025,0.0002615062761506276,1.0,0.0,1.3373445747683815e-06,81
I69740276,0.001830543933054393,7.0,0.0,0.00023903683186569819,28
I69768126,0.0020920502092050207,8.0,0.0,0.0001907517220472448,81
I70349855,0.0007845188284518827,3.0,0.0,1.379465706874727e-25,154
I70451448,0.002615062761506276,10.0,0.0,0.0003172939575067576,16
I70522481,0.003138075313807531,14.0,0.000349516927269608,6.494003511284781e-05,25
I70640408,0.002353556485355648,9.0,0.0018029773546372593,0.0001113852810919743,0
I70768539,0.0010460251046025104,4.0,0.0,0.0019363927316390461,57
I70900168,0.002353556485355648,9.0,0.0,0.0001221767819940756,1
I70931966,0.01621338912133891,84.0,0.0035413742257579717,0.011758759499366079,0
I70971781,0.0007845188284518827,3.0,0.0,2.0003891875114232e-25,43
I70983195,0.0015690376569037654,7.0,8.63752889109763e-05,0.00032843443672999376,0
I71209653,0.0,0.0,0.0,3.211818884300829e-35,325
I71267560,0.00653765690376569,25.0,0.0019474907173112918,7.621768622137931e-05,9
I71270174,0.004445606694560669,17.0,0.0,0.0028967519743703044,9
I71395657,0.0010460251046025104,4.0,0.0,5.971750412020956e-05,79
I71422933,0.0007845188284518827,3.0,0.0,1.7142536073529408e-05,13
I71459812,0.0005230125523012552,2.0,0.0,5.724507241549927e-05,9
I71637028,0.001307531380753138,5.0,0.0,4.6728639506850806e-05,81
I71920554,0.010198744769874476,41.0,0.002273673993832591,0.011749388809258089,81
I71999127,0.003138075313807531,12.0,0.0012777693782720612,0.0013870947913749748,14
I72090969,0.0002615062761506276,1.0,0.0,2.2539078848729072e-05,3
I72139825,0.0005230125523012552,2.0,0.0,5.70001340917862e-05,12
I72227227,0.003138075313807531,12.0,0.0009018306944205791,0.0013349478858429343,0
I72264486,0.0010460251046025104,4.0,0.0,3.018752405607464e-05,23
I72352591,0.002615062761506276,10.0,0.0,0.0003172939575067576,16
I72509657,0.001307531380753138,15.0,0.0,0.0011008662592036976,0
I72565114,0.001830543933054393,7.0,0.0005055549136491718,0.00011390302857484099,23
I72816309,0.0054916317991631795,21.0,0.0034526906912974603,0.0011312287908785106,57
I72951846,0.004445606694560669,17.0,2.4822298337205364e-05,0.005923873083770396,79
I73142707,0.0015690376569037654,6.0,3.609420482574273e-05,1.9114915386939487e-05,57
I73613424,0.0002615062761506276,1.0,0.0,1.4683585405202184e-06,28
I73683852,0.0005230125523012552,2.0,0.0,7.010783549388821e-05,0
I73779912,0.0005230125523012552,2.0,0.0,3.386236580340029e-27,8
I73898932,0.001307531380753138,5.0,0.0,8.691474777352398e-07,23
I74319210,0.0033995815899581588,13.0,0.00010596667010116983,0.00010949276749448012,23
I74413500,0.0005230125523012552,2.0,0.0,0.0017168374482754427,3
I74525822,0.0010460251046025104,4.0,0.0,0.0017711158949592436,3
I74656192,0.0033995815899581588,13.0,4.595949812197649e-06,0.0007852737183983007,0
I746986,0.0020920502092050207,10.0,0.0,0.002497892187587222,3
I74775410,0.003922594142259414,15.0,2.006500331437373e-06,0.0033489909196385116,0
I74788687,0.0,0.0,0.0,3.211818884300829e-35,326
I74796645,0.0020920502092050207,10.0,0.0027053324752808277,0.0003621181897045485,13
I74801974,0.017259414225941423,73.0,0.011065631991555063,0.013370406227173535,28
I74872605,0.0015690376569037654,6.0,0.0,0.004635006426711632,3
I74885063,0.0020920502092050207,8.0,0.0009018306944205791,1.000072703280386e-05,23
I74899385,0.001830543933054393,7.0,2.493076661810936e-05,0.00040116599229074565,28
I7495430,0.002615062761506276,10.0,0.0007534222392371989,0.007944025677773664,3
I74973139,0.035041841004184095,167.0,0.01336345985364784,0.03996486308504425,12
I75027704,0.0054916317991631795,21.0,0.000416343172776651,0.00596575905474666,79
I75059550,0.0010460251046025104,4.0,0.0,0.0011318735618329751,3
I75092371,0.0,0.0,0.0,3.211818884300829e-35,327
I75124487,0.0,0.0,0.0,3.211818884300829e-35,328
I75357094,0.0005230125523012552,2.0,0.00045105215405106944,6.652709865194726e-05,9
I75381157,0.0,0.0,0.0,3.211818884300829e-35,329
I75390827,0.0010460251046025104,4.0,3.19215961819582e-07,0.00046095801385868967,3
I75420490,0.0010460251046025104,4.0,4.104205223394626e-07,0.0002869185185563771,9
I75535952,0.0002615062761506276,1.0,0.0,2.1048976240153915e-30,224
I75689368,0.006276150627615062,24.0,0.0022533454744844295,0.006777778915582096,9
I75867142,0.001307531380753138,5.0,5.579258835005686e-05,0.0005612976347158193,13
I75900474,0.0007845188284518827,3.0,0.0,0.0010045858942076716,3
I75917431,0.003138075313807531,12.0,2.87398599421075e-05,0.0002934637346747124,16
I75951250,0.008368200836820083,37.0,0.00018997057210354395,0.0036555372110035136,14
I75955062,0.0002615062761506276,1.0,0.0,2.1048976240153915e-30,259
I76130692,0.04680962343096234,248.0,0.03076581121056968,0.0998216909980655,3
I76134821,0.0075836820083682,29.0,0.0014197145102685998,0.002797609810204655,0
I76198965,0.01307531380753138,53.0,0.00041444412367226555,0.004441071955359786,1
I76214153,0.0028765690376569035,11.0,0.0,0.008203791037266452,3
I76442945,0.0002615062761506276,1.0,0.0,2.3310438834153266e-05,0
I76569877,0.016736401673640166,75.0,0.0023037705216124313,0.03343988769111008,3
I76571253,0.0020920502092050207,8.0,1.9602140169735332e-05,0.0008048966067446478,2
I76587968,0.0002615062761506276,1.0,0.0,9.028730059174767e-05,0
I76766440,0.0010460251046025104,5.0,0.0,0.0009644627351084928,0
I76777374,0.0002615062761506276,1.0,0.0,2.1048976240153915e-30,257
I76806599,0.0,0.0,0.0,3.211818884300829e-35,330
I76835614,0.0002615062761506276,1.0,0.0,2.1048976240153915e-30,230
I76903346,0.0033995815899581588,13.0,0.0004875828378450146,0.00042675600529433065,16
I76973811,0.0005230125523012552,2.0,0.0,1.3825827141502903e-27,170
I77079311,0.0028765690376569035,11.0,0.0,0.00012033817746779643,2
I78037679,0.001307531380753138,5.0,0.0,0.0004016231865950207,14
I78137547,0.0015690376569037654,6.0,0.0,1.2633566984764065e-05,23
I78559203,0.0007845188284518827,3.0,0.0,9.749207049105203e-25,104
I78577930,0.027719665271966523,135.0,0.015333182448568218,0.025687876492631972,0
I7863295,0.0005230125523012552,2.0,0.0,6.152018113533363e-05,9
I78650965,0.013598326359832635,54.0,0.00016818636503127297,0.0027827883248455186,14
I78675632,0.002615062761506276,12.0,2.052102611697313e-07,0.006121066873144852,3
I78715868,0.0002615062761506276,1.0,0.0,5.8259207470814263e-05,12
I78744979,0.0015690376569037654,6.0,0.0,0.00011546161108098837,81
I78757542,0.0005230125523012552,2.0,0.0,1.1832076140127151e-08,23
I7877124,0.015428870292887028,70.0,0.002613567075406103,0.00563236156398951,14
I7882870,0.014905857740585773,57.0,0.002014957240333856,0.009499272238792244,12
I78974044,0.002353556485355648,9.0,0.0,0.0068489374945534445,3
I78978612,0.0010460251046025104,4.0,0.0,0.0012049692195265935,3
I78988378,0.02170502092050209,105.0,0.0035324616359241334,0.07190798987183855,3
I79156528,0.0028765690376569035,13.0,1.7442872199427168e-06,0.0003422175200528984,16
I79272384,0.0005230125523012552,2.0,0.0,3.1801241152455293e-23,67
I79463011,0.001307531380753138,5.0,0.0,0.0002875711760273088,9
I7947594,0.0002615062761506276,1.0,0.0,2.1048976240153915e-30,307
I79510175,0.0033995815899581588,14.0,0.003156544237312807,0.002012607931749706,13
I79516672,0.002353556485355648,9.0,3.830591541834985e-06,0.0005038499914380865,16
I79576946,0.03242677824267782,138.0,0.020585516729855816,0.02459861058602694,14
I79619799,0.0075836820083682,30.0,0.0006444521846714808,0.014596500319995686,2
I79620101,0.0028765690376569035,11.0,0.0005924967467333263,0.00036129979842958507,0
I79731167,0.00653765690376569,25.0,0.0,0.007981802431922496,3
I79889768,0.001830543933054393,12.0,1.3680684077982086e-06,0.0009789490927048275,3
I79891267,0.008106694560669455,32.0,0.0024752416100012747,0.015178081562533297,3
I79946792,0.0002615062761506276,2.0,0.0,1.460426033393687e-07,25
I80043,0.007322175732217572,28.0,0.0,0.0019194907584731188,14
I80143920,0.002615062761506276,10.0,0.000814465683033299,0.0021863553850883437,57
I80327900,0.002615062761506276,10.0,0.0,0.00046209872855004585,23
I80538482,0.0015690376569037654,6.0,0.0010280769755114257,0.00012415706119655616,23
I80605987,0.0007845188284518827,3.0,0.0,6.24416482790671e-05,0
I80626142,0.0020920502092050207,8.0,0.0,0.00409016880322046,0
I80693520,0.01072175732217573,41.0,0.0,0.006955386027812776,12
I8078737,0.007322175732217572,28.0,0.0009296340937704284,0.004905370145868398,3
I8087733,0.013336820083682007,59.0,0.0021815732029139123,0.005196289990723339,81
I80947539,0.002353556485355648,9.0,0.0013758663977226585,0.0002691508439904819,35
I81365321,0.017259414225941423,72.0,0.003855930567308906,0.019656272735595216,12
I81556334,0.0,0.0,0.0,3.211818884300829e-35,331
I8165072,0.0,0.0,0.0,3.211818884300829e-35,332
I81935515,0.004445606694560669,17.0,0.0,0.0014570003112687724,81
I8204097,0.028765690376569036,129.0,0.004127733384293555,0.011096663211520197,14
I822440,0.0002615062761506276,1.0,0.0,7.53283101561583e-05,3
I82284825,0.001307531380753138,5.0,0.0,0.006919014867600173,3
I8248082,0.0002615062761506276,1.0,0.0,7.538451334904671e-06,0
I82495205,0.003138075313807531,12.0,0.0,0.00034613097749542775,79
I82497590,0.004968619246861925,27.0,0.0013901376313300072,0.018380661171557035,3
I82571370,0.001830543933054393,7.0,0.0009018306944205794,5.017327959325249e-06,23
I82724352,0.0033995815899581588,13.0,9.374688764437225e-05,7.384773034597691e-06,23
I82767444,0.0007845188284518827,3.0,0.0,3.5517424527178375e-09,13
I82880672,0.014905857740585773,72.0,0.0051619775938395816,0.04020511852646444,3
I82951845,0.007845188284518828,34.0,0.0050912848205331394,0.0020551862230851112,28
I82952536,0.002615062761506276,10.0,0.0001410545303207476,3.613025362645941e-05,23
I83019370,0.003138075313807531,12.0,0.0006668736231777921,0.0010503981385177402,14
I83041322,0.0015690376569037654,6.0,2.7361368155964175e-07,0.0013130541085265518,16
I83328450,0.0002615062761506276,1.0,0.0,2.1048976240153915e-30,74
I83332908,0.0005230125523012552,2.0,0.0,1.3825827141502903e-27,265
I83436808,0.0007845188284518827,3.0,0.0,0.0006943942421596278,3
I83467386,0.003138075313807531,13.0,3.464905406208157e-05,0.0004653186189537336,81
I83519826,0.007845188284518828,32.0,0.0020061583143354228,0.009865159718763969,3
I83558840,0.003138075313807531,13.0,0.00495960628189912,4.357041474395429e-05,13
I83683471,0.001307531380753138,5.0,0.0,0.00011381472169837125,15
I83776822,0.0007845188284518827,3.0,0.0,4.712997233526034e-05,35
I83791580,0.001307531380753138,5.0,0.0009018306944205791,4.7136583457510656e-05,35
I83816512,0.0,0.0,0.0,3.211818884300829e-35,333
I83860666,0.0002615062761506276,1.0,0.0,9.852268181109066e-05,0
I83909951,0.0002615062761506276,1.0,0.0,2.1048976240153915e-30,134
I84058292,0.0028765690376569035,11.0,0.0009018306944205791,0.00018180585970718464,12
I84218800,0.006014644351464434,24.0,0.0020248575293560123,0.0022958198892695904,0
I84339108,0.0028765690376569035,17.0,1.3782746324278144e-06,0.00030423595429205025,2
I84392919,0.010460251046025104,40.0,2.0577051775578206e-05,0.004421473368228044,0
I84475105,0.0002615062761506276,1.0,0.0,2.1818945475122778e-05,0
I84524832,0.0010460251046025104,4.0,4.025541289946228e-05,8.112552422167871e-05,2
I84554738,0.0010460251046025104,4.0,0.0,2.8604547995068976e-06,7
I84653119,0.0002615062761506276,1.0,0.0,0.00027392216108602945,0
I848706,0.007322175732217572,45.0,0.004002015073560125,0.02969669048477522,3
I8488066,0.0005230125523012552,2.0,0.0,2.3962298413606544e-05,28
I84884186,0.012813807531380752,49.0,4.1064853374076236e-05,0.006260923156276708,1
I85384741,0.0028765690376569035,11.0,0.0,0.0004812287175577778,14
I8541234,0.0,0.0,0.0,3.211818884300829e-35,334
I85461943,0.0033995815899581588,16.0,0.0009215563747937039,0.00023781136312534483,23
I85507684,0.0002615062761506276,1.0,0.0,1.263429449975164e-07,23
I85564003,0.0020920502092050207,8.0,0.0,0.00016790111994848157,12
I859038795,0.010198744769874476,43.0,0.0006438681497535792,0.0035810990553737506,79
I860003557,0.0005230125523012552,2.0,0.0,3.386236580340029e-27,8
I8606887,0.001307531380753138,5.0,0.0004510521540510695,0.00012482216739923615,79
I86115722,0.0005230125523012552,2.0,0.0,0.0002587960677597238,0
I86175216,0.0010460251046025104,4.0,0.0,9.749552862222604e-05,81
I861853513,0.0020920502092050207,8.0,0.0016549288501998204,0.0002621413868865653,81
I862669128,0.0005230125523012552,2.0,0.0,0.002436779674009833,3
I862893732,0.0007845188284518827,3.0,0.0,7.270102796224546e-06,2
I863488634,0.0015690376569037654,6.0,2.052102611697313e-07,0.0009545311516034812,14
I863896202,0.0002615062761506276,1.0,0.0,6.0881808576487284e-09,79
I86467917,0.0007845188284518827,3.0,1.9034391780499096e-05,4.099704699701758e-05,16
I86501945,0.001830543933054393,7.0,4.359577992850292e-06,0.0009453206516141571,3
I865166595,0.0005230125523012552,2.0,0.0,0.0002491416180901204,0
I86519309,0.014382845188284518,55.0,0.0013879278603149015,0.015763393497532686,0
I865915315,0.00653765690376569,25.0,7.20447624686667e-05,0.0027973331421191463,28
I86613570,0.0,0.0,0.0,3.211818884300829e-35,335
I86695891,0.004968619246861925,19.0,9.123680784663584e-05,0.0007512700464921458,2
I867280407,0.009675732217573221,49.0,0.0002233902088866317,0.006100121675504896,0
I86755215,0.0005230125523012552,2.0,0.0,9.724958061268673e-05,12
I86897205,0.01072175732217573,41.0,0.0,0.006955386027812776,12
I869089601,0.0005230125523012552,2.0,0.0,0.0001504232363484865,12
I8692664,0.002353556485355648,9.0,2.543695192899469e-05,0.00037523915654213047,57
I86987016,0.02092050209205021,91.0,0.0025345285077268036,0.03728828824788834,12
I870124129,0.0028765690376569035,11.0,0.002702208719083022,9.275156879097117e-06,2
I870392255,0.0007845188284518827,3.0,0.0,0.0020643644406711527,3
I87074743,0.0005230125523012552,2.0,0.0,9.436904892837557e-05,23
I87111246,0.001830543933054393,9.0,2.052102611697313e-07,0.0005041609853135257,0
I87182695,0.0002615062761506276,1.0,0.0,2.1048976240153915e-30,186
I87216513,0.01621338912133891,73.0,0.005157169216402326,0.018180523206044092,79
I872922937,0.0005230125523012552,4.0,0.0,4.764248693812216e-07,79
I874055015,0.0010460251046025104,4.0,0.0,4.9404556354931116e-05,23
I87424562,0.0007845188284518827,3.0,0.0,0.0002194649415868009,79
I87445476,0.02092050209205021,91.0,0.004560391523000583,0.04013520203698462,3
I87482320,0.0020920502092050207,8.0,0.0,0.0002751122231853428,16
I87531838,0.0002615062761506276,1.0,0.0,0.0002969202815341649,25
I87547150,0.0007845188284518827,3.0,0.0,0.00011256254544889976,16
I876193797,0.003661087866108786,14.0,0.0036061257178254934,0.0010800594209968363,3
I87673952,0.0,0.0,0.0,3.211818884300829e-35,336
I877107187,0.001830543933054393,7.0,1.6804440275787996e-05,0.001061702880897719,57
I87780372,0.008629707112970711,33.0,6.942947169575909e-06,0.009592935668672316,3
I88017793,0.0010460251046025104,4.0,0.0,3.018752405607464e-05,23
I88060688,0.0005230125523012552,2.0,0.0,8.930469867642748e-06,13
I880747138,0.0015690376569037654,6.0,0.0,0.0005630810124045067,79
I880766802,0.0007845188284518827,3.0,0.0,0.0008678073536984318,0
I88085062,0.002615062761506276,10.0,0.0,0.0013347601154052272,0
I881427289,0.0033995815899581588,17.0,0.00026619344571891064,0.0007322003713573129,0
I881766915,0.011506276150627614,58.0,0.0013145674967372971,0.02494281059282329,3
I882248123,0.0002615062761506276,1.0,0.0,1.3928346989358161e-07,81
I88372448,0.010198744769874476,39.0,0.00045105215405106944,0.028050492084792374,3
I883909435,0.0005230125523012552,2.0,0.0,1.3825827141502903e-27,45
I884043246,0.0005230125523012552,3.0,0.0,0.00010030930362297903,14
I884181516,0.0005230125523012552,2.0,0.0,1.8595000506907034e-26,146
I88491126,0.0015690376569037654,6.0,0.0,0.00036532024068161925,14
I885383172,0.0033995815899581588,13.0,0.0020821203126784186,0.0005413117794002413,2
I88596544,0.0005230125523012552,4.0,0.0,1.6593434672682273e-05,81
I88694374,0.0,0.0,0.0,3.211818884300829e-35,337
I887064364,0.01307531380753138,53.0,0.0024822276287751136,0.006840994667633883,14
I88761825,0.0,0.0,0.0,3.211818884300829e-35,338
I88773910,0.0002615062761506276,1.0,0.0,1.8258219103219595e-27,8
I887968799,0.016736401673640166,80.0,0.0031974861620625325,0.0037134813617643123,14
I88830068,0.001830543933054393,7.0,3.562254695562563e-05,0.0007169436247154616,3
I889458895,0.06694560669456066,446.0,0.10170371480950373,0.30602256260119604,3
I889804353,0.010460251046025104,40.0,0.0004183644395607442,0.0038384800184091037,1
I8901234,0.0041841004184100415,16.0,5.789157658226398e-05,5.619838487838208e-05,14
I89015989,0.0,0.0,0.0,3.211818884300829e-35,339
I890469752,0.0020920502092050207,8.0,0.0,0.003257369079373877,3
I891191580,0.001307531380753138,5.0,8.208410446789252e-07,0.0020908517788262,0
I894293524,0.0,0.0,0.0,3.211818884300829e-35,340
I89466785,0.0005230125523012552,2.0,0.0,7.1380652757988675e-09,79
I895027328,0.0002615062761506276,2.0,0.0,8.111999561354302e-08,23
I89506807,0.0005230125523012552,2.0,0.0,7.541222753407384e-08,57
I896114043,0.001830543933054393,10.0,0.0005256821512442907,0.0010531842809909293,0
I8961855,0.0007845188284518827,3.0,0.0,0.00037564604140649714,0
I89652312,0.0007845188284518827,3.0,0.0,0.000711426058990875,1
I8991828,0.0,0.0,0.0,3.211818884300829e-35,341
I899635006,0.006276150627615062,29.0,0.0007387657349365114,0.0006562058289910156,1
I899859998,0.0028765690376569035,11.0,0.0,0.007221360224845263,3
I900890020,0.0010460251046025104,5.0,2.9216897301995526e-05,2.903297809443424e-05,9
I90090648,0.0010460251046025104,4.0,4.560228025994029e-06,0.0004127046207456579,3
I901242617,0.0002615062761506276,1.0,0.0,6.652277600107416e-05,3
I90183372,0.0010460251046025104,4.0,0.0,1.2222948476337183e-06,81
I901861585,0.006014644351464434,26.0,8.688117290809364e-05,0.0017470368079245766,0
I902671590,0.0002615062761506276,1.0,0.0,2.866142724068742e-06,103
I90267481,0.002353556485355648,9.0,3.112355627740925e-06,0.0010596461114679577,12
I904495901,0.0005230125523012552,2.0,1.3680684077982087e-07,3.600934660361865e-05,2
I905734797,0.0,0.0,0.0,3.211818884300829e-35,342
I90610280,0.030596234309623428,138.0,0.00308429138729624,0.08858774607223471,25
I90727586,0.0002615062761506276,1.0,0.0,5.979165401524066e-05,3
I90965887,0.0007845188284518827,4.0,0.0,1.2486554369645551e-24,104
I909854389,0.003138075313807531,12.0,1.094454726238567e-06,0.0037543985951174414,1
I91041137,0.0007845188284518827,3.0,0.0,8.080502430619543e-05,2
I91044093,0.0002615062761506276,1.0,0.0,2.1048976240153915e-30,144
I91045830,0.00653765690376569,26.0,0.00805960808905235,0.0033952367987030393,79
I91090688,0.0007845188284518827,4.0,0.0,0.0029516751978644687,0
I91136226,0.002615062761506276,10.0,0.00026690330601939166,0.0027079075082206408,1
I91203450,0.0033995815899581588,13.0,7.66118308366997e-06,0.001309956882743804,9
I912669003,0.001830543933054393,7.0,0.0,0.0025614886926688695,3
I91275662,0.010198744769874476,39.0,0.0,0.0038381807008340835,1
I91279580,0.0002615062761506276,1.0,0.0,2.1048976240153915e-30,249
I913958620,0.001307531380753138,6.0,2.052102611697313e-07,4.4689227742290534e-23,206
I91538806,0.0005230125523012552,3.0,0.0,0.0001384810902084118,0
I916541031,0.0002615062761506276,1.0,0.0,2.1048976240153915e-30,320
I91656880,0.00993723849372385,38.0,0.0004374492011326212,0.005451533754554358,3
I91712215,0.001307531380753138,5.0,0.0,0.0004016231865950207,14
I917207718,0.0005230125523012552,2.0,0.0,0.0003376022019366252,12
I917324061,0.0002615062761506276,1.0,0.0,2.1048976240153915e-30,171
I91807558,0.009675732217573221,37.0,0.0009386096934882254,0.007941362809022218,9
I91935597,0.004968619246861925,19.0,3.283364178715701e-06,0.010646895974661483,3
I919571938,0.008368200836820083,38.0,0.00024831777096887974,0.011680801309288745,81
I919958821,0.0007845188284518827,3.0,0.0,1.379465706874727e-25,27
I92008406,0.01072175732217573,41.0,0.0,0.006955386027812776,12
I92039509,0.014905857740585773,60.0,8.071603606009427e-07,0.037903767796016674,25
I92178344,0.0007845188284518827,3.0,0.0,0.0016970095509791984,3
I921990950,0.001830543933054393,7.0,3.921796102354864e-06,0.0004998837338476271,0
I9224756,0.008106694560669455,32.0,0.001070967555616926,0.004884384939796038,3
I92251255,0.0,0.0,0.0,3.211818884300829e-35,343
I923382979,0.0002615062761506276,1.0,0.0,4.6988234433134145e-07,81
I92403157,0.007060669456066945,28.0,0.0016019921447336112,0.010663231973844431,3
I92446798,0.0005230125523012552,2.0,0.0,4.478336972083447e-05,12
I92528248,0.0,0.0,0.0,3.211818884300829e-35,344
I926076166,0.0007845188284518827,5.0,0.0,7.510890361749998e-05,0
I9272278,0.0002615062761506276,1.0,0.0,6.614906904525245e-10,32
I929597975,0.0005230125523012552,2.0,0.0,1.1718294193228639e-07,23
I9300472,0.0005230125523012552,4.0,0.0,0.00010519825281643949,79
I931278978,0.002615062761506276,10.0,4.674760817935194e-05,0.00010268385276511787,23
I931681460,0.002615062761506276,10.0,0.0,0.00046209872855004585,23
I931969281,0.002615062761506276,10.0,0.0,0.00046209872855004585,23
I93364004,0.01072175732217573,41.0,0.0,0.006955386027812776,12
I93396115,0.001307531380753138,5.0,0.0,0.001736928901645141,1
I9341345,0.009152719665271966,38.0,0.00035249896995675215,0.0011333309222098724,9
I9356336,0.001307531380753138,5.0,0.0,0.0004223868192199562,3
I9360294,0.005753138075313807,22.0,0.0015848413476201564,0.0012906969268280343,9
I93860229,0.004445606694560669,18.0,0.002889528909588081,0.006945848974592227,57
I94062374,0.014644351464435145,60.0,6.844902267017039e-06,0.035063448465087105,25
I94234084,0.0005230125523012552,2.0,0.0,9.69203159807256e-05,0
I94349332,0.0,0.0,0.0,3.211818884300829e-35,345
I94509681,0.0005230125523012552,2.0,0.0,8.020631439491667e-05,79
I94518387,0.0,0.0,0.0,3.211818884300829e-35,346
I94575722,0.0,0.0,0.0,3.211818884300829e-35,347
I94624287,0.007322175732217572,28.0,0.0,0.001271746343023617,14
I94625822,0.0,0.0,0.0,3.211818884300829e-35,348
I94658018,0.0015690376569037654,6.0,0.0013467037394964266,0.00020129736737892873,79
I94722563,0.0028765690376569035,11.0,0.0004839792805127592,0.00015959501893588862,81
I94800806,0.003661087866108786,15.0,0.0010987371603739765,0.00048703545108219197,79
I95293974,0.0,0.0,0.0,3.211818884300829e-35,10
I95457486,0.030857740585774056,144.0,0.0231810901483078,0.019321639611833582,1
I95634034,0.001307531380753138,5.0,0.0,0.0004623457569239901,79
I95674353,0.0028765690376569035,11.0,0.00028268212929675974,0.00027728887763944364,16
I9579091,0.001307531380753138,5.0,0.0009018306944205791,3.086427935579796e-05,9
I95793202,0.0007845188284518827,3.0,0.0,0.0007758102326652209,14
I96036126,0.0015690376569037654,6.0,0.0,0.00015108538780691413,9
I9617848,0.0010460251046025104,5.0,0.0004593061667781186,1.1678491475152887e-05,12
I96268669,0.0010460251046025104,4.0,5.472273631192835e-07,2.9037075345740535e-26,146
I96413208,0.004968619246861925,19.0,7.482567243215469e-05,0.0006385758404042181,23
I96478251,0.0002615062761506276,1.0,0.0,1.4117932211476455e-07,13
I96580804,0.001307531380753138,5.0,0.0,7.402524016270276e-05,12
I96673099,0.01307531380753138,52.0,0.0005497180029139889,0.00603508448443015,1
I96733725,0.0020920502092050207,8.0,0.0009018306944205791,0.0010575418909633222,13
I96852419,0.001307531380753138,5.0,0.0,0.003373878439223727,3
I96908189,0.0007845188284518827,3.0,0.0,0.00035988043553634145,3
I96916377,0.0005230125523012552,2.0,0.0,3.425285884749485e-06,16
I97009856,0.001830543933054393,7.0,4.049482487082698e-05,3.51820381837018e-05,23
I97018004,0.05073221757322175,279.0,0.0665790450616385,0.05254031860525257,0
I97188460,0.0010460251046025104,4.0,0.0,0.001953138851518854,1
I9736820,0.003661087866108786,14.0,0.0004122708397963217,0.0006936847506605727,23
I97565354,0.002615062761506276,11.0,0.00020254209346709463,0.0001373044422749484,57
I97750245,0.0020920502092050207,8.0,4.713617514141103e-05,3.8598575926073866e-05,23
I98227222,0.0005230125523012552,2.0,0.0,0.0004050368523548881,0
I98251732,0.004968619246861925,20.0,0.00045187299509574834,0.0027810079096512908,0
I98259816,0.004445606694560669,17.0,0.0,0.0028967519743703044,9
I98285908,0.003922594142259414,17.0,0.0013810650576722918,0.0007961732218279249,28
I98298690,0.003922594142259414,17.0,8.11036554423038e-05,0.0007286326908541338,16
I98301712,0.004968619246861925,23.0,1.2312615670183878e-06,0.01691998940648422,3
I98358874,0.003661087866108786,14.0,0.0017860015800799228,0.0012178189490853134,12
I98381234,0.006014644351464434,29.0,0.0018022363965480219,0.0059788880212774675,2
I9842412,0.017259414225941423,68.0,0.0007214736759925155,0.04230032035767301,25
I98461037,0.0005230125523012552,2.0,0.0,0.0005659050534970481,0
I98635879,0.0,0.0,0.0,3.211818884300829e-35,21
I98677209,0.023012552301255228,91.0,0.0034944049357145926,0.034430434612344386,3
I98704320,0.011767782426778242,63.0,0.003397005349629397,0.0027804764040998487,0
I98805295,0.0005230125523012552,2.0,0.0013523356211085293,3.542785336762061e-06,34
I98834328,0.0002615062761506276,1.0,0.0,0.0007418247742064782,25
I98947143,0.0007845188284518827,3.0,0.0,0.00015654083888079097,3
I99041443,0.001307531380753138,5.0,0.0,0.002116807189338175,3
I99043593,0.011244769874476987,50.0,0.00811610296196761,0.0044842328546008045,16
I99065089,0.07819037656903766,486.0,0.14156531442212725,0.28675170713514475,3
I9916479,0.009414225941422593,39.0,8.462480293951777e-07,0.022387394120012415,3
I9927081,0.00653765690376569,25.0,0.0002426170163224954,0.0022297138275690913,14
I99297268,0.0002615062761506276,1.0,0.0,2.1048976240153915e-30,283
I99312532,0.0005230125523012552,2.0,0.0,1.6997748718881097e-05,13
I99464096,0.007845188284518828,30.0,0.00013279117998393105,0.001377432422170884,9
I99542240,0.007322175732217572,28.0,0.0,0.001271746343023617,14
I99613584,0.0,0.0,0.0,3.211818884300829e-35,6
I99908691,0.0010460251046025104,4.0,1.5003150205520356e-05,5.06812965343052e-05,9
RAW_GOOGLE_DEEPMIND,0.0010460251046025104,4.0,0.0,0.00024562803872348407,9
RAW_HUGGING_FACE,0.0005230125523012552,2.0,0.0,1.2015018807611905e-06,14
RAW_META,0.002615062761506276,11.0,5.274229442635379e-06,0.0023575268713880715,9
RAW_MICROSOFT,0.001830543933054393,7.0,0.0,0.007240743006755419,3
RAW_NVIDIA,0.006014644351464434,23.0,6.341876542692571e-05,0.0030669372444245857,9
RAW_STABILITY_AI,0.001307531380753138,5.0,1.2996649874082982e-06,0.0003553894080317978,3
RAW_XAI,0.0033995815899581588,13.0,0.0009479097387000672,0.0002495094615396994,0
