id,degree_centrality,weighted_degree,betweenness_centrality,eigenvector_centrality,community
I100005738,0.0028286637931034483,21.0,0.0004856432651079822,0.003451184808876287,0
I100066346,0.009294181034482759,73.0,0.0007915575159964898,0.006059599905782946,1
I100116408,0.0008081896551724138,6.0,0.0,4.845001569509216e-08,2
I100135526,0.0014816810344827585,12.0,1.0887641858714991e-07,0.002176776432882967,3
I100188998,0.00013469827586206896,1.0,0.0,0.0002226087926764586,4
I100191712,0.00026939655172413793,2.0,0.0,0.00015376225820659976,2
I100205273,0.00013469827586206896,1.0,0.0,3.5559437637325713e-47,5
I100288624,0.0013469827586206897,10.0,5.080899534066996e-07,0.001100852393610625,3
I100296615,0.0005387931034482759,4.0,0.0,1.7037132714507362e-05,0
I100357981,0.0004040948275862069,3.0,0.0,0.00011205145010209342,4
I100445878,0.0005387931034482759,4.0,0.0,0.0007375545399794628,1
I10052268,0.0013469827586206897,10.0,6.313017671078238e-06,0.0002783235887952342,6
I100532134,0.010641163793103448,98.0,0.0007673594166400193,0.005025185268069635,1
I100538780,0.00013469827586206896,1.0,0.0,3.5559437637325713e-47,7
I100621029,0.0,0.0,0.0,1.6956061190283638e-53,8
I100633361,0.0,0.0,0.0,1.6956061190283638e-53,9
I100653424,0.00026939655172413793,2.0,0.0,1.7736638898204747e-43,10
I100681346,0.0004040948275862069,3.0,0.0,0.0001597240999101389,11
I100887729,0.00013469827586206896,1.0,0.0,3.5559437637325713e-47,12
I10091056,0.0008081896551724138,7.0,7.461663887172673e-05,0.00023869998305229366,6
I100930933,0.015894396551724137,195.0,0.003439724254370463,0.013243210522371153,0
I101100930,0.0005387931034482759,4.0,0.0,1.0459216149498997e-06,2
I101155339,0.00026939655172413793,2.0,0.0,1.2843097055010324e-06,13
I101202996,0.0025592672413793103,21.0,0.0007340206193548788,0.000645817932904816,1
I101326570,0.0008081896551724138,6.0,0.0,1.4443379902427711e-06,13
I101407740,0.0020204741379310346,16.0,0.00042969105825313176,5.960092349987735e-06,13
I101479585,0.0010775862068965517,8.0,0.0002427944134493443,0.0003795349584973762,4
I102015815,0.00013469827586206896,1.0,0.0,5.819746852384871e-40,14
I102064193,0.0006734913793103449,5.0,0.0,0.00016595892178652058,2
I102117144,0.0009428879310344827,7.0,0.0,1.8066775163931858e-08,13
I102134673,0.008890086206896552,74.0,0.0016734780359003772,0.0034217811358493166,6
I10213569,0.0,0.0,0.0,1.6956061190283638e-53,15
I102149020,0.006196120689655173,54.0,0.00018440963560498243,0.0032935731742826007,16
I102197404,0.0006734913793103449,5.0,0.0,0.00023608195530275592,1
I102208913,0.0006734913793103449,6.0,0.0002427944134493443,0.00020087304292498907,4
I102239671,0.0004040948275862069,3.0,0.0,4.1041478437474475e-06,13
I102248843,0.003502155172413793,26.0,1.2543859569079993e-05,0.0009018464466115172,17
I102272798,0.0018857758620689654,14.0,4.899438836421745e-07,0.0014286336466817087,0
I102322142,0.023168103448275863,206.0,0.002559873104084806,0.021817884983160223,0
I102335020,0.008081896551724138,66.0,0.002802374372097597,0.0037492330439931917,1
I102345215,0.00026939655172413793,2.0,0.0,1.980695041007565e-07,3
I102398690,0.0008081896551724138,6.0,0.0,0.00016517172774502232,6
I102401767,0.0,0.0,0.0,1.6956061190283638e-53,18
I102461120,0.0008081896551724138,6.0,3.6292139529049974e-07,2.9583361944948145e-05,2
I102502594,0.009428879310344827,73.0,2.2682587205656238e-07,0.007639804586983312,11
I102520234,0.0,0.0,0.0,1.6956061190283638e-53,19
I102607778,0.0005387931034482759,4.0,0.0,0.0018051940722594818,4
I102669525,0.00026939655172413793,2.0,0.0,6.804771288309601e-07,13
I102782458,0.0005387931034482759,6.0,1.4516855811619988e-06,4.230747886126702e-05,2
I102893293,0.00013469827586206896,1.0,0.0,1.8032958057465203e-08,13
I102913810,0.0006734913793103449,5.0,0.0009707421481230286,5.124207513404772e-07,13
I103163165,0.010910560344827586,86.0,0.0011206944710817205,0.006048815941628602,1
I103193709,0.003232758620689655,24.0,0.0,0.00013527068020814296,13
I103225651,0.006061422413793103,45.0,0.0,0.0032744004661706457,0
I103250015,0.0021551724137931034,16.0,5.806742324647995e-07,0.0015743731579328482,16
I103320735,0.0016163793103448276,12.0,1.9894141151840887e-05,8.042364692436079e-05,6
I103356709,0.0020204741379310346,15.0,6.532585115228994e-07,0.00035345297626836306,13
I103406327,0.0,0.0,0.0,1.6956061190283638e-53,20
I103434671,0.0010775862068965517,11.0,6.0965955456866806e-05,1.9098676617346403e-05,21
I103531236,0.0021551724137931034,16.0,7.893540347568368e-06,0.0014864114172218016,0
I103562704,0.00026939655172413793,2.0,0.0,2.991427986101426e-06,13
I103605164,0.0004040948275862069,3.0,0.0,5.449729325410829e-06,6
I103635307,0.003232758620689655,27.0,0.00069621025865553,0.002794163702457533,2
I103703290,0.00026939655172413793,2.0,0.0,1.4639771775656582e-05,21
I103737770,0.00013469827586206896,2.0,0.0,2.1875738993945976e-05,17
I103990859,0.0018857758620689654,14.0,0.0,0.0028545690604787942,0
I104234503,0.0013469827586206897,11.0,0.0,1.6709878797169162e-05,6
I104338594,0.00013469827586206896,1.0,0.0,3.5559437637325713e-47,22
I10457146,0.0,0.0,0.0,1.6956061190283638e-53,23
I104588304,0.00026939655172413793,2.0,0.0,9.035090226732381e-09,13
I104628220,0.0009428879310344827,7.0,0.0,0.0010482588358637717,16
I104854061,0.0005387931034482759,4.0,0.0,4.3096605015826235e-09,24
I104914703,0.0,0.0,0.0,1.6956061190283638e-53,25
I104941359,0.0024245689655172415,19.0,5.780988602249523e-05,5.324147921946411e-05,13
I105036370,0.0005387931034482759,4.0,2.3137448687753678e-05,1.7535344619808118e-05,3
I105086349,0.0030980603448275863,24.0,1.270224883516749e-07,0.002511616634871929,4
I105094715,0.00026939655172413793,3.0,0.0002427944134493443,2.6546962546091006e-05,4
I105126617,0.0016163793103448276,14.0,0.0,0.0031044302305246033,4
I105208703,0.0010775862068965517,8.0,0.0,1.5009486281432312e-05,21
I10535382,0.004040948275862069,36.0,0.00024621797194491807,0.00552558465104308,4
I105454292,0.0013469827586206897,10.0,5.667622456453303e-06,8.283853082075844e-05,13
I105818395,0.00026939655172413793,2.0,0.0,8.783953355022436e-06,0
I105991555,0.00026939655172413793,2.0,0.0,0.0001286357861543181,11
I106053113,0.0,0.0,0.0,1.6956061190283638e-53,26
I106079672,0.00026939655172413793,2.0,0.0,0.00013228955685781445,4
I106118109,0.004983836206896551,37.0,0.0004918281369625804,0.003187479417373675,0
I106157433,0.00646551724137931,48.0,3.816723340471756e-06,0.003372687512857331,3
I106165777,0.013469827586206896,116.0,0.002574896148832995,0.012677102592676466,0
I106245021,0.00013469827586206896,1.0,0.0,5.792306554466843e-08,16
I106296451,0.0009428879310344827,11.0,8.831087285402159e-07,0.0003502573096995364,13
I106460735,0.0004040948275862069,3.0,0.0,1.1203453632633042e-06,27
I10660446,0.0012122844827586207,11.0,3.121123999498297e-06,0.0014970736674691353,4
I106663880,0.00013469827586206896,1.0,0.0,3.438607481935077e-07,13
I106778892,0.0051185344827586205,39.0,0.001319849852981287,0.0011794269445370461,13
I106785703,0.004714439655172414,73.0,1.8859815175262971e-06,0.008033666676513312,1
I106826634,0.0005387931034482759,4.0,0.0002427944134493443,4.195915995819079e-08,13
I106841677,0.00013469827586206896,1.0,0.0,1.51446915498886e-06,2
I106938459,0.0009428879310344827,10.0,3.629213952904997e-08,0.0008851077413152694,0
I106969075,0.0016163793103448276,12.0,0.0005485629474094961,0.0008329333460535138,24
I106980716,0.0004040948275862069,3.0,0.0,3.4541970485936757e-10,6
I106994412,0.0013469827586206897,10.0,1.0887641858714991e-07,0.001798604637905917,4
I107077323,0.00902478448275862,67.0,0.0002549250610869293,0.00237209608987509,13
I107139065,0.00026939655172413793,2.0,0.0,4.312294088668052e-05,4
I107326029,0.0005387931034482759,4.0,0.0,0.00021443555519940968,2
I107575416,0.004445043103448276,33.0,0.0,0.0006184717896368956,3
I107606265,0.015355603448275862,208.0,1.0089906067924066e-05,0.043069035808003066,0
I107639228,0.007947198275862068,70.0,0.0012444641180100369,0.012084763970956614,4
I107640659,0.0009428879310344827,7.0,7.179487003525292e-05,6.838885616068928e-05,17
I107672454,0.014008620689655173,123.0,0.000267796673239899,0.012878546859888425,1
I107720978,0.0008081896551724138,6.0,0.0004890728722934774,7.5056320846101345e-06,24
I107766831,0.004175646551724138,31.0,1.3307117827318322e-06,0.0025639811647312095,1
I107851509,0.00026939655172413793,2.0,0.0,1.7736638898204747e-43,28
I107982497,0.0,0.0,0.0,1.6956061190283638e-53,29
I108103353,0.0013469827586206897,12.0,0.0001397749413131909,0.0005530970341249753,21
I108108428,0.0009428879310344827,8.0,0.0002472402005416529,0.0005332472045516281,16
I108160477,0.0004040948275862069,4.0,0.0,1.620769032957624e-05,4
I108192572,0.007273706896551724,57.0,1.168425432137764e-05,0.0074575027603843574,0
I108290504,0.009428879310344827,77.0,0.001052122561679775,0.005138632340053904,6
I108377266,0.00013469827586206896,1.0,0.0,6.98303703110171e-05,0
I108403487,0.0030980603448275863,25.0,0.00046783350250309303,0.0014327900201879667,6
I108468826,0.003232758620689655,24.0,1.143202395165074e-06,0.0022807033550561132,0
I108526665,0.0005387931034482759,15.0,0.0,9.173041273711558e-05,13
I108688024,0.01293103448275862,137.0,0.0004481885673760183,0.026043157508331954,4
I108714496,0.00026939655172413793,2.0,0.0,1.7736638898204747e-43,30
I108754898,0.00026939655172413793,2.0,0.0,1.9919629704021145e-05,1
I108904480,0.0009428879310344827,7.0,0.0,6.082830484336633e-05,4
I108970525,0.0005387931034482759,4.0,0.0,8.085280032293146e-39,31
I109009565,0.0013469827586206897,10.0,0.0,9.153531685873572e-06,6
I10902133,0.0,0.0,0.0,1.6956061190283638e-53,32
I109173049,0.0009428879310344827,7.0,1.0887641858714991e-07,0.0007418907634931161,24
I109297418,0.00026939655172413793,2.0,0.0,1.8349292566209783e-06,16
I10947320,0.0006734913793103449,5.0,0.0,0.0011751293959349671,16
I109556086,0.0004040948275862069,3.0,0.0,0.0008756088030392357,4
I109689652,0.0013469827586206897,11.0,0.0004619147180169515,0.00029307683024686813,13
I109703491,0.0009428879310344827,7.0,0.0,4.429709165734434e-05,13
I109736498,0.009563577586206896,93.0,1.7483738218119824e-05,0.012629934502096998,0
I109935558,0.003232758620689655,32.0,0.0010325839538805298,0.006378779292518591,4
I109954829,0.0022898706896551722,27.0,4.754270278305546e-06,0.00030634491301733974,1
I110002522,0.0024245689655172415,20.0,0.0004636381311735349,0.002416540805727324,0
I110017253,0.0008081896551724138,6.0,0.0,0.00010446536512954332,6
I110026055,0.00026939655172413793,2.0,0.0,1.7736638898204747e-43,33
I110079840,0.00026939655172413793,2.0,0.0,1.3385646096709928e-05,1
I110092051,0.0004040948275862069,4.0,0.00014411548120086618,4.361604822544833e-05,1
I110120368,0.00026939655172413793,2.0,0.0,8.85189789512493e-06,16
I110166357,0.0006734913793103449,6.0,0.0,0.00024475925541746213,2
I110181903,0.0004040948275862069,3.0,0.0,0.0006770203767281367,4
I11019714,0.004849137931034483,36.0,5.371236650299396e-06,0.0024236273637273714,16
I110200422,0.0005387931034482759,4.0,0.0004855162426196305,0.0007945610221791776,21
I110217816,0.00026939655172413793,2.0,0.0,7.1180452209661025e-06,13
I110273157,0.0008081896551724138,6.0,4.7179781387764957e-07,0.00033935459750593627,13
I110325482,0.00026939655172413793,2.0,0.0,5.2093595329019484e-05,21
I110360157,0.00390625,36.0,0.0020357030255937856,0.0004348061113938351,13
I110378019,0.0004040948275862069,3.0,0.0,4.711939694726408e-06,13
I110440473,0.0009428879310344827,7.0,1.270224883516749e-07,0.00030758621127787073,3
I110507236,0.0006734913793103449,5.0,0.0,0.00032523324799326386,27
I110525433,0.00026939655172413793,2.0,0.0,5.235352395129366e-05,13
I110594554,0.003367456896551724,25.0,9.107657327567798e-05,0.00026498321174130493,34
I110736937,0.0078125,60.0,2.192218047266661e-06,0.0030454820328587673,6
I110757952,0.0009428879310344827,7.0,0.0,0.00021813083603402066,13
I110930757,0.00013469827586206896,1.0,0.0,3.290747861685943e-07,16
I111088046,0.02451508620689655,219.0,0.0012536167075664095,0.022025993655380566,24
I111112146,0.0005387931034482759,4.0,0.0,0.00016650511760011853,34
I111149068,0.005792025862068966,45.0,0.0,0.00940442927226551,4
I11123151,0.00013469827586206896,1.0,0.0,0.00010284498295674095,0
I111236770,0.0028286637931034483,21.0,1.7123841167790076e-06,0.0010657779052320841,16
I111262870,0.0014816810344827585,11.0,0.0,0.0002504733852280416,2
I111277659,0.0014816810344827585,11.0,0.0,0.00011021038784801349,13
I111381250,0.0012122844827586207,9.0,0.0,0.0018193034722666325,4
I111398093,0.0022898706896551722,21.0,2.7725379993217718e-05,4.0047716187273614e-05,35
I111455621,0.00026939655172413793,2.0,0.0,0.0002232014150437368,0
I111483173,0.004310344827586207,44.0,4.838951937206662e-08,0.015060863795742464,4
I111599522,0.0009428879310344827,7.0,5.4438209293574954e-08,0.0004674989942357146,4
I111664937,0.0,0.0,0.0,1.6956061190283638e-53,36
I111753288,0.0006734913793103449,5.0,0.0,0.000587671373102878,4
I1118541,0.0066002155172413795,49.0,0.00025040668971556255,0.00290437738830163,16
I111950717,0.012257543103448275,150.0,0.0018058580963619389,0.03910708274114009,4
I111966504,0.00013469827586206896,1.0,0.0,3.5559437637325713e-47,37
I111979921,0.023706896551724137,222.0,0.0028950934038750836,0.01894778361710756,27
I112048516,0.0026939655172413795,20.0,0.0,0.004719952244171927,0
I112260969,0.00026939655172413793,2.0,0.0,0.00019529472114486945,0
I112471378,0.0009428879310344827,7.0,0.0,1.8066775163931858e-08,13
I112475681,0.0017510775862068966,14.0,1.6331462788072485e-07,0.0019673214246576673,1
I112612939,0.00390625,29.0,0.0,0.0027713286541644353,0
I11265461,0.00013469827586206896,1.0,0.0,4.164876543988933e-05,0
I112728665,0.0004040948275862069,4.0,0.0,0.0001394915550848111,0
I112862951,0.0,0.0,0.0,1.6956061190283638e-53,38
I112936343,0.0009428879310344827,7.0,0.0004855162426196305,0.0001849493505432415,1
I112982808,0.00026939655172413793,2.0,0.0,1.7736638898204747e-43,39
I112991645,0.0005387931034482759,4.0,0.0,1.7037132714507362e-05,0
I113145275,0.0,0.0,0.0,1.6956061190283638e-53,40
I11317958,0.00013469827586206896,1.0,0.0,0.00038854917292119616,0
I113306721,0.0018857758620689654,14.0,0.0,0.00027385106925603665,6
I113358080,0.0026939655172413795,22.0,1.1794945346941238e-07,0.003048560458805558,6
I113389987,0.00013469827586206896,1.0,0.0,0.0002628331819997263,4
I113409471,0.0004040948275862069,3.0,0.00021290965115414808,2.5772750782104838e-05,24
I113428412,0.0016163793103448276,22.0,2.9033711623239978e-08,0.000935268946814356,1
I113456305,0.0004040948275862069,3.0,0.0,7.75799782063665e-05,1
I113508548,0.0026939655172413795,25.0,4.100238398571265e-05,0.0010172644217905178,21
I113643904,0.0,0.0,0.0,1.6956061190283638e-53,41
I113940042,0.007947198275862068,64.0,0.0007263266857747202,0.009859746430774056,4
I113979032,0.0005387931034482759,4.0,0.0,0.0008712060035376442,0
I113992204,0.0,0.0,0.0,1.6956061190283638e-53,42
I114017466,0.01441271551724138,137.0,0.001435821077235866,0.017712728840062062,2
I114027177,0.013065732758620689,124.0,0.0003107613870878936,0.010012298144155461,6
I11406153,0.0012122844827586207,9.0,0.0,0.0029470748401651268,4
I114090438,0.017376077586206896,157.0,0.0013930888975473862,0.011094112293054854,11
I114112103,0.0024245689655172415,19.0,2.0880077609046748e-06,0.0005586463500819273,1
I114129787,0.00013469827586206896,1.0,0.0,6.865930455870873e-08,13
I114203471,0.002963362068965517,22.0,2.81808463443073e-06,0.0016320870897640182,0
I114218197,0.0009428879310344827,7.0,0.0,0.00012789929167301634,17
I114234892,0.0009428879310344827,7.0,0.0002427944134493443,0.0007285685127432964,21
I114376631,0.00013469827586206896,1.0,0.0,3.5559437637325713e-47,43
I114395901,0.0022898706896551722,18.0,0.0002448993575420292,0.0007421304508288608,13
I114457229,0.01953125,161.0,0.001143522934640912,0.012593395095714572,11
I114472154,0.0026939655172413795,24.0,1.306517023045799e-07,0.0010885402859844968,13
I114493937,0.00013469827586206896,1.0,0.0,1.6545067503027868e-07,13
I114499477,0.0006734913793103449,5.0,0.0,0.0004129469518988644,0
I114531698,0.005792025862068966,44.0,6.780581402010835e-06,0.0058227165779593595,6
I114539943,0.00026939655172413793,2.0,0.0,2.939774338429743e-05,4
I114564095,0.00013469827586206896,1.0,0.0,3.5559437637325713e-47,44
I114724429,0.0005387931034482759,4.0,0.0002427944134493443,6.082217184022717e-06,2
I114772536,0.0004040948275862069,3.0,0.0,0.00026395782319598246,4
I114794399,0.0008081896551724138,6.0,3.1102363576395835e-06,7.395287807608296e-06,13
I114796046,0.0,0.0,0.0,1.6956061190283638e-53,45
I114832834,0.009563577586206896,90.0,4.576214128987545e-05,0.007448152161158845,24
I114845381,0.0,0.0,0.0,1.6956061190283638e-53,46
I114972647,0.00390625,31.0,0.0004226721585132677,0.0002448143981717872,13
I114982161,0.00013469827586206896,1.0,0.0,3.5559437637325713e-47,47
I115209984,0.0006734913793103449,5.0,0.0,1.500239803750855e-05,21
I115212828,0.0004040948275862069,3.0,0.0,0.0009241497488391308,4
I115228651,0.011853448275862068,141.0,0.001206042234759626,0.028113030231913676,4
I115283149,0.00013469827586206896,1.0,0.0,1.2747396419704142e-10,13
I115304662,0.0004040948275862069,3.0,0.0,2.5012474054062787e-06,3
I115441956,0.0021551724137931034,16.0,0.0,0.001917627521387217,0
I115455960,0.0009428879310344827,7.0,0.0,0.0022568743621988697,0
I115475287,0.007408405172413793,56.0,8.056854975449092e-06,0.0011975398439059675,13
I115498069,0.0008081896551724138,6.0,0.0,1.3098967046096506e-05,2
I115592961,0.005926724137931034,44.0,2.199666576855719e-05,0.0017584681507275487,3
I115602675,0.00026939655172413793,2.0,0.0,5.723304032499884e-43,48
I115684694,0.0006734913793103449,5.0,0.0,2.5998147305450868e-05,17
I115715567,0.0008081896551724138,6.0,0.0,1.232197500664568e-05,13
I115748381,0.0004040948275862069,3.0,0.0,2.5935620030519862e-05,2
I115752224,0.00013469827586206896,1.0,0.0,3.5559437637325713e-47,49
I115891769,0.006330818965517241,47.0,0.0,0.0013235956301866408,1
I115953327,0.0,0.0,0.0,1.6956061190283638e-53,50
I116067653,0.003367456896551724,26.0,0.00030305630009011054,0.0005884305604309976,16
I116121188,0.00013469827586206896,1.0,0.0,0.00017206526849080918,4
I116130893,0.0005387931034482759,4.0,0.0,4.8669711759186575e-06,13
I116265982,0.0018857758620689654,15.0,7.621954170092643e-05,0.0024577818172482305,4
I11662577,0.0008081896551724138,6.0,0.0,0.0011419314503906292,2
I116631150,0.0022898706896551722,31.0,1.1555806070401574e-05,0.0004113686674450124,13
I116660002,0.0014816810344827585,14.0,1.6331462788072485e-07,0.0007805746584540764,34
I116891498,0.0006734913793103449,5.0,0.0,2.3987669355754384e-06,13
I116943215,0.00026939655172413793,2.0,0.0,1.7736638898204747e-43,51
I116953780,0.01912715517241379,203.0,0.0038543002217401316,0.03346901663383583,4
I11701301,0.012122844827586207,100.0,7.130982009163813e-05,0.01444594160049525,3
I117222138,0.0016163793103448276,13.0,1.3042242815326937e-05,6.112029630763913e-05,13
I117331123,0.0005387931034482759,4.0,0.0,6.001100991098032e-05,4
I117381506,0.0009428879310344827,7.0,0.0,1.8066775163931858e-08,13
I1174212,0.041891163793103446,418.0,0.00983910041634994,0.04005212951149216,24
I11750234,0.00026939655172413793,3.0,0.0,1.7474821542204626e-05,0
I117532281,0.0020204741379310346,20.0,7.258427905809994e-08,0.003085287582177245,4
I117807411,0.0,0.0,0.0,1.6956061190283638e-53,52
I11793825,0.0014816810344827585,12.0,1.5988502069522953e-05,1.8738885792911281e-06,13
I117942362,0.0006734913793103449,5.0,0.0,0.0004129469518988644,0
I117963711,0.0005387931034482759,4.0,0.0,6.651740681746077e-06,35
I117965899,0.013739224137931034,107.0,0.00016766424080328152,0.010739136321054207,11
I118019719,0.0037715517241379308,29.0,9.79887767284349e-07,0.0013963610921133075,24
I118020396,0.00013469827586206896,1.0,0.0,5.235451623807076e-06,11
I118073183,0.0,0.0,0.0,1.6956061190283638e-53,53
I118118575,0.002963362068965517,24.0,2.1775283717429981e-07,0.003483486158929198,4
I118292597,0.0004040948275862069,3.0,0.0,2.567197205056887e-06,13
I118298837,0.0,0.0,0.0,1.6956061190283638e-53,54
I118347220,0.0006734913793103449,5.0,0.0,0.00019231923301080289,6
I118347636,0.01575969827586207,156.0,0.0007716173748901412,0.015183882051737948,3
I118353179,0.00026939655172413793,2.0,0.0,5.1214890783473386e-05,34
I118373667,0.0008081896551724138,6.0,2.3589890693882479e-07,0.00023048240490952744,24
I118501908,0.009159482758620689,72.0,0.004638278094484874,0.0041137068208670895,21
I118564535,0.011988146551724138,105.0,0.0015220965659313009,0.005792869191602817,17
I118568048,0.0025592672413793103,19.0,0.0,0.0014254813738138184,0
I118574674,0.0,0.0,0.0,1.6956061190283638e-53,55
I118590987,0.0009428879310344827,9.0,1.4516855811619982e-07,4.143192002434091e-06,13
I118692353,0.0008081896551724138,6.0,0.0004468940613229594,0.0005821393416820444,13
I1187138,0.0008081896551724138,6.0,0.0,0.00032498249202727615,2
I11874761,0.0004040948275862069,3.0,3.629213952904997e-08,1.7651567995792812e-05,11
I11880225,0.0025592672413793103,19.0,8.63246703051528e-05,0.0024524967572355123,0
I118803816,0.0004040948275862069,3.0,0.0,1.4983353301649523e-05,4
I11883440,0.00026939655172413793,2.0,0.0,4.525039458813259e-05,0
I11886867,0.0016163793103448276,12.0,0.0,6.393436678182572e-05,0
I118905719,0.0013469827586206897,10.0,0.0002427944134493443,0.00014191220312362044,2
I11892038,0.0008081896551724138,6.0,0.0,4.845001569509216e-08,2
I11893660,0.00013469827586206896,1.0,0.0,1.6867197220296456e-08,13
I118946981,0.00026939655172413793,2.0,0.0,1.7736638898204747e-43,56
I118987531,0.0016163793103448276,14.0,2.9033711623239975e-07,0.0017738471881243861,4
I119003972,0.003636853448275862,27.0,0.0006025372221860916,0.0014999816375694136,6
I119004910,0.0013469827586206897,10.0,2.1948881118177268e-05,9.495933122685237e-05,17
I119045251,0.0009428879310344827,10.0,0.0,0.0012009542582048893,4
I119060216,0.0,0.0,0.0,1.6956061190283638e-53,57
I119096390,0.00013469827586206896,1.0,0.0,2.5155676313167076e-07,24
I11912373,0.0004040948275862069,3.0,0.0,1.9810195322631416e-05,34
I119203015,0.00026939655172413793,2.0,0.0,4.228030304216702e-05,6
I11923345,0.0010775862068965517,11.0,7.500375502670327e-07,0.00022997604756379132,27
I119234918,0.00026939655172413793,2.0,0.0,4.866889399063346e-05,24
I119241673,0.0006734913793103449,5.0,1.0887641858714991e-07,0.00016262366557714622,2
I119273862,0.0009428879310344827,8.0,7.258427905809994e-08,0.0003870710063044188,4
I119311299,0.0004040948275862069,3.0,0.0,3.2166362195775355e-08,13
I11932220,0.0028286637931034483,25.0,2.232571450028724e-05,0.0017006354760225615,6
I11935315,0.0013469827586206897,10.0,0.0,0.00020544247736192792,1
I119439378,0.0018857758620689654,16.0,1.1696855758714111e-05,9.456053384086419e-05,6
I119443389,0.0005387931034482759,4.0,0.0002428669977284024,4.650339445859511e-05,13
I119449181,0.0004040948275862069,3.0,0.0,0.00032008214283707953,1
I119454577,0.0006734913793103449,5.0,3.3267794568295805e-07,0.00010180918247451645,4
I11947397,0.0013469827586206897,10.0,0.0,0.0008051444085692548,2
I119474363,0.0013469827586206897,10.0,1.4516855811619988e-07,0.00021071887235734485,13
I11957088,0.0013469827586206897,10.0,0.0,0.0007512856259178777,13
I119575151,0.00013469827586206896,1.0,0.0,0.0001174316761320693,11
I119664326,0.0008081896551724138,6.0,0.0002427944134493443,3.328814088491131e-06,3
I119668213,0.0,0.0,0.0,1.6956061190283638e-53,58
I119744171,0.0021551724137931034,19.0,0.000328988292159608,2.3084076948165377e-05,13
I11983389,0.0051185344827586205,38.0,1.5777273176478293e-05,0.00032824833753480816,13
I119856527,0.0017510775862068966,13.0,0.0008527491440861813,0.0007028989451161898,16
I11986463,0.0004040948275862069,3.0,0.0,2.5012474054062787e-06,3
I119916105,0.00026939655172413793,2.0,0.0,9.244553356817135e-06,17
I119939252,0.0012122844827586207,10.0,5.101344106001695e-05,0.0001426312779702934,13
I119942284,0.00026939655172413793,2.0,0.0,2.4513844161420014e-06,0
I120125038,0.003232758620689655,25.0,2.5262353457179517e-05,0.00047784727253568184,13
I120156002,0.0020204741379310346,15.0,0.0,0.0016801177257745208,0
I120158604,0.0,0.0,0.0,1.6956061190283638e-53,59
I120230055,0.0009428879310344827,7.0,0.0,3.383398271092004e-05,27
I120238654,0.00013469827586206896,1.0,0.0,5.7544595822130125e-06,13
I120250893,0.0017510775862068966,14.0,0.00022954173383131957,0.0022200090628025403,0
I120691247,0.0017510775862068966,13.0,0.0,0.0016825357976114838,0
I12079687,0.003636853448275862,40.0,0.00041550846264908325,0.0006171801532767775,13
I12093191,0.007004310344827586,54.0,2.6069853561700893e-06,0.005243130263668546,0
I12097938,0.0010775862068965517,9.0,0.00048667759108456007,0.0003339801769024372,0
I121032520,0.0004040948275862069,3.0,0.0,3.216002938312536e-05,17
I121058860,0.00013469827586206896,1.0,0.0,5.965497843859303e-05,2
I12113309,0.00013469827586206896,1.0,0.0,5.09367814588709e-05,24
I121243025,0.0025592672413793103,20.0,3.113727053974803e-05,1.2511604777255167e-05,13
I121296143,0.00026939655172413793,2.0,0.0,4.521605390482374e-06,0
I121345201,0.0005387931034482759,5.0,0.0,0.0001983018437540508,27
I12138139,0.0008081896551724138,6.0,0.0,0.00032162287301531854,0
I121748325,0.003232758620689655,27.0,0.0004598403315915322,0.001103016794391444,17
I121750182,0.00026939655172413793,2.0,0.0,3.0874143192464844e-09,13
I12176630,0.0004040948275862069,3.0,0.0,7.457354575999289e-41,60
I121797337,0.01293103448275862,105.0,0.0010731972774895052,0.010942450039899408,11
I121799043,0.0008081896551724138,8.0,6.895506510519494e-07,0.00011363426913850066,6
I121820613,0.0014816810344827585,11.0,0.0002430121662865186,0.000920226297849451,4
I121847817,0.006869612068965517,53.0,2.5283523871904808e-06,0.004037639076887342,3
I121883995,0.00525323275862069,41.0,1.6995004072461958e-05,0.004598480229300226,17
I121934306,0.0037715517241379308,29.0,8.165731394036243e-07,0.004256623838688162,6
I121980950,0.0017510775862068966,13.0,9.988867023278018e-05,0.00016377421283046876,1
I122140584,0.003367456896551724,31.0,0.00040627578354890517,0.0012182648218498598,11
I122266389,0.0008081896551724138,11.0,0.0,0.00013977760872630873,11
I122346577,0.008081896551724138,74.0,0.00019201186637295037,0.003406434169681435,17
I122411786,0.018992456896551723,169.0,2.979222952540246e-05,0.018347449619120507,11
I122534668,0.0014816810344827585,11.0,0.0003388718041625826,0.0004861672741005907,16
I122571602,0.0005387931034482759,4.0,0.0,0.0011604309554598099,0
I122640774,0.00026939655172413793,4.0,0.0,2.81036863692907e-06,13
I122690471,0.006330818965517241,47.0,0.0,0.0013235956301866408,1
I122964287,0.00646551724137931,48.0,0.0,0.0007268632850661923,13
I122991210,0.0013469827586206897,11.0,7.076967208164744e-07,0.00031274605669591384,6
I123044942,0.0020204741379310346,21.0,0.0008638633525873848,0.0005057412620685005,21
I12311892,0.0006734913793103449,5.0,0.0,0.0002873462279378051,0
I12315562,0.0012122844827586207,13.0,6.871311750833461e-06,0.00021344255317371858,11
I123173325,0.00026939655172413793,2.0,0.0,1.740565155103194e-07,3
I123387679,0.009428879310344827,76.0,0.0034060982372701096,0.0046762557462474395,1
I123431417,0.005926724137931034,53.0,0.00024246778419358285,0.013689527301615033,0
I123443094,0.0004040948275862069,5.0,0.0,4.605646741020286e-05,2
I123466251,0.00026939655172413793,2.0,0.0,0.0001585665323348377,11
I123534392,0.004310344827586207,45.0,0.0016281207535122353,0.0016183327829247588,13
I123565023,0.0013469827586206897,12.0,0.0005441567910193355,8.35501699476451e-06,13
I12356871,0.0004040948275862069,3.0,0.0,0.00021117123479934114,24
I123758333,0.0,0.0,0.0,1.6956061190283638e-53,62
I123791789,0.0006734913793103449,5.0,0.0,7.350215283947342e-05,16
I12379730,0.0,0.0,0.0,1.6956061190283638e-53,63
I123900574,0.0016163793103448276,16.0,0.0004855162426196305,0.0013886549361549062,0
I12393601,0.0008081896551724138,6.0,0.0,0.0013962955645265864,2
I123946342,0.002963362068965517,24.0,0.0002450384774102239,0.0014421898328234916,24
I124055696,0.01697198275862069,167.0,0.006679882621048463,0.017245820836967008,0
I12411659,0.0024245689655172415,19.0,1.2520788137522239e-06,0.00034461035119720193,4
I124121301,0.00026939655172413793,2.0,0.0,1.897427372854854e-07,13
I124158823,0.0009428879310344827,7.0,2.1775283717429981e-07,0.0001601323385419989,11
I124227911,0.004983836206896551,40.0,0.0005886548739472378,0.004846485032687885,34
I124246371,0.0005387931034482759,4.0,0.0,0.00022473416496787395,16
I124261006,0.0013469827586206897,10.0,0.0,0.00106353445850797,11
I124261462,0.0005387931034482759,4.0,0.0,8.085280032293146e-39,31
I124357947,0.009294181034482759,73.0,1.1850593294219116e-05,0.004146422602934682,16
I124386471,0.0004040948275862069,3.0,0.0,3.705654978587803e-05,16
I124600578,0.0012122844827586207,9.0,0.0,0.00011242950406886928,1
I124601658,0.0012122844827586207,12.0,0.0007166433735295734,3.9963706598772925e-05,6
I124633538,0.0008081896551724138,6.0,1.2702248835167488e-06,4.690711914471167e-05,13
I12469534,0.0012122844827586207,9.0,8.935911605438e-06,7.4026457807397525e-06,13
I124841900,0.00013469827586206896,1.0,0.0,1.6835604405488932e-06,4
I125133608,0.00026939655172413793,2.0,0.0,0.000540791519271515,0
I12524447,0.0004040948275862069,5.0,0.0,4.412205804130448e-05,0
I125467818,0.00013469827586206896,1.0,0.0,3.5559437637325713e-47,64
I125485651,0.0005387931034482759,4.0,0.0,1.086333125353506e-08,13
I125523173,0.0013469827586206897,10.0,0.0,0.00046561861320810495,1
I125602781,0.0021551724137931034,18.0,0.0,0.0005018227090739815,6
I125671874,0.0004040948275862069,3.0,0.0,0.00024268873263831356,3
I125680101,0.009159482758620689,80.0,2.1872062756174116e-06,0.007064542152508571,17
I125749732,0.01037176724137931,84.0,0.0004812753044926636,0.008432766618335122,16
I125768316,0.0006734913793103449,6.0,0.0,0.00012911035212495085,6
I125839683,0.014816810344827586,156.0,0.002281162765217886,0.030921490143969596,4
I125904092,0.0021551724137931034,16.0,0.00010505848550869391,0.0018036188263125398,4
I125934054,0.0004040948275862069,3.0,0.0,0.0002616695455673181,24
I125989756,0.0008081896551724138,7.0,1.5968541392781985e-05,0.0002619470390507892,21
I12607205,0.0004040948275862069,4.0,0.0,6.892171665614071e-05,0
I126131087,0.0008081896551724138,7.0,0.0,0.00015516897486013176,13
I126145234,0.0006734913793103449,5.0,0.0002427944134493443,1.5233394553927947e-08,35
I12615008,0.0021551724137931034,20.0,9.194008680692658e-08,0.0037375828514310955,4
I126158947,0.004445043103448276,33.0,0.0,0.0006184717896368956,3
I126193024,0.0010775862068965517,8.0,0.0,4.883552767663024e-05,13
I126231945,0.01171875,99.0,0.0012193748569897147,0.009047105890197967,16
I126307644,0.005657327586206897,45.0,0.0007254738204957873,0.004053111103341807,0
I126345244,0.0010775862068965517,8.0,3.629213952904997e-08,0.0006435138693686753,2
I126350171,0.010641163793103448,79.0,2.1310744331458147e-05,0.006946354863282871,11
I126427551,0.0005387931034482759,4.0,0.0,6.2408477032828924e-06,13
I126460647,0.00026939655172413793,2.0,0.0,8.37009503918131e-08,0
I126477371,0.0006734913793103449,6.0,0.0004980158603424274,1.6999103711923663e-05,1
I12649496,0.0013469827586206897,10.0,0.0002388779888459068,2.3162680700734235e-06,13
I126520041,0.025592672413793104,351.0,0.011238240171618553,0.08173097796666888,4
I126527374,0.0016163793103448276,12.0,0.00026260629241825283,2.1577501953758574e-05,35
I126596746,0.0013469827586206897,10.0,0.00021497985848471275,0.00012594012935967342,35
I126633494,0.0012122844827586207,9.0,0.00019670037190249012,0.0002491014885083604,2
I126744593,0.005387931034482759,42.0,8.318763249050409e-05,0.003084657400062656,24
I126820664,0.0008081896551724138,6.0,7.258427905809994e-08,0.0001437526398391984,11
I126859394,0.0010775862068965517,8.0,0.0,0.0003150497453004372,0
I126924076,0.0008081896551724138,6.0,1.7115373001899968e-05,0.0002531413173517868,4
I12708293,0.006734913793103448,58.0,9.01254798304741e-07,0.0038310709786661696,17
I127108677,0.00013469827586206896,1.0,0.0,4.857887985316491e-07,13
I127110123,0.0,0.0,0.0,1.6956061190283638e-53,65
I127206278,0.00026939655172413793,2.0,0.0,1.7736638898204747e-43,66
I127251866,0.006330818965517241,47.0,0.0,0.0013235956301866408,1
I127328727,0.0004040948275862069,5.0,0.0,4.412205804130448e-05,0
I127336678,0.0004040948275862069,4.0,0.0,1.353006740092229e-05,1
I127362389,0.0004040948275862069,3.0,0.0,7.487978322243073e-05,4
I127410070,0.0,0.0,0.0,1.6956061190283638e-53,67
I127439422,0.0008081896551724138,6.0,0.0,1.232197500664568e-05,13
I127462306,0.00026939655172413793,2.0,0.0,4.788263461993999e-05,13
I127591826,0.00026939655172413793,2.0,0.0,3.6969303612556736e-06,21
I127845322,0.0005387931034482759,4.0,0.0,4.0808353279007264e-05,21
I127859547,0.00013469827586206896,1.0,0.0,2.5408566478913045e-09,13
I127908078,0.00013469827586206896,1.0,0.0,8.721786171993284e-06,0
I1279696364,0.00013469827586206896,1.0,0.0,3.5559437637325713e-47,68
I1279858714,0.0005387931034482759,4.0,0.0,0.0012032552115475356,0
I1280339224,0.00013469827586206896,1.0,0.0,5.334705905609795e-07,24
I1280367701,0.0012122844827586207,9.0,0.0,0.00011242950406886928,1
I1280536761,0.00026939655172413793,2.0,0.0,0.0001293043523912896,13
I1280581677,0.0026939655172413795,22.0,0.0,0.00471983018710714,0
I1280640908,0.006061422413793103,45.0,0.0,0.0032744004661706457,0
I1281027232,0.0005387931034482759,4.0,0.0,0.0002543589199575376,3
I1281109512,0.00026939655172413793,2.0,0.0,1.7736638898204747e-43,69
I1281210470,0.0010775862068965517,8.0,0.0,0.00021189740401518216,13
I1281400175,0.0010775862068965517,8.0,0.0,0.000485589612140808,17
I1281412581,0.00013469827586206896,1.0,0.0,3.5559437637325713e-47,70
I1281504905,0.0016163793103448276,16.0,0.0,0.0036374101215702766,0
I1281661879,0.0004040948275862069,3.0,0.0,9.537595924999567e-06,16
I1281704429,0.0006734913793103449,5.0,0.0,0.0006083672673994877,17
I1281735042,0.0012122844827586207,9.0,0.0,0.00011242950406886928,1
I1281802846,0.0008081896551724138,6.0,0.0004855162426196305,9.14973228526098e-06,3
I1282070171,0.00013469827586206896,1.0,0.0,0.0007286178212717129,0
I1282105669,0.017780172413793104,181.0,0.001062104988288447,0.019631618680652226,0
I128212801,0.008216594827586207,61.0,3.7017982319630967e-06,0.004140227191037727,0
I1282311441,0.0066002155172413795,53.0,0.0001286662630427729,0.00456144924753338,1
I1282462722,0.0,0.0,0.0,1.6956061190283638e-53,71
I1282516798,0.0009428879310344827,7.0,0.0,0.00039186944535641585,1
I1282691321,0.0,0.0,0.0,1.6956061190283638e-53,72
I1282776028,0.00026939655172413793,3.0,0.0,0.00026676213078068,0
I1282927834,0.01912715517241379,183.0,0.0004037354489950116,0.018134220804535025,24
I12832649,0.003502155172413793,32.0,0.001799191112498829,0.001954152518220823,13
I1283280774,0.028017241379310345,400.0,0.004158030997889137,0.07756062520130141,0
I1283382300,0.0016163793103448276,12.0,0.0,4.0773490284100025e-05,1
I12834331,0.00013469827586206896,1.0,0.0,3.5559437637325713e-47,73
I1283473643,0.00026939655172413793,2.0,0.0,0.00036541748186941214,0
I1283595831,0.00026939655172413793,2.0,0.0,0.0007391684788026068,0
I1283613182,0.0021551724137931034,21.0,9.645923586699752e-05,0.0002538099456328368,2
I1284308235,0.010910560344827586,81.0,0.0,0.005191661795350437,24
I1284584826,0.00013469827586206896,1.0,0.0,0.00013309145478544688,17
I1284598098,0.0024245689655172415,31.0,0.007544645864205847,0.004686772759720112,0
I1284762954,0.003367456896551724,26.0,9.11180148585034e-06,0.0029695582547610145,0
I1285013897,0.0017510775862068966,19.0,3.084831859969247e-07,0.0009270840797061066,0
I1285072804,0.0021551724137931034,16.0,0.0,0.0007292932104740052,17
I1285204247,0.0028286637931034483,22.0,6.699269727494559e-06,0.0005609952508726163,21
I1285301757,0.0017510775862068966,13.0,0.0,0.0024465270662938263,0
I1285399213,0.0006734913793103449,5.0,0.0,0.0016216742089570693,4
I1285739803,0.0009428879310344827,7.0,0.0,0.0013426317730806238,16
I1285764155,0.0010775862068965517,8.0,1.302887809092894e-05,0.0002967156815084396,21
I1285790362,0.0066002155172413795,49.0,1.6694384183362986e-06,0.0013402473643152276,1
I1285944625,0.00026939655172413793,2.0,0.0,0.00022854716492288324,17
I12859529,0.00013469827586206896,1.0,0.0,6.53943063605098e-07,13
I1285985921,0.0005387931034482759,4.0,0.0002427944134493443,0.0004573149867336143,3
I1286329397,0.0004040948275862069,4.0,0.0,9.796874154547082e-05,0
I1286353243,0.0009428879310344827,7.0,0.0004855162426196305,0.0004215558073978249,16
I1286406326,0.006330818965517241,47.0,0.0,0.0013235956301866408,1
I1286490081,0.00026939655172413793,2.0,0.0,8.919623208671599e-05,21
I128649747,0.0004040948275862069,3.0,0.0,0.00032788287973945326,13
I1286704778,0.0022898706896551722,17.0,0.0,0.0011066747009099806,17
I1286825341,0.0,0.0,0.0,1.6956061190283638e-53,74
I12870472,0.008755387931034482,70.0,0.000799954061409784,0.0014804338740337418,3
I1287097855,0.00026939655172413793,2.0,0.0,1.734892720137155e-05,3
I1287163989,0.0008081896551724138,6.0,0.0,0.0008274880220237927,6
I1287378978,0.00026939655172413793,2.0,0.0,0.000104109820890791,0
I1287402277,0.009967672413793103,74.0,0.0,0.006904944637433569,11
I1287896540,0.00026939655172413793,2.0,0.0,0.0009401824254450477,0
I1288039508,0.0,0.0,0.0,1.6956061190283638e-53,75
I1288162130,0.0010775862068965517,8.0,0.0,0.00012178887270616469,21
I1288214837,0.005387931034482759,40.0,0.0,0.0030344258377690905,1
I1288675226,0.0014816810344827585,11.0,0.0,0.0009474063889060751,1
I1288702032,0.0005387931034482759,4.0,0.0,0.0010236411238683325,4
I1288882113,0.014008620689655173,157.0,0.002020515269022501,0.026001509092765534,0
I1289019353,0.0030980603448275863,23.0,0.0,0.001264550765522234,17
I1289142772,0.0014816810344827585,11.0,0.0,0.0004048247739903377,16
I1289243028,0.014682112068965516,123.0,0.0009929742807492454,0.008597799629485349,1
I128932393,0.0004040948275862069,3.0,0.0,2.5517427767154755e-07,13
I1289437631,0.0021551724137931034,16.0,0.0,0.002927192241727505,0
I1289461252,0.00013469827586206896,1.0,0.0,3.5559437637325713e-47,12
I1289490764,0.0,0.0,0.0,1.6956061190283638e-53,76
I1289530486,0.0017510775862068966,16.0,0.0,0.0028276289457384992,0
I1289568071,0.00013469827586206896,1.0,0.0,3.5559437637325713e-47,77
I128956969,0.00013469827586206896,1.0,0.0,3.310848547848594e-06,21
I1289784979,0.00646551724137931,61.0,1.2974439881635364e-06,0.007000156313082378,16
I1289910757,0.004310344827586207,35.0,2.0925788422882147e-05,0.0008951492592483636,16
I1290206253,0.02478448275862069,360.0,0.008825116708177694,0.06712923813168406,0
I129043915,0.00013469827586206896,1.0,0.0,1.410758820839355e-05,34
I1290603121,0.003502155172413793,26.0,3.8711615497653297e-07,0.0036851078767962476,4
I12912129,0.020070043103448277,184.0,0.003376820268550222,0.026279040609646916,11
I1291425158,0.04162176724137931,590.0,0.03379126608618023,0.08806416609161265,0
I1291431925,0.0014816810344827585,11.0,0.0,0.0004048247739903377,16
I129162050,0.012257543103448275,99.0,5.412555083973314e-05,0.0016287025060953216,13
I1291836623,0.013873922413793103,121.0,2.1288536998460598e-05,0.00714458397263524,24
I1292020679,0.003502155172413793,32.0,0.00024376220383678563,0.003861033428048401,11
I1292235266,0.0004040948275862069,3.0,0.0,2.9435586108135883e-06,16
I1292859797,0.0006734913793103449,5.0,0.0,0.0002548071024619091,0
I1292875679,0.009698275862068966,114.0,0.0011188843950836168,0.007256363506344365,2
I1292894508,0.0017510775862068966,15.0,8.468165890111659e-08,0.0005970614106411353,1
I1292966370,0.0005387931034482759,4.0,0.0,5.028230473716409e-05,11
I1292974536,0.0005387931034482759,4.0,0.0,0.00024578095437150296,4
I1293035123,0.00026939655172413793,2.0,0.0,5.445944062896518e-05,0
I1293226324,0.0004040948275862069,3.0,0.0,1.7821764938420598e-06,13
I1293302089,0.00026939655172413793,2.0,0.0,2.1402115695057023e-05,1
I1293309919,0.0006734913793103449,5.0,0.0,2.079307060498875e-05,0
I1293318137,0.00026939655172413793,2.0,0.0,2.4380498452454486e-05,16
I129335695,0.0025592672413793103,19.0,2.1775283717429981e-07,0.0020030424594890224,4
I1293718874,0.0025592672413793103,23.0,1.881648234455155e-06,4.192039152985287e-05,35
I1294182474,0.0,0.0,0.0,1.6956061190283638e-53,78
I1294278766,0.0010775862068965517,8.0,0.0,0.001395915870307107,0
I1294350288,0.00013469827586206896,1.0,0.0,6.753031964709719e-05,21
I1294504835,0.004445043103448276,36.0,6.5873257590186444e-06,0.002042420147981963,6
I1294578330,0.0009428879310344827,7.0,0.0,2.0255185727896717e-05,13
I1294606314,0.011045258620689655,131.0,0.0008987325865564207,0.027324428136002953,4
I1294671590,0.06667564655172414,728.0,0.05659732019085655,0.04338141341001011,1
I1294991024,0.0006734913793103449,5.0,0.0,0.0004643848189061291,0
I1295121038,0.00026939655172413793,2.0,0.0,1.7736638898204747e-43,79
I1295499534,0.0005387931034482759,4.0,0.0,0.0004055419075260595,34
I1295801184,0.0,0.0,0.0,1.6956061190283638e-53,80
I1295876152,0.003232758620689655,29.0,1.1492510850865823e-07,0.001703801766681164,0
I129604602,0.025457974137931032,284.0,0.012438223289667375,0.0483978206411857,4
I129643931,0.0006734913793103449,5.0,0.0007282380717899167,0.00014915215872993303,3
I1296637509,0.0008081896551724138,6.0,0.0,0.0005685187079763741,17
I129672417,0.00026939655172413793,2.0,0.0,5.723304032499886e-43,81
I1296725772,0.0,0.0,0.0,1.6956061190283638e-53,82
I1296788130,0.006734913793103448,50.0,0.0,0.008551302713276428,4
I1296812847,0.0008081896551724138,6.0,0.0,0.0011992698954004322,0
I12970578,0.0004040948275862069,3.0,0.0,7.487978322243073e-05,4
I129708740,0.004983836206896551,38.0,2.231966581036573e-06,0.0028785153466692024,4
I1297127228,0.0016163793103448276,12.0,0.0,0.0022882086099773814,11
I1297288678,0.003367456896551724,29.0,2.4945402105292493e-05,0.0012885950639316345,11
I129734738,0.0018857758620689654,14.0,2.1754703770054185e-05,7.481538479397168e-05,2
I1297363086,0.0028286637931034483,26.0,7.258427905809994e-08,0.003652669370320964,0
I129774422,0.01953125,165.0,0.0022052183070779634,0.011523374493958655,1
I1297971548,0.0014816810344827585,16.0,0.0,0.0025137747549616243,0
I129798099,0.00026939655172413793,2.0,0.0,5.798011926323355e-09,13
I1297991670,0.0010775862068965517,11.0,1.8581575438873584e-05,2.3827941339522286e-05,3
I129801699,0.006196120689655173,51.0,0.00014616538221526445,0.004360140917245323,0
I1298154867,0.0009428879310344827,7.0,0.0,0.0005700518442706516,0
I1298200873,0.0,0.0,0.0,1.6956061190283638e-53,83
I129826125,0.00013469827586206896,2.0,0.0,2.7683876691417076e-05,3
I1298353152,0.0010775862068965517,11.0,0.00018199540183431111,0.0009200723968822933,0
I1298354342,0.00026939655172413793,2.0,0.0,2.83687457392318e-06,21
I1298563314,0.0008081896551724138,6.0,0.0,0.0007038236753104738,21
I129877168,0.007677801724137931,58.0,0.00024722542445627314,0.003509305120790066,21
I129902397,0.0014816810344827585,12.0,0.000508428680042304,0.0005176195279461122,0
I1299209451,0.003232758620689655,24.0,0.0,0.0010869508223672808,13
I1299218025,0.0022898706896551722,17.0,0.0,0.002282796978010597,0
I1299303238,0.026804956896551723,283.0,0.003214247250036055,0.023591947523297,24
I1299319934,0.0004040948275862069,3.0,0.0,0.00012947850207762848,3
I1299343005,0.0,0.0,0.0,1.6956061190283638e-53,84
I1299528221,0.0006734913793103449,6.0,0.0006065323818792476,1.3512838628586197e-05,6
I129975664,0.02235991379310345,178.0,2.925921717686715e-05,0.01374206706534973,24
I1300393620,0.0004040948275862069,3.0,0.0,1.1012636624656897e-05,27
I1300699541,0.0006734913793103449,5.0,0.00014675331487563504,0.00045657448869218737,0
I1300757298,0.0012122844827586207,9.0,0.0,0.0033340409560526714,4
I130081021,0.0013469827586206897,10.0,0.0,0.0001652846266450991,13
I1300891529,0.002963362068965517,22.0,0.0,0.00045105815042624075,27
I1301041018,0.0010775862068965517,8.0,0.0,0.0018483226088874957,4
I1301076528,0.010910560344827586,81.0,0.0,0.005191661795350437,24
I1301102746,0.0013469827586206897,10.0,0.0,0.0010471098647364013,0
I1301390666,0.00026939655172413793,2.0,0.0,1.3288256192824304e-06,21
I1301653859,0.0005387931034482759,4.0,0.0,0.000917396117635889,4
I130194489,0.00026939655172413793,2.0,0.0,8.24604834799997e-05,21
I1302135459,0.00013469827586206896,1.0,0.0,1.3735831506568101e-05,11
I1302166312,0.0004040948275862069,3.0,0.0,0.0009233129202250319,24
I130217899,0.0028286637931034483,21.0,0.0,0.0015658570554702674,17
I130218214,0.00026939655172413793,2.0,0.0,1.517233702176741e-06,13
I130238516,0.021551724137931036,180.0,0.0017860422831261018,0.014593604426644572,21
I1302485747,0.0008081896551724138,6.0,0.0,0.00032284161663559294,0
I1302611135,0.0009428879310344827,8.0,0.0,0.0025608705271664444,4
I130291710,0.00013469827586206896,1.0,0.0,5.096286233474892e-05,4
I130294970,0.0012122844827586207,9.0,0.0,2.8079234475134577e-05,21
I1302978242,0.00026939655172413793,2.0,0.0,0.00025373178998847756,4
I1302991022,0.0004040948275862069,3.0,0.0,0.001019869078012942,0
I1303043848,0.0013469827586206897,10.0,0.0,0.0018872492458805595,1
I1303077703,0.0013469827586206897,10.0,8.710113486971993e-07,0.000751652379237889,3
I130309236,0.0014816810344827585,11.0,2.5591632615192313e-05,1.1302296876683572e-05,13
I1303153112,0.009563577586206896,79.0,3.579917130044703e-05,0.006488156337960302,17
I130343225,0.0014816810344827585,12.0,0.0004972461645499155,0.0004515464452898719,13
I1303444417,0.0014816810344827585,11.0,0.0,0.0004048247739903377,16
I1303691731,0.0051185344827586205,44.0,1.935580774882665e-07,0.002435491978743367,17
I1304082316,0.00026939655172413793,2.0,0.0,1.4614573908161823e-05,11
I1304085615,0.0024245689655172415,20.0,1.9416294648041734e-06,0.0018966360862229653,0
I1304132090,0.0010775862068965517,8.0,0.0,0.0003984620689362714,24
I1304256225,0.004175646551724138,35.0,1.4516855811619986e-06,0.005921452041229504,0
I1304278710,0.00013469827586206896,1.0,0.0,2.442666097468932e-06,0
I130438778,0.01293103448275862,99.0,1.0297289722375778e-05,0.006600456672275359,24
I130480701,0.0004040948275862069,3.0,0.0,0.0007563623858267562,4
I1305001552,0.00013469827586206896,1.0,0.0,0.00011644727988509267,4
I1305343817,0.0008081896551724138,6.0,0.00024333879554228004,0.00023719107510922102,13
I130536721,0.0008081896551724138,11.0,0.0,0.0010347007594382327,0
I1305429384,0.00013469827586206896,1.0,0.0,0.0001592288039716723,0
I1305444813,0.0005387931034482759,5.0,0.0,0.000937029738055589,11
I1305996414,0.0017510775862068966,21.0,0.0,0.001815529027190881,17
I1306117286,0.0004040948275862069,3.0,0.0,0.0004092981388087136,0
I1306266525,0.007004310344827586,52.0,3.7323873209947248e-06,0.003451495469814015,0
I1306339040,0.00026939655172413793,2.0,0.0,1.2707077417872047e-05,1
I1306409833,0.01050646551724138,111.0,0.0028091204759670544,0.019996609863715886,0
I1306686416,0.00013469827586206896,1.0,0.0,7.111774573584407e-05,0
I130692619,0.0014816810344827585,13.0,0.0002429516793873035,0.00044846427324540274,11
I130701444,0.028151939655172414,305.0,0.005217461915351374,0.04476792495580787,0
I1307098950,0.00013469827586206896,1.0,0.0,0.00020556574135066353,0
I1307195382,0.0008081896551724138,6.0,0.0,0.00032576084425816525,24
I1307248880,0.0006734913793103449,5.0,0.0,3.799661364358091e-05,3
I130769515,0.01697198275862069,141.0,0.0028647980618255486,0.016776684761155927,2
I1307721752,0.0016163793103448276,12.0,0.0,2.2495342449220264e-05,34
I130785548,0.003232758620689655,27.0,8.335094711838475e-06,0.0014252600433414043,21
I1308126019,0.007677801724137931,58.0,2.9735647686988343e-06,0.002090065606319441,1
I130823665,0.0012122844827586207,9.0,1.826704356295515e-06,0.0002219981481414927,13
I130828816,0.030441810344827586,268.0,0.005354516353431727,0.01710956154211813,1
I130830085,0.0010775862068965517,8.0,0.0,7.621977986855604e-05,6
I1308548392,0.0025592672413793103,19.0,1.4516855811619988e-07,0.0018820809474863265,6
I1308683654,0.004175646551724138,34.0,1.016179906813399e-07,0.007725705256474417,0
I1308814778,0.0014816810344827585,15.0,1.143202395165074e-06,0.0008515018362500771,27
I1308893265,0.0006734913793103449,5.0,0.0,5.937513063557509e-06,13
I1308923049,0.004445043103448276,33.0,0.0,0.0024087497563449294,16
I130929987,0.003636853448275862,30.0,0.00024406042852121593,0.0002997225746475488,34
I1309849503,0.0009428879310344827,14.0,0.0,0.00327829031402948,0
I1310019138,0.00013469827586206896,1.0,0.0,3.5559437637325713e-47,85
I1310342693,0.0005387931034482759,4.0,0.0,0.0002672936908238763,0
I1310770535,0.00026939655172413793,2.0,0.0,0.0003159657011594041,4
I131077856,0.0017510775862068966,13.0,0.0,0.002757113749448634,3
I1310987316,0.0014816810344827585,11.0,0.0,0.001086587437774009,0
I1311060795,0.0008081896551724138,6.0,0.0,0.00016517172774502232,6
I1311099166,0.009967672413793103,74.0,0.0,0.006904944637433569,11
I1311191458,0.0016163793103448276,12.0,0.0,0.0011128752430760002,0
I1311269955,0.0004040948275862069,3.0,0.0,0.0010444532739379848,11
I131155284,0.0009428879310344827,7.0,0.0002427944134493443,0.00042575423790066177,2
I1311564700,0.0010775862068965517,8.0,0.0,0.0007857774261419351,1
I1311643757,0.0006734913793103449,5.0,0.0,0.0006451985667757733,0
I1311688040,0.01670258620689655,158.0,0.0010280952210897788,0.027067545855340977,0
I1311921367,0.00026939655172413793,2.0,0.0,6.504727072880433e-05,0
I1312222531,0.0012122844827586207,9.0,1.4516855811619988e-07,0.00043409282904558405,21
I1312237181,0.0008081896551724138,6.0,0.0,0.0018395173112784762,4
I131249849,0.0021551724137931034,16.0,0.0,0.0007087682188393391,21
I1313003366,0.009967672413793103,74.0,0.0,0.006904944637433569,11
I1313142568,0.003367456896551724,25.0,0.0,0.0024125822899418274,21
I1313298211,0.004310344827586207,32.0,2.395281208917298e-06,0.0018987228102530823,17
I1313323035,0.00013469827586206896,1.0,0.0,7.675121581259344e-08,35
I13134134,0.0014816810344827585,11.0,8.425825060661102e-07,2.6545991647126756e-05,34
I131359167,0.0006734913793103449,5.0,0.00013278799323426555,3.5512508474795925e-06,13
I1314135232,0.01171875,90.0,1.5908054493566903e-05,0.00566266223039646,24
I1314251682,0.0008081896551724138,6.0,0.0,4.4012987469683426e-05,1
I131434179,0.0014816810344827585,11.0,0.0,0.002453918372366378,4
I1314596251,0.003636853448275862,49.0,6.169663719938494e-07,0.006251973847933621,0
I1314696892,0.01818426724137931,148.0,4.121716897667811e-06,0.013982911091892807,11
I1314849024,0.0008081896551724138,6.0,5.274457611555261e-06,0.00014814777918542254,0
I1315085146,0.0006734913793103449,5.0,0.0,4.314632925838871e-06,2
I1315279114,0.0005387931034482759,4.0,0.0,0.00019028320870365746,4
I1315288073,0.00026939655172413793,2.0,0.0,5.174997405948568e-05,17
I1315496137,0.0020204741379310346,16.0,0.0,0.0011869369516816996,24
I131564278,0.00013469827586206896,1.0,0.0,7.138288737891063e-05,0
I1315649409,0.0013469827586206897,10.0,2.1775283717429981e-07,0.0007943414465692893,1
I1315708478,0.0005387931034482759,4.0,0.0,0.00039255597090666317,0
I131579929,0.0017510775862068966,14.0,0.0,0.0009567855218805846,34
I1315852903,0.007273706896551724,54.0,1.6150002090427237e-07,0.00349682498613337,1
I1315885867,0.0014816810344827585,11.0,0.0,0.0008592943793668475,0
I1316064682,0.0006734913793103449,5.0,0.0,0.0014709269809151059,4
I131651094,0.0006734913793103449,5.0,4.4155436427010794e-07,0.00024330684114358758,13
I1316535847,0.013604525862068966,184.0,0.004158572804706518,0.038334449100406495,0
I1316902750,0.018723060344827586,162.0,0.0006143401172397861,0.010668198409782852,24
I131705669,0.00013469827586206896,1.0,0.0,3.5559437637325713e-47,86
I131729948,0.0066002155172413795,63.0,0.0013257549289773585,0.0018998403460344607,17
I131740757,0.00013469827586206896,1.0,0.0,3.0576820727673926e-05,1
I1317621060,0.0004040948275862069,3.0,0.0,9.467824625917214e-05,24
I1317635190,0.0005387931034482759,4.0,0.0,0.0003929916434870129,16
I1317774081,0.006869612068965517,51.0,2.9457119917745553e-06,0.003729601101296926,3
I131787340,0.0004040948275862069,3.0,0.0,0.0010490482973493508,4
I131827901,0.00013469827586206896,1.0,0.0,1.0937869496972988e-05,17
I131835042,0.00013469827586206896,1.0,0.0,1.8219428826042036e-06,16
I1318611468,0.0,0.0,0.0,1.6956061190283638e-53,87
I1318617081,0.0005387931034482759,4.0,0.0,0.0007435753918736865,0
I1318643470,0.01037176724137931,84.0,2.8471183460539696e-06,0.011506537326848533,4
I131868736,0.0028286637931034483,27.0,0.0026131504401676587,0.000618493822679448,13
I1318687432,0.0026939655172413795,20.0,0.0,0.004719952244171927,0
I1319063186,0.0,0.0,0.0,1.6956061190283638e-53,88
I1319306116,0.00026939655172413793,2.0,0.0,0.0003016475560827387,0
I1319328641,0.006330818965517241,47.0,0.0,0.0013235956301866408,1
I1319360392,0.0016163793103448276,12.0,3.266292557614497e-07,0.0004229601339628548,17
I1319473763,0.0016163793103448276,12.0,0.0,4.0773490284100025e-05,1
I131948415,0.0004040948275862069,4.0,0.0,5.920747095133203e-06,3
I1319597252,0.0013469827586206897,10.0,0.0,0.0018872492458805595,1
I1319930901,0.00013469827586206896,1.0,0.0,5.745012700333363e-07,0
I1320320070,0.004849137931034483,41.0,0.0006728865103181939,0.005583126425457166,6
I1320354487,0.0004040948275862069,3.0,0.0,5.21774275291073e-05,4
I1320404931,0.0,0.0,0.0,1.6956061190283638e-53,89
I1320473756,0.01293103448275862,98.0,0.000490655521075411,0.005581676215230789,24
I132053463,0.010775862068965518,85.0,0.0001279582206825322,0.0040457929154636835,1
I1320796813,0.0030980603448275863,33.0,2.1049440926848984e-06,0.0030874896353017905,34
I1320999837,0.00026939655172413793,2.0,0.0,1.2126580277040407e-07,24
I132118926,0.00013469827586206896,1.0,0.0,3.690418742485406e-06,11
I1321296531,0.00646551724137931,53.0,0.0007067736907344522,0.007361978953047407,0
I1321305853,0.006330818965517241,54.0,0.0004979402517184091,0.008184068705024057,11
I1321430492,0.0010775862068965517,9.0,0.0,0.0007825659180186966,0
I132153292,0.0013469827586206897,11.0,3.1634648289488554e-06,0.0003627698535005927,21
I1321649718,0.0004040948275862069,3.0,0.0,0.0003447315447250239,4
I1322124587,0.0022898706896551722,17.0,0.0,0.002739257038745261,0
I1322300227,0.0017510775862068966,13.0,5.080899534066996e-07,4.129867366403427e-05,1
I1322731696,0.0004040948275862069,3.0,0.0,0.00015080036650022013,0
I132286405,0.0008081896551724138,6.0,0.0,3.0045953134998734e-05,13
I1322918889,0.0010775862068965517,8.0,0.0,0.0005382713885024533,11
I1323093577,0.00013469827586206896,1.0,0.0,6.123997766263738e-08,11
I1323121030,0.0012122844827586207,13.0,9.19400868069266e-08,4.819808953295739e-06,35
I1323252656,0.00646551724137931,50.0,8.816893157310375e-05,0.003226258981095523,13
I1323276237,0.00026939655172413793,2.0,0.0,2.1592236665093108e-05,1
I13236232,0.0010775862068965517,8.0,2.3009216461417675e-05,0.0003197566661595298,34
I132369690,0.0006734913793103449,5.0,0.0,0.0013249041596226725,4
I1323778983,0.004983836206896551,41.0,1.360955232339374e-07,0.0064725045139076036,6
I1323843004,0.003636853448275862,29.0,1.2581275036737323e-06,0.001933573405653363,0
I1324220072,0.0006734913793103449,5.0,0.0,0.0002522490367250321,0
I1324242722,0.0005387931034482759,4.0,0.0,0.00017400487702333875,27
I1324252669,0.0006734913793103449,5.0,3.629213952904997e-08,0.00029216642621137886,27
I1324540951,0.0004040948275862069,3.0,0.0,3.7394862717708985e-06,21
I1324682000,0.0010775862068965517,8.0,0.0,0.0005674854801942478,0
I1324766304,0.0016163793103448276,12.0,0.0,0.0009062169834753182,34
I132487946,0.007947198275862068,59.0,0.0,0.006164370490298715,11
I1324925910,0.0051185344827586205,38.0,0.0,0.003491142096686604,16
I1324989862,0.0,0.0,0.0,1.6956061190283638e-53,90
I1325290502,0.0010775862068965517,11.0,0.0,0.0011686323978316814,11
I1325481341,0.0016163793103448276,12.0,0.0,0.0009062169834753182,34
I1325675289,0.013469827586206896,144.0,4.69096065712709e-06,0.02465404683428521,16
I1325714086,0.0005387931034482759,4.0,0.0,0.0015225818217598172,4
I1325846038,0.0010775862068965517,8.0,0.0,7.957426578847298e-05,6
I1325886976,0.0009428879310344827,9.0,0.00024257666061217,0.0012670527885073359,17
I1325899441,0.0078125,101.0,0.00015032627601227003,0.011549544519208024,0
I1326018075,0.005657327586206897,42.0,0.0,0.0032794058194749788,3
I1326402746,0.0010775862068965517,8.0,0.0,2.722669932514684e-05,34
I1326427960,0.0005387931034482759,4.0,0.0,0.00045139053583131777,6
I1326498283,0.0045797413793103444,40.0,9.508842991107166e-05,0.0027718721666086872,1
I1326872476,0.0017510775862068966,14.0,1.0887641858714991e-07,0.0006943525224681119,3
I1327163397,0.0021551724137931034,16.0,4.3550567434859963e-07,0.0006900934744292622,3
I1327237609,0.003636853448275862,30.0,0.00024266134227107116,0.004481131278608084,4
I132735039,0.00026939655172413793,2.0,0.0,2.305487884732719e-06,1
I1327553481,0.0005387931034482759,4.0,0.0,5.303923833872049e-06,11
I1327576362,0.0006734913793103449,5.0,0.0,0.0003572557186285572,34
I1327992077,0.0004040948275862069,3.0,0.0,0.00025508411047887994,21
I132806614,0.002963362068965517,25.0,0.0004214552589397841,0.0006944222238851967,13
I1328775524,0.007677801724137931,58.0,1.7057305578653486e-06,0.011595597155674141,4
I1328914791,0.0013469827586206897,10.0,0.0,0.0020617568029761457,4
I1329765538,0.0016163793103448276,12.0,0.0,0.0005374691215732552,21
I132976966,0.0021551724137931034,18.0,4.560539381105237e-05,0.00031455490805611683,1
I1329868518,0.0005387931034482759,4.0,0.0,0.00027235653865975576,3
I1330063522,0.0004040948275862069,3.0,0.0,0.00023742381203077905,0
I1330165540,0.008890086206896552,87.0,1.2284736150185804e-06,0.00859648127545603,0
I1330342723,0.005657327586206897,66.0,0.0014583482995203954,0.005865263311827173,0
I1330665745,0.00026939655172413793,2.0,0.0,0.0009438311976503562,16
I1330693074,0.0016163793103448276,13.0,0.0,0.002869293185811047,0
I1330855593,0.0018857758620689654,14.0,0.0012280949585697872,3.2537820967174584e-06,13
I1330989302,0.00525323275862069,39.0,1.4274908214759655e-06,0.0030097323751628706,21
I1330995197,0.00026939655172413793,2.0,0.0002427944134493443,5.73756731271559e-07,17
I1331384533,0.008755387931034482,69.0,4.944544781264994e-05,0.006762254054613093,11
I1331816111,0.0016163793103448276,12.0,0.0,6.393436678182572e-05,0
I133190216,0.0004040948275862069,6.0,0.0,6.100696685735933e-06,3
I1332258667,0.00026939655172413793,2.0,0.0,0.00031622911541842065,0
I1332387789,0.0004040948275862069,3.0,0.0,9.537595924999567e-06,16
I1332474105,0.0004040948275862069,4.0,0.0001411703740780829,3.0814025991835474e-05,17
I1332596392,0.0009428879310344827,7.0,0.0,0.0015596750634125362,0
I1333523220,0.00026939655172413793,2.0,0.0,4.5100669982082744e-05,24
I1333535994,0.0016163793103448276,22.0,3.629213952904996e-08,0.0016108297870736175,6
I1333540553,0.00013469827586206896,1.0,0.0,4.342083328830024e-07,21
I1333606569,0.0008081896551724138,7.0,3.629213952904997e-07,6.12049115159113e-05,24
I1333651918,0.0005387931034482759,4.0,0.0,3.867592436669634e-05,6
I1333742007,0.0020204741379310346,15.0,0.0,0.002856140914864128,0
I1334281882,0.00026939655172413793,2.0,0.0,4.771729757225658e-05,17
I1334329717,0.0020204741379310346,15.0,0.0,0.0024183627098151635,0
I1334415907,0.0066002155172413795,54.0,2.4532881452645633e-05,0.0014905065765205721,17
I1334536514,0.00026939655172413793,2.0,0.0,0.00035135906977086,11
I1334627681,0.008485991379310345,64.0,0.0,0.0069892934405820254,11
I1334658003,0.0005387931034482759,4.0,0.0,0.0011632897629099293,0
I1334819555,0.019800646551724137,171.0,0.003332564611091865,0.01282383019320184,6
I1334950195,0.0005387931034482759,4.0,0.0,0.00022958802401516269,4
I1335043937,0.0006734913793103449,5.0,0.0,0.0001784011206590388,21
I1335113835,0.009563577586206896,76.0,3.069710135165477e-06,0.004712202663393211,6
I133529467,0.0030980603448275863,23.0,0.0004746286007609156,0.002944481024691361,0
I1335321130,0.0037715517241379308,48.0,6.65355891365916e-08,0.00890472839808717,0
I1335369389,0.0005387931034482759,4.0,0.0,5.695984827380847e-06,13
I1335486098,0.0005387931034482759,4.0,0.0,7.97800026926378e-06,4
I1335518801,0.00013469827586206896,1.0,0.0,3.5559437637325713e-47,77
I1335695989,0.0006734913793103449,5.0,0.0,0.00016136993471105505,3
I1336096307,0.0005387931034482759,4.0,0.0,0.0001432489471402614,0
I1336263701,0.0016163793103448276,13.0,1.4516855811619988e-07,0.0012311419255286579,34
I1336742384,0.0016163793103448276,14.0,0.0,3.137146169936861e-05,34
I1336910626,0.0004040948275862069,3.0,0.0,0.001009584416753728,0
I133731052,0.024245689655172414,201.0,0.0005684608775026012,0.012628101684689334,24
I133738476,0.0021551724137931034,27.0,0.00025124443326969136,0.0020540355954958424,11
I133743585,0.006869612068965517,53.0,0.001240715472543719,0.002669276508859013,21
I133769559,0.0006734913793103449,5.0,0.0,1.3454441131218399e-05,27
I133771110,0.00013469827586206896,2.0,0.0,4.15232682643179e-06,1
I1337719021,0.0013469827586206897,10.0,8.28670519246641e-07,0.00016222894660756387,2
I1337826666,0.0016163793103448276,12.0,0.0,0.0025726664023288538,0
I1338135719,0.00013469827586206896,1.0,0.0,0.00019459988152722017,0
I133837150,0.0006734913793103449,6.0,0.0006065323818792476,1.3512838628586197e-05,6
I1338503839,0.0004040948275862069,3.0,0.0,3.338673629128733e-05,11
I133868755,0.004040948275862069,41.0,0.00020793883777665262,0.007107357837354637,4
I1339471597,0.012661637931034482,104.0,0.0003434195032203626,0.003770236413291554,6
I133999245,0.0005387931034482759,4.0,0.0,0.0007562599832224002,2
I1340179700,0.0005387931034482759,4.0,0.0,0.0005227565089770101,0
I1340210623,0.0005387931034482759,4.0,0.0,8.711966011342394e-05,11
I1340728805,0.0005387931034482759,7.0,0.0,3.7316783928868576e-05,17
I1340753257,0.0006734913793103449,5.0,0.0,1.500239803750855e-05,21
I1340755506,0.00026939655172413793,2.0,0.0,0.00019529472114486945,0
I134085113,0.010775862068965518,89.0,0.0006266554781809797,0.0019619390937432256,13
I1340918713,0.00013469827586206896,1.0,0.0,0.00037120913400427215,16
I1341030882,0.0008081896551724138,6.0,0.0,0.0002645641065207402,0
I134113660,0.0028286637931034483,69.0,0.0003477125693518592,0.003656780255975367,0
I1341202592,0.0006734913793103449,6.0,0.0,0.001276734918543304,21
I134140186,0.00646551724137931,48.0,0.0,0.0007268632850661923,13
I1341412227,0.006061422413793103,50.0,0.0009566305545361498,0.004709245017644697,34
I1341604212,0.0008081896551724138,6.0,0.0,5.963239393847063e-05,13
I134161618,0.0004040948275862069,3.0,0.0,0.00033264347443939,13
I1341640284,0.0005387931034482759,5.0,0.0,0.00033191151061853443,11
I1342350481,0.00013469827586206896,1.0,0.0,2.2831121287161568e-07,1
I1342360035,0.0008081896551724138,6.0,0.0,0.0009494147493295056,1
I1342547582,0.0012122844827586207,9.0,0.0,0.00011242950406886928,1
I134276161,0.0009428879310344827,7.0,0.0,3.0371685543568334e-06,13
I1342911587,0.0013469827586206897,10.0,0.0009707421481230286,0.001958018289214469,2
I1342924430,0.005522629310344827,58.0,7.671263682512213e-06,0.003516754867930127,17
I1343052199,0.003232758620689655,43.0,0.0,0.008199974019850396,0
I1343180700,0.004310344827586207,43.0,5.9634033936150606e-06,0.0049841980934361265,0
I134353371,0.0,0.0,0.0,1.6956061190283638e-53,91
I1343551460,0.01050646551724138,154.0,0.005390062866442307,0.012835110725830655,0
I1343573832,0.0004040948275862069,3.0,0.0,0.0007823941529322952,0
I134359838,0.0026939655172413795,20.0,0.0007754778132216624,7.12277939047368e-05,13
I1343871089,0.009294181034482759,73.0,2.353113199178782e-06,0.003365091210559826,1
I1344073410,0.010775862068965518,94.0,0.0002483985246616218,0.010945242995605944,6
I1344076864,0.0020204741379310346,15.0,0.0,0.003122709811431014,0
I134446601,0.011045258620689655,144.0,0.0002480652418469467,0.02868142284359657,0
I134542131,0.0016163793103448276,12.0,0.0004877390604312723,8.408567771525926e-06,13
I134560555,0.011988146551724138,100.0,0.0007181444789014694,0.0053540505122469,0
I134635517,0.00013469827586206896,1.0,0.0,3.5559437637325713e-47,92
I134687103,0.0025592672413793103,20.0,1.0887641858714991e-07,0.004317572647310504,4
I13469542,0.006196120689655173,46.0,0.00025294411513763533,0.0021571899530653717,17
I134705546,0.0006734913793103449,5.0,0.0,1.941990809428179e-06,13
I134738993,0.0008081896551724138,6.0,0.0,0.00015955407104730366,6
I134820265,0.0024245689655172415,20.0,0.00045179574681563766,0.0015099303229835785,16
I134841294,0.0008081896551724138,7.0,1.8146069764524985e-08,9.106667317070546e-05,4
I134900695,0.0004040948275862069,3.0,0.0,1.3205430580654995e-05,34
I13511017,0.00013469827586206896,1.0,0.0,2.94744232798846e-06,0
I135117807,0.0008081896551724138,6.0,0.0,0.0001030865033027859,0
I135120706,0.0012122844827586207,9.0,0.0002427944134493443,1.8445853994716652e-05,13
I135140700,0.013200431034482759,106.0,0.0007982283914251554,0.0070408068466168506,21
I1351752,0.0024245689655172415,19.0,7.01648030894966e-07,0.0010096394199336754,34
I135191193,0.0005387931034482759,5.0,0.0,0.0012820735219296645,4
I135237710,0.003367456896551724,26.0,0.0001581369493079137,0.0026153088710107204,4
I135310074,0.03151939655172414,321.0,0.0049354710551038836,0.04324037854925872,0
I135428043,0.00013469827586206896,1.0,0.0,3.5559437637325713e-47,49
I135474949,0.0,0.0,0.0,1.6956061190283638e-53,93
I135564639,0.0,0.0,0.0,1.6956061190283638e-53,94
I135598925,0.0017510775862068966,13.0,0.0014268163925497174,0.00016522140221011874,6
I13567498,0.0005387931034482759,4.0,0.0,1.044371459466705e-05,13
I135714990,0.0020204741379310346,19.0,0.0004833145194882014,0.0004048138600178102,3
I135768898,0.0018857758620689654,16.0,2.06260326323434e-06,0.0010340635401412137,6
I135836153,0.0009428879310344827,7.0,0.0002427944134493443,0.0006072339801157148,4
I135905480,0.0017510775862068966,13.0,4.978071805401355e-06,0.00033808507409726127,4
I13591777,0.004175646551724138,34.0,0.0002443610241390149,0.006312920609313678,4
I136040515,0.0018857758620689654,14.0,1.5261046294962897e-05,4.249313538273309e-05,34
I136199984,0.09226831896551724,1451.0,0.1432564151160435,0.20482042720138602,0
I136765683,0.0005387931034482759,5.0,0.0,0.0014032167339448629,4
I136830121,0.0008081896551724138,6.0,0.0,2.716684878697908e-05,13
I137265193,0.0006734913793103449,5.0,0.0,1.3375243009806249e-05,2
I137265801,0.00026939655172413793,2.0,0.0,1.0726431984253916e-08,16
I137407579,0.00013469827586206896,1.0,0.0,2.241964438454192e-06,3
I137473845,0.012526939655172414,94.0,2.7944947437368473e-06,0.008673394622793587,11
I137479271,0.0005387931034482759,4.0,0.0,2.0639538181244317e-05,6
I137534880,0.0008081896551724138,6.0,0.0,3.314626426332086e-06,13
I137853757,0.00013469827586206896,1.0,0.0,3.5559437637325713e-47,95
I137867983,0.00013469827586206896,1.0,0.0,0.0003865013366659123,4
I137902535,0.00646551724137931,51.0,0.0009764133997934348,0.004407419125232787,21
I137975476,0.008216594827586207,61.0,8.596398116447637e-06,0.003537954154939131,0
I137996928,0.0005387931034482759,4.0,1.7238766276298735e-06,6.868940234481507e-08,16
I138006243,0.0330010775862069,286.0,0.0015211190644054248,0.024518544638142577,11
I13805885,0.0006734913793103449,5.0,0.0,0.0015056204712382741,0
I138164181,0.0,0.0,0.0,1.6956061190283638e-53,96
I138168422,0.0004040948275862069,3.0,0.0,4.919019831962394e-05,17
I138211613,0.0013469827586206897,10.0,0.0,0.0014843752715280212,4
I138216421,0.0,0.0,0.0,1.6956061190283638e-53,97
I138564716,0.0008081896551724138,6.0,0.0007301717829697327,6.744795992526537e-06,21
I138595864,0.005792025862068966,48.0,0.0,0.003654330060486949,3
I138617543,0.0,0.0,0.0,1.6956061190283638e-53,98
I138622004,0.0012122844827586207,9.0,1.6452436586502654e-06,1.6079412243929483e-05,35
I138689650,0.010910560344827586,84.0,0.0007892567896285664,0.002710487782168248,6
I138690464,0.0066002155172413795,49.0,1.4274908214759655e-06,0.004337712717237501,3
I138728355,0.0009428879310344827,7.0,0.0,0.0019618428114182456,11
I138801177,0.008216594827586207,74.0,0.0003147502310061189,0.004786408106166067,13
I138847295,0.007004310344827586,66.0,6.421289220673242e-05,0.0030073407382054202,21
I138873065,0.0018857758620689654,16.0,1.330711782731832e-07,0.0020602056624780206,0
I138898306,0.0021551724137931034,16.0,6.169663719938494e-07,0.0006990503996979137,34
I138925566,0.005792025862068966,46.0,0.002052228377461256,0.001254141200438138,13
I138937732,0.010910560344827586,81.0,0.0,0.005191661795350437,24
I138938424,0.006330818965517241,47.0,2.455768108132381e-06,0.0032885495178322246,0
I139024713,0.013873922413793103,230.0,0.0016591435480898913,0.054323653894672204,4
I139025015,0.0026939655172413795,22.0,1.8146069764524984e-06,0.002551269130200959,0
I139264467,0.026804956896551723,230.0,0.010752677035941125,0.01591422191973542,24
I139290212,0.0004040948275862069,3.0,0.0,0.000588618896913149,0
I139322472,0.0045797413793103444,34.0,0.001756112244684828,0.0012902699573133238,13
I13955877,0.004040948275862069,45.0,0.0007329983907581437,0.002436861760525122,34
I139559945,0.0005387931034482759,4.0,0.0,5.123758405256548e-05,4
I139660479,0.02626616379310345,259.0,0.00550953899484627,0.03191316228096473,4
I139759216,0.020204741379310345,277.0,0.0034514665460025616,0.06893218528102286,4
I139787848,0.00026939655172413793,2.0,0.0,6.294535820307705e-06,21
I139829854,0.00026939655172413793,2.0,0.0,6.618398599382486e-05,24
I13985625,0.0010775862068965517,8.0,1.8146069764524985e-07,0.0007138747146788423,4
I139894009,0.0004040948275862069,3.0,0.0,4.030638073503995e-05,16
I139924743,0.0013469827586206897,10.0,0.0,0.0003199050598960574,11
I140172145,0.012257543103448275,95.0,1.766277943979647e-05,0.008854952965256709,0
I140221134,0.00026939655172413793,2.0,0.0,0.000496235232271149,4
I140494188,0.0,0.0,0.0,1.6956061190283638e-53,99
I140596196,0.0012122844827586207,9.0,0.0,2.0616919005936574e-05,27
I140940799,0.0004040948275862069,3.0,0.0,1.0971724068920499e-08,16
I141074810,0.00013469827586206896,1.0,0.0,6.667974340391896e-08,24
I141103825,0.0006734913793103449,5.0,0.0,0.0005779955793047983,4
I14116566,0.0006734913793103449,5.0,0.0,0.0013249041596226725,4
I141301092,0.007273706896551724,55.0,1.5442305369610765e-05,0.0052372863689310765,3
I141371507,0.0010775862068965517,8.0,1.9520850573827804e-05,9.268988121780045e-05,13
I14140830,0.0010775862068965517,8.0,0.0,6.557197841260426e-06,35
I141445968,0.0009428879310344827,7.0,1.0766668060284824e-06,0.0002479963771129579,6
I141448028,0.00026939655172413793,2.0,0.0,2.4513844161420014e-06,0
I141568987,0.008216594827586207,72.0,0.00024815960140972223,0.010948861219691741,4
I141576021,0.0010775862068965517,8.0,0.0,5.6046029584529974e-05,13
I141584323,0.0013469827586206897,10.0,2.5010900776156823e-05,3.24648294550958e-05,13
I141591182,0.0005387931034482759,7.0,0.0,3.353655110343963e-07,21
I141595442,0.0009428879310344827,8.0,0.0003764650168937488,0.0001093816198837524,0
I141596103,0.01683728448275862,136.0,0.002586945095951716,0.008185263340586214,11
I141649380,0.00013469827586206896,1.0,0.0,8.988596101521402e-05,0
I141649914,0.0020204741379310346,17.0,0.0007170600928149693,0.003133823637070662,4
I141720752,0.00013469827586206896,1.0,0.0,2.846747784747352e-05,16
I141810926,0.0008081896551724138,6.0,0.0,0.00030883770325403764,6
I141816643,0.006330818965517241,47.0,0.0,0.0013235956301866408,1
I141930137,0.004714439655172414,56.0,4.838951937206662e-08,0.010848666308590561,4
I141945490,0.029094827586206896,253.0,0.006905739698530343,0.028889276383858662,1
I141962983,0.0022898706896551722,20.0,2.0021163640192564e-06,0.0026548260918141616,4
I141988045,0.0006734913793103449,6.0,4.1735960458407466e-07,1.622418488750519e-05,21
I142016965,0.0004040948275862069,3.0,0.0,1.350606174555369e-06,13
I142024983,0.0025592672413793103,19.0,6.654611346428293e-05,0.00018117336173365095,13
I142078773,0.0018857758620689654,18.0,0.0,0.008381015986522404,4
I142108993,0.0024245689655172415,18.0,0.0002456372977124532,0.0016732164565712825,4
I142204992,0.0012122844827586207,9.0,0.0003965178209428882,0.0004872339628261683,13
I142207940,0.0005387931034482759,5.0,0.0,0.0004983428387325077,0
I142208455,0.0005387931034482759,4.0,0.0,1.0885974472286483e-06,13
I142263535,0.013873922413793103,112.0,0.00047702474606839293,0.01067657428470845,0
I142270456,0.0,0.0,0.0,1.6956061190283638e-53,100
I142401562,0.0008081896551724138,7.0,0.0005346661687246866,0.00011620418312125116,13
I142415962,0.0008081896551724138,6.0,0.0,0.0014721175133300013,4
I14243506,0.03246228448275862,351.0,0.013100199020226175,0.05672770855901883,4
I142444530,0.0022898706896551722,18.0,0.0009363886137138221,0.0005905506209769025,6
I14245010,0.0016163793103448276,13.0,0.00024395100937219276,2.3580072543458648e-05,27
I142476485,0.003232758620689655,29.0,0.0007318824074676254,0.0023556619054979776,1
I142606810,0.011449353448275862,94.0,6.455516164643382e-05,0.006595231555002752,1
I142608572,0.0020204741379310346,15.0,0.0001235307825922258,0.00013154026615861626,13
I142617266,0.00390625,34.0,2.0235287263413955e-05,0.0005826914105544405,6
I142631665,0.0006734913793103449,5.0,0.0,0.00026983085690799344,11
I142637625,0.0008081896551724138,6.0,0.0,0.0001900329065161095,6
I142652706,0.0028286637931034483,21.0,0.0,0.0024027164187305316,0
I142732210,0.0018857758620689654,14.0,6.19627612265679e-05,0.0010790500535669293,13
I142740786,0.007947198275862068,59.0,0.0002600685501600411,0.0010045735066698395,13
I142767807,0.0004040948275862069,3.0,0.0,0.00018899409293514046,24
I142879360,0.0016163793103448276,20.0,0.00035502180625300985,0.002685473308877585,0
I142899784,0.004983836206896551,37.0,0.00025436832238458245,0.0006302632984160141,3
I142910587,0.0005387931034482759,4.0,0.0,1.086333125353506e-08,13
I142934699,0.0021551724137931034,16.0,0.0002427944134493443,0.0010475154520620895,11
I142947616,0.010910560344827586,81.0,0.0,0.005191661795350437,24
I142974352,0.003232758620689655,26.0,0.00048562511903821765,0.003732702379763002,4
I143002897,0.00026939655172413793,4.0,0.0,0.0003114504484537184,1
I14303183,0.00013469827586206896,1.0,0.0,3.5559437637325713e-47,7
I143150842,0.00026939655172413793,2.0,0.0,7.643990325411567e-06,1
I143247161,0.0005387931034482759,4.0,0.0,5.96994341793228e-06,13
I143288331,0.0024245689655172415,22.0,2.98442360727221e-06,0.00197667943814085,3
I143302722,0.006061422413793103,47.0,0.0002678226826065616,0.0037350875849383176,6
I143379178,0.0026939655172413795,23.0,0.0004828245756045593,8.344628316453534e-05,1
I143396566,0.0005387931034482759,4.0,0.00048480854589881404,1.6280761575697213e-05,16
I143397708,0.0020204741379310346,15.0,0.0,0.0021204260427140193,0
I143413998,0.0012122844827586207,9.0,0.0,0.0008541425973498255,4
I143578492,0.0026939655172413795,20.0,4.516556764390269e-06,0.0007777587029482103,16
I143593769,0.004040948275862069,36.0,0.00024347791541047474,0.008828793559557974,4
I143804889,0.0021551724137931034,17.0,1.6512923485717737e-06,0.0016594388524552278,16
I143868143,0.005387931034482759,55.0,0.0007271493076040452,0.01460847504823888,4
I143910747,0.0008081896551724138,6.0,0.0,0.0006837036408726242,0
I143914637,0.00026939655172413793,3.0,0.0,3.650413546250943e-06,16
I143923087,0.0013469827586206897,10.0,0.0007331871648717847,9.04043028543076e-06,13
I14396692,0.0017510775862068966,14.0,0.0,0.0038633396720483327,4
I144112489,0.0051185344827586205,50.0,1.1794945346941239e-07,0.011176835547560486,0
I144571360,0.00026939655172413793,2.0,0.0,0.00024007999705378242,0
I144614875,0.0,0.0,0.0,1.6956061190283638e-53,101
I144648426,0.0004040948275862069,5.0,0.0,2.5293120920296244e-05,3
I145019703,0.0014816810344827585,12.0,0.0009761589162212517,2.9757394509151406e-06,13
I145236414,0.005657327586206897,42.0,0.0,0.0032794058194749788,3
I145286018,0.0020204741379310346,16.0,0.0003493773780449203,1.7054028447179646e-06,13
I145311948,0.0390625,397.0,0.005548524063397274,0.05392196213875592,24
I145325580,0.0010775862068965517,8.0,0.0,0.00030853541176023694,0
I145380033,0.0006734913793103449,5.0,0.0,4.677658281063587e-06,13
I145468249,0.00026939655172413793,2.0,0.0,5.723304032499884e-43,102
I145487455,0.0013469827586206897,11.0,0.00035166703654903046,2.8506926682674546e-06,13
I145597306,0.006061422413793103,45.0,0.0,0.004461945720622674,17
I145608581,0.0021551724137931034,16.0,0.0002439739079840384,0.0006695416101829043,1
I145610796,0.00013469827586206896,1.0,0.0,3.27054538788864e-06,4
I1456306,0.0008081896551724138,6.0,0.0,0.0015530179497452016,2
I145673806,0.0005387931034482759,5.0,0.0,7.119593455427121e-05,6
I145722265,0.0026939655172413795,20.0,8.561099025571634e-05,0.00021709089580007417,16
I145847075,0.012526939655172414,98.0,0.0007408436712011237,0.007383158329017957,4
I145872427,0.03178879310344827,271.0,0.0020820005190115283,0.01653707205003825,11
I145894827,0.004849137931034483,37.0,0.0015325889115020035,0.0033968272369402394,0
I145897649,0.0026939655172413795,23.0,1.9779216043332234e-06,0.0022385848464250373,4
I145902186,0.0004040948275862069,3.0,0.0,0.00021862965039875154,2
I146071755,0.0005387931034482759,4.0,0.0,1.2660882333703788e-05,13
I146087005,0.0025592672413793103,19.0,0.0,0.0012406503525362346,0
I146165071,0.00026939655172413793,2.0,0.0,2.83687457392318e-06,21
I146367977,0.003232758620689655,26.0,0.0004051968920177195,3.131984824438421e-05,13
I146399215,0.008351293103448275,65.0,0.0002758535282153481,0.0036669419292975477,6
I146416000,0.0008081896551724138,6.0,0.0,0.0004926682967069694,2
I146429904,0.0014816810344827585,11.0,8.461935739492505e-05,5.9267669953829176e-05,13
I146461966,0.00013469827586206896,1.0,0.0,2.3789812246668347e-05,6
I146496621,0.00013469827586206896,1.0,0.0,1.9299766055238073e-05,13
I146500386,0.0024245689655172415,22.0,0.0001732254063171163,0.0003938321382901491,6
I146563203,0.00026939655172413793,2.0,0.0,0.00011761077133017754,3
I146583814,0.0009428879310344827,7.0,0.0,3.181585200394181e-06,35
I146613903,0.0005387931034482759,4.0,0.0,1.2660882333703788e-05,13
I146617529,0.0004040948275862069,3.0,0.0,3.912819277055521e-06,4
I146620803,0.004310344827586207,35.0,0.0002440343948832535,0.002642297813938171,4
I146655781,0.012122844827586207,100.0,0.0013744129625457371,0.006832382354411192,16
I146773158,0.00026939655172413793,2.0,0.0,9.421035085353025e-05,4
I146824383,0.012122844827586207,101.0,0.0020170307051685754,0.005232580537386068,24
I146840658,0.0021551724137931034,16.0,0.0,0.0016867196764632144,2
I146966710,0.005522629310344827,41.0,0.0,0.0026411959813755948,21
I146977602,0.0006734913793103449,5.0,3.980037968352479e-07,7.99386287116389e-06,13
I147554453,0.006734913793103448,50.0,0.0,0.0007495358066426984,13
I147747303,0.0005387931034482759,4.0,0.0,1.997029002559702e-05,0
I147853995,0.0004040948275862069,3.0,0.0,1.564321735530049e-39,14
I147869694,0.0016163793103448276,12.0,0.0,4.0773490284100025e-05,1
I147962203,0.006869612068965517,51.0,6.676543935360891e-06,0.002782216513207186,6
I148099254,0.00026939655172413793,2.0,0.0,2.8829421341361436e-05,13
I148099405,0.0013469827586206897,10.0,1.3972473718684239e-06,0.0004399067041041523,4
I148128674,0.0016163793103448276,12.0,0.00010403444230498248,0.0007998343499333687,4
I148158369,0.0006734913793103449,5.0,7.712079649923118e-06,4.685421797622675e-06,13
I148283060,0.026670258620689655,267.0,0.002195076803852077,0.02751304669662219,0
I148297040,0.0004040948275862069,3.0,1.5424159299846236e-07,8.017556643558435e-05,13
I148314036,0.0004040948275862069,3.0,0.0,2.7013628537923233e-05,1
I148366613,0.008485991379310345,68.0,0.0008569352088325385,0.004420301201022845,35
I148751991,0.0006734913793103449,5.0,0.0004855525347591596,1.8745002683232784e-05,24
I148776243,0.0004040948275862069,3.0,0.0,7.457354575999289e-41,103
I14894300,0.0016163793103448276,14.0,5.262360231712246e-07,0.0006391989766005382,4
I149137203,0.0016163793103448276,12.0,0.00024030235320168282,0.002435126609306179,4
I14916453,0.0006734913793103449,5.0,0.0,0.0004459530682156106,4
I149208984,0.0012122844827586207,9.0,0.0,0.00026761377329652115,1
I149213910,0.0022898706896551722,17.0,1.8146069764524984e-06,0.00015911725513040805,34
I149218525,0.0028286637931034483,22.0,0.00026162675029039236,0.0006209981929824621,34
I149251103,0.0008081896551724138,6.0,0.0009708510245416157,0.00031264176071473914,27
I149313025,0.00013469827586206896,2.0,0.0,4.330813221438985e-07,11
I149461666,0.0,0.0,0.0,1.6956061190283638e-53,104
I149481174,0.0008081896551724138,6.0,0.0,0.0001900329065161095,6
I149521062,0.0066002155172413795,50.0,1.0887641858714991e-06,0.0040831086381209825,3
I149592570,0.0004040948275862069,3.0,0.0,1.1012636624656897e-05,27
I149594827,0.010237068965517241,97.0,0.0009587808638032462,0.013677910300284018,4
I149672521,0.0005387931034482759,4.0,0.0,1.8853051991260117e-05,2
I149704539,0.008216594827586207,67.0,0.0010726400059263743,0.005273807457316683,2
I149735164,0.00026939655172413793,2.0,0.0002427944134493443,5.103591825608548e-05,24
I149744451,0.0006734913793103449,5.0,0.0,6.521250908858929e-05,21
I149768937,0.00026939655172413793,2.0,0.0,9.76948893525154e-06,4
I149851306,0.00026939655172413793,2.0,0.0,1.2126580277040407e-07,24
I149899117,0.0014816810344827585,15.0,2.123090162449423e-06,0.0003504904343001498,17
I149910238,0.0004040948275862069,3.0,0.0002427218291702862,7.759933936021987e-05,105
I149919469,0.0,0.0,0.0,1.6956061190283638e-53,106
I150209017,0.007408405172413793,60.0,1.3851499920254071e-06,0.007850172553442666,16
I150229711,0.023168103448275863,242.0,0.0030237618670457328,0.03549188422100124,4
I150240954,0.0004040948275862069,3.0,0.0,3.213022674648848e-05,6
I150314799,0.0009428879310344827,7.0,0.0,0.00040865681089702723,34
I150406212,0.0,0.0,0.0,1.6956061190283638e-53,107
I150468666,0.02693965517241379,282.0,0.004673941775131087,0.038577696424548016,0
I150513749,0.0,0.0,0.0,1.6956061190283638e-53,108
I150540706,0.0005387931034482759,7.0,0.0,9.336029204958098e-05,1
I150545927,0.00013469827586206896,1.0,0.0,3.5559437637325713e-47,109
I15057530,0.004983836206896551,40.0,0.00014970809990229184,0.0022320901710645175,1
I15059493,0.0,0.0,0.0,1.6956061190283638e-53,110
I150609352,0.0005387931034482759,4.0,0.0,5.123758405256548e-05,4
I15062923,0.0008081896551724138,6.0,7.258427905809994e-08,0.000180562769113046,4
I150744194,0.00390625,30.0,0.0007072019379808951,0.0013055749620681494,6
I150807315,0.0045797413793103444,37.0,0.0009137997812019496,0.0030373228867760474,4
I150870154,0.009563577586206896,77.0,3.299234744134421e-05,0.0013841697959711093,13
I150913223,0.00026939655172413793,2.0,0.0,1.0163954387439455e-06,13
I151013683,0.0008081896551724138,7.0,1.8146069764524985e-08,9.106667317070546e-05,4
I151075929,0.0005387931034482759,4.0,0.0,0.0009602261389529541,3
I151201029,0.0020204741379310346,16.0,0.0024255125611449967,0.00017310368891297959,111
I151221077,0.00013469827586206896,2.0,0.0,0.001020971595336972,4
I151229976,0.0,0.0,0.0,1.6956061190283638e-53,112
I151651118,0.00013469827586206896,1.0,0.0,3.5559437637325713e-47,113
I151727225,0.003232758620689655,29.0,0.0004905215335296786,0.005127068529111446,4
I151746483,0.029364224137931032,326.0,0.011557819780087982,0.05526032586470406,11
I151746803,0.0012122844827586207,9.0,0.0004855162426196305,3.03724543683613e-06,13
I151808059,0.0005387931034482759,5.0,0.0,0.00014172154772137293,0
I151878197,0.00026939655172413793,2.0,0.0,1.813466025722497e-06,24
I151893264,0.0008081896551724138,6.0,0.0,0.0026851226725343067,4
I151903974,0.0,0.0,0.0,1.6956061190283638e-53,114
I151939572,0.0009428879310344827,7.0,0.0,0.00014051821472982936,13
I15196421,0.0017510775862068966,13.0,0.0004855162426196305,0.0020117850580442485,0
I152031979,0.004310344827586207,39.0,0.0002464236274022493,0.007710265368642695,4
I152033890,0.0009428879310344827,7.0,0.0,0.00012789929167301634,17
I152238500,0.0017510775862068966,16.0,0.0,0.00022730389290260053,13
I152269853,0.0005387931034482759,5.0,0.0004855162426196305,7.030994772294974e-05,115
I152391192,0.0006734913793103449,5.0,0.0,3.9157302409830775e-06,13
I152429107,0.0,0.0,0.0,1.6956061190283638e-53,116
I152456871,0.00013469827586206896,1.0,0.0,3.5559437637325713e-47,117
I152518017,0.0,0.0,0.0,1.6956061190283638e-53,118
I152650591,0.003636853448275862,27.0,0.0004855162426196305,0.0036748356438901985,0
I152743029,0.0020204741379310346,15.0,0.0,3.551181335263707e-05,35
I152815399,0.01427801724137931,232.0,0.0022480630954261217,0.04800843166387599,4
I153151563,0.0,0.0,0.0,1.6956061190283638e-53,119
I153230381,0.003367456896551724,34.0,0.0002554613782599696,0.0031546948404794456,0
I153267046,0.0005387931034482759,5.0,0.0,2.51488034717084e-05,6
I153297377,0.0030980603448275863,23.0,3.2783899374575143e-06,0.0005906117458225421,6
I153327471,0.0004040948275862069,3.0,0.0,0.00014977507495528907,24
I153355300,0.0025592672413793103,19.0,7.258427905809994e-08,0.003346691690254843,16
I153473198,0.0028286637931034483,24.0,0.00024302426366636164,0.005731770295972008,4
I153487414,0.0004040948275862069,3.0,0.0,3.0091001375117725e-07,13
I153512688,0.0016163793103448276,12.0,4.113109146625664e-06,0.00040044639623595707,13
I153515283,0.0005387931034482759,4.0,0.0,4.188412492642003e-05,11
I153648349,0.004445043103448276,33.0,9.783885562823751e-06,0.0017433536780403001,16
I153687341,0.0005387931034482759,4.0,0.0,4.529893462715276e-08,13
I153718931,0.00646551724137931,50.0,0.0023394276061820896,0.0035604661865397073,1
I153806059,0.0013469827586206897,10.0,0.0,0.00020202963697039714,4
I153845743,0.0008081896551724138,9.0,0.0002427944134493443,2.979322082037291e-05,21
I153901656,0.0022898706896551722,17.0,6.65355891365916e-08,0.0008912640356378659,13
I153904384,0.0004040948275862069,3.0,0.0,0.00034744583556993994,4
I153954893,0.0,0.0,0.0,1.6956061190283638e-53,120
I153976015,0.0008081896551724138,6.0,0.0004863146696892696,2.9238490860154796e-05,34
I154023281,0.0,0.0,0.0,1.6956061190283638e-53,121
I154057602,0.00013469827586206896,1.0,0.0,3.5559437637325713e-47,85
I154093214,0.0008081896551724138,6.0,0.0,0.0007031954809179879,4
I154099455,0.013469827586206896,128.0,0.004100511540126137,0.019709065183251422,4
I154130895,0.010237068965517241,108.0,0.003100216141120542,0.009380070877192144,0
I154136665,0.006061422413793103,45.0,0.0,0.0032744004661706457,0
I154338468,0.0014816810344827585,11.0,0.0004855162426196305,0.0002490743884236164,6
I154347574,0.00026939655172413793,2.0,0.0,9.369615304323467e-05,6
I154387261,0.003636853448275862,27.0,7.034626378714188e-07,0.0006135751720232473,17
I154425047,0.024110991379310345,233.0,0.004073899914492283,0.02006535334015618,0
I154526488,0.016567887931034482,159.0,0.0050215624908059924,0.006461168671794909,1
I154549908,0.0008081896551724138,6.0,0.0004857339954568048,3.699575002347675e-05,13
I154570441,0.02626616379310345,226.0,0.0006377706707776453,0.027699288781183634,11
I154757721,0.0008081896551724138,8.0,5.080899534066996e-07,0.00016109958087151977,21
I15477984,0.00013469827586206896,1.0,0.0,2.970621166165201e-05,0
I154799132,0.0025592672413793103,28.0,1.5131903643104273e-05,7.500816489411273e-05,13
I154833797,0.00026939655172413793,2.0,0.0,6.152841944214725e-05,4
I154851008,0.0004040948275862069,3.0,2.540449767033498e-07,2.1590129532318707e-05,0
I154864474,0.0030980603448275863,25.0,0.0001543256697883713,0.0013846431176664476,0
I154893126,0.0006734913793103449,5.0,2.4920602476614312e-06,0.0001921917045629839,4
I154970844,0.0009428879310344827,7.0,0.0,6.96327703151992e-05,13
I155028946,0.0004040948275862069,3.0,0.0,3.1667277114850796e-06,21
I155043079,0.0,0.0,0.0,1.6956061190283638e-53,122
I155093810,0.0066002155172413795,49.0,1.0887641858714991e-06,0.003450077987825618,0
I155125353,0.00013469827586206896,1.0,0.0,3.5559437637325713e-47,123
I155125381,0.0014816810344827585,12.0,0.00013569516673238606,7.177151366692102e-06,13
I155173764,0.0008081896551724138,6.0,0.00022775132161455313,0.00028444378544365044,21
I155284866,0.00026939655172413793,2.0,0.0,1.7736638898204747e-43,124
I155381812,0.0008081896551724138,11.0,0.0,0.00013977760872630873,11
I155419210,0.0008081896551724138,6.0,0.0004872582653170249,5.3162289654967685e-05,13
I155660961,0.01037176724137931,85.0,0.00037268270904798487,0.0054149208517876276,6
I155671955,0.0004040948275862069,3.0,0.0,4.194716420846342e-05,0
I155765044,0.00026939655172413793,3.0,0.0,5.740990094426748e-07,16
I155781252,0.008755387931034482,65.0,0.00047840203276352025,0.005759419610311779,1
I155837530,0.00013469827586206896,1.0,0.0,3.5559437637325713e-47,125
I155936010,0.00013469827586206896,1.0,0.0,9.642828123092266e-06,6
I155976169,0.0022898706896551722,18.0,3.430903333335545e-06,0.0009349410713602625,34
I156087764,0.00390625,39.0,0.0018874936035968167,0.005146114036121315,0
I156118397,0.0006734913793103449,5.0,0.0,5.763078598836292e-05,13
I156144747,0.003502155172413793,30.0,0.00031835291975170583,0.004777339934069157,4
I156171363,0.0016163793103448276,12.0,0.0,6.393436678182572e-05,0
I156216236,0.0021551724137931034,17.0,0.0003833872109573767,0.0011904278702013088,2
I156292868,0.00013469827586206896,1.0,0.0,6.550225975685956e-05,4
I156406944,0.0005387931034482759,4.0,0.0,3.867592436669634e-05,6
I15664174,0.00026939655172413793,2.0,0.0,1.7736638898204747e-43,10
I156971308,0.00013469827586206896,1.0,0.0,7.583210754617654e-06,6
I156983542,0.0005387931034482759,4.0,0.00013023912404536237,5.895430253026832e-06,3
I157066012,0.0010775862068965517,19.0,0.0,0.0007130867073899526,21
I157071867,0.0013469827586206897,10.0,0.0,0.0001652846266450991,13
I157075465,0.0006734913793103449,5.0,0.0,0.0005097067699482385,24
I157153078,0.0004040948275862069,3.0,0.0,1.2265045459133201e-05,6
I157169809,0.0,0.0,0.0,1.6956061190283638e-53,126
I157219812,0.0006734913793103449,5.0,3.629213952904997e-08,9.115473957310122e-05,4
I157227730,0.00026939655172413793,2.0,0.0,2.5241657259693583e-08,13
I157286207,0.0012122844827586207,10.0,1.794855254454267e-05,0.0002417838060994947,21
I157349981,0.0008081896551724138,6.0,0.0,0.00025008445976823626,13
I157358134,0.0014816810344827585,11.0,0.0004855888268986886,0.0024690022850357312,4
I157386601,0.0017510775862068966,13.0,0.0005073171612610135,0.0007557274996852114,13
I157392197,0.0013469827586206897,12.0,0.000646489040333588,9.658479763047203e-06,13
I157394403,0.0004040948275862069,3.0,0.0002427944134493443,0.0007465462843868217,0
I157413458,0.0012122844827586207,9.0,0.0,0.00014191041476804424,2
I157417397,0.0005387931034482759,4.0,0.0004855525347591595,2.280556320915174e-06,11
I157455823,0.0008081896551724138,7.0,0.0,0.0009373381164127337,4
I157485424,0.009832974137931034,122.0,0.0043019183976565544,0.011710556470746963,0
I157507598,0.0005387931034482759,4.0,0.0,2.9575576841291798e-05,21
I157536573,0.004175646551724138,32.0,9.435956277552994e-07,0.002842084511577178,1
I157556583,0.0005387931034482759,7.0,0.0,9.336029204958098e-05,1
I157582758,0.007947198275862068,110.0,7.363437745188228e-05,0.020664119145889902,4
I157614274,0.0009428879310344827,7.0,1.8146069764524985e-07,0.00020370248955768472,1
I157638225,0.00026939655172413793,3.0,0.0,0.0010598411932831178,4
I157650460,0.0004040948275862069,3.0,0.0,0.00015096213807293577,3
I15766117,0.0009428879310344827,7.0,0.0002427944134493443,0.00010517967415511662,17
I15766328,0.006196120689655173,47.0,0.0002427944134493443,0.0032860886688342306,0
I157674215,0.00013469827586206896,1.0,0.0,3.5559437637325713e-47,127
I157674565,0.008485991379310345,65.0,0.0007383390383194116,0.003608515782292236,0
I157725225,0.049703663793103446,545.0,0.013691847759008911,0.07074198560236256,11
I157773358,0.051454741379310345,662.0,0.014310363240781245,0.10879298477591928,4
I157943965,0.0004040948275862069,4.0,0.0002427944134493443,7.070666890039038e-05,24
I15807432,0.0008081896551724138,6.0,1.4516855811619988e-07,4.4446711212253296e-05,6
I158133745,0.0,0.0,0.0,1.6956061190283638e-53,128
I15823474,0.00026939655172413793,2.0,0.0,7.030551057265609e-05,115
I158239267,0.0004040948275862069,3.0,0.0,1.5836404214383581e-06,13
I158248296,0.0028286637931034483,22.0,0.0015724500949208793,0.002451980755772195,0
I158333966,0.0004040948275862069,3.0,4.3550567434859963e-07,6.706549378501216e-06,6
I158338959,0.0008081896551724138,6.0,0.0,4.6819432704650146e-05,13
I158438070,0.007947198275862068,59.0,0.0,0.006164370490298715,11
I158552681,0.0006734913793103449,5.0,0.0,0.00020645438739576622,6
I158708052,0.0026939655172413795,20.0,0.0005756243334233325,0.00021397312447169297,16
I158716096,0.0006734913793103449,16.0,0.0004836551903455665,0.0005015447068325796,1
I15873915,0.0009428879310344827,7.0,0.0,1.5101760170049063e-05,13
I158743462,0.0009428879310344827,10.0,3.6292139529049974e-07,0.00023444865984069584,13
I158749337,0.0016163793103448276,12.0,0.00021824496789199055,0.0008257166104036956,0
I158809036,0.004445043103448276,40.0,3.1392700692628224e-06,0.006084995553112726,4
I158842170,0.018588362068965518,185.0,0.002257408753404131,0.03587610590729945,4
I158867519,0.0009428879310344827,8.0,0.00024281255951910883,9.254187010811403e-05,16
I158929114,0.007947198275862068,60.0,2.711022822820033e-06,0.003123061013588845,6
I158934434,0.00026939655172413793,2.0,0.0,3.451778554246666e-05,13
I15896350,0.0,0.0,0.0,1.6956061190283638e-53,129
I159129438,0.0020204741379310346,16.0,0.0,0.0014879178546890227,0
I159176309,0.030980603448275863,263.0,0.003037218868710258,0.014848980005278631,24
I159219196,0.00026939655172413793,2.0,0.0,5.723304032499886e-43,130
I159247623,0.0026939655172413795,23.0,0.0014006582363734468,0.0002579054528235214,13
I159253421,0.00013469827586206896,1.0,0.0,3.5559437637325713e-47,131
I159385669,0.0014816810344827585,16.0,0.0006695718282412073,0.002492058329708518,6
I159650629,0.003636853448275862,27.0,3.5390128795571286e-05,0.00012086020743704151,34
I159885104,0.0012122844827586207,9.0,0.0,0.0002639529544148831,1
I15991598,0.00026939655172413793,2.0,0.0,1.7242887993375546e-05,6
I159948400,0.008890086206896552,75.0,0.0004037621496405239,0.007507272311047408,4
I160003610,0.00026939655172413793,2.0,0.0,4.525039458813259e-05,0
I160013858,0.003636853448275862,27.0,0.0,0.0017470918003842492,6
I160354086,0.0009428879310344827,7.0,0.00024283070558887333,0.00042823302755624443,4
I160368002,0.0004040948275862069,3.0,0.0,0.00015015701675303057,24
I16038530,0.00013469827586206896,1.0,0.0,5.644147300407784e-05,4
I160534799,0.00013469827586206896,1.0,0.0,3.5559437637325713e-47,132
I160606119,0.0017510775862068966,14.0,0.0002468409870068334,0.00015781698946057404,13
I160674187,0.00026939655172413793,2.0,0.0,8.013838259797865e-05,4
I16076960,0.004040948275862069,43.0,0.0010138861831474875,3.811619091636487e-05,13
I160825796,0.0,0.0,0.0,1.6956061190283638e-53,133
I160856358,0.0014816810344827585,13.0,1.1510656920630349e-05,0.0007147713700975355,21
I160968435,0.0006734913793103449,5.0,0.0002427944134493443,0.00037703524974972856,13
I16097986,0.01050646551724138,78.0,8.171624546216915e-05,0.006913258677477975,11
I160992636,0.0020204741379310346,15.0,0.0,0.0017535629055675757,0
I160993911,0.010641163793103448,84.0,0.0044378026273411255,0.00410012335416582,21
I161046081,0.011314655172413793,96.0,0.0005124826429517232,0.004792915174525441,6
I161057412,0.0022898706896551722,17.0,0.0002442944885498784,0.0005017303161057011,1
I161088229,0.0005387931034482759,4.0,0.0,0.000928246455850231,0
I161103922,0.0010775862068965517,8.0,3.992135348195497e-07,4.5006326405031444e-05,34
I161104310,0.0,0.0,0.0,1.6956061190283638e-53,134
I161106909,0.0014816810344827585,11.0,0.00024937538808394533,0.0001754488801908267,13
I161222507,0.0009428879310344827,7.0,0.0,0.002133072105877218,4
I161296585,0.0018857758620689654,15.0,0.0,0.0014265800751049032,0
I161301626,0.0004040948275862069,3.0,0.0,3.551166489026406e-05,3
I161318765,0.02626616379310345,274.0,0.005484334428534204,0.04043981037385769,0
I161321875,0.00026939655172413793,2.0,0.0,1.4109028840716926e-05,24
I161346416,0.004983836206896551,47.0,0.00013587091521485205,0.004813119218587149,0
I161350542,0.00026939655172413793,2.0,0.0,3.77349614697613e-05,16
I161370692,0.00013469827586206896,1.0,0.0,3.5559437637325713e-47,135
I161463649,0.0009428879310344827,9.0,1.1492510850865823e-07,2.6438670924174822e-05,13
I161548249,0.0004040948275862069,3.0,0.0,5.092970549007606e-06,13
I161593684,0.008485991379310345,71.0,0.00028048561495723896,0.003893546475973547,3
I161597582,0.0004040948275862069,4.0,9.832992284000801e-05,0.00037486424367335713,16
I161675122,0.006330818965517241,47.0,0.0,0.0013235956301866408,1
I161716053,0.0008081896551724138,6.0,2.1775283717429981e-07,0.00021097918257195007,4
I161856759,0.0004040948275862069,3.0,0.0,0.00014272552974282235,17
I161878677,0.003502155172413793,30.0,5.216803293889689e-05,0.0030140328238275347,1
I161913731,0.0010775862068965517,8.0,8.075848526493826e-06,2.762054097620036e-05,13
I161929037,0.0008081896551724138,6.0,0.0,3.837257594167699e-05,6
I161941770,0.0017510775862068966,13.0,0.0,0.0016294073115996255,24
I162030827,0.00525323275862069,39.0,6.466049526092402e-06,0.0017618047792782193,17
I162096671,0.00026939655172413793,2.0,3.629213952904997e-08,2.235424759889999e-45,136
I162148367,0.0005387931034482759,4.0,4.6600316893284475e-05,5.155915087429916e-05,17
I162281398,0.0013469827586206897,10.0,0.0,0.0004424548669677699,3
I162290304,0.0013469827586206897,10.0,2.080749332998865e-06,0.00012317489245474713,0
I16231767,0.0005387931034482759,4.0,0.0,3.165819875506381e-05,6
I162361429,0.0004040948275862069,3.0,0.0,1.7734126456698194e-05,21
I162524378,0.00525323275862069,39.0,0.0,0.002881160501581851,1
I162577319,0.004983836206896551,44.0,0.0005336918486170555,0.0049104910209916645,13
I162608824,0.010910560344827586,88.0,1.7944721707592346e-05,0.008555629934256282,11
I16269868,0.0022898706896551722,17.0,0.0007281654875108586,0.0024046558939778443,11
I162706563,0.0,0.0,0.0,1.6956061190283638e-53,137
I162709352,0.0006734913793103449,5.0,0.0,3.7196427738647907e-37,138
I162714631,0.005657327586206897,47.0,0.00023221525477662623,0.007969667670435847,0
I162720556,0.0013469827586206897,12.0,0.0008728477309573687,0.0005122103488921226,16
I16277215,0.0,0.0,0.0,1.6956061190283638e-53,139
I162827531,0.0008081896551724138,6.0,0.0,0.0008740522824781619,0
I162838928,0.002963362068965517,24.0,0.000568828722950443,0.00013564655343584103,35
I16285277,0.004445043103448276,40.0,0.0011241042616069031,0.007399643427127748,4
I162868743,0.01697198275862069,163.0,0.003034791653117602,0.02340139861669648,4
I162884033,0.0016163793103448276,12.0,7.258427905809994e-08,0.0008086554404389151,0
I1629065,0.0006734913793103449,5.0,0.0,0.0009787540327745113,24
I16295237,0.0006734913793103449,5.0,0.0,0.0004459530682156106,4
I163074564,0.0004040948275862069,3.0,0.0,1.750157847113229e-05,34
I163151501,0.0051185344827586205,41.0,0.0002436654247980415,0.005602517766510335,21
I163245316,0.0,0.0,0.0,1.6956061190283638e-53,140
I163340411,0.006869612068965517,60.0,0.0017443181752196102,0.008728065415371628,4
I16337185,0.00026939655172413793,2.0,0.0,2.639870002859724e-05,4
I16351329,0.00026939655172413793,2.0,0.0,1.7736638898204747e-43,28
I16365422,0.010641163793103448,117.0,0.00034838336906415436,0.030873106634606642,4
I163753206,0.0016163793103448276,12.0,0.0004855162426196305,0.0002972805543389387,13
I163770644,0.0045797413793103444,34.0,2.1028875381115857e-05,0.0009520621055441834,6
I163798950,0.0,0.0,0.0,1.6956061190283638e-53,141
I16391192,0.019800646551724137,236.0,0.00829384378430356,0.014814317882497862,34
I163917720,0.0,0.0,0.0,1.6956061190283638e-53,142
I164120614,0.0,0.0,0.0,1.6956061190283638e-53,143
I16413167,0.0006734913793103449,5.0,0.0,1.4097638627388874e-05,2
I164213776,0.0006734913793103449,5.0,0.0,0.0008373885911692111,4
I164389053,0.003502155172413793,29.0,6.249506426902391e-06,0.002801425411885518,0
I16443873,0.00013469827586206896,1.0,0.0,3.6939790873066464e-07,13
I16471300,0.00013469827586206896,1.0,0.0,3.5559437637325713e-47,125
I164861460,0.0021551724137931034,16.0,0.000977180617194167,0.00012205794022401952,21
I164928964,0.0006734913793103449,5.0,0.0,0.0016859604652191072,4
I164936912,0.0010775862068965517,8.0,0.00024326621126322193,7.558482176463126e-05,21
I164950643,0.00013469827586206896,1.0,0.0,8.66903959590501e-06,34
I165028127,0.0006734913793103449,5.0,0.0,6.043189086529709e-05,13
I165075387,0.0008081896551724138,6.0,0.0,0.000808635570339813,11
I165102784,0.0020204741379310346,15.0,0.0002812068780254513,0.001033878748983892,0
I165139151,0.0005387931034482759,4.0,0.0,0.001193228267082726,13
I165143802,0.012122844827586207,101.0,0.0018282042585763376,0.007240603600350451,2
I165230279,0.0010775862068965517,8.0,0.0,9.516768428724597e-05,13
I16528096,0.0016163793103448276,12.0,0.0,0.00035287611755472823,6
I165339363,0.004310344827586207,35.0,1.106910255636024e-06,0.0012112951454726479,17
I165368041,0.004310344827586207,49.0,2.384393567058583e-05,0.007746474186300102,1
I165390105,0.0018857758620689654,16.0,0.000861278603367498,0.00042800195791671254,13
I165441096,0.0037715517241379308,28.0,0.0,0.0016435347311756522,17
I165488957,0.0005387931034482759,5.0,0.0,0.0009588681690050767,4
I165507594,0.0009428879310344827,7.0,0.0,0.0001910711808467437,13
I165522056,0.0,0.0,0.0,1.6956061190283638e-53,144
I165524941,0.002963362068965517,26.0,1.8146069764524985e-08,0.0046067190046495095,16
I165526535,0.0009428879310344827,9.0,0.0002427944134493443,0.002208429636628595,4
I165556055,0.0005387931034482759,4.0,7.258427905809994e-08,0.0007185386522860821,0
I165638839,0.00026939655172413793,2.0,0.0,7.377374087911033e-07,1
I165678365,0.0012122844827586207,9.0,1.754120077237415e-06,0.0003999619640272366,13
I165690674,0.009832974137931034,82.0,0.00024315053783852928,0.013204840493953972,4
I165733156,0.02195581896551724,253.0,0.006189326109856485,0.032737542148847755,4
I165735259,0.0005387931034482759,4.0,0.0,6.239984462986684e-07,6
I165737746,0.0,0.0,0.0,1.6956061190283638e-53,145
I165745306,0.0004040948275862069,3.0,0.0,4.2657530792378685e-06,35
I165779595,0.02720905172413793,243.0,0.005703202311814059,0.018546329655187318,24
I165799507,0.005387931034482759,48.0,0.0003029480298497522,0.008671872850854254,0
I165831266,0.0009428879310344827,7.0,0.0,6.597628132724579e-06,13
I165862685,0.0051185344827586205,38.0,7.258427905809994e-07,0.0026595374377103545,16
I165911609,0.0006734913793103449,5.0,0.0,0.00015538922925704951,4
I165932596,0.060075431034482756,819.0,0.06845311566950417,0.14726431240213553,4
I165951966,0.0025592672413793103,19.0,2.286404790330148e-06,0.0003922287019220057,1
I165953009,0.00026939655172413793,2.0,0.0,0.00014841677585035115,24
I165972669,0.0005387931034482759,4.0,0.0,6.410718715232552e-06,3
I165998391,0.0004040948275862069,3.0,0.0,3.22637504286481e-05,21
I166073570,0.0,0.0,0.0,1.6956061190283638e-53,146
I166088655,0.0005387931034482759,4.0,0.0002427944134493443,0.0001615049984194804,0
I16609230,0.015355603448275862,159.0,0.002538229897832304,0.021943288546242175,4
I166182418,0.009428879310344827,74.0,0.0015394143014257416,0.00879923081797523,4
I166311279,0.003232758620689655,33.0,3.266292557614498e-08,0.0008083057217712653,27
I166337079,0.015355603448275862,125.0,0.0017951134548587857,0.010758241048891545,6
I166401450,0.0010775862068965517,9.0,2.1775283717429981e-07,1.2473591671161324e-06,111
I166416128,0.0008081896551724138,12.0,0.00012137906065490763,0.002055229823678972,11
I166433441,0.0016163793103448276,13.0,3.266292557614497e-07,0.00019758684497005264,17
I166455938,0.0008081896551724138,6.0,1.2733908530229928e-05,1.9654982904970406e-05,13
I166459259,0.00026939655172413793,2.0,0.0,5.723304032499884e-43,102
I166533956,0.0013469827586206897,10.0,1.4051156438793067e-05,5.005580255184698e-08,13
I16656306,0.00013469827586206896,1.0,0.0,6.553541197435783e-08,21
I166595947,0.0005387931034482759,4.0,0.0,1.0459216149498997e-06,2
I166644833,0.01683728448275862,139.0,1.7838982430048404e-06,0.014165915371956876,11
I166722992,0.0026939655172413795,27.0,2.4708898329361526e-06,0.001398148594385082,11
I166825849,0.013065732758620689,99.0,1.4115709233937404e-05,0.005633596550928126,24
I166843116,0.0006734913793103449,5.0,0.0,1.4097638627388874e-05,2
I166928557,0.0008081896551724138,6.0,0.0,1.1645916260424422e-05,13
I167027274,0.0021551724137931034,20.0,1.4625732230207138e-05,0.0015684324946112704,4
I167056439,0.0005387931034482759,4.0,0.0,6.667434132731786e-05,13
I167153416,0.00026939655172413793,2.0,0.0002427944134493443,2.4754325802468197e-08,2
I16718484,0.0004040948275862069,6.0,0.0,9.382202486501723e-05,17
I16733864,0.005522629310344827,46.0,4.566458456242711e-06,0.005185870607603549,0
I167360494,0.0016163793103448276,12.0,0.0,4.0773490284100025e-05,1
I167420956,0.0012122844827586207,9.0,0.0,2.0616919005936574e-05,27
I16748637,0.0005387931034482759,7.0,0.00024370171693757054,1.4543022712692239e-05,16
I167576493,0.00013469827586206896,1.0,0.0,0.00038854917292119616,0
I167694869,0.0,0.0,0.0,1.6956061190283638e-53,147
I167724894,0.0005387931034482759,4.0,0.0,6.247675044570097e-07,111
I168180000,0.00013469827586206896,1.0,0.0,5.422676810983259e-11,35
I16820183,0.006061422413793103,61.0,0.00023738688465951586,0.006921089085150209,0
I168337820,0.00026939655172413793,2.0,0.0,0.00020327178317013273,13
I168346926,0.0008081896551724138,6.0,0.0,5.47590383649734e-05,3
I16835326,0.012526939655172414,113.0,0.00032613611471313443,0.00933703132732147,17
I168416876,0.00026939655172413793,2.0,0.0,3.8035039428824074e-05,21
I168537998,0.0006734913793103449,5.0,0.0,3.444899577868757e-05,24
I168635309,0.005792025862068966,62.0,0.00033581358653826806,0.0069359290118614835,0
I168673124,0.0005387931034482759,4.0,0.0,0.00012356287869766776,4
I168719708,0.026400862068965518,267.0,0.012839884580113672,0.03956357788716378,4
I168864056,0.007408405172413793,58.0,0.00048314515617039924,0.006322758768064763,17
I168879160,0.007947198275862068,82.0,0.0017928195953552258,0.014337257951689527,4
I169016828,0.0004040948275862069,3.0,0.0,0.00019236613636715503,24
I169019527,0.00026939655172413793,2.0,0.0,0.00010205794312548506,4
I169090423,0.00013469827586206896,1.0,0.0,5.339579806566724e-08,13
I169108374,0.012526939655172414,95.0,5.2321844698252536e-05,0.0045778731341064,3
I169109204,0.00013469827586206896,1.0,0.0,8.38981904583733e-08,27
I169199633,0.010910560344827586,86.0,0.000828902917648014,0.001988884417297845,13
I169222155,0.0009428879310344827,7.0,0.0,0.0016131881482535837,0
I169333911,0.0,0.0,0.0,1.6956061190283638e-53,148
I169335092,0.008890086206896552,68.0,0.0008566724107791276,0.0009350272999023197,13
I169351748,0.0005387931034482759,4.0,0.0,3.2615497556779095e-05,3
I169381384,0.01670258620689655,131.0,0.00036027225763547396,0.008452514104471514,11
I169427155,0.0009428879310344827,7.0,0.00023295319494705003,4.503148136430049e-05,24
I16944753,0.0,0.0,0.0,1.6956061190283638e-53,149
I169521973,0.0075431034482758615,56.0,0.00020452977649828695,0.0029212272204331997,21
I169541294,0.003502155172413793,31.0,3.303794435127849e-06,0.0038470511713036043,3
I169572211,0.00026939655172413793,2.0,0.0,1.7736638898204747e-43,150
I169615421,0.00013469827586206896,1.0,0.0,1.6079074041893894e-06,13
I169689159,0.0018857758620689654,14.0,2.9033711623239975e-07,0.000934115729892145,4
I169724904,0.002963362068965517,22.0,0.0,0.0005678055386965526,17
I169877490,0.00013469827586206896,1.0,0.0,3.5559437637325713e-47,151
I169912796,0.00013469827586206896,1.0,0.0,0.00013563944250833887,16
I170013655,0.0005387931034482759,4.0,1.8146069764524985e-07,0.00014350336270480752,24
I170164250,0.0008081896551724138,6.0,0.0,0.0001511806238935289,21
I170172562,0.0005387931034482759,4.0,7.984270696390994e-07,3.4964646971890266e-05,24
I170201317,0.020204741379310345,224.0,0.0008413668922115996,0.024244128554071476,0
I170215575,0.010775862068965518,97.0,0.0010643032838289197,0.017030362780561012,4
I170230895,0.0013469827586206897,14.0,0.0009285387103435444,0.00020941797659716435,35
I170238339,0.0006734913793103449,5.0,0.00023362026463389407,0.0006478991285579255,13
I170239107,0.0026939655172413795,25.0,0.0002477132080935149,0.0011584090448798197,3
I170253739,0.0030980603448275863,25.0,0.0010531424454272291,3.035376050525721e-05,13
I170486558,0.003367456896551724,26.0,0.0002225832921423299,0.0017741133616014553,21
I170535673,0.0006734913793103449,5.0,0.0,2.3252565988332513e-05,13
I170558118,0.0004040948275862069,3.0,0.0,1.523452384676107e-05,13
I17056963,0.00013469827586206896,1.0,0.0,3.5559437637325713e-47,152
I170583851,0.0012122844827586207,10.0,3.0243449607541637e-07,4.1992459815504195e-05,27
I170627324,0.00026939655172413793,2.0,0.0,4.620300019840364e-07,1
I170632171,0.00013469827586206896,1.0,0.0,0.00038854917292119616,0
I170658231,0.008216594827586207,62.0,7.023825146711492e-06,0.004930253566818613,17
I170726198,0.0005387931034482759,4.0,2.1775283717429981e-07,3.153987690698786e-06,27
I170751988,0.0009428879310344827,7.0,0.0,0.00010234843233046695,3
I170897317,0.030576508620689655,327.0,0.002448177709673461,0.03742420647717845,17
I170905427,0.0005387931034482759,4.0,0.0,3.4765403370154556e-05,17
I170979836,0.0006734913793103449,5.0,0.0004855525347591595,3.226456364844582e-05,21
I17120543,0.0005387931034482759,4.0,0.0,2.418598444044213e-06,13
I171210897,0.0018857758620689654,16.0,1.5556323174631192e-05,0.0006016925228269739,13
I171256487,0.0016163793103448276,12.0,0.0002485890583941493,3.233603753076447e-05,13
I17145004,0.011584051724137932,128.0,0.003088022392685595,0.015873694708370776,4
I171481255,0.0006734913793103449,5.0,0.0,0.0002969101673665251,24
I171494771,0.0008081896551724138,6.0,0.0,0.0006211788275253398,4
I171543936,0.008216594827586207,66.0,0.0002573420057905895,0.0009488855397049607,13
I171571821,0.00013469827586206896,1.0,0.0,5.339165904864496e-08,21
I171589843,0.0004040948275862069,3.0,0.0,1.3635164479313422e-06,34
I17170469,0.0014816810344827585,11.0,1.398592485293826e-05,0.00011117990016025035,27
I171892758,0.00525323275862069,42.0,5.583485179645122e-05,0.0021833912875793317,17
I172324550,0.00013469827586206896,1.0,0.0,7.672573446985579e-07,13
I172446870,0.012257543103448275,92.0,0.00025098752055330173,0.007990836619680333,11
I172553438,0.00013469827586206896,1.0,0.0,2.712329427942745e-06,2
I172574986,0.0005387931034482759,4.0,0.0,1.4633122373757412e-05,13
I172675005,0.03892780172413793,714.0,0.06899586938018425,0.1436033810496911,4
I172780181,0.0013469827586206897,11.0,3.084831859969248e-08,0.000212736268242742,13
I172787465,0.0008081896551724138,6.0,0.0,0.00021262282553947728,1
I172901346,0.0,0.0,0.0,1.6956061190283638e-53,153
I172980758,0.002963362068965517,22.0,2.7866314468388867e-06,0.0017000498876841832,2
I17301866,0.0066002155172413795,54.0,4.5550912396830725e-05,0.006876573720107304,21
I173029219,0.002963362068965517,23.0,0.0010939014246316926,0.0013124776855348362,21
I173063890,0.00026939655172413793,2.0,0.0,9.777733152671462e-05,3
I173085932,0.00013469827586206896,1.0,0.0,1.2479530541501563e-05,21
I173089394,0.00013469827586206896,1.0,0.0,1.4631107883724523e-05,21
I173093425,0.014143318965517241,136.0,0.005552991844639037,0.01285527268932796,6
I173112312,0.0,0.0,0.0,1.6956061190283638e-53,154
I173207729,0.00026939655172413793,2.0,0.0,6.106310367222203e-05,1
I173212132,0.00013469827586206896,1.0,0.0,5.875907607947226e-07,6
I173268674,0.00013469827586206896,1.0,0.0,4.7477871483594175e-07,21
I173304897,0.003367456896551724,26.0,8.716162176893499e-06,0.0016560291939205227,16
I173632517,0.0,0.0,0.0,1.6956061190283638e-53,155
I173654999,0.0028286637931034483,22.0,2.1775283717429981e-07,0.003671561237835181,0
I173759888,0.0025592672413793103,20.0,0.00024224398266648703,0.0014913748755421461,4
I173761726,0.00026939655172413793,2.0,0.0,1.514525788524298e-10,6
I173888879,0.006061422413793103,49.0,0.00045617753562640016,0.0012030457988682587,13
I173893349,0.0013469827586206897,10.0,0.0,9.153531685873572e-06,6
I17389662,0.0010775862068965517,8.0,7.984270696390994e-07,0.0007414963842651058,2
I173899330,0.0014816810344827585,12.0,2.1775283717429981e-07,0.001313226875864016,17
I173911158,0.00390625,34.0,3.546320978023525e-05,0.001253779552738138,13
I174025329,0.008620689655172414,65.0,5.3284119256551174e-05,0.0036619680919911875,0
I174104030,0.0005387931034482759,4.0,0.0,0.000913380173074019,24
I174135032,0.0014816810344827585,12.0,0.0,0.002781785895020377,21
I174216632,0.010641163793103448,86.0,0.0013411016174100074,0.0059146289471900555,3
I174306211,0.014547413793103448,121.0,0.0007499286738484458,0.009900326819223615,24
I1743320,0.00646551724137931,62.0,5.927716123078161e-07,0.014102067122396804,0
I17442442,0.0009428879310344827,7.0,7.258427905809994e-08,0.0012747240911910353,4
I174458059,0.002963362068965517,23.0,0.0002869714248463159,0.0010198519782351554,0
I174612323,0.0005387931034482759,4.0,8.389532921132053e-06,5.728915533741637e-06,13
I174731842,0.0013469827586206897,10.0,2.2862665345605134e-05,0.0001456803961183551,13
I17477748,0.0004040948275862069,3.0,0.0,7.457354575999289e-41,156
I174878644,0.0013469827586206897,12.0,0.00048595174829397906,0.00017976844074614598,1
I174947986,0.00013469827586206896,1.0,0.0,4.417175348374035e-06,13
I175051016,0.00026939655172413793,2.0,3.629213952904997e-08,2.235424759889999e-45,157
I175124709,0.00013469827586206896,1.0,0.0,3.5559437637325713e-47,158
I175234967,0.0017510775862068966,18.0,1.5242698602200988e-07,0.0004704266597470823,6
I17533244,0.0020204741379310346,19.0,0.00047747437975420224,1.2971359485647178e-05,13
I175360629,0.0,0.0,0.0,1.6956061190283638e-53,159
I175381709,0.0005387931034482759,4.0,0.0,0.0007497212624925165,2
I175532246,0.002963362068965517,24.0,2.6130340460915984e-06,0.0011060071319213699,0
I175594653,0.003367456896551724,27.0,0.00035441572752287453,0.0035081265864449975,0
I175682507,0.0004040948275862069,3.0,0.0,7.70124431718482e-06,27
I175691731,0.0006734913793103449,5.0,0.0,2.3987669355754384e-06,13
I17626003,0.008755387931034482,66.0,3.0775734320634374e-06,0.002398530498157953,1
I176279760,0.0009428879310344827,7.0,0.0,3.696150696032953e-05,1
I176453806,0.010641163793103448,90.0,0.001188082119005257,0.004686890389498414,3
I176601375,0.005387931034482759,60.0,0.002248163158039396,0.005515192281102912,13
I176790772,0.0018857758620689654,14.0,3.629213952904997e-08,0.0010651929801080565,24
I176808543,0.00013469827586206896,1.0,0.0,0.0005726220636460841,4
I176834541,0.0009428879310344827,7.0,0.0,0.000520401393747892,4
I176861719,0.0009428879310344827,7.0,0.00024198691334482292,0.00022674906498115757,13
I177055848,0.0,0.0,0.0,1.6956061190283638e-53,160
I177064439,0.0006734913793103449,5.0,0.0004855162426196305,1.923419696505999e-06,13
I177097968,0.00026939655172413793,2.0,0.0,7.182650927927238e-06,13
I177136067,0.00013469827586206896,1.0,0.0,3.5559437637325713e-47,161
I177144353,0.00026939655172413793,2.0,0.0,6.341949110196576e-05,0
I17721919,0.004849137931034483,39.0,3.1353816257418524e-06,0.004825411342996949,4
I177233841,0.0,0.0,0.0,1.6956061190283638e-53,162
I177436651,0.0,0.0,0.0,1.6956061190283638e-53,163
I17747738,0.003636853448275862,27.0,5.353090580534871e-07,0.0024525872621555373,6
I177477856,0.006196120689655173,50.0,0.0007780213101313966,0.0031805569620717237,6
I177537411,0.0,0.0,0.0,1.6956061190283638e-53,164
I177605424,0.0009428879310344827,20.0,1.5726593795921654e-07,0.0006422777257050414,11
I177639307,0.01293103448275862,103.0,0.00028560192943987263,0.008351683759525032,0
I177657909,0.0005387931034482759,4.0,0.0,4.251425285650137e-05,13
I177721651,0.0010775862068965517,8.0,7.957656460736356e-06,0.00029520214295771034,16
I177725633,0.05212823275862069,753.0,0.05869956030866119,0.17801144425454982,4
I177738480,0.0013469827586206897,11.0,0.00027442785200084856,0.00022192614460691295,6
I177739611,0.005522629310344827,42.0,2.7944947437368477e-06,0.0047502132726010594,21
I177802217,0.004040948275862069,31.0,8.038708905684568e-06,0.0006742697932121434,6
I177837019,0.0004040948275862069,3.0,0.0,0.0004048309973146551,21
I177877127,0.013335129310344827,118.0,0.0007290129089688621,0.00696296384241474,13
I177909021,0.0020204741379310346,16.0,0.000634805773179354,0.0008028585798421239,2
I177918364,0.00026939655172413793,2.0,0.0,9.48472800128318e-06,4
I177933477,0.005926724137931034,46.0,0.0,0.007210502132819709,4
I177969490,0.02693965517241379,217.0,0.0011386106928448505,0.015596483232079312,24
I178102782,0.00013469827586206896,1.0,0.0,0.0007286178212717129,0
I178169726,0.0012122844827586207,9.0,0.0,0.0013062158598019316,0
I178232147,0.006196120689655173,48.0,0.00024231656694554513,0.004707507704285887,21
I178450904,0.00026939655172413793,2.0,0.0,2.6977992871085527e-06,13
I178535277,0.0009428879310344827,8.0,0.0002629018298367293,4.499352813045726e-06,13
I178613991,0.0005387931034482759,4.0,0.0,0.00012466691100867838,4
I17866349,0.009428879310344827,77.0,0.0009751243663645904,0.004738681268479984,0
I178721510,0.0009428879310344827,7.0,0.0,0.0002460096090081628,24
I17877952,0.004983836206896551,49.0,0.0010412109942613053,0.0018260652229043469,17
I178968375,0.00013469827586206896,1.0,0.0,0.00077447039739802,4
I179026463,0.0012122844827586207,10.0,9.073034882262492e-07,0.0002135903953962963,21
I179060312,0.0005387931034482759,6.0,0.0,0.00011197545968381443,6
I179093154,0.00026939655172413793,2.0,0.0,1.6390907096362485e-05,11
I179193067,0.003232758620689655,24.0,1.5603301735864724e-05,0.0021544083039306662,0
I179225836,0.004175646551724138,38.0,0.0022147734103609685,0.002590112746927096,17
I179311214,0.0008081896551724138,6.0,0.0,0.00016461060352309493,13
I1793135,0.0004040948275862069,3.0,0.0,0.0005146612360188483,4
I179324530,0.0004040948275862069,5.0,0.0,0.00015782775904894653,2
I179331831,0.005792025862068966,47.0,0.0035902320578516307,0.00043086861875332044,13
I17937529,0.018318965517241378,178.0,0.00021895885953479322,0.011205706678032643,17
I17974374,0.004714439655172414,35.0,0.0002463570918131127,0.003925047335925666,0
I18014758,0.009159482758620689,75.0,0.0011858492883256605,0.006892762762043469,16
I180203408,0.00026939655172413793,2.0,0.0,2.5806767753642694e-05,2
I180242103,0.0017510775862068966,13.0,0.0,0.0014109382001038736,0
I180291457,0.0013469827586206897,22.0,2.011909481035031e-07,0.00036425417886494656,13
I180297670,0.0017510775862068966,15.0,0.0,0.0003127392483927107,1
I180437899,0.0026939655172413795,25.0,0.00017498497021528305,0.001308632744097146,17
I180519160,0.0051185344827586205,38.0,0.00024400415143364598,0.003599320007957548,0
I180585399,0.0005387931034482759,4.0,0.0,0.0016756845638685916,4
I180662265,0.004983836206896551,51.0,1.1915919145371405e-06,0.014585575464095894,4
I180664298,0.0012122844827586207,9.0,4.3550567434859963e-07,0.000276577448245461,13
I180670191,0.027747844827586205,336.0,0.006701831275668084,0.04822863970617182,0
I180726961,0.020204741379310345,216.0,0.004553839880951459,0.04289312608454218,4
I180825142,0.004849137931034483,37.0,4.046573557489072e-06,0.0017721886985256356,6
I180857899,0.0024245689655172415,18.0,1.421442131554457e-06,0.0009206224286203901,24
I180910786,0.0005387931034482759,4.0,0.0,6.247675044570097e-07,111
I180923762,0.012392241379310345,104.0,0.0014552058034831747,0.00516033514772737,1
I180941496,0.00026939655172413793,2.0,0.0,1.0093291016258725e-07,21
I180949307,0.0025592672413793103,35.0,0.0009658548066664499,0.0017533518217034275,21
I180952551,0.0008081896551724138,6.0,0.0,0.0002487588565207055,13
I181028852,0.00013469827586206896,1.0,0.0,9.55449926794349e-06,0
I181046868,0.0025592672413793103,21.0,0.00011762887290357244,0.0006952071826509829,3
I181063083,0.0025592672413793103,20.0,3.94531594022009e-05,2.1104560597083982e-05,13
I181085462,0.00026939655172413793,2.0,0.0,3.225666815280292e-08,13
I181134585,0.00026939655172413793,2.0,0.0,3.3943478102982616e-05,0
I181190671,0.002963362068965517,31.0,1.1613484649295991e-07,0.001941264947284241,27
I181231927,0.0008081896551724138,12.0,1.6830479706596924e-05,0.0014886665173062502,0
I181233156,0.0021551724137931034,19.0,0.0002427944134493443,0.002391289481987603,0
I181326427,0.0045797413793103444,35.0,0.000575651400353979,0.005088723716487832,4
I181343428,0.0010775862068965517,8.0,0.0007283106560689748,0.00037418952451970537,165
I181361081,0.0008081896551724138,6.0,0.0,0.001882000301861358,4
I181369854,0.01171875,96.0,0.001538970357319344,0.003172546607805567,13
I181391015,0.009159482758620689,69.0,0.0002455917309150444,0.006293332922655168,11
I181397559,0.0,0.0,0.0,1.6956061190283638e-53,166
I181401687,0.0009428879310344827,7.0,2.2985021701731645e-07,0.0003441143806588798,3
I181414168,0.00026939655172413793,2.0,0.0,8.721252231512872e-07,13
I181418319,0.00646551724137931,48.0,0.0,0.0007268632850661923,13
I181514455,0.0010775862068965517,8.0,1.230062367982078e-05,3.944861512430629e-05,21
I181547552,0.00902478448275862,160.0,0.0013093600225220485,0.01156488966788287,0
I181565077,0.008755387931034482,69.0,7.706684339790132e-05,0.001824906861663053,13
I181631907,0.00026939655172413793,2.0,0.0,2.5241657259693583e-08,13
I181647926,0.011853448275862068,91.0,0.0018843783345196857,0.004049847802620302,13
I181653535,0.0025592672413793103,19.0,6.532585115228994e-07,0.0010862942619494901,17
I181679659,0.0018857758620689654,17.0,0.0006850340942875592,0.0026850866062174358,4
I181697535,0.0017510775862068966,14.0,1.0887641858714991e-07,0.0006943525224681119,3
I181727666,0.0005387931034482759,4.0,3.127172689419806e-06,1.635174174654533e-05,21
I181877577,0.0025592672413793103,22.0,0.0003528503265711883,0.001105502798575689,3
I181903023,0.0004040948275862069,3.0,0.0,0.001377439293739842,4
I181950316,0.00026939655172413793,2.0,0.0,1.1921932254343103e-06,0
I182000528,0.003232758620689655,24.0,0.0,0.00013527068020814296,13
I182083151,0.0,0.0,0.0,1.6956061190283638e-53,167
I182202855,0.0004040948275862069,3.0,0.0,1.5250806361183295e-06,6
I182204967,0.00026939655172413793,2.0,0.0,1.83947209883112e-05,6
I182212641,0.0010775862068965517,10.0,0.0002427944134493443,0.00103726805262349,11
I182286215,0.006330818965517241,47.0,0.0,0.0013235956301866408,1
I18241798,0.00013469827586206896,1.0,0.0,3.367125211252631e-07,1
I182451676,0.00026939655172413793,2.0,0.0,2.9665934383053726e-05,1
I182526193,0.0004040948275862069,3.0,0.0,7.457354575999289e-41,168
I182534213,0.006734913793103448,66.0,0.0033274715997763174,0.0031337618664682297,24
I182627622,0.0012122844827586207,9.0,0.0,0.00026761377329652115,1
I182707071,0.00013469827586206896,1.0,0.0,1.3638958547265554e-05,4
I182712176,0.00026939655172413793,2.0,0.0,1.7736638898204747e-43,169
I182714158,0.00013469827586206896,1.0,0.0,3.5559437637325713e-47,43
I182722699,0.0010775862068965517,8.0,3.629213952904997e-08,0.0024513592520065282,4
I183067279,0.0005387931034482759,4.0,0.0004855162426196305,4.87730534782112e-05,3
I183067930,0.05105064655172414,784.0,0.03569929886086547,0.16108954832398215,4
I183111857,0.0,0.0,0.0,1.6956061190283638e-53,170
I183173800,0.0026939655172413795,20.0,0.0,0.0015189728860427651,17
I183263030,0.00013469827586206896,1.0,0.0,8.801639798349013e-11,2
I183437572,0.0005387931034482759,4.0,0.0,1.1610609421369714e-05,13
I183519381,0.018723060344827586,187.0,0.001557592112938424,0.0246964303185655,4
I183533211,0.00013469827586206896,1.0,0.0,1.9491006251700045e-05,4
I183570559,0.0004040948275862069,3.0,0.0,0.0002775070684186522,4
I183638586,0.0008081896551724138,6.0,1.2369570889484532e-06,4.2012963423238374e-05,6
I183697816,0.002963362068965517,26.0,0.0010819800594497552,0.0019467185773724184,21
I183764125,0.0,0.0,0.0,1.6956061190283638e-53,171
I183859904,0.0021551724137931034,16.0,0.0004519028086272483,0.0008985102555803915,16
I183874917,0.0045797413793103444,43.0,5.4438209293574954e-08,0.004278401788306394,0
I183898223,0.0012122844827586207,9.0,0.0,0.00011365476932279398,17
I183935753,0.037984913793103446,387.0,0.009732335372541413,0.03813731146388354,16
I183970581,0.00026939655172413793,2.0,0.0,1.1758417903037278e-07,16
I183974707,0.017914870689655173,149.0,1.6109010584113038e-05,0.014018315062430267,11
I184139950,0.00026939655172413793,2.0,0.0,1.4707859099537118e-05,35
I184461854,0.003636853448275862,49.0,2.2848538441964293e-07,0.001259045770777147,27
I184468904,0.0,0.0,0.0,1.6956061190283638e-53,172
I18452120,0.00026939655172413793,2.0,0.0,1.405621188117537e-05,2
I184531372,0.0017510775862068966,13.0,7.439888603455244e-07,0.00024038127686353415,13
I184558857,0.0022898706896551722,17.0,1.081851397389775e-06,0.0009360264965812937,13
I184565670,0.012392241379310345,106.0,0.0002597125991598033,0.013434575189128262,21
I184597095,0.0028286637931034483,23.0,0.00024589739137907804,0.0005494501337268888,1
I184616310,0.00026939655172413793,2.0,0.0,0.0003974841783136374,0
I184654094,0.0,0.0,0.0,1.6956061190283638e-53,173
I184656255,0.00013469827586206896,1.0,0.0,2.6443328492591855e-07,11
I184681353,0.0006734913793103449,7.0,0.0002427944134493443,0.00061522837168968,4
I184693016,0.005387931034482759,51.0,0.00048034419771557433,0.0001150777732287059,35
I184834183,0.0010775862068965517,8.0,1.8127923694760465e-06,1.2238674183696327e-05,13
I184840846,0.0017510775862068966,19.0,0.0007291393265882214,0.0006868658949944856,0
I184843921,0.0014816810344827585,11.0,0.0,0.0008717676447656298,4
I184886455,0.00026939655172413793,2.0,0.0,5.598650948636575e-05,24
I184908088,0.00026939655172413793,2.0,0.0,5.1585439647664725e-05,2
I184925374,0.0,0.0,0.0,1.6956061190283638e-53,174
I184942183,0.01293103448275862,102.0,0.0014080184756346508,0.005600413137625858,6
I184983240,0.0014816810344827585,11.0,7.258427905809994e-08,0.0016749607040779633,3
I184999862,0.00026939655172413793,2.0,0.0,1.9988820476855845e-05,6
I1850255,0.013200431034482759,134.0,0.0007847094717611185,0.014016423405923564,17
I185052938,0.0004040948275862069,3.0,0.0,3.2166362195775355e-08,13
I185065464,0.0005387931034482759,4.0,0.0,1.044371459466705e-05,13
I185088104,0.0010775862068965517,8.0,0.0,0.0006406289001846143,4
I185103710,0.0045797413793103444,48.0,3.992135348195497e-07,0.008427442813713644,0
I185163786,0.013873922413793103,105.0,0.002284741171224967,0.0009823554901895488,13
I185203018,0.0009428879310344827,9.0,0.0007062335711249051,7.413607004985693e-05,13
I185241533,0.0010775862068965517,8.0,6.818085389041715e-06,0.00011268107511270376,2
I185261750,0.051858836206896554,619.0,0.03716482946251779,0.05470408897125211,0
I185443292,0.0014816810344827585,13.0,0.00024183267175182448,0.00070118582296437,24
I185492890,0.0051185344827586205,43.0,3.438135838284547e-05,0.0018434484199072998,0
I185523456,0.00013469827586206896,1.0,0.0,0.00030533742687799956,4
I185571130,0.0013469827586206897,10.0,3.961891898587955e-06,1.6316276720451106e-05,21
I185573737,0.0,0.0,0.0,1.6956061190283638e-53,175
I185658715,0.00026939655172413793,2.0,0.0,0.0002534069188518914,13
I185839726,0.0010775862068965517,9.0,0.0,0.0003355290893158706,1
I185848579,0.00026939655172413793,2.0,0.0,1.6880598047390436e-05,35
I185854337,0.00026939655172413793,2.0,0.0,0.0004354143030731389,11
I185940356,0.0013469827586206897,10.0,0.0,0.0022545292735151132,4
I186129607,0.004445043103448276,33.0,0.0,0.0006184717896368956,3
I186143895,0.007004310344827586,81.0,6.704964137006386e-05,0.011819164206822346,0
I186217134,0.00026939655172413793,2.0,0.0,2.6790773416565386e-08,24
I186272606,0.0008081896551724138,6.0,1.0887641858714991e-07,0.00011404170879518684,4
I186335123,0.005792025862068966,44.0,3.9050342133257774e-05,0.0026421600021187923,21
I186354981,0.003367456896551724,25.0,0.0,0.0006358096411627239,6
I186365177,0.0,0.0,0.0,1.6956061190283638e-53,176
I186523950,0.0024245689655172415,23.0,7.258427905809994e-08,0.00491208540262663,0
I186667990,0.0021551724137931034,32.0,0.0,0.004322366829581908,0
I186691195,0.00013469827586206896,1.0,0.0,0.00010956139549071073,4
I186803428,0.0004040948275862069,3.0,0.0,0.00039285893085723217,1
I186903577,0.003367456896551724,25.0,0.00024529857107684876,0.0005997339739481046,2
I186995768,0.00026939655172413793,2.0,1.4134759082312586e-07,2.5232081017626887e-06,16
I187175081,0.00026939655172413793,2.0,0.0,1.6017055838142435e-06,4
I187400657,0.002963362068965517,23.0,5.806742324647995e-07,0.0026119857599038944,4
I187453708,0.007947198275862068,59.0,0.0,0.006164370490298715,11
I187476118,0.0005387931034482759,4.0,0.0,0.00017951640984977487,0
I187481652,0.0018857758620689654,14.0,0.0,0.0013547857504930248,11
I187531555,0.004714439655172414,39.0,0.00026169717432304994,0.0025880890868586006,2
I187761245,0.0,0.0,0.0,1.6956061190283638e-53,177
I187792471,0.0012122844827586207,10.0,5.849083154098554e-06,4.908442666718384e-05,13
I188329596,0.009563577586206896,76.0,0.0004426231677792385,0.004640402503145771,3
I188497080,0.0005387931034482759,4.0,0.0,0.00040122250079568814,0
I188522409,0.0004040948275862069,3.0,0.0,0.000496298219547038,4
I188538660,0.030576508620689655,255.0,0.0016773731617835464,0.01868655130139684,11
I188626449,0.0006734913793103449,5.0,0.0,0.00018494467096313969,1
I188703185,0.0,0.0,0.0,1.6956061190283638e-53,178
I188716491,0.00013469827586206896,1.0,0.0,7.00566851524588e-05,4
I188740104,0.00026939655172413793,2.0,0.0,0.00019167940147846638,24
I188760350,0.005522629310344827,42.0,0.0009880649911892365,0.002150121153031625,27
I188836384,0.0,0.0,0.0,1.6956061190283638e-53,179
I188884621,0.0006734913793103449,5.0,0.0,0.00022583430300150885,13
I188922065,0.0012122844827586207,13.0,9.19400868069266e-08,4.819808953295739e-06,35
I188935350,0.0006734913793103449,5.0,1.0887641858714991e-07,0.00023232301299200224,4
I188950975,0.0014816810344827585,16.0,0.0,0.002589802756894644,24
I188963388,0.0021551724137931034,16.0,0.0,0.001686719676463214,2
I189109744,0.0005387931034482759,4.0,0.0,0.0002797100033756065,13
I189158943,0.003636853448275862,28.0,0.0001681072929383894,0.0008188646835125233,6
I189196454,0.006734913793103448,85.0,0.0003005926699943171,0.013719020142614717,4
I189210763,0.0018857758620689654,16.0,2.8331199493784793e-05,0.0007006060835434213,4
I189238007,0.0006734913793103449,5.0,0.0,0.0008011176693157685,6
I18925743,0.0028286637931034483,21.0,0.0,0.004173096958820784,4
I189268942,0.0008081896551724138,6.0,0.0005571690234298177,0.00037274332308380356,35
I189273616,0.0009428879310344827,7.0,0.0,0.00020899423772044738,0
I189442560,0.0004040948275862069,3.0,0.0,4.203203248891186e-05,13
I189462010,0.0010775862068965517,10.0,0.00024340230678645587,1.2434351982196939e-05,3
I189486483,0.0004040948275862069,3.0,0.0,7.095424607647781e-05,1
I189590672,0.0006734913793103449,6.0,2.3589890693882479e-07,0.000328799581574308,13
I189643551,0.0004040948275862069,3.0,0.0,7.457354575999289e-41,168
I189712700,0.0045797413793103444,38.0,8.61333444822786e-06,0.0023898682826108304,17
I189731429,0.0008081896551724138,7.0,3.157416139027347e-06,0.000386993855226422,11
I189774192,0.00013469827586206896,1.0,0.0,9.346852202664699e-05,11
I189869855,0.0012122844827586207,9.0,0.0,3.605567755184826e-06,16
I189977406,0.0009428879310344827,7.0,0.0,0.0005893849819333192,4
I189996419,0.0005387931034482759,4.0,0.0,0.0002619458587015676,6
I190032430,0.0004040948275862069,3.0,0.0002427944134493443,8.314766577649098e-07,1
I19008122,0.0,0.0,0.0,1.6956061190283638e-53,180
I190082696,0.0025592672413793103,20.0,6.639042057847541e-05,0.0009784691184925999,13
I190134885,0.0010775862068965517,8.0,1.046423356420941e-05,0.00010854080897683874,21
I190242452,0.0006734913793103449,5.0,0.0,0.00014896329916381864,4
I190243414,0.00026939655172413793,2.0,0.0,5.723304032499884e-43,48
I190249584,0.0020204741379310346,16.0,0.00011316493974149925,0.0009808629308191363,21
I1902872,0.0008081896551724138,7.0,1.0887641858714991e-07,0.0009970830004671911,1
I190397597,0.0005387931034482759,5.0,0.0,5.1178598517713327e-05,6
I190632392,0.0022898706896551722,18.0,0.0005704072982831375,0.00022991099736025252,13
I190765188,0.005522629310344827,42.0,0.0,0.002650654678697512,21
I190861549,0.00026939655172413793,2.0,0.0,2.991427986101426e-06,13
I190930483,0.0008081896551724138,6.0,0.0,1.3098967046096506e-05,2
I191208505,0.010910560344827586,104.0,0.0019283933182719334,0.020586154162338756,4
I191240316,0.003232758620689655,28.0,0.00022472516204682263,0.002875101986662896,0
I191365509,0.00013469827586206896,1.0,0.0,3.5559437637325713e-47,181
I191420491,0.0012122844827586207,9.0,8.685918727285959e-07,2.2656238728774038e-05,13
I19144141,0.0,0.0,0.0,1.6956061190283638e-53,182
I191879574,0.0018857758620689654,14.0,1.996067674097748e-06,0.0003215170415299114,13
I191969501,0.00026939655172413793,2.0,0.0,2.492989395615093e-05,35
I191972202,0.00026939655172413793,2.0,0.0,3.013998778160173e-07,13
I191996457,0.003367456896551724,25.0,0.0,0.00198614270411186,4
I192156838,0.0005387931034482759,4.0,0.0,0.00047271445834774756,11
I192209268,0.0004040948275862069,3.0,0.0,0.0004048309973146551,21
I192365124,0.0006734913793103449,5.0,0.0,3.705883851457849e-07,35
I192396691,0.00026939655172413793,2.0,0.0,0.00015373784812575998,3
I192398990,0.0028286637931034483,21.0,0.00031269785945538226,0.0009282890394126449,24
I192454743,0.0012122844827586207,10.0,7.621349301100493e-07,0.0004731145035604121,1
I192455894,0.00026939655172413793,2.0,0.0,1.0437785398173243e-07,34
I192455969,0.0075431034482758615,64.0,0.001148880497586117,0.008522686279688909,0
I192513696,0.0006734913793103449,5.0,0.0,6.270148350492524e-07,111
I192545095,0.0008081896551724138,7.0,0.0,0.00023176113471948945,0
I1925986,0.007408405172413793,61.0,1.4637829610050153e-06,0.0048825370724174845,0
I192619145,0.016433189655172414,125.0,1.4499660250271712e-05,0.01149461114153741,11
I19268510,0.00026939655172413793,2.0,0.0,0.00014180761078436076,2
I192756129,0.00026939655172413793,2.0,0.0,3.6503099852607008e-06,13
I192805215,0.0,0.0,0.0,1.6956061190283638e-53,183
I192878625,0.0,0.0,0.0,1.6956061190283638e-53,184
I192891849,0.00013469827586206896,1.0,0.0,2.874380522802601e-06,13
I192915278,0.0006734913793103449,6.0,0.0,0.00035731554539481804,0
I193033237,0.0005387931034482759,4.0,0.0,1.7037132714507362e-05,0
I193073490,0.00026939655172413793,2.0,0.0,2.3089925519479464e-06,13
I193114190,0.00026939655172413793,2.0,0.0,1.980695041007565e-07,3
I193181351,0.0025592672413793103,19.0,0.0002019116207043657,0.0003713510404361976,1
I193223587,0.006330818965517241,54.0,0.0007546476889054943,0.003660143526350705,6
I193260172,0.006330818965517241,58.0,0.002648530096854034,0.00037211046683321297,13
I193352282,0.0006734913793103449,5.0,0.0002470708372238507,4.28677460199052e-05,13
I193374721,0.004040948275862069,42.0,6.532585115228994e-07,0.00692414042782051,11
I193424650,0.00013469827586206896,1.0,0.0,4.50894314285554e-05,0
I193524592,0.00013469827586206896,1.0,0.0,1.3489949047754742e-06,4
I193531525,0.008081896551724138,63.0,0.0007668822875998732,0.0043050172328395414,16
I193615760,0.0010775862068965517,8.0,0.0,1.844562168882652e-05,13
I193619901,0.006061422413793103,45.0,2.322696929859198e-06,0.0027020848278703955,21
I193629610,0.0022898706896551722,17.0,0.0,0.0010445597714782626,0
I193649603,0.0012122844827586207,9.0,0.0,0.002454258434154109,16
I193662353,0.03286637931034483,280.0,0.0027478750211839716,0.01729335715183216,3
I193700539,0.0037715517241379308,30.0,0.0,0.0017988380587500349,16
I193775966,0.01966594827586207,162.0,0.0038300595064123507,0.009724103843082454,24
I194019607,0.003367456896551724,29.0,3.1202022943674e-05,0.0010775935701753633,0
I194028371,0.0026939655172413795,20.0,0.0,0.0018151233081762398,6
I194210350,0.0004040948275862069,6.0,0.0,0.00031300015481878254,1
I194348271,0.0005387931034482759,4.0,0.0002427944134493443,1.226520024007986e-05,6
I194388944,0.00013469827586206896,1.0,0.0,3.5559437637325713e-47,73
I194450716,0.011853448275862068,142.0,0.005130531454348943,0.03093991897233481,4
I194456095,0.0004040948275862069,4.0,0.0,2.4580904735067903e-08,13
I194601409,0.0006734913793103449,5.0,0.0,6.521250908858929e-05,21
I194604659,0.0013469827586206897,10.0,0.0,0.0012661113622967426,0
I194716290,0.00026939655172413793,2.0,0.0,0.00012661529353858028,4
I195019228,0.00013469827586206896,1.0,0.0,0.0003867627870239518,4
I195024194,0.0012122844827586207,10.0,0.00025003776283527855,6.746538556712723e-06,13
I195373058,0.00026939655172413793,2.0,0.0,1.7556691235641797e-06,13
I195460627,0.015625,126.0,3.372749500233049e-05,0.011680528158422238,0
I195525897,0.0017510775862068966,14.0,7.258427905809994e-08,0.0007151735174277862,1
I195573530,0.00013469827586206896,1.0,0.0,3.8939677358716616e-05,6
I195575238,0.0004040948275862069,3.0,0.0,0.0007517275929003946,0
I195631090,0.0004040948275862069,3.0,0.0,2.975761767285562e-07,13
I195731000,0.0025592672413793103,19.0,2.9033711623239975e-07,0.001727062836558954,1
I195740183,0.0009428879310344827,7.0,3.374564107209496e-06,0.0003327821292452873,11
I195893171,0.0022898706896551722,17.0,0.0,0.0015814151660540007,6
I195939026,0.0010775862068965517,8.0,1.4335395113974738e-06,0.0002611602730589587,13
I196272386,0.004849137931034483,60.0,0.0012083225908600327,0.006141856667654734,0
I196345858,0.0021551724137931034,17.0,0.0003980452735661383,0.00037734489708891617,13
I196349391,0.0009428879310344827,11.0,0.0003444547449601348,0.0001022895496484219,17
I196471810,0.0004040948275862069,3.0,3.266292557614497e-07,5.661199941529893e-07,13
I19648265,0.0066002155172413795,50.0,1.1616609805755442e-05,0.0007291939266710362,13
I196486160,0.0008081896551724138,6.0,4.532888227178341e-06,4.698769493883831e-06,13
I196551433,0.0,0.0,0.0,1.6956061190283638e-53,185
I196608512,0.00013469827586206896,1.0,0.0,3.5559437637325713e-47,186
I196679689,0.003367456896551724,25.0,0.0,0.0024125822899418274,21
I19668297,0.0009428879310344827,7.0,0.0,0.00023362626521143917,16
I196699116,0.0025592672413793103,21.0,0.00024104029337210684,0.002289641170626089,4
I196758499,0.00013469827586206896,1.0,0.0,3.0064453266995303e-05,11
I196829312,0.004040948275862069,37.0,0.0005194735878389781,0.004914655271027685,2
I196972281,0.0,0.0,0.0,1.6956061190283638e-53,187
I19700959,0.0030980603448275863,25.0,9.74390607907502e-05,0.0032977177089526777,21
I19716509,0.0006734913793103449,5.0,0.0,5.232235173891644e-05,13
I197173980,0.0,0.0,0.0,1.6956061190283638e-53,188
I197191942,0.0006734913793103449,5.0,0.0,0.0005568328826782808,0
I197250369,0.00026939655172413793,2.0,0.0,1.7736638898204747e-43,79
I197251160,0.007677801724137931,67.0,0.00023368932051049787,0.004430771466172454,34
I197274945,0.00026939655172413793,2.0,0.0,0.000658440021694448,4
I197323543,0.020339439655172414,222.0,0.0007879637899067624,0.010009923310212278,17
I197347611,0.009428879310344827,78.0,0.001947926005686794,0.005425859493138802,13
I197425175,0.00013469827586206896,1.0,0.0,3.5559437637325713e-47,161
I197518295,0.0009428879310344827,7.0,2.540449767033498e-07,0.00010215882437640838,6
I197572798,0.00026939655172413793,2.0,0.0,1.2322008981096423e-05,0
I197610006,0.0014816810344827585,11.0,0.0,0.0004048247739903377,16
I197681013,0.0016163793103448276,12.0,0.0,0.00027502234681219527,1
I197809005,0.0006734913793103449,5.0,0.0,7.17734029446964e-05,21
I197854408,0.0004040948275862069,3.0,0.0,0.0002908481224879723,27
I197869895,0.0066002155172413795,51.0,0.0002437380090770996,0.005734503911840753,4
I197907453,0.00026939655172413793,2.0,0.0,1.7736638898204747e-43,189
I197979904,0.00013469827586206896,1.0,0.0,3.5559437637325713e-47,190
I198034347,0.0,0.0,0.0,1.6956061190283638e-53,191
I198091727,0.0008081896551724138,6.0,0.0,0.0004253129430593939,4
I19820366,0.06734913793103448,1220.0,0.098378643453548,0.2652163846855801,4
I198244214,0.014682112068965516,112.0,0.0011971347035549282,0.007478958796306719,1
I198357462,0.0018857758620689654,14.0,0.0002427944134493443,0.004400646036769994,4
I198488067,0.0006734913793103449,5.0,0.0,3.79966136435809e-05,3
I198587356,0.0006734913793103449,5.0,0.0,0.000709641323476693,3
I198645480,0.0008081896551724138,6.0,0.00011196433295255993,0.0008626389212882012,4
I198667473,0.0,0.0,0.0,1.6956061190283638e-53,192
I19880235,0.0005387931034482759,4.0,0.00024283070558887333,2.8929521922126262e-05,16
I198873322,0.0005387931034482759,4.0,1.8146069764524985e-07,6.807346518124338e-06,13
I19894307,0.007139008620689655,61.0,0.0005204673875930821,0.004176276049314595,1
I198972184,0.00026939655172413793,2.0,0.0,8.5577460814783e-05,0
I199117387,0.0013469827586206897,10.0,0.0,0.0003146509792554103,1
I199143407,0.0005387931034482759,4.0,0.0,6.383279926675757e-06,34
I19923696,0.0005387931034482759,4.0,0.00024471789684438395,2.124868018433544e-05,35
I19926482,0.0004040948275862069,3.0,0.0,7.457354575999289e-41,103
I199305430,0.007408405172413793,56.0,8.304851262230933e-06,0.006599154676973556,4
I199417121,0.0005387931034482759,7.0,0.0,3.7316783928868576e-05,17
I199440890,0.0005387931034482759,4.0,0.0,4.202060840890723e-05,13
I199577144,0.0005387931034482759,4.0,0.0,3.6799598774806347e-05,2
I199688382,0.0005387931034482759,6.0,1.7076445361762247e-05,2.2563760387951607e-07,13
I199693650,0.0045797413793103444,35.0,0.0010091297292790819,0.0006426001591518369,6
I199702508,0.0030980603448275863,26.0,0.0009456911319740565,8.403518211597469e-05,13
I200166805,0.006061422413793103,52.0,0.00024291063470569327,0.00735907187136308,0
I200202764,0.0013469827586206897,10.0,0.0,0.0006760429027158897,24
I200207707,0.0013469827586206897,10.0,0.0,0.00025290755222968225,34
I200252411,0.00026939655172413793,2.0,0.0,7.163802818802117e-05,16
I200284239,0.0016163793103448276,13.0,2.8126408135013725e-06,2.4556574468546284e-05,34
I200296433,0.029633620689655173,321.0,0.004742563879494706,0.05114188960928268,4
I200314755,0.00013469827586206896,1.0,0.0,3.5559437637325713e-47,152
I200323923,0.0025592672413793103,20.0,3.532434914160863e-07,0.0016310794431530632,16
I200332995,0.008216594827586207,73.0,7.055796793439464e-06,0.005058631021479984,17
I200362191,0.0,0.0,0.0,1.6956061190283638e-53,193
I200420086,0.00026939655172413793,2.0,0.0,8.892863663785678e-07,6
I200432940,0.0004040948275862069,3.0,0.0,9.940487488896821e-05,17
I200437953,0.00013469827586206896,1.0,0.0,8.66903959590501e-06,34
I200475212,0.010102370689655173,77.0,2.5295621251747827e-05,0.006910786605038345,11
I200606013,0.0022898706896551722,17.0,2.6968688884037034e-05,8.910936632387987e-05,21
I200641316,0.00013469827586206896,1.0,0.0,5.206901241177246e-06,6
I200650556,0.009428879310344827,74.0,0.0015643291914092057,0.0016986996073615696,3
I200719446,0.02451508620689655,201.0,0.0007746151200168832,0.014318763523227354,24
I200744771,0.00026939655172413793,2.0,0.0,8.824313717516785e-06,21
I200745827,0.0004040948275862069,3.0,0.0,1.9901486285409013e-05,13
I200749728,0.00026939655172413793,2.0,0.0,1.90524452771871e-06,13
I200763008,0.004983836206896551,37.0,3.713895611806113e-06,0.0025304030492508027,21
I200769079,0.04566271551724138,713.0,0.02664944559712887,0.1866836670201375,4
I200777214,0.00390625,29.0,0.00012598332342315976,0.00041239491960986017,1
I200813526,0.00026939655172413793,2.0,0.0,1.320570267444599e-07,13
I200845125,0.005522629310344827,46.0,0.0004859940891234296,0.006300932900813306,4
I200870766,0.01050646551724138,83.0,8.165731394036243e-07,0.00852194732026267,11
I20089843,0.044046336206896554,511.0,0.015011636890198955,0.0750325942664067,11
I201025148,0.00026939655172413793,2.0,1.2097379843016655e-08,2.0256521275942554e-07,24
I20107917,0.00013469827586206896,1.0,0.0,3.5559437637325713e-47,194
I201118511,0.0006734913793103449,5.0,3.774987380013348e-06,1.0658839572109885e-05,21
I201181511,0.0004040948275862069,3.0,0.0,0.00022243670031433526,2
I201193091,0.0006734913793103449,5.0,0.0,0.0004086726515104285,24
I20121455,0.0008081896551724138,6.0,0.0,0.0007872414590932897,16
I20126385,0.004714439655172414,35.0,0.0001282546064886861,0.0006206651175039235,3
I201324441,0.0020204741379310346,16.0,1.0253393515516832e-06,0.0005777543448028714,16
I201384688,0.003636853448275862,46.0,0.0036614844882828933,0.000532487396207741,13
I201448701,0.06748383620689655,811.0,0.039705346372124445,0.10924327806758484,0
I201459984,0.0008081896551724138,7.0,2.1775283717429981e-07,0.00041775090294326697,13
I201532990,0.0004040948275862069,3.0,0.0,5.6635338587797864e-05,4
I201537933,0.006196120689655173,53.0,0.00203345765084755,0.0037858522366837413,24
I201726411,0.003502155172413793,28.0,0.00011415390054366594,0.002494073138131948,3
I201799495,0.0008081896551724138,6.0,6.50445870709398e-05,0.00012042352715656056,34
I201800536,0.0004040948275862069,3.0,0.0,8.513366594844541e-06,6
I201841394,0.0004040948275862069,3.0,0.0,5.966285105199488e-05,6
I201850948,0.0026939655172413795,20.0,0.0,0.0006219210818202371,6
I202126657,0.00026939655172413793,2.0,0.0,0.00022340277844402263,4
I202276237,0.0017510775862068966,15.0,5.93255507501537e-06,0.00033451351733153,6
I20230540,0.00013469827586206896,1.0,0.0,3.2141985644769516e-08,13
I20231570,0.05495689655172414,811.0,0.03333721167062205,0.16641150674527763,4
I202334528,0.0004040948275862069,3.0,0.0,0.00035720546042986815,4
I202391551,0.0005387931034482759,4.0,0.0,1.997029002559702e-05,0
I202483615,0.0,0.0,0.0,1.6956061190283638e-53,195
I202524275,0.0004040948275862069,3.0,0.0,2.3503847768015143e-05,0
I202539009,0.0005387931034482759,4.0,0.0,1.841546779011987e-09,13
I202697423,0.03461745689655173,329.0,0.005951738799650861,0.027540479875159826,11
I202735123,0.0021551724137931034,20.0,7.169512163963822e-05,0.00016606391152339516,13
I202963720,0.0017510775862068966,22.0,6.804776161696868e-06,0.0019853514754830516,17
I203082224,0.0008081896551724138,6.0,0.0,0.0007872414590932897,16
I203089679,0.00026939655172413793,2.0,0.0,6.685705598648493e-08,13
I203172682,0.007273706896551724,55.0,1.541206192000322e-05,0.003624738391590064,0
I203238179,0.011314655172413793,84.0,5.371236650299396e-06,0.007123957711808215,11
I203455613,0.0,0.0,0.0,1.6956061190283638e-53,196
I203765153,0.0008081896551724138,6.0,0.0,1.3098967046096506e-05,2
I20382870,0.00013469827586206896,1.0,0.0,0.00014063892939624497,4
I203847022,0.00013469827586206896,1.0,0.0,2.911785979266307e-05,11
I20388574,0.0013469827586206897,10.0,0.0,0.000702169857805116,34
I203899302,0.0005387931034482759,4.0,0.0,3.467840107310963e-05,13
I203951103,0.004040948275862069,31.0,0.000936803476597264,0.0014636717636129408,6
I204136569,0.008351293103448275,64.0,1.7317975310985162e-05,0.0034698456581773837,21
I204205638,0.0009428879310344827,7.0,0.0,0.0002767866867026578,16
I204246437,0.0006734913793103449,5.0,0.0,4.234630652326587e-06,35
I204250578,0.012796336206896552,107.0,0.0010347226221890764,0.010145977276504603,1
I204275683,0.0014816810344827585,11.0,0.0007282380717899168,1.501005544445887e-05,21
I204291657,0.0012122844827586207,10.0,6.141839746299557e-05,0.0006432112410201643,4
I204308271,0.0024245689655172415,18.0,0.00014033320579273176,0.0028879271639328102,0
I204331812,0.0,0.0,0.0,1.6956061190283638e-53,197
I204337017,0.019261853448275863,175.0,0.0004193844860174349,0.016180400294111098,0
I204442077,0.00013469827586206896,1.0,0.0,3.649546380743894e-06,21
I204465549,0.016298491379310345,143.0,0.0016811742614512369,0.015503435279173989,0
I204483917,0.00026939655172413793,2.0,0.0,1.7736638898204747e-43,189
I204490172,0.0004040948275862069,3.0,7.258427905809994e-08,6.696760718679477e-43,102
I204512498,0.016433189655172414,169.0,0.0010605093177023486,0.026283136888504095,4
I204553293,0.0009428879310344827,7.0,0.00024283070558887333,0.00039289201045114873,4
I204585392,0.0012122844827586207,9.0,0.0,2.8079234475134577e-05,21
I204593131,0.00646551724137931,48.0,0.0,0.0007268632850661923,13
I204722609,0.0014816810344827585,14.0,0.000524040348729717,0.0005837820605965275,1
I204730241,0.03259698275862069,301.0,0.005660135354833898,0.027581724259755164,11
I204743663,0.0006734913793103449,5.0,0.0,2.3252565988332513e-05,13
I204778367,0.012526939655172414,99.0,0.0011554448686691842,0.0028548951041487717,3
I204823248,0.008081896551724138,61.0,0.00023363972125314147,0.008165547983813613,4
I204824540,0.0022898706896551722,25.0,1.0887641858714991e-07,0.0018933790615556733,0
I204831749,0.003502155172413793,30.0,2.1775283717429983e-06,0.005860829710618267,4
I204866599,0.002963362068965517,45.0,7.258427905809994e-08,0.010027949835633345,0
I204881574,0.0009428879310344827,7.0,0.0,6.360438436662914e-05,2
I20497027,0.0,0.0,0.0,1.6956061190283638e-53,198
I204974687,0.0,0.0,0.0,1.6956061190283638e-53,199
I204983213,0.018992456896551723,267.0,0.007213959752114043,0.06262888281915159,4
I205023500,0.005792025862068966,60.0,7.742323099530659e-06,0.004631911504449408,21
I205051169,0.0045797413793103444,34.0,5.734158045589894e-07,0.0024216553807389417,16
I205092303,0.0006734913793103449,5.0,0.0,0.0002313836954260883,16
I205133468,0.00026939655172413793,2.0,0.0,4.903233915324708e-07,13
I205158640,0.00013469827586206896,1.0,0.0,2.4987089953230906e-06,16
I205237279,0.004849137931034483,38.0,1.7057305578653486e-06,0.008484418612860528,4
I205274468,0.008755387931034482,67.0,0.0005103285159400797,0.006614155976620074,16
I20529979,0.0009428879310344827,7.0,0.0002427944134493443,0.00019003530179774664,6
I205349734,0.004849137931034483,38.0,0.0029215323538133264,0.0021329871681680422,6
I205490536,0.0014816810344827585,11.0,0.0002427944134493443,0.0002972767756392715,13
I205582932,0.003502155172413793,26.0,3.629213952904997e-07,0.0018216384611112963,17
I205612303,0.0,0.0,0.0,1.6956061190283638e-53,200
I205640436,0.0030980603448275863,23.0,8.468165890111659e-08,0.0017860940258756868,6
I205703379,0.0005387931034482759,4.0,0.0,1.2355969501590387e-05,1
I205746353,0.0012122844827586207,10.0,0.0,0.00018825381983290264,21
I205783295,0.05374461206896552,661.0,0.027334571110828463,0.06861603238584944,0
I20581793,0.0006734913793103449,5.0,1.0887641858714991e-07,7.834246478177562e-05,13
I205892228,0.0008081896551724138,6.0,2.1775283717429981e-07,0.0003399135844704134,1
I206127235,0.0021551724137931034,16.0,0.0,0.0002867861520763004,1
I206451062,0.00026939655172413793,2.0,0.0,4.620300019840364e-07,1
I206597221,0.00026939655172413793,2.0,1.0887641858714991e-07,7.428133860091581e-07,13
I206816349,0.0,0.0,0.0,1.6956061190283638e-53,201
I206895457,0.0005387931034482759,7.0,6.169663719938494e-07,0.0004491125910888043,17
I206935292,0.0008081896551724138,6.0,0.0,2.5742424574001884e-06,13
I206945453,0.0013469827586206897,10.0,0.0,0.0008221395137674551,16
I207014233,0.0,0.0,0.0,1.6956061190283638e-53,202
I207123951,0.00013469827586206896,2.0,0.0,5.279211712740822e-06,13
I207319670,0.0004040948275862069,3.0,0.0,1.3557205606061837e-05,24
I207547235,0.00013469827586206896,1.0,0.0,1.0667453447019622e-09,21
I207623266,0.0004040948275862069,6.0,0.0,9.961219531093174e-05,21
I207624831,0.0014816810344827585,11.0,5.10180914813592e-05,0.0002733024392659067,0
I207789805,0.0009428879310344827,7.0,0.0007281654875108586,0.0003770448579618391,13
I20783137,0.0010775862068965517,8.0,0.0,7.621977986855604e-05,6
I208081647,0.0005387931034482759,4.0,0.0,2.794186546924493e-05,2
I208333798,0.006330818965517241,47.0,1.233932743987699e-06,0.0034006114462691904,0
I208626154,0.0008081896551724138,6.0,0.0,0.0013957944340286317,0
I20942203,0.00390625,29.0,6.115225510644921e-06,0.002754655133032545,4
I210116565,0.0012122844827586207,9.0,0.0,7.313848251064818e-05,2
I210557978,0.015086206896551723,129.0,1.710284357277684e-05,0.009026510887552679,24
I210716285,0.0013469827586206897,12.0,0.0,0.0024781051728774025,4
I211070993,0.00013469827586206896,1.0,0.0,2.9566642461786953e-09,1
I211433327,0.0016163793103448276,12.0,1.5242698602200987e-06,0.0008350743790347849,3
I21173400,0.0005387931034482759,4.0,0.0,7.312062524543255e-07,13
I211891151,0.0006734913793103449,5.0,0.0,4.314632925838871e-06,2
I21193070,0.007408405172413793,75.0,0.0007596216994476627,0.01842754416100149,4
I21196054,0.004040948275862069,31.0,4.2340829450558296e-07,0.002895865528465095,17
I21203515,0.0008081896551724138,6.0,2.6130340460915976e-06,1.6001669605458712e-05,35
I212119943,0.0028286637931034483,21.0,2.4073785887603144e-06,0.0006757735872238942,1
I21215505,0.0004040948275862069,3.0,0.0,1.9113108700564662e-06,13
I212220629,0.00026939655172413793,2.0,0.0,1.7517516909313413e-08,13
I21250087,0.009294181034482759,69.0,0.001268512566171224,0.002206875395117341,6
I21256249,0.0005387931034482759,8.0,0.0,1.4329061692230578e-05,13
I212738717,0.0006734913793103449,5.0,0.0,4.3014754078580024e-07,13
I213072177,0.00026939655172413793,2.0,0.0,6.865798518899499e-09,13
I2135383,0.0004040948275862069,5.0,0.0,0.0006153635488809698,2
I21370196,0.00525323275862069,41.0,0.0009812310818136576,0.0012609114914159784,0
I21449261,0.0020204741379310346,15.0,0.0,0.0006334780095818207,11
I21450314,0.0,0.0,0.0,1.6956061190283638e-53,203
I21491767,0.007947198275862068,61.0,0.0004909661122389095,0.004353941701795745,1
I214977574,0.0,0.0,0.0,1.6956061190283638e-53,204
I216021267,0.00013469827586206896,1.0,0.0,8.530936039914826e-11,21
I21642278,0.0013469827586206897,11.0,0.0004855162426196305,0.0013212577894920162,4
I217203536,0.0004040948275862069,3.0,0.0,0.0003230399570990156,4
I21741975,0.0004040948275862069,3.0,0.0,3.4839022618496306e-05,24
I217960723,0.0,0.0,0.0,1.6956061190283638e-53,205
I21803372,0.0013469827586206897,10.0,9.877510641823097e-06,1.1929043509615658e-05,24
I218242539,0.0004040948275862069,3.0,0.0,2.225371226251251e-06,3
I2184545,0.006061422413793103,45.0,0.0,0.004461945720622674,17
I21851649,0.0013469827586206897,10.0,0.0,9.153531685873572e-06,6
I219193219,0.010641163793103448,96.0,0.0015575334639103767,0.014668686193671883,0
I219388962,0.0005387931034482759,4.0,0.0,4.036209612444985e-05,27
I21945476,0.0,0.0,0.0,1.6956061190283638e-53,206
I219774598,0.0012122844827586207,9.0,0.0,7.313848251064818e-05,2
I22046295,0.00026939655172413793,2.0,0.0,6.825930808093523e-05,4
I220619192,0.0020204741379310346,15.0,7.621349301100493e-07,0.00020159471181875824,1
I221268210,0.0014816810344827585,11.0,0.0,0.0008592943793668474,0
I22128151,0.0,0.0,0.0,1.6956061190283638e-53,207
I221716585,0.0004040948275862069,3.0,0.0,1.1203453632633042e-06,27
I22265921,0.00390625,29.0,0.0005260437612415765,0.00013735450671833741,13
I222723317,0.0012122844827586207,9.0,0.0,0.0033340409560526714,4
I22299242,0.012122844827586207,106.0,0.0025692701575977897,0.006217480137178913,6
I223464139,0.0013469827586206897,10.0,2.540449767033498e-07,0.0008424583971744087,6
I223471776,0.0012122844827586207,9.0,0.0,7.313848251064818e-05,2
I223532165,0.01683728448275862,151.0,0.002086787912967219,0.009814992527425476,24
I223822909,0.03879310344827586,509.0,0.008703230404547178,0.025885911007864373,17
I22465464,0.0018857758620689654,14.0,3.871507189189416e-06,0.0007277528337453008,16
I2250650973,0.0021551724137931034,19.0,0.0002430847505655767,0.0015645254575502095,4
I2250653659,0.02330280172413793,315.0,0.0036336561107833524,0.0738965705752712,4
I2250955327,0.008890086206896552,129.0,0.0005166911904750844,0.041959319412321686,4
I2251586001,0.007408405172413793,116.0,5.645374537008238e-06,0.02405973852939332,4
I2251713219,0.0,0.0,0.0,1.6956061190283638e-53,208
I2252078561,0.00525323275862069,66.0,0.00038493499739083715,0.008997844721237894,1
I2252096349,0.00013469827586206896,1.0,0.0,1.8551963347043726e-07,0
I225661044,0.0028286637931034483,21.0,3.084831859969247e-07,0.0007214016197563399,17
I22675022,0.00013469827586206896,1.0,0.0,6.20177022911827e-05,21
I226983648,0.0006734913793103449,5.0,0.0,1.4257866450861513e-05,13
I22716506,0.00026939655172413793,2.0,0.0,0.00043746419900066126,4
I227306068,0.00013469827586206896,1.0,0.0,3.325266288497323e-06,13
I227486990,0.0006734913793103449,5.0,0.0002429395820074605,5.9544315749272856e-05,1
I227586296,0.0020204741379310346,15.0,0.0,0.00044382891323212627,27
I2277624104,0.0016163793103448276,19.0,0.0002473067361307897,0.0014306625947574287,6
I2279609970,0.003232758620689655,31.0,0.00024370171693757054,0.0008710362033480466,1
I228616957,0.00013469827586206896,1.0,0.0,2.4899183190562924e-07,4
I230073098,0.0006734913793103449,5.0,0.0,0.00022695972541752533,17
I230495080,0.0012122844827586207,9.0,0.0,2.0616919005936574e-05,27
I23075662,0.0026939655172413795,27.0,0.00017977965584408632,9.37964656805129e-05,13
I231025917,0.0008081896551724138,6.0,2.540449767033498e-07,0.00021306196151438787,0
I231086526,0.00026939655172413793,2.0,0.0,6.539979637459148e-06,0
I231293419,0.0004040948275862069,3.0,0.0,0.000601277315396657,4
I23171815,0.0020204741379310346,19.0,0.00024313918877487027,0.001244614569806564,4
I232005693,0.0008081896551724138,6.0,3.976408754399575e-06,1.764580541772839e-05,17
I232906412,0.0008081896551724138,8.0,0.0,0.00047017875785126105,24
I233745408,0.0012122844827586207,9.0,3.266292557614497e-07,0.0008208952010194386,0
I233754661,0.0008081896551724138,6.0,0.0,4.845001569509216e-08,2
I233772129,0.0012122844827586207,9.0,0.00040396071948966156,0.0007283670556097619,21
I234019344,0.0,0.0,0.0,1.6956061190283638e-53,209
I23574469,0.0012122844827586207,13.0,9.19400868069266e-08,4.819808953295739e-06,35
I23582244,0.0005387931034482759,6.0,6.756386642324799e-06,1.1353045776815385e-06,13
I236232284,0.00013469827586206896,1.0,0.0,2.3987106843772068e-08,13
I23632641,0.0004040948275862069,3.0,0.0002427944134493443,1.3848621599736304e-06,16
I236437131,0.0004040948275862069,3.0,0.0,1.8744529906560765e-05,24
I23732399,0.0008081896551724138,6.0,0.0,0.00021593438408735926,0
I23758234,0.0009428879310344827,7.0,0.00024170564926347278,1.4114470048639117e-05,2
I238035932,0.00026939655172413793,2.0,0.0,9.75448798550247e-05,21
I238144855,0.0,0.0,0.0,1.6956061190283638e-53,210
I238302431,0.0,0.0,0.0,1.6956061190283638e-53,211
I23878562,0.00013469827586206896,1.0,0.0,3.5559437637325713e-47,212
I23923803,0.017780172413793104,150.0,0.0026349243845323177,0.01366701351272648,3
I23944027,0.0006734913793103449,5.0,0.0,0.00029538033937016476,21
I23946033,0.00525323275862069,39.0,0.00026126106377970926,0.0009719093172444371,3
I24027795,0.015220905172413793,124.0,0.005762219015273799,0.0020861048841067666,13
I24062138,0.0,0.0,0.0,1.6956061190283638e-53,213
I240666556,0.0008081896551724138,6.0,7.258427905809994e-08,5.387230898818673e-05,13
I240986617,0.00026939655172413793,2.0,0.0,1.7736638898204747e-43,69
I241749,0.07502693965517242,873.0,0.04530433679977002,0.10085559902262765,0
I24185976,0.02303340517241379,239.0,0.004913839557386878,0.03753660397714235,4
I24201400,0.0025592672413793103,23.0,0.0013372969914493779,0.0009587526098263844,4
I24214720,0.00013469827586206896,1.0,0.0,3.5559437637325713e-47,214
I24227732,0.00026939655172413793,2.0,0.0,1.023026181949818e-06,6
I243381257,0.00013469827586206896,1.0,0.0,3.923473953101812e-06,17
I24354313,0.0016163793103448276,12.0,0.0007333613121534343,0.0001789951337729363,0
I243754102,0.0066002155172413795,51.0,0.0002427944134493443,0.0027815718906199164,6
I24407930,0.0004040948275862069,3.0,0.0,0.00015066286565718114,4
I24456540,0.0004040948275862069,3.0,0.0,4.1947164208463426e-05,0
I244572783,0.012661637931034482,117.0,0.0012731571867576135,0.0012780033450590018,13
I245213965,0.0,0.0,0.0,1.6956061190283638e-53,215
I245308123,0.0009428879310344827,7.0,0.0012135365615723729,1.0314713157429695e-08,13
I24541011,0.0026939655172413795,21.0,0.00024777853394466717,0.0008509921426653716,13
I245417339,0.00013469827586206896,1.0,0.0,8.435893815310619e-06,13
I24568809,0.0,0.0,0.0,1.6956061190283638e-53,216
I24571045,0.0014816810344827585,13.0,2.1775283717429981e-07,0.0007929229903711144,0
I246010334,0.0018857758620689654,14.0,9.98033837048874e-07,3.6127762658208804e-05,34
I24603500,0.01710668103448276,152.0,0.0019872228764485243,0.015893971482962805,11
I24616306,0.00026939655172413793,2.0,0.0,2.3089376089401618e-05,16
I24624658,0.00026939655172413793,2.0,0.0,6.1499814285027e-05,34
I24676775,0.004445043103448276,36.0,0.00047955223435702327,0.004247165987257931,0
I24768866,0.0016163793103448276,13.0,0.0008521291533692265,0.00023171665669887657,1
I24830596,0.0026939655172413795,20.0,0.0,0.004321481823646028,0
I24881138,0.0,0.0,0.0,1.6956061190283638e-53,217
I24906876,0.0020204741379310346,15.0,0.0,0.00024279780459424006,34
I24943067,0.030576508620689655,388.0,0.007026928038231367,0.07393998411106517,4
I25010766,0.0008081896551724138,6.0,0.0,3.0045953134998734e-05,13
I25041050,0.00026939655172413793,2.0,0.0,1.7736638898204747e-43,218
I250520410,0.0012122844827586207,9.0,0.00024306055580589067,0.00013348042757619998,21
I25112270,0.0013469827586206897,10.0,0.0006032895928024709,0.00014449641374856067,2
I251424209,0.00026939655172413793,2.0,0.0002427944134493443,1.3332459075432229e-05,1
I25169866,0.0018857758620689654,16.0,0.00025551722783024455,2.8459817797845498e-05,24
I251738,0.004445043103448276,43.0,0.0006200091654588644,0.0035563308337585604,13
I25205351,0.0006734913793103449,5.0,0.0,4.3014754078580024e-07,13
I25217355,0.01427801724137931,111.0,0.0006714540941349246,0.008358911658558513,6
I25254941,0.017241379310344827,139.0,0.0013320960254203686,0.014657451062618905,3
I252758333,0.00026939655172413793,2.0,0.0,1.7736638898204747e-43,51
I2534966,0.0,0.0,0.0,1.6956061190283638e-53,219
I25355098,0.0017510775862068966,14.0,2.8852250925594723e-06,0.0010698639762914202,4
I253932293,0.0004040948275862069,3.0,0.0,4.0623027699637974e-05,4
I25399158,0.0010775862068965517,10.0,0.0007121243618390185,5.3416150937982976e-05,16
I25399270,0.0004040948275862069,3.0,0.0,0.0004435048306069591,4
I254029264,0.0005387931034482759,5.0,0.0,0.00041558926415190126,13
I254181534,0.0016163793103448276,12.0,0.0,4.0773490284100025e-05,1
I254421610,0.0006734913793103449,6.0,5.806742324647995e-06,3.5113213355092756e-05,17
I254571519,0.0030980603448275863,23.0,0.0006892931627734006,0.0020923734248505465,21
I25485817,0.00013469827586206896,1.0,0.0,2.6247247279192607e-05,4
I254887060,0.00013469827586206896,1.0,0.0,3.0859418669218746e-43,48
I255234318,0.008216594827586207,62.0,0.0005578234916793249,0.0008381565788209414,13
I25621075,0.0,0.0,0.0,1.6956061190283638e-53,220
I256606533,0.0005387931034482759,4.0,0.0,0.0001944738523356134,24
I25757504,0.00525323275862069,42.0,0.0009751939839052587,0.007607499838836104,4
I257903683,0.00013469827586206896,1.0,0.0,3.5559437637325713e-47,221
I25790992,0.0016163793103448276,16.0,0.0,0.0032982976272606865,0
I258063972,0.0005387931034482759,4.0,0.0,6.239984462986684e-07,6
I25846049,0.009428879310344827,71.0,1.723663614242378e-05,0.004371626680879373,13
I25871817,0.0006734913793103449,5.0,0.0,0.00029538033937016476,21
I258800397,0.0014816810344827585,11.0,0.0,0.0013285356550137362,16
I2592186,0.0004040948275862069,3.0,0.0,0.0006960473525914121,0
I25974101,0.01697198275862069,132.0,0.00010176739332240114,0.012762538002050794,11
I26072440,0.0018857758620689654,15.0,8.653053131320239e-05,1.789492508681061e-05,13
I26080491,0.004445043103448276,43.0,0.00040572192517513865,0.00864568192724867,4
I26092322,0.0025592672413793103,21.0,3.7362757645156943e-06,0.0033892267545102316,2
I2609998029,0.009967672413793103,74.0,0.0,0.006904944637433569,11
I2610724,0.00026939655172413793,2.0,0.0,2.369124857462773e-05,3
I2613432,0.009294181034482759,73.0,0.00011280448102710526,0.0023059762513700337,13
I2614128279,0.00026939655172413793,2.0,0.0,0.0001468254910978848,6
I26347476,0.0004040948275862069,3.0,0.0,0.0009453934013565246,0
I26415053,0.003502155172413793,26.0,2.240132312430608e-06,0.0011890856564909724,34
I264262938,0.00026939655172413793,2.0,0.0,7.689259213707962e-06,3
I26437253,0.0037715517241379308,28.0,0.0,0.0016435347311756522,17
I26489229,0.00013469827586206896,2.0,0.0,0.0002131138568191514,4
I26538001,0.00026939655172413793,2.0,0.0,0.00020629965119958095,0
I265627732,0.0008081896551724138,6.0,0.0,0.000425748869024741,2
I26653445,0.00026939655172413793,2.0,0.0,1.405184318464535e-06,13
I266595603,0.0,0.0,0.0,1.6956061190283638e-53,222
I266678185,0.0,0.0,0.0,1.6956061190283638e-53,223
I267592682,0.0030980603448275863,29.0,0.0,0.006903962297135456,4
I26771391,0.004310344827586207,32.0,0.0003225282396588024,0.00021842009455092415,13
I268303160,0.0008081896551724138,7.0,0.00024317548091439933,3.6812929684211484e-05,6
I26840924,0.0010775862068965517,8.0,0.0,7.957426578847298e-05,6
I268975460,0.0006734913793103449,5.0,0.0,0.00016408941765513776,24
I2699952,0.0010775862068965517,8.0,0.0004855162426196305,4.194603257457722e-05,11
I26999989,0.00013469827586206896,1.0,0.0,3.5559437637325713e-47,131
I27116053,0.00390625,29.0,0.0,0.0027713286541644353,0
I271442060,0.0,0.0,0.0,1.6956061190283638e-53,224
I2722730,0.00026939655172413793,2.0,0.0002427944134493443,7.005650291872231e-05,4
I27357992,0.012796336206896552,134.0,0.003809759656584837,0.026412480089655167,4
I2738703131,0.00646551724137931,68.0,0.00036617800994423987,0.004738501179268644,1
I273905872,0.0,0.0,0.0,1.6956061190283638e-53,225
I27429435,0.0004040948275862069,3.0,0.0,0.0003143276174950716,0
I274587153,0.0009428879310344827,7.0,0.0,3.696150696032953e-05,1
I2746051580,0.01939655172413793,179.0,0.00013207241992272613,0.015923311300711746,11
I27483092,0.0010775862068965517,8.0,1.294419643202782e-06,2.2644902658569634e-05,6
I2750212522,0.0005387931034482759,4.0,0.0,0.00025209004361334547,1
I27504731,0.0013469827586206897,17.0,0.0,0.003528290215821225,0
I2752562790,0.00026939655172413793,2.0,0.0,1.7736638898204747e-43,66
I27570832,0.00026939655172413793,2.0,5.050656084459454e-07,3.156196611333546e-08,3
I27577105,0.0013469827586206897,13.0,0.0002429123629028137,0.00023536859545338144,1
I275847375,0.00013469827586206896,1.0,0.0,3.5559437637325713e-47,194
I27599042,0.0014816810344827585,11.0,0.00048566141117774666,0.0004490114096978785,4
I276256525,0.0,0.0,0.0,1.6956061190283638e-53,226
I276309446,0.00013469827586206896,1.0,0.0,2.650903520083611e-10,13
I27674431,0.0010775862068965517,8.0,0.0,0.0005524769423592644,0
I27765905,0.00013469827586206896,1.0,0.0,1.0330368651708836e-05,16
I277688954,0.015894396551724137,157.0,0.0013065584133668336,0.01105094225048439,1
I27781120,0.008755387931034482,83.0,0.0007221990047841925,0.00886727148921904,4
I27804330,0.023706896551724137,237.0,0.0007388466242153251,0.028911480522637048,0
I27837315,0.05374461206896552,522.0,0.010782779114995767,0.053699076830295435,24
I27878738,0.009698275862068966,82.0,0.00010976178484871168,0.0009965134535145311,13
I27895137,0.006061422413793103,45.0,0.0,0.0032744004661706457,0
I27945538,0.0008081896551724138,7.0,3.408390947361447e-05,0.00014036878609628852,6
I27963644,0.00013469827586206896,1.0,0.0,4.383802513989323e-08,13
I2799272940,0.0005387931034482759,4.0,0.0,0.000203936350593682,21
I2799285752,0.0004040948275862069,3.0,0.0,0.000588618896913149,0
I2799293026,0.0013469827586206897,10.0,0.0,0.0012661113622967426,0
I2799293361,0.0008081896551724138,6.0,0.0,0.0018821119023755938,4
I2799299286,0.023706896551724137,362.0,0.002103420241619309,0.0754638682307632,4
I2799300731,0.0009428879310344827,7.0,0.0,0.0010733338816108766,3
I2799300743,0.0,0.0,0.0,1.6956061190283638e-53,227
I2799307867,0.003232758620689655,24.0,0.0,0.0010869508223672808,13
I2799318839,0.00013469827586206896,1.0,0.0,4.571973237127033e-06,17
I2799333108,0.0030980603448275863,42.0,0.0,0.008100309434992565,4
I2799341698,0.00013469827586206896,1.0,0.0,8.51119497301815e-05,4
I2799343972,0.0016163793103448276,12.0,0.0,0.0009062169834753182,34
I2799345387,0.00013469827586206896,1.0,0.0,1.2575511608295376e-06,3
I2799346673,0.0014816810344827585,12.0,0.0,0.001975497078204218,4
I2799359763,0.00013469827586206896,1.0,0.0,0.00038854917292119616,0
I2799360765,0.00013469827586206896,1.0,0.0,0.00024408430487861472,0
I2799360972,0.0006734913793103449,11.0,0.0,5.362500066229948e-05,3
I2799376586,0.0014816810344827585,12.0,0.0,0.0006009826798243203,0
I2799379113,0.0,0.0,0.0,1.6956061190283638e-53,228
I2799390153,0.004714439655172414,37.0,1.2520788137522239e-06,0.002534032191792408,16
I2799391451,0.003232758620689655,28.0,2.887437184873623e-05,0.0011666824160321244,17
I2799403072,0.0006734913793103449,5.0,0.0,2.2459713181377565e-06,13
I2799419483,0.0006734913793103449,5.0,0.0,0.0002548071024619091,0
I2799419631,0.0005387931034482759,4.0,0.0,1.4048135159818557e-05,17
I2799424032,0.0008081896551724138,8.0,0.0,0.00045931128306777675,2
I2799434747,0.0016163793103448276,12.0,0.0,0.0007970494861809617,16
I2799435774,0.0004040948275862069,3.0,0.0,0.000268571423573877,4
I2799449666,0.00026939655172413793,2.0,0.0,3.3359057976985187e-06,4
I2799452066,0.0014816810344827585,11.0,4.739887206174522e-05,0.0002897689478096089,13
I2799468983,0.00026939655172413793,2.0,0.0,3.8080108674605025e-06,13
I2799477901,0.00026939655172413793,2.0,0.0,5.2093595329019484e-05,21
I2799486974,0.00026939655172413793,2.0,0.0,0.00010472464011178114,3
I2799496773,0.00013469827586206896,1.0,0.0,3.1081305424533113e-06,24
I2799502834,0.0010775862068965517,8.0,0.0,0.0001525523056860366,6
I2799503643,0.014143318965517241,158.0,5.695001419333731e-05,0.02217462542157978,0
I2799504096,0.0,0.0,0.0,1.6956061190283638e-53,229
I2799517710,0.0004040948275862069,3.0,0.0,0.00015706878282510588,0
I2799530024,0.00026939655172413793,2.0,0.0,3.656467693137033e-05,2
I2799562678,0.0006734913793103449,5.0,0.0,1.2358989732371101e-05,6
I2799567181,0.0,0.0,0.0,1.6956061190283638e-53,230
I2799567373,0.0008081896551724138,6.0,0.0,4.845001569509216e-08,2
I2799587377,0.00026939655172413793,2.0,0.0,3.99355056226793e-05,16
I2799593479,0.00026939655172413793,2.0,0.0,0.00024513547279516755,21
I2799651553,0.0005387931034482759,4.0,0.0,4.4369567491603295e-06,13
I2799655038,0.00013469827586206896,1.0,0.0,5.229812755540704e-07,13
I2799678268,0.00013469827586206896,1.0,0.0,3.5559437637325713e-47,181
I2799693775,0.00026939655172413793,2.0,0.0,1.7736638898204747e-43,231
I2799707979,0.00026939655172413793,2.0,0.0,5.540289589027729e-05,13
I2799712389,0.00013469827586206896,1.0,0.0,6.758470569714054e-07,6
I2799712879,0.0005387931034482759,4.0,0.0,0.00016609792150291706,2
I2799714274,0.0008081896551724138,9.0,0.0,0.0023204059832668666,4
I2799714515,0.0004040948275862069,3.0,0.0,0.00026074887685867214,0
I2799725268,0.0008081896551724138,6.0,0.0,0.0009494147493295056,1
I2799725622,0.00026939655172413793,2.0,0.0,2.124276916829878e-05,13
I2799732068,0.0017510775862068966,13.0,1.8146069764524985e-07,0.00042254397738425014,2
I2799747612,0.0013469827586206897,10.0,0.0,2.3124625802516504e-05,34
I2799771591,0.0018857758620689654,14.0,0.0,0.0013547857504930248,11
I2799773085,0.0005387931034482759,4.0,0.0,0.00020086293220272967,4
I2799795791,0.00026939655172413793,2.0,0.0,1.4932077181647763e-05,11
I2799798094,0.003232758620689655,26.0,1.342809162574849e-06,0.0030724447898565076,6
I2799803557,0.0008081896551724138,9.0,1.9198541810867434e-05,4.1003215115677726e-05,21
I2799804706,0.00013469827586206896,1.0,0.0,0.0005235820583125853,4
I2799807261,0.0021551724137931034,18.0,2.3892325189957897e-07,0.0008543995765325552,34
I2799809257,0.0005387931034482759,4.0,0.0,0.0011632897629099293,0
I2799810409,0.0012122844827586207,9.0,0.0,0.00156421402903519,0
I2799810450,0.004040948275862069,73.0,0.0020852439416598274,0.0024720785111946764,34
I2799829267,0.0009428879310344827,8.0,0.0004816511297597866,3.33959882332044e-05,3
I2799838188,0.0005387931034482759,4.0,0.0,0.00037715430521310266,0
I2799847335,0.0,0.0,0.0,1.6956061190283638e-53,232
I2799849604,0.00013469827586206896,1.0,0.0,3.794418998562611e-05,24
I2799853392,0.0021551724137931034,28.0,0.0,0.0031759408494954743,0
I2799853436,0.011045258620689655,117.0,2.5235134352532745e-06,0.019401472737074058,4
I2799854419,0.0014816810344827585,11.0,0.0,0.0013449364471413584,4
I2799856747,0.00026939655172413793,2.0,0.0,5.323523209017305e-07,3
I2799858192,0.0005387931034482759,4.0,0.0,0.00011127532485266192,13
I2799880754,0.00026939655172413793,2.0,0.0,0.00026783874442167714,11
I2799884508,0.0008081896551724138,11.0,0.0,0.0003341614321404251,17
I2799885155,0.00026939655172413793,2.0,0.0,0.00012903960576244336,11
I2799886695,0.00026939655172413793,2.0,0.0,0.00040087060584783853,0
I2799891827,0.0005387931034482759,6.0,0.0,0.0004500758842042386,0
I2799899409,0.0051185344827586205,45.0,2.613034046091597e-06,0.008518752430980353,0
I2799903593,0.00026939655172413793,2.0,0.0,5.0939435818253374e-05,21
I2799905109,0.0008081896551724138,6.0,0.0,1.218864444323132e-05,17
I2799929701,0.0026939655172413795,20.0,0.0,0.0006219210818202371,6
I2799956115,0.0010775862068965517,8.0,0.0,0.00014317030728119813,27
I2799961584,0.0004040948275862069,3.0,0.0,3.912819277055521e-06,4
I2799963127,0.00013469827586206896,1.0,0.0,2.7755876197135904e-05,0
I2799970807,0.0010775862068965517,11.0,3.629213952904997e-08,0.0012576494152880741,0
I2799971621,0.0006734913793103449,5.0,0.0,0.0006946546884104724,27
I2799973717,0.005657327586206897,42.0,0.0,0.0032794058194749783,3
I2799974785,0.0005387931034482759,4.0,0.0,0.0001942596724139364,24
I2799976261,0.0010775862068965517,8.0,0.0,9.527180502999268e-05,16
I2799978770,0.0009428879310344827,7.0,0.0,0.0019650828568477958,4
I2799980853,0.0005387931034482759,4.0,0.0,3.997643070919195e-05,13
I2799986158,0.002963362068965517,22.0,0.0,0.001496150039645886,6
I2799990285,0.00026939655172413793,2.0,0.0,1.992386554759766e-05,24
I2799997741,0.0020204741379310346,15.0,1.8146069764524985e-07,0.0019843939264110296,4
I2800004676,0.009967672413793103,74.0,0.0,0.006904944637433569,11
I2800006345,0.006330818965517241,52.0,0.0002837071472094345,0.0026208671043315623,17
I2800015068,0.0006734913793103449,5.0,0.0,0.00032861191303821353,34
I2800033600,0.0037715517241379308,28.0,0.0,0.0016435347311756522,17
I2800051377,0.00026939655172413793,2.0,0.0,0.00011489324519448414,17
I2800056074,0.006061422413793103,45.0,0.0,0.0032744004661706457,0
I2800069191,0.0,0.0,0.0,1.6956061190283638e-53,233
I2800091995,0.0014816810344827585,15.0,0.0,0.002678147499020021,4
I2800093571,0.0,0.0,0.0,1.6956061190283638e-53,234
I2800098698,0.0013469827586206897,10.0,0.0,0.00025290755222968225,34
I2800104224,0.0010775862068965517,8.0,0.0,0.0007713235051139011,0
I2800110054,0.00026939655172413793,2.0,0.0,0.00040342736509145033,24
I2800129641,0.0012122844827586207,10.0,1.270224883516749e-07,0.0009228656953647001,16
I2800138454,0.0016163793103448276,12.0,0.0,0.00042994058048168065,24
I2800139495,0.005522629310344827,45.0,4.106052341717236e-05,0.003258710224740951,17
I2800154431,0.0006734913793103449,8.0,3.0243449607541637e-08,0.00123332133933587,0
I2800155786,0.0010775862068965517,8.0,0.0,9.516768428724597e-05,13
I2800156163,0.0026939655172413795,20.0,0.0,0.004719952244171927,0
I2800188116,0.0004040948275862069,3.0,0.0,3.0429007882019242e-05,6
I2800191616,0.004849137931034483,37.0,6.520487735385978e-06,0.003230208467697532,17
I2800192669,0.0017510775862068966,13.0,0.0,0.0007219510681883771,34
I2800193586,0.0005387931034482759,4.0,0.0,0.00038488667682473637,11
I2800207870,0.0014816810344827585,11.0,5.262360231712246e-07,0.00018614137449883311,13
I2800214375,0.0012122844827586207,9.0,0.0,0.0003846084550035749,0
I2800220363,0.003636853448275862,27.0,0.0,0.0028848414155363917,0
I2800229700,0.0017510775862068966,16.0,1.8146069764524985e-08,0.0012275871816433625,2
I2800232565,0.0004040948275862069,3.0,0.0,0.00021362968523354418,4
I2800233941,0.00013469827586206896,2.0,0.0,1.74115418261217e-06,13
I2800240351,0.00026939655172413793,2.0,0.0,0.00036134981620784975,11
I2800249161,0.0012122844827586207,9.0,9.065892976738285e-06,4.2436470137822896e-05,27
I2800262456,0.005657327586206897,42.0,0.0,0.0032794058194749783,3
I2800262513,0.0006734913793103449,5.0,0.0,0.0002265571363317813,13
I2800274787,0.0014816810344827585,11.0,1.125056325400549e-06,0.00010176252953284553,6
I2800277294,0.0009428879310344827,7.0,0.0,0.0013643854815730057,24
I2800278093,0.0012122844827586207,9.0,0.0,0.0005307122861369486,24
I2800287464,0.00013469827586206896,1.0,0.0,7.78681494629575e-06,4
I2800288331,0.011449353448275862,100.0,5.8019033727107886e-05,0.008941849162566724,6
I2800289440,0.0006734913793103449,5.0,0.0,9.205783852865297e-05,0
I2800290161,0.0022898706896551722,30.0,2.782397363893831e-07,0.003267571137663639,0
I2800293973,0.0013469827586206897,10.0,0.0,0.000702169857805116,34
I2800313864,0.002963362068965517,22.0,0.0,0.001496150039645886,6
I2800330116,0.0,0.0,0.0,1.6956061190283638e-53,235
I2800359653,0.00026939655172413793,2.0,0.0,0.0002232014150437368,0
I2800363144,0.0006734913793103449,5.0,0.0,0.0001439605994404143,2
I2800363604,0.0,0.0,0.0,1.6956061190283638e-53,236
I2800370534,0.0006734913793103449,5.0,0.0,0.0011256155072044752,4
I2800372957,0.0012122844827586207,14.0,0.0,0.0008665498916863811,4
I2800389475,0.0006734913793103449,5.0,0.0,0.0002244169655043028,34
I2800393352,0.0005387931034482759,4.0,0.0,0.0005510623113298716,4
I2800394112,0.011179956896551725,85.0,0.0,0.005342022132868827,24
I2800403580,0.003232758620689655,25.0,3.629213952904997e-07,0.002225834446069105,0
I2800419323,0.0014816810344827585,15.0,4.355056743485996e-08,0.00040783572813814564,6
I2800425969,0.00013469827586206896,1.0,0.0,0.00014382558399882436,0
I2800444561,0.0010775862068965517,11.0,0.0,0.001265664133520165,0
I2800446032,0.0030980603448275863,37.0,4.838951937206662e-08,0.003921879374849572,0
I2800468613,0.0016163793103448276,12.0,0.0,0.00042994058048168065,24
I2800479947,0.0005387931034482759,4.0,0.0,0.001135956762872252,0
I2800516725,0.0006734913793103449,5.0,0.0,4.2332300232587e-05,16
I2800530175,0.002963362068965517,22.0,0.0,0.001496150039645886,6
I2800540659,0.0018857758620689654,14.0,0.0,0.0013547857504930248,11
I2800548410,0.010641163793103448,113.0,1.0150853819704594e-05,0.01383997187530513,0
I2800555055,0.0008081896551724138,6.0,0.0,8.84937477257052e-05,6
I2800555584,0.007947198275862068,60.0,2.206072427515449e-05,0.002482892670336882,17
I2800556163,0.0012122844827586207,11.0,0.0,0.0013814018918720534,0
I2800562746,0.003367456896551724,25.0,6.431226354115718e-06,0.0006371730403543812,6
I2800565835,0.004175646551724138,35.0,0.0,0.004089385830492928,0
I2800570007,0.021417025862068964,174.0,1.237440984142174e-05,0.024511740950526887,24
I2800586481,0.0004040948275862069,3.0,0.0,0.00012530968380378138,34
I2800596343,0.00013469827586206896,1.0,0.0,9.891565181316632e-07,0
I2800614057,0.0,0.0,0.0,1.6956061190283638e-53,237
I2800624753,0.0012122844827586207,9.0,0.0,0.0010761759806869854,0
I28006308,0.0014816810344827585,14.0,0.0002427944134493443,0.003837964520800446,4
I2800633300,0.00026939655172413793,2.0,0.0,1.825528681199954e-05,34
I2800638415,0.0004040948275862069,4.0,1.1129589455575324e-06,0.000405862276133407,3
I2800639112,0.0005387931034482759,4.0,0.0,0.00020719150446651835,2
I2800663845,0.006330818965517241,47.0,0.0,0.0013235956301866408,1
I2800664555,0.0004040948275862069,3.0,0.0,0.00010680729695788205,1
I2800666866,0.0018857758620689654,22.0,4.095664326077313e-06,5.5669302908750225e-05,13
I2800676788,0.009967672413793103,74.0,0.0,0.006904944637433569,11
I2800710378,0.0005387931034482759,4.0,0.00023883857024067784,0.000121002576071276,3
I2800717019,0.00026939655172413793,2.0,0.0,5.63659922363185e-05,34
I2800717037,0.0013469827586206897,23.0,1.8327530462170234e-06,0.001824992577030274,21
I2800718396,0.00026939655172413793,2.0,0.0,9.020689411172357e-05,0
I2800722420,0.0008081896551724138,6.0,0.0,0.0010556601297405997,1
I2800744764,0.0004040948275862069,3.0,0.0,1.1503746745325456e-05,0
I2800745255,0.00026939655172413793,2.0,0.0,0.00015439324674938252,2
I2800762105,0.0012122844827586207,9.0,1.0887641858714991e-07,0.0016377578050155936,4
I2800769186,0.0006734913793103449,5.0,0.0,0.0002873462279378051,0
I2800794739,0.0,0.0,0.0,1.6956061190283638e-53,238
I2800808753,0.0020204741379310346,15.0,0.0,0.0003981978848822744,17
I2800810863,0.0020204741379310346,17.0,0.0,0.005862966529617744,4
I2800813048,0.00026939655172413793,2.0,0.0,1.3357856543008858e-06,165
I2800817003,0.0078125,87.0,1.3884767714822364e-05,0.009563253619133748,24
I2800828467,0.0004040948275862069,3.0,0.0,1.7821764938420598e-06,13
I2800857289,0.0004040948275862069,3.0,0.0,0.00012395700278149485,27
I2800857658,0.0006734913793103449,5.0,0.0,0.0007137633913831199,13
I2800875726,0.005926724137931034,44.0,3.0981389777965653e-06,0.0029287134116226152,1
I2800897744,0.0004040948275862069,3.0,0.0,0.00013661128524572686,16
I2800906782,0.004983836206896551,38.0,0.0007099438955321707,0.003783114478539347,4
I2800921988,0.0025592672413793103,25.0,5.262360231712246e-07,0.00032604554335612405,1
I2800925808,0.0014816810344827585,11.0,0.0,0.0004932810052800229,0
I2800935791,0.0020204741379310346,23.0,0.0,0.005022564336243909,0
I2800939219,0.0010775862068965517,8.0,0.0,7.621977986855604e-05,6
I2800966798,0.00026939655172413793,2.0,0.0,0.0004506923092659939,11
I2800978909,0.0004040948275862069,3.0,0.0,0.00011825063586913137,1
I2800980681,0.0018857758620689654,14.0,0.0,0.0020717070441187576,0
I2800982346,0.0009428879310344827,7.0,0.0,0.0002570695473079145,11
I2800982586,0.0,0.0,0.0,1.6956061190283638e-53,239
I2800996342,0.0022898706896551722,17.0,0.0,0.0006258354463100845,17
I2801004183,0.0004040948275862069,3.0,0.0,0.0004213379411963721,24
I2801032651,0.00013469827586206896,1.0,0.0,3.5559437637325713e-47,240
I2801036362,0.0004040948275862069,3.0,0.0,4.1947164208463426e-05,0
I2801039233,0.0004040948275862069,3.0,0.0,2.225371226251251e-06,3
I2801039369,0.0004040948275862069,3.0,0.0,5.642874082905124e-06,6
I2801043613,0.00013469827586206896,1.0,0.0,3.5559437637325713e-47,241
I2801045807,0.0004040948275862069,3.0,0.0,7.886352447148674e-05,0
I2801051648,0.0012122844827586207,9.0,0.0,0.00046340662072529265,17
I2801053234,0.00026939655172413793,2.0,0.0,0.0007312194585508663,0
I2801072731,0.00026939655172413793,2.0,0.0,7.878509129496258e-06,6
I2801081054,0.014008620689655173,135.0,2.7595534782902687e-05,0.01606975756944081,0
I2801097182,0.009967672413793103,74.0,0.0,0.006904944637433569,11
I2801106189,0.003232758620689655,24.0,0.0,0.00013527068020814296,13
I2801112126,0.003502155172413793,37.0,4.85104931704968e-06,0.0014367545614598029,17
I2801112325,0.002963362068965517,27.0,2.1775283717429981e-07,0.0016541760143958162,16
I2801134892,0.004310344827586207,37.0,3.992135348195497e-07,0.0045378907191742646,0
I2801136905,0.0010775862068965517,8.0,0.0,0.0010632497451337007,0
I2801138614,0.0005387931034482759,4.0,0.0,0.001917316457653548,4
I2801148111,0.0014816810344827585,11.0,0.0,0.0033015189554752946,0
I2801151526,0.0014816810344827585,12.0,0.0,0.00041028597738580676,34
I2801155476,0.00013469827586206896,1.0,0.0,7.766500807478074e-07,13
I2801159745,0.010910560344827586,81.0,0.0,0.005191661795350437,24
I2801184099,0.0006734913793103449,5.0,0.0,4.2332300232587e-05,16
I2801185773,0.0004040948275862069,3.0,0.0,2.5935620030519865e-05,2
I2801187875,0.00013469827586206896,1.0,0.0,8.630597766663818e-05,1
I2801196673,0.0008081896551724138,6.0,0.0,0.0005779008004347616,16
I2801198184,0.003367456896551724,25.0,0.0,0.0006358096411627239,6
I2801198744,0.0051185344827586205,38.0,0.0,0.009020323690698679,4
I2801203836,0.0005387931034482759,4.0,0.0,0.0008220371142341326,4
I2801204180,0.0004040948275862069,3.0,0.0,0.00015015701675303057,24
I2801220108,0.0004040948275862069,3.0,0.0,7.457354575999289e-41,103
I2801227569,0.0005387931034482759,4.0,0.0,0.0014303813197866816,0
I2801228662,0.015625,134.0,1.1873405496208813e-05,0.020236876286543463,4
I2801237587,0.0014816810344827585,12.0,1.270224883516749e-07,0.001504000141323568,16
I2801238018,0.0004040948275862069,3.0,0.0,0.00010581884711776593,3
I2801239119,0.007408405172413793,77.0,2.9608337165783266e-06,0.011361159914076609,2
I2801240073,0.003367456896551724,37.0,1.725086365614175e-05,0.0014335497671457817,6
I2801240477,0.0014816810344827585,11.0,0.0,0.00033213492053079605,1
I2801248553,0.0022898706896551722,17.0,0.0,0.0033600803566417453,0
I2801253297,0.003232758620689655,24.0,0.0,0.0010869508223672808,13
I2801255070,0.00026939655172413793,2.0,0.0,0.00010159521223230816,0
I2801277386,0.00026939655172413793,2.0,0.0,0.0007367860361119325,4
I2801281511,0.0005387931034482759,4.0,0.0,1.5233202133546758e-08,35
I2801290870,0.00013469827586206896,1.0,0.0,3.5559437637325713e-47,242
I2801293044,0.0,0.0,0.0,1.6956061190283638e-53,243
I2801301638,0.0005387931034482759,4.0,0.0,9.747853391543833e-05,34
I2801312332,0.00013469827586206896,2.0,0.0,1.4277565853303577e-06,4
I2801313472,0.00013469827586206896,1.0,0.0,1.5673874576107983e-05,21
I2801317318,0.0024245689655172415,31.0,8.528652789326743e-07,0.005707658069985147,0
I2801331674,0.0022898706896551722,27.0,0.0,0.0010604064195240083,17
I2801345734,0.0010775862068965517,10.0,0.0004881474227354866,7.9271914781593e-05,3
I2801349156,0.0016163793103448276,12.0,1.3734630589984935e-05,0.0001232311640868793,13
I2801349226,0.0004040948275862069,3.0,0.0,4.845066573647945e-05,2
I2801351171,0.0021551724137931034,17.0,1.0585207362639574e-07,0.0008569572156144144,6
I2801356230,0.00026939655172413793,2.0,0.0,0.00026123708336425603,13
I2801357902,0.007004310344827586,52.0,0.00023037135485898225,0.002794047333886047,6
I2801360556,0.0004040948275862069,3.0,0.0,4.3798201412026336e-05,1
I2801380234,0.0009428879310344827,8.0,3.7501877513351636e-07,5.79377554128785e-05,13
I2801388914,0.0006734913793103449,5.0,0.0,4.24151739157968e-05,13
I2801395776,0.0005387931034482759,4.0,0.0,0.00020719150446651835,2
I2801403999,0.0018857758620689654,14.0,0.0,0.0024574162713866692,0
I2801410363,0.00026939655172413793,2.0,0.0,0.00010911624162799325,21
I2801418622,0.0022898706896551722,17.0,1.8146069764524985e-08,0.003037170864052673,0
I2801452159,0.0004040948275862069,3.0,0.0,1.1254328567478339e-11,13
I2801453606,0.0006734913793103449,5.0,0.0,0.00019365795465220735,2
I2801460691,0.0008081896551724138,6.0,0.0,0.0002484586229472062,2
I2801461538,0.00026939655172413793,2.0,0.0,0.0010962041219586694,4
I2801466683,0.0006734913793103449,5.0,0.0,0.0010725849883215662,2
I2801484278,0.0006734913793103449,5.0,0.0,6.840183836663222e-06,13
I2801498763,0.008890086206896552,69.0,7.068499042274633e-05,0.009333679769380576,4
I2801502816,0.0016163793103448276,12.0,0.0,0.0006047216055077541,0
I2801518579,0.0005387931034482759,4.0,0.0,0.0017951777336702292,4
I2801525552,0.00013469827586206896,1.0,0.0,0.00024851408681411907,11
I2801533059,0.00026939655172413793,2.0,0.0,8.97818820377584e-05,21
I2801543288,0.0012122844827586207,11.0,0.0,0.0032407757644104243,0
I2801544000,0.00013469827586206896,1.0,0.0,0.00017206526849080918,4
I2801556517,0.004849137931034483,44.0,2.3589890693882479e-07,0.006973844704955017,4
I2801572250,0.004983836206896551,47.0,3.5384836040823715e-07,0.0049423608022223856,0
I2801577699,0.0010775862068965517,8.0,0.0,0.0020557481152949455,4
I2801582665,0.0004040948275862069,3.0,0.0,3.912819277055521e-06,4
I2801606333,0.00026939655172413793,2.0,0.0,0.0007802918477094728,4
I2801613365,0.0005387931034482759,5.0,0.0,0.00022693296120195194,0
I2801618472,0.0004040948275862069,3.0,0.0,0.001057893042296119,4
I2801622001,0.0010775862068965517,8.0,0.0,0.002147604037556315,0
I2801624344,0.0009428879310344827,7.0,0.0,0.00016816261698162892,13
I2801628138,0.0009428879310344827,10.0,0.0,0.000366612088946142,6
I2801652605,0.0004040948275862069,5.0,0.0,0.0009048517674389781,0
I2801652627,0.0020204741379310346,31.0,0.0,0.0049408143546308455,0
I2801658355,0.0005387931034482759,4.0,0.0,1.7037132714507362e-05,0
I2801670537,0.0009428879310344827,15.0,0.0,0.0022901387021222698,0
I2801680663,0.003636853448275862,41.0,2.7066720865693477e-05,0.0006154241710128536,13
I2801696985,0.0004040948275862069,3.0,0.0,0.0016010224575906053,4
I2801699569,0.00013469827586206896,1.0,0.0,1.198341667805449e-05,13
I2801703238,0.0016163793103448276,20.0,0.0,0.0034094230627839607,4
I2801713749,0.00026939655172413793,2.0,0.0,0.0003884445270491833,34
I2801732343,0.0017510775862068966,13.0,0.0,3.953661141962771e-05,34
I2801748203,0.0004040948275862069,3.0,0.0,0.00020754277099724132,16
I2801754460,0.00013469827586206896,1.0,0.0,6.393244757485951e-07,1
I2801766299,0.00390625,32.0,2.2864047903301476e-07,0.0010204163786281435,17
I2801766832,0.004040948275862069,32.0,6.895506510519494e-07,0.006165889477287734,0
I2801766991,0.008216594827586207,64.0,0.0,0.007392027418795489,11
I2801768934,0.0004040948275862069,3.0,0.0,0.0005626153924715806,0
I2801769982,0.0018857758620689654,14.0,0.0,0.0015122852237658769,4
I2801780550,0.00026939655172413793,2.0,0.0,0.00029127788242991597,1
I2801783332,0.00013469827586206896,1.0,0.0,1.1843522234467847e-08,3
I2801798921,0.005522629310344827,58.0,0.0005055963377816291,0.007110356736556866,1
I2801799315,0.00026939655172413793,2.0,0.0,3.125495603757657e-05,1
I2801809904,0.009294181034482759,75.0,1.977921604333223e-06,0.008337878179391498,0
I2801814493,0.0014816810344827585,11.0,0.0,0.0002504733852280416,2
I2801816099,0.0008081896551724138,10.0,0.0,0.0005862978336698427,0
I2801824472,0.0018857758620689654,14.0,0.0,0.0015737200300915827,0
I2801838318,0.0026939655172413795,21.0,6.653558913659162e-07,0.0006445011518822663,1
I2801843802,0.00646551724137931,57.0,1.3497046690853684e-05,0.0026752131499388756,17
I2801845744,0.0010775862068965517,10.0,0.0,0.0016047023743551482,0
I2801851002,0.037984913793103446,469.0,0.004332933576306705,0.08252592336321922,0
I2801852214,0.0024245689655172415,18.0,1.6331462788072487e-06,0.0025205550226131516,0
I2801857525,0.0013469827586206897,10.0,0.00018568432499772698,0.00042785011980021653,11
I2801862477,0.0010775862068965517,11.0,1.8146069764524985e-08,0.0009734203165838276,0
I2801863878,0.0012122844827586207,9.0,0.0,2.0616919005936574e-05,27
I2801872989,0.0004040948275862069,3.0,0.0,0.00013661128524572686,16
I2801876189,0.0012122844827586207,11.0,1.0420078127782398e-05,0.001108370815879316,24
I2801884250,0.00013469827586206896,1.0,0.0,0.00019322719391943327,24
I2801887358,0.0009428879310344827,7.0,0.0,0.0005942155312177598,24
I2801901939,0.0005387931034482759,4.0,0.0,3.546112393373681e-05,21
I2801914139,0.00013469827586206896,1.0,0.0,3.5559437637325713e-47,86
I2801919071,0.0025592672413793103,22.0,1.4516855811619988e-07,0.0029898119325782895,0
I2801926401,0.0004040948275862069,3.0,0.0,9.138324150602322e-06,13
I2801935854,0.009832974137931034,77.0,1.5968541392781983e-06,0.009052632493406106,11
I2801951336,0.0010775862068965517,14.0,0.0,0.003789824190953139,0
I2801952686,0.0037715517241379308,31.0,0.0003833661400449099,0.0012623449274210712,16
I2801953985,0.0014816810344827585,11.0,0.0,0.0015992070037946704,0
I2801970007,0.002963362068965517,27.0,3.49095818327052e-08,0.0023378995755073246,6
I2801978097,0.0021551724137931034,16.0,0.0,0.002580592629650449,0
I2801987317,0.0006734913793103449,5.0,0.0,0.00029538033937016476,21
I2801993434,0.0014816810344827585,11.0,0.0,0.0002504733852280416,2
I2802000487,0.0005387931034482759,4.0,0.0,0.0007560853534008493,0
I2802003475,0.0016163793103448276,12.0,0.0,0.00035287611755472823,6
I2802005073,0.00026939655172413793,2.0,0.0,0.00022340277844402266,4
I2802007472,0.0017510775862068966,14.0,7.929832487097419e-06,1.1456556372855515e-05,16
I2802007660,0.00026939655172413793,2.0,0.0,9.244553356817135e-06,17
I2802014819,0.00013469827586206896,1.0,0.0,3.5559437637325713e-47,244
I2802015276,0.0010775862068965517,8.0,0.0,0.00041777562148487946,34
I2802022162,0.0,0.0,0.0,1.6956061190283638e-53,245
I2802039673,0.0010775862068965517,8.0,0.0,0.0006632745578740288,17
I2802046543,0.00026939655172413793,2.0,0.0,0.00011454701760318066,3
I2802050225,0.0016163793103448276,12.0,0.0,2.1713684255900852e-05,34
I2802054198,0.003502155172413793,27.0,9.98033837048874e-07,0.0006167350336957934,1
I2802060973,0.0008081896551724138,6.0,0.0,0.0008388299604561798,2
I2802076133,0.0012122844827586207,9.0,0.0,2.0616919005936574e-05,27
I2802091258,0.0006734913793103449,5.0,0.0,0.0016216742089570696,4
I2802106081,0.002963362068965517,22.0,0.0,0.001496150039645886,6
I2802123492,0.0005387931034482759,4.0,0.0,0.0013484643716971032,4
I2802127220,0.00013469827586206896,1.0,0.0,2.4674138215570057e-05,0
I2802127592,0.0,0.0,0.0,1.6956061190283638e-53,246
I2802148028,0.0005387931034482759,4.0,0.0,0.0015225818217598172,4
I2802153510,0.0010775862068965517,8.0,0.0,0.00021189740401518216,13
I2802164966,0.023706896551724137,375.0,0.005104290491547193,0.01886290208492914,17
I2802176782,0.003367456896551724,25.0,0.0,0.0024125822899418274,21
I2802181614,0.002963362068965517,22.0,0.0,0.0004510581504262408,27
I2802194831,0.0004040948275862069,7.0,0.0,0.00043794789753077073,4
I2802203029,0.0013469827586206897,16.0,3.236049108006956e-07,0.0007298103093342346,0
I2802209374,0.00013469827586206896,1.0,0.0,7.605922760415404e-07,16
I2802212502,0.003636853448275862,27.0,0.0,0.0028848414155363917,0
I28022161,0.00902478448275862,73.0,0.0075423913553727805,0.0008081239373297133,13
I2802216851,0.0024245689655172415,67.0,0.00024074602460742543,0.003571361592933888,0
I2802220196,0.0021551724137931034,16.0,0.0,0.001023664235771781,17
I2802223849,0.0014816810344827585,11.0,0.0,0.00029998577087712907,17
I2802229882,0.0009428879310344827,7.0,0.0,0.0005774089307133954,11
I2802229908,0.0005387931034482759,4.0,0.0,0.00030170789461187304,1
I2802230104,0.0005387931034482759,4.0,0.0,0.00017400487702333875,27
I2802236040,0.003636853448275862,31.0,0.0,0.005956257542344974,0
I2802241215,0.0004040948275862069,3.0,0.0,3.463206747409332e-05,6
I2802246343,0.00026939655172413793,2.0,0.0,0.00019918227022027213,17
I2802266942,0.004445043103448276,33.0,0.0,0.0024087497563449294,16
I2802274597,0.0004040948275862069,3.0,0.0,0.00020077491642137298,21
I2802281627,0.006734913793103448,50.0,0.0,0.008551302713276428,4
I2802285097,0.0010775862068965517,8.0,0.0,0.0003150497453004372,0
I2802289008,0.00026939655172413793,2.0,0.0,0.00019529472114486945,0
I2802304881,0.00013469827586206896,1.0,0.0,2.132690261089062e-06,2
I2802307166,0.0005387931034482759,4.0,0.0,0.00010488107263417523,1
I2802326326,0.0005387931034482759,4.0,5.806742324647995e-07,8.026346518536488e-06,13
I2802328216,0.00013469827586206896,1.0,0.0,2.3789812246668347e-05,6
I2802330208,0.00013469827586206896,1.0,0.0,3.5559437637325713e-47,247
I2802331550,0.0010775862068965517,8.0,0.0,9.516768428724597e-05,13
I2802335433,0.0012122844827586207,17.0,0.0,0.0033804080240830863,0
I2802336062,0.0025592672413793103,20.0,3.266292557614497e-07,0.0029295843173282815,0
I2802348842,0.0006734913793103449,5.0,0.0,1.3454441131218399e-05,27
I2802350943,0.0,0.0,0.0,1.6956061190283638e-53,248
I2802351361,0.0006734913793103449,7.0,0.0,0.0003430717117982704,0
I2802355861,0.00013469827586206896,1.0,0.0,6.298448361004159e-05,2
I2802362269,0.0010775862068965517,8.0,0.0,0.0010632497451337007,0
I2802384191,0.00026939655172413793,2.0,0.0,0.00017356774200919369,2
I2802390878,0.0012122844827586207,10.0,0.0,0.0025937508484167684,4
I2802394193,0.0006734913793103449,5.0,0.0,0.0005568328826782808,0
I2802396295,0.0004040948275862069,3.0,0.0,9.395075621814084e-06,1
I2802406489,0.0004040948275862069,6.0,0.0,0.000656202139374929,0
I2802408685,0.00026939655172413793,2.0,0.0,0.000512306849507866,4
I2802416069,0.0006734913793103449,5.0,0.0,4.2332300232587e-05,16
I2802422659,0.0014816810344827585,11.0,0.0,0.001086587437774009,0
I2802423016,0.007677801724137931,105.0,0.0008460804634477184,0.013301745659968231,0
I2802445252,0.00013469827586206896,1.0,0.0,2.5828698353271993e-06,3
I2802457231,0.0004040948275862069,3.0,0.0,0.00010044841210645261,24
I2802466933,0.0004040948275862069,3.0,0.0,0.0007597264165069132,0
I2802476300,0.0004040948275862069,3.0,0.0,9.962456851074435e-07,0
I2802476451,0.004310344827586207,34.0,1.8146069764524985e-07,0.004121583909203444,17
I2802481695,0.0009428879310344827,7.0,0.0,0.0002570695473079145,11
I2802488147,0.0014816810344827585,11.0,0.0,0.0004048247739903377,16
I2802493600,0.0008081896551724138,6.0,0.0,5.963239393847063e-05,13
I2802498997,0.0,0.0,0.0,1.6956061190283638e-53,249
I2802506851,0.0008081896551724138,6.0,0.0,2.5818095920227733e-05,13
I2802508454,0.0018857758620689654,14.0,0.0,9.956609447010072e-05,6
I2802517405,0.0005387931034482759,4.0,0.0,4.489972850938055e-06,13
I2802519937,0.0010775862068965517,9.0,0.0,0.000974009679919785,1
I2802534011,0.0010775862068965517,14.0,0.0,0.003789824190953139,0
I2802534033,0.0030980603448275863,23.0,0.0,0.0010929013148929846,4
I2802541053,0.0004040948275862069,3.0,0.0,6.636425963467006e-05,4
I2802542264,0.003502155172413793,27.0,1.0706181161069742e-06,0.0018029292338536524,17
I2802554885,0.00013469827586206896,1.0,0.0,0.0006955441219415508,0
I2802557195,0.0006734913793103449,5.0,0.0,4.064797916720897e-05,6
I2802557943,0.0013469827586206897,10.0,2.0565545733128315e-07,0.0004522880699362803,1
I2802567020,0.0030980603448275863,41.0,6.460000836170894e-07,0.0038604100248521337,0
I2802569694,0.0,0.0,0.0,1.6956061190283638e-53,250
I2802573037,0.002963362068965517,24.0,3.260243867692989e-06,0.00037390468878378786,4
I2802576217,0.0006734913793103449,5.0,0.0,0.0009626299226028301,0
I2802581871,0.01441271551724138,111.0,9.905939484454188e-06,0.00830294875983511,24
I2802582725,0.0005387931034482759,4.0,0.0,0.00010147640850822034,0
I2802600346,0.0025592672413793103,19.0,0.0,0.0009555169325617307,24
I2802603000,0.00013469827586206896,1.0,0.0,1.6663719816230875e-05,3
I2802608112,0.005387931034482759,41.0,1.0887641858714991e-07,0.006414529744469656,4
I2802612298,0.0020204741379310346,16.0,0.0,0.0009290042404770851,4
I2802614804,0.00026939655172413793,2.0,0.0,0.0005265944078069848,6
I2802619606,0.007139008620689655,91.0,1.9584793867283757e-05,0.006633321285211033,17
I2802624667,0.0018857758620689654,20.0,0.00048460893913140424,0.005654233120591107,4
I2802635041,0.0,0.0,0.0,1.6956061190283638e-53,251
I2802640032,0.0018857758620689654,14.0,0.0,0.0015737200300915827,0
I2802640592,0.006061422413793103,45.0,0.0,0.004461945720622674,17
I2802641067,0.0045797413793103444,38.0,2.8307868832658976e-06,0.003315713647164275,16
I2802654988,0.004175646551724138,42.0,0.00010841792789109954,0.004433781824408256,0
I2802656227,0.0014816810344827585,11.0,9.435956277552991e-07,0.00011047259940035626,1
I2802665030,0.0005387931034482759,4.0,0.0,3.546112393373681e-05,21
I2802678941,0.0006734913793103449,5.0,0.0,0.00128753533171131,24
I2802690428,0.0012122844827586207,14.0,0.0,0.001951439372225414,4
I2802694670,0.00026939655172413793,2.0,0.0,4.866889399063346e-05,24
I2802705668,0.0008081896551724138,12.0,0.00012137906065490763,0.002055229823678972,11
I2802709434,0.0018857758620689654,28.0,1.3911986819469154e-07,0.002882567129130936,0
I2802711169,0.0010775862068965517,8.0,0.0,0.00041777562148487946,34
I2802723755,0.0005387931034482759,4.0,0.0,0.0007425178304377983,0
I2802730090,0.0021551724137931034,17.0,0.0004855525347591595,0.0011336617446594166,17
I2802734952,0.0005387931034482759,4.0,0.0,0.00031492660280512747,4
I2802740592,0.00026939655172413793,2.0,0.0,0.00021490696970430045,0
I2802742124,0.0006734913793103449,5.0,0.0,0.0003787620094344393,16
I2802744477,0.00013469827586206896,2.0,0.0,1.529292920371769e-05,27
I2802755631,0.0,0.0,0.0,1.6956061190283638e-53,252
I2802775644,0.004445043103448276,33.0,0.0,0.0024087497563449294,16
I2802797706,0.006734913793103448,50.0,5.963239214888623e-05,0.0007283943290846723,13
I2802805919,0.0004040948275862069,3.0,0.0,0.00012038606773487044,1
I2802821144,0.003636853448275862,29.0,0.0,0.003999032508472076,0
I2802832906,0.0009428879310344827,7.0,1.0887641858714991e-07,0.0003900734920303164,0
I2802835388,0.01697198275862069,136.0,7.451683548802191e-05,0.011338363528873194,24
I2802841970,0.008620689655172414,72.0,0.0002427944134493443,0.013883727574063727,4
I2802849423,0.00646551724137931,48.0,0.0,0.002781256088917381,6
I2802864159,0.0009428879310344827,7.0,0.0,0.0006732536564916276,17
I2802865875,0.00026939655172413793,3.0,0.0,4.750281310341932e-05,0
I2802866506,0.0009428879310344827,7.0,0.0,0.0004934427333096079,0
I2802882910,0.0016163793103448276,12.0,0.0,0.00042994058048168065,24
I2802889516,0.0009428879310344827,7.0,0.0,0.0006902671597103377,24
I2802905097,0.0012122844827586207,9.0,0.0,0.0007120277325283653,0
I2802916955,0.0016163793103448276,19.0,5.973654482867315e-05,0.0005815189158582439,1
I2802921122,0.0005387931034482759,4.0,0.0,0.0008370921625034466,0
I2802922787,0.00013469827586206896,1.0,0.0,3.5559437637325713e-47,253
I2802925319,0.00013469827586206896,1.0,0.0,7.138288737891063e-05,0
I2802929321,0.0,0.0,0.0,1.6956061190283638e-53,254
I2802931750,0.0016163793103448276,16.0,1.7057305578653485e-07,0.000919026484550012,3
I2802934949,0.020070043103448277,172.0,0.00030297997722517615,0.00858446038741728,6
I2802939634,0.006061422413793103,47.0,2.6735209453066814e-06,0.008465296874148655,4
I2802946424,0.0016163793103448276,13.0,0.0,0.0028649851477164537,24
I2802948906,0.0013469827586206897,10.0,0.0,0.0016511738552616438,0
I2802950585,0.0,0.0,0.0,1.6956061190283638e-53,255
I2802952180,0.0021551724137931034,17.0,0.0,0.001830400781837752,24
I2802957242,0.003502155172413793,47.0,2.806592123579864e-07,0.004689218561646308,17
I2802960445,0.0009428879310344827,7.0,0.0,0.0002570695473079145,11
I2802965805,0.006734913793103448,52.0,8.98351427142417e-06,0.0023770685597782723,17
I2802974365,0.005657327586206897,53.0,0.00048495371445693024,0.011748807264023152,4
I2802978839,0.00026939655172413793,2.0,0.0,6.482189579992723e-05,0
I2802992155,0.0016163793103448276,12.0,0.0,0.0008307590599370419,34
I2802997415,0.0,0.0,0.0,1.6956061190283638e-53,256
I2803004286,0.004849137931034483,40.0,8.942382867754464e-05,0.0025875386221830498,35
I2803004491,0.0009428879310344827,8.0,3.629213952904997e-08,0.0008595181622837526,0
I2803021693,0.00013469827586206896,1.0,0.0,2.451409850609614e-05,16
I2803026726,0.0009428879310344827,7.0,0.0,3.696150696032953e-05,1
I2803044603,0.0006734913793103449,5.0,0.0,0.0007398166055411341,0
I2803058125,0.0012122844827586207,9.0,8.347192091681493e-07,0.00011321246621193146,13
I2803065428,0.0005387931034482759,5.0,0.0,2.500703411535319e-05,16
I2803066836,0.0017510775862068966,13.0,0.0,0.0008398020187182833,24
I2803079837,0.00026939655172413793,2.0,0.0,1.7736638898204747e-43,69
I2803095145,0.0,0.0,0.0,1.6956061190283638e-53,257
I2803209242,0.012257543103448275,127.0,3.799663154564552e-05,0.019430213907442755,0
I28046988,0.0016163793103448276,12.0,1.2460301238307156e-06,0.0004098545791117644,16
I280994,0.00013469827586206896,1.0,0.0,3.5559437637325713e-47,135
I28109999,0.00013469827586206896,1.0,0.0,7.729941404565362e-10,13
I28166907,0.015625,127.0,0.0022236843979599012,0.008190335548235827,6
I2818286,0.00013469827586206896,1.0,0.0,0.00019459988152722017,0
I28185974,0.0008081896551724138,7.0,1.8146069764524985e-08,0.00027979103533360653,34
I28210344,0.0,0.0,0.0,1.6956061190283638e-53,258
I28221208,0.0008081896551724138,8.0,0.0,0.00036338333184025097,1
I282402327,0.0016163793103448276,12.0,5.5164052084155955e-06,1.1984412138956285e-05,24
I28257850,0.0028286637931034483,24.0,2.98114003274339e-07,0.003376181529094302,24
I28285804,0.0,0.0,0.0,1.6956061190283638e-53,259
I28290843,0.005522629310344827,42.0,0.0004116490364291785,0.003293753945114348,4
I283429734,0.0,0.0,0.0,1.6956061190283638e-53,260
I283854653,0.0014816810344827585,11.0,0.0,0.0015992070037946704,0
I28407311,0.03111530172413793,258.0,0.0036702311877034976,0.017004454901112506,13
I285663978,0.00026939655172413793,2.0,0.0,2.930476822372994e-05,6
I28615091,0.0005387931034482759,4.0,0.0,7.519081034961416e-05,13
I28710699,0.0004040948275862069,3.0,0.0,2.1911070945578494e-05,6
I287756978,0.00013469827586206896,1.0,0.0,7.41934438601515e-06,13
I28777354,0.00390625,36.0,0.0001425712938688323,0.0007026493404220542,13
I28792581,0.0005387931034482759,4.0,0.0,0.00011511027611787234,0
I28813325,0.0010775862068965517,8.0,5.262360231712246e-07,0.0007527218642577896,4
I288216842,0.0004040948275862069,3.0,0.0,2.225371226251251e-06,3
I2883434090,0.0006734913793103449,5.0,0.0,6.270148350492524e-07,111
I288749910,0.0008081896551724138,6.0,0.0,3.314626426332086e-06,13
I28941729,0.0008081896551724138,6.0,0.0,1.6553058080371826e-06,35
I2898336195,0.0022898706896551722,18.0,2.413427278681823e-06,0.0007196301529888288,17
I2898391981,0.009159482758620689,74.0,6.0085105167745265e-05,0.004354663246595218,1
I28992388,0.0,0.0,0.0,1.6956061190283638e-53,261
I290407205,0.00013469827586206896,1.0,0.0,3.5559437637325713e-47,127
I29045822,0.003232758620689655,42.0,1.1708535490919693e-07,0.004881036503911125,0
I290598920,0.00013469827586206896,1.0,0.0,1.301073097606564e-05,0
I29078338,0.00026939655172413793,2.0,0.0,7.376256664698659e-05,34
I292141241,0.0066002155172413795,61.0,2.4279441344934427e-06,0.005036387954559725,17
I293362453,0.00026939655172413793,2.0,0.0,1.7736638898204747e-43,33
I29365675,0.0006734913793103449,6.0,7.258427905809994e-08,0.00018487301307323784,21
I29563240,0.00013469827586206896,1.0,0.0,3.5559437637325713e-47,244
I2960094004,0.0026939655172413795,20.0,0.0,0.0015189728860427651,17
I29607241,0.012661637931034482,121.0,0.00038016880255240047,0.014652916529083128,11
I2961216182,0.005926724137931034,58.0,0.0005013869281739246,0.0024867021729551328,17
I29617571,0.0020204741379310346,15.0,0.0005242599161738681,0.00018844538480735173,13
I29698356,0.0009428879310344827,7.0,0.0,3.037168554356833e-06,13
I2972652528,0.0013469827586206897,10.0,0.0004855162426196305,0.0002490712240279506,6
I29739308,0.0008081896551724138,8.0,0.0002454074474954359,0.0006173458108112842,4
I29770179,0.00013469827586206896,1.0,0.0,3.5559437637325713e-47,262
I29787537,0.0005387931034482759,4.0,0.0,4.119431246695471e-05,21
I297921594,0.0004040948275862069,3.0,0.0,9.857652229608403e-08,34
I29801172,0.0006734913793103449,6.0,0.0,0.000135608805188943,21
I298625061,0.007004310344827586,52.0,0.0013197768354046666,0.0032838657769853202,0
I29891158,0.003636853448275862,28.0,0.001141240853767553,0.0005504800703838473,13
I29894533,0.0008081896551724138,8.0,0.00014919534381666,1.9437605592859338e-05,21
I29955533,0.008351293103448275,83.0,1.3730526121823904e-06,0.013557829698017021,0
I3004594783,0.007947198275862068,80.0,3.8106746505502466e-07,0.01550080951424581,4
I3005327000,0.0037715517241379308,45.0,0.00027778003595534844,0.008912321363288154,4
I3006985408,0.003502155172413793,26.0,0.00023595576462408693,0.0017044461266330002,6
I301324184,0.00026939655172413793,2.0,0.0,1.3065691989069073e-05,6
I3017417437,0.00013469827586206896,1.0,0.0,3.803714609812091e-08,1
I3017480383,0.0009428879310344827,7.0,2.5767419065625476e-06,5.40860179372074e-05,4
I3017770710,0.0010775862068965517,8.0,0.00047470118503997364,0.0025732785018367193,4
I3017902709,0.0012122844827586207,9.0,0.0,2.8079234475134577e-05,21
I3018001382,0.0006734913793103449,5.0,0.0,0.00011211734398251917,0
I3018075036,0.00026939655172413793,2.0,0.0,4.32461336558138e-05,4
I3018134672,0.014682112068965516,165.0,0.0011474788189395806,0.018197404850099085,17
I3018163063,0.0009428879310344827,7.0,0.0,0.0004934427333096079,0
I3018263800,0.0005387931034482759,4.0,0.0,0.0008164106376464883,4
I3018323443,0.0005387931034482759,4.0,0.0,0.00016337633066447704,1
I3018397418,0.004175646551724138,37.0,0.0,0.00847095998657121,0
I3018483916,0.01710668103448276,149.0,0.00030320371661372056,0.010298598919006925,17
I3018557291,0.0026939655172413795,20.0,0.0,0.003413568003696591,0
I3018591564,0.00026939655172413793,2.0,0.0,0.0003600508651520439,165
I3018718406,0.0025592672413793103,25.0,5.262360231712246e-07,0.00032604554335612405,1
I3018771216,0.014816810344827586,153.0,4.1845528155842774e-05,0.014547461389337562,17
I3019010403,0.008890086206896552,70.0,0.0006997961081545371,0.005799504659761513,6
I3019177047,0.0,0.0,0.0,1.6956061190283638e-53,263
I3019243323,0.0009428879310344827,7.0,0.0,1.619381020495137e-05,1
I3019271933,0.0013469827586206897,10.0,0.0001092633619224146,0.0007292729981685336,27
I3019308854,0.01171875,88.0,1.1486462160944316e-05,0.005240167486684353,24
I3019415892,0.00013469827586206896,2.0,0.0,1.7736638898204747e-43,264
I3019423309,0.0008081896551724138,8.0,7.297139521307647e-05,0.00013999341489983613,17
I3019523068,0.00013469827586206896,1.0,0.0,0.0008331638165516809,4
I3019562804,0.00525323275862069,39.0,0.0,0.002881160501581851,1
I3019586173,0.0022898706896551722,19.0,1.0282772866564157e-07,0.0012434279300017805,24
I3020100970,0.0037715517241379308,55.0,6.14317255286671e-05,0.010046435686916239,4
I3020192730,0.0004040948275862069,3.0,0.0,3.546318514968913e-06,13
I3020504353,0.00013469827586206896,1.0,0.0,2.1555834435882654e-05,1
I3020615197,0.00013469827586206896,1.0,0.0,3.5559437637325713e-47,265
I3020652664,0.0006734913793103449,5.0,0.0,4.314632925838871e-06,2
I3020668385,0.0014816810344827585,16.0,0.0007165917513953326,0.0004335147887861712,2
I3020809043,0.0005387931034482759,8.0,0.0,1.4329061692230578e-05,13
I302410947,0.0,0.0,0.0,1.6956061190283638e-53,266
I3040621137,0.0013469827586206897,10.0,3.992135348195497e-07,0.0004770266248651878,2
I3045169105,0.01427801724137931,133.0,0.00034498400532826675,0.021668441418330218,4
I304852291,0.0016163793103448276,12.0,0.0,2.1713684255900852e-05,34
I30667456,0.0004040948275862069,3.0,0.0,2.167270847100038e-05,6
I30771326,0.0022898706896551722,20.0,0.00019556019385228557,0.002239546996359004,24
I30809798,0.009159482758620689,124.0,0.0007468438419884571,0.021614226977533093,4
I308136634,0.0,0.0,0.0,1.6956061190283638e-53,267
I308392441,0.0005387931034482759,5.0,0.0,0.0007887529256733998,0
I308837,0.0051185344827586205,52.0,3.50824015447483e-07,0.010786751224888282,4
I309707301,0.00013469827586206896,1.0,0.0,2.4754012849210972e-08,2
I31079310,0.0009428879310344827,7.0,0.0,8.254907076117039e-06,13
I31151848,0.0016163793103448276,12.0,9.79887767284349e-07,0.000655191367799879,1
I31176605,0.00013469827586206896,1.0,0.0,6.952411319866352e-05,0
I3121272148,0.0005387931034482759,4.0,0.0,4.200972772760715e-05,13
I3121602497,0.0004040948275862069,3.0,0.0,4.200072293264983e-06,16
I3121641575,0.00013469827586206896,1.0,0.0,3.0859418669218746e-43,102
I3121676899,0.0018857758620689654,14.0,0.0016989802199129452,0.00021010629122029503,1
I3121799822,0.0,0.0,0.0,1.6956061190283638e-53,268
I3122011922,0.0010775862068965517,8.0,0.0,1.5009486281432313e-05,21
I3122748864,0.003636853448275862,29.0,0.0002433154072745838,0.00014702591227807801,13
I3123573182,0.0004040948275862069,3.0,1.0887641858714991e-07,1.3868968726212626e-06,17
I3123915005,0.00013469827586206896,1.0,0.0,9.986616481788527e-08,21
I3124059619,0.009832974137931034,88.0,0.0010714086798797153,0.015791115690123435,4
I3124150290,0.0009428879310344827,7.0,2.540449767033498e-07,0.00021470857105189358,1
I3124704065,0.0,0.0,0.0,1.6956061190283638e-53,269
I3125079907,0.0004040948275862069,3.0,0.0,0.0003575699752668072,4
I3125347698,0.0025592672413793103,20.0,0.00047843927541146576,0.0008621402300043331,6
I3125470973,0.0020204741379310346,16.0,0.00024225003135640855,0.0017201312199329052,3
I3125581668,0.00013469827586206896,3.0,0.0,2.968800125726766e-05,6
I3125743391,0.00026939655172413793,2.0,0.0,2.713785068037018e-05,4
I312809248,0.00026939655172413793,2.0,0.0,0.000252841640331831,11
I3129293551,0.00026939655172413793,2.0,0.0,1.7736638898204747e-43,270
I3129379329,0.00026939655172413793,2.0,0.0,2.6977992871085527e-06,13
I3129496460,0.00026939655172413793,2.0,0.0,7.621473596615706e-05,17
I3129555431,0.0020204741379310346,15.0,3.629213952904997e-07,0.002447983604129806,0
I3129570296,0.0010775862068965517,8.0,0.0,8.63832079927445e-06,13
I3129642645,0.0010775862068965517,8.0,0.0,9.527180502999268e-05,16
I3129773123,0.0016163793103448276,12.0,0.0005195174369131882,0.0006471049407287888,13
I3129799171,0.0004040948275862069,3.0,0.0,7.457354575999289e-41,60
I3129968221,0.00013469827586206896,1.0,0.0,5.04656413251308e-07,2
I3129975082,0.0006734913793103449,5.0,2.467865487975398e-06,4.19009732086902e-05,34
I3129996945,0.0012122844827586207,10.0,0.0,0.00039704496028161913,4
I3129998261,0.0012122844827586207,9.0,0.0,3.605567755184826e-06,16
I3130020584,0.00026939655172413793,3.0,0.0,0.00010647066123981655,0
I3130021832,0.0014816810344827585,11.0,1.744571788147034e-05,3.361903359123851e-06,13
I3130244785,0.0005387931034482759,15.0,0.0,9.173041273711558e-05,13
I3130258272,0.00013469827586206896,1.0,0.0,3.5559437637325713e-47,68
I3130411899,0.00026939655172413793,2.0,0.0,2.884642034005226e-06,13
I3130430780,0.00026939655172413793,2.0,0.0,7.182873185837495e-06,0
I3130461500,0.00013469827586206896,1.0,0.0,9.642828123092266e-06,6
I3130536011,0.00013469827586206896,1.0,0.0,6.701997724442691e-07,13
I3130607311,0.00026939655172413793,2.0,0.0,7.977128575273145e-06,4
I3130638677,0.0016163793103448276,12.0,0.0,0.0011181660544289343,0
I3130777500,0.00013469827586206896,1.0,0.0,3.5559437637325713e-47,271
I3130814776,0.00026939655172413793,2.0,0.0,5.3517823546926064e-05,4
I3130844761,0.0006734913793103449,5.0,0.0,5.232235173891644e-05,13
I3130997290,0.0,0.0,0.0,1.6956061190283638e-53,272
I3131163126,0.0,0.0,0.0,1.6956061190283638e-53,273
I3131263933,0.0,0.0,0.0,1.6956061190283638e-53,274
I3131550300,0.0037715517241379308,32.0,1.1051820585155931e-06,0.0008203697413658509,6
I3131616854,0.00013469827586206896,1.0,0.0,3.5559437637325713e-47,275
I3131625388,0.005657327586206897,58.0,5.371085433051357e-05,0.017256153182711575,4
I3131779051,0.0026939655172413795,23.0,0.002408337651752298,0.0001978278058917553,13
I3131826223,0.0004040948275862069,3.0,0.0,4.195863140921565e-08,13
I3131870445,0.0009428879310344827,7.0,0.0002427944134493443,1.2322130444811557e-05,13
I3131873961,0.0009428879310344827,7.0,0.0,0.0004934427333096079,0
I3131927718,0.0,0.0,0.0,1.6956061190283638e-53,276
I3131932481,0.00026939655172413793,2.0,0.0,3.266438850989614e-08,3
I3132008252,0.0004040948275862069,3.0,0.0,0.0011248683537292416,4
I3132067926,0.00026939655172413793,2.0,0.0,2.558718973605258e-05,4
I3132109944,0.00013469827586206896,1.0,0.0,4.505104071178636e-06,0
I3132121230,0.0,0.0,0.0,1.6956061190283638e-53,277
I3132145264,0.00013469827586206896,1.0,0.0,3.5559437637325713e-47,253
I3132172362,0.00026939655172413793,2.0,0.0,5.032406306857444e-08,2
I3132180716,0.0009428879310344827,8.0,1.521362168564974e-05,5.59638764340885e-08,13
I3132190156,0.0005387931034482759,4.0,0.0,3.853591802326682e-06,13
I3132220783,0.0004040948275862069,3.0,0.0,7.457354575999289e-41,156
I3132238960,0.0,0.0,0.0,1.6956061190283638e-53,278
I3132355903,0.0006734913793103449,5.0,0.0,2.2459713181377565e-06,13
I3132398649,0.0008081896551724138,6.0,0.0,2.5742424574001884e-06,13
I3132564352,0.0010775862068965517,8.0,6.113756543092554e-06,1.3180915093147492e-05,13
I3132695963,0.0,0.0,0.0,1.6956061190283638e-53,279
I3132710747,0.00026939655172413793,2.0,0.0,3.683512535335203e-11,13
I3132731249,0.0010775862068965517,8.0,0.0,1.5009486281432313e-05,21
I3132919069,0.0,0.0,0.0,1.6956061190283638e-53,280
I3132940433,0.00026939655172413793,2.0,0.0,1.4012797096384399e-06,35
I3132975163,0.0008081896551724138,6.0,3.0278092104364797e-06,8.200740351295733e-06,21
I3132999081,0.00026939655172413793,2.0,0.0,1.5665856536870436e-06,13
I3133035077,0.00026939655172413793,4.0,0.0,7.004421684226231e-05,6
I3133055985,0.008755387931034482,90.0,0.0005376499010531108,0.0239424878535272,4
I3133083760,0.00026939655172413793,2.0,0.0,1.815424414734923e-05,4
I3133090473,0.0006734913793103449,5.0,1.4516855811619988e-07,7.267656416053995e-05,3
I3133096102,0.0004040948275862069,3.0,0.0,1.6961337200395294e-05,13
I3133101575,0.0006734913793103449,5.0,0.0,2.2459713181377565e-06,13
I3133134087,0.0008081896551724138,6.0,6.67230985241584e-05,0.000137839051353644,4
I3133171086,0.0,0.0,0.0,1.6956061190283638e-53,281
I3133184724,0.003636853448275862,29.0,2.2319665810365729e-07,0.0008477000147213943,16
I3133213403,0.0012122844827586207,9.0,0.0,2.8079234475134577e-05,21
I3133345252,0.0006734913793103449,5.0,0.0,0.00031599879540361543,0
I3133455736,0.00013469827586206896,1.0,0.0,3.5559437637325713e-47,282
I3141906898,0.0006734913793103449,5.0,0.0,4.069724892861746e-05,13
I31419693,0.0018857758620689654,14.0,2.20777182135054e-06,0.00011147200907224266,13
I3143470655,0.0008081896551724138,10.0,0.0,0.003463624243916469,0
I3148377317,0.0006734913793103449,5.0,0.0,6.840183836663222e-06,13
I3148997608,0.0005387931034482759,4.0,0.0,0.0003823655445382617,0
I315070680,0.00013469827586206896,1.0,0.0,5.5928135060025145e-06,1
I31512782,0.007677801724137931,72.0,0.003164611314918548,0.005240401891523628,17
I3151615967,0.0012122844827586207,9.0,0.0,3.605567755184826e-06,16
I315704651,0.005792025862068966,48.0,0.0,0.003654330060486949,3
I31582689,0.00026939655172413793,2.0,0.0,2.3939339548953667e-05,6
I315861787,0.0,0.0,0.0,1.6956061190283638e-53,283
I31590910,0.0004040948275862069,3.0,0.0,0.0016385482573877605,4
I31595395,0.0005387931034482759,4.0,0.0004855162426196305,5.551841174208192e-05,3
I31637741,0.0005387931034482759,4.0,0.0,0.0003505494445967649,24
I31669788,0.0008081896551724138,6.0,0.0,0.0005121109025669359,4
I31683504,0.0008081896551724138,7.0,0.00024283070558887333,0.00023765803005012924,4
I3168886984,0.0,0.0,0.0,1.6956061190283638e-53,284
I31721044,0.00026939655172413793,2.0,0.0,0.0012176322669960335,0
I31746571,0.028286637931034482,263.0,0.011849069733967127,0.025078444083744097,13
I31766871,0.0004040948275862069,3.0,0.0,2.4403980002188466e-05,13
I31784960,0.00013469827586206896,1.0,0.0,5.875907607947226e-07,6
I31847773,0.0004040948275862069,3.0,0.0,0.00041198689518190173,4
I31882830,0.00026939655172413793,2.0,0.0,2.509113350923032e-06,1
I3197470489,0.0026939655172413795,27.0,0.0,0.0038984063545181207,0
I319874951,0.00026939655172413793,2.0,0.0,6.874515538939186e-05,24
I32003884,0.0,0.0,0.0,1.6956061190283638e-53,285
I32021983,0.0009428879310344827,7.0,0.0002435384023096898,1.7945209071489476e-05,16
I32038505,0.0014816810344827585,11.0,4.594000368637067e-05,0.0007110122746496986,2
I32062511,0.0013469827586206897,11.0,5.988203022293245e-07,0.00010566410093234771,13
I32389192,0.006869612068965517,52.0,1.4153934416329489e-05,0.0023434595319255166,3
I32393484,0.00026939655172413793,2.0,0.0,1.4978765557759837e-07,11
I32394136,0.008351293103448275,62.0,3.680934310378646e-05,0.0011296699826668262,13
I32399674,0.0005387931034482759,4.0,0.0,2.7751412876517693e-05,4
I324100,0.00026939655172413793,2.0,0.0,3.8978065213883206e-07,13
I324219585,0.0006734913793103449,5.0,0.0,3.7196427738647907e-37,138
I32480017,0.00026939655172413793,2.0,0.0,1.8139425062258144e-05,2
I32574673,0.009563577586206896,72.0,0.0002620423502760903,0.005163610633629046,21
I32589535,0.0014816810344827585,11.0,0.001222378506387108,0.00014411359881827973,13
I32597200,0.014816810344827586,116.0,0.00087358312203704,0.00895441719042431,0
I32619867,0.0006734913793103449,5.0,0.0,0.00022583430300150885,13
I32625721,0.00026939655172413793,2.0,0.0,0.0007312194585508663,0
I32762134,0.0010775862068965517,9.0,1.5877811043959362e-05,2.5580819416747226e-05,1
I32820368,0.00026939655172413793,2.0,0.0,0.00014860987949231094,4
I32881790,0.0013469827586206897,10.0,5.443820929357496e-07,7.816446700927105e-05,34
I32915989,0.0008081896551724138,6.0,0.0,1.3098967046096506e-05,2
I32971472,0.05158943965517241,536.0,0.016701395018227976,0.06987147822676262,11
I330495657,0.0005387931034482759,4.0,0.0,0.0009576859142849632,16
I33096239,0.00026939655172413793,2.0,0.0,4.903233915324709e-07,13
I33162209,0.0,0.0,0.0,1.6956061190283638e-53,286
I33213144,0.03246228448275862,292.0,0.004956249830249142,0.027838327159977822,21
I332397292,0.0005387931034482759,4.0,0.0,1.9382065002289543e-07,6
I33256026,0.008485991379310345,70.0,0.0015813328553001848,0.0031513090740071716,17
I33308869,0.0022898706896551722,17.0,0.0,0.0010445597714782626,0
I33339663,0.0008081896551724138,6.0,0.0004855162426196305,0.00028493711999437454,13
I33434090,0.006330818965517241,49.0,3.3025846971435473e-06,0.003050078512597784,21
I33459947,0.0,0.0,0.0,1.6956061190283638e-53,287
I33501960,0.0004040948275862069,4.0,0.00012137906065490763,1.1764434033841773e-05,0
I335365548,0.0021551724137931034,16.0,1.3597747943036135e-05,2.6988320117958406e-05,13
I33552525,0.0008081896551724138,6.0,0.0002427944134493443,3.7059306170129137e-07,35
I33585257,0.0013469827586206897,10.0,0.000491574005576021,2.0965673014837213e-05,13
I33586908,0.0026939655172413795,20.0,2.492356921500437e-05,0.0004144051128509248,13
I33800924,0.0006734913793103449,5.0,4.323949195318239e-06,5.037867830119721e-05,17
I338016083,0.00026939655172413793,2.0,0.0,1.83357066407512e-08,13
I33849332,0.02451508620689655,203.0,0.007268148620027552,0.02847443011506175,11
I33858575,0.008620689655172414,66.0,5.8345662982869326e-05,0.0018675118864274131,3
I33926330,0.0004040948275862069,3.0,1.1915919145371407e-06,2.4779832274675466e-06,13
I34002243,0.0004040948275862069,3.0,7.258427905809994e-08,6.696760718679478e-43,81
I34034455,0.00013469827586206896,1.0,0.0,1.1473862589594319e-07,21
I34077533,0.00013469827586206896,1.0,0.0,0.0001174316761320693,11
I34077901,0.003232758620689655,28.0,0.0003446029378632118,0.0009581062533790647,6
I34250744,0.0005387931034482759,4.0,9.342201583769617e-05,0.00010111684940279034,35
I342702707,0.00026939655172413793,2.0,0.0,1.1733831075945348e-05,13
I34352273,0.01050646551724138,111.0,0.0017528142514932163,0.011737394075473249,0
I34403800,0.00026939655172413793,2.0,0.0,7.263872063523897e-06,16
I34478861,0.00026939655172413793,2.0,0.0,1.0842979248448385e-08,13
I34574549,0.0006734913793103449,6.0,9.738209312930763e-05,0.00011329028679655927,3
I34656685,0.0,0.0,0.0,1.6956061190283638e-53,288
I347237974,0.00013469827586206896,1.0,0.0,1.3186522441993981e-09,35
I34809795,0.011853448275862068,97.0,0.0012636541916550142,0.005739627282577084,6
I348769827,0.0010775862068965517,8.0,0.0,0.0024674771023127403,4
I34931013,0.0021551724137931034,17.0,0.0,0.0028214682159024606,16
I34949971,0.0014816810344827585,12.0,0.00024283070558887333,0.0008703299653916321,4
I35364215,0.007139008620689655,53.0,0.0,0.0029762456568874175,1
I354071399,0.0006734913793103449,5.0,0.0,3.7196427738647907e-37,138
I354108,0.00026939655172413793,2.0,0.0,8.72917376170854e-06,0
I35440088,0.030307112068965518,288.0,0.004176203363743958,0.036126881199506154,11
I35566140,0.00013469827586206896,1.0,0.0,0.00014246551530529167,24
I35601441,0.0004040948275862069,3.0,0.0,4.299135090392036e-08,16
I35777872,0.0006734913793103449,5.0,0.0,0.0002265571363317813,13
I35906937,0.0005387931034482759,4.0,0.0,1.7348463634670787e-05,13
I35913352,0.003367456896551724,25.0,0.0,0.0006358096411627239,6
I35928602,0.008216594827586207,92.0,0.008442169441722646,0.010349714567249592,13
I35961687,0.0021551724137931034,16.0,0.0,0.0014645754656177166,0
I36080156,0.006330818965517241,47.0,0.0,0.0013235956301866408,1
I36085230,0.0006734913793103449,5.0,0.0,7.35021528394734e-05,16
I36090812,0.0013469827586206897,10.0,3.0146670568797505e-06,1.158290254811689e-05,13
I36152291,0.0004040948275862069,3.0,7.258427905809994e-08,3.546166498390044e-05,4
I36194607,0.003636853448275862,27.0,0.0,0.0028848414155363917,0
I36234482,0.024245689655172414,208.0,0.00206247048049176,0.013413644269717563,13
I36243813,0.00013469827586206896,1.0,0.0,3.5559437637325713e-47,117
I36258959,0.03919719827586207,423.0,0.011233506812525405,0.05779172495694593,0
I36314861,0.00013469827586206896,1.0,0.0,3.6704016255784813e-11,13
I36326968,0.00013469827586206896,1.0,0.0,0.00013576747060628302,0
I36373038,0.008351293103448275,79.0,1.8983208449661738e-05,0.005112625013791981,24
I36399199,0.01427801724137931,141.0,0.000264905399457418,0.024144971519698938,4
I36443711,0.00026939655172413793,2.0,0.0,3.0514522825110628e-05,16
I36448004,0.0005387931034482759,4.0,0.0,6.0986949557897136e-06,13
I36515993,0.0004040948275862069,3.0,0.0,1.8053116233318968e-05,13
I36672615,0.0005387931034482759,5.0,0.0,0.000487928813468719,0
I36721946,0.0009428879310344827,7.0,0.0002439557619142739,0.00035351884313053987,3
I36788626,0.012122844827586207,118.0,0.0005167764770029778,0.02002571075886251,0
I36819085,0.00026939655172413793,2.0,0.0,0.0003257017385900742,2
I368840534,0.0012122844827586207,9.0,1.6161494601278102e-05,0.00027236024676180286,2
I36893310,0.0012122844827586207,9.0,0.0,7.313848251064818e-05,2
I36909309,0.0,0.0,0.0,1.6956061190283638e-53,289
I37367598,0.0005387931034482759,4.0,0.0,2.0368426903009303e-05,6
I37415318,0.0004040948275862069,3.0,0.0,3.0084776633784544e-06,13
I37448385,0.00026939655172413793,2.0,0.0,0.0002590285265153194,4
I37461747,0.01953125,215.0,0.005625444941630625,0.033557464197992354,4
I37574244,0.00026939655172413793,2.0,0.0,1.7736638898204747e-43,28
I37696226,0.0020204741379310346,17.0,0.0,0.0017344190635995456,6
I37796252,0.009428879310344827,88.0,0.003447788827317142,0.014820177642477015,4
I37797678,0.0008081896551724138,6.0,0.0,4.845001569509216e-08,2
I37802460,0.0012122844827586207,9.0,0.0002427944134493443,0.0012717215511452086,4
I37987034,0.007004310344827586,62.0,0.00039491291628535724,0.013235890631842755,4
I38186990,0.0004040948275862069,3.0,0.0,5.460941347001105e-07,13
I38192578,0.0006734913793103449,5.0,0.0,0.00010240633749123627,13
I38335241,0.0,0.0,0.0,1.6956061190283638e-53,290
I385303915,0.003232758620689655,27.0,0.00023868669023915676,0.0004737851038677857,27
I38706770,0.0020204741379310346,16.0,6.895506510519494e-07,0.0006483014542604195,4
I38877650,0.0045797413793103444,35.0,0.00042900315986326625,0.006170342641936182,4
I39012071,0.0009428879310344827,8.0,5.4438209293574954e-08,7.34140972205621e-05,6
I39063666,0.010237068965517241,85.0,0.0014541168773543577,0.0030743201704885544,17
I392282,0.008485991379310345,69.0,0.000281114549094292,0.003662932545057195,21
I3923682,0.00902478448275862,79.0,0.0005183923570214627,0.014086816359993136,4
I39244652,0.0,0.0,0.0,1.6956061190283638e-53,291
I39268498,0.0008081896551724138,6.0,0.0004402374780643395,0.0005100481497968325,16
I39333907,0.0009428879310344827,7.0,0.00024297587414698953,0.000582687016968461,4
I39343248,0.014951508620689655,169.0,0.0024803658833868992,0.012298578048848754,17
I39422238,0.01818426724137931,184.0,0.0035510207236826817,0.02557879972155452,0
I39470171,0.0018857758620689654,14.0,1.270224883516749e-07,0.0011727201828711717,13
I39481719,0.0,0.0,0.0,1.6956061190283638e-53,292
I39498419,0.00013469827586206896,1.0,0.0,3.438607481935077e-07,13
I39521962,0.0,0.0,0.0,1.6956061190283638e-53,293
I39534123,0.0009428879310344827,7.0,7.258427905809994e-08,0.0002955756671225146,0
I39553462,0.0006734913793103449,5.0,0.0,6.270148350492524e-07,111
I39555362,0.010641163793103448,81.0,0.0008588977238012504,0.006171799790919452,1
I39560731,0.0004040948275862069,3.0,0.0,2.5517427767154755e-07,13
I39586589,0.013604525862068966,128.0,0.0031884224660393783,0.0019998786745793703,13
I39587148,0.0,0.0,0.0,1.6956061190283638e-53,294
I39624965,0.010910560344827586,81.0,0.0,0.005191661795350437,24
I39694355,0.0008081896551724138,6.0,0.0,0.000623576011588936,3
I39737112,0.0010775862068965517,8.0,0.0,0.0012717055474507485,4
I39774598,0.00013469827586206896,1.0,0.0,0.00010973389560523663,4
I39804081,0.02869073275862069,262.0,0.0017931781499307534,0.02056881448462687,11
I39815113,0.0066002155172413795,49.0,2.2594881201794365e-05,0.002695980087729212,21
I39824353,0.009967672413793103,74.0,0.0,0.006904944637433569,11
I39854758,0.005522629310344827,47.0,0.0006117418592790741,0.0024008667265886323,2
I39965400,0.0008081896551724138,6.0,0.0,0.0005989734269058694,0
I39995536,0.0005387931034482759,4.0,0.0,8.085280032293146e-39,31
I40034438,0.0010775862068965517,9.0,1.270224883516749e-07,0.00029479701832823977,11
I40120149,0.08674568965517242,1006.0,0.09138905524091384,0.11083797899467857,24
I40246663,0.0020204741379310346,15.0,8.770600386187075e-07,0.0019708702238358123,17
I40253897,0.0014816810344827585,11.0,6.097079440880395e-06,0.00040664850998449405,0
I40279923,0.0005387931034482759,4.0,0.0002427944134493443,3.5762853080153495e-05,13
I4028839,0.00026939655172413793,2.0,0.0,1.7736638898204747e-43,124
I40347166,0.0412176724137931,445.0,0.007747726397158143,0.05167745145065053,11
I40413290,0.0005387931034482759,4.0,0.0,0.0002461937938739144,1
I40434647,0.004445043103448276,33.0,0.0,0.0006184717896368957,3
I40527276,0.0004040948275862069,3.0,0.0,1.911991930680219e-05,13
I40542001,0.003232758620689655,39.0,0.00047285974780322636,0.0004891547734416013,13
I40677808,0.0005387931034482759,4.0,0.0,0.0002619458587015676,6
I4068193,0.002963362068965517,23.0,0.0010233432406726584,0.0005530841607650148,27
I40695006,0.0028286637931034483,21.0,0.0,0.0028914247805085867,0
I40713646,0.00026939655172413793,2.0,0.0,0.0002291956406582037,0
I4092182,0.0009428879310344827,7.0,0.00024313314008494877,2.934617265774062e-05,17
I40963666,0.0025592672413793103,21.0,0.00024341137982133814,0.0023223323449949452,4
I4101805,0.0,0.0,0.0,1.6956061190283638e-53,295
I4104125,0.0004040948275862069,3.0,0.0,3.6638511816314655e-05,17
I41047195,0.0006734913793103449,5.0,0.0,2.5998147305450868e-05,17
I41073452,0.0010775862068965517,8.0,0.00011485252422960014,0.00020144954807519347,35
I41121874,0.003232758620689655,24.0,0.0,0.0017218065198669494,17
I41156924,0.003502155172413793,28.0,2.6130340460915976e-06,0.0013796223381448698,0
I41173762,0.0005387931034482759,7.0,0.0,3.353655110343963e-07,21
I41198531,0.005657327586206897,53.0,0.0004856795572475112,0.008908792694938421,4
I41341903,0.00013469827586206896,1.0,0.0,2.6560128495907415e-06,0
I41461413,0.00013469827586206896,1.0,0.0,2.398638831347956e-08,21
I41641357,0.00013469827586206896,1.0,0.0,5.653304417469447e-05,11
I4164984,0.0014816810344827585,11.0,7.931387864505807e-06,1.1491776670507107e-05,13
I41661162,0.00013469827586206896,1.0,0.0,7.887540194980826e-07,6
I41725924,0.0008081896551724138,6.0,7.258427905809994e-08,0.0002531570412720889,6
I41832843,0.0,0.0,0.0,1.6956061190283638e-53,296
I41910991,0.0004040948275862069,3.0,0.0004855162426196305,7.07270336197473e-06,13
I41918367,0.00013469827586206896,1.0,0.0,1.1607929630374043e-05,4
I42014448,0.00013469827586206896,1.0,0.0,1.580684006550528e-45,297
I4210085861,0.00013469827586206896,1.0,0.0,1.685433280223167e-05,1
I4210085920,0.0014816810344827585,23.0,0.0,0.004106625574129465,4
I4210085930,0.0004040948275862069,3.0,0.0,0.0001267608739238148,1
I4210085935,0.0016163793103448276,15.0,1.75774929119032e-05,0.0008850035556372797,34
I4210085960,0.0005387931034482759,4.0,0.0,4.3096605015826235e-09,24
I4210085968,0.0005387931034482759,5.0,0.00024234076170523116,7.170569105878903e-05,16
I4210086022,0.0004040948275862069,3.0,0.0,7.457354575999289e-41,298
I4210086028,0.00013469827586206896,2.0,0.0,0.0018852142665131326,4
I4210086035,0.0004040948275862069,3.0,0.0,7.457354575999289e-41,103
I4210086056,0.00013469827586206896,1.0,0.0,7.78681494629575e-06,4
I4210086093,0.0037715517241379308,28.0,0.0,0.000965162452379337,17
I4210086143,0.0016163793103448276,13.0,0.0,0.004629700433985511,4
I4210086161,0.00026939655172413793,2.0,0.0,7.767359038098363e-05,24
I4210086193,0.00013469827586206896,1.0,0.0,3.5559437637325713e-47,212
I4210086194,0.0004040948275862069,3.0,0.0,0.0006594222412272595,4
I4210086248,0.0004040948275862069,3.0,0.0,3.880677217453666e-06,4
I4210086253,0.0004040948275862069,3.0,0.0,0.000453140356638781,0
I4210086299,0.0008081896551724138,6.0,0.0,1.6256407309502717e-06,13
I4210086407,0.0016163793103448276,12.0,0.0,0.0003707667381628617,17
I4210086422,0.0006734913793103449,5.0,0.0,3.4698574533946025e-05,13
I4210086490,0.003502155172413793,27.0,0.0,0.004987546157768187,0
I4210086516,0.0013469827586206897,10.0,0.0,0.00020544247736192792,1
I4210086517,0.0,0.0,0.0,1.6956061190283638e-53,299
I4210086659,0.0004040948275862069,4.0,0.0,0.00026001063860264686,4
I4210086678,0.00013469827586206896,1.0,0.0,0.00011897040719337463,4
I4210086682,0.0,0.0,0.0,1.6956061190283638e-53,300
I4210086710,0.0004040948275862069,3.0,0.0,0.00041629361136922535,4
I4210086728,0.00026939655172413793,2.0,0.0,4.32461336558138e-05,4
I4210086752,0.00026939655172413793,6.0,0.0,0.00022185597473874184,11
I4210086768,0.0010775862068965517,9.0,0.0002427944134493443,0.002130098662528814,0
I4210086801,0.0009428879310344827,7.0,0.0,0.001270184329848224,4
I4210086826,0.0005387931034482759,4.0,0.0,3.7405804563266255e-05,6
I4210086872,0.0016163793103448276,12.0,0.0,0.00024557055699838765,1
I4210086886,0.0004040948275862069,3.0,0.0,7.457354575999289e-41,301
I4210086892,0.008216594827586207,78.0,0.0006608484076364081,0.019709751678556722,4
I4210086894,0.00026939655172413793,2.0,0.0,0.0003727629773806706,0
I4210086933,0.008620689655172414,86.0,4.1101397897551033e-05,0.010291828915579471,0
I4210086947,0.0017510775862068966,13.0,1.6331462788072487e-06,0.0007714128283305218,17
I4210086966,0.003232758620689655,24.0,0.0,0.0017218065198669494,17
I4210086971,0.0010775862068965517,8.0,0.0,0.0005382713885024533,11
I4210086973,0.00390625,40.0,6.598570823463631e-09,0.004809993463104204,4
I4210086977,0.0017510775862068966,13.0,0.0,0.0014905840780348133,11
I4210086984,0.00013469827586206896,1.0,0.0,3.5559437637325713e-47,240
I4210086985,0.0009428879310344827,7.0,0.0,0.00023362626521143917,16
I4210087032,0.00013469827586206896,1.0,0.0,0.0006955441219415508,0
I4210087039,0.012526939655172414,93.0,0.0010484729549001322,0.00519496357124072,24
I4210087046,0.00026939655172413793,2.0,0.0,0.00025199907948170874,4
I4210087053,0.003232758620689655,30.0,2.0626032632343397e-05,0.0032845904533551,0
I4210087059,0.003636853448275862,40.0,0.0007583290944114363,0.002041491963706676,13
I4210087077,0.0012122844827586207,9.0,0.0,0.00021155287436464736,34
I4210087087,0.0,0.0,0.0,1.6956061190283638e-53,302
I4210087094,0.0028286637931034483,21.0,0.0,0.0024027164187305316,0
I4210087212,0.00013469827586206896,1.0,0.0,4.9371960644366394e-05,4
I4210087217,0.00026939655172413793,2.0,0.0,1.5542646749621043e-05,1
I4210087266,0.0004040948275862069,3.0,0.0,5.353493221045203e-05,2
I4210087324,0.00026939655172413793,2.0,0.0,3.6210039189354745e-05,1
I4210087327,0.0006734913793103449,5.0,0.0,0.000180979299945099,17
I4210087349,0.00013469827586206896,1.0,0.0,0.00024502316149470875,4
I4210087356,0.003636853448275862,31.0,0.0,0.0051154784953246135,6
I4210087373,0.0016163793103448276,16.0,2.1775283717429981e-07,0.005493158163958071,4
I4210087400,0.0013469827586206897,10.0,0.0,9.153531685873572e-06,6
I4210087413,0.0010775862068965517,8.0,0.0,0.00012178887270616469,21
I4210087417,0.00026939655172413793,2.0,0.0,0.0009962137227074233,4
I4210087436,0.00013469827586206896,1.0,0.0,3.085941866921875e-43,81
I4210087454,0.00026939655172413793,2.0,0.0,1.7736638898204747e-43,218
I4210087516,0.0,0.0,0.0,1.6956061190283638e-53,303
I4210087542,0.00026939655172413793,2.0,0.0,2.483713537136772e-06,13
I4210087590,0.0006734913793103449,5.0,0.0,0.0016856297115996075,4
I4210087596,0.0017510775862068966,14.0,4.3550567434859963e-07,0.00085010170709129,2
I4210087631,0.0004040948275862069,3.0,0.0,1.3557205606061837e-05,24
I4210087660,0.0005387931034482759,4.0,0.0,3.2816385406968417e-05,21
I4210087677,0.0005387931034482759,4.0,0.0,0.00020074182770982228,17
I4210087687,0.0005387931034482759,4.0,0.0,8.92996106421963e-05,0
I4210087691,0.0005387931034482759,8.0,0.0,0.0008090067830586587,4
I4210087697,0.0020204741379310346,15.0,0.0,0.0021204260427140193,0
I4210087747,0.0006734913793103449,7.0,6.36927048734827e-06,0.0005944614030464909,24
I4210087761,0.003502155172413793,26.0,3.629213952904997e-07,0.0019907952402513354,4
I4210087772,0.00013469827586206896,1.0,0.0,0.0006901184557542506,4
I4210087803,0.0010775862068965517,8.0,0.0,9.527180502999268e-05,16
I4210087817,0.00026939655172413793,4.0,0.0,2.72698310794135e-05,1
I4210087819,0.00026939655172413793,4.0,0.0,7.8727707760086e-06,3
I4210087851,0.0,0.0,0.0,1.6956061190283638e-53,304
I4210087873,0.0013469827586206897,10.0,0.0,0.0032808420734995133,4
I4210087885,0.00525323275862069,39.0,0.0,0.0028811605015818514,1
I4210087913,0.00026939655172413793,2.0,0.0,1.7736638898204747e-43,305
I4210087915,0.04323814655172414,606.0,0.02279186978312911,0.09803771302060416,0
I4210087936,0.004445043103448276,33.0,0.0,0.0006184717896368957,3
I4210087940,0.0,0.0,0.0,1.6956061190283638e-53,306
I4210087978,0.0010775862068965517,8.0,0.0,0.00023123538262736622,1
I4210087982,0.00013469827586206896,1.0,0.0,3.5559437637325713e-47,109
I4210087996,0.00026939655172413793,2.0,0.0,1.023026181949818e-06,6
I4210088045,0.0,0.0,0.0,1.6956061190283638e-53,307
I4210088053,0.0026939655172413795,23.0,3.0122475809111474e-06,0.0006169101251800363,17
I4210088080,0.00013469827586206896,1.0,0.0,1.9006713128762597e-07,16
I4210088086,0.0013469827586206897,10.0,7.275753081942311e-06,2.2082053993314004e-05,13
I4210088087,0.003367456896551724,25.0,0.0,0.0006358096411627239,6
I4210088115,0.0004040948275862069,3.0,0.0,1.8442445382743805e-05,6
I4210088164,0.0004040948275862069,5.0,0.0,0.003272010417214193,4
I4210088176,0.0010775862068965517,8.0,0.0,0.0012717055474507485,4
I4210088191,0.0010775862068965517,10.0,0.0,0.0008715990612834781,4
I4210088209,0.00026939655172413793,2.0,0.0,0.00012726167684214024,6
I4210088227,0.00026939655172413793,2.0,0.0,1.7366820635005353e-05,13
I4210088242,0.0005387931034482759,4.0,0.0,0.0011077550112170605,0
I4210088243,0.0009428879310344827,7.0,0.0,0.0006635518284279138,24
I4210088244,0.0005387931034482759,4.0,0.0,0.0009554065351960475,4
I4210088273,0.0024245689655172415,18.0,9.378493723298657e-05,0.001162677375809363,1
I4210088296,0.0008081896551724138,6.0,0.0,0.000623576011588936,3
I4210088309,0.00013469827586206896,1.0,0.0,9.993978495107268e-05,4
I4210088331,0.004040948275862069,30.0,0.0,0.003305541317821057,4
I4210088332,0.0004040948275862069,3.0,0.0,0.00010539197139830573,0
I4210088336,0.0006734913793103449,5.0,0.0,3.7196427738647907e-37,138
I4210088367,0.0005387931034482759,4.0,0.0,0.0003156843785988669,13
I4210088407,0.0021551724137931034,21.0,0.0,0.004510129684378435,16
I4210088410,0.0005387931034482759,4.0,0.0,0.0001432489471402614,0
I4210088449,0.0004040948275862069,3.0,0.0,2.449382720892223e-08,13
I4210088462,0.0012122844827586207,9.0,1.6331462788072485e-07,0.00010018712885391004,34
I4210088511,0.00013469827586206896,1.0,0.0,4.922736635544754e-09,16
I4210088543,0.00026939655172413793,2.0,0.0,2.97585852903654e-05,1
I4210088547,0.0009428879310344827,7.0,0.0,0.0006410016651398322,4
I4210088567,0.00013469827586206896,1.0,0.0,0.00020165548490957264,4
I4210088627,0.0037715517241379308,28.0,0.0,0.000965162452379337,17
I4210088668,0.008216594827586207,61.0,2.9937257591969536e-05,0.004720085329235848,17
I4210088687,0.0005387931034482759,4.0,0.0002427944134493443,3.979682292285252e-06,16
I4210088711,0.0012122844827586207,18.0,0.0,0.0023143015402265128,0
I4210088717,0.0,0.0,0.0,1.6956061190283638e-53,308
I4210088738,0.0005387931034482759,4.0,0.0,0.0009602261389529541,3
I4210088746,0.0004040948275862069,3.0,0.0,1.0759610877697794e-06,13
I4210088873,0.0024245689655172415,20.0,6.048689921508329e-08,0.0033924870811730956,4
I4210088878,0.00013469827586206896,1.0,0.0,6.188199109100882e-09,13
I4210088910,0.0006734913793103449,7.0,0.0,9.763521840909799e-05,13
I4210088913,0.0004040948275862069,3.0,0.0,0.00020754277099724132,16
I4210088917,0.006061422413793103,45.0,0.0,0.0032744004661706453,0
I4210088923,0.0030980603448275863,24.0,0.0,0.0025105535974873795,0
I4210088955,0.0005387931034482759,4.0,0.0,0.0003742433609230057,0
I4210088963,0.0014816810344827585,11.0,0.00024804231443181557,0.00018391888593137862,13
I4210088980,0.00026939655172413793,2.0,0.0,2.438049845245449e-05,16
I4210089003,0.0004040948275862069,4.0,0.0,0.00018563099432306212,11
I4210089019,0.0008081896551724138,6.0,0.0,1.218864444323132e-05,17
I4210089056,0.00013469827586206896,1.0,0.0,2.589718691688785e-06,21
I4210089084,0.0004040948275862069,4.0,0.0,2.4580904735067903e-08,13
I4210089144,0.0021551724137931034,16.0,5.806742324647995e-07,0.0004732828307865637,1
I4210089161,0.0005387931034482759,4.0,0.0,0.0015585510773821717,4
I4210089162,0.0012122844827586207,9.0,0.0,0.0015640654299634714,0
I4210089242,0.0005387931034482759,6.0,0.0,0.00010587072739035756,6
I4210089246,0.00026939655172413793,2.0,0.0,0.00047208595931528565,0
I4210089285,0.0008081896551724138,6.0,0.0,0.0005928752923081917,4
I4210089295,0.00013469827586206896,1.0,0.0,1.1930234469842873e-05,2
I4210089303,0.0005387931034482759,4.0,0.0,0.00010727290805499047,17
I4210089305,0.0,0.0,0.0,1.6956061190283638e-53,309
I4210089431,0.00013469827586206896,1.0,0.0,0.00018179887053553588,4
I4210089473,0.007947198275862068,59.0,0.0,0.006164370490298715,11
I4210089474,0.0013469827586206897,10.0,0.0,0.00015200074771567855,6
I4210089486,0.011314655172413793,87.0,2.8307868832658976e-06,0.006044288760309061,24
I4210089509,0.0006734913793103449,5.0,0.0,0.0014490369221459448,0
I4210089514,0.005792025862068966,51.0,2.952970419680366e-06,0.005967416719871742,4
I4210089535,0.0025592672413793103,19.0,0.0,0.0009555169325617307,24
I4210089559,0.00013469827586206896,1.0,0.0,0.00015246258251694228,4
I4210089592,0.00646551724137931,48.0,0.0,0.0027812560889173806,6
I4210089595,0.00026939655172413793,2.0,0.0,5.358228121724553e-08,21
I4210089607,0.0010775862068965517,9.0,5.201873332497162e-07,0.0003805726834721576,24
I4210089621,0.0005387931034482759,4.0,0.0,0.0013629475461094088,4
I4210089625,0.0017510775862068966,13.0,0.0,0.00442711150897482,4
I4210089629,0.0006734913793103449,5.0,0.0,4.2332300232587e-05,16
I4210089692,0.0012122844827586207,9.0,0.0,0.0006410872496607288,11
I4210089726,0.00013469827586206896,1.0,0.0,2.575112407567149e-05,2
I4210089761,0.009563577586206896,95.0,2.73098349956101e-06,0.01688049739004172,4
I4210089772,0.0006734913793103449,5.0,0.0,7.28568387731748e-05,4
I4210089783,0.0075431034482758615,59.0,1.9053373252751235e-06,0.010606118794672383,4
I4210089800,0.00026939655172413793,2.0,0.0,0.0003171838910711269,0
I4210089824,0.0012122844827586207,9.0,0.0,0.0002639529544148831,1
I4210089853,0.0013469827586206897,10.0,0.0,0.0002442622298863777,17
I4210089859,0.00026939655172413793,2.0,0.0,2.0557336863917892e-06,6
I4210089872,0.0021551724137931034,16.0,0.0,0.001917627521387217,0
I4210089887,0.0017510775862068966,19.0,9.690001254256341e-07,0.0018593107233847832,4
I4210089896,0.0,0.0,0.0,1.6956061190283638e-53,310
I4210089966,0.0022898706896551722,17.0,0.001124818611886634,0.0005532896032817977,16
I4210089979,0.0005387931034482759,4.0,0.0,6.294923462853746e-05,3
I4210089985,0.004310344827586207,34.0,0.0,0.005214169268602891,4
I4210090013,0.0028286637931034483,25.0,4.536517441131246e-08,0.003730308160525883,0
I4210090016,0.0,0.0,0.0,1.6956061190283638e-53,311
I4210090056,0.0005387931034482759,8.0,0.0,0.00014219861271438607,11
I4210090100,0.0021551724137931034,16.0,0.0,0.0005747197496821526,17
I4210090124,0.0008081896551724138,6.0,0.0009707421481230286,1.1988833502956194e-06,24
I4210090132,0.0005387931034482759,4.0,0.0,0.00040554190752605944,34
I4210090176,0.016029094827586205,249.0,0.0014784562186560344,0.08591521989143984,4
I4210090209,0.0010775862068965517,8.0,0.0,0.0022631751828902716,4
I4210090220,0.0,0.0,0.0,1.6956061190283638e-53,312
I4210090236,0.0006734913793103449,5.0,0.0,0.00013143104017678223,24
I4210090238,0.0005387931034482759,5.0,0.0,0.00012023168296591837,4
I4210090250,0.0010775862068965517,8.0,0.0007281654875108586,6.840444760782616e-06,13
I4210090285,0.0004040948275862069,3.0,0.0,0.0005286070810630394,0
I4210090317,0.00026939655172413793,3.0,0.0,2.3463784612218135e-05,24
I4210090411,0.016567887931034482,213.0,0.002282894085279139,0.034428182010987705,0
I4210090485,0.00026939655172413793,2.0,0.0,9.886831040489683e-05,11
I4210090489,0.0016163793103448276,12.0,0.0,0.0019529172295049409,4
I4210090508,0.0005387931034482759,4.0,0.0,4.0075756102030634e-05,6
I4210090512,0.004310344827586207,33.0,2.540449767033498e-07,0.0039041628782025975,4
I4210090529,0.0009428879310344827,7.0,0.0,1.619381020495137e-05,1
I4210090567,0.004040948275862069,33.0,3.629213952904997e-08,0.004264935581892848,0
I4210090603,0.00013469827586206896,1.0,0.0,2.1583515914484377e-06,4
I4210090617,0.0,0.0,0.0,1.6956061190283638e-53,313
I4210090662,0.0004040948275862069,3.0,0.0,2.2184506316512406e-06,13
I4210090724,0.0004040948275862069,3.0,0.0,9.619831608020567e-06,4
I4210090737,0.0010775862068965517,8.0,0.0,0.0012317653404629759,4
I4210090767,0.0008081896551724138,6.0,0.0,0.001014168988175971,4
I4210090769,0.00026939655172413793,2.0,0.0,5.23456613973564e-05,16
I4210090793,0.0005387931034482759,4.0,0.0,0.00012830516919894056,0
I4210090867,0.0,0.0,0.0,1.6956061190283638e-53,314
I4210090941,0.00013469827586206896,1.0,0.0,0.00012848666723691928,11
I4210090965,0.0006734913793103449,5.0,1.5847567594351818e-06,3.6523043524884755e-05,24
I4210090971,0.0026939655172413795,21.0,2.540449767033498e-07,0.003771542495303729,4
I4210091044,0.0010775862068965517,8.0,0.0,0.0004215460598547974,4
I4210091102,0.0005387931034482759,4.0,0.0,0.00010488107263417523,1
I4210091137,0.0009428879310344827,7.0,0.0002427944134493443,0.0020424702120076473,4
I4210091156,0.0012122844827586207,9.0,0.0,0.00329607874211892,4
I4210091170,0.0013469827586206897,10.0,0.0,2.3124625802516504e-05,34
I4210091183,0.00026939655172413793,2.0,0.0,9.714580864873174e-06,21
I4210091198,0.0005387931034482759,4.0,0.0,0.00012466691100867838,4
I4210091201,0.0020204741379310346,15.0,0.0,3.551181335263707e-05,35
I4210091207,0.00026939655172413793,2.0,0.0,0.0006104255826195588,4
I4210091234,0.0004040948275862069,3.0,0.0,6.494235883819752e-05,21
I4210091240,0.0008081896551724138,6.0,0.0,4.6819432704650146e-05,13
I4210091279,0.003367456896551724,27.0,1.270224883516749e-07,0.0024413506333354996,1
I4210091303,0.0008081896551724138,6.0,0.0,0.00014457756287878233,16
I4210091327,0.0014816810344827585,11.0,0.0,0.0028549484735385286,0
I4210091341,0.0006734913793103449,5.0,0.0,0.001217675953999805,4
I4210091343,0.004310344827586207,33.0,6.99919833774535e-08,0.003585970758893073,4
I4210091428,0.010910560344827586,81.0,0.0,0.005191661795350437,24
I4210091437,0.003367456896551724,30.0,8.498409339719198e-07,0.0009971995851570726,1
I4210091478,0.00026939655172413793,2.0,0.0,4.146960671344084e-06,6
I4210091499,0.004849137931034483,36.0,3.2058056583994134e-07,0.002001321556188475,17
I4210091585,0.0004040948275862069,3.0,0.0,6.173832976592542e-05,2
I4210091604,0.00026939655172413793,2.0,0.0,0.00025901289582546424,0
I4210091609,0.0004040948275862069,3.0,0.0,0.0006938689803030818,4
I4210091634,0.0005387931034482759,4.0,0.0,8.368639079689547e-05,34
I4210091706,0.003502155172413793,26.0,2.540449767033498e-07,0.005458424126356544,4
I4210091740,0.0004040948275862069,3.0,0.0,0.0003340002008452032,4
I4210091745,0.005522629310344827,41.0,0.0,0.0026411959813755948,21
I4210091772,0.007947198275862068,59.0,0.0,0.006164370490298715,11
I4210091792,0.0004040948275862069,3.0,0.0,1.5450784984766587e-05,165
I4210091812,0.003232758620689655,24.0,0.0,0.0017218065198669494,17
I4210091825,0.0009428879310344827,7.0,0.0,1.806677516393186e-08,13
I4210091874,0.00013469827586206896,1.0,0.0,1.626704657106013e-06,3
I4210091958,0.00026939655172413793,2.0,0.0,0.0002689540703682888,21
I4210092020,0.0009428879310344827,7.0,0.0,0.00020899423772044738,0
I4210092024,0.007947198275862068,59.0,0.0,0.006164370490298715,11
I4210092032,0.0010775862068965517,8.0,0.0,0.0014034415039303463,4
I4210092050,0.00013469827586206896,2.0,0.0,1.7736638898204747e-43,315
I4210092055,0.00013469827586206896,1.0,0.0,7.0651057419804016e-06,4
I4210092091,0.0013469827586206897,10.0,0.0,0.0014233486428593622,4
I4210092129,0.00026939655172413793,2.0,0.0,3.450311652655061e-05,1
I4210092133,0.0028286637931034483,21.0,0.0,0.004173096958820784,4
I4210092150,0.010910560344827586,81.0,0.0,0.005191661795350437,24
I4210092214,0.00026939655172413793,2.0,0.0,4.3513058847822375e-08,17
I4210092218,0.0020204741379310346,16.0,0.0,0.005856309413579029,4
I4210092225,0.0,0.0,0.0,1.6956061190283638e-53,316
I4210092230,0.003367456896551724,25.0,0.0,0.00198614270411186,4
I4210092257,0.0004040948275862069,3.0,0.0,0.0007270263617313025,4
I4210092262,0.0004040948275862069,3.0,0.0,0.00018167840984749639,4
I4210092324,0.0,0.0,0.0,1.6956061190283638e-53,317
I4210092402,0.0014816810344827585,11.0,0.0,0.0010640988844917456,13
I4210092408,0.0012122844827586207,9.0,0.0,0.0014897003701737723,0
I4210092449,0.00026939655172413793,2.0,0.0,1.7736638898204747e-43,218
I4210092499,0.0004040948275862069,3.0,0.0,0.0007823941529322952,0
I4210092510,0.0013469827586206897,11.0,0.0014556777165101943,0.00033591228025270294,24
I4210092517,0.0016163793103448276,12.0,0.0,0.000752378620212433,4
I4210092551,0.0016163793103448276,12.0,4.168762592712557e-05,0.00011257323648956247,21
I4210092558,0.0005387931034482759,4.0,0.0,0.0016482799837031657,4
I4210092569,0.0010775862068965517,13.0,2.1472849221354557e-06,0.0004945316584642902,21
I4210092591,0.00026939655172413793,2.0,0.0,2.713785068037018e-05,4
I4210092627,0.0017510775862068966,13.0,0.0,0.0008398020187182833,24
I4210092650,0.0012122844827586207,10.0,0.0,0.0011635596163326791,2
I4210092654,0.0018857758620689654,14.0,0.0,0.004987830966693012,4
I4210092658,0.007947198275862068,113.0,1.6175925047233698e-07,0.026147675914096075,0
I4210092681,0.0004040948275862069,3.0,0.0,3.7180904359403126e-05,0
I4210092686,0.010910560344827586,81.0,0.0,0.005191661795350437,24
I4210092744,0.005657327586206897,42.0,0.0,0.0032794058194749783,3
I4210092774,0.0078125,63.0,1.959775534568699e-06,0.0033732982761081705,6
I4210092791,0.0005387931034482759,4.0,0.0,0.000913380173074019,24
I4210092806,0.0021551724137931034,18.0,0.0014556777165101943,0.003618484385111818,2
I4210092839,0.0005387931034482759,4.0,0.0,0.00011318918358485141,4
I4210092841,0.0008081896551724138,6.0,0.0,0.0010406548288302184,17
I4210092852,0.0004040948275862069,3.0,0.0,9.138324150602322e-06,13
I4210092868,0.00013469827586206896,1.0,0.0,4.7434685083790726e-08,1
I4210092870,0.0022898706896551722,22.0,1.65613130050898e-05,0.0025169408549575454,4
I4210092922,0.0024245689655172415,76.0,3.2737814118030313e-07,0.004432236291792944,0
I4210092927,0.0006734913793103449,5.0,0.0,6.521250908858929e-05,21
I4210092944,0.004040948275862069,35.0,0.0004533735043767352,0.0038724607641600056,4
I4210092957,0.0030980603448275863,23.0,9.79887767284349e-07,0.001121579539998251,17
I4210093006,0.0025592672413793103,23.0,1.881648234455155e-06,4.192039152985287e-05,35
I4210093023,0.0004040948275862069,3.0,0.0,8.286702138505704e-07,6
I4210093057,0.0014816810344827585,11.0,0.0002427944134493443,0.002232247646819794,4
I4210093108,0.00026939655172413793,2.0,0.0,2.9194249021993173e-05,21
I4210093127,0.0026939655172413795,20.0,0.0,0.0015189728860427651,17
I4210093138,0.0021551724137931034,16.0,0.0,0.0002867861520763004,1
I4210093174,0.0016163793103448276,12.0,0.0,0.0022882086099773814,11
I4210093194,0.0037715517241379308,34.0,2.540449767033498e-07,0.006733585479091806,4
I4210093292,0.0010775862068965517,8.0,0.0,2.722669932514684e-05,34
I4210093348,0.0005387931034482759,4.0,0.0,1.55417426651039e-05,16
I4210093384,0.0,0.0,0.0,1.6956061190283638e-53,318
I4210093430,0.0004040948275862069,3.0,0.0,1.4983353301649523e-05,4
I4210093460,0.004175646551724138,33.0,0.0,0.003732438805543578,4
I4210093646,0.0006734913793103449,5.0,0.0,0.00024379496276280948,11
I4210093649,0.0013469827586206897,13.0,2.3589890693882479e-07,0.00012889926926340227,17
I4210093653,0.0013469827586206897,10.0,7.258427905809994e-08,0.0005205473287251913,4
I4210093665,0.0004040948275862069,3.0,0.0,2.3503847768015143e-05,0
I4210093674,0.0010775862068965517,8.0,9.073034882262492e-07,0.001845732324627434,4
I4210093734,0.00026939655172413793,2.0,0.0,8.146271252945005e-05,4
I4210093739,0.00026939655172413793,2.0,0.0,1.1178611037639535e-05,4
I4210093750,0.0004040948275862069,3.0,0.0,2.9435586108135883e-06,16
I4210093776,0.00013469827586206896,1.0,0.0,3.396919522386652e-06,4
I4210093787,0.0005387931034482759,6.0,0.0,0.0006672647009647876,34
I4210093798,0.0004040948275862069,3.0,0.0,0.0003516088490853467,24
I4210093799,0.0026939655172413795,20.0,0.0,0.001799188174477763,1
I4210093804,0.0005387931034482759,4.0,0.0,0.0003720522850132418,0
I4210093821,0.004310344827586207,35.0,0.001984369379134294,0.002022829760588322,35
I4210093841,0.0012122844827586207,9.0,0.0,0.0010372319482481991,0
I4210093880,0.0008081896551724138,6.0,0.0,0.0007038236753104737,21
I4210093889,0.0,0.0,0.0,1.6956061190283638e-53,319
I4210093896,0.004310344827586207,34.0,1.4958410175890096e-05,0.0013246532167737136,6
I4210093964,0.0021551724137931034,21.0,0.0,0.006671170211689927,4
I4210093981,0.0004040948275862069,3.0,0.0,1.3039324494089405e-05,4
I4210093987,0.00026939655172413793,2.0,0.0,6.865798518899499e-09,13
I4210094041,0.00026939655172413793,2.0,0.0,1.2707077417872047e-05,1
I4210094045,0.0004040948275862069,3.0,0.0,7.163389650179138e-05,21
I4210094059,0.007947198275862068,59.0,0.0,0.006164370490298715,11
I4210094062,0.010775862068965518,119.0,1.1739499022660751e-06,0.007272508051681438,17
I4210094071,0.0016163793103448276,12.0,0.0,0.00018884291678925087,4
I4210094076,0.0004040948275862069,3.0,0.0,0.0002513104823696943,0
I4210094138,0.0017510775862068966,13.0,1.5738773154346027e-05,3.870796972401e-05,13
I4210094181,0.0,0.0,0.0,1.6956061190283638e-53,320
I4210094195,0.0,0.0,0.0,1.6956061190283638e-53,321
I4210094239,0.0006734913793103449,5.0,0.0,0.00023608195530275592,1
I4210094264,0.00013469827586206896,1.0,0.0,1.1473862589594319e-07,21
I4210094323,0.0006734913793103449,5.0,0.0,0.00013143104017678223,24
I4210094343,0.0005387931034482759,4.0,0.0,0.00012356287869766776,4
I4210094353,0.0,0.0,0.0,1.6956061190283638e-53,322
I4210094363,0.004445043103448276,45.0,7.566179931486735e-08,0.0018258855301214912,17
I4210094376,0.0009428879310344827,7.0,0.0,0.00020899423772044738,0
I4210094406,0.0013469827586206897,10.0,0.0,0.0012977654558915528,24
I4210094450,0.00013469827586206896,1.0,0.0,0.0003865013366659123,4
I4210094459,0.00026939655172413793,2.0,0.0,0.00011336425327673568,4
I4210094487,0.0009428879310344827,7.0,1.8146069764524985e-07,0.0002708947932413932,4
I4210094618,0.0004040948275862069,3.0,0.0,8.412344934984377e-06,13
I4210094623,0.0021551724137931034,16.0,0.0,0.001717005801205959,4
I4210094653,0.004445043103448276,37.0,3.629213952904997e-08,0.0034831769075279037,0
I4210094683,0.0006734913793103449,5.0,0.0,0.0002969101673665251,24
I4210094718,0.0010775862068965517,8.0,0.0,0.00023123538262736622,1
I4210094747,0.0016163793103448276,12.0,0.0,0.00035287611755472823,6
I4210094759,0.00026939655172413793,2.0,0.0002427944134493443,5.216511591007754e-05,0
I4210094767,0.00026939655172413793,2.0,0.0,7.499352131014968e-07,1
I4210094772,0.0010775862068965517,8.0,0.0012135002694328438,0.002191264489176783,4
I4210094787,0.0016163793103448276,12.0,0.0,0.0007970494861809617,16
I4210094798,0.0,0.0,0.0,1.6956061190283638e-53,323
I4210094836,0.0008081896551724138,6.0,0.0,6.857500598206205e-05,17
I4210094843,0.0005387931034482759,4.0,0.0,3.2615497556779095e-05,3
I4210094876,0.0004040948275862069,3.0,0.0,0.0010869192121898063,4
I4210094877,0.0008081896551724138,6.0,0.0,0.0005779008004347616,16
I4210094879,0.015490301724137932,213.0,3.555765575286682e-06,0.07068218076838553,4
I4210094930,0.0006734913793103449,5.0,0.0,7.28568387731748e-05,4
I4210094983,0.004714439655172414,35.0,0.0,0.00572923282030759,0
I4210095000,0.00013469827586206896,1.0,0.0,4.705082202212097e-05,4
I4210095018,0.0013469827586206897,22.0,0.0,0.008234383943837223,4
I4210095050,0.010910560344827586,81.0,0.0,0.005191661795350437,24
I4210095054,0.0004040948275862069,3.0,0.0,6.654786583797841e-05,13
I4210095073,0.004445043103448276,37.0,3.629213952904997e-08,0.0034831769075279037,0
I4210095110,0.0004040948275862069,3.0,0.0,0.00034269009414891467,4
I4210095140,0.0009428879310344827,7.0,0.0,0.0008284345803455962,0
I4210095211,0.0005387931034482759,4.0,0.0,0.00032073613509468415,13
I4210095212,0.0009428879310344827,7.0,5.563469776661999e-06,0.00010120041014289302,6
I4210095221,0.0013469827586206897,10.0,0.0,0.0014843752715280212,4
I4210095239,0.0005387931034482759,4.0,0.0,0.00037241527765638006,0
I4210095242,0.00026939655172413793,2.0,0.0,4.009232209136342e-05,11
I4210095246,0.0004040948275862069,3.0,1.0887641858714991e-07,5.590392932181221e-06,17
I4210095248,0.0006734913793103449,5.0,0.0,0.00016408941765513776,24
I4210095266,0.0012122844827586207,14.0,0.0,0.0005414315542487162,34
I4210095273,0.00013469827586206896,1.0,0.0,3.5559437637325713e-47,324
I4210095297,0.0026939655172413795,28.0,1.3760769571431445e-06,0.0011279493095571254,2
I4210095328,0.0004040948275862069,3.0,0.0,7.457354575999289e-41,325
I4210095398,0.00026939655172413793,2.0,0.0,3.66438581218225e-07,3
I4210095444,0.0004040948275862069,3.0,0.0,1.0192167437062902e-05,6
I4210095445,0.00013469827586206896,1.0,0.0,0.00014382558399882436,0
I4210095451,0.0,0.0,0.0,1.6956061190283638e-53,326
I4210095457,0.0005387931034482759,4.0,0.0,1.55417426651039e-05,16
I4210095474,0.0004040948275862069,3.0,0.0,0.00015537893289989347,1
I4210095520,0.0004040948275862069,3.0,0.0,7.582385106162868e-05,17
I4210095527,0.0025592672413793103,19.0,0.0,0.0022013617896822118,4
I4210095565,0.0005387931034482759,4.0,0.0,0.0012716436199418913,4
I4210095594,0.004445043103448276,33.0,0.0,0.0006184717896368957,3
I4210095597,0.0006734913793103449,7.0,1.9151149328295553e-06,4.77065141709716e-06,13
I4210095624,0.008216594827586207,104.0,0.00031799777524345736,0.027394527046531135,4
I4210095647,0.0,0.0,0.0,1.6956061190283638e-53,327
I4210095677,0.0006734913793103449,6.0,0.0,0.0002438857308145462,16
I4210095684,0.0010775862068965517,8.0,0.0,0.0006236521977921101,24
I4210095701,0.0005387931034482759,4.0,0.0,5.198572769277133e-05,34
I4210095705,0.0005387931034482759,4.0,0.0,2.361825750191254e-05,1
I4210095757,0.00013469827586206896,1.0,0.0,0.00037120913400427215,16
I4210095787,0.0014816810344827585,11.0,0.0,0.0007738783057804687,21
I4210095816,0.0005387931034482759,4.0,0.0,0.00010618811694292005,4
I4210095825,0.0005387931034482759,4.0,0.0,6.247675044570097e-07,111
I4210095851,0.0006734913793103449,9.0,0.0,0.00018775086115286506,11
I4210095875,0.0004040948275862069,3.0,0.0,1.3205430580654995e-05,34
I4210095908,0.00013469827586206896,1.0,0.0,0.00011344807519929417,4
I4210095915,0.0008081896551724138,6.0,0.0,3.837257594167699e-05,6
I4210095918,0.0006734913793103449,5.0,0.0,1.3929296062049713e-05,34
I4210095925,0.00013469827586206896,1.0,0.0,0.00035871983172507794,0
I4210095956,0.00026939655172413793,2.0,0.0,6.327175761286506e-05,6
I4210095963,0.0006734913793103449,5.0,0.0,2.5998147305450868e-05,17
I4210095986,0.0006734913793103449,5.0,0.0,0.00030500141887986623,1
I4210096013,0.00026939655172413793,2.0,0.0,0.0007039972195816047,4
I4210096018,0.0006734913793103449,5.0,0.0,1.7481747931570098e-06,13
I4210096041,0.00026939655172413793,2.0,0.0,0.0003171838910711269,0
I4210096063,0.00026939655172413793,2.0,0.0,7.87673757605685e-05,2
I4210096112,0.006734913793103448,58.0,1.5496743578904337e-05,0.006475603253316772,0
I4210096154,0.0013469827586206897,10.0,0.0,0.000702169857805116,34
I4210096162,0.0,0.0,0.0,1.6956061190283638e-53,328
I4210096190,0.0005387931034482759,4.0,0.0,0.0003720522850132418,0
I4210096250,0.0028286637931034483,39.0,2.1170414725279148e-07,0.01280559081355164,4
I4210096312,0.0004040948275862069,3.0,0.0,1.2713898997961757e-05,3
I4210096318,0.00646551724137931,48.0,0.0,0.0027812560889173806,6
I4210096345,0.0005387931034482759,4.0,0.0,0.0005767084850577468,4
I4210096351,0.0016163793103448276,12.0,0.0,0.00018884291678925087,4
I4210096354,0.007947198275862068,61.0,1.2010969986995117e-07,0.010247645770486102,4
I4210096362,0.0010775862068965517,8.0,0.0,7.621977986855604e-05,6
I4210096386,0.011584051724137932,105.0,7.048005504754855e-06,0.011693941203916414,1
I4210096394,0.0018857758620689654,14.0,7.19794100659491e-07,0.0004985210099797908,0
I4210096398,0.0006734913793103449,6.0,0.0,9.535603105242452e-05,17
I4210096416,0.0,0.0,0.0,1.6956061190283638e-53,329
I4210096417,0.0005387931034482759,4.0,0.0,0.00025888030101379724,0
I4210096456,0.00026939655172413793,2.0,0.0,0.00047249798430392585,0
I4210096498,0.0005387931034482759,8.0,0.0,0.0011457914504280353,0
I4210096499,0.00013469827586206896,1.0,0.0,2.911785979266307e-05,11
I4210096524,0.00013469827586206896,1.0,0.0,2.0270925183052747e-06,24
I4210096587,0.0030980603448275863,23.0,0.0,0.0025760279507888685,4
I4210096592,0.0025592672413793103,20.0,0.0,0.004276864682709957,0
I4210096602,0.00013469827586206896,1.0,0.0,0.00020556574135066353,0
I4210096607,0.00013469827586206896,1.0,0.0,2.3173130360037896e-05,0
I4210096636,0.0005387931034482759,4.0,0.0,0.000460361738040225,24
I4210096640,0.0022898706896551722,20.0,3.629213952904997e-08,0.0019847290787519795,4
I4210096768,0.0004040948275862069,3.0,0.0,8.612212681380386e-06,11
I4210096780,0.0013469827586206897,10.0,0.0,0.00025290755222968225,34
I4210096782,0.0005387931034482759,4.0,0.0,0.0006747640105279371,17
I4210096807,0.00013469827586206896,1.0,0.0,5.334705905609795e-07,24
I4210096815,0.004983836206896551,57.0,6.391449017060468e-07,0.006208150317375636,0
I4210096842,0.0010775862068965517,8.0,0.0,0.0007857774261419351,1
I4210096856,0.0005387931034482759,4.0,0.0,1.086333125353506e-08,13
I4210096876,0.009967672413793103,74.0,0.0,0.006904944637433569,11
I4210096887,0.0024245689655172415,20.0,0.0,0.0050498300469314986,4
I4210096899,0.0009428879310344827,7.0,1.4668073059657695e-05,0.0003949919106962248,16
I4210096978,0.0,0.0,0.0,1.6956061190283638e-53,330
I4210097066,0.005387931034482759,41.0,1.0887641858714991e-07,0.004606470564882479,4
I4210097074,0.0012122844827586207,9.0,0.0,0.0010372319482481991,0
I4210097105,0.0,0.0,0.0,1.6956061190283638e-53,331
I4210097113,0.00013469827586206896,1.0,0.0,7.578415902965789e-06,0
I4210097150,0.00013469827586206896,1.0,0.0,1.5441721457967726e-06,6
I4210097159,0.014816810344827586,125.0,0.0009965974460122286,0.010254110854476925,6
I4210097178,0.002963362068965517,22.0,0.0,0.0004510581504262408,27
I4210097190,0.00026939655172413793,4.0,0.0,7.605189052547511e-06,21
I4210097214,0.0005387931034482759,6.0,1.203689294380157e-07,0.00022949965737351744,4
I4210097224,0.0,0.0,0.0,1.6956061190283638e-53,332
I4210097234,0.0,0.0,0.0,1.6956061190283638e-53,333
I4210097282,0.0026939655172413795,33.0,2.073836544517141e-08,0.0017380108705966162,24
I4210097309,0.0013469827586206897,15.0,0.0004849174223174012,0.0010336736410306306,4
I4210097354,0.00525323275862069,53.0,2.0620533823323846e-07,0.008192649515578049,4
I4210097409,0.003502155172413793,30.0,2.177528371742998e-08,0.006398106267037669,4
I4210097418,0.00013469827586206896,1.0,0.0,3.5559437637325713e-47,247
I4210097440,0.00013469827586206896,1.0,0.0,3.5559437637325713e-47,334
I4210097509,0.003367456896551724,25.0,0.0,0.00198614270411186,4
I4210097536,0.0016163793103448276,15.0,3.3872663560446636e-07,0.00014460870852204885,13
I4210097538,0.00026939655172413793,2.0,0.0,1.0616203038318105e-06,13
I4210097545,0.00026939655172413793,2.0,0.0,1.4923895871871103e-05,11
I4210097554,0.0005387931034482759,4.0,0.0,0.0009602261389529541,3
I4210097587,0.00013469827586206896,1.0,0.0,1.2177760185689428e-05,6
I4210097606,0.0009428879310344827,7.0,6.095477916198823e-05,0.00040958728169619105,13
I4210097643,0.0005387931034482759,4.0,0.0,0.00010497182686243678,1
I4210097658,0.0020204741379310346,15.0,0.0,3.551181335263707e-05,35
I4210097717,0.00013469827586206896,1.0,0.0,3.5559437637325713e-47,265
I4210097825,0.0010775862068965517,8.0,0.0,0.000611599466963726,0
I4210097846,0.0014816810344827585,13.0,2.1170414725279146e-07,0.0006783806744763915,17
I4210097899,0.0008081896551724138,6.0,0.0,0.00032284161663559294,0
I4210097923,0.0012122844827586207,9.0,0.0,0.00011242950406886928,1
I4210097978,0.0012122844827586207,10.0,0.0,0.00017398209757229883,4
I4210097985,0.0004040948275862069,3.0,0.0,1.0882988294682543e-05,6
I4210098034,0.005387931034482759,58.0,1.5571056055082865e-06,0.011203558443723794,4
I4210098046,0.0008081896551724138,6.0,0.0,5.407797526135299e-05,1
I4210098074,0.00026939655172413793,2.0,0.0,3.0874143192464844e-09,13
I4210098144,0.00026939655172413793,2.0,0.0,1.7736638898204747e-43,10
I4210098293,0.00026939655172413793,2.0,0.0,2.6532677960731353e-05,17
I4210098320,0.0020204741379310346,15.0,0.0,0.00044382891323212627,27
I4210098325,0.0006734913793103449,7.0,1.1354986241551537e-05,7.095877090044779e-06,6
I4210098355,0.00026939655172413793,2.0,0.0,1.7736638898204747e-43,56
I4210098361,0.007273706896551724,56.0,1.4516855811619993e-07,0.010157186665261773,4
I4210098389,0.0004040948275862069,3.0,0.0,0.0009299337099682721,4
I4210098460,0.0010775862068965517,8.0,3.629213952904997e-08,0.0016905478745731799,4
I4210098529,0.0016163793103448276,12.0,0.0,0.00024557055699838765,1
I4210098577,0.0006734913793103449,5.0,0.0,0.00207562815686723,4
I4210098582,0.0012122844827586207,9.0,7.258427905809994e-08,0.001252438292791995,4
I4210098666,0.0004040948275862069,3.0,0.0,7.886352447148674e-05,0
I4210098734,0.004714439655172414,39.0,0.0004788082454966777,0.005455593448638776,4
I4210098764,0.0005387931034482759,4.0,0.0,0.00010488107263417523,1
I4210098776,0.0006734913793103449,5.0,0.0,0.0003523349919065881,0
I4210098814,0.0004040948275862069,3.0,0.0,0.0005035322900894448,6
I4210098850,0.00026939655172413793,2.0,0.0,0.00015236214781508305,2
I4210098931,0.008620689655172414,68.0,1.8690451857460733e-06,0.008204685792493801,17
I4210098941,0.00013469827586206896,1.0,0.0,8.370088139838885e-07,1
I4210098964,0.0006734913793103449,5.0,0.0,0.0004775782035466403,1
I4210099054,0.00026939655172413793,2.0,0.0,1.7736638898204747e-43,56
I4210099069,0.0004040948275862069,5.0,0.0,0.00025307279259571006,4
I4210099079,0.00026939655172413793,2.0,0.0,0.0009489116641855883,4
I4210099137,0.003502155172413793,26.0,2.9033711623239975e-07,0.0014909680280478176,16
I4210099144,0.0022898706896551722,17.0,0.0,0.0006258354463100845,17
I4210099201,0.0004040948275862069,3.0,0.0,4.200072293264983e-06,16
I4210099207,0.00013469827586206896,1.0,0.0,0.00014063892939624497,4
I4210099236,0.002963362068965517,46.0,0.0,0.006201795803695045,0
I4210099251,0.00026939655172413793,2.0,0.0,1.4043968616292757e-05,11
I4210099312,0.0013469827586206897,18.0,1.6331462788072485e-07,0.0064436095460389566,4
I4210099336,0.004714439655172414,49.0,0.0008803952862414275,0.0059345586660945115,0
I4210099339,0.00013469827586206896,1.0,0.0,8.863347260899711e-06,6
I4210099374,0.00026939655172413793,2.0,0.0,5.2790301022462566e-05,4
I4210099418,0.0021551724137931034,16.0,0.0,0.0008805002220217493,13
I4210099437,0.0008081896551724138,6.0,1.8146069764524985e-07,0.0003775922770694595,4
I4210099443,0.0013469827586206897,11.0,0.0,0.0014185063297773052,11
I4210099446,0.0014816810344827585,13.0,0.0,0.0017606126736010362,4
I4210099454,0.0005387931034482759,4.0,0.0,0.00030170789461187304,1
I4210099458,0.0006734913793103449,5.0,0.0,0.00031599879540361543,0
I4210099466,0.0013469827586206897,10.0,0.0,0.0019811593198365623,4
I4210099512,0.0021551724137931034,17.0,1.8146069764524985e-08,0.001622474812013478,4
I4210099530,0.0006734913793103449,5.0,0.0,7.454876050491638e-05,3
I4210099558,0.008216594827586207,66.0,0.0,0.011018536853128166,4
I4210099570,0.0004040948275862069,3.0,0.0,0.00024268873263831356,3
I4210099586,0.004310344827586207,42.0,2.6735209453066815e-07,0.00749062572121943,4
I4210099625,0.0005387931034482759,4.0,0.0,0.00011001122469048306,0
I4210099644,0.0,0.0,0.0,1.6956061190283638e-53,335
I4210099662,0.0004040948275862069,3.0,0.0,3.850525310832036e-05,4
I4210099672,0.0005387931034482759,4.0,0.0,0.0003720522850132418,0
I4210099679,0.0006734913793103449,5.0,0.0,0.0014655669347889266,0
I4210099681,0.00026939655172413793,2.0,0.0,2.5720613946414684e-05,17
I4210099699,0.0006734913793103449,5.0,0.00024377606083551508,5.071151624037811e-06,13
I4210099776,0.00013469827586206896,1.0,0.0,3.5559437637325713e-47,336
I4210099842,0.00013469827586206896,1.0,0.0,3.427361382264031e-05,17
I4210099858,0.0013469827586206897,10.0,0.0,2.3124625802516504e-05,34
I4210099865,0.00026939655172413793,2.0,0.0,1.421159471559042e-05,34
I4210099941,0.0010775862068965517,8.0,0.0,0.0004215460598547974,4
I4210099977,0.005657327586206897,42.0,0.0,0.0032794058194749783,3
I4210100029,0.0014816810344827585,11.0,0.0,0.0013172455020946522,4
I4210100043,0.00013469827586206896,1.0,0.0,1.3409639031861797e-06,13
I4210100054,0.0,0.0,0.0,1.6956061190283638e-53,337
I4210100082,0.0005387931034482759,4.0,0.0,9.60657311440425e-06,16
I4210100083,0.0004040948275862069,3.0,0.0,0.0002037374973198034,1
I4210100097,0.0004040948275862069,5.0,0.0,0.00020249317505813424,17
I4210100137,0.00013469827586206896,1.0,0.0,2.7666830591936383e-08,338
I4210100151,0.0005387931034482759,4.0,0.0,0.00020064439058938732,1
I4210100168,0.0004040948275862069,3.0,0.0,0.00020735490511864465,0
I4210100185,0.0006734913793103449,5.0,0.0,1.7811831260585603e-05,6
I4210100188,0.004040948275862069,35.0,4.857082255803968e-05,8.823149129863424e-05,34
I4210100200,0.00013469827586206896,1.0,0.0,4.4949549119134336e-07,4
I4210100202,0.0004040948275862069,3.0,0.0,0.0001835176264650756,6
I4210100231,0.0006734913793103449,5.0,0.0,7.139996092197066e-07,13
I4210100255,0.030037715517241378,514.0,0.008617664446113105,0.16643199262857825,4
I4210100278,0.00013469827586206896,1.0,0.0,4.861955241485669e-05,4
I4210100279,0.0013469827586206897,10.0,0.0,0.00020544247736192792,1
I4210100283,0.0004040948275862069,3.0,0.0,0.0001652921154963088,6
I4210100286,0.0010775862068965517,9.0,0.0,0.002019617284036208,0
I4210100356,0.00013469827586206896,1.0,0.0,0.00011897040719337463,4
I4210100364,0.0,0.0,0.0,1.6956061190283638e-53,339
I4210100386,0.0,0.0,0.0,1.6956061190283638e-53,340
I4210100400,0.0022898706896551722,19.0,0.0,0.001498695832654148,27
I4210100430,0.0010775862068965517,9.0,0.0,0.0016213711776508865,0
I4210100468,0.007273706896551724,83.0,0.0027698652560651693,0.007801402044931708,0
I4210100501,0.0,0.0,0.0,1.6956061190283638e-53,341
I4210100505,0.0005387931034482759,4.0,0.0,0.0010512063118287846,4
I4210100528,0.0009428879310344827,7.0,0.0,0.002397490663298976,4
I4210100529,0.0005387931034482759,4.0,0.0,9.885728247752883e-05,11
I4210100562,0.00013469827586206896,1.0,0.0,5.2703750772002584e-05,34
I4210100575,0.0005387931034482759,4.0,0.0,0.0013663199100421497,3
I4210100596,0.0020204741379310346,15.0,0.0,0.000409655794811449,24
I4210100607,0.0006734913793103449,7.0,1.3367604726533417e-06,2.61231343450131e-05,6
I4210100612,0.0021551724137931034,18.0,0.0,0.0019495194327837772,0
I4210100614,0.00013469827586206896,1.0,0.0,0.0006636098188406973,4
I4210100650,0.002963362068965517,22.0,0.0,0.003066715809151041,4
I4210100742,0.002963362068965517,22.0,0.0,0.001496150039645886,6
I4210100761,0.00026939655172413793,2.0,0.0,6.601426985616562e-07,1
I4210100786,0.0005387931034482759,4.0,0.0,9.438827150592175e-05,13
I4210100789,0.00026939655172413793,2.0,0.0,1.7736638898204747e-43,342
I4210100895,0.0016163793103448276,12.0,0.0,0.00024557055699838765,1
I4210100923,0.0012122844827586207,10.0,8.520011803724587e-07,0.00023966192905616724,13
I4210100942,0.0006734913793103449,5.0,0.0,0.00031599879540361543,0
I4210100977,0.0016163793103448276,12.0,0.0,0.0005374691215732552,21
I4210101009,0.00026939655172413793,2.0,0.0,8.347211503310015e-05,4
I4210101015,0.00013469827586206896,2.0,0.0,0.000112252515474567,4
I4210101034,0.00013469827586206896,1.0,0.0,3.5559437637325713e-47,336
I4210101049,0.0014816810344827585,11.0,1.4516855811619988e-07,0.0007123784120340764,4
I4210101072,0.00026939655172413793,2.0,0.0,0.00011154507503538318,4
I4210101093,0.0005387931034482759,4.0,0.0007281654875108586,3.1402152698459247e-09,13
I4210101116,0.0004040948275862069,3.0,0.0,0.0011850895981054634,0
I4210101190,0.0022898706896551722,18.0,5.4438209293574954e-08,0.003856561741259939,0
I4210101192,0.00026939655172413793,2.0,0.0,1.514525788524298e-10,6
I4210101212,0.0009428879310344827,7.0,0.0,2.8708331923652928e-05,1
I4210101260,0.00026939655172413793,2.0,0.0,1.5755418701748196e-06,3
I4210101321,0.00026939655172413793,2.0,0.0,8.05993881074679e-05,2
I4210101327,0.0020204741379310346,19.0,7.258427905809994e-08,0.001955143909404476,21
I4210101348,0.003636853448275862,52.0,0.0,0.007222906345682981,1
I4210101358,0.0005387931034482759,4.0,0.0,0.0001509020986820506,4
I4210101382,0.0009428879310344827,7.0,0.0,0.0006410016651398322,4
I4210101388,0.0026939655172413795,24.0,3.750187751335163e-07,0.0030291368849481967,2
I4210101403,0.00013469827586206896,1.0,0.0,1.8416791451198521e-06,0
I4210101410,0.0012122844827586207,9.0,0.0,0.003337853992810263,4
I4210101422,0.0005387931034482759,4.0,0.0,2.361825750191254e-05,1
I4210101451,0.00026939655172413793,2.0,0.0,3.113495135002233e-05,4
I4210101486,0.002963362068965517,22.0,0.0,0.0005678055386965526,17
I4210101573,0.0012122844827586207,16.0,0.0,0.0005396511359629564,1
I4210101585,0.0004040948275862069,3.0,0.0,9.499384168316519e-07,35
I4210101641,0.0016163793103448276,12.0,0.0,0.0008307590599370419,34
I4210101660,0.00026939655172413793,2.0,0.0,2.2753294895874024e-05,4
I4210101680,0.0004040948275862069,3.0,0.0,7.981510660573143e-05,0
I4210101739,0.0014816810344827585,11.0,0.0,0.00036011338822928613,27
I4210101743,0.0004040948275862069,4.0,0.0,0.00044956172424955075,1
I4210101778,0.0024245689655172415,33.0,0.00023856698406320205,0.00525334237978513,0
I4210101822,0.0014816810344827585,11.0,0.0,0.00033213492053079605,1
I4210101844,0.0005387931034482759,4.0,0.0,0.000332136537530011,4
I4210101880,0.00013469827586206896,1.0,0.0,0.00014792677537558776,4
I4210101881,0.0020204741379310346,16.0,0.0,0.002064069457893617,16
I4210101898,0.0014816810344827585,11.0,2.1775283717429981e-07,0.0007063615141721153,17
I4210101901,0.0037715517241379308,28.0,0.0,0.000965162452379337,17
I4210101931,0.00013469827586206896,1.0,0.0,4.911409343580952e-05,4
I4210101969,0.0004040948275862069,3.0,0.0,0.0002170596994024643,2
I4210101986,0.00026939655172413793,2.0,0.0,0.00026783874442167714,11
I4210102012,0.0014816810344827585,12.0,0.0,0.0004376070177766475,34
I4210102018,0.0,0.0,0.0,1.6956061190283638e-53,343
I4210102029,0.009967672413793103,74.0,0.0,0.006904944637433569,11
I4210102044,0.0026939655172413795,20.0,0.0,0.003141268648769952,11
I4210102047,0.002963362068965517,22.0,1.959775534568698e-06,0.00027442985841004717,34
I4210102099,0.0004040948275862069,3.0,0.0,0.00019236613636715503,24
I4210102181,0.0025592672413793103,19.0,1.8146069764524985e-07,0.0013958629545523587,34
I4210102207,0.00026939655172413793,2.0,0.0,4.777625158852372e-05,4
I4210102262,0.0013469827586206897,10.0,0.0,0.001276545836050583,11
I4210102282,0.0021551724137931034,16.0,0.0,0.001023664235771781,17
I4210102302,0.0012122844827586207,9.0,0.0,0.0002123395017873578,16
I4210102325,0.0014816810344827585,12.0,2.1775283717429981e-07,0.00018928719808441568,6
I4210102350,0.0013469827586206897,10.0,0.0,9.153531685873572e-06,6
I4210102371,0.0010775862068965517,8.0,3.629213952904997e-08,0.0003044674837446759,17
I4210102384,0.00026939655172413793,4.0,0.0,2.4676073553143193e-05,3
I4210102411,0.00013469827586206896,1.0,0.0,0.00013576747060628302,0
I4210102412,0.0,0.0,0.0,1.6956061190283638e-53,344
I4210102458,0.0006734913793103449,5.0,0.0,0.0016614002379914013,4
I4210102606,0.0008081896551724138,6.0,0.0,0.00016517172774502232,6
I4210102653,0.0012122844827586207,9.0,0.0,1.1928325645187577e-05,24
I4210102737,0.0005387931034482759,4.0,0.0,1.1400934403674133e-05,34
I4210102807,0.0004040948275862069,3.0,0.0,0.00013955815080613908,16
I4210102840,0.0012122844827586207,10.0,0.0,0.003919237286542429,4
I4210102902,0.0016163793103448276,12.0,0.0,2.2495342449220267e-05,34
I4210102928,0.0016163793103448276,12.0,0.0,0.0008307590599370419,34
I4210102957,0.003367456896551724,25.0,0.0,0.0006358096411627239,6
I4210102999,0.006061422413793103,45.0,0.0004054376367487816,0.0032809893895468737,3
I4210103132,0.0010775862068965517,15.0,1.6839238523820921e-06,0.00011550708118647569,3
I4210103174,0.0004040948275862069,3.0,0.0,3.7394862717708985e-06,21
I4210103180,0.0013469827586206897,10.0,0.0,0.0012977654558915528,24
I4210103203,0.010910560344827586,81.0,0.0,0.005191661795350437,24
I4210103237,0.0005387931034482759,4.0,0.0,2.2696367656748908e-05,34
I4210103279,0.00013469827586206896,1.0,0.0,1.675358397732275e-05,34
I4210103289,0.0005387931034482759,4.0,0.0,4.0075756102030634e-05,6
I4210103308,0.002963362068965517,22.0,0.0,0.0004510581504262408,27
I4210103330,0.009832974137931034,90.0,6.7339200797592e-07,0.007700933624312902,11
I4210103346,0.011584051724137932,118.0,5.344017545652608e-06,0.01938256029640141,4
I4210103357,0.00013469827586206896,1.0,0.0,1.2719671686798613e-07,13
I4210103375,0.00026939655172413793,2.0,0.0,2.5149286001790613e-06,13
I4210103399,0.0008081896551724138,6.0,0.0,0.000425748869024741,2
I4210103466,0.005522629310344827,41.0,0.0,0.0026411959813755948,21
I4210103524,0.0004040948275862069,3.0,0.0,0.0007805952767706453,4
I4210103530,0.0006734913793103449,5.0,0.0,0.00015538922925704951,4
I4210103532,0.00646551724137931,48.0,0.0,0.0027812560889173806,6
I4210103535,0.003502155172413793,26.0,0.0,0.0056711137979743465,4
I4210103541,0.00026939655172413793,2.0,0.0,1.7736638898204747e-43,270
I4210103620,0.0006734913793103449,5.0,0.0,0.00012770201722560773,3
I4210103621,0.0,0.0,0.0,1.6956061190283638e-53,345
I4210103659,0.0004040948275862069,3.0,0.0,2.2593874395979093e-06,6
I4210103666,0.0024245689655172415,19.0,7.634310779503727e-07,0.0009612436915185051,34
I4210103698,0.0020204741379310346,16.0,8.165731394036242e-08,0.0011153567584316338,1
I4210103779,0.0008081896551724138,6.0,0.0,1.3098967046096506e-05,2
I4210103786,0.0016163793103448276,12.0,0.0,0.0017565753038488517,1
I4210103794,0.0009428879310344827,7.0,0.0,0.0002570695473079145,11
I4210103820,0.0006734913793103449,5.0,1.0887641858714991e-07,0.0002840788827270188,16
I4210103836,0.0020204741379310346,15.0,0.0,0.001995225649760005,11
I4210103863,0.0025592672413793103,19.0,0.0,0.0022013617896822118,4
I4210103894,0.0004040948275862069,3.0,0.0,0.0003230399570990156,4
I4210103957,0.0012122844827586207,9.0,0.0,0.0011888115829258282,4
I4210103986,0.006869612068965517,61.0,3.629213952904997e-07,0.013547525546406031,4
I4210103989,0.00026939655172413793,2.0,0.0,3.225666815280292e-08,13
I4210104064,0.0021551724137931034,18.0,3.447753255259747e-07,0.002302564710947775,4
I4210104097,0.0008081896551724138,6.0,0.0,4.4012987469683426e-05,1
I4210104108,0.0010775862068965517,8.0,0.0,0.0006632745578740288,17
I4210104133,0.0005387931034482759,4.0,0.0,0.0007406323398616992,11
I4210104188,0.0004040948275862069,3.0,0.0,0.0005847754859774024,4
I4210104194,0.0021551724137931034,16.0,0.0,0.002450864014936952,0
I4210104195,0.0006734913793103449,5.0,0.0,0.0006567117126077567,16
I4210104201,0.0010775862068965517,8.0,0.0,0.0008181649583775448,3
I4210104233,0.00026939655172413793,2.0,0.0,0.00012661818674892652,4
I4210104252,0.0009428879310344827,8.0,1.9960676740977484e-07,0.0001827642537874187,4
I4210104258,0.0037715517241379308,28.0,0.0,0.000965162452379337,17
I4210104269,0.0010775862068965517,8.0,0.0,0.0001436833595972685,4
I4210104301,0.00026939655172413793,2.0,0.0,9.958185581644862e-07,13
I4210104314,0.0004040948275862069,3.0,0.0,1.1203453632633042e-06,27
I4210104323,0.0,0.0,0.0,1.6956061190283638e-53,346
I4210104335,0.0008081896551724138,6.0,2.782397363893831e-07,5.838554668242642e-05,13
I4210104362,0.00013469827586206896,1.0,0.0,3.5559437637325713e-47,347
I4210104391,0.00013469827586206896,1.0,0.0,3.3333766355034005e-05,6
I4210104429,0.0026939655172413795,27.0,4.838951937206662e-08,0.006335026094407223,0
I4210104430,0.0012122844827586207,16.0,0.0,0.0005396511359629564,1
I4210104439,0.00026939655172413793,2.0,0.0,1.1178611037639535e-05,4
I4210104445,0.0013469827586206897,10.0,0.0,0.0019811593198365623,4
I4210104455,0.00013469827586206896,1.0,0.0,1.280435428525797e-05,0
I4210104472,0.0005387931034482759,4.0,0.0,0.00047779433960969017,4
I4210104473,0.0004040948275862069,3.0,0.0,0.00012701504861889788,11
I4210104522,0.0004040948275862069,3.0,0.0,2.702282242091896e-05,16
I4210104539,0.002963362068965517,22.0,0.0,0.004808806563603384,0
I4210104555,0.00013469827586206896,1.0,0.0,0.0006955441219415508,0
I4210104568,0.0004040948275862069,3.0,0.0,9.644285299193398e-08,6
I4210104573,0.0,0.0,0.0,1.6956061190283638e-53,348
I4210104626,0.00026939655172413793,2.0,0.0,0.00028690205020164835,17
I4210104655,0.00013469827586206896,1.0,0.0,1.8701478432078523e-06,6
I4210104735,0.009428879310344827,76.0,6.946090840234507e-05,0.0036553563463098747,1
I4210104741,0.0005387931034482759,4.0,0.0,2.285464716952162e-05,13
I4210104882,0.00026939655172413793,2.0,0.0,1.97435499119567e-06,27
I4210104917,0.0006734913793103449,5.0,0.0,0.0005097067699482385,24
I4210104954,0.0005387931034482759,4.0,0.0,0.00045943293024072545,4
I4210104988,0.00026939655172413793,2.0,0.0,2.1592236665093108e-05,1
I4210105015,0.005522629310344827,88.0,7.258427905809994e-08,0.020699747161258563,0
I4210105025,0.0,0.0,0.0,1.6956061190283638e-53,349
I4210105123,0.0004040948275862069,3.0,0.0,0.00020806476913912798,11
I4210105136,0.0004040948275862069,3.0,0.0,0.000501323526563569,4
I4210105151,0.007947198275862068,59.0,0.0,0.006164370490298715,11
I4210105182,0.006734913793103448,56.0,7.984270696390994e-08,0.006277216162085923,4
I4210105208,0.0010775862068965517,8.0,0.0,0.000611599466963726,0
I4210105229,0.004310344827586207,36.0,3.629213952904997e-08,0.01001468609604787,4
I4210105350,0.0005387931034482759,4.0,0.0,3.7204181631167765e-06,13
I4210105385,0.00026939655172413793,2.0,0.0,0.00024918037881526057,4
I4210105394,0.0006734913793103449,5.0,0.0,6.043189086529709e-05,13
I4210105402,0.0018857758620689654,14.0,0.0,0.000607818152533649,11
I4210105428,0.0005387931034482759,5.0,0.0,0.0004407561335857581,6
I4210105474,0.0004040948275862069,3.0,0.0,9.962456851074435e-07,0
I4210105504,0.002963362068965517,22.0,0.0,0.001496150039645886,6
I4210105579,0.0006734913793103449,5.0,0.0,0.00010240633749123627,13
I4210105595,0.0024245689655172415,18.0,0.0,0.0027306689120157744,4
I4210105608,0.0004040948275862069,3.0,0.0,0.00022919247356302194,4
I4210105615,0.0010775862068965517,10.0,0.0,0.0006442095531474052,17
I4210105637,0.00026939655172413793,2.0,0.0,6.109520510730623e-06,2
I4210105654,0.0009428879310344827,7.0,0.0,0.001073674499079368,24
I4210105663,0.0026939655172413795,20.0,0.0,0.0006219210818202371,6
I4210105676,0.0,0.0,0.0,1.6956061190283638e-53,350
I4210105678,0.0020204741379310346,18.0,0.0001634779425086056,0.0036214766053815203,0
I4210105686,0.0012122844827586207,12.0,4.1373039063116964e-07,6.724948614448355e-05,27
I4210105714,0.0016163793103448276,12.0,0.0,0.0008307590599370419,34
I4210105738,0.0037715517241379308,28.0,0.0,0.0016435347311756522,17
I4210105784,0.0014816810344827585,11.0,0.00010435320826384593,7.817983127292345e-05,6
I4210105785,0.003232758620689655,24.0,8.347192091681493e-07,0.003601020969651667,4
I4210105806,0.0021551724137931034,17.0,1.0706181161069742e-06,0.0018765097493984885,4
I4210105827,0.0022898706896551722,17.0,0.0,0.0006258354463100845,17
I4210105838,0.0,0.0,0.0,1.6956061190283638e-53,351
I4210105839,0.00026939655172413793,2.0,0.0,3.683512535335203e-11,13
I4210105867,0.00013469827586206896,1.0,0.0,3.5559437637325713e-47,352
I4210105905,0.00013469827586206896,1.0,0.0,2.1031486770247844e-05,3
I4210105918,0.00026939655172413793,2.0,0.0,1.7736638898204747e-43,353
I4210105926,0.0004040948275862069,3.0,0.0,1.291852566204033e-06,1
I4210105949,0.004714439655172414,38.0,1.1278480284412451e-07,0.006400816379937821,4
I4210105967,0.0016163793103448276,12.0,0.0,0.0004980058270759392,0
I4210105972,0.0008081896551724138,6.0,0.0,0.00014457756287878233,16
I4210105982,0.006734913793103448,50.0,0.0,0.008551302713276428,4
I4210105984,0.0004040948275862069,3.0,0.0,0.0007683049258590132,4
I4210105989,0.0,0.0,0.0,1.6956061190283638e-53,354
I4210105992,0.0018857758620689654,16.0,0.00013325279738889777,0.00023422542063055723,3
I4210105999,0.0018857758620689654,14.0,0.0,9.956609447010072e-05,6
I4210106004,0.00026939655172413793,2.0,0.0,0.0003881756294612356,4
I4210106036,0.002963362068965517,22.0,0.0,0.0004510581504262408,27
I4210106098,0.0005387931034482759,4.0,0.0,0.00012024572036940029,4
I4210106108,0.0006734913793103449,6.0,0.0,0.0026252297591059827,4
I4210106122,0.003502155172413793,29.0,3.112050964616036e-06,0.004438400479590171,3
I4210106134,0.00026939655172413793,2.0,0.0,5.3507295537644136e-05,4
I4210106163,0.00013469827586206896,1.0,0.0,1.580684006550528e-45,136
I4210106192,0.0006734913793103449,5.0,2.9033711623239975e-07,0.0001481562467870871,17
I4210106250,0.0004040948275862069,3.0,0.0,0.00015539590164752215,1
I4210106256,0.0016163793103448276,12.0,0.0,0.0002991373097151922,34
I4210106258,0.0014816810344827585,13.0,0.0,0.0033835983379499083,0
I4210106350,0.0009428879310344827,7.0,0.0,2.8708331923652928e-05,1
I4210106352,0.005657327586206897,42.0,0.0,0.0032794058194749783,3
I4210106353,0.0,0.0,0.0,1.6956061190283638e-53,355
I4210106397,0.0030980603448275863,23.0,0.0,0.001264550765522234,17
I4210106409,0.00013469827586206896,1.0,0.0,0.00017206526849080918,4
I4210106442,0.0026939655172413795,20.0,0.0,0.005315097488318135,4
I4210106471,0.010910560344827586,81.0,0.0,0.005191661795350437,24
I4210106489,0.0004040948275862069,3.0,0.0,6.310549409831445e-05,6
I4210106490,0.0012122844827586207,9.0,0.0,7.313848251064818e-05,2
I4210106508,0.00026939655172413793,2.0,0.0,1.7736638898204747e-43,231
I4210106521,0.00013469827586206896,1.0,0.0,3.5559437637325713e-47,356
I4210106526,0.005926724137931034,44.0,0.00011495808827037341,0.003285416965296226,3
I4210106542,0.0006734913793103449,5.0,0.0,0.0004119014856646515,4
I4210106615,0.00013469827586206896,1.0,0.0,3.5559437637325713e-47,357
I4210106640,0.00026939655172413793,2.0,0.0,9.886831040489683e-05,11
I4210106641,0.0005387931034482759,4.0,0.0,7.33620035187344e-06,13
I4210106645,0.0013469827586206897,10.0,0.0,0.00015200074771567855,6
I4210106663,0.0004040948275862069,3.0,0.0,0.0005178464540814288,13
I4210106670,0.0005387931034482759,4.0,0.0,5.7640815782391465e-06,21
I4210106675,0.0009428879310344827,7.0,0.0,0.0007199213032872361,0
I4210106686,0.0016163793103448276,12.0,0.0,0.0009062169834753182,34
I4210106700,0.00013469827586206896,1.0,0.0,3.5559437637325713e-47,158
I4210106788,0.0009428879310344827,7.0,0.0,2.8708331923652928e-05,1
I4210106879,0.0005387931034482759,4.0,0.0,0.000135230440470881,24
I4210106913,0.0,0.0,0.0,1.6956061190283638e-53,358
I4210106933,0.0010775862068965517,8.0,0.0,0.0020557481152949455,4
I4210107051,0.0004040948275862069,3.0,0.0,0.0008961388870221767,13
I4210107147,0.01697198275862069,129.0,7.064797820108371e-06,0.007944757719790703,24
I4210107216,0.00013469827586206896,1.0,0.0,3.5559437637325713e-47,359
I4210107233,0.0010775862068965517,8.0,0.0,0.0006892535276897105,13
I4210107237,0.0008081896551724138,6.0,0.0,7.0079020372414535e-06,13
I4210107260,0.0013469827586206897,11.0,0.0,0.0016290332855701125,4
I4210107347,0.003367456896551724,37.0,5.0250654732530716e-08,0.0008917255125978434,27
I4210107353,0.00013469827586206896,1.0,0.0,7.570107688714906e-05,0
I4210107374,0.002963362068965517,22.0,0.0,0.001496150039645886,6
I4210107427,0.0005387931034482759,4.0,0.0,3.2816385406968417e-05,21
I4210107434,0.0005387931034482759,4.0,0.0,0.00026704283705235684,1
I4210107473,0.0008081896551724138,6.0,0.0,0.0019809474487986287,11
I4210107500,0.00013469827586206896,1.0,0.0,1.168043527787968e-05,0
I4210107518,0.0004040948275862069,6.0,0.0,6.100696685735933e-06,3
I4210107571,0.0030980603448275863,23.0,0.0,0.0010929013148929846,4
I4210107575,0.0004040948275862069,3.0,0.0,3.751499521075899e-06,13
I4210107587,0.0004040948275862069,3.0,0.0,3.012559491324082e-05,4
I4210107641,0.0014816810344827585,12.0,1.4516855811619988e-07,0.00027603050233898006,1
I4210107658,0.0009428879310344827,9.0,4.139536336639407e-05,1.809046656592669e-05,13
I4210107668,0.003502155172413793,26.0,0.0,0.0056711137979743465,4
I4210107707,0.00525323275862069,39.0,0.0,0.002881160501581851,1
I4210107712,0.0004040948275862069,3.0,0.0,5.652804749295906e-05,4
I4210107718,0.0008081896551724138,6.0,0.0,0.00021593438408735926,0
I4210107720,0.0013469827586206897,18.0,2.419475968603331e-07,0.0008532446476672253,1
I4210107735,0.0008081896551724138,6.0,0.0,0.0012913372750076265,0
I4210107738,0.0006734913793103449,5.0,0.0,0.00022583430300150885,13
I4210107755,0.003636853448275862,27.0,0.0,0.0028848414155363917,0
I4210107779,0.0013469827586206897,10.0,0.0,9.153531685873572e-06,6
I4210107815,0.00013469827586206896,1.0,0.0,3.892055560586128e-05,4
I4210107839,0.0005387931034482759,4.0,0.0,3.165819875506381e-05,6
I4210107844,0.00026939655172413793,2.0,0.0,9.29805430265324e-05,1
I4210107865,0.00026939655172413793,2.0,0.0,0.00013685742249242274,4
I4210107902,0.0,0.0,0.0,1.6956061190283638e-53,360
I4210107908,0.0012122844827586207,9.0,0.0,0.0004853968362815189,3
I4210107935,0.0016163793103448276,12.0,0.0,0.00024557055699838765,1
I4210107944,0.0004040948275862069,3.0,0.0,0.00013955815080613908,16
I4210107997,0.0022898706896551722,19.0,0.0,0.0010523970047721207,0
I4210108013,0.0004040948275862069,3.0,0.0,8.612212681380386e-06,11
I4210108054,0.0004040948275862069,3.0,0.0,5.460941347001105e-07,13
I4210108087,0.0004040948275862069,3.0,0.0,5.091730404342857e-06,21
I4210108108,0.003502155172413793,48.0,2.2848538441964293e-07,0.0012461640404312774,27
I4210108118,0.00026939655172413793,2.0,0.0,1.7736638898204747e-43,353
I4210108141,0.0006734913793103449,5.0,0.0,7.139996092197066e-07,13
I4210108209,0.0004040948275862069,3.0,0.0,0.0002239726674314069,27
I4210108266,0.0004040948275862069,3.0,0.0,2.5012474054062787e-06,3
I4210108292,0.0013469827586206897,10.0,0.0,0.00106353445850797,11
I4210108461,0.00026939655172413793,2.0,0.0,0.0004233002156243322,4
I4210108516,0.0,0.0,0.0,1.6956061190283638e-53,361
I4210108520,0.0006734913793103449,5.0,0.0,0.001217675953999805,4
I4210108537,0.00026939655172413793,2.0,0.0,2.4369377698704984e-07,24
I4210108542,0.0,0.0,0.0,1.6956061190283638e-53,362
I4210108547,0.0008081896551724138,6.0,0.0,0.00018107811786974867,24
I4210108560,0.009967672413793103,74.0,0.0,0.006904944637433569,11
I4210108565,0.0020204741379310346,15.0,0.0,0.002290621075281666,4
I4210108594,0.0005387931034482759,4.0,0.0,0.00013607814665990222,3
I4210108605,0.00026939655172413793,2.0,0.0,6.601426985616562e-07,1
I4210108625,0.0022898706896551722,19.0,1.935580774882665e-07,0.002436013366421238,0
I4210108629,0.0024245689655172415,31.0,4.838951937206662e-08,0.010516855493437118,4
I4210108695,0.0,0.0,0.0,1.6956061190283638e-53,363
I4210108711,0.013739224137931034,111.0,1.1843334866313306e-05,0.006990201863648843,24
I4210108719,0.0005387931034482759,4.0,0.0,0.0003156843785988669,13
I4210108778,0.0078125,117.0,0.0011398409797576225,0.007889851661317619,17
I4210108787,0.0,0.0,0.0,1.6956061190283638e-53,364
I4210108821,0.0005387931034482759,4.0,0.0,9.60657311440425e-06,16
I4210108865,0.0008081896551724138,6.0,0.0,0.0030731262012696913,4
I4210108887,0.0006734913793103449,5.0,0.0,7.28568387731748e-05,4
I4210108889,0.00013469827586206896,1.0,0.0,3.5559437637325713e-47,365
I4210108985,0.004445043103448276,49.0,1.233932743987699e-06,0.01037970823859337,4
I4210108991,0.0014816810344827585,11.0,0.0,0.0013964486182300262,0
I4210108999,0.00390625,29.0,0.0,0.0027713286541644353,0
I4210109141,0.0018857758620689654,14.0,4.3550567434859963e-07,0.0001902505218801817,6
I4210109170,0.0009428879310344827,7.0,0.0,0.00025430083526136013,0
I4210109172,0.0024245689655172415,22.0,0.0,0.004917137004691245,24
I4210109211,0.0005387931034482759,4.0,0.0,0.0006925613177152178,4
I4210109259,0.002963362068965517,84.0,5.142135318700935e-06,0.004820689414172806,0
I4210109289,0.0005387931034482759,5.0,0.0,3.1620130916171504e-05,4
I4210109302,0.00013469827586206896,1.0,0.0,3.5729295583811627e-06,13
I4210109338,0.0010775862068965517,12.0,0.00020162702984355863,0.0008471651577041006,6
I4210109354,0.0006734913793103449,5.0,0.0,0.0003967405643049586,1
I4210109357,0.006330818965517241,57.0,3.786911940144324e-06,0.001613386593210701,17
I4210109381,0.00026939655172413793,2.0,0.0,9.337103740133212e-06,4
I4210109390,0.003367456896551724,46.0,7.863296897960826e-08,0.0053901247754622635,24
I4210109434,0.0004040948275862069,3.0,0.0,0.00115526186351746,4
I4210109437,0.0005387931034482759,4.0,0.0,1.8853051991260117e-05,2
I4210109447,0.0013469827586206897,10.0,0.0,0.0003199050598960574,11
I4210109528,0.0005387931034482759,4.0,0.0,6.383279926675757e-06,34
I4210109534,0.0005387931034482759,4.0,0.0,3.6799598774806347e-05,2
I4210109567,0.0018857758620689654,14.0,0.0,9.956609447010072e-05,6
I4210109586,0.007677801724137931,68.0,0.0005490102048242636,0.01088770719250231,0
I4210109591,0.0004040948275862069,3.0,0.0,2.5935620030519865e-05,2
I4210109622,0.0005387931034482759,4.0,0.0,0.0009554065351960475,4
I4210109636,0.0006734913793103449,5.0,0.0,0.00089296912864819,4
I4210109698,0.00013469827586206896,1.0,0.0,1.5134065819528528e-06,4
I4210109704,0.00525323275862069,39.0,0.0,0.002881160501581851,1
I4210109708,0.0004040948275862069,3.0,0.0,1.911991930680219e-05,13
I4210109712,0.0013469827586206897,10.0,0.0,0.001989863351159704,0
I4210109745,0.0006734913793103449,6.0,2.0686519531558484e-06,3.959394073694862e-05,17
I4210109779,0.0004040948275862069,3.0,0.0,0.0006489114563108956,4
I4210109791,0.0005387931034482759,4.0,0.0,3.2615497556779095e-05,3
I4210109870,0.0006734913793103449,6.0,0.0,0.0004869895657172359,4
I4210109871,0.00026939655172413793,2.0,0.0,1.8974273728548537e-07,13
I4210109911,0.0006734913793103449,5.0,0.0,0.0011260817924145146,0
I4210109935,0.00013469827586206896,1.0,0.0,3.5559437637325713e-47,22
I4210109940,0.0004040948275862069,4.0,0.0,0.0001356526807803944,4
I4210109945,0.0010775862068965517,8.0,0.0,0.0001729282873903939,4
I4210109969,0.0004040948275862069,3.0,0.0,3.341392128477683e-05,13
I4210110011,0.010910560344827586,81.0,0.0,0.005191661795350437,24
I4210110013,0.0006734913793103449,5.0,0.0,0.0008177290532372417,24
I4210110024,0.0006734913793103449,5.0,0.0,0.0011195626697799981,4
I4210110027,0.00026939655172413793,2.0,0.0,8.691355541223526e-05,6
I4210110037,0.00013469827586206896,1.0,0.0,0.0001542737389345524,1
I4210110125,0.0005387931034482759,4.0,0.0,1.5233202133546758e-08,35
I4210110199,0.003636853448275862,27.0,0.0,0.006418752143470265,4
I4210110240,0.0028286637931034483,21.0,0.0,0.0024027164187305316,0
I4210110242,0.012257543103448275,92.0,0.0015566159208542125,0.012123250354709096,4
I4210110252,0.00026939655172413793,2.0,0.0,0.00043638970823419023,11
I4210110326,0.00026939655172413793,2.0,0.0,7.878509129496258e-06,6
I4210110431,0.006330818965517241,57.0,5.080899534066995e-08,0.009419060724072907,0
I4210110442,0.00013469827586206896,2.0,0.0,1.395059289632483e-07,2
I4210110446,0.0,0.0,0.0,1.6956061190283638e-53,366
I4210110458,0.0010775862068965517,13.0,0.0,0.0032882675115257767,4
I4210110459,0.011179956896551725,83.0,9.254495579907742e-07,0.005194230620383852,24
I4210110490,0.0051185344827586205,62.0,1.1839302406365643e-06,0.006441645011755334,0
I4210110507,0.00013469827586206896,3.0,0.0,0.00010282084146792092,17
I4210110558,0.0008081896551724138,6.0,1.077876544012784e-05,0.0001241408643809649,4
I4210110560,0.00013469827586206896,1.0,0.0,0.00011927930481700464,4
I4210110563,0.0022898706896551722,17.0,0.0,0.0006258354463100845,17
I4210110579,0.006061422413793103,45.0,0.0,0.0032744004661706453,0
I4210110594,0.0012122844827586207,9.0,0.0,0.0012991807580973555,24
I4210110609,0.0016163793103448276,12.0,0.0,0.0019529172295049409,4
I4210110621,0.00013469827586206896,1.0,0.0,0.00018038242085447053,4
I4210110652,0.002963362068965517,28.0,0.00016066288221913564,0.001063573899133462,6
I4210110664,0.0025592672413793103,19.0,0.0,0.0025546058362645773,0
I4210110723,0.0008081896551724138,6.0,3.629213952904997e-08,0.0002664814993407992,4
I4210110752,0.0009428879310344827,7.0,0.0,0.00020734661872587223,2
I4210110767,0.0006734913793103449,5.0,0.0,0.00013143104017678223,24
I4210110780,0.00026939655172413793,2.0,0.0,0.00030496853107835726,4
I4210110782,0.00026939655172413793,2.0,0.0,1.3357856543008858e-06,165
I4210110792,0.0014816810344827585,11.0,0.0,0.00029998577087712907,17
I4210110840,0.0005387931034482759,7.0,0.0,0.00011093541559034822,6
I4210110873,0.00026939655172413793,2.0,0.0,1.1758417903037278e-07,16
I4210110916,0.00013469827586206896,1.0,0.0,3.5559437637325713e-47,367
I4210110920,0.0022898706896551722,17.0,0.0,0.0006258354463100845,17
I4210110925,0.00013469827586206896,1.0,0.0,2.7666830591936383e-08,338
I4210110931,0.00026939655172413793,2.0,0.0,3.543023083844411e-06,4
I4210110940,0.00013469827586206896,1.0,0.0,0.00019459988152722017,0
I4210110978,0.0025592672413793103,19.0,0.0,0.0009555169325617307,24
I4210110987,0.005792025862068966,53.0,0.0004860908681621737,0.010955411300852303,0
I4210110997,0.0013469827586206897,10.0,0.0,0.0018872492458805595,1
I4210111013,0.006196120689655173,47.0,8.531677134287496e-06,0.00306191699677998,4
I4210111100,0.0004040948275862069,3.0,0.0,7.163389650179138e-05,21
I4210111135,0.005522629310344827,48.0,2.177528371742998e-07,0.004066837244802715,16
I4210111138,0.0020204741379310346,16.0,0.0,0.0007103306978259191,17
I4210111144,0.0004040948275862069,3.0,0.0,0.00021983900200019745,4
I4210111151,0.0005387931034482759,4.0,0.0,0.0017038752674213072,4
I4210111163,0.0012122844827586207,9.0,3.629213952904997e-08,0.0017195040158799395,4
I4210111164,0.0017510775862068966,14.0,3.8711615497653297e-07,0.0013091915456514194,24
I4210111179,0.002963362068965517,34.0,3.465899325024272e-06,0.005106424333456457,24
I4210111246,0.00525323275862069,39.0,0.0,0.002881160501581851,1
I4210111288,0.0005387931034482759,5.0,0.0,0.0005853271290031816,16
I4210111298,0.0005387931034482759,4.0,0.0,1.5233202133546758e-08,35
I4210111325,0.0005387931034482759,4.0,0.0,3.8675924366696344e-05,6
I4210111327,0.0022898706896551722,17.0,0.0,0.0010445597714782626,0
I4210111404,0.0004040948275862069,3.0,0.0,3.357255676344552e-05,6
I4210111408,0.0004040948275862069,3.0,0.0,7.775249796251907e-07,13
I4210111460,0.022494612068965518,303.0,0.0001968554787018675,0.015110964560302441,17
I4210111466,0.003232758620689655,24.0,0.0,0.0010869508223672808,13
I4210111472,0.0,0.0,0.0,1.6956061190283638e-53,368
I4210111488,0.0004040948275862069,3.0,0.0,0.00022336087277380077,6
I4210111543,0.0009428879310344827,14.0,0.0,0.00327829031402948,0
I4210111564,0.00026939655172413793,2.0,0.0,1.7648687047106667e-05,3
I4210111590,0.00026939655172413793,2.0,0.0,0.0004303129573496549,11
I4210111603,0.0012122844827586207,9.0,0.0,5.8879761120257006e-05,35
I4210111610,0.0,0.0,0.0,1.6956061190283638e-53,369
I4210111616,0.0005387931034482759,4.0,0.0,0.0001496526616417444,4
I4210111621,0.0005387931034482759,4.0,0.0,0.00016609792150291706,2
I4210111636,0.0004040948275862069,3.0,0.0,0.0005751269927947377,0
I4210111807,0.00026939655172413793,3.0,0.0,1.6003621015095522e-06,34
I4210111817,0.0006734913793103449,5.0,0.0,0.00011211734398251917,0
I4210111835,0.0009428879310344827,9.0,0.0,0.00022846774775800194,6
I4210111868,0.00013469827586206896,1.0,0.0,9.797120210520958e-05,11
I4210111875,0.0009428879310344827,7.0,7.621349301100493e-07,2.8793328783395078e-05,17
I4210111938,0.0010775862068965517,8.0,0.0,0.000611599466963726,0
I4210111958,0.0018857758620689654,21.0,0.0,0.0025836834531899663,34
I4210111959,0.0006734913793103449,5.0,3.629213952904997e-08,0.0014450627146271155,4
I4210112040,0.00026939655172413793,2.0,0.0,2.9900419722928646e-06,24
I4210112057,0.00013469827586206896,1.0,0.0,3.5559437637325713e-47,214
I4210112065,0.0017510775862068966,13.0,0.0,0.0020413485982146936,4
I4210112069,0.0006734913793103449,5.0,0.0,0.00015538922925704951,4
I4210112079,0.003502155172413793,26.0,0.0,0.0056711137979743465,4
I4210112104,0.003232758620689655,24.0,0.0,0.0022347233324308702,6
I4210112150,0.013873922413793103,237.0,0.0003105354488807218,0.09098953177285377,4
I4210112164,0.0016163793103448276,12.0,4.027788054789988e-05,0.00027967705939530084,17
I4210112230,0.0009428879310344827,7.0,0.0,0.0010733338816108766,3
I4210112252,0.0024245689655172415,18.0,0.0,0.0025232204226901178,4
I4210112253,0.0,0.0,0.0,1.6956061190283638e-53,370
I4210112270,0.0010775862068965517,14.0,0.0,0.007072426640598527,4
I4210112279,0.0013469827586206897,10.0,0.0,0.00043495833495383295,1
I4210112286,0.0006734913793103449,5.0,0.0,0.0015765174762895023,0
I4210112302,0.00026939655172413793,2.0,0.0,2.516717746404673e-07,115
I4210112335,0.00026939655172413793,2.0,0.0,3.8476870462104464e-06,13
I4210112337,0.0008081896551724138,6.0,1.4308435238896018e-05,1.1628926473192007e-05,13
I4210112368,0.0020204741379310346,16.0,1.0887641858714991e-07,0.0011223825205647921,1
I4210112448,0.0014816810344827585,11.0,0.0,0.003131707694992921,4
I4210112475,0.0005387931034482759,4.0,0.0,0.0010512063118287846,4
I4210112497,0.00026939655172413793,2.0,0.0,1.6723176567650253e-05,3
I4210112526,0.0006734913793103449,5.0,0.0,0.00032983317331321466,4
I4210112527,0.0008081896551724138,6.0,2.721910464678748e-07,0.0001640832924529875,21
I4210112540,0.0004040948275862069,3.0,0.0,0.0016463645475580824,4
I4210112550,0.0005387931034482759,4.0,0.0,0.0007011304931229588,4
I4210112595,0.00026939655172413793,2.0,0.0,5.519242014734725e-05,4
I4210112611,0.0005387931034482759,4.0,0.0,1.841546779011987e-09,13
I4210112645,0.0005387931034482759,4.0,0.0,1.4048135159818557e-05,17
I4210112646,0.0005387931034482759,4.0,0.0,0.00016337633066447704,1
I4210112663,0.003367456896551724,25.0,0.0,0.0006358096411627239,6
I4210112675,0.0004040948275862069,3.0,0.0,9.962456851074435e-07,0
I4210112678,0.0004040948275862069,4.0,0.00012137906065490763,1.1764434033841773e-05,0
I4210112713,0.0045797413793103444,38.0,1.4932487219083628e-06,0.001010361269273544,17
I4210112727,0.0005387931034482759,4.0,0.0,0.00016337633066447704,1
I4210112728,0.0013469827586206897,10.0,0.0,2.3124625802516504e-05,34
I4210112812,0.00026939655172413793,2.0,0.0,0.0016076342139497008,4
I4210112820,0.0021551724137931034,19.0,1.5726593795921654e-07,0.006122083152720866,4
I4210112872,0.0005387931034482759,4.0,0.0,6.98724476470352e-05,17
I4210112893,0.0013469827586206897,10.0,0.0,0.0005529612049996432,4
I4210112925,0.005522629310344827,54.0,4.584906960503313e-06,0.006194447387560421,17
I4210112943,0.0021551724137931034,16.0,0.0,0.0002867861520763004,1
I4210112964,0.0009428879310344827,7.0,0.0,0.00023362626521143917,16
I4210113003,0.002963362068965517,22.0,0.0,0.0004510581504262408,27
I4210113030,0.00026939655172413793,2.0,0.0,1.6723176567650253e-05,3
I4210113058,0.0020204741379310346,15.0,0.0,0.000409655794811449,24
I4210113075,0.0013469827586206897,10.0,0.0,2.3124625802516504e-05,34
I4210113124,0.0005387931034482759,4.0,0.0,4.017974082201959e-05,17
I4210113145,0.0005387931034482759,4.0,0.0,0.00018564758230425613,3
I4210113150,0.0006734913793103449,5.0,0.0,7.35021528394734e-05,16
I4210113153,0.0012122844827586207,10.0,7.417508450745663e-05,0.0008882796884497752,6
I4210113179,0.004445043103448276,33.0,0.0,0.0006184717896368957,3
I4210113195,0.0005387931034482759,4.0,0.0,0.000332136537530011,4
I4210113248,0.00013469827586206896,1.0,0.0,7.557721296535374e-08,35
I4210113254,0.003367456896551724,54.0,4.6211991000323625e-07,0.004134932229147498,17
I4210113283,0.0016163793103448276,14.0,0.0,3.137146169936861e-05,34
I4210113297,0.013065732758620689,151.0,7.116197282798524e-06,0.02560501835324936,0
I4210113316,0.0008081896551724138,6.0,0.0,0.0006396740624019918,17
I4210113347,0.0030980603448275863,30.0,0.0,0.003357120757573547,17
I4210113352,0.00026939655172413793,2.0,0.0,3.8923098600506916e-05,13
I4210113369,0.013873922413793103,174.0,0.002967775798001243,0.05172651766259692,4
I4210113402,0.00026939655172413793,2.0,0.0,5.646204207778459e-05,4
I4210113436,0.00026939655172413793,2.0,0.0,6.370034090852136e-05,21
I4210113480,0.01939655172413793,217.0,0.008235554791784595,0.043418000185715074,0
I4210113489,0.003232758620689655,24.0,0.0,0.0010869508223672808,13
I4210113490,0.0021551724137931034,16.0,0.0,0.002450864014936952,0
I4210113495,0.0008081896551724138,6.0,1.6331462788072485e-07,0.0008362742564313787,24
I4210113516,0.00026939655172413793,3.0,0.0,2.3050742361664106e-05,34
I4210113520,0.0016163793103448276,16.0,0.0004916314681302754,0.0016658197893020229,21
I4210113529,0.0008081896551724138,6.0,0.0,0.00010446536512954332,6
I4210113543,0.00026939655172413793,2.0,0.0,0.00019535789638231978,0
I4210113636,0.0004040948275862069,3.0,0.0,0.0012896786278341582,0
I4210113643,0.00013469827586206896,1.0,0.0,3.085941866921875e-43,130
I4210113654,0.00013469827586206896,1.0,0.0,0.00019459988152722017,0
I4210113666,0.0014816810344827585,11.0,0.0,0.0008840075305278266,24
I4210113748,0.0010775862068965517,8.0,0.0,0.00014317030728119813,27
I4210113759,0.0014816810344827585,11.0,3.810674650550246e-07,0.0002497982351341178,6
I4210113769,0.010910560344827586,81.0,0.0,0.005191661795350437,24
I4210113795,0.0030980603448275863,33.0,7.258427905809994e-08,0.001986495494042317,17
I4210113821,0.00026939655172413793,2.0,3.629213952904997e-08,2.235424759889999e-45,297
I4210113833,0.0012122844827586207,9.0,0.0,8.395378574459318e-06,13
I4210113837,0.00026939655172413793,2.0,0.0,8.808325901134571e-06,4
I4210113880,0.0010775862068965517,8.0,0.0,9.527180502999268e-05,16
I4210113907,0.0,0.0,0.0,1.6956061190283638e-53,371
I4210113915,0.00026939655172413793,4.0,0.0,3.624235836420154e-06,21
I4210114008,0.002963362068965517,22.0,0.0,0.001496150039645886,6
I4210114025,0.0004040948275862069,3.0,0.0,1.2747964566967018e-05,0
I4210114043,0.00013469827586206896,1.0,0.0,3.216727562501295e-08,4
I4210114081,0.0016163793103448276,12.0,0.0,0.0006509327433488822,13
I4210114105,0.004714439655172414,62.0,1.8146069764524985e-08,0.024870895947578204,4
I4210114115,0.003636853448275862,32.0,0.00024795999464231243,0.0012437375042605885,34
I4210114157,0.0006734913793103449,7.0,0.0,0.00021393449350633163,34
I4210114166,0.0021551724137931034,16.0,0.0,0.0002867861520763004,1
I4210114170,0.0004040948275862069,3.0,0.0,8.513366594844543e-06,6
I4210114178,0.004040948275862069,30.0,0.0,0.003305541317821057,4
I4210114190,0.0016163793103448276,12.0,0.0,0.0017263743475233865,4
I4210114217,0.0004040948275862069,3.0,0.0,3.357255676344552e-05,6
I4210114239,0.00013469827586206896,1.0,0.0,4.986363895826245e-05,17
I4210114246,0.0004040948275862069,3.0,0.0,1.50874896408862e-05,21
I4210114247,0.0004040948275862069,3.0,0.0,7.457354575999289e-41,298
I4210114248,0.0030980603448275863,23.0,0.0,0.001264550765522234,17
I4210114250,0.0012122844827586207,9.0,0.0,1.1928325645187577e-05,24
I4210114274,0.0006734913793103449,7.0,0.0,0.0004080980936034225,1
I4210114277,0.00026939655172413793,2.0,0.0,5.0982140253426854e-05,1
I4210114280,0.00013469827586206896,1.0,0.0,2.076163413215895e-06,1
I4210114290,0.0005387931034482759,4.0,0.0,0.0007201944382573232,4
I4210114312,0.0017510775862068966,13.0,0.0,0.002332105455528162,0
I4210114319,0.0006734913793103449,5.0,0.0,0.00010384916657583609,13
I4210114368,0.00013469827586206896,1.0,0.0,1.008974394333888e-05,6
I4210114434,0.0006734913793103449,5.0,0.0,0.00030500141887986623,1
I4210114444,0.0045797413793103444,36.0,3.659457402512539e-05,0.005177953968796603,1
I4210114445,0.00646551724137931,115.0,0.0007578516943585596,0.007457603211195897,0
I4210114487,0.00013469827586206896,1.0,0.0,2.041921552587903e-05,6
I4210114506,0.003636853448275862,29.0,5.047026870506552e-05,0.002842399885184687,4
I4210114522,0.0021551724137931034,19.0,0.0,0.0013985769078195577,1
I4210114556,0.0004040948275862069,3.0,0.0,1.020382393561426e-05,3
I4210114577,0.00026939655172413793,2.0,0.0,5.723304032499886e-43,81
I4210114611,0.00026939655172413793,2.0,0.0,1.7736638898204747e-43,169
I4210114634,0.0020204741379310346,15.0,0.0,0.0007077796536218734,17
I4210114779,0.00026939655172413793,2.0,0.0,3.4874112850640744e-07,17
I4210114813,0.00013469827586206896,1.0,0.0,3.5559437637325713e-47,372
I4210114817,0.0004040948275862069,3.0,0.0,0.00016182682290534527,0
I4210114891,0.0010775862068965517,10.0,0.0,0.0008080145442873498,4
I4210114908,0.0009428879310344827,7.0,0.0,0.0022568743621988697,0
I4210114914,0.0030980603448275863,24.0,0.0,0.004590358961585555,4
I4210114963,0.00013469827586206896,1.0,0.0,2.186646260259045e-06,4
I4210114974,0.00013469827586206896,1.0,0.0,7.674310686126631e-06,17
I4210115028,0.0016163793103448276,12.0,0.0,0.0005902748908981387,1
I4210115038,0.0010775862068965517,10.0,0.0,0.004112752946174691,4
I4210115078,0.00013469827586206896,1.0,0.0,4.121052859413856e-06,3
I4210115081,0.0009428879310344827,7.0,0.0,0.0015596750634125362,0
I4210115082,0.003367456896551724,25.0,0.00015953643527917552,0.0008734616731926823,34
I4210115097,0.0021551724137931034,16.0,0.001635482767173115,0.0008417529367777232,16
I4210115098,0.00026939655172413793,2.0,0.0,5.9034504589614366e-05,11
I4210115111,0.0006734913793103449,5.0,0.0,0.0007770804175595718,0
I4210115126,0.0009428879310344827,7.0,0.0,0.0005774089307133955,11
I4210115146,0.0005387931034482759,4.0,0.0,7.97800026926378e-06,4
I4210115172,0.002963362068965517,22.0,0.0,0.00310459383295485,0
I4210115202,0.00026939655172413793,2.0,0.0,0.0005638028105450268,21
I4210115203,0.00026939655172413793,2.0,0.0,3.0044805844489326e-06,16
I4210115218,0.00026939655172413793,2.0,0.0002427944134493443,4.710679420661037e-05,0
I4210115222,0.0004040948275862069,3.0,0.0,3.0134260980921274e-05,13
I4210115246,0.0026939655172413795,20.0,0.0,0.003413568003696591,0
I4210115256,0.004849137931034483,41.0,8.30375961771653e-05,0.0010583201587163608,6
I4210115305,0.0005387931034482759,4.0,0.0,2.0639538181244317e-05,6
I4210115326,0.00013469827586206896,1.0,0.0,3.5559437637325713e-47,151
I4210115331,0.00026939655172413793,2.0,0.0,2.0719246452428133e-05,4
I4210115393,0.00646551724137931,48.0,0.0,0.0027812560889173806,6
I4210115395,0.00013469827586206896,1.0,0.0,9.696937229062322e-06,4
I4210115399,0.0005387931034482759,4.0,0.0,0.00035957438005801396,2
I4210115422,0.0013469827586206897,10.0,0.0,0.00015200074771567855,6
I4210115456,0.0018857758620689654,14.0,0.0,0.002242952784081114,4
I4210115462,0.0004040948275862069,3.0,0.0,6.414101970482737e-07,0
I4210115499,0.0009428879310344827,7.0,0.0,0.00012789929167301634,17
I4210115513,0.0,0.0,0.0,1.6956061190283638e-53,373
I4210115515,0.00026939655172413793,2.0,0.0,0.0007492499324620282,0
I4210115556,0.0009428879310344827,8.0,0.0,0.002317954823305309,4
I4210115614,0.0004040948275862069,3.0,0.0,0.0009187590239184501,2
I4210115644,0.0020204741379310346,16.0,0.0,0.003487985138004588,0
I4210115756,0.00013469827586206896,1.0,0.0,2.361094390081003e-09,3
I4210115812,0.0026939655172413795,20.0,0.0,0.0015189728860427651,17
I4210115827,0.00013469827586206896,1.0,0.0,3.5559437637325713e-47,374
I4210115892,0.0005387931034482759,4.0,0.0,5.028230473716409e-05,11
I4210115928,0.004040948275862069,30.0,0.0,0.003305541317821057,4
I4210115931,0.0004040948275862069,3.0,0.0,1.0971724068920499e-08,16
I4210115995,0.0005387931034482759,4.0,0.0,0.00012830516919894056,0
I4210116048,0.0004040948275862069,4.0,0.0,0.001360739497272341,4
I4210116052,0.0013469827586206897,10.0,0.0,0.0015729556516300665,0
I4210116208,0.009159482758620689,71.0,0.0,0.006975522521832993,6
I4210116209,0.0008081896551724138,6.0,0.0,0.00010446536512954332,6
I4210116219,0.0018857758620689654,14.0,0.0,0.0027872888090245246,4
I4210116231,0.0,0.0,0.0,1.6956061190283638e-53,375
I4210116322,0.0005387931034482759,5.0,6.999800588257017e-07,1.4052433786250678e-05,6
I4210116328,0.0014816810344827585,11.0,0.0,0.0033015189554752946,0
I4210116369,0.00013469827586206896,1.0,0.0,5.537053998686757e-05,34
I4210116398,0.0,0.0,0.0,1.6956061190283638e-53,376
I4210116402,0.00026939655172413793,2.0,0.0,0.00021490696970430045,0
I4210116408,0.00026939655172413793,2.0,0.0,5.134516711736258e-08,3
I4210116459,0.0,0.0,0.0,1.6956061190283638e-53,377
I4210116466,0.0006734913793103449,8.0,0.0,2.9792846468794057e-05,21
I4210116480,0.0010775862068965517,8.0,0.0,0.00019584082347794674,1
I4210116486,0.00026939655172413793,2.0,0.0,1.992386554759766e-05,24
I4210116517,0.0004040948275862069,3.0,0.0,3.012559491324082e-05,4
I4210116615,0.00026939655172413793,2.0,5.988203022293245e-07,1.5349852018346363e-06,35
I4210116646,0.00013469827586206896,1.0,0.0,3.5559437637325713e-47,37
I4210116649,0.00013469827586206896,1.0,0.0,3.5559437637325713e-47,378
I4210116691,0.0018857758620689654,14.0,0.0,0.0028545690604787947,0
I4210116723,0.0010775862068965517,8.0,0.0,0.003019570296643561,4
I4210116730,0.007004310344827586,52.0,2.7582026042077978e-06,0.0027994215185394287,6
I4210116741,0.0006734913793103449,5.0,9.435956277552991e-07,3.4884764963083166e-05,13
I4210116869,0.008755387931034482,91.0,1.3791013021038987e-07,0.017596466655813926,4
I4210116886,0.00013469827586206896,1.0,0.0,1.1066218785321756e-07,4
I4210116895,0.003367456896551724,25.0,0.0,0.0036747425794278962,0
I4210116917,0.022494612068965518,348.0,0.0005863562721125622,0.07364307521859693,4
I4210116919,0.0004040948275862069,3.0,0.0,7.701244317184818e-06,27
I4210116924,0.017780172413793104,215.0,0.005955634773116018,0.042701926300617234,4
I4210116961,0.0017510775862068966,13.0,0.0,0.0008398020187182833,24
I4210117005,0.002963362068965517,30.0,0.0013216054800550014,0.0015022593361520267,1
I4210117013,0.00026939655172413793,2.0,0.0,0.00014841677585035115,24
I4210117018,0.006061422413793103,46.0,0.0,0.0032860473828270494,0
I4210117043,0.0004040948275862069,3.0,0.0,5.652804749295906e-05,4
I4210117062,0.007677801724137931,58.0,1.1371537052435658e-06,0.0022629822522280915,1
I4210117090,0.00026939655172413793,2.0,0.0,0.00011380564683635096,0
I4210117092,0.0006734913793103449,5.0,0.0,6.840183836663222e-06,13
I4210117106,0.0017510775862068966,17.0,8.974767708320525e-05,7.544069527707658e-05,27
I4210117164,0.00026939655172413793,2.0,0.0,3.51803598143475e-05,13
I4210117172,0.0005387931034482759,4.0,0.0,0.0003276491646337504,11
I4210117182,0.00026939655172413793,2.0,0.0,1.7736638898204747e-43,379
I4210117211,0.0005387931034482759,4.0,0.0,0.00025435891995753755,3
I4210117216,0.00026939655172413793,2.0,0.0,4.116102101847291e-05,4
I4210117246,0.0014816810344827585,11.0,0.0,0.00033213492053079605,1
I4210117265,0.00013469827586206896,1.0,0.0,0.00077447039739802,4
I4210117279,0.00013469827586206896,1.0,0.0,5.479945271712424e-06,17
I4210117307,0.00026939655172413793,2.0,0.0,1.0134891241421023e-05,17
I4210117418,0.0005387931034482759,4.0,0.0,0.00037715430521310266,0
I4210117425,0.0012122844827586207,19.0,0.0,0.002316753278498702,34
I4210117448,0.003232758620689655,24.0,0.0,0.0010869508223672808,13
I4210117450,0.0021551724137931034,18.0,2.2222886771621592e-05,0.0001570317244871054,6
I4210117453,0.015625,229.0,0.0003630023927473575,0.042451442379939884,0
I4210117485,0.0010775862068965517,8.0,0.0,0.0016767847856079105,4
I4210117499,0.0010775862068965517,9.0,0.0,0.001314836748446686,11
I4210117523,0.0004040948275862069,3.0,0.0,0.0001510007215118764,4
I4210117555,0.005657327586206897,42.0,0.0,0.0032794058194749783,3
I4210117557,0.0005387931034482759,4.0,0.0,0.00022287966236259976,0
I4210117582,0.0,0.0,0.0,1.6956061190283638e-53,380
I4210117600,0.0008081896551724138,6.0,0.0,0.0002487588565207055,13
I4210117728,0.0008081896551724138,6.0,0.0,0.0001805474079069332,21
I4210117750,0.0009428879310344827,7.0,1.0887641858714991e-07,0.00012133475565883274,3
I4210117802,0.0006734913793103449,5.0,0.0,0.0007368071007891657,17
I4210117825,0.0004040948275862069,3.0,0.0,0.0005018681724006316,4
I4210117911,0.009967672413793103,74.0,0.0,0.006904944637433569,11
I4210117923,0.0004040948275862069,3.0,0.0,0.00021390821200052666,2
I4210117955,0.0017510775862068966,13.0,0.0,0.0008398020187182833,24
I4210117980,0.0017510775862068966,13.0,0.0,0.0008398020187182833,24
I4210117998,0.00013469827586206896,1.0,0.0,3.5559437637325713e-47,381
I4210118062,0.0004040948275862069,3.0,0.0,0.00015667451629876748,6
I4210118119,0.003502155172413793,26.0,0.0007281654875108587,0.001092942889603488,4
I4210118176,0.0004040948275862069,3.0,0.0,1.9113108700564662e-06,13
I4210118181,0.00026939655172413793,2.0,0.0,5.323523209017305e-07,3
I4210118229,0.003636853448275862,28.0,4.113109146625663e-07,0.001124983951884783,13
I4210118244,0.0004040948275862069,3.0,0.0,7.283043200056026e-05,13
I4210118286,0.00013469827586206896,1.0,0.0,0.00020165548490957264,4
I4210118299,0.0010775862068965517,8.0,0.0,0.00027646956340379416,17
I4210118328,0.00013469827586206896,1.0,0.0,2.3819792065156376e-06,1
I4210118383,0.0014816810344827585,11.0,0.0,0.0002504733852280416,2
I4210118384,0.00013469827586206896,1.0,0.0,1.759246699908538e-06,13
I4210118385,0.0004040948275862069,3.0,0.0,7.457354575999289e-41,325
I4210118410,0.0005387931034482759,4.0,0.0,0.00016300480482481873,0
I4210118442,0.0012122844827586207,10.0,1.8146069764524985e-08,0.0006219929108582468,3
I4210118448,0.00013469827586206896,1.0,0.0,4.4234449448327556e-08,3
I4210118466,0.00026939655172413793,2.0,0.0,2.3191927497500374e-05,4
I4210118524,0.010641163793103448,79.0,3.383637142091759e-06,0.006979816812135717,11
I4210118556,0.0012122844827586207,9.0,0.0,0.0005082038815011031,17
I4210118560,0.0017510775862068966,14.0,7.621349301100493e-07,0.0025148616080252068,0
I4210118629,0.0004040948275862069,3.0,0.0,0.0011914891774475668,4
I4210118691,0.0009428879310344827,7.0,0.0,0.00040865681089702723,34
I4210118716,0.00026939655172413793,2.0,0.0,4.3834121415606946e-05,6
I4210118727,0.0014816810344827585,11.0,0.0,0.0004048247739903377,16
I4210118728,0.0021551724137931034,34.0,1.0887641858714991e-07,0.005020139218898085,4
I4210118729,0.0006734913793103449,5.0,0.0,1.2314384120122817e-05,13
I4210118731,0.0006734913793103449,5.0,2.1896257515860149e-07,0.0002187409503417246,0
I4210118772,0.0006734913793103449,5.0,0.0,0.00010240633749123627,13
I4210118837,0.0009428879310344827,12.0,0.0,0.0016455616056949192,0
I4210118911,0.00013469827586206896,1.0,0.0,1.2480189201372315e-05,0
I4210118921,0.00026939655172413793,2.0,0.0,3.753607415910909e-05,13
I4210118951,0.0006734913793103449,5.0,0.0,0.0002454784219693829,16
I4210118977,0.0009428879310344827,7.0,2.1775283717429981e-07,0.00015853985493928622,4
I4210119021,0.00013469827586206896,1.0,0.0,0.0003865013366659123,4
I4210119028,0.0006734913793103449,5.0,0.0,0.0011510871686391199,0
I4210119046,0.0009428879310344827,7.0,0.0,0.0012303018646455401,0
I4210119061,0.003502155172413793,30.0,2.160246400538688e-07,0.0006666304849561282,6
I4210119063,0.00026939655172413793,2.0,0.0,1.7736638898204747e-43,33
I4210119095,0.0004040948275862069,3.0,0.0,5.966285105199488e-05,6
I4210119109,0.014008620689655173,118.0,0.0007526771985487785,0.01506116798193781,0
I4210119117,0.004445043103448276,45.0,7.566179931486735e-08,0.0018258855301214912,17
I4210119130,0.0006734913793103449,5.0,0.0,0.0016216742089570696,4
I4210119138,0.0020204741379310346,15.0,0.0,0.0025212650902753345,0
I4210119174,0.0004040948275862069,3.0,0.0,5.460941347001105e-07,13
I4210119234,0.0026939655172413795,30.0,0.0,0.0017346986480727643,17
I4210119246,0.0005387931034482759,4.0,0.0,2.7751412876517693e-05,4
I4210119250,0.0013469827586206897,29.0,0.0,0.006626720284350916,0
I4210119257,0.00013469827586206896,1.0,0.0,6.557783459172754e-08,13
I4210119272,0.0010775862068965517,8.0,0.0,0.0012317653404629759,4
I4210119286,0.0037715517241379308,29.0,1.693633178022332e-07,0.003790135711009165,0
I4210119349,0.0,0.0,0.0,1.6956061190283638e-53,382
I4210119350,0.0005387931034482759,4.0,0.0,5.198572769277133e-05,34
I4210119369,0.0005387931034482759,4.0,0.0,3.7204181631167765e-06,13
I4210119392,0.0004040948275862069,3.0,0.0,0.001751451860800285,4
I4210119461,0.0020204741379310346,15.0,0.0,0.0007077796536218734,17
I4210119510,0.0014816810344827585,11.0,0.0,0.0008840075305278266,24
I4210119589,0.0004040948275862069,3.0,0.0,0.00020983939756315042,6
I4210119607,0.0006734913793103449,5.0,0.0,8.946920485961679e-05,21
I4210119728,0.0013469827586206897,10.0,0.0,0.0001652846266450991,13
I4210119759,0.003502155172413793,27.0,0.0,0.0024899301143042414,17
I4210119786,0.00013469827586206896,1.0,0.0,3.742763142697729e-05,13
I4210119853,0.00013469827586206896,1.0,0.0,1.9919782629288376e-05,21
I4210119896,0.004983836206896551,45.0,3.598970503297455e-07,0.002736989415752687,16
I4210119942,0.0,0.0,0.0,1.6956061190283638e-53,383
I4210119947,0.00013469827586206896,1.0,0.0,3.5559437637325713e-47,384
I4210119975,0.0004040948275862069,3.0,0.0,0.0001349564239358303,4
I4210119991,0.0005387931034482759,4.0,0.0002427944134493443,1.069690932671177e-05,1
I4210120004,0.0,0.0,0.0,1.6956061190283638e-53,385
I4210120015,0.00026939655172413793,2.0,0.0,1.706228082207036e-05,17
I4210120052,0.010910560344827586,81.0,0.0,0.005191661795350437,24
I4210120068,0.0016163793103448276,12.0,0.0,0.0022882086099773814,11
I4210120069,0.0004040948275862069,3.0,0.0,0.0008672703178240948,4
I4210120115,0.0005387931034482759,4.0,0.0,2.5812700140941608e-05,0
I4210120169,0.0004040948275862069,3.0,0.0,3.137818181444729e-05,4
I4210120196,0.0010775862068965517,8.0,0.0,1.5009486281432313e-05,21
I4210120221,0.008081896551724138,77.0,0.0016652121122782847,0.010119012224381262,0
I4210120228,0.0006734913793103449,5.0,0.0,0.00010113524745596072,13
I4210120238,0.0006734913793103449,7.0,0.0,0.0008698969141980923,4
I4210120242,0.0004040948275862069,4.0,0.0002427944134493443,1.9607351093004466e-05,2
I4210120266,0.00026939655172413793,2.0,0.0,2.3016379650283004e-05,11
I4210120282,0.00013469827586206896,1.0,0.0,1.5222798287419415e-06,4
I4210120363,0.0013469827586206897,10.0,0.00015529376261030876,0.0008074164355289107,4
I4210120373,0.0004040948275862069,3.0,0.0,0.00013189353486156775,21
I4210120419,0.00026939655172413793,2.0,0.0,0.0001446251579099558,4
I4210120442,0.00026939655172413793,2.0,0.0,0.00026838497775672713,4
I4210120471,0.0005387931034482759,4.0,0.00018280480295566494,0.00036548691494798347,6
I4210120477,0.00013469827586206896,1.0,0.0,0.00014382558399882436,0
I4210120485,0.010102370689655173,97.0,1.794559889855499e-05,0.024432130424818666,4
I4210120493,0.0009428879310344827,7.0,0.0,0.00020734661872587223,2
I4210120496,0.00013469827586206896,1.0,0.0,1.5609234022944885e-05,6
I4210120508,0.0009428879310344827,7.0,0.0,0.0002650113127000573,24
I4210120532,0.0004040948275862069,3.0,0.0,0.0003744220586653849,4
I4210120578,0.009967672413793103,74.0,0.0,0.006904944637433569,11
I4210120602,0.00026939655172413793,2.0,0.0002427944134493443,4.739946381899527e-06,13
I4210120609,0.0014816810344827585,11.0,0.0,0.00029998577087712907,17
I4210120624,0.0006734913793103449,7.0,3.629213952904997e-08,0.00048436418624252334,2
I4210120648,0.0006734913793103449,5.0,1.0887641858714991e-07,0.00013618855304315674,4
I4210120676,0.0009428879310344827,7.0,0.0,0.00025430083526136013,0
I4210120689,0.007004310344827586,126.0,0.0004930480713099094,0.006801000272284668,17
I4210120706,0.0006734913793103449,5.0,0.0,0.0014490369221459448,0
I4210120726,0.00026939655172413793,2.0,0.0,3.733351765083258e-05,24
I4210120757,0.0004040948275862069,3.0,0.0,0.0008988373779133867,2
I4210120768,0.00026939655172413793,2.0,0.0,4.174692828502528e-06,35
I4210120769,0.00013469827586206896,1.0,0.0,3.207729369723256e-05,13
I4210120792,0.00026939655172413793,2.0,0.0,6.106310367222203e-05,1
I4210120805,0.00026939655172413793,2.0,0.0,6.393103666912589e-05,13
I4210120842,0.0010775862068965517,10.0,0.0,0.0038428811843083553,4
I4210120885,0.00013469827586206896,1.0,0.0,8.24007368946812e-06,1
I4210120897,0.0,0.0,0.0,1.6956061190283638e-53,386
I4210120900,0.0009428879310344827,7.0,0.0,0.0006975794917860694,1
I4210120914,0.0004040948275862069,3.0,0.0,9.857652229608403e-08,34
I4210120929,0.004310344827586207,36.0,2.1775283717429983e-08,0.004236322406338234,4
I4210120932,0.00026939655172413793,2.0,0.0,0.00022343146316944587,0
I4210121044,0.0037715517241379308,28.0,0.0,0.000965162452379337,17
I4210121067,0.005522629310344827,44.0,5.746255425432911e-07,0.0038196090931075155,4
I4210121082,0.00026939655172413793,2.0,0.0,1.772155383817878e-05,0
I4210121083,0.0018857758620689654,19.0,0.0,0.0018087202660319645,0
I4210121117,0.003502155172413793,38.0,0.00024030421433704328,0.0008917415014989435,27
I4210121186,0.004849137931034483,38.0,6.98623685934212e-07,0.0037619880868227317,17
I4210121220,0.006330818965517241,47.0,0.0,0.0013235956301866408,1
I4210121240,0.00525323275862069,39.0,0.0,0.002881160501581851,1
I4210121272,0.00026939655172413793,2.0,0.0,4.046168293051247e-06,17
I4210121317,0.0008081896551724138,6.0,0.0,7.004140964456983e-05,13
I4210121368,0.0012122844827586207,9.0,0.0002337879141562183,0.0003635498808047135,34
I4210121405,0.0016163793103448276,15.0,0.0002431906026392031,0.0013078205998649992,13
I4210121412,0.0004040948275862069,3.0,0.0,3.351954666693165e-05,6
I4210121440,0.00013469827586206896,1.0,0.0,7.019531777646927e-07,1
I4210121447,0.0028286637931034483,24.0,0.0,0.0058462620884359535,4
I4210121459,0.0005387931034482759,4.0,0.0,5.303923833872049e-06,11
I4210121505,0.00013469827586206896,1.0,0.0,3.5559437637325713e-47,387
I4210121573,0.00026939655172413793,2.0,0.0,1.7736638898204747e-43,342
I4210121577,0.0005387931034482759,4.0,0.0,2.6654838539271886e-05,6
I4210121589,0.0,0.0,0.0,1.6956061190283638e-53,388
I4210121611,0.0075431034482758615,58.0,1.5315282881259089e-06,0.006010220019194835,0
I4210121647,0.00013469827586206896,1.0,0.0,1.1575675753011583e-06,11
I4210121678,0.0006734913793103449,5.0,0.0,0.00034245320076076776,4
I4210121739,0.0004040948275862069,3.0,0.0,0.0004992796259434437,2
I4210121761,0.0009428879310344827,7.0,0.0,0.0006410016651398322,4
I4210121771,0.003502155172413793,27.0,6.351124417583744e-07,0.004678631501137032,4
I4210121775,0.0045797413793103444,34.0,7.935881177018925e-06,0.0008817521385118643,6
I4210121786,0.0009428879310344827,8.0,0.0,0.001209680913829969,0
I4210121800,0.00525323275862069,47.0,1.91743470511814e-06,0.007400691053987587,17
I4210121828,0.0,0.0,0.0,1.6956061190283638e-53,389
I4210121834,0.00646551724137931,48.0,0.0,0.0027812560889173806,6
I4210121882,0.0037715517241379308,28.0,0.0,0.0016435347311756522,17
I4210121916,0.0005387931034482759,4.0,0.0,0.0007201944382573232,4
I4210121988,0.007408405172413793,75.0,0.008917107325514645,0.008030886717117502,0
I4210122016,0.0006734913793103449,11.0,0.0,0.00539284721927497,4
I4210122017,0.0013469827586206897,10.0,0.0,0.0001652846266450991,13
I4210122052,0.00013469827586206896,1.0,0.0,8.115400406059156e-09,11
I4210122071,0.0017510775862068966,13.0,0.0005474640664697881,0.002148474398777251,27
I4210122116,0.0005387931034482759,4.0,0.0,0.00016725355560257124,6
I4210122147,0.0010775862068965517,8.0,0.0,9.527180502999268e-05,16
I4210122148,0.0006734913793103449,5.0,0.0,7.751343979548296e-05,6
I4210122154,0.0,0.0,0.0,1.6956061190283638e-53,390
I4210122157,0.00026939655172413793,2.0,0.0,1.7736638898204747e-43,342
I4210122158,0.0004040948275862069,3.0,0.0,7.457354575999289e-41,60
I4210122181,0.00026939655172413793,2.0,0.0,8.180509675452732e-05,0
I4210122243,0.0004040948275862069,3.0,0.0,2.5517427767154755e-07,13
I4210122261,0.0006734913793103449,5.0,0.0,0.0003520820820061302,11
I4210122262,0.00026939655172413793,4.0,0.0,5.970015193522515e-05,17
I4210122302,0.006869612068965517,111.0,2.419475968603331e-08,0.04701699086002586,4
I4210122310,0.0013469827586206897,10.0,0.0,0.00106353445850797,11
I4210122368,0.00013469827586206896,1.0,0.0,4.164876543988933e-05,0
I4210122441,0.0,0.0,0.0,1.6956061190283638e-53,391
I4210122485,0.0005387931034482759,4.0,0.0,0.0002672936908238763,0
I4210122501,0.0004040948275862069,3.0,0.0,0.00025536639876003084,4
I4210122520,0.0016163793103448276,12.0,4.2643263946633714e-07,0.0008392069574049704,1
I4210122543,0.0021551724137931034,19.0,1.0143652998369466e-05,0.0006795864991704713,4
I4210122547,0.00525323275862069,39.0,4.3550567434859965e-06,0.0022520168931530822,4
I4210122570,0.006061422413793103,45.0,0.0,0.0032744004661706453,0
I4210122644,0.0004040948275862069,3.0,0.0,0.0009505845303368956,4
I4210122684,0.00013469827586206896,1.0,0.0,6.20177022911827e-05,21
I4210122729,0.0,0.0,0.0,1.6956061190283638e-53,392
I4210122818,0.0017510775862068966,13.0,0.0,0.0009602479609274262,17
I4210122844,0.005657327586206897,42.0,0.0,0.0032794058194749783,3
I4210122849,0.0006734913793103449,5.0,5.806742324647994e-07,6.128715029217338e-05,3
I4210122924,0.0,0.0,0.0,1.6956061190283638e-53,393
I4210122929,0.0006734913793103449,5.0,0.0,0.0007398166055411341,0
I4210122949,0.003636853448275862,37.0,6.598570823463631e-09,0.004073881039806484,4
I4210122952,0.0006734913793103449,5.0,0.0,0.00018494467096313969,1
I4210122954,0.0005387931034482759,5.0,0.0,0.00032293929996237515,2
I4210122962,0.0012122844827586207,10.0,1.754120077237415e-07,0.00045135981336605547,13
I4210122974,0.0004040948275862069,3.0,0.0,3.9796321590776275e-06,16
I4210123005,0.0004040948275862069,3.0,0.0,2.4855430643015106e-05,2
I4210123017,0.00013469827586206896,1.0,0.0,7.834925087701678e-05,24
I4210123028,0.0005387931034482759,4.0,0.0,5.6120699638763134e-05,1
I4210123059,0.0005387931034482759,4.0,0.0,0.0003629665797197545,0
I4210123080,0.00026939655172413793,2.0,0.0,0.00031123870757103153,2
I4210123095,0.0005387931034482759,5.0,0.0,0.0012370549955696103,4
I4210123126,0.00013469827586206896,1.0,0.0,1.0442400191712414e-07,17
I4210123151,0.00026939655172413793,2.0,0.0,0.00010061664010534544,0
I4210123185,0.013335129310344827,146.0,0.0008915859674652099,0.031586603699503314,4
I4210123225,0.0018857758620689654,14.0,6.532585115228994e-07,7.611678390252963e-05,1
I4210123235,0.0010775862068965517,14.0,4.2772878730666035e-08,0.0004537744769202239,2
I4210123258,0.00026939655172413793,2.0,0.0,1.7736638898204747e-43,394
I4210123264,0.0008081896551724138,6.0,0.0,0.0002484586229472062,2
I4210123295,0.00013469827586206896,1.0,0.0,4.710619792936419e-05,0
I4210123352,0.0006734913793103449,6.0,6.181761099781511e-07,9.754879664656127e-05,6
I4210123366,0.0018857758620689654,17.0,9.073034882262492e-09,0.001418134074783512,0
I4210123377,0.0008081896551724138,6.0,0.0,0.0016356934946704085,4
I4210123379,0.0,0.0,0.0,1.6956061190283638e-53,395
I4210123409,0.0017510775862068966,15.0,0.0,0.0017421894647189245,0
I4210123447,0.0006734913793103449,8.0,0.0,2.9792846468794057e-05,21
I4210123529,0.0,0.0,0.0,1.6956061190283638e-53,396
I4210123571,0.00026939655172413793,3.0,0.0,0.00019101807150561772,13
I4210123574,0.0004040948275862069,3.0,0.0,0.00031111398409082214,0
I4210123583,0.0008081896551724138,6.0,0.0,0.0007696590999821078,4
I4210123621,0.00013469827586206896,1.0,0.0,1.580684006550528e-45,157
I4210123632,0.0004040948275862069,3.0,0.0,0.0004029525838047156,16
I4210123679,0.0025592672413793103,19.0,0.0,0.0022013617896822118,4
I4210123686,0.005522629310344827,45.0,2.9336146119315393e-07,0.005947964492372864,4
I4210123817,0.0004040948275862069,3.0,0.0,0.00047105654204151375,4
I4210123907,0.0021551724137931034,19.0,3.50824015447483e-07,0.0009864131941873019,24
I4210123940,0.0008081896551724138,6.0,7.258427905809994e-08,0.0012305969589077642,4
I4210123971,0.0005387931034482759,4.0,0.0,0.001115843187540242,0
I4210123976,0.00026939655172413793,2.0,0.0,7.416172108495018e-05,3
I4210123992,0.0009428879310344827,7.0,0.0,0.0002570695473079145,11
I4210123993,0.00013469827586206896,1.0,0.0,3.5559437637325713e-47,397
I4210124028,0.00026939655172413793,2.0,0.0,4.842875444179537e-07,35
I4210124037,0.0005387931034482759,4.0,0.0,0.0002005367417830072,4
I4210124065,0.0004040948275862069,3.0,0.0,7.457354575999289e-41,301
I4210124072,0.0004040948275862069,3.0,0.0,9.395075621814084e-06,1
I4210124134,0.003636853448275862,41.0,7.2584279058099945e-09,0.009454703057464185,4
I4210124148,0.0006734913793103449,5.0,0.0,0.002073094030131332,4
I4210124175,0.013873922413793103,107.0,9.075627177943144e-06,0.011576730197842847,11
I4210124208,0.0009428879310344827,7.0,0.0,1.261023367408633e-05,13
I4210124246,0.0004040948275862069,3.0,3.629213952904997e-08,3.62779922007479e-06,105
I4210124274,0.00026939655172413793,2.0,0.0,0.0011831160512833412,4
I4210124318,0.00026939655172413793,2.0,0.0,1.4770242716035466e-05,16
I4210124331,0.0005387931034482759,4.0,1.4734608648794282e-06,7.102687556983152e-06,21
I4210124352,0.00026939655172413793,2.0,0.0,1.1883468967460432e-05,17
I4210124368,0.00026939655172413793,2.0,0.0,4.112256004474203e-06,13
I4210124436,0.0004040948275862069,3.0,0.0,0.0002513104823696943,0
I4210124522,0.0,0.0,0.0,1.6956061190283638e-53,398
I4210124531,0.0012122844827586207,9.0,0.0,0.00022989031159891573,4
I4210124557,0.006061422413793103,45.0,0.0,0.0032744004661706453,0
I4210124598,0.004445043103448276,44.0,2.419475968603331e-08,0.0071686901791551735,17
I4210124601,0.0012122844827586207,9.0,0.0,0.0016871731887383773,4
I4210124615,0.0004040948275862069,4.0,0.0,3.810473472487488e-06,13
I4210124651,0.00013469827586206896,1.0,0.0,3.5559437637325713e-47,397
I4210124714,0.002963362068965517,22.0,0.0,0.0004510581504262408,27
I4210124755,0.00026939655172413793,3.0,0.0,5.247529020452257e-05,0
I4210124799,0.0045797413793103444,43.0,2.811984098595609e-05,0.0020952287293238402,17
I4210124809,0.005657327586206897,49.0,3.992135348195497e-07,0.008081504359651107,4
I4210124815,0.00026939655172413793,2.0,0.0,1.2720246200301599e-06,6
I4210124851,0.0012122844827586207,9.0,0.0,0.0012991807580973555,24
I4210124868,0.0004040948275862069,3.0,0.0,0.00022243670031433526,2
I4210124900,0.0021551724137931034,16.0,0.0,0.001717005801205959,4
I4210124903,0.0,0.0,0.0,1.6956061190283638e-53,399
I4210124907,0.003367456896551724,25.0,0.0,0.00198614270411186,4
I4210124929,0.0005387931034482759,4.0,0.0,2.0639538181244317e-05,6
I4210124937,0.0014816810344827585,11.0,0.0,0.0009474063889060751,1
I4210124949,0.0018857758620689654,15.0,0.00043370921344191166,0.0028337277135519257,0
I4210124956,0.0010775862068965517,8.0,0.0,0.00023123538262736622,1
I4210124966,0.0004040948275862069,3.0,0.0,5.860576977796929e-06,13
I4210125013,0.0004040948275862069,12.0,0.0,0.00026035085910728283,21
I4210125051,0.0016163793103448276,12.0,0.0,0.0008726906919246997,34
I4210125092,0.0022898706896551722,20.0,1.9604046748607343e-06,4.876749411094854e-05,34
I4210125098,0.0014816810344827585,11.0,1.4296078629484942e-05,0.0007169583677010465,13
I4210125099,0.025323275862068964,234.0,0.0006150323335039732,0.0207357438399114,24
I4210125137,0.00013469827586206896,1.0,0.0,0.0001099765925285873,4
I4210125143,0.0013469827586206897,15.0,3.1392700692628224e-06,0.0011755085969546073,4
I4210125310,0.00013469827586206896,1.0,0.0,7.317621727123526e-05,4
I4210125312,0.0005387931034482759,4.0,0.0,0.00021004824994367573,0
I4210125326,0.005387931034482759,65.0,3.452437112583582e-06,0.005118009875785785,27
I4210125364,0.0037715517241379308,33.0,0.00026806369500304494,7.093363364678311e-05,34
I4210125398,0.0006734913793103449,5.0,0.0,0.0002615384230951115,11
I4210125402,0.00013469827586206896,1.0,0.0,0.00011927930481700464,4
I4210125507,0.0005387931034482759,4.0,0.0,7.553277668112211e-07,1
I4210125514,0.0010775862068965517,10.0,0.0004856069729684531,8.422759843348865e-05,13
I4210125521,0.00026939655172413793,2.0,0.0,0.00022424414266770953,0
I4210125549,0.00013469827586206896,1.0,0.0,1.729416778839504e-06,16
I4210125590,0.0013469827586206897,10.0,0.0,0.0012977654558915528,24
I4210125649,0.0006734913793103449,5.0,0.0,3.4698574533946025e-05,13
I4210125689,0.00013469827586206896,1.0,0.0,3.21708357095335e-05,16
I4210125713,0.0018857758620689654,14.0,2.1775283717429981e-07,0.0005020524295050846,24
I4210125787,0.00026939655172413793,2.0,0.0,0.0004010065847818353,0
I4210125796,0.00026939655172413793,4.0,0.0,0.0014847691479194084,17
I4210125814,0.0018857758620689654,14.0,0.0,0.000607818152533649,11
I4210125815,0.0037715517241379308,28.0,0.0,0.0016435347311756522,17
I4210125823,0.0005387931034482759,4.0,0.0,6.058439958318492e-07,21
I4210125838,0.0008081896551724138,6.0,0.0,0.0006599903382572721,4
I4210125843,0.006869612068965517,51.0,0.0,0.002824707655636154,6
I4210125878,0.008620689655172414,83.0,0.00013406618776527134,0.015013426384666316,4
I4210125919,0.00026939655172413793,2.0,0.0,1.5034211050235955e-06,16
I4210125929,0.010910560344827586,81.0,0.0,0.005191661795350437,24
I4210125976,0.0005387931034482759,4.0,0.0,0.0001432489471402614,0
I4210126054,0.0004040948275862069,3.0,0.0,7.701244317184818e-06,27
I4210126060,0.0005387931034482759,4.0,0.0,0.0003335720570017801,4
I4210126065,0.00013469827586206896,1.0,0.0,0.0005726220636460841,4
I4210126093,0.0005387931034482759,4.0,0.0,1.5856949211867998e-06,13
I4210126115,0.0010775862068965517,8.0,0.0,7.762836853832289e-05,6
I4210126245,0.0012122844827586207,9.0,0.0,0.0013487691790703908,0
I4210126298,0.007947198275862068,77.0,4.56071220081728e-06,0.004728145728007503,17
I4210126310,0.0037715517241379308,40.0,5.443820929357496e-07,0.0021831609994988994,17
I4210126319,0.013065732758620689,191.0,0.0006431013812054711,0.04078240098748221,4
I4210126328,0.00646551724137931,55.0,0.0008391740692953401,0.003439877971888038,34
I4210126337,0.0025592672413793103,19.0,1.8508991159815483e-06,0.0001707341869569806,6
I4210126360,0.0026939655172413795,29.0,0.00031840303746819834,0.0010633371074122507,1
I4210126371,0.00026939655172413793,2.0,0.0,0.00026490433545473576,4
I4210126375,0.0004040948275862069,3.0,0.0,0.0002616695455673181,24
I4210126395,0.0004040948275862069,3.0,0.0,0.0005626153924715806,0
I4210126452,0.004714439655172414,40.0,5.443820929357494e-08,0.0034447999105914635,16
I4210126461,0.0016163793103448276,12.0,0.0,6.393436678182572e-05,0
I4210126463,0.004040948275862069,40.0,4.7179781387764957e-07,0.0036705943387713674,16
I4210126476,0.0014816810344827585,21.0,4.838951937206662e-08,0.003068455401722454,0
I4210126499,0.00026939655172413793,2.0,0.0,0.0009263270738207299,4
I4210126505,0.0008081896551724138,6.0,0.00020215024152176912,7.35014490222612e-05,13
I4210126517,0.0018857758620689654,22.0,0.0,0.001516564355733608,17
I4210126530,0.0006734913793103449,5.0,0.0,0.00036744916281517866,4
I4210126580,0.004714439655172414,38.0,8.661723967599927e-06,0.005587636569317739,4
I4210126592,0.0013469827586206897,10.0,0.0,0.0011255131078147234,4
I4210126638,0.0006734913793103449,5.0,0.0,0.0013460970938721432,4
I4210126668,0.0005387931034482759,4.0,0.0,4.0808353279007264e-05,21
I4210126670,0.0004040948275862069,3.0,0.0,0.0007134474934052099,4
I4210126764,0.0020204741379310346,15.0,0.0,0.000409655794811449,24
I4210126829,0.0045797413793103444,43.0,0.00027226744980869786,0.00010752710662068734,35
I4210126846,0.00026939655172413793,2.0,0.0,2.6377435558348508e-05,0
I4210126879,0.00013469827586206896,1.0,0.0,3.0981814475283635e-06,1
I4210126907,0.006061422413793103,45.0,0.0,0.004461945720622674,17
I4210126926,0.00013469827586206896,1.0,0.0,1.4679862003009962e-06,1
I4210126929,0.0012122844827586207,9.0,0.0,0.001426691755534862,4
I4210126932,0.0,0.0,0.0,1.6956061190283638e-53,400
I4210126939,0.003502155172413793,28.0,0.0,0.0030514540588961812,21
I4210126996,0.00026939655172413793,2.0,0.0,1.7736638898204747e-43,305
I4210127031,0.00026939655172413793,4.0,0.0,5.865428499564924e-05,35
I4210127055,0.006196120689655173,61.0,9.785060736865646e-05,0.011373987308779074,0
I4210127074,0.006196120689655173,57.0,3.992135348195497e-07,0.007550239101387238,4
I4210127093,0.00013469827586206896,1.0,0.0,3.5559437637325713e-47,113
I4210127121,0.0008081896551724138,6.0,0.0,0.0010108684825350233,0
I4210127126,0.004714439655172414,38.0,0.0,0.004940912427622636,4
I4210127129,0.0005387931034482759,4.0,0.0,3.165819875506381e-05,6
I4210127199,0.0005387931034482759,4.0,0.0,2.9616984821540128e-06,34
I4210127216,0.0009428879310344827,7.0,0.0,0.0015336338585438438,4
I4210127218,0.00026939655172413793,2.0,0.0,8.149112628357086e-05,1
I4210127221,0.0004040948275862069,3.0,0.0,5.1467743524971776e-05,13
I4210127244,0.0,0.0,0.0,1.6956061190283638e-53,401
I4210127256,0.0004040948275862069,3.0,0.0002427944134493443,1.7398519343287123e-06,13
I4210127283,0.0005387931034482759,4.0,0.0,2.361825750191254e-05,1
I4210127304,0.0037715517241379308,30.0,6.048689921508329e-08,0.005817756766082213,4
I4210127308,0.00013469827586206896,1.0,0.0,9.492335751307538e-06,21
I4210127325,0.00013469827586206896,1.0,0.0,3.5559437637325713e-47,95
I4210127378,0.0,0.0,0.0,1.6956061190283638e-53,402
I4210127384,0.0004040948275862069,12.0,0.0,0.0017681571761389225,0
I4210127401,0.0018857758620689654,14.0,0.0,0.0011736292113123682,24
I4210127432,0.00013469827586206896,1.0,0.0,0.00077447039739802,4
I4210127441,0.0005387931034482759,4.0,0.0,2.6095962985174448e-05,13
I4210127460,0.003367456896551724,25.0,0.0,0.00198614270411186,4
I4210127473,0.012661637931034482,95.0,0.0,0.006736216420162177,24
I4210127478,0.00013469827586206896,1.0,0.0,3.5559437637325713e-47,403
I4210127487,0.0004040948275862069,3.0,0.0,0.0008953132330555553,4
I4210127509,0.014951508620689655,183.0,0.0003587248142229573,0.02423416212836349,0
I4210127558,0.0030980603448275863,27.0,2.1775283717429981e-07,0.0027361611028447978,0
I4210127572,0.0010775862068965517,11.0,4.536517441131246e-08,0.00018437102236442126,1
I4210127591,0.0024245689655172415,21.0,9.272641649672267e-06,0.0007631874163194065,17
I4210127599,0.00013469827586206896,1.0,0.0,0.0005915678120905763,4
I4210127603,0.0004040948275862069,3.0,0.0,6.654786583797841e-05,13
I4210127611,0.0016163793103448276,12.0,0.0,0.0015187560939271224,4
I4210127646,0.0020204741379310346,15.0,0.0,0.0010475022419270156,11
I4210127649,0.0016163793103448276,12.0,0.0,2.2495342449220267e-05,34
I4210127657,0.0018857758620689654,16.0,0.0,0.0006189324152666287,17
I4210127658,0.0013469827586206897,10.0,1.0887641858714991e-07,0.0016518772110379143,4
I4210127693,0.0022898706896551722,30.0,2.467865487975398e-06,0.005112606378019138,0
I4210127700,0.00026939655172413793,2.0,5.4438209293574954e-08,1.2245323896555442e-05,13
I4210127735,0.0012122844827586207,9.0,0.0,3.605567755184825e-06,16
I4210127738,0.00026939655172413793,2.0,0.0,1.4899101587285466e-05,1
I4210127743,0.00026939655172413793,2.0,0.0,1.9098174607497433e-06,13
I4210127762,0.0008081896551724138,6.0,0.0007281654875108586,9.644652502294172e-08,6
I4210127871,0.004445043103448276,33.0,0.0,0.0006184717896368957,3
I4210127875,0.014143318965517241,137.0,0.00172386150590507,0.019544640147301662,0
I4210127922,0.0004040948275862069,3.0,0.0,3.751499521075899e-06,13
I4210127938,0.0026939655172413795,24.0,0.0,0.002762562849711988,4
I4210128032,0.00026939655172413793,2.0,0.0,1.08328915095109e-05,4
I4210128042,0.00013469827586206896,1.0,0.0,8.533202742988357e-06,4
I4210128055,0.0004040948275862069,3.0,0.0,1.0696774544924448e-05,1
I4210128075,0.00013469827586206896,1.0,0.0,0.0001099765925285873,4
I4210128081,0.0012122844827586207,9.0,0.0,2.8079234475134577e-05,21
I4210128139,0.00646551724137931,50.0,4.4760305419161624e-07,0.0013757052210418552,1
I4210128154,0.00026939655172413793,2.0,0.0,0.0003957156439533633,24
I4210128169,0.003367456896551724,25.0,0.0,0.0006358096411627239,6
I4210128175,0.003367456896551724,26.0,0.0,0.005127098536308134,4
I4210128191,0.00013469827586206896,1.0,0.0,3.0399101170343348e-05,4
I4210128272,0.00013469827586206896,1.0,0.0,0.0003867627870239518,4
I4210128276,0.0024245689655172415,23.0,0.0003713944001325488,0.00020035767993234984,6
I4210128309,0.00026939655172413793,2.0,0.0,0.00012257375245493165,3
I4210128333,0.00013469827586206896,1.0,0.0,3.5559437637325713e-47,372
I4210128478,0.006196120689655173,48.0,1.965824224490207e-06,0.0030681767892771815,4
I4210128481,0.0010775862068965517,8.0,0.0,0.00048558961214080796,17
I4210128482,0.0008081896551724138,6.0,0.0,0.00225078443404835,4
I4210128483,0.00026939655172413793,2.0,0.0,0.0003725340924449042,16
I4210128490,0.0004040948275862069,3.0,0.0,4.940756494006694e-07,3
I4210128491,0.0006734913793103449,5.0,0.0,0.0014307839280862872,4
I4210128526,0.0013469827586206897,12.0,0.0,0.0010309063440805091,0
I4210128540,0.0012122844827586207,9.0,0.0,1.1928325645187577e-05,24
I4210128556,0.00013469827586206896,1.0,0.0,0.00015179971265691304,4
I4210128565,0.006330818965517241,67.0,0.00012338359649489544,0.004738442679707446,1
I4210128584,0.01710668103448276,159.0,0.0014681024168878196,0.018171122056851667,17
I4210128585,0.0017510775862068966,13.0,3.266292557614497e-07,0.002430938253852111,0
I4210128594,0.0005387931034482759,4.0,0.0,0.00025888030101379724,0
I4210128615,0.0010775862068965517,10.0,0.0,0.0008080145442873498,4
I4210128618,0.0024245689655172415,18.0,0.0,0.002093458731772295,0
I4210128628,0.0009428879310344827,7.0,0.0,0.0014128165982661598,4
I4210128646,0.00026939655172413793,2.0,0.0,1.1921932254343103e-06,0
I4210128676,0.00013469827586206896,1.0,0.0,0.00036411768315699236,0
I4210128712,0.00013469827586206896,1.0,0.0,3.5559437637325713e-47,334
I4210128801,0.0013469827586206897,11.0,0.00024636314050303416,0.001241700108356463,13
I4210128808,0.00013469827586206896,1.0,0.0,1.6877838300940638e-06,13
I4210128818,0.004175646551724138,64.0,6.714045812874245e-07,0.031620084204629716,4
I4210128819,0.00013469827586206896,1.0,0.0,0.00011591298687204635,0
I4210128847,0.009967672413793103,74.0,0.0,0.006904944637433569,11
I4210128853,0.0005387931034482759,4.0,0.0,0.00014119738577680915,4
I4210128866,0.00026939655172413793,2.0,0.0,1.7736638898204747e-43,305
I4210128910,0.0051185344827586205,68.0,1.8146069764524982e-07,0.02522417992374423,4
I4210128921,0.013739224137931034,136.0,1.319824140873117e-06,0.025547559471450914,4
I4210128947,0.00013469827586206896,1.0,0.0,9.208149774960121e-05,17
I4210128965,0.0008081896551724138,6.0,0.0,5.963239393847063e-05,13
I4210128994,0.006330818965517241,47.0,0.0,0.0013235956301866408,1
I4210129011,0.0008081896551724138,7.0,1.2097379843016655e-07,5.2315302057910175e-05,17
I4210129030,0.00026939655172413793,2.0,0.0,1.3065691989069073e-05,6
I4210129059,0.00013469827586206896,1.0,0.0,9.810274397917574e-05,11
I4210129090,0.0008081896551724138,6.0,0.0,0.0007334722523726092,11
I4210129145,0.0004040948275862069,3.0,0.0,0.00015537893289989347,1
I4210129183,0.0008081896551724138,6.0,0.0,0.00035936176871641956,17
I4210129185,0.0,0.0,0.0,1.6956061190283638e-53,404
I4210129199,0.0009428879310344827,7.0,0.0,0.0005893849819333192,4
I4210129200,0.0005387931034482759,4.0,0.0,3.8675924366696344e-05,6
I4210129222,0.0006734913793103449,5.0,0.0,0.0005135414181827037,4
I4210129267,0.00013469827586206896,1.0,0.0,1.3310334269659843e-06,165
I4210129357,0.0022898706896551722,17.0,2.8834104855830208e-05,0.0001517937318689295,34
I4210129365,0.0013469827586206897,10.0,0.0,9.153531685873572e-06,6
I4210129376,0.00026939655172413793,2.0,0.0,1.3121775982761266e-05,0
I4210129394,0.0004040948275862069,3.0,0.0,0.00019650634194449734,1
I4210129405,0.0008081896551724138,9.0,1.9908237036559126e-05,7.237597163282472e-06,6
I4210129412,0.0030980603448275863,23.0,0.0,0.0010929013148929846,4
I4210129425,0.00026939655172413793,2.0,0.0,2.1056056722886778e-06,4
I4210129459,0.0010775862068965517,9.0,0.0,0.00043004904255179754,4
I4210129493,0.00013469827586206896,1.0,0.0,0.0008331638165516809,4
I4210129520,0.0005387931034482759,4.0,0.0,1.5856949211867998e-06,13
I4210129564,0.0005387931034482759,4.0,0.0,4.0075756102030634e-05,6
I4210129566,0.0005387931034482759,4.0,0.0,0.0004905857438149319,17
I4210129636,0.00013469827586206896,1.0,0.0,3.5559437637325713e-47,405
I4210129656,0.00026939655172413793,2.0,0.0,3.365296488240204e-05,21
I4210129665,0.00013469827586206896,1.0,0.0,3.5559437637325713e-47,406
I4210129763,0.0012122844827586207,9.0,0.0,0.000710059316121102,17
I4210129766,0.00013469827586206896,1.0,0.0,3.5559437637325713e-47,186
I4210129778,0.009967672413793103,74.0,0.0,0.006904944637433569,11
I4210129794,0.0010775862068965517,8.0,0.0,0.0004883803006909775,2
I4210129883,0.0005387931034482759,4.0,0.0,6.98724476470352e-05,17
I4210129924,0.0004040948275862069,3.0,0.0,0.00011158661139980422,21
I4210130048,0.0014816810344827585,11.0,0.0,0.0013449364471413584,4
I4210130063,0.0006734913793103449,5.0,0.0,0.0010340768987683632,0
I4210130112,0.0021551724137931034,16.0,0.0,0.0033566187639223416,4
I4210130147,0.0,0.0,0.0,1.6956061190283638e-53,407
I4210130148,0.0005387931034482759,4.0,0.0,0.00010618811694292005,4
I4210130157,0.0013469827586206897,10.0,3.4175098056522054e-07,0.001510197143521442,6
I4210130184,0.0,0.0,0.0,1.6956061190283638e-53,408
I4210130191,0.0006734913793103449,5.0,0.0,6.043189086529709e-05,13
I4210130200,0.00026939655172413793,2.0,0.0,0.00036541748186941214,0
I4210130203,0.00013469827586206896,1.0,0.0,3.608126032896844e-05,1
I4210130318,0.0,0.0,0.0,1.6956061190283638e-53,409
I4210130346,0.0005387931034482759,4.0,0.0,1.5856949211867998e-06,13
I4210130415,0.0009428879310344827,7.0,0.0,1.806677516393186e-08,13
I4210130445,0.007408405172413793,63.0,4.559895627677876e-05,0.006776258562446064,17
I4210130456,0.0,0.0,0.0,1.6956061190283638e-53,410
I4210130461,0.0018857758620689654,19.0,0.0,0.0018087202660319645,0
I4210130476,0.0009428879310344827,7.0,3.992135348195497e-07,3.2926611999286714e-05,16
I4210130532,0.0004040948275862069,3.0,0.0,7.457354575999289e-41,60
I4210130533,0.0009428879310344827,7.0,0.0,0.00023362626521143917,16
I4210130572,0.0006734913793103449,5.0,0.0,0.00012770201722560773,3
I4210130642,0.0004040948275862069,3.0,0.0,4.93329232083866e-05,0
I4210130649,0.003636853448275862,38.0,7.040675068635695e-06,0.001674031332757627,34
I4210130660,0.00013469827586206896,1.0,0.0,4.519667659009891e-06,4
I4210130692,0.0004040948275862069,3.0,0.0,0.0002494323954846647,4
I4210130704,0.00026939655172413793,2.0,0.0,0.00020428213216425179,6
I4210130807,0.007947198275862068,59.0,0.0,0.006164370490298715,11
I4210130863,0.0005387931034482759,4.0,0.0,0.00027235653865975576,3
I4210130930,0.0017510775862068966,15.0,0.0,0.003101206441081682,4
I4210130954,0.00026939655172413793,2.0,0.0,1.7736638898204747e-43,394
I4210130959,0.0004040948275862069,3.0,0.0,9.207269200329104e-05,2
I4210131026,0.0024245689655172415,29.0,1.8146069764524985e-08,0.008619264092974746,16
I4210131033,0.0,0.0,0.0,1.6956061190283638e-53,411
I4210131058,0.0004040948275862069,3.0,0.0,3.0429007882019242e-05,6
I4210131125,0.00026939655172413793,2.0,0.0,0.0004086985402990009,4
I4210131147,0.0024245689655172415,25.0,8.434984505399386e-05,0.00043560577728895053,13
I4210131167,0.0008081896551724138,6.0,5.080899534066996e-07,0.00012127280030339754,4
I4210131207,0.0009428879310344827,7.0,0.0004855162426196305,1.4097995397440963e-05,2
I4210131230,0.00013469827586206896,1.0,0.0,1.0356459847624682e-05,3
I4210131232,0.00013469827586206896,2.0,0.0,1.7736638898204747e-43,315
I4210131271,0.00013469827586206896,1.0,0.0,3.5559437637325713e-47,412
I4210131288,0.00026939655172413793,2.0,0.0,1.7736638898204747e-43,30
I4210131308,0.0005387931034482759,4.0,0.0,0.00040554190752605944,34
I4210131313,0.0013469827586206897,10.0,0.0,0.001883292041530844,0
I4210131320,0.0,0.0,0.0,1.6956061190283638e-53,413
I4210131323,0.00013469827586206896,1.0,0.0,3.5559437637325713e-47,403
I4210131342,0.0005387931034482759,4.0,1.0887641858714991e-07,2.029365469729974e-05,4
I4210131356,0.0008081896551724138,6.0,0.0,5.407797526135299e-05,1
I4210131358,0.0006734913793103449,5.0,0.0,0.000313597234560699,0
I4210131376,0.0008081896551724138,6.0,0.0,0.0004753737830078773,24
I4210131377,0.0012122844827586207,9.0,0.0,0.00010671279400260687,1
I4210131439,0.010237068965517241,76.0,0.0,0.007019860957105118,11
I4210131448,0.0004040948275862069,3.0,0.0,7.18693771309177e-05,0
I4210131537,0.007947198275862068,63.0,5.87990554974144e-05,0.0010293766223894512,13
I4210131560,0.0006734913793103449,5.0,0.0002427944134493443,0.00019736490070263309,1
I4210131585,0.00026939655172413793,2.0,0.0,1.6813410584452203e-05,34
I4210131601,0.0005387931034482759,4.0,0.0,6.651740681746077e-06,35
I4210131602,0.00026939655172413793,2.0,0.0,1.4978765557759837e-07,11
I4210131620,0.00026939655172413793,2.0,0.0,2.8776459767153426e-05,27
I4210131650,0.0009428879310344827,7.0,0.0,0.00018340332638063934,24
I4210131673,0.00013469827586206896,1.0,0.0,3.5559437637325713e-47,414
I4210131712,0.0006734913793103449,5.0,0.0,0.0010393913162720157,24
I4210131804,0.0012122844827586207,9.0,0.0014925408523678342,0.0008723478006295803,0
I4210131846,0.0025592672413793103,19.0,5.080899534066996e-07,0.002122451101426511,16
I4210131870,0.0013469827586206897,11.0,0.0,0.0015977063481177481,4
I4210131871,0.0012122844827586207,9.0,0.0,0.00034760802764552217,17
I4210131893,0.0009428879310344827,7.0,0.0,0.00027471016920253106,4
I4210131908,0.00013469827586206896,1.0,0.0,2.712329427942745e-06,2
I4210131919,0.0017510775862068966,15.0,8.277027288591995e-06,0.0003821183548238844,13
I4210131959,0.0004040948275862069,3.0,0.00013237035506364118,1.955722951622049e-05,13
I4210131964,0.00026939655172413793,2.0,0.0,3.683512535335203e-11,13
I4210131997,0.0,0.0,0.0,1.6956061190283638e-53,415
I4210132153,0.00026939655172413793,2.0,0.0,0.00015443969252149943,11
I4210132175,0.00013469827586206896,1.0,0.0,1.580684006550528e-45,136
I4210132242,0.0016163793103448276,12.0,0.0,0.00042994058048168065,24
I4210132248,0.00013469827586206896,1.0,0.0,1.491856260392882e-10,13
I4210132327,0.0006734913793103449,5.0,0.0,0.0004858547281717065,0
I4210132355,0.003232758620689655,27.0,1.8794143684686592e-07,0.004654268304511383,4
I4210132358,0.0006734913793103449,5.0,0.0,0.00016136993471105505,3
I4210132431,0.0013469827586206897,10.0,0.0,2.3124625802516504e-05,34
I4210132454,0.00013469827586206896,1.0,0.0,9.492335751307538e-06,21
I4210132500,0.0005387931034482759,4.0,0.0,0.0002302575790837891,2
I4210132506,0.0012122844827586207,9.0,0.0,1.1928325645187577e-05,24
I4210132539,0.00026939655172413793,2.0,0.0,1.7736638898204747e-43,270
I4210132578,0.0024245689655172415,20.0,0.0,0.0007456184433122097,17
I4210132580,0.00013469827586206896,1.0,0.0,3.917997104857551e-06,1
I4210132586,0.00013469827586206896,1.0,0.0,4.8495775937719136e-05,24
I4210132590,0.00026939655172413793,2.0,0.0,2.4288733211421603e-06,6
I4210132595,0.0,0.0,0.0,1.6956061190283638e-53,416
I4210132596,0.004445043103448276,44.0,7.258427905809994e-07,0.004170716800874189,0
I4210132604,0.0008081896551724138,6.0,0.0,3.837257594167699e-05,6
I4210132619,0.0009428879310344827,7.0,0.0,1.619381020495137e-05,1
I4210132651,0.0,0.0,0.0,1.6956061190283638e-53,417
I4210132672,0.0021551724137931034,16.0,0.0,0.002450864014936952,0
I4210132687,0.0004040948275862069,3.0,0.0,3.219801012410981e-08,13
I4210132712,0.00013469827586206896,1.0,0.0,6.381739122157864e-08,16
I4210132741,0.0030980603448275863,28.0,3.024344960754164e-08,0.0034312272988976495,4
I4210132813,0.0024245689655172415,19.0,3.266292557614497e-07,0.002269611522798601,4
I4210132817,0.00013469827586206896,1.0,0.0,2.3514941674659058e-06,13
I4210132841,0.0025592672413793103,19.0,0.0,0.0022013617896822118,4
I4210132906,0.0030980603448275863,28.0,3.024344960754164e-08,0.0034312272988976495,4
I4210132948,0.0008081896551724138,6.0,0.0,0.0019840613136453576,4
I4210132950,0.007004310344827586,55.0,3.5687270536899133e-07,0.012446800716227223,4
I4210132968,0.00026939655172413793,2.0,0.0,7.499352131014968e-07,1
I4210132990,0.00026939655172413793,2.0,0.0,1.3848447245287418e-06,16
I4210133003,0.0028286637931034483,21.0,0.0,0.004448836854956976,4
I4210133016,0.00026939655172413793,2.0,0.0,8.296196523915273e-05,4
I4210133081,0.006330818965517241,47.0,0.0,0.0013235956301866408,1
I4210133112,0.0006734913793103449,5.0,0.0,0.0005479228479648443,0
I4210133171,0.00026939655172413793,2.0,0.0,6.897681554062181e-05,11
I4210133173,0.0008081896551724138,8.0,0.0,0.0004966421020921155,0
I4210133197,0.0005387931034482759,4.0,0.0,5.7640815782391465e-06,21
I4210133247,0.0008081896551724138,6.0,0.0,0.0001030865033027859,0
I4210133257,0.00026939655172413793,2.0,0.0,8.646922830480312e-07,13
I4210133311,0.0006734913793103449,5.0,0.0,7.801064428050645e-05,13
I4210133325,0.0016163793103448276,12.0,0.00022054491244206812,0.0010510912673302607,1
I4210133331,0.0013469827586206897,10.0,0.0,0.0006106828816613703,0
I4210133362,0.009698275862068966,74.0,6.895506510519493e-07,0.0071863992724569585,11
I4210133369,0.0005387931034482759,4.0,0.0,0.001938829695573408,4
I4210133377,0.0009428879310344827,7.0,0.0,0.0008250662992079377,1
I4210133436,0.0021551724137931034,17.0,0.0,0.0050731031294601004,4
I4210133469,0.0026939655172413795,20.0,0.0,0.001799188174477763,1
I4210133505,0.00026939655172413793,2.0,0.0,0.0011763894939528167,4
I4210133525,0.0006734913793103449,5.0,0.0,0.0016856297115996075,4
I4210133534,0.0008081896551724138,6.0,0.0,6.857500598206205e-05,17
I4210133611,0.00013469827586206896,1.0,0.0,9.625441305495808e-05,0
I4210133638,0.0005387931034482759,4.0,3.0949331721381664e-05,3.742603212137003e-05,24
I4210133661,0.0004040948275862069,3.0,0.0,0.00020735490511864465,0
I4210133678,0.0016163793103448276,12.0,0.0,0.00018884291678925087,4
I4210133696,0.0008081896551724138,6.0,0.0,4.845001569509216e-08,2
I4210133758,0.00013469827586206896,1.0,0.0,7.531584028515626e-07,6
I4210133769,0.00026939655172413793,2.0,0.0,3.503323727008026e-05,24
I4210133785,0.003367456896551724,29.0,5.322847130927328e-08,0.007325937016310658,4
I4210133796,0.0009428879310344827,7.0,0.0,0.0008289149534468685,0
I4210133846,0.0016163793103448276,13.0,3.629213952904997e-08,0.002608420707721525,17
I4210133851,0.011314655172413793,84.0,5.183727262732637e-06,0.005205343312835683,24
I4210133866,0.00013469827586206896,1.0,0.0,4.24319512329151e-07,3
I4210133882,0.0004040948275862069,3.0,0.0,9.619831608020567e-06,4
I4210133912,0.0009428879310344827,7.0,0.0,0.00012731935092412519,1
I4210133934,0.00026939655172413793,2.0,0.0,4.74142014802041e-05,17
I4210133939,0.00026939655172413793,2.0,0.0,4.9395825077001015e-05,3
I4210133958,0.00013469827586206896,1.0,0.0,3.5559437637325713e-47,418
I4210133959,0.0005387931034482759,4.0,0.0,0.0007011304931229588,4
I4210133976,0.0010775862068965517,8.0,0.0,0.0006236521977921101,24
I4210133992,0.00013469827586206896,1.0,0.0,2.254165176293329e-06,34
I4210133994,0.0005387931034482759,4.0,0.0,0.000127586220883058,17
I4210134002,0.0006734913793103449,6.0,0.0,0.00046413362488095924,4
I4210134004,0.0006734913793103449,5.0,0.0,7.751343979548296e-05,6
I4210134124,0.0,0.0,0.0,1.6956061190283638e-53,419
I4210134158,0.006061422413793103,45.0,0.0,0.004461945720622674,17
I4210134189,0.003232758620689655,24.0,0.0,0.00013527068020814296,13
I4210134201,0.0017510775862068966,15.0,3.220927383203185e-06,0.0002019290363285075,6
I4210134249,0.0013469827586206897,13.0,2.3589890693882479e-07,0.00012889926926340227,17
I4210134275,0.00026939655172413793,2.0,0.0,0.00012955801480042127,4
I4210134419,0.00013469827586206896,1.0,0.0,1.6466607035143585e-05,4
I4210134421,0.0013469827586206897,10.0,0.0,0.00020251063216688772,17
I4210134473,0.0004040948275862069,3.0,0.0,2.441116058210555e-05,17
I4210134505,0.004849137931034483,36.0,0.0001254767600438759,0.0006221271863934758,3
I4210134516,0.00026939655172413793,2.0,0.0,1.7736638898204747e-43,379
I4210134523,0.00013469827586206896,2.0,0.0,1.6895216953018939e-06,4
I4210134534,0.0026939655172413795,21.0,1.6331462788072485e-07,0.0015297320290677291,1
I4210134550,0.006061422413793103,45.0,0.0,0.004461945720622674,17
I4210134562,0.0004040948275862069,3.0,0.0,0.00015539590164752215,1
I4210134579,0.011449353448275862,151.0,2.8179982245747083e-06,0.03204115701835357,0
I4210134591,0.0021551724137931034,19.0,0.00011966939844859325,0.0005162608304530436,21
I4210134607,0.0018857758620689654,14.0,1.6186294229956287e-05,0.0026185335453915697,4
I4210134622,0.0016163793103448276,12.0,0.0,0.0008307590599370419,34
I4210134673,0.009967672413793103,74.0,0.0,0.006904944637433569,11
I4210134705,0.0008081896551724138,6.0,0.0,4.6819432704650146e-05,13
I4210134754,0.0004040948275862069,3.0,0.0,6.078403493185651e-08,13
I4210134763,0.00013469827586206896,1.0,0.0,8.624683215385754e-05,0
I4210134769,0.00646551724137931,67.0,4.4357059424394404e-07,0.007833590804520344,0
I4210134772,0.0006734913793103449,5.0,0.0,7.17734029446964e-05,21
I4210134778,0.0004040948275862069,3.0,0.0002427944134493443,6.417317774962057e-05,1
I4210134795,0.00026939655172413793,2.0,0.0002427944134493443,1.8350696347296637e-05,1
I4210134847,0.00013469827586206896,1.0,0.0,1.4930163832902503e-05,21
I4210134900,0.0012122844827586207,9.0,0.0,0.0005808866438983953,24
I4210134929,0.0030980603448275863,39.0,0.00024201413244946972,0.010349339049569587,4
I4210134970,0.00026939655172413793,2.0,0.0,0.000697183561496231,4
I4210134973,0.0018857758620689654,14.0,0.0,0.0013547857504930248,11
I4210134982,0.0006734913793103449,5.0,0.0,0.002073094030131332,4
I4210135031,0.0013469827586206897,10.0,0.0,0.0012081287099744654,0
I4210135052,0.0005387931034482759,4.0,0.0,0.00019755265548069924,4
I4210135055,0.0010775862068965517,8.0,0.0,1.5009486281432313e-05,21
I4210135124,0.0006734913793103449,5.0,0.0,2.5998147305450868e-05,17
I4210135132,0.00013469827586206896,1.0,0.0,2.195232809121116e-06,4
I4210135161,0.0009428879310344827,7.0,0.0,1.261023367408633e-05,13
I4210135175,0.0004040948275862069,3.0,0.0,0.0012532136505041722,4
I4210135252,0.0037715517241379308,47.0,1.0161799068133992e-06,0.007479334851794134,0
I4210135293,0.00013469827586206896,1.0,0.0,1.1222275313983884e-05,0
I4210135308,0.0004040948275862069,3.0,0.0,7.457354575999289e-41,301
I4210135422,0.0005387931034482759,4.0,0.0,0.0017462028826022227,4
I4210135439,0.0006734913793103449,5.0,0.0,0.00016880802456326708,3
I4210135449,0.00026939655172413793,2.0,0.0002427944134493443,1.9300010352339765e-05,13
I4210135459,0.0045797413793103444,80.0,0.00014070764929908938,0.012817598888895915,4
I4210135483,0.0,0.0,0.0,1.6956061190283638e-53,420
I4210135511,0.0006734913793103449,5.0,0.0,5.793392030391524e-05,24
I4210135521,0.0030980603448275863,23.0,0.0,0.003753905257035244,0
I4210135640,0.0012122844827586207,9.0,0.0,0.0002639529544148831,1
I4210135642,0.00026939655172413793,2.0,0.0,1.7736638898204747e-43,150
I4210135653,0.00026939655172413793,2.0,0.0,0.0005455353495006622,4
I4210135665,0.0004040948275862069,3.0,0.0,0.00011343218770838514,6
I4210135670,0.007139008620689655,63.0,5.153483813125095e-07,0.009038549367063043,0
I4210135679,0.0013469827586206897,10.0,0.0,0.0020617568029761457,4
I4210135709,0.00026939655172413793,3.0,0.0,4.8229843594191804e-06,1
I4210135723,0.0004040948275862069,3.0,0.0,0.0007904290463932125,4
I4210135742,0.01050646551724138,87.0,3.995764562148402e-06,0.012435759386459473,4
I4210135837,0.01670258620689655,139.0,2.9271006381699147e-06,0.013783635304311318,11
I4210135888,0.0008081896551724138,6.0,0.0,0.0002219187739258563,4
I4210135908,0.00026939655172413793,2.0,0.0,1.0616203038318105e-06,13
I4210135925,0.00026939655172413793,2.0,0.0,1.7736638898204747e-43,169
I4210135979,0.00026939655172413793,2.0,0.0,3.796536381313509e-05,4
I4210135981,0.00013469827586206896,1.0,0.0,1.7845263321334852e-06,1
I4210135985,0.003636853448275862,28.0,8.468165890111659e-08,0.004274526694027622,4
I4210135988,0.00026939655172413793,2.0,0.0,7.3726130206144815e-06,4
I4210135994,0.0008081896551724138,6.0,1.0887641858714991e-07,0.00018374664459979193,4
I4210136001,0.00013469827586206896,1.0,0.0,2.575112407567149e-05,2
I4210136069,0.0021551724137931034,16.0,0.0,0.001917627521387217,0
I4210136115,0.0,0.0,0.0,1.6956061190283638e-53,421
I4210136150,0.0013469827586206897,12.0,9.095587854684114e-06,0.000377602132201762,1
I4210136188,0.0012122844827586207,9.0,0.0,0.00038460845500357495,0
I4210136238,0.00013469827586206896,1.0,0.0,4.68404520181535e-05,17
I4210136246,0.0024245689655172415,26.0,1.0887641858714991e-07,0.005674825763776407,4
I4210136249,0.00013469827586206896,1.0,0.0,3.5559437637325713e-47,367
I4210136294,0.0009428879310344827,7.0,0.0,0.0006477006363645875,11
I4210136301,0.00026939655172413793,2.0,0.0,9.020689411172357e-05,0
I4210136328,0.0009428879310344827,7.0,0.0,0.0002504354772136014,17
I4210136334,0.0020204741379310346,15.0,0.0,3.551181335263707e-05,35
I4210136355,0.0037715517241379308,28.0,0.0,0.0016435347311756522,17
I4210136376,0.0017510775862068966,17.0,2.8261568357160312e-05,0.0010975251034967127,1
I4210136380,0.00026939655172413793,2.0,0.0,2.0557336863917892e-06,6
I4210136431,0.0008081896551724138,7.0,4.476030541916163e-07,0.0008362781824491016,4
I4210136457,0.0004040948275862069,3.0,0.0,0.00014977507495528907,24
I4210136460,0.002963362068965517,22.0,0.0,0.001496150039645886,6
I4210136461,0.0025592672413793103,25.0,0.0,0.0018656167769304424,0
I4210136473,0.0013469827586206897,10.0,0.0,0.00020544247736192792,1
I4210136497,0.004445043103448276,41.0,2.1321631973316857e-06,0.009627725020758092,4
I4210136517,0.00026939655172413793,2.0,0.0,0.00014841677585035115,24
I4210136518,0.00013469827586206896,1.0,0.0,2.1614921466283776e-08,2
I4210136522,0.0013469827586206897,10.0,0.0,9.153531685873572e-06,6
I4210136596,0.0018857758620689654,14.0,0.0,0.002242952784081114,4
I4210136752,0.0005387931034482759,4.0,0.0,0.00019834418550305276,4
I4210136757,0.00026939655172413793,2.0,0.0,4.788263461994e-05,13
I4210136791,0.0010775862068965517,8.0,0.0,0.0007857774261419351,1
I4210136793,0.014547413793103448,217.0,0.004954961575818246,0.05997106589649595,4
I4210136798,0.00026939655172413793,2.0,0.0,0.00015719187131789874,6
I4210136804,0.00026939655172413793,2.0,0.0,0.0003296202118573804,17
I4210136859,0.0008081896551724138,6.0,0.0,0.0009312970245707211,4
I4210136873,0.0004040948275862069,3.0,0.0,3.832814093221241e-05,6
I4210136895,0.0006734913793103449,5.0,0.0,0.000207280296258377,0
I4210136987,0.0012122844827586207,9.0,0.0,0.0002123395017873578,16
I4210137002,0.00026939655172413793,4.0,0.0,3.624235836420154e-06,21
I4210137009,0.00026939655172413793,2.0,0.0,1.6017055838142435e-06,4
I4210137016,0.00026939655172413793,2.0,0.0,0.0005747445461989577,4
I4210137033,0.0010775862068965517,8.0,0.0,0.0007013200418081237,16
I4210137075,0.0008081896551724138,6.0,0.0,4.4012987469683426e-05,1
I4210137086,0.00026939655172413793,2.0,0.0,1.7736638898204747e-43,231
I4210137115,0.0004040948275862069,3.0,0.0,0.0005856934226288978,0
I4210137137,0.00026939655172413793,2.0,0.0,0.00013424872159506807,4
I4210137145,0.006869612068965517,70.0,4.7179781387764957e-07,0.009703765247496025,17
I4210137146,0.0010775862068965517,8.0,0.0,0.002150723162564909,4
I4210137148,0.00026939655172413793,2.0,0.0,1.6893710905430117e-05,3
I4210137149,0.0004040948275862069,12.0,0.0,0.0017681571761389225,0
I4210137154,0.0014816810344827585,11.0,0.0,0.0023650219356330816,0
I4210137180,0.00026939655172413793,2.0,0.0,0.0011412925526463737,4
I4210137199,0.007677801724137931,133.0,0.0002752770880658284,0.05075723000832103,4
I4210137217,0.0004040948275862069,3.0,0.0,0.00043891780781398876,13
I4210137229,0.0004040948275862069,3.0,0.0,1.1664096843244762e-05,0
I4210137247,0.00026939655172413793,2.0,0.0,1.7736638898204747e-43,79
I4210137263,0.0004040948275862069,3.0,0.0,4.940756494006694e-07,3
I4210137306,0.02599676724137931,353.0,0.0037210414044646,0.06899310313822755,0
I4210137309,0.005657327586206897,42.0,0.0,0.0032794058194749783,3
I4210137357,0.00026939655172413793,3.0,0.0,0.0003023649229097603,11
I4210137377,0.00026939655172413793,2.0,0.0,5.9034504589614366e-05,11
I4210137384,0.0017510775862068966,13.0,0.0001958805151885577,0.00025384747420695254,34
I4210137396,0.0013469827586206897,11.0,3.629213952904997e-08,0.0010150276630935054,16
I4210137409,0.0016163793103448276,12.0,0.0,0.00035287611755472823,6
I4210137436,0.0,0.0,0.0,1.6956061190283638e-53,422
I4210137452,0.0004040948275862069,3.0,0.0,5.21774275291073e-05,4
I4210137456,0.00026939655172413793,2.0,0.0,0.0009401824254450477,0
I4210137488,0.0004040948275862069,3.0,0.0,0.00015430922133941516,6
I4210137491,0.0010775862068965517,9.0,0.0,0.0010827472196960136,4
I4210137501,0.0004040948275862069,6.0,0.0,0.0018140992110078993,0
I4210137550,0.0,0.0,0.0,1.6956061190283638e-53,423
I4210137597,0.00013469827586206896,1.0,0.0,3.196893466728432e-08,13
I4210137637,0.003232758620689655,24.0,0.0,0.0017218065198669494,17
I4210137674,0.0014816810344827585,11.0,0.0,0.0002504733852280416,2
I4210137693,0.00013469827586206896,1.0,0.0,0.0001592288039716723,0
I4210137750,0.0016163793103448276,13.0,0.0,0.0012393644349054794,17
I4210137756,0.0037715517241379308,28.0,0.0,0.0016435347311756522,17
I4210137766,0.0024245689655172415,18.0,1.4516855811619988e-07,0.004107703239355195,4
I4210137805,0.0008081896551724138,6.0,0.0,0.001013029660620362,0
I4210137807,0.0009428879310344827,7.0,0.0,0.00022341137586851241,17
I4210137813,0.004445043103448276,33.0,0.0,0.0006184717896368957,3
I4210137853,0.0,0.0,0.0,1.6956061190283638e-53,424
I4210137873,0.0012122844827586207,17.0,5.443820929357496e-07,0.0003261538247095707,17
I4210137904,0.0,0.0,0.0,1.6956061190283638e-53,425
I4210137965,0.0012122844827586207,9.0,0.0,0.0002639529544148831,1
I4210137977,0.0006734913793103449,6.0,0.0,0.0016776379136869942,1
I4210138016,0.0006734913793103449,5.0,0.0,0.0006998515888952912,4
I4210138066,0.00525323275862069,39.0,0.0,0.002881160501581851,1
I4210138078,0.0006734913793103449,5.0,0.0,0.0003640524069714365,4
I4210138083,0.0010775862068965517,9.0,0.0,0.002969290036142037,4
I4210138151,0.0005387931034482759,6.0,0.0,0.00011197545968381446,6
I4210138186,0.0025592672413793103,19.0,0.0,0.0050229413220387615,4
I4210138199,0.0037715517241379308,29.0,0.0,0.003394058205708668,0
I4210138233,0.0017510775862068966,13.0,0.0,0.002757113749448634,3
I4210138251,0.0025592672413793103,19.0,3.799787008691531e-06,0.0016994675049938404,2
I4210138270,0.0013469827586206897,10.0,0.0,0.00046561861320810495,1
I4210138290,0.00013469827586206896,1.0,0.0,8.66903959590501e-06,34
I4210138307,0.00013469827586206896,1.0,0.0,3.5559437637325713e-47,406
I4210138309,0.0013469827586206897,29.0,0.0,0.006626720284350916,0
I4210138310,0.0005387931034482759,4.0,0.0,9.584562487072334e-05,24
I4210138311,0.0005387931034482759,5.0,0.0,0.0002478998332999511,1
I4210138353,0.0014816810344827585,11.0,0.0,0.00033213492053079605,1
I4210138501,0.0021551724137931034,20.0,2.7037643949142226e-06,0.0010398548026602419,4
I4210138517,0.0010775862068965517,8.0,0.0,0.00023123538262736622,1
I4210138519,0.0017510775862068966,14.0,0.0,0.0009163587701589235,0
I4210138528,0.0004040948275862069,3.0,0.0,9.207269200329104e-05,2
I4210138560,0.0037715517241379308,29.0,0.0,0.0020017015584590505,17
I4210138565,0.00013469827586206896,1.0,0.0,7.835272520600863e-07,0
I4210138624,0.0006734913793103449,5.0,0.0,0.0005911083047063911,21
I4210138632,0.0004040948275862069,4.0,0.0,0.0007236141259770383,11
I4210138652,0.0004040948275862069,3.0,0.0,3.219801012410981e-08,13
I4210138654,0.0014816810344827585,11.0,0.0,0.00015359919216324295,6
I4210138675,0.0012122844827586207,9.0,0.0,0.0010372319482481991,0
I4210138704,0.0005387931034482759,4.0,0.0,0.000291789864994741,6
I4210138731,0.00026939655172413793,2.0,0.0,1.7736638898204747e-43,124
I4210138739,0.00026939655172413793,2.0,0.0,0.00014841677585035115,24
I4210138804,0.0021551724137931034,16.0,0.0,0.001917627521387217,0
I4210138838,0.0,0.0,0.0,1.6956061190283638e-53,426
I4210138879,0.0006734913793103449,5.0,0.0,0.00014498820020240183,2
I4210138900,0.010910560344827586,81.0,0.0,0.005191661795350437,24
I4210138910,0.0008081896551724138,6.0,0.0,4.4012987469683426e-05,1
I4210138918,0.00026939655172413793,2.0,0.0,1.4923895871871103e-05,11
I4210138955,0.0006734913793103449,6.0,5.5940876689789635e-06,0.00032517873081327776,35
I4210139061,0.00026939655172413793,2.0,0.0,0.0001380702850332758,13
I4210139126,0.00013469827586206896,1.0,0.0,3.1531324531087505e-09,6
I4210139139,0.0,0.0,0.0,1.6956061190283638e-53,427
I4210139142,0.0005387931034482759,4.0,0.0,9.152592316249491e-05,4
I4210139213,0.00026939655172413793,2.0,0.0,5.358228121724553e-08,21
I4210139217,0.0012122844827586207,9.0,0.0,0.0014897003701737723,0
I4210139231,0.0010775862068965517,16.0,0.0,0.0006870735460095047,21
I4210139252,0.0021551724137931034,16.0,0.0,0.0008805002220217493,13
I4210139255,0.0005387931034482759,4.0,0.0,7.553277668112211e-07,1
I4210139292,0.0030980603448275863,23.0,0.0,0.0010929013148929846,4
I4210139293,0.0006734913793103449,5.0,0.0,0.0003223417354787843,13
I4210139347,0.005657327586206897,42.0,0.0,0.0032794058194749783,3
I4210139352,0.0005387931034482759,4.0,0.0,6.409640732964681e-05,6
I4210139449,0.003367456896551724,25.0,0.0,0.00198614270411186,4
I4210139459,0.0010775862068965517,8.0,0.0,0.0001729282873903939,4
I4210139461,0.0010775862068965517,9.0,0.0,0.001018822356896285,1
I4210139473,0.0010775862068965517,8.0,0.0,0.002349854874406443,4
I4210139483,0.0004040948275862069,6.0,0.0,0.00031300015481878254,1
I4210139533,0.0005387931034482759,4.0,0.0,2.285464716952162e-05,13
I4210139598,0.0009428879310344827,7.0,0.0,0.00290630322677321,4
I4210139617,0.0008081896551724138,6.0,0.0,0.0010108684825350233,0
I4210139618,0.0005387931034482759,5.0,0.0,0.0008653352096402481,4
I4210139686,0.0045797413793103444,45.0,8.064919895344438e-09,0.004806408017786529,0
I4210139705,0.0,0.0,0.0,1.6956061190283638e-53,428
I4210139716,0.00013469827586206896,1.0,0.0,0.00012676233443148767,17
I4210139738,0.0009428879310344827,7.0,0.0,0.0010733338816108766,3
I4210139743,0.0004040948275862069,3.0,0.0,2.386911965457657e-06,21
I4210139747,0.0006734913793103449,5.0,0.0,0.00032861191303821353,34
I4210139765,0.0004040948275862069,3.0,0.0,0.00017381672230058355,4
I4210139777,0.0051185344827586205,40.0,8.189926153722279e-06,0.002318320032376016,6
I4210139888,0.0,0.0,0.0,1.6956061190283638e-53,429
I4210140007,0.0005387931034482759,6.0,0.0,4.410029503493548e-05,16
I4210140009,0.00026939655172413793,2.0,0.0,1.320570267444599e-07,13
I4210140036,0.011449353448275862,87.0,1.9416294648041734e-06,0.00535268083129342,24
I4210140114,0.005792025862068966,46.0,1.6331462788072485e-07,0.005508104527081486,16
I4210140129,0.0,0.0,0.0,1.6956061190283638e-53,430
I4210140135,0.006061422413793103,45.0,0.0,0.0032744004661706453,0
I4210140215,0.002963362068965517,25.0,4.536517441131246e-08,0.0026483740454730877,6
I4210140242,0.0005387931034482759,4.0,0.0,0.001600807275601689,4
I4210140243,0.0030980603448275863,23.0,1.6331462788072485e-07,0.0030692878118991087,34
I4210140256,0.0010775862068965517,8.0,0.0,0.0010369953641942648,0
I4210140258,0.00013469827586206896,1.0,0.0,3.5559437637325713e-47,431
I4210140326,0.0018857758620689654,15.0,3.266292557614497e-07,0.0016258362835221071,11
I4210140335,0.0021551724137931034,16.0,0.0,0.0002867861520763004,1
I4210140341,0.005522629310344827,72.0,1.077876544012784e-05,0.014915924048513916,0
I4210140357,0.004040948275862069,33.0,0.0,0.002868477927532782,4
I4210140379,0.0016163793103448276,12.0,0.00024283070558887333,0.0019878683599925313,4
I4210140380,0.00390625,29.0,0.0,0.0027713286541644353,0
I4210140386,0.00026939655172413793,2.0,0.0,7.117928698662655e-07,3
I4210140493,0.0004040948275862069,3.0,0.0,0.00021983900200019745,4
I4210140509,0.00013469827586206896,1.0,0.0,2.2114524208033632e-05,6
I4210140515,0.00026939655172413793,2.0,0.0,8.550618108858867e-06,4
I4210140554,0.0004040948275862069,3.0,0.0,0.0005536890285307646,16
I4210140583,0.007947198275862068,59.0,0.0,0.006164370490298715,11
I4210140619,0.0004040948275862069,3.0,0.0,2.1245678901768357e-05,1
I4210140627,0.0013469827586206897,11.0,0.0,0.002047528487178998,0
I4210140646,0.0016163793103448276,12.0,0.0,0.0019529172295049409,4
I4210140673,0.00013469827586206896,1.0,0.0,0.0006955441219415508,0
I4210140791,0.004714439655172414,39.0,8.740356936579534e-07,0.004787119684321667,1
I4210140816,0.00013469827586206896,1.0,0.0,3.5559437637325713e-47,414
I4210140856,0.0016163793103448276,12.0,0.0,2.1713684255900852e-05,34
I4210140868,0.006869612068965517,52.0,0.0007661165103634115,0.0026791151601022645,21
I4210140884,0.020204741379310345,182.0,0.000704227347472821,0.011564679084626817,24
I4210140900,0.0005387931034482759,4.0,0.0,0.0003823655445382617,0
I4210140943,0.0021551724137931034,16.0,0.0,0.001917627521387217,0
I4210141030,0.0012122844827586207,20.0,0.0,0.003983992499273586,0
I4210141097,0.00026939655172413793,2.0,0.0,0.00023058223588965892,4
I4210141120,0.0005387931034482759,4.0,0.0,9.262908556972098e-05,17
I4210141135,0.0017510775862068966,19.0,5.184591361292853e-09,0.0017529244422143464,0
I4210141176,0.0022898706896551722,18.0,0.0004852984897824562,0.003955766391974325,4
I4210141205,0.0012122844827586207,9.0,0.0,0.00010671279400260687,1
I4210141267,0.0,0.0,0.0,1.6956061190283638e-53,432
I4210141282,0.00013469827586206896,1.0,0.0,1.4390101664208987e-06,3
I4210141342,0.0008081896551724138,6.0,0.0,0.00048583571436204554,0
I4210141454,0.0006734913793103449,5.0,0.0,7.696239918195438e-05,3
I4210141458,0.0006734913793103449,5.0,0.0,0.0013591409660064445,4
I4210141470,0.0005387931034482759,4.0,0.0,0.0006364090970699505,0
I4210141483,0.0004040948275862069,3.0,0.0,0.0018200097213795204,4
I4210141498,0.0009428879310344827,7.0,0.0,0.00023362626521143917,16
I4210141558,0.0009428879310344827,7.0,0.0,0.0002570695473079145,11
I4210141639,0.0017510775862068966,13.0,0.0,0.002757113749448634,3
I4210141667,0.0004040948275862069,3.0,0.0,1.350606174555369e-06,13
I4210141669,0.0018857758620689654,14.0,0.0,0.00027385106925603665,6
I4210141674,0.0024245689655172415,32.0,4.838951937206662e-08,0.0035545531120777154,0
I4210141683,0.0004040948275862069,3.0,0.0,4.062302769963798e-05,4
I4210141689,0.0,0.0,0.0,1.6956061190283638e-53,433
I4210141715,0.005657327586206897,42.0,0.0,0.0032794058194749783,3
I4210141719,0.0012122844827586207,9.0,0.0,0.00022989031159891573,4
I4210141736,0.0006734913793103449,5.0,0.0,0.00012948136241618222,6
I4210141749,0.00013469827586206896,1.0,0.0,2.817316411914928e-07,3
I4210141755,0.0004040948275862069,3.0,0.0,2.1245678901768357e-05,1
I4210141757,0.00013469827586206896,1.0,0.0,3.5559437637325713e-47,271
I4210141763,0.00026939655172413793,2.0,0.0,6.670899358849158e-05,11
I4210141776,0.0008081896551724138,6.0,0.0,0.0007380966938754948,4
I4210141777,0.0004040948275862069,3.0,0.0,0.00011687035427189455,34
I4210141779,0.00013469827586206896,1.0,0.0,0.0008331638165516809,4
I4210141792,0.00013469827586206896,1.0,0.0,1.5646044916820984e-05,4
I4210141865,0.0005387931034482759,5.0,0.0004855162426196305,0.00016125323490590442,17
I4210141868,0.00026939655172413793,2.0,0.0,1.6788313155827946e-07,6
I4210141898,0.0016163793103448276,12.0,0.0,2.1713684255900852e-05,34
I4210141933,0.0004040948275862069,3.0,0.0,0.0005146612360188483,4
I4210141942,0.010641163793103448,97.0,5.927716123078161e-07,0.02111816124418351,4
I4210141946,0.0014816810344827585,11.0,0.0,0.00029998577087712907,17
I4210141964,0.0010775862068965517,14.0,0.0,0.0006595926597335932,1
I4210142002,0.0004040948275862069,3.0,0.0,5.652804749295906e-05,4
I4210142044,0.0022898706896551722,17.0,0.0,0.004490434286992223,4
I4210142079,0.00013469827586206896,1.0,0.0,2.971725868581594e-08,13
I4210142098,0.0013469827586206897,10.0,0.0,0.0003146509792554103,1
I4210142109,0.0006734913793103449,5.0,0.0,0.0004715092236878495,24
I4210142128,0.0006734913793103449,5.0,0.0,0.00019365795465220735,2
I4210142142,0.0010775862068965517,8.0,0.0,0.00014317030728119813,27
I4210142152,0.0008081896551724138,6.0,0.0002427944134493443,0.0004127375404006656,1
I4210142167,0.0004040948275862069,3.0,0.0,0.0005277973962632938,4
I4210142192,0.0004040948275862069,5.0,0.0,0.0008076541881184651,4
I4210142209,0.00026939655172413793,2.0,0.0,2.305487884732719e-06,1
I4210142254,0.0006734913793103449,5.0,0.0,0.00017269154832907373,1
I4210142260,0.0005387931034482759,4.0,0.0,0.00011188028513804584,17
I4210142311,0.0012122844827586207,9.0,0.0,0.00012991863419978288,13
I4210142324,0.0005387931034482759,4.0,0.0,0.00017019313402766,16
I4210142362,0.00013469827586206896,1.0,0.0,3.5559437637325713e-47,434
I4210142372,0.004310344827586207,36.0,0.0,0.007570078019564077,0
I4210142395,0.0012122844827586207,9.0,0.0002427944134493443,0.00013657611205160003,13
I4210142428,0.0004040948275862069,3.0,0.0,3.009100137511773e-07,13
I4210142469,0.008890086206896552,69.0,4.016330107881529e-06,0.010412918589194369,4
I4210142478,0.0006734913793103449,6.0,0.0,0.0027241559758932332,4
I4210142479,0.0006734913793103449,5.0,0.0,2.079307060498875e-05,0
I4210142514,0.00013469827586206896,1.0,0.0,2.3518576394786075e-05,16
I4210142539,0.00026939655172413793,2.0,0.0,9.348877105676281e-05,4
I4210142583,0.003502155172413793,28.0,2.0081650539407646e-06,0.003976915495764349,0
I4210142635,0.0005387931034482759,8.0,0.0,0.0038575833491179433,4
I4210142730,0.005657327586206897,76.0,0.0004962112769092734,0.008290032896456604,0
I4210142748,0.00026939655172413793,3.0,0.0,5.006793725674138e-07,115
I4210142757,0.0009428879310344827,7.0,0.0,3.383398271092004e-05,27
I4210142780,0.00013469827586206896,1.0,0.0,1.8598859244618047e-05,13
I4210142782,0.0009428879310344827,7.0,0.0,0.0001345775776420674,24
I4210142825,0.0005387931034482759,4.0,0.0,1.841546779011987e-09,13
I4210142901,0.0017510775862068966,16.0,1.889610731479201e-06,0.0007408492270330755,1
I4210142934,0.0008081896551724138,6.0,0.0,4.1944970127952604e-05,11
I4210143016,0.0,0.0,0.0,1.6956061190283638e-53,435
I4210143099,0.00013469827586206896,1.0,0.0,1.9609179424352327e-05,13
I4210143116,0.0005387931034482759,4.0,0.0,0.00017260857970313018,1
I4210143141,0.0004040948275862069,3.0,0.0,0.00020077491642137298,21
I4210143161,0.0004040948275862069,3.0,0.0,0.0001223328217640328,4
I4210143228,0.0016163793103448276,12.0,0.0,0.0017565753038488517,1
I4210143253,0.0010775862068965517,8.0,0.0,0.001208445152925336,0
I4210143256,0.0006734913793103449,5.0,0.0,1.2358989732371101e-05,6
I4210143258,0.0,0.0,0.0,1.6956061190283638e-53,436
I4210143260,0.0004040948275862069,3.0,0.0,6.082140652999996e-06,2
I4210143272,0.0028286637931034483,21.0,0.0,0.003203964879799575,0
I4210143281,0.0005387931034482759,4.0,0.0,8.368639079689547e-05,34
I4210143330,0.0030980603448275863,23.0,0.0,0.001264550765522234,17
I4210143353,0.0005387931034482759,4.0,0.0,0.00017260857970313018,1
I4210143370,0.00026939655172413793,2.0,0.0,0.0007054807961493261,2
I4210143371,0.00026939655172413793,4.0,0.0,0.00011349855254749348,24
I4210143387,0.00013469827586206896,1.0,0.0,3.5559437637325713e-47,123
I4210143392,0.0004040948275862069,3.0,0.0,0.00011506376057915938,27
I4210143412,0.00026939655172413793,2.0,0.0,1.734892720137155e-05,3
I4210143430,0.007677801724137931,60.0,0.0,0.011620090302749509,4
I4210143490,0.0009428879310344827,7.0,0.0,0.001268202161406888,4
I4210143523,0.0013469827586206897,10.0,0.0,0.00020544247736192792,1
I4210143528,0.0005387931034482759,4.0,0.0,0.001584433889148578,4
I4210143529,0.0004040948275862069,3.0,0.0,0.00040055020195399737,4
I4210143550,0.0018857758620689654,20.0,0.00044027074585890766,0.00019018951061142595,13
I4210143601,0.0004040948275862069,3.0,0.0,0.0005751269927947377,0
I4210143602,0.00013469827586206896,1.0,0.0,4.164876543988933e-05,0
I4210143629,0.0,0.0,0.0,1.6956061190283638e-53,437
I4210143645,0.0004040948275862069,3.0,0.0,0.0005621023824518546,0
I4210143651,0.0,0.0,0.0,1.6956061190283638e-53,438
I4210143793,0.00026939655172413793,2.0,0.0,1.5542646749621043e-05,1
I4210143795,0.0010775862068965517,8.0,0.0004631379045170258,0.00012090602584834873,3
I4210143801,0.006061422413793103,45.0,0.0,0.004461945720622674,17
I4210143820,0.009967672413793103,74.0,0.0,0.006904944637433569,11
I4210143826,0.0005387931034482759,4.0,0.0,0.00010497182686243678,1
I4210143836,0.0008081896551724138,6.0,0.0,4.4012987469683426e-05,1
I4210143841,0.00026939655172413793,2.0,0.0,5.033638987465594e-06,13
I4210143902,0.00026939655172413793,2.0,0.0,0.00037449143980707294,16
I4210143921,0.0004040948275862069,3.0,0.0,3.4541970485936757e-10,6
I4210143931,0.00013469827586206896,1.0,0.0,3.5559437637325713e-47,241
I4210143937,0.0,0.0,0.0,1.6956061190283638e-53,439
I4210144005,0.00525323275862069,39.0,0.0,0.002881160501581851,1
I4210144008,0.00026939655172413793,2.0,0.0,0.00018328658801711772,6
I4210144013,0.0004040948275862069,3.0,0.0,0.000679401734896538,4
I4210144062,0.0004040948275862069,3.0,0.0,0.00018131104530633044,2
I4210144063,0.0012122844827586207,9.0,0.0,0.00011365476932279398,17
I4210144108,0.0008081896551724138,6.0,0.0,0.0011623686149435622,0
I4210144120,0.0009428879310344827,7.0,0.0,0.00025430083526136013,0
I4210144143,0.0006734913793103449,5.0,0.00024283070558887333,0.00012646786850138488,4
I4210144145,0.0004040948275862069,3.0,0.0,0.0002586607683144896,34
I4210144153,0.0020204741379310346,15.0,0.0,0.0003981978848822744,17
I4210144214,0.00013469827586206896,1.0,0.0,3.166083288411307e-05,4
I4210144215,0.0004040948275862069,3.0,0.0,9.278052097279949e-05,34
I4210144289,0.0004040948275862069,3.0,0.0,0.0016385482573877605,4
I4210144367,0.0004040948275862069,3.0,0.0,5.2020595388167994e-05,4
I4210144384,0.0025592672413793103,28.0,6.169663719938494e-07,0.0015793222511244504,17
I4210144394,0.003502155172413793,26.0,0.00030706247049370523,0.003113526772542218,0
I4210144436,0.00013469827586206896,1.0,0.0,3.1379034927908e-05,4
I4210144446,0.00013469827586206896,1.0,0.0,5.137475307627772e-07,2
I4210144482,0.010102370689655173,103.0,1.635162508781086e-06,0.021521778212976198,4
I4210144487,0.0025592672413793103,19.0,5.080899534066996e-07,0.001147467033333566,24
I4210144507,0.00013469827586206896,1.0,0.0,0.000510485797668486,4
I4210144531,0.0004040948275862069,3.0,0.0,1.2747964566967018e-05,0
I4210144566,0.0016163793103448276,22.0,2.9033711623239978e-08,0.000935268946814356,1
I4210144576,0.0018857758620689654,14.0,5.080899534066996e-07,0.00013328145910340705,1
I4210144626,0.0,0.0,0.0,1.6956061190283638e-53,440
I4210144662,0.0006734913793103449,5.0,0.0,0.002144094895641516,4
I4210144697,0.0012122844827586207,9.0,0.0,0.00010671279400260687,1
I4210144715,0.0018857758620689654,14.0,0.0,9.956609447010072e-05,6
I4210144725,0.0010775862068965517,8.0,0.0,0.0006517969165313291,4
I4210144746,0.006734913793103448,51.0,0.0,0.006381362901304266,17
I4210144755,0.0010775862068965517,8.0,0.0,0.00035060238819956005,17
I4210144791,0.0004040948275862069,3.0,0.0,0.00022561407480784114,1
I4210144804,0.0004040948275862069,3.0,0.0,2.5430971841157488e-05,1
I4210144824,0.00646551724137931,48.0,0.0,0.0027812560889173806,6
I4210144831,0.0004040948275862069,3.0,0.0,1.810859386437151e-05,2
I4210144834,0.0009428879310344827,10.0,4.2772878730666035e-08,0.0002879287147995371,2
I4210144839,0.0045797413793103444,40.0,0.0019795323861702026,0.00252142283244394,13
I4210144850,0.00026939655172413793,2.0,0.0,3.683512535335203e-11,13
I4210144876,0.00026939655172413793,3.0,0.0,0.00028300097634056644,17
I4210144898,0.0005387931034482759,4.0,0.0,0.0001858021665414261,17
I4210144925,0.0010775862068965517,8.0,2.646820299796023e-06,0.00015664625950693995,13
I4210144997,0.0013469827586206897,11.0,0.0,0.0011519142247339647,11
I4210145005,0.0004040948275862069,3.0,0.0,2.447116693237746e-05,4
I4210145006,0.0005387931034482759,8.0,0.0,2.9001881945486543e-05,27
I4210145102,0.004445043103448276,33.0,0.0002427944134493443,0.002935360575759044,0
I4210145118,0.0005387931034482759,4.0,0.0,0.0017430666491994305,4
I4210145126,0.0005387931034482759,4.0,0.0004855162426196305,8.647141779901766e-07,13
I4210145184,0.00013469827586206896,2.0,0.0,0.00038350280946138646,24
I4210145203,0.0004040948275862069,3.0,0.0,0.00016050733788858587,4
I4210145258,0.0013469827586206897,10.0,0.0,0.00020544247736192792,1
I4210145263,0.00026939655172413793,2.0,0.0,0.00039962183048708444,4
I4210145268,0.0010775862068965517,8.0,0.0,0.0008184311387734349,0
I4210145292,0.003367456896551724,28.0,3.629213952904997e-08,0.0040943853646668365,4
I4210145324,0.0005387931034482759,4.0,0.0,0.00019068655854246168,1
I4210145330,0.0012122844827586207,9.0,0.0,0.00022989031159891573,4
I4210145362,0.0,0.0,0.0,1.6956061190283638e-53,441
I4210145365,0.00026939655172413793,2.0,0.0002427944134493443,6.045813818782485e-08,1
I4210145378,0.0005387931034482759,4.0,0.0,0.0007257415834434083,17
I4210145386,0.0008081896551724138,6.0,0.0,0.0007038236753104737,21
I4210145411,0.0005387931034482759,4.0,0.0,0.0008155004288289463,0
I4210145457,0.0005387931034482759,4.0,0.0,0.0011020798282697943,4
I4210145463,0.0009428879310344827,7.0,0.0,3.383398271092004e-05,27
I4210145500,0.0,0.0,0.0,1.6956061190283638e-53,442
I4210145517,0.0,0.0,0.0,1.6956061190283638e-53,443
I4210145534,0.0018857758620689654,14.0,0.0,9.956609447010072e-05,6
I4210145543,0.0009428879310344827,7.0,0.0,3.696150696032953e-05,1
I4210145583,0.0012122844827586207,11.0,0.0,0.0025292340942823367,0
I4210145640,0.00026939655172413793,2.0,0.0,1.888403925249473e-05,13
I4210145659,0.0004040948275862069,3.0,0.0,1.350606174555369e-06,13
I4210145671,0.0004040948275862069,3.0,0.0,0.0009776109045521112,0
I4210145679,0.0022898706896551722,17.0,2.1775283717429981e-07,0.0013679400439884218,1
I4210145693,0.0028286637931034483,22.0,1.330711782731832e-07,0.0013007315951653281,4
I4210145724,0.0005387931034482759,4.0,0.0,5.303923833872049e-06,11
I4210145752,0.0005387931034482759,4.0,0.0,0.0011759934753508214,0
I4210145761,0.013604525862068966,195.0,0.0016087047325724177,0.06577632311523048,4
I4210145784,0.003502155172413793,26.0,1.0736424610677283e-06,0.0011412416267911525,11
I4210145812,0.0014816810344827585,16.0,0.0,0.0048135364019268575,0
I4210145825,0.00013469827586206896,1.0,0.0,4.837568991729422e-06,4
I4210145858,0.00026939655172413793,2.0,0.0,1.3121775982761266e-05,0
I4210145865,0.0005387931034482759,5.0,0.0,2.579082892210982e-05,34
I4210145878,0.00013469827586206896,2.0,0.0,9.3680904036307e-05,17
I4210145894,0.003367456896551724,25.0,0.0,0.0024125822899418274,21
I4210145896,0.00013469827586206896,1.0,0.0,3.5559437637325713e-47,444
I4210145899,0.00013469827586206896,1.0,0.0,3.427361382264031e-05,17
I4210145924,0.0006734913793103449,5.0,0.0,5.8484056445187145e-05,13
I4210145969,0.0004040948275862069,3.0,0.0,0.0003910189683332516,17
I4210146061,0.0005387931034482759,4.0,0.0,2.2696367656748908e-05,34
I4210146077,0.0004040948275862069,3.0,0.0,0.0009701057007073185,4
I4210146155,0.0012122844827586207,9.0,0.0,0.002093366495063455,0
I4210146168,0.0006734913793103449,5.0,0.0,0.0003886605791542126,4
I4210146201,0.0,0.0,0.0,1.6956061190283638e-53,445
I4210146233,0.0005387931034482759,4.0,0.0,1.7348463634670787e-05,13
I4210146265,0.0012122844827586207,9.0,0.0,0.0010761759806869854,0
I4210146275,0.0,0.0,0.0,1.6956061190283638e-53,446
I4210146298,0.00026939655172413793,2.0,0.0,7.82739322831475e-05,4
I4210146352,0.0004040948275862069,3.0,0.0,8.612212681380386e-06,11
I4210146357,0.013335129310344827,100.0,1.6366718009329275e-05,0.005472939041100429,6
I4210146364,0.0004040948275862069,3.0,0.0,1.020382393561426e-05,3
I4210146387,0.0004040948275862069,3.0,0.0,0.000268571423573877,4
I4210146391,0.0006734913793103449,5.0,0.0,0.00015800525100706538,0
I4210146410,0.013739224137931034,129.0,0.0003913706450492525,0.01704379355908077,1
I4210146419,0.0004040948275862069,3.0,0.0,9.940487488896821e-05,17
I4210146430,0.0013469827586206897,10.0,0.0,0.0002442622298863777,17
I4210146436,0.00026939655172413793,2.0,0.0,4.928926202168729e-05,4
I4210146508,0.00013469827586206896,1.0,0.0,7.935336624566173e-06,4
I4210146544,0.00013469827586206896,1.0,0.0,7.850966238779081e-06,4
I4210146588,0.0006734913793103449,5.0,0.0,0.0005097067699482385,24
I4210146628,0.00013469827586206896,1.0,0.0,3.141667420561257e-05,11
I4210146682,0.0004040948275862069,4.0,0.00024279441344934432,6.087036952507064e-05,11
I4210146690,0.004175646551724138,36.0,0.0,0.0062456745370166765,4
I4210146710,0.01171875,151.0,0.002212215678622731,0.017129968354595786,0
I4210146711,0.022898706896551723,191.0,1.5413271657987527e-05,0.0217751770125208,24
I4210146741,0.0078125,58.0,3.992135348195496e-06,0.008693436495687604,4
I4210146843,0.0005387931034482759,4.0,0.0,1.1912771994423944e-05,6
I4210146857,0.0004040948275862069,3.0,0.0,0.00015534745456742186,6
I4210146878,0.003232758620689655,24.0,0.0,0.0010869508223672808,13
I4210146919,0.0,0.0,0.0,1.6956061190283638e-53,447
I4210146936,0.0017510775862068966,14.0,0.0,0.0035461974864260154,4
I4210146956,0.0009428879310344827,14.0,0.0,0.0014233781869615596,4
I4210146975,0.00026939655172413793,2.0,0.0,0.0004316445143038817,13
I4210146979,0.0010775862068965517,14.0,0.0,0.00022944865603038468,13
I4210146998,0.0012122844827586207,9.0,0.0,0.002247677310284025,4
I4210147079,0.0017510775862068966,24.0,0.0,0.004316927473363618,0
I4210147114,0.00013469827586206896,1.0,0.0,0.00011421089264524027,4
I4210147126,0.0004040948275862069,3.0,0.0,0.00017722576841564848,17
I4210147129,0.0009428879310344827,7.0,0.0,0.0001345775776420674,24
I4210147158,0.0004040948275862069,3.0,0.0,0.0007805952767706453,4
I4210147194,0.0005387931034482759,4.0,3.266292557614497e-07,4.7202313098670844e-05,2
I4210147238,0.00026939655172413793,2.0,0.0,0.000512306849507866,4
I4210147263,0.0051185344827586205,57.0,1.055093145308436e-06,0.006765532170053711,0
I4210147279,0.0012122844827586207,9.0,0.0,1.1928325645187577e-05,24
I4210147348,0.0022898706896551722,21.0,0.0,0.0016325465635640313,27
I4210147381,0.004445043103448276,39.0,4.838951937206662e-08,0.0061270061042653584,4
I4210147433,0.007947198275862068,69.0,2.9063955072847527e-06,0.005939285287583445,4
I4210147442,0.0016163793103448276,12.0,0.0,2.1713684255900852e-05,34
I4210147504,0.00013469827586206896,1.0,0.0,2.041934330526153e-09,17
I4210147556,0.0005387931034482759,4.0,0.0,2.5812700140941608e-05,0
I4210147586,0.0005387931034482759,4.0,0.0,0.00027740328451492883,0
I4210147617,0.0012122844827586207,13.0,1.2443019267102847e-08,0.0011291121086627394,17
I4210147631,0.0,0.0,0.0,1.6956061190283638e-53,448
I4210147651,0.0,0.0,0.0,1.6956061190283638e-53,449
I4210147709,0.0005387931034482759,4.0,0.0,6.410718715232552e-06,3
I4210147734,0.00013469827586206896,1.0,0.0,2.0711534550094897e-06,4
I4210147735,0.00013469827586206896,1.0,0.0,4.8495775937719136e-05,24
I4210147807,0.0006734913793103449,5.0,0.0,0.001914899191207843,0
I4210147811,0.0004040948275862069,3.0,0.0,0.00028437025638813993,4
I4210147862,0.0005387931034482759,8.0,0.0,0.00010217772107586694,17
I4210147875,0.0004040948275862069,3.0,0.0,9.373313996622934e-05,2
I4210147888,0.0005387931034482759,4.0,0.0,0.0007011304931229588,4
I4210147892,0.00026939655172413793,2.0,0.0,0.0006162322954989808,16
I4210147894,0.0025592672413793103,19.0,0.0,0.0050229413220387615,4
I4210147944,0.0018857758620689654,22.0,0.0,0.001371496643128314,21
I4210147955,0.0009428879310344827,11.0,0.0004529410230473477,1.8494852947651286e-05,21
I4210148032,0.0004040948275862069,3.0,0.0,0.00013661128524572686,16
I4210148060,0.00026939655172413793,2.0,0.0,3.006447170229731e-07,13
I4210148075,0.0004040948275862069,3.0,0.0,5.335655112101971e-06,3
I4210148107,0.0006734913793103449,5.0,0.0,0.0012802635299204355,4
I4210148151,0.00013469827586206896,1.0,0.0,1.0597613513004909e-07,21
I4210148180,0.00026939655172413793,2.0,0.0,3.999088346362455e-05,16
I4210148186,0.0010775862068965517,15.0,0.0,0.0023084719749380837,0
I4210148197,0.0,0.0,0.0,1.6956061190283638e-53,450
I4210148225,0.00013469827586206896,1.0,0.0,0.00011421089264524027,4
I4210148284,0.0018857758620689654,14.0,0.0,0.0014406109944139114,0
I4210148293,0.003636853448275862,29.0,5.153483813125095e-07,0.0011253771219232175,13
I4210148300,0.00013469827586206896,1.0,0.0,3.626777478829345e-05,3
I4210148356,0.0004040948275862069,4.0,0.0,0.00014067836435427116,3
I4210148371,0.004175646551724138,53.0,0.0,0.003925322508836474,17
I4210148414,0.0008081896551724138,6.0,0.0002427944134493443,7.140086214720648e-07,13
I4210148436,0.00013469827586206896,1.0,0.0,3.6378897486099225e-07,17
I4210148469,0.00013469827586206896,1.0,0.0,9.936674207775396e-06,2
I4210148536,0.0004040948275862069,3.0,0.0,0.001217554843888189,4
I4210148560,0.003502155172413793,40.0,2.0796864917697964e-05,0.0054599903877903455,1
I4210148609,0.0,0.0,0.0,1.6956061190283638e-53,451
I4210148616,0.0,0.0,0.0,1.6956061190283638e-53,452
I4210148632,0.0010775862068965517,8.0,0.0,0.0029956513729309363,4
I4210148639,0.0005387931034482759,4.0,0.0,0.0011020798282697943,4
I4210148682,0.0004040948275862069,3.0,0.0,0.00010158822543894071,16
I4210148693,0.0017510775862068966,16.0,0.0005248218394675757,0.00011931465707043462,3
I4210148771,0.012257543103448275,91.0,0.0014708852222311138,0.0051963695330246576,24
I4210148790,0.0006734913793103449,5.0,3.629213952904997e-08,0.0007657356652386625,4
I4210148805,0.00013469827586206896,1.0,0.0,1.4150006585127243e-08,16
I4210148827,0.00013469827586206896,1.0,0.0,1.3963960683734559e-05,0
I4210148904,0.0020204741379310346,15.0,0.0,0.002186661818014705,0
I4210148914,0.0006734913793103449,5.0,0.0,0.00089296912864819,4
I4210148918,0.00026939655172413793,2.0,0.0,4.046168293051247e-06,17
I4210148941,0.0006734913793103449,5.0,3.629213952904997e-08,3.558421529274062e-05,13
I4210148970,0.00013469827586206896,2.0,0.0,1.0260443352303615e-05,24
I4210149000,0.0026939655172413795,20.0,2.1775283717429981e-07,0.0024674538218807545,0
I4210149021,0.0012122844827586207,9.0,0.0,0.0005808866438983953,24
I4210149092,0.0028286637931034483,43.0,0.0,0.0069627692671607256,1
I4210149102,0.0028286637931034483,24.0,0.001211607029487412,0.0025374744853511972,4
I4210149132,0.0006734913793103449,5.0,0.0,0.0009448105036371369,4
I4210149146,0.0004040948275862069,3.0,0.0,0.00019236613636715503,24
I4210149165,0.0,0.0,0.0,1.6956061190283638e-53,453
I4210149211,0.0009428879310344827,10.0,0.0,0.004838375770709523,4
I4210149261,0.0,0.0,0.0,1.6956061190283638e-53,454
I4210149275,0.00026939655172413793,2.0,0.0,3.740209143306988e-06,13
I4210149301,0.0004040948275862069,3.0,0.0,1.810859386437151e-05,2
I4210149307,0.00026939655172413793,2.0,0.0,1.3242494330738931e-05,21
I4210149412,0.00013469827586206896,1.0,0.0,2.0384937434211437e-05,4
I4210149427,0.0030980603448275863,23.0,0.0,0.0010929013148929846,4
I4210149442,0.00026939655172413793,2.0,0.0,1.5034211050235955e-06,16
I4210149477,0.00026939655172413793,2.0,0.0,2.2305116685527386e-06,3
I4210149517,0.0006734913793103449,7.0,0.0,3.0319251038383012e-05,4
I4210149554,0.0005387931034482759,4.0,0.0,9.60657311440425e-06,16
I4210149618,0.0009428879310344827,8.0,0.0,0.0017047512671666597,13
I4210149650,0.0,0.0,0.0,1.6956061190283638e-53,455
I4210149664,0.0,0.0,0.0,1.6956061190283638e-53,456
I4210149682,0.0028286637931034483,21.0,0.0,0.0028914247805085867,0
I4210149691,0.0006734913793103449,5.0,0.0,0.0004086726515104285,24
I4210149706,0.0006734913793103449,5.0,0.0,0.00020990012247320904,34
I4210149713,0.0004040948275862069,3.0,0.0,2.1927119066087135e-08,2
I4210149717,0.0025592672413793103,29.0,6.351124417583745e-08,0.0040831035103098485,24
I4210149735,0.00013469827586206896,1.0,0.0,1.309879372477714e-07,6
I4210149736,0.0006734913793103449,5.0,0.0,0.0014600171482621641,0
I4210149747,0.00026939655172413793,4.0,0.0,2.6958866481263833e-05,13
I4210149777,0.00026939655172413793,2.0,0.0,1.57298174559628e-05,21
I4210149858,0.0005387931034482759,4.0,0.0,0.0005507519269235379,0
I4210149908,0.00026939655172413793,2.0,0.0,9.538216670598117e-06,16
I4210149920,0.00390625,30.0,1.5544845065422995e-06,0.001001464504917936,6
I4210149944,0.0016163793103448276,12.0,1.7861781338214095e-06,0.00011021493912237455,13
I4210149973,0.00026939655172413793,2.0,0.0,5.3889078304033076e-05,2
I4210150005,0.00013469827586206896,1.0,0.0,0.0008331638165516809,4
I4210150047,0.0016163793103448276,12.0,0.0,0.0007970494861809617,16
I4210150093,0.003367456896551724,29.0,1.0766668060284824e-06,0.0024390801046216136,24
I4210150114,0.00026939655172413793,2.0,0.0,8.808325901134571e-06,4
I4210150261,0.004310344827586207,36.0,9.435956277552991e-07,0.005624080082404099,4
I4210150290,0.003636853448275862,50.0,1.233932743987699e-06,0.009526083352138106,4
I4210150297,0.00026939655172413793,2.0,0.0,1.0842979248448385e-08,13
I4210150320,0.00013469827586206896,1.0,0.0,0.00021708033374812408,4
I4210150323,0.0005387931034482759,5.0,1.0887641858714991e-07,2.1241439943624834e-39,14
I4210150358,0.0006734913793103449,5.0,2.8019718147631975e-06,0.00010815742981623253,1
I4210150362,0.0013469827586206897,10.0,0.0,0.0003146509792554103,1
I4210150380,0.0016163793103448276,12.0,0.0,0.0017565753038488517,1
I4210150398,0.00026939655172413793,2.0,0.0,0.0001379672700166035,4
I4210150405,0.00013469827586206896,1.0,0.0,3.594823572356705e-05,1
I4210150413,0.0005387931034482759,4.0,0.0,8.085280032293146e-39,31
I4210150450,0.0016163793103448276,12.0,0.0,6.393436678182572e-05,0
I4210150574,0.01818426724137931,217.0,1.1319193189657495e-05,0.03907468917953114,16
I4210150602,0.0008081896551724138,6.0,0.0,8.84937477257052e-05,6
I4210150657,0.0009428879310344827,7.0,0.0,0.000520401393747892,4
I4210150693,0.0013469827586206897,10.0,0.0,0.00356331099620123,4
I4210150701,0.007947198275862068,59.0,0.0,0.006164370490298715,11
I4210150756,0.0004040948275862069,3.0,0.0,4.199775914010107e-05,3
I4210150771,0.00013469827586206896,1.0,0.0,0.0001174316761320693,11
I4210150840,0.0004040948275862069,3.0,0.0,0.00021766494526599832,4
I4210150881,0.00026939655172413793,2.0,0.0,0.00013826350930761427,0
I4210150894,0.0014816810344827585,11.0,0.0,0.0014139996012178938,0
I4210150921,0.0006734913793103449,5.0,0.0,0.001254004220959796,0
I4210150976,0.0004040948275862069,5.0,0.0,4.362215117669726e-08,2
I4210150980,0.003367456896551724,36.0,2.7219104646787477e-08,0.007422572415018715,0
I4210151020,0.0004040948275862069,5.0,0.0,4.362215117669726e-08,2
I4210151021,0.002963362068965517,22.0,7.258427905809994e-08,0.0036666395364923637,4
I4210151058,0.0006734913793103449,5.0,0.0,5.763078598836292e-05,13
I4210151091,0.0075431034482758615,69.0,1.0200218219503569e-05,0.0040384514434292,17
I4210151100,0.0006734913793103449,5.0,0.0,0.00024429141782872046,17
I4210151178,0.0005387931034482759,4.0,0.0,0.00011117643716521696,6
I4210151194,0.0037715517241379308,28.0,0.0,0.000965162452379337,17
I4210151202,0.00013469827586206896,1.0,0.0,4.8495775937719136e-05,24
I4210151209,0.00013469827586206896,1.0,0.0,8.317546342200496e-05,4
I4210151278,0.0009428879310344827,7.0,0.0,1.619381020495137e-05,1
I4210151290,0.005657327586206897,45.0,0.0009737741979626121,0.0006270006081019998,3
I4210151294,0.0005387931034482759,4.0,0.0,0.00042728812154500177,4
I4210151342,0.002963362068965517,22.0,8.946012393910817e-06,0.00036075109584227626,6
I4210151352,0.0005387931034482759,5.0,0.0,0.0002263156463824937,24
I4210151365,0.0004040948275862069,3.0,0.0,7.457354575999289e-41,298
I4210151375,0.00026939655172413793,2.0,0.0,1.6315481059243376e-05,0
I4210151378,0.0005387931034482759,4.0,0.0,5.96994341793228e-06,13
I4210151406,0.0012122844827586207,9.0,0.0,0.0002676137732965212,1
I4210151437,0.0010775862068965517,8.0,0.0,9.516768428724597e-05,13
I4210151458,0.0006734913793103449,6.0,0.0,0.0007158061547482197,0
I4210151462,0.0008081896551724138,6.0,0.0,0.0005989734269058694,0
I4210151515,0.0004040948275862069,3.0,0.0,1.1664096843244762e-05,0
I4210151618,0.0045797413793103444,48.0,3.992135348195496e-07,0.005464765230642374,16
I4210151627,0.0008081896551724138,10.0,0.0,0.0013309224888363523,0
I4210151670,0.0009428879310344827,7.0,0.0,0.0011182641447723654,1
I4210151703,0.0006734913793103449,5.0,0.0,0.000880943818161823,4
I4210151704,0.012661637931034482,96.0,7.1884359224325435e-06,0.008371422773006829,11
I4210151723,0.0004040948275862069,3.0,0.0,0.0001882948552256918,24
I4210151799,0.0008081896551724138,6.0,7.258427905809994e-08,0.00030331652989068014,4
I4210151833,0.0009428879310344827,13.0,0.00024321177305392837,0.0005464854674291447,3
I4210151850,0.0009428879310344827,8.0,1.8146069764524985e-08,0.0009810475350800153,0
I4210151861,0.0010775862068965517,8.0,0.0,0.0001436833595972685,4
I4210151865,0.0005387931034482759,4.0,0.0,2.0639538181244317e-05,6
I4210151929,0.0005387931034482759,4.0,1.0887641858714991e-07,3.0013281310473023e-05,4
I4210151956,0.0006734913793103449,5.0,3.266292557614497e-07,4.086692874073762e-05,0
I4210151964,0.00013469827586206896,1.0,0.0,3.5559437637325713e-47,275
I4210151975,0.00013469827586206896,1.0,0.0,6.053084853754076e-05,4
I4210151987,0.0025592672413793103,23.0,2.594887976327073e-06,0.001138484894100987,4
I4210152006,0.0010775862068965517,9.0,7.621349301100493e-07,0.0003198564024052981,4
I4210152009,0.0020204741379310346,15.0,0.0,0.0007077796536218734,17
I4210152024,0.00390625,29.0,2.1649753360111913e-05,0.0009652565486131792,17
I4210152047,0.0013469827586206897,10.0,0.0,0.002762752897889568,0
I4210152119,0.0018857758620689654,16.0,0.0,0.002332120018929754,4
I4210152127,0.0012122844827586207,10.0,4.669588619404429e-07,0.0007195764997529752,2
I4210152134,0.0004040948275862069,3.0,0.0,5.642874082905124e-06,6
I4210152155,0.0004040948275862069,3.0,0.0,3.132761302826959e-05,4
I4210152167,0.00013469827586206896,1.0,0.0,2.1182772114016132e-07,1
I4210152177,0.0004040948275862069,6.0,0.0,0.002659108932296089,0
I4210152224,0.00013469827586206896,1.0,0.0,1.3338017491380567e-05,1
I4210152230,0.0020204741379310346,15.0,0.0,3.551181335263707e-05,35
I4210152232,0.0006734913793103449,5.0,0.0,9.205783852865298e-05,0
I4210152252,0.0004040948275862069,3.0,0.0,7.457354575999289e-41,298
I4210152282,0.006734913793103448,50.0,0.0,0.008551302713276428,4
I4210152380,0.005926724137931034,57.0,0.0006940085355241011,0.007605859216586743,4
I4210152414,0.00026939655172413793,2.0,0.0,2.2804987526412642e-06,11
I4210152422,0.003502155172413793,30.0,2.160246400538688e-07,0.0006666304849561282,6
I4210152428,0.0,0.0,0.0,1.6956061190283638e-53,457
I4210152443,0.0005387931034482759,4.0,0.0,0.0004783561542014536,11
I4210152448,0.0006734913793103449,6.0,1.8146069764524985e-08,0.0008881250884916263,17
I4210152471,0.0006734913793103449,6.0,0.0,0.00022338772740072136,3
I4210152474,0.0005387931034482759,4.0,0.0,0.0025782624896876364,4
I4210152518,0.0012122844827586207,10.0,1.8146069764524985e-08,0.0005897757152736725,11
I4210152533,0.00013469827586206896,1.0,0.0,8.255834601238687e-06,4
I4210152536,0.0006734913793103449,5.0,0.0,9.205783852865298e-05,0
I4210152560,0.00026939655172413793,2.0,0.0,1.0437785398173243e-07,34
I4210152596,0.0006734913793103449,5.0,0.0,1.7811831260585603e-05,6
I4210152629,0.00013469827586206896,1.0,0.0,0.00022240728450020138,0
I4210152641,0.0006734913793103449,5.0,0.0,0.00020789460824917775,21
I4210152658,0.00026939655172413793,2.0,0.0,1.7736638898204747e-43,458
I4210152718,0.0008081896551724138,6.0,0.0,1.232197500664568e-05,13
I4210152724,0.0006734913793103449,5.0,0.0,0.000298009631234636,1
I4210152736,0.0006734913793103449,5.0,0.0,1.751074163483999e-05,17
I4210152758,0.0028286637931034483,25.0,7.863296897960826e-08,0.006638392078430758,4
I4210152873,0.0,0.0,0.0,1.6956061190283638e-53,459
I4210152875,0.00026939655172413793,2.0,0.0,3.353935996044779e-06,16
I4210152878,0.007139008620689655,56.0,1.1190076354790406e-06,0.0036265251901490864,1
I4210152903,0.00013469827586206896,1.0,0.0,1.991772452467062e-05,6
I4210152908,0.0006734913793103449,5.0,0.0,0.00214954380036834,4
I4210153031,0.0016163793103448276,12.0,0.0,0.00035287611755472823,6
I4210153043,0.007139008620689655,62.0,3.1271726894198063e-06,0.0038868487639918013,17
I4210153049,0.0,0.0,0.0,1.6956061190283638e-53,460
I4210153126,0.01710668103448276,145.0,0.0038571578388836955,0.008110665933852464,6
I4210153139,0.004445043103448276,45.0,7.566179931486735e-08,0.0018258855301214912,17
I4210153211,0.0009428879310344827,7.0,0.0,3.696150696032953e-05,1
I4210153212,0.0006734913793103449,5.0,0.0,0.0006484293382842141,17
I4210153230,0.0005387931034482759,4.0,0.0,0.0001509020986820506,4
I4210153248,0.00026939655172413793,2.0,0.0,1.08328915095109e-05,4
I4210153274,0.003367456896551724,36.0,0.0002823044560165753,0.00828593890441316,4
I4210153316,0.00026939655172413793,2.0,0.0,0.00020366900088599868,17
I4210153325,0.0005387931034482759,4.0,0.0,6.547962463224034e-06,0
I4210153371,0.0010775862068965517,8.0,0.0,0.0009061533816213805,17
I4210153373,0.0005387931034482759,4.0,0.0,7.716272730712719e-06,13
I4210153400,0.0005387931034482759,4.0,0.0,0.00018564758230425613,3
I4210153426,0.0004040948275862069,3.0,0.0,3.012559491324082e-05,4
I4210153468,0.002963362068965517,32.0,0.0005008980610900262,0.00427456037360013,0
I4210153474,0.0005387931034482759,5.0,0.0002427944134493443,6.638303008731066e-07,3
I4210153482,0.0005387931034482759,4.0,0.0,8.82350244909421e-05,4
I4210153519,0.0017510775862068966,14.0,0.0,0.0009300107765096313,4
I4210153546,0.014143318965517241,127.0,7.634310779503725e-07,0.015167828311074643,11
I4210153550,0.015490301724137932,192.0,4.708905103894233e-06,0.045864714683749565,4
I4210153608,0.0005387931034482759,4.0,0.0,7.553277668112211e-07,1
I4210153668,0.0008081896551724138,6.0,4.028427487724547e-06,0.001423068217062823,4
I4210153682,0.0022898706896551722,18.0,6.129560905758903e-05,0.0032922655668506987,4
I4210153742,0.00013469827586206896,1.0,0.0,0.0003942168828769044,24
I4210153755,0.004445043103448276,39.0,0.0002453565520902392,0.001285166869806111,17
I4210153757,0.0005387931034482759,4.0,0.0,1.9382065002289543e-07,6
I4210153760,0.00026939655172413793,2.0,0.0,5.236754109678681e-05,0
I4210153776,0.0012122844827586207,9.0,0.0002427944134493443,0.001472664848023814,11
I4210153777,0.00013469827586206896,1.0,0.0,8.988596101521402e-05,0
I4210153792,0.0075431034482758615,60.0,5.782547564961961e-06,0.006387530218287439,0
I4210153851,0.0010775862068965517,8.0,0.0,0.0007013200418081237,16
I4210153852,0.00026939655172413793,2.0,0.0,6.187297725079334e-05,6
I4210153856,0.007139008620689655,60.0,1.8146069764524982e-07,0.006896166641437885,4
I4210153905,0.00026939655172413793,2.0,0.0,3.8906035693860394e-05,13
I4210153924,0.00026939655172413793,2.0,0.0,2.3089925519479464e-06,13
I4210153930,0.0016163793103448276,12.0,0.0,0.000752378620212433,4
I4210153931,0.0005387931034482759,4.0,0.0,9.438827150592175e-05,13
I4210153980,0.0004040948275862069,3.0,0.0,5.6441307037056984e-05,24
I4210154029,0.0005387931034482759,4.0,0.0,6.383279926675757e-06,34
I4210154071,0.0012122844827586207,9.0,0.0,0.0002123395017873578,16
I4210154111,0.0026939655172413795,23.0,0.0007314741208979238,0.0013205121281693922,11
I4210154142,0.0030980603448275863,23.0,0.0,0.0025760279507888685,4
I4210154164,0.00026939655172413793,2.0,0.0,1.5755418701748196e-06,3
I4210154218,0.0021551724137931034,16.0,5.421940341380125e-05,0.00010076951793834222,13
I4210154221,0.00026939655172413793,2.0,0.0,7.623965830799241e-06,21
I4210154224,0.00013469827586206896,1.0,0.0,3.3333766355034005e-05,6
I4210154337,0.00026939655172413793,2.0,0.0,2.580469581551833e-05,34
I4210154338,0.00026939655172413793,2.0,0.0,0.00015380466660093635,4
I4210154361,0.003502155172413793,33.0,3.024344960754164e-08,0.004415876535414713,4
I4210154376,0.0010775862068965517,8.0,0.0,0.00015255230568603662,6
I4210154391,0.0009428879310344827,7.0,0.0,0.00021813083603402069,13
I4210154427,0.00026939655172413793,2.0,0.0,0.00036621387281395327,0
I4210154454,0.0014816810344827585,18.0,0.0,0.0016687792944236782,4
I4210154480,0.002963362068965517,23.0,0.0,0.004935889191478512,0
I4210154505,0.0008081896551724138,7.0,0.0,0.0022178766973552986,4
I4210154593,0.0013469827586206897,10.0,0.0,0.0005529612049996432,4
I4210154606,0.00013469827586206896,1.0,0.0,3.5559437637325713e-47,412
I4210154619,0.00013469827586206896,1.0,0.0,1.6758189143232456e-07,0
I4210154728,0.0005387931034482759,4.0,0.0,1.1912771994423944e-05,6
I4210154741,0.0004040948275862069,3.0,0.0,8.260042234646636e-05,21
I4210154783,0.0025592672413793103,19.0,0.00024279441344934435,0.0008736819027738262,24
I4210154877,0.00026939655172413793,2.0,0.0,7.673461757821436e-05,2
I4210154887,0.00013469827586206896,1.0,0.0,2.0567889519421638e-07,6
I4210154894,0.010910560344827586,81.0,0.0,0.005191661795350437,24
I4210154929,0.008081896551724138,64.0,4.080273401337475e-07,0.01075615400218005,4
I4210154940,0.0004040948275862069,3.0,0.0,7.457354575999289e-41,325
I4210155029,0.0006734913793103449,5.0,0.0,3.7196427738647907e-37,138
I4210155042,0.00026939655172413793,2.0,0.0,3.792500211300684e-05,4
I4210155055,0.006734913793103448,50.0,0.0,0.008551302713276428,4
I4210155084,0.0,0.0,0.0,1.6956061190283638e-53,461
I4210155085,0.00013469827586206896,1.0,0.0,3.5559437637325713e-47,359
I4210155088,0.00013469827586206896,1.0,0.0,3.741637953949532e-07,17
I4210155092,0.004310344827586207,32.0,0.0,0.0028777258305307165,0
I4210155103,0.00013469827586206896,1.0,0.0,3.5559437637325713e-47,418
I4210155113,0.0004040948275862069,3.0,0.0,0.00017884275868829304,4
I4210155202,0.00026939655172413793,2.0,0.0,0.00038182849300591394,11
I4210155230,0.0004040948275862069,3.0,0.0,0.001956087158472838,4
I4210155236,0.0021551724137931034,18.0,7.360842307331e-05,0.00013060884284872294,6
I4210155267,0.00013469827586206896,1.0,0.0,3.7489851755165015e-05,0
I4210155268,0.008890086206896552,84.0,0.001047112907071993,0.014718419741614024,0
I4210155320,0.00013469827586206896,1.0,0.0,3.5559437637325713e-47,262
I4210155350,0.0025592672413793103,27.0,0.0,0.003919597478674925,4
I4210155399,0.00013469827586206896,1.0,0.0,1.410758820839355e-05,34
I4210155410,0.00026939655172413793,2.0,0.0,1.9267142363507786e-05,13
I4210155419,0.009698275862068966,95.0,4.87342946975926e-06,0.015631087421901002,0
I4210155461,0.00026939655172413793,2.0,0.0,0.0002935567989464525,11
I4210155527,0.0008081896551724138,6.0,1.1813091416705763e-06,0.00010011187317138138,13
I4210155571,0.00026939655172413793,2.0,0.0,2.959365257753766e-05,0
I4210155576,0.003502155172413793,26.0,0.0,0.0056711137979743465,4
I4210155582,0.0018857758620689654,20.0,2.0505058833913232e-06,0.0013550267528828724,0
I4210155607,0.0005387931034482759,4.0,0.0,0.00018435354756858992,1
I4210155611,0.0006734913793103449,6.0,0.0,0.001016109208673181,4
I4210155647,0.006061422413793103,55.0,8.105244494821162e-07,0.0054635813395563955,6
I4210155659,0.00013469827586206896,1.0,0.0,4.5233022240167016e-07,21
I4210155756,0.003367456896551724,25.0,0.0,0.0006358096411627239,6
I4210155796,0.0009428879310344827,8.0,7.258427905809994e-08,0.0011313849310331833,4
I4210155814,0.003232758620689655,24.0,0.0,0.0010869508223672808,13
I4210155890,0.00026939655172413793,2.0,0.0,2.2940737056562896e-06,13
I4210155891,0.0025592672413793103,19.0,0.0,0.0009555169325617307,24
I4210155937,0.0013469827586206897,10.0,0.0,0.0002442622298863777,17
I4210155966,0.0006734913793103449,5.0,0.0,4.2415173915796796e-05,13
I4210155982,0.0006734913793103449,5.0,0.0,0.0007182892743368175,16
I4210156034,0.0008081896551724138,6.0,7.258427905809994e-08,0.00022497768670496284,4
I4210156054,0.0010775862068965517,10.0,4.587611588996787e-05,0.00016038859475860518,21
I4210156066,0.0004040948275862069,3.0,0.0,0.0003520273907486754,4
I4210156156,0.0006734913793103449,5.0,0.0,6.840183836663222e-06,13
I4210156165,0.002963362068965517,24.0,1.0161799068133992e-06,0.005460562982428793,4
I4210156168,0.0008081896551724138,6.0,0.0,0.0002219187739258563,4
I4210156171,0.0009428879310344827,7.0,0.0,2.8708331923652928e-05,1
I4210156205,0.0005387931034482759,5.0,0.0,1.1651913454681599e-05,13
I4210156221,0.005792025862068966,54.0,0.0009469923127856502,0.008739747430095552,0
I4210156301,0.0,0.0,0.0,1.6956061190283638e-53,462
I4210156302,0.00013469827586206896,1.0,0.0,7.317621727123526e-05,4
I4210156404,0.004983836206896551,67.0,1.330711782731832e-07,0.033408397268138164,4
I4210156423,0.0009428879310344827,11.0,0.0006261240885350131,0.0016954235247727467,4
I4210156450,0.009698275862068966,146.0,1.5069327196461749e-05,0.0067197191080906726,17
I4210156464,0.0,0.0,0.0,1.6956061190283638e-53,463
I4210156496,0.00013469827586206896,1.0,0.0,9.625441305495808e-05,0
I4210156545,0.0045797413793103444,35.0,6.774532712089327e-07,0.0039045382243242995,4
I4210156583,0.0028286637931034483,21.0,1.8146069764524985e-07,0.001657590902355857,1
I4210156643,0.0018857758620689654,14.0,2.9033711623239975e-07,0.0016327487894744563,17
I4210156703,0.0010775862068965517,9.0,0.0,0.000697114239424748,1
I4210156707,0.004310344827586207,32.0,0.0003165095382931983,0.0016468613735631256,17
I4210156709,0.0005387931034482759,4.0,0.0,9.164853250309978e-06,6
I4210156734,0.0004040948275862069,3.0,0.0,6.414101970482737e-07,0
I4210156758,0.0030980603448275863,26.0,6.968090789577594e-07,0.0004904902281917114,1
I4210156774,0.0,0.0,0.0,1.6956061190283638e-53,464
I4210156784,0.00026939655172413793,2.0,0.0,0.0006985987702391277,0
I4210156785,0.0004040948275862069,3.0,0.0,0.00022545137741755087,4
I4210156804,0.006196120689655173,62.0,4.255253359781109e-06,0.005762949379599434,4
I4210156806,0.00013469827586206896,2.0,0.0,1.1224544416165782e-06,13
I4210156829,0.0016163793103448276,12.0,7.258427905809994e-08,0.0009867871667162166,0
I4210156878,0.0008081896551724138,6.0,0.0004855162426196305,3.397821572129705e-05,24
I4210156893,0.0,0.0,0.0,1.6956061190283638e-53,465
I4210156904,0.0009428879310344827,12.0,0.0,0.0010334552617985247,4
I4210157029,0.0004040948275862069,3.0,0.0,4.205286186874925e-06,17
I4210157032,0.0006734913793103449,5.0,0.0,2.6895212741655634e-05,21
I4210157063,0.00013469827586206896,1.0,0.0,6.24060563596703e-07,13
I4210157065,0.0013469827586206897,10.0,0.0,0.0003146509792554103,1
I4210157113,0.0005387931034482759,4.0,0.0,0.000917396117635889,4
I4210157222,0.0017510775862068966,16.0,3.084831859969247e-07,0.0018331695435510633,0
I4210157288,0.0009428879310344827,7.0,0.0,0.0006732536564916276,17
I4210157294,0.006061422413793103,45.0,0.0,0.004461945720622674,17
I4210157308,0.0004040948275862069,3.0,0.0,2.4403980002188466e-05,13
I4210157323,0.0008081896551724138,6.0,0.0,0.0012581123647727372,4
I4210157345,0.0016163793103448276,18.0,0.0,0.008721931926333897,4
I4210157366,0.00026939655172413793,2.0,0.0,7.82739322831475e-05,4
I4210157425,0.00013469827586206896,1.0,0.0,3.5559437637325713e-47,374
I4210157426,0.0010775862068965517,9.0,0.0,9.092238110066364e-05,13
I4210157574,0.0026939655172413795,20.0,0.0,0.0006219210818202371,6
I4210157590,0.00026939655172413793,2.0,0.0,0.00020629965119958095,0
I4210157642,0.0013469827586206897,10.0,0.0002427944134493443,0.0010267435565502112,21
I4210157653,0.0008081896551724138,6.0,0.0,0.0016966412816261322,4
I4210157729,0.0012122844827586207,9.0,0.0,0.0018193034722666325,4
I4210157730,0.002963362068965517,22.0,0.0,0.0004510581504262408,27
I4210157775,0.0018857758620689654,14.0,0.0,0.00027385106925603665,6
I4210157781,0.004849137931034483,82.0,0.00015272942051808606,0.013292590002929486,4
I4210157790,0.00026939655172413793,2.0,0.0,0.00019529472114486945,0
I4210157861,0.0028286637931034483,27.0,0.0,0.007016453087535421,0
I4210157875,0.0005387931034482759,4.0,0.0,7.17423154562992e-05,1
I4210157890,0.0025592672413793103,20.0,5.4438209293574954e-08,0.0019774253527968916,0
I4210157930,0.0006734913793103449,5.0,0.0,4.677658281063587e-06,13
I4210157948,0.0012122844827586207,9.0,0.0,0.00010671279400260687,1
I4210157972,0.00013469827586206896,1.0,0.0,5.947434069974044e-06,4
I4210158006,0.00013469827586206896,1.0,0.0,3.5559437637325713e-47,324
I4210158008,0.0,0.0,0.0,1.6956061190283638e-53,466
I4210158057,0.0005387931034482759,4.0,0.0002427944134493443,7.775347687453989e-07,13
I4210158168,0.00026939655172413793,2.0,0.0,6.618398599382488e-05,24
I4210158179,0.00026939655172413793,2.0,0.0,0.00010261905555136059,4
I4210158190,0.0009428879310344827,7.0,0.0,0.00016317911777895638,4
I4210158289,0.0006734913793103449,5.0,0.0,1.4097638627388874e-05,2
I4210158314,0.0005387931034482759,4.0,0.0,0.00038750663978939705,0
I4210158318,0.005387931034482759,49.0,9.245854594305587e-07,0.006699342238399477,4
I4210158342,0.00013469827586206896,1.0,0.0,0.00035871983172507794,0
I4210158352,0.00026939655172413793,2.0,0.0,4.146960671344084e-06,6
I4210158373,0.0013469827586206897,10.0,0.0,0.0012977654558915528,24
I4210158374,0.0014816810344827585,11.0,0.0,0.00031274104471465316,34
I4210158385,0.0013469827586206897,11.0,0.0,0.0001902961068064174,35
I4210158428,0.0018857758620689654,14.0,0.0,0.0011736292113123682,24
I4210158445,0.002963362068965517,27.0,0.0,0.008697189977944728,4
I4210158500,0.007273706896551724,55.0,0.0,0.006294335048396446,17
I4210158502,0.0008081896551724138,6.0,0.0,0.0006409010359745659,16
I4210158522,0.0004040948275862069,3.0,0.0,6.636425963467006e-05,4
I4210158561,0.00646551724137931,48.0,0.0,0.002781256088917381,6
I4210158570,0.00013469827586206896,1.0,0.0,0.00017068291063681678,4
I4210158571,0.009967672413793103,74.0,0.0,0.006904944637433569,11
I4210158593,0.0024245689655172415,23.0,0.0,0.0031067906179964265,0
I4210158700,0.0004040948275862069,3.0,0.0,2.3150911617506828e-05,2
I4210158702,0.0037715517241379308,32.0,2.6069853561700897e-06,0.0034424244032608816,21
I4210158732,0.0005387931034482759,4.0,0.0,1.606709001740349e-05,24
I4210158738,0.0004040948275862069,3.0,0.0,7.457354575999289e-41,467
I4210158774,0.0025592672413793103,19.0,0.0,0.0022013617896822118,4
I4210158808,0.00026939655172413793,2.0,0.0,6.806483808011589e-05,6
I4210158823,0.0006734913793103449,5.0,0.0,0.0006998515888952912,4
I4210158898,0.011853448275862068,91.0,4.7179781387764957e-07,0.006818667280023986,24
I4210158926,0.005792025862068966,56.0,0.00012104335836426391,0.009901293072065753,4
I4210158968,0.002963362068965517,22.0,0.0,0.004808806563603384,0
I4210159029,0.0013469827586206897,13.0,0.0,0.006838228222912677,4
I4210159031,0.0028286637931034483,23.0,0.0,0.0032756512191790587,0
I4210159047,0.00026939655172413793,2.0,0.0,3.0909764281508377e-06,6
I4210159102,0.004849137931034483,58.0,1.0887641858714991e-07,0.0194810952655076,4
I4210159146,0.009967672413793103,74.0,0.0,0.006904944637433569,11
I4210159154,0.0,0.0,0.0,1.6956061190283638e-53,468
I4210159227,0.00026939655172413793,2.0,0.0,2.8570379769764504e-05,16
I4210159238,0.0,0.0,0.0,1.6956061190283638e-53,469
I4210159266,0.00013469827586206896,1.0,0.0,0.0005220881450544827,0
I4210159271,0.00026939655172413793,2.0,0.0,9.397990936148393e-05,11
I4210159329,0.0013469827586206897,10.0,0.0,0.0006760429027158897,24
I4210159340,0.00013469827586206896,1.0,0.0,0.00011421089264524027,4
I4210159344,0.0009428879310344827,7.0,0.0,0.00086326679024915,4
I4210159412,0.0004040948275862069,3.0,0.0,6.034930236446915e-05,13
I4210159420,0.0005387931034482759,4.0,0.0,0.0016127570295388105,4
I4210159452,0.00013469827586206896,1.0,0.0,3.5559437637325713e-47,470
I4210159509,0.00013469827586206896,1.0,0.0,3.5559437637325713e-47,357
I4210159521,0.0009428879310344827,7.0,0.0,0.0016131881482535834,0
I4210159553,0.0,0.0,0.0,1.6956061190283638e-53,471
I4210159566,0.0,0.0,0.0,1.6956061190283638e-53,472
I4210159575,0.0024245689655172415,19.0,1.4516855811619988e-07,0.001069107219185809,0
I4210159579,0.0005387931034482759,4.0,0.0,0.0005033866778933757,0
I4210159638,0.0005387931034482759,4.0,0.0,5.6120699638763134e-05,1
I4210159676,0.00013469827586206896,1.0,0.0,2.7041395530433405e-05,4
I4210159731,0.0005387931034482759,4.0,0.0,3.740580456326626e-05,6
I4210159750,0.0005387931034482759,4.0,0.0,2.8879278502763788e-05,4
I4210159755,0.0006734913793103449,5.0,0.0,4.069724892861746e-05,13
I4210159778,0.0017510775862068966,14.0,1.7057305578653486e-06,0.0006279054198527518,1
I4210159779,0.0006734913793103449,5.0,0.0,8.826047462634941e-07,13
I4210159782,0.0004040948275862069,3.0,0.0,7.457354575999289e-41,325
I4210159835,0.0022898706896551722,21.0,0.0,0.007142854490512686,4
I4210159854,0.0026939655172413795,20.0,0.0,0.0015189728860427651,17
I4210159865,0.008216594827586207,70.0,1.2175148713436049e-06,0.007168332937235552,4
I4210159873,0.0018857758620689654,14.0,0.0,0.0027965540994381896,0
I4210159875,0.0013469827586206897,10.0,0.0,0.001883292041530844,0
I4210159876,0.00026939655172413793,2.0,0.0,0.00036586827541554035,4
I4210159887,0.00026939655172413793,2.0,0.0,4.3513058847822375e-08,17
I4210159893,0.0010775862068965517,8.0,0.0,0.00015255230568603662,6
I4210159918,0.0,0.0,0.0,1.6956061190283638e-53,473
I4210159937,0.0004040948275862069,3.0,0.0,0.0003047041868823133,0
I4210159940,0.009967672413793103,74.0,0.0,0.006904944637433569,11
I4210159968,0.0037715517241379308,31.0,0.000381998963302937,0.0054837832861153665,4
I4210160017,0.0,0.0,0.0,1.6956061190283638e-53,474
I4210160030,0.00026939655172413793,2.0,0.0,2.57905093148456e-05,4
I4210160053,0.0009428879310344827,7.0,0.0,0.00040366003777602967,16
I4210160062,0.0004040948275862069,3.0,0.0,7.457354575999289e-41,467
I4210160071,0.00013469827586206896,1.0,0.0,1.7050698710259583e-05,6
I4210160102,0.00026939655172413793,2.0,0.0,0.00017266488148698822,24
I4210160144,0.0020204741379310346,19.0,1.8146069764524985e-08,0.0010723772166572195,24
I4210160189,0.004714439655172414,40.0,6.555051677794596e-06,0.0013053852616612411,6
I4210160192,0.0014816810344827585,11.0,0.0,0.0008338318303453359,16
I4210160211,0.00026939655172413793,2.0,0.0,0.0005851867560557197,4
I4210160263,0.0008081896551724138,6.0,2.1775283717429981e-07,0.00010123778460652772,13
I4210160315,0.0012122844827586207,10.0,0.0,0.0022608136330076337,0
I4210160344,0.0028286637931034483,23.0,4.4457870923086206e-07,0.0030342947811985263,4
I4210160376,0.0013469827586206897,10.0,0.0,0.0002442622298863777,17
I4210160382,0.002963362068965517,22.0,0.0,0.001496150039645886,6
I4210160384,0.0004040948275862069,3.0,0.0,5.1467743524971776e-05,13
I4210160450,0.00525323275862069,39.0,0.0,0.002881160501581851,1
I4210160507,0.004983836206896551,40.0,4.23408294505583e-07,0.004710409838918717,4
I4210160517,0.0016163793103448276,12.0,0.0,6.393436678182572e-05,0
I4210160527,0.0010775862068965517,8.0,0.0,0.001496902803460247,0
I4210160578,0.0,0.0,0.0,1.6956061190283638e-53,475
I4210160609,0.0009428879310344827,7.0,0.0,0.00020899423772044738,0
I4210160618,0.0021551724137931034,19.0,3.629213952904997e-08,0.0038241357559726714,4
I4210160625,0.0009428879310344827,13.0,9.073034882262492e-09,0.000969377218349498,1
I4210160695,0.0025592672413793103,19.0,0.0,0.0022013617896822118,4
I4210160756,0.0030980603448275863,23.0,0.0,0.0010929013148929846,4
I4210160773,0.0009428879310344827,7.0,0.0,0.0014859739121081286,0
I4210160791,0.0008081896551724138,8.0,0.0,0.0012012894767138972,0
I4210160792,0.0008081896551724138,6.0,0.0,1.3098967046096506e-05,2
I4210160793,0.0030980603448275863,32.0,1.2097379843016655e-08,0.012275246788707022,4
I4210160794,0.0005387931034482759,4.0,0.0,0.0003505494445967649,24
I4210160821,0.008351293103448275,62.0,1.7813391818842028e-06,0.009270841053503101,4
I4210160844,0.0004040948275862069,3.0,0.0,0.000886102143114234,4
I4210160856,0.00013469827586206896,1.0,0.0,2.5483672530590218e-05,0
I4210160892,0.0005387931034482759,4.0,0.0,2.5812700140941608e-05,0
I4210160970,0.00026939655172413793,2.0,0.0,2.8885429964405847e-07,105
I4210160977,0.0005387931034482759,4.0,0.0,8.101020210872487e-05,0
I4210161003,0.00013469827586206896,1.0,0.0,2.495767513162066e-05,4
I4210161026,0.0025592672413793103,19.0,0.0,0.0014254813738138184,0
I4210161030,0.0022898706896551722,17.0,0.0,0.0006258354463100845,17
I4210161052,0.0005387931034482759,6.0,0.0,0.000540497241457612,13
I4210161087,0.00026939655172413793,2.0,0.0,1.3177378510385879e-05,4
I4210161109,0.0020204741379310346,19.0,7.2584279058099945e-09,0.004279893945704672,4
I4210161116,0.00013469827586206896,1.0,0.0,0.0001478889338718459,24
I4210161134,0.00026939655172413793,2.0,0.0,4.3122940886680516e-05,4
I4210161173,0.00026939655172413793,2.0,0.0,1.544875922854787e-07,13
I4210161235,0.00013469827586206896,1.0,0.0,3.5559437637325713e-47,476
I4210161239,0.0009428879310344827,7.0,0.0,0.0001668905692342594,17
I4210161255,0.0020204741379310346,15.0,9.85072358645642e-08,0.00022480250628315255,4
I4210161256,0.0022898706896551722,22.0,2.055262745965309e-05,0.002365003590013377,17
I4210161351,0.0004040948275862069,3.0,0.0,0.0012118831090566825,4
I4210161407,0.0009428879310344827,7.0,0.0,0.00020734661872587223,2
I4210161436,0.004445043103448276,33.0,0.0,0.0006184717896368957,3
I4210161460,0.003502155172413793,31.0,0.000727312622231926,0.0038413932089496005,0
I4210161462,0.0013469827586206897,15.0,0.00019165878885291288,0.0013045230228726757,4
I4210161471,0.00026939655172413793,2.0,0.0,0.00038857082760411477,13
I4210161496,0.0006734913793103449,6.0,0.0,0.001383930757864841,4
I4210161521,0.0006734913793103449,5.0,0.0,0.00032523324799326386,27
I4210161528,0.00525323275862069,42.0,8.740356936579537e-06,0.0036902393358481476,4
I4210161616,0.0013469827586206897,11.0,0.0,0.00026365783517476126,4
I4210161667,0.0,0.0,0.0,1.6956061190283638e-53,477
I4210161700,0.00646551724137931,48.0,0.0,0.002781256088917381,6
I4210161720,0.00013469827586206896,1.0,0.0,1.008974394333888e-05,6
I4210161752,0.00026939655172413793,2.0,0.0,0.0005934534692077935,4
I4210161759,0.00013469827586206896,1.0,0.0,1.0076667598786521e-05,0
I4210161771,0.0004040948275862069,3.0,0.0,0.0001804188353482056,24
I4210161895,0.003232758620689655,24.0,0.0,0.0010869508223672808,13
I4210161917,0.0016163793103448276,12.0,0.0,0.0003707667381628617,17
I4210161945,0.00026939655172413793,2.0,0.0,0.00034851952106778857,11
I4210161954,0.00013469827586206896,1.0,0.0,5.21236451414842e-05,11
I4210161994,0.005657327586206897,91.0,4.845000627128172e-07,0.01747936859710992,0
I4210162009,0.0006734913793103449,5.0,0.0,0.0007036536978550717,4
I4210162014,0.0005387931034482759,5.0,0.0,1.1651913454681599e-05,13
I4210162019,0.0006734913793103449,5.0,0.0,3.9157302409830775e-06,13
I4210162037,0.0004040948275862069,3.0,0.0,1.0882988294682543e-05,6
I4210162051,0.011449353448275862,182.0,0.00018483858963973487,0.00842504797713276,17
I4210162071,0.0014816810344827585,11.0,0.0,0.0013964486182300262,0
I4210162087,0.0008081896551724138,6.0,0.0,0.00015955407104730366,6
I4210162141,0.0017510775862068966,13.0,1.4196275245780043e-06,0.0014455543898627327,0
I4210162154,0.00013469827586206896,1.0,0.0,1.5673874576107983e-05,21
I4210162172,0.0009428879310344827,7.0,0.0,0.0006410016651398322,4
I4210162178,0.0004040948275862069,3.0,0.0,1.87667087616927e-05,2
I4210162189,0.004983836206896551,69.0,4.899438836421745e-07,0.012784116918937657,4
I4210162190,0.003636853448275862,28.0,0.001175399571617263,0.002025521232099299,4
I4210162197,0.0006734913793103449,5.0,0.0,0.0007398166055411341,0
I4210162215,0.0008081896551724138,6.0,0.0,0.0007474108187187856,4
I4210162240,0.0004040948275862069,3.0,0.0,3.880677217453666e-06,4
I4210162280,0.0013469827586206897,10.0,0.0,0.00043495833495383295,1
I4210162314,0.0004040948275862069,3.0,0.0,0.0011319740056479905,4
I4210162351,0.0004040948275862069,3.0,0.0,3.357255676344552e-05,6
I4210162359,0.0020204741379310346,15.0,0.0,3.551181335263707e-05,35
I4210162370,0.0005387931034482759,4.0,0.0,0.00012830516919894056,0
I4210162392,0.00026939655172413793,2.0,0.0,5.032406306857444e-08,2
I4210162405,0.00026939655172413793,2.0,0.0,3.6210039189354745e-05,1
I4210162420,0.0009428879310344827,7.0,0.0,0.0006410016651398322,4
I4210162439,0.0014816810344827585,11.0,0.00025761383337182366,6.4697768389407854e-06,13
I4210162457,0.0010775862068965517,8.0,0.0,0.0008181649583775448,3
I4210162646,0.0005387931034482759,8.0,0.0,2.9001881945486543e-05,27
I4210162648,0.0004040948275862069,3.0,0.0,0.00040864174223076454,4
I4210162743,0.0016163793103448276,18.0,0.0,0.0025528998965889667,0
I4210162753,0.0037715517241379308,29.0,0.0,0.0054364213963882385,0
I4210162809,0.0005387931034482759,4.0,0.0,0.0005195658851643253,4
I4210162901,0.0,0.0,0.0,1.6956061190283638e-53,478
I4210162994,0.00013469827586206896,1.0,0.0,9.180912629316731e-06,4
I4210163047,0.0045797413793103444,37.0,8.228407342937204e-06,0.0008284178224900198,6
I4210163050,0.0004040948275862069,3.0,0.0,0.000266342706449991,0
I4210163063,0.0005387931034482759,5.0,2.1775283717429981e-07,2.1158210914882252e-06,1
I4210163099,0.00646551724137931,48.0,0.0,0.002781256088917381,6
I4210163111,0.009967672413793103,74.0,0.0,0.006904944637433569,11
I4210163116,0.00026939655172413793,2.0,0.0,1.7736638898204747e-43,39
I4210163196,0.0014816810344827585,11.0,0.0,0.00041616779406252467,1
I4210163238,0.0017510775862068966,13.0,0.0,0.002757113749448634,3
I4210163239,0.0008081896551724138,6.0,0.0,0.002170569773206948,4
I4210163247,0.00026939655172413793,2.0,0.0,1.7736638898204747e-43,150
I4210163339,0.0021551724137931034,16.0,0.0,0.0002867861520763004,1
I4210163363,0.0006734913793103449,5.0,0.0,0.00018287650866664787,4
I4210163399,0.0045797413793103444,45.0,0.00101250835203095,0.008415092342851442,4
I4210163477,0.0006734913793103449,5.0,0.0,0.00018795970002286486,0
I4210163497,0.0028286637931034483,21.0,0.0,0.004173096958820784,4
I4210163538,0.0006734913793103449,5.0,0.0,0.00019526194656612533,1
I4210163543,0.00013469827586206896,1.0,0.0,6.594863522868301e-05,24
I4210163549,0.0012122844827586207,9.0,0.0,0.0004853968362815188,3
I4210163651,0.0004040948275862069,3.0,0.0,7.457354575999289e-41,467
I4210163720,0.0016163793103448276,12.0,0.0,0.0017565753038488517,1
I4210163771,0.0012122844827586207,9.0,0.0,0.002709456375657564,0
I4210163794,0.0010775862068965517,8.0,1.2653859315795423e-05,1.523881380578961e-05,34
I4210163796,0.0021551724137931034,16.0,0.0,0.001717005801205959,4
I4210163837,0.0010775862068965517,8.0,0.0,0.001208445152925336,0
I4210163890,0.00013469827586206896,1.0,0.0,0.00010990048862520412,4
I4210163933,0.0006734913793103449,5.0,0.0,0.0005135414181827037,4
I4210163952,0.00013469827586206896,1.0,0.0,8.779817850571858e-05,4
I4210164000,0.0004040948275862069,3.0,0.0,0.0002363121669744105,4
I4210164047,0.0010775862068965517,8.0,0.0,0.00012178887270616469,21
I4210164113,0.0013469827586206897,10.0,0.0,0.0012661113622967426,0
I4210164117,0.0004040948275862069,4.0,0.0,0.00022794349217643167,0
I4210164140,0.0005387931034482759,4.0,0.0,8.085280032293146e-39,31
I4210164142,0.00026939655172413793,2.0,0.0,2.2753294895874024e-05,4
I4210164146,0.0017510775862068966,13.0,0.0,0.002332105455528162,0
I4210164149,0.0028286637931034483,21.0,0.0,0.003203964879799575,0
I4210164150,0.003367456896551724,43.0,1.8146069764524985e-08,0.006365522436973344,4
I4210164166,0.0006734913793103449,5.0,0.0,2.079307060498875e-05,0
I4210164233,0.0005387931034482759,8.0,0.0,2.9001881945486543e-05,27
I4210164246,0.0016163793103448276,12.0,0.0,0.00018884291678925087,4
I4210164289,0.0008081896551724138,6.0,0.0,0.00021262282553947728,1
I4210164332,0.0014816810344827585,12.0,0.0,0.0013084504474080926,4
I4210164339,0.0045797413793103444,34.0,0.001614139805158472,0.00418267858287127,11
I4210164364,0.00013469827586206896,1.0,0.0,2.254165176293329e-06,34
I4210164386,0.00026939655172413793,2.0,0.0,0.00012661818674892652,4
I4210164387,0.0,0.0,0.0,1.6956061190283638e-53,479
I4210164395,0.0010775862068965517,8.0,0.0,0.0008184311387734349,0
I4210164401,0.0016163793103448276,12.0,0.0,0.0025743044464222545,0
I4210164424,0.0005387931034482759,15.0,0.0,9.173041273711558e-05,13
I4210164447,0.0004040948275862069,3.0,0.0,0.0007285028294950115,4
I4210164449,0.00013469827586206896,1.0,0.0,3.250573024056547e-05,4
I4210164523,0.0013469827586206897,10.0,0.0,0.0003146509792554103,1
I4210164526,0.0,0.0,0.0,1.6956061190283638e-53,480
I4210164580,0.009967672413793103,74.0,0.0,0.006904944637433569,11
I4210164607,0.00026939655172413793,2.0,0.0,0.00026073900311185405,24
I4210164624,0.0004040948275862069,3.0,0.0,0.0005950800725060843,16
I4210164694,0.0005387931034482759,4.0,0.0,4.200972772760715e-05,13
I4210164699,0.00026939655172413793,4.0,0.0,4.059728186877869e-05,16
I4210164738,0.0016163793103448276,12.0,0.0,0.0005374691215732552,21
I4210164771,0.00013469827586206896,1.0,0.0,1.1688349036794075e-05,0
I4210164774,0.00013469827586206896,1.0,0.0,3.5559437637325713e-47,481
I4210164802,0.015086206896551723,165.0,0.0018239836245498976,0.022121513528045342,0
I4210164828,0.00026939655172413793,2.0,0.0,4.713974680043227e-06,4
I4210164862,0.021147629310344827,228.0,0.003589942605781801,0.0367886404844759,0
I4210164873,0.0014816810344827585,11.0,0.0,0.00029998577087712907,17
I4210164901,0.0004040948275862069,3.0,0.0,0.0003619545536291417,0
I4210164926,0.00026939655172413793,2.0,0.0,0.0003566001181854459,4
I4210164937,0.016433189655172414,208.0,0.0025488513973344696,0.045623057347034576,0
I4210165017,0.00013469827586206896,2.0,0.0,2.82151764167871e-05,34
I4210165024,0.0037715517241379308,29.0,1.0161799068133992e-06,0.0037949769417719645,4
I4210165038,0.0390625,672.0,0.006926694419853351,0.1941845303870699,4
I4210165059,0.0021551724137931034,16.0,0.0,0.0005747197496821526,17
I4210165067,0.0021551724137931034,21.0,0.0,0.001181116081788925,17
I4210165075,0.00026939655172413793,2.0,0.0,2.1885707399112653e-05,4
I4210165092,0.006734913793103448,50.0,0.0,0.008551302713276428,4
I4210165134,0.0,0.0,0.0,1.6956061190283638e-53,482
I4210165198,0.0010775862068965517,8.0,0.0,0.002175028781560814,4
I4210165204,0.0010775862068965517,8.0,1.4516855811619988e-07,0.0016603648609295398,4
I4210165216,0.0006734913793103449,5.0,0.0,8.48751993749748e-06,27
I4210165227,0.0,0.0,0.0,1.6956061190283638e-53,483
I4210165264,0.0004040948275862069,3.0,0.0,2.288449929881623e-05,4
I4210165303,0.00026939655172413793,2.0,0.0,1.3640333417239195e-05,1
I4210165321,0.00013469827586206896,1.0,0.0,4.342083328830024e-07,21
I4210165339,0.00026939655172413793,2.0,0.0,0.0009944343216780787,4
I4210165376,0.0,0.0,0.0,1.6956061190283638e-53,484
I4210165411,0.007947198275862068,59.0,0.0,0.006164370490298715,11
I4210165424,0.0017510775862068966,13.0,0.0,0.0009602479609274262,17
I4210165438,0.002963362068965517,22.0,0.0,0.001496150039645886,6
I4210165441,0.0025592672413793103,19.0,0.0,0.0022013617896822113,4
I4210165444,0.00013469827586206896,1.0,0.0,0.0003867627870239518,4
I4210165456,0.0012122844827586207,9.0,0.0,0.002249623269616286,4
I4210165462,0.010910560344827586,81.0,0.0,0.005191661795350437,24
I4210165529,0.0013469827586206897,11.0,6.272341498191795e-06,2.0912290909380348e-05,13
I4210165547,0.0,0.0,0.0,1.6956061190283638e-53,485
I4210165606,0.00026939655172413793,2.0,0.0,0.0003128963120350476,4
I4210165678,0.0010775862068965517,8.0,0.0,0.0012717055474507485,4
I4210165680,0.00013469827586206896,1.0,0.0,8.962849666956943e-06,13
I4210165715,0.0004040948275862069,3.0,0.0,3.463206747409332e-05,6
I4210165726,0.0006734913793103449,6.0,0.0,0.0020145754986163095,4
I4210165738,0.0,0.0,0.0,1.6956061190283638e-53,486
I4210165745,0.0012122844827586207,9.0,0.0,0.00010671279400260687,1
I4210165778,0.0010775862068965517,8.0,0.0,0.0012717055474507485,4
I4210165815,0.0025592672413793103,19.0,0.0,0.0022013617896822113,4
I4210165845,0.0009428879310344827,8.0,0.0,0.0008788087815990763,4
I4210165875,0.005792025862068966,43.0,0.0,0.002665307642266758,21
I4210165912,0.0010775862068965517,10.0,7.258427905809994e-08,0.0005410997784689238,1
I4210165985,0.0017510775862068966,13.0,0.0,0.0024465270662938263,0
I4210166029,0.00013469827586206896,2.0,0.0,3.665900641886217e-06,6
I4210166036,0.0006734913793103449,5.0,0.0,0.00031599879540361543,0
I4210166055,0.0009428879310344827,7.0,0.0,0.0005733399731141889,4
I4210166108,0.00013469827586206896,1.0,0.0,3.5559437637325713e-47,381
I4210166112,0.0012122844827586207,9.0,0.0,0.0020375154329830216,4
I4210166161,0.0006734913793103449,5.0,0.0,1.337524300980625e-05,2
I4210166196,0.0006734913793103449,5.0,0.0,1.2358989732371101e-05,6
I4210166206,0.0005387931034482759,4.0,0.0,8.881082115580762e-05,6
I4210166223,0.00026939655172413793,2.0,0.0,0.0002077864699819929,6
I4210166253,0.002963362068965517,22.0,0.0,0.0005678055386965526,17
I4210166360,0.0009428879310344827,7.0,0.0,3.383398271092004e-05,27
I4210166399,0.0005387931034482759,7.0,0.0,0.0014437916087844558,17
I4210166402,0.0012122844827586207,9.0,0.00013888094494279198,0.0012730441632229853,4
I4210166406,0.0006734913793103449,5.0,0.0,0.0020664829017050523,0
I4210166444,0.016163793103448277,131.0,8.86264272465696e-05,0.008554873149945831,1
I4210166499,0.0004040948275862069,3.0,0.0004855525347591595,7.787011497991929e-06,338
I4210166566,0.00013469827586206896,1.0,0.0,0.0001478889338718459,24
I4210166576,0.004040948275862069,37.0,3.629213952904997e-08,0.007260925874876784,4
I4210166604,0.0004040948275862069,3.0,0.0,3.2247990368285236e-05,6
I4210166615,0.003502155172413793,32.0,5.333553312088398e-05,0.000832275136119846,11
I4210166639,0.0005387931034482759,6.0,0.0,0.0005049326089095785,1
I4210166688,0.0008081896551724138,7.0,1.1940113905057438e-06,0.0007726092422110364,24
I4210166741,0.0017510775862068966,15.0,0.0004920911685643101,0.0002865511516431151,6
I4210166795,0.00013469827586206896,1.0,0.0,7.128504209139514e-07,6
I4210166820,0.0,0.0,0.0,1.6956061190283638e-53,487
I4210166862,0.00026939655172413793,2.0,0.0,7.686012125432576e-06,13
I4210166865,0.0004040948275862069,3.0,0.0,0.0001946229083711988,1
I4210166946,0.0018857758620689654,17.0,1.6331462788072485e-07,0.0022025494835324674,0
I4210166960,0.0022898706896551722,17.0,0.0,0.0006258354463100845,17
I4210167018,0.00026939655172413793,2.0,0.0,5.068224493455792e-05,1
I4210167034,0.0006734913793103449,5.0,0.00019672033257923097,4.647876345574328e-05,17
I4210167039,0.003502155172413793,31.0,0.00048566141117774666,0.004570784562722463,0
I4210167045,0.00026939655172413793,2.0,0.0,4.713974680043227e-06,4
I4210167048,0.0004040948275862069,3.0,0.0,1.8744529906560765e-05,24
I4210167079,0.0020204741379310346,17.0,1.2641761935952406e-06,0.003631305270550769,4
I4210167080,0.0005387931034482759,4.0,0.0,0.00045714746097077255,1
I4210167126,0.004040948275862069,39.0,2.721910464678748e-07,0.007228392997508061,0
I4210167196,0.0008081896551724138,6.0,0.0,0.0002874937862570726,0
I4210167216,0.0005387931034482759,4.0,0.0,0.00018057762767583063,3
I4210167230,0.0005387931034482759,4.0,0.0,2.361825750191254e-05,1
I4210167254,0.0017510775862068966,15.0,0.0,0.0028913357427678824,0
I4210167295,0.0016163793103448276,12.0,0.0,0.0019529172295049409,4
I4210167297,0.0016163793103448276,12.0,0.0,0.00032306080220994015,34
I4210167311,0.0013469827586206897,19.0,0.0,0.006526954856454177,4
I4210167317,0.0004040948275862069,3.0,0.0,2.6617817968928562e-05,3
I4210167350,0.0005387931034482759,4.0,0.0,4.3096605015826235e-09,24
I4210167379,0.0008081896551724138,6.0,0.0,0.0002394733018431045,1
I4210167432,0.0006734913793103449,5.0,0.0,0.0007770804175595718,0
I42134832,0.0005387931034482759,5.0,5.912533911375195e-05,0.0009567146002453781,21
I42317466,0.00013469827586206896,1.0,0.0,5.581343716455051e-09,3
I42405503,0.0012122844827586207,10.0,1.4153934416329488e-06,8.863179968920667e-05,6
I42766147,0.00013469827586206896,1.0,0.0,2.2672430197555163e-05,4
I42775652,0.0005387931034482759,4.0,0.0,1.1400934403674133e-05,34
I42894916,0.007677801724137931,90.0,0.0001693374613145469,0.006754464053631569,2
I42934936,0.011314655172413793,90.0,2.926641336550601e-05,0.008653137701821401,21
I42999171,0.0,0.0,0.0,1.6956061190283638e-53,488
I4322298,0.0005387931034482759,4.0,0.0,0.00023763589891705945,2
I43313876,0.004983836206896551,39.0,0.00027187651459195634,0.004873336499512493,4
I43337087,0.0004040948275862069,3.0,0.0,0.0011851017921769371,4
I43369023,0.00013469827586206896,1.0,0.0,3.7262464962569048e-06,11
I43406934,0.003502155172413793,26.0,1.4335395113974738e-06,0.0009613316998294169,1
I43424612,0.0,0.0,0.0,1.6956061190283638e-53,489
I43427933,0.0005387931034482759,4.0,0.0,4.119431246695471e-05,21
I43439940,0.015625,134.0,0.002997579954302412,0.008315852548263065,16
I43522216,0.005522629310344827,41.0,0.0,0.0026411959813755948,21
I43545212,0.0008081896551724138,6.0,0.0,0.00018107811786974867,24
I43566213,0.00013469827586206896,1.0,0.0,2.689014097139658e-07,21
I43579087,0.0026939655172413795,20.0,0.0,0.001799188174477763,1
I43663321,0.0,0.0,0.0,1.6956061190283638e-53,490
I43729321,0.0025592672413793103,27.0,0.0003693459780560695,5.876783575991393e-05,13
I43777268,0.0078125,59.0,8.324207069979766e-06,0.002869262578373192,6
I43814544,0.0008081896551724138,6.0,0.0009707421481230286,8.826158808436216e-07,13
I4385474403,0.00026939655172413793,2.0,0.0,0.00014676469670198313,4
I4387152119,0.0006734913793103449,5.0,0.0,8.826047462634941e-07,13
I4387152206,0.0006734913793103449,5.0,0.0,1.3454441131218399e-05,27
I4387152242,0.0006734913793103449,5.0,0.0,0.0002969101673665251,24
I4387152376,0.006061422413793103,45.0,0.0,0.004461945720622674,17
I4387152454,0.00026939655172413793,2.0,0.0,1.7736638898204747e-43,458
I4387152517,0.00026939655172413793,2.0,0.0,0.00036541772890155396,6
I4387152666,0.0005387931034482759,4.0,0.0,1.4048135159818557e-05,17
I4387152675,0.00013469827586206896,1.0,0.0,0.00012676233443148767,17
I4387152683,0.0010775862068965517,8.0,0.0,0.00033353330032389884,1
I4387152856,0.0026939655172413795,21.0,7.258427905809994e-08,0.0028067292266912426,1
I4387152927,0.0004040948275862069,3.0,0.0,0.00013873466106397516,3
I4387152933,0.0006734913793103449,5.0,0.0,3.705883851457849e-07,35
I4387152943,0.0012122844827586207,9.0,0.0,0.00010671279400260687,1
I4387152949,0.0026939655172413795,20.0,0.0,0.003413568003696591,0
I4387152970,0.00013469827586206896,1.0,0.0,2.2997977445130486e-08,13
I4387152971,0.0006734913793103449,5.0,0.0,0.000709641323476693,3
I4387152983,0.003232758620689655,30.0,0.00025595152376660916,0.000515316029679653,6
I4387153010,0.00013469827586206896,1.0,0.0,1.0443484236798012e-05,0
I4387153049,0.00013469827586206896,1.0,0.0,5.304588433027619e-07,3
I4387153056,0.0005387931034482759,5.0,0.0,7.904171560467864e-06,16
I4387153068,0.0008081896551724138,6.0,0.0,1.232197500664568e-05,13
I4387153077,0.0004040948275862069,3.0,0.0,1.1503746745325456e-05,0
I4387153087,0.003367456896551724,25.0,0.0,0.0006358096411627239,6
I4387153096,0.00026939655172413793,2.0,0.0,1.631548105924338e-05,0
I4387153143,0.0008081896551724138,6.0,0.0,3.0045953134998734e-05,13
I4387153250,0.0020204741379310346,15.0,0.0,0.00024279780459424006,34
I4387153298,0.0010775862068965517,8.0,0.0,5.604602958452996e-05,13
I4387153335,0.0022898706896551722,24.0,0.0,0.005612825950064529,4
I4387153366,0.00013469827586206896,1.0,0.0,3.5559437637325713e-47,387
I4387153386,0.0010775862068965517,8.0,0.0,0.0007137590313892644,13
I4387153466,0.011988146551724138,194.0,1.5108619308940885e-05,0.019265021206921737,0
I4387153495,0.0018857758620689654,14.0,0.0003811327909061772,0.0001538822772806322,6
I4387153539,0.0008081896551724138,8.0,0.0,0.00035540934067743846,11
I4387153646,0.0005387931034482759,4.0,0.0,0.0013663199100421497,3
I4387153672,0.0,0.0,0.0,1.6956061190283638e-53,491
I4387153999,0.014143318965517241,127.0,7.634310779503725e-07,0.015167828311074643,11
I4387154005,0.0008081896551724138,7.0,0.0,0.0018268741564308765,4
I4387154071,0.00013469827586206896,1.0,0.0,3.5559437637325713e-47,492
I4387154144,0.0006734913793103449,5.0,0.0,7.139996092197066e-07,13
I4387154205,0.0009428879310344827,7.0,0.0,0.00020734661872587223,2
I4387154232,0.0006734913793103449,5.0,0.0,0.0004643848189061291,0
I4387154305,0.0004040948275862069,3.0,0.0,6.414101970482737e-07,0
I4387154308,0.0016163793103448276,12.0,0.0,0.00027502234681219527,1
I4387154394,0.0004040948275862069,3.0,0.0,2.567197205056887e-06,13
I4387154453,0.0012122844827586207,13.0,7.2584279058099945e-09,7.121156368359289e-05,13
I4387154481,0.006734913793103448,50.0,0.0,0.008551302713276428,4
I4387154592,0.0004040948275862069,3.0,0.0,1.1254328567478339e-11,13
I4387154595,0.0018857758620689654,14.0,0.0,0.0030331425075566564,0
I4387154616,0.0028286637931034483,21.0,0.0,0.003203964879799575,0
I4387154627,0.0004040948275862069,3.0,0.0,0.0003897334866712983,13
I4387154714,0.0010775862068965517,8.0,0.0,0.0006236521977921101,24
I4387154749,0.0009428879310344827,7.0,0.0,3.037168554356833e-06,13
I4387154809,0.00026939655172413793,2.0,0.0,1.7736638898204747e-43,51
I4387154816,0.0004040948275862069,3.0,0.0,1.1254328567478339e-11,13
I4387154871,0.00026939655172413793,2.0,0.0,4.976721684937945e-05,4
I4387154989,0.008890086206896552,70.0,0.0002368178147268758,0.005943152848345502,1
I4387154995,0.0004040948275862069,3.0,0.0,0.00015537893289989347,1
I4387155180,0.00013469827586206896,1.0,0.0,5.561130698689633e-06,4
I4387155264,0.00026939655172413793,2.0,0.0,3.503323727008026e-05,24
I4387155381,0.00026939655172413793,2.0,0.0002427944134493443,7.455020770513238e-08,13
I4387155440,0.0013469827586206897,10.0,0.0,0.0002706088046712201,6
I4387155459,0.0006734913793103449,5.0,0.0,0.00032523324799326386,27
I4387155567,0.0004040948275862069,3.0,0.0,0.00025536639876003084,4
I4387155656,0.0,0.0,0.0,1.6956061190283638e-53,493
I4387155719,0.00013469827586206896,1.0,0.0,4.296960688710228e-05,4
I4387155832,0.0004040948275862069,3.0,0.0,9.206779911849253e-05,13
I4387155925,0.0006734913793103449,5.0,0.0,4.7944814555635365e-05,6
I4387155932,0.002963362068965517,35.0,8.153634014193225e-06,0.0037141556822957206,11
I4387156102,0.0010775862068965517,8.0,0.0,0.000599606057503417,13
I4387156115,0.0005387931034482759,4.0,0.0,0.0007201944382573232,4
I4387156268,0.0008081896551724138,6.0,0.0,8.84937477257052e-05,6
I4387156293,0.0006734913793103449,5.0,0.0,5.937513063557509e-06,13
I4387156329,0.0012122844827586207,9.0,0.0,0.00010671279400260687,1
I4387156359,0.0,0.0,0.0,1.6956061190283638e-53,494
I4387156409,0.00026939655172413793,3.0,0.0,3.726432564802308e-05,13
I4387156470,0.0009428879310344827,7.0,0.0,1.5101760170049063e-05,13
I4387930215,0.005387931034482759,42.0,8.739060788739211e-06,0.001034333922227395,13
I4387930221,0.0026939655172413795,20.0,0.0,0.001799188174477763,1
I4387930256,0.00013469827586206896,1.0,0.0,4.279701453965435e-06,13
I4388446366,0.0005387931034482759,4.0,0.0,0.0002955984461214146,21
I4388446381,0.0,0.0,0.0,1.6956061190283638e-53,495
I4388482656,0.0004040948275862069,3.0,0.0,0.00012394500436597227,1
I4388482657,0.00646551724137931,52.0,1.3411673753104396e-06,0.009846211978622779,4
I4388482679,0.0005387931034482759,4.0,0.0,0.00016857992186632302,0
I4388482696,0.0005387931034482759,4.0,0.0,0.000652130747145388,21
I4388482719,0.0004040948275862069,3.0,0.0,0.00016182682290534527,0
I4388482740,0.00013469827586206896,1.0,0.0,0.0001592288039716723,0
I4388891792,0.00026939655172413793,2.0,0.0,8.762570399143175e-05,11
I4388891800,0.00013469827586206896,1.0,0.0,7.472677118880786e-07,1
I4388891891,0.00646551724137931,71.0,4.061695282292844e-06,0.009436795134811807,0
I4389424196,0.005522629310344827,57.0,0.0007675382713453168,0.003167299514086841,27
I4389425352,0.003232758620689655,24.0,0.0,0.0010869508223672808,13
I4389425355,0.00013469827586206896,2.0,0.0,0.00014632549914330955,11
I4389425378,0.0,0.0,0.0,1.6956061190283638e-53,496
I4389425385,0.00026939655172413793,6.0,0.0,0.00022185597473874184,11
I4389425387,0.0014816810344827585,11.0,0.0,0.0008840075305278266,24
I4390039246,0.0010775862068965517,10.0,0.0,0.0006435425776766946,11
I4390039247,0.010910560344827586,81.0,0.0,0.005191661795350437,24
I4390039265,0.0014816810344827585,12.0,1.4516855811619988e-07,0.0022749141693788628,4
I4390039274,0.003502155172413793,35.0,2.419475968603331e-08,0.004814682789366696,17
I4390039307,0.0004040948275862069,3.0,0.0,0.0001835176264650756,6
I4390039323,0.00646551724137931,48.0,0.0,0.0007268632850661923,13
I4390039325,0.0020204741379310346,15.0,0.0,0.0007077796536218734,17
I4390039331,0.0008081896551724138,16.0,0.0,0.000774705895016544,21
I4391012567,0.0014816810344827585,14.0,2.132163197331685e-06,0.0010192368611955044,3
I4391012619,0.025323275862068964,497.0,0.015761468727402066,0.16294310257858893,4
I4391012626,0.0004040948275862069,3.0,0.0,5.036313710712133e-06,13
I4391767749,0.0006734913793103449,5.0,0.0,0.00018287650866664787,4
I4391767752,0.0012122844827586207,9.0,0.0,0.0008000620030930547,4
I4391767778,0.00013469827586206896,1.0,0.0,0.0005915678120905763,4
I4391767781,0.00013469827586206896,1.0,0.0,0.00024992792602669927,4
I4391767820,0.0004040948275862069,6.0,0.0,0.003490197346271911,4
I4391767831,0.0004040948275862069,3.0,0.0,4.93329232083866e-05,0
I4391767838,0.00013469827586206896,1.0,0.0,7.260200586956774e-06,4
I4391767842,0.00013469827586206896,1.0,0.0,0.0005915678120905763,4
I4391767888,0.0005387931034482759,4.0,0.0,0.0014456994477898522,4
I4391767962,0.004849137931034483,46.0,2.419475968603331e-08,0.0031095817542664767,17
I4391768043,0.0008081896551724138,7.0,1.8146069764524985e-08,0.0003793889958856925,4
I4391768102,0.0005387931034482759,4.0,0.0,0.00012041459331719224,2
I4391768120,0.0016163793103448276,14.0,2.419475968603331e-08,0.001543612945447588,0
I4391768151,0.0014816810344827585,17.0,0.000416001068827702,0.004383440492003685,0
I4391768180,0.0008081896551724138,6.0,0.0,0.0018926324371265895,4
I4391768195,0.0006734913793103449,5.0,0.0,0.0003403190147323566,4
I4391768205,0.00026939655172413793,2.0,0.0,0.00016256216863510368,4
I4392021234,0.0008081896551724138,7.0,0.0,0.00011683649548386813,17
I4392021244,0.0006734913793103449,5.0,0.0,3.7196427738647907e-37,138
I4392021250,0.0006734913793103449,11.0,0.0,0.00256339852987167,4
I43922553,0.0017510775862068966,14.0,1.2883709532812738e-06,0.0015076394850003613,4
I4392738059,0.0012122844827586207,9.0,0.0,0.0004853968362815188,3
I4392738113,0.00026939655172413793,2.0,0.0,0.0003641388186719395,4
I4392738115,0.0012122844827586207,9.0,0.0,0.00022989031159891573,4
I4392738174,0.00026939655172413793,2.0,0.0,8.347211503310015e-05,4
I4392738276,0.0004040948275862069,3.0,0.0,0.0004529253401262028,13
I4392738278,0.0012122844827586207,10.0,0.0,0.004669631846764203,4
I4392738314,0.00026939655172413793,2.0,0.0,4.777625158852372e-05,4
I4394709116,0.0005387931034482759,4.0,0.0,0.00011755680179290865,13
I4394709130,0.0020204741379310346,16.0,0.0,0.0022799724994722846,0
I4394709155,0.0016163793103448276,12.0,0.0,0.00024557055699838765,1
I4394709157,0.0013469827586206897,11.0,0.0,0.0032073281690373073,4
I4394709234,0.0016163793103448276,12.0,0.0,0.00027502234681219527,1
I4394709246,0.0016163793103448276,17.0,1.1012747820772853e-06,1.6973540739131835e-05,13
I4394709253,0.00646551724137931,48.0,0.0,0.0007268632850661923,13
I4396570515,0.0005387931034482759,4.0,0.0,0.00045714746097077255,1
I4396570521,0.0025592672413793103,20.0,2.9033711623239975e-07,0.0010295783419585508,24
I4396570619,0.0014816810344827585,12.0,0.0,0.005699217677259018,4
I43980791,0.00026939655172413793,2.0,0.0002427944134493443,8.861219307527614e-07,6
I4399598360,0.0005387931034482759,4.0,0.0,4.3096605015826235e-09,24
I4399598389,0.00013469827586206896,1.0,0.0,3.5559437637325713e-47,242
I4399598460,0.0010775862068965517,8.0,0.0,0.0003150497453004372,0
I4399657933,0.0020204741379310346,15.0,0.0,0.00024279780459424006,34
I4399657946,0.0006734913793103449,5.0,0.0,8.826047462634941e-07,13
I4400008918,0.00026939655172413793,2.0,0.0,1.97435499119567e-06,27
I4400008984,0.00013469827586206896,1.0,0.0,3.5559437637325713e-47,92
I4400009028,0.0006734913793103449,5.0,0.0,0.00022583430300150885,13
I4400573169,0.0005387931034482759,4.0,0.0,6.058439958318492e-07,21
I4400573270,0.0013469827586206897,12.0,2.2985021701731643e-07,0.00038251553551305853,13
I4400573303,0.0016163793103448276,12.0,0.0,0.0009062169834753182,34
I4400573310,0.0021551724137931034,24.0,1.0887641858714991e-07,0.003691144923495732,4
I4400600917,0.0006734913793103449,5.0,0.0,0.0008199091388844805,4
I4400600923,0.0005387931034482759,4.0,0.0,1.044371459466705e-05,13
I4400600945,0.0008081896551724138,6.0,0.0,5.805170134392164e-06,13
I4400600948,0.0026939655172413795,20.0,0.0,0.004719952244171927,0
I4400600977,0.0004040948275862069,3.0,0.0,7.457354575999289e-41,168
I4400600978,0.00013469827586206896,1.0,0.0,3.5559437637325713e-47,476
I4401041618,0.0009428879310344827,7.0,0.0,1.5101760170049063e-05,13
I4401041622,0.00013469827586206896,1.0,0.0,1.6835604405488932e-06,4
I4401200273,0.0004040948275862069,3.0,0.0,9.664281967492462e-05,0
I4401200352,0.0006734913793103449,5.0,0.0,7.139996092197066e-07,13
I4401200389,0.0051185344827586205,38.0,0.0,0.009020323690698679,4
I4401726770,0.0005387931034482759,4.0,0.0,0.0012365321283311895,4
I4401726783,0.0020204741379310346,22.0,1.3220707971296774e-06,0.00043402218686257495,13
I4401726785,0.0010775862068965517,11.0,0.0,0.0021064219940502694,0
I4401726805,0.0010775862068965517,15.0,0.0002426915857206786,0.0025061748096506012,4
I4401726811,0.0026939655172413795,21.0,0.0,0.0006241336460372293,6
I4401726822,0.00026939655172413793,2.0,0.0,0.00043576737100949726,4
I4401726824,0.00013469827586206896,1.0,0.0,0.00021708033374812408,4
I4401726859,0.004175646551724138,41.0,3.629213952904997e-08,0.013635251698028693,4
I4401726870,0.00026939655172413793,2.0,0.0,0.0008043293483994909,4
I4401726874,0.0006734913793103449,5.0,0.0,0.0022368896066677206,4
I4401726890,0.0008081896551724138,6.0,0.0,0.0002484586229472062,2
I4401726909,0.004849137931034483,37.0,3.673066954835933e-06,0.0011075933553942358,17
I4401726915,0.00026939655172413793,3.0,0.0,0.0017971967021442813,4
I4401726920,0.00013469827586206896,1.0,0.0,0.0008331638165516809,4
I4401726980,0.0005387931034482759,4.0,0.0,0.001782539056099963,4
I4402554026,0.0013469827586206897,10.0,0.0,0.0025481420173843325,4
I4402554030,0.0006734913793103449,5.0,0.0,0.0007036536978550717,4
I4402554038,0.0016163793103448276,18.0,1.2097379843016655e-07,0.001507407943865585,0
I4402554106,0.00026939655172413793,2.0,0.0,5.709120717120914e-05,4
I4402554120,0.0006734913793103449,6.0,0.0,0.00036465671299838097,0
I4402554155,0.0010775862068965517,8.0,0.0,6.433749672812324e-05,21
I4402554207,0.00026939655172413793,2.0,0.0,1.4899101587285466e-05,1
I4403386503,0.0010775862068965517,8.0,0.0,6.433749672812324e-05,21
I4403386549,0.004983836206896551,47.0,1.2944196432027825e-06,0.005891696439382363,17
I4403386594,0.0005387931034482759,4.0,0.0,9.438827150592175e-05,13
I4403386650,0.0026939655172413795,21.0,5.927716123078162e-07,0.003034225444805159,0
I4403386660,0.00026939655172413793,2.0,0.0,4.928926202168729e-05,4
I4403386760,0.0005387931034482759,4.0,0.0,3.740580456326626e-05,6
I4403386768,0.0005387931034482759,4.0,0.0,0.00029523025614911467,1
I4403928327,0.0009428879310344827,7.0,0.0,0.00040865681089702723,34
I4403928411,0.0005387931034482759,4.0,0.0,9.164853250309978e-06,6
I4405253208,0.0013469827586206897,10.0,0.0,0.001385651148575685,0
I4405260628,0.0004040948275862069,3.0,0.0,0.00011825063586913137,1
I4405392,0.0012122844827586207,11.0,0.00024341137982133814,0.000711222548930853,0
I44202434,0.0004040948275862069,3.0,0.0,0.000253897012908012,11
I44260953,0.013469827586206896,103.0,0.0002479345901446421,0.007271628962817841,6
I44265643,0.0006734913793103449,5.0,1.4516855811619988e-07,0.00011852629147151702,11
I4432739,0.005522629310344827,41.0,3.568727053689913e-06,0.0026051372086535003,17
I44430492,0.008620689655172414,64.0,0.0005130358925288229,0.0021352427457469987,13
I44445938,0.0014816810344827585,11.0,0.0,0.0015436095680046993,4
I44461941,0.004175646551724138,61.0,0.00036567354920478593,0.012922866785201468,4
I44468530,0.0012122844827586207,11.0,0.0007781700070919678,0.00047367220614807795,4
I44504214,0.00013469827586206896,1.0,0.0,6.158819245373209e-07,111
I44635919,0.0008081896551724138,8.0,0.0007281654875108586,6.082836092296862e-06,2
I44675526,0.0005387931034482759,4.0,3.629213952904997e-08,0.0005971456526169174,4
I44677085,0.00026939655172413793,2.0,0.0,1.008706279790783e-05,2
I4472751,0.00026939655172413793,2.0,0.0,1.7736638898204747e-43,394
I44829897,0.004175646551724138,31.0,0.0,0.0028425092471788182,0
I44854399,0.0,0.0,0.0,1.6956061190283638e-53,497
I44925452,0.00013469827586206896,1.0,0.0,2.529301031137194e-06,0
I45084792,0.01293103448275862,102.0,0.0005440312571371398,0.0043877271254065915,6
I45129253,0.07327586206896551,876.0,0.058855114027432986,0.10437950360749798,16
I4517696,0.0006734913793103449,7.0,1.9151149328295553e-06,4.77065141709716e-06,13
I45204951,0.0025592672413793103,19.0,0.0003884102086150965,0.004564876485173677,4
I4528857,0.0004040948275862069,3.0,0.0,1.877360369114856e-05,13
I45294948,0.0013469827586206897,10.0,2.2017231314290313e-06,8.303932056736993e-05,27
I4537092,0.00013469827586206896,1.0,0.0,3.5559437637325713e-47,405
I45438204,0.011314655172413793,85.0,3.4964754525774955e-05,0.007370423345539358,11
I45542416,0.00013469827586206896,1.0,0.0,2.20930550957231e-06,34
I45571689,0.00013469827586206896,1.0,0.0,1.0290192229098002e-07,16
I45643870,0.0012122844827586207,9.0,0.0,0.0008556761000566625,0
I45683168,0.0026939655172413795,20.0,0.0,0.004321481823646028,0
I45711476,0.0010775862068965517,8.0,1.654014259036452e-05,5.235890031665827e-06,13
I4575257,0.0024245689655172415,24.0,0.0004797983872335431,0.0002509368388916502,13
I4576418,0.0009428879310344827,7.0,0.000487231046212378,9.674625288911319e-05,13
I4577782,0.0078125,63.0,0.0004370296866913328,0.010264047793748468,0
I45928872,0.009294181034482759,122.0,4.133069823366641e-05,0.03230423026692117,4
I45935490,0.0021551724137931034,16.0,5.806742324647995e-07,0.0002782465939094103,0
I45998257,0.0004040948275862069,3.0,0.0,2.7179169206546165e-06,13
I46000314,0.00026939655172413793,2.0,0.0,1.0726431984253916e-08,16
I46017,0.0009428879310344827,7.0,0.0009713591144950224,3.0048779702314972e-06,16
I46080048,0.0010775862068965517,9.0,0.0002427944134493443,1.8425256216268146e-05,21
I4610292,0.0004040948275862069,3.0,4.3550567434859963e-07,4.636668244936224e-06,0
I46176106,0.0,0.0,0.0,1.6956061190283638e-53,498
I46247651,0.0020204741379310346,15.0,1.324663092810324e-06,0.00039723900776142125,1
I4626487,0.0012122844827586207,9.0,1.6440825313780284e-05,4.825802998293026e-06,13
I46305939,0.0006734913793103449,5.0,0.0,8.48751993749748e-06,27
I46305995,0.0006734913793103449,5.0,0.0,7.285683877317479e-05,4
I464993,0.0013469827586206897,11.0,6.827156314406449e-06,0.0005312633824654574,13
I4654613,0.0020204741379310346,17.0,0.0002463117266387014,0.00043403340117479636,6
I46597724,0.0012122844827586207,9.0,0.0009707784402625576,0.000638707500657858,11
I4665924,0.00390625,30.0,5.746255425432911e-07,0.001804434092528876,17
I4693391,0.00013469827586206896,1.0,0.0,3.325266288497323e-06,13
I46980622,0.0008081896551724138,6.0,0.0,5.1298647260072995e-05,6
I47099075,0.0018857758620689654,14.0,0.0,0.000607818152533649,11
I47164929,0.0009428879310344827,13.0,8.76697117223417e-06,3.103670541014715e-05,13
I47251452,0.007677801724137931,69.0,0.0006824682400228543,0.011568633168496543,4
I47265099,0.00026939655172413793,2.0,0.0,3.3754796459581464e-08,13
I47301684,0.00013469827586206896,1.0,0.0,3.5559437637325713e-47,499
I47500176,0.003502155172413793,48.0,2.2848538441964293e-07,0.0012461640404312774,27
I47508984,0.033270474137931036,357.0,0.01007124765085898,0.054486463279462466,4
I47519274,0.0025592672413793103,20.0,1.1588080151625657e-05,0.00028529519783510466,13
I47605537,0.0005387931034482759,5.0,0.0,0.0015937643768803773,4
I47686490,0.0006734913793103449,5.0,0.0,8.987313838518951e-05,21
I47689461,0.0014816810344827585,11.0,0.00012801778587661608,0.0016791834685711388,4
I47720641,0.029364224137931032,313.0,0.004751413685788134,0.06107093234287866,4
I47755478,0.00026939655172413793,2.0,0.0,1.0314060402946831e-08,13
I47818738,0.007947198275862068,61.0,0.0006338226945418211,0.0010442006349570465,13
I47838141,0.0014816810344827585,11.0,5.4438209293574954e-08,0.0005125640643481291,0
I47844,0.00013469827586206896,1.0,0.0,3.745169430539738e-07,0
I47881588,0.0004040948275862069,3.0,0.0,3.1667277114850796e-06,21
I47996466,0.006869612068965517,51.0,0.0002427944134493443,0.008551410388897123,4
I4800084,0.005387931034482759,49.0,0.00045817011548449126,0.005192500332525966,4
I48018076,0.0017510775862068966,13.0,0.0001473641775696173,0.0008251698924961129,13
I48057805,0.0026939655172413795,20.0,0.0,0.0015189728860427651,17
I48076826,0.0,0.0,0.0,1.6956061190283638e-53,500
I48168531,0.0005387931034482759,5.0,0.0,0.00027527217560946644,4
I4829542,0.0005387931034482759,4.0,0.0,9.262908556972098e-05,17
I48379061,0.0008081896551724138,6.0,0.0,0.0001685860479762654,17
I48380244,0.0,0.0,0.0,1.6956061190283638e-53,501
I48381559,0.0,0.0,0.0,1.6956061190283638e-53,502
I48430043,0.005926724137931034,48.0,1.8992886353536144e-06,0.0032275782181029364,1
I48566637,0.0008081896551724138,6.0,3.629213952904996e-08,9.934070111265561e-05,13
I48633490,0.008620689655172414,115.0,3.532434914160864e-07,0.02195573637932129,0
I48714440,0.00013469827586206896,1.0,0.0,1.1138108140504133e-07,13
I48780066,0.0009428879310344827,9.0,2.5767419065625476e-06,0.0004589521658959462,4
I4880106,0.00013469827586206896,1.0,0.0,2.2672430197555163e-05,4
I48840829,0.0,0.0,0.0,1.6956061190283638e-53,503
I48843708,0.0,0.0,0.0,1.6956061190283638e-53,504
I48890080,0.0013469827586206897,10.0,0.0,0.0003070619666801454,13
I48912391,0.0017510775862068966,13.0,0.0009727019236575973,0.00044159136006189433,3
I49185572,0.0009428879310344827,7.0,1.6452436586502654e-06,2.5355088693510775e-05,13
I4921948,0.0051185344827586205,45.0,0.0009937014196876647,0.007206293561417057,0
I49231182,0.005522629310344827,41.0,0.0,0.0026411959813755948,21
I49232843,0.0009428879310344827,7.0,7.258427905809994e-08,0.0010521071009238112,24
I4923324,0.0028286637931034483,21.0,0.0,0.003203964879799575,0
I49611733,0.007947198275862068,59.0,0.0,0.006164370490298715,11
I49645291,0.00026939655172413793,2.0,0.0,1.445432813485394e-05,4
I49663120,0.00026939655172413793,2.0,0.0,2.959365257753766e-05,0
I49828101,0.006330818965517241,54.0,0.0006826354889176659,0.0007261206501773715,3
I49835588,0.005387931034482759,45.0,0.0004203476574052996,0.006703929241436088,4
I49934816,0.0020204741379310346,16.0,3.629213952904997e-08,0.0014434324937364696,4
I49946491,0.0006734913793103449,5.0,0.0,5.803341817266049e-05,13
I50050410,0.00026939655172413793,2.0,0.0,2.6790773416565386e-08,24
I50180762,0.00013469827586206896,1.0,0.0,4.861955241485669e-05,4
I5023651,0.03542564655172414,361.0,0.006835269573969333,0.035689073450252844,0
I50357001,0.003502155172413793,26.0,0.0002475668297974148,0.0015404270108805307,17
I505182,0.00013469827586206896,1.0,0.0,4.3642912256916304e-08,6
I50627504,0.0008081896551724138,6.0,0.0,3.0045953134998734e-05,13
I50632499,0.0012122844827586207,10.0,0.00024429448854987833,0.0013609174364437948,4
I50760025,0.00525323275862069,47.0,0.0007826883784633347,0.008241203543784993,4
I5085271,0.0004040948275862069,3.0,0.0,0.00014563261012245476,21
I5100685,0.0004040948275862069,3.0,0.0,1.2265045459133201e-05,6
I51158804,0.0016163793103448276,17.0,0.00023369113511747427,0.00022059376645592284,2
I51195161,0.0005387931034482759,4.0,9.073034882262492e-09,0.00010355853646360027,0
I51204116,0.00013469827586206896,1.0,0.0,6.987662658732713e-06,27
I51205905,0.00026939655172413793,2.0,0.0,8.892863663785678e-07,6
I51209816,0.0,0.0,0.0,1.6956061190283638e-53,505
I51216347,0.0005387931034482759,4.0,0.0,2.4148347100990795e-05,34
I51226738,0.00013469827586206896,1.0,0.0,3.5559437637325713e-47,506
I51235708,0.005522629310344827,41.0,2.507786841457353e-05,0.001355901541084173,3
I5124864,0.03785021551724138,372.0,0.006265808914391114,0.03258530523268698,0
I51441396,0.0017510775862068966,15.0,0.0,0.00047529690523292806,1
I51452335,0.00026939655172413793,2.0,0.0002427944134493443,2.3986691746659512e-08,21
I51504820,0.0009428879310344827,7.0,0.00011089002746202008,0.0008586337242459794,0
I51532219,0.0005387931034482759,4.0,0.0,1.55417426651039e-05,16
I51556381,0.02599676724137931,218.0,0.0009001339760622853,0.019662647854306752,24
I51569856,0.0005387931034482759,4.0,0.0,1.841546779011987e-09,13
I51601045,0.007004310344827586,58.0,0.00028441904739711634,0.0029279904085604655,16
I51622183,0.0014816810344827585,14.0,7.197941006594912e-06,0.00100043966871027,4
I51629411,0.0013469827586206897,10.0,0.0,0.0009896885719948448,4
I51713134,0.008890086206896552,98.0,0.0002652461135197111,0.007507432272321242,0
I51826884,0.00026939655172413793,2.0,0.0002427944134493443,1.5699605264583646e-06,3
I51969498,0.00013469827586206896,1.0,0.0,3.5559437637325713e-47,282
I52010207,0.0013469827586206897,10.0,0.0,0.0002972730238477491,13
I52066220,0.0005387931034482759,4.0,0.0,7.553277668112211e-07,1
I52099693,0.0025592672413793103,19.0,3.3570229064371223e-07,0.0026170409343427717,4
I52158045,0.008216594827586207,65.0,1.954210739840911e-05,0.011577765568554303,4
I52170813,0.00026939655172413793,3.0,0.0,0.0009277537875882962,0
I52179390,0.0022898706896551722,17.0,9.254495579907742e-07,0.0001917074725852043,0
I52180223,0.0012122844827586207,9.0,1.4516855811619988e-07,0.00024184247820305756,4
I52207611,0.0005387931034482759,4.0,0.0,4.8271156796896395e-06,13
I522815984,0.0010775862068965517,8.0,0.0004879720107277628,1.438984958681051e-05,3
I52325,0.0004040948275862069,3.0,0.0,0.0004992796259434437,2
I52357470,0.03125,278.0,0.004726471766770856,0.03302409534861871,11
I5237613,0.0008081896551724138,6.0,0.0,0.00010522859181061724,21
I52407163,0.00013469827586206896,1.0,0.0,3.5559437637325713e-47,492
I52418104,0.00026939655172413793,2.0,0.0,1.7736638898204747e-43,379
I52590639,0.0016163793103448276,12.0,2.540449767033498e-07,0.0002876778146445325,13
I52669646,0.0010775862068965517,8.0,2.419475968603331e-08,0.0007723309246174141,1
I52710748,0.00525323275862069,39.0,0.0,0.002881160501581851,1
I52719799,0.00013469827586206896,1.0,0.0,6.525944172552016e-08,1
I52977244,0.0008081896551724138,6.0,0.0,4.1944970127952604e-05,11
I530967,0.0016163793103448276,12.0,1.0887641858714991e-07,0.0005573180944269402,0
I53107984,0.0010775862068965517,16.0,0.0,0.0006870735460095047,21
I53110688,0.00026939655172413793,2.0,0.0,1.8853637786004315e-05,17
I53118340,0.0004040948275862069,3.0,0.0,3.1432104095250696e-05,21
I53241121,0.0006734913793103449,5.0,0.0,0.00017307493471202426,0
I53276908,0.0005387931034482759,4.0,1.0524720463424492e-06,4.525124218562249e-06,34
I53411278,0.003232758620689655,24.0,5.4438209293574954e-08,0.004469759071300098,4
I5343935,0.0017510775862068966,13.0,0.0004855162426196305,0.0009351419191994158,4
I53486688,0.0004040948275862069,3.0,0.0,0.0008830528752734489,4
I53592917,0.0012122844827586207,12.0,4.7179781387764957e-07,0.0004997988121341521,2
I53620714,0.0012122844827586207,12.0,0.0014013857558979337,0.0005223566134704983,13
I5388228,0.01441271551724138,141.0,0.0016785482062106544,0.021284973107735732,0
I53964585,0.0026939655172413795,29.0,0.0,0.005373227795049659,0
I54001450,0.0,0.0,0.0,1.6956061190283638e-53,507
I5400463,0.0014816810344827585,23.0,4.3384948544152e-06,0.00036538212079911407,13
I54009628,0.006869612068965517,55.0,0.0004974902291882483,0.0037479002472507804,1
I54108979,0.007677801724137931,58.0,4.772416348070071e-06,0.0034656471690648386,0
I54157616,0.0010775862068965517,15.0,0.0,0.0015577483046200066,11
I54166199,0.003636853448275862,27.0,0.0,0.0028848414155363917,0
I54316950,0.004445043103448276,33.0,0.0,0.0006184717896368957,3
I54459138,0.0009428879310344827,7.0,1.4404292572509257e-05,0.00031601996492492226,13
I544936282,0.0009428879310344827,7.0,0.0,3.696150696032953e-05,1
I54515432,0.0,0.0,0.0,1.6956061190283638e-53,508
I5490798,0.0,0.0,0.0,1.6956061190283638e-53,509
I55016150,0.0005387931034482759,4.0,0.00024370171693757054,1.7224925614128875e-05,11
I55022517,0.00026939655172413793,2.0,0.0,6.152841944214725e-05,4
I55060895,0.007004310344827586,52.0,0.00021917226307588067,0.0010860228530634834,13
I55106644,0.0005387931034482759,5.0,0.0,0.0002369784403243274,3
I55124831,0.0,0.0,0.0,1.6956061190283638e-53,510
I55143463,0.0075431034482758615,60.0,0.0010426238430434607,0.0028362116695929114,6
I5518804,0.0013469827586206897,13.0,0.0004542191112277621,0.0007321271474959193,3
I55202024,0.0016163793103448276,12.0,1.5809144414550726e-05,3.635674678784799e-06,16
I55215948,0.00013469827586206896,1.0,0.0,1.580684006550528e-45,297
I55240360,0.004310344827586207,33.0,0.00047784601414330695,0.0011478871098511438,34
I55283087,0.00013469827586206896,1.0,0.0,2.42938076611994e-05,16
I55285296,0.005387931034482759,43.0,7.948946085401335e-06,0.0011400450873866716,13
I55302922,0.004714439655172414,98.0,0.00024710640928124624,0.006187638510490204,0
I55383850,0.0006734913793103449,9.0,9.43595627755299e-07,3.131015554042179e-05,13
I55464072,0.0004040948275862069,3.0,0.0,5.454617814722651e-07,3
I55521800,0.0010775862068965517,8.0,0.0,0.001076346848715344,17
I55538621,0.0012122844827586207,9.0,0.0,0.0012702537726621663,4
I5561750,0.003367456896551724,30.0,7.279883473060148e-05,0.00041267061445198703,6
I55654194,0.0,0.0,0.0,1.6956061190283638e-53,511
I55707380,0.0004040948275862069,3.0,0.0,3.551166489026407e-05,3
I55712492,0.008620689655172414,77.0,0.00044044442966951136,0.011448033698893764,4
I55732556,0.01575969827586207,143.0,0.003153803400553657,0.013721008283856691,0
I55769427,0.0078125,68.0,0.0011229442092898136,0.010541193399496641,0
I55884533,0.0010775862068965517,8.0,0.0,0.0007713235051139011,0
I55892964,0.00013469827586206896,1.0,0.0,3.5559437637325713e-47,434
I55913730,0.0008081896551724138,6.0,3.629213952904997e-07,0.0003089778372767633,11
I55921689,0.0006734913793103449,5.0,0.0,0.00046193498875623064,17
I55952717,0.0017510775862068966,18.0,3.575501586402005e-05,0.0006249792081447294,21
I56007636,0.008216594827586207,66.0,0.0009427958043809412,0.0018567120772425066,13
I56019348,0.0010775862068965517,8.0,0.0,6.557197841260426e-06,35
I56067802,0.0014816810344827585,14.0,0.00047931028676016297,0.0012341779784971773,1
I56085075,0.003636853448275862,30.0,1.593708820519014e-05,0.0015098648300669196,17
I5626980,0.0016163793103448276,13.0,1.4516855811619988e-07,0.0012145882214106866,34
I56303344,0.0008081896551724138,6.0,5.20187333249716e-07,2.5455178836532073e-05,34
I56306041,0.0051185344827586205,40.0,0.0005754241923692912,0.0006615236504178598,13
I56404289,0.0005387931034482759,4.0,0.0,0.00036047519911899995,13
I56409017,0.0004040948275862069,3.0,1.4516855811619988e-07,6.752378066302746e-05,11
I56435720,0.0008081896551724138,6.0,0.0,0.0002282757779031918,3
I56441308,0.0,0.0,0.0,1.6956061190283638e-53,512
I56475706,0.0,0.0,0.0,1.6956061190283638e-53,513
I56590836,0.03596443965517241,371.0,0.01741610104733556,0.03903414399007022,2
I56624758,0.00013469827586206896,1.0,0.0,8.506623182627153e-06,0
I56722557,0.0026939655172413795,21.0,0.0,0.0006241336460372293,6
I5681781,0.008351293103448275,81.0,0.001053904937779926,0.011244927171473894,0
I56858762,0.00013469827586206896,1.0,0.0,6.158819245373209e-07,111
I56934997,0.0025592672413793103,25.0,3.810674650550247e-06,0.0025812128128663257,4
I57093077,0.003636853448275862,31.0,0.00025337962081198393,0.0033566327163439213,2
I5716644,0.0006734913793103449,5.0,0.0,0.00032861191303821353,34
I57201433,0.0017510775862068966,14.0,4.908511871304009e-06,0.0008436227173962077,6
I57206974,0.042295258620689655,491.0,0.00933376456571199,0.06252094770747336,0
I57328836,0.00013469827586206896,1.0,0.0,3.5559437637325713e-47,64
I5740404,0.005657327586206897,82.0,0.0011814361641589288,0.006022120118834289,17
I57496824,0.0,0.0,0.0,1.6956061190283638e-53,514
I57589565,0.0005387931034482759,5.0,0.0,3.1620130916171504e-05,4
I57629906,0.0004040948275862069,5.0,0.0002427944134493443,2.9996123401512083e-07,21
I57664883,0.003367456896551724,27.0,0.00048714757429146123,0.001332256232918339,13
I57825437,0.00013469827586206896,2.0,0.0,0.00020104636597077148,3
I5791819,0.003502155172413793,48.0,2.2848538441964293e-07,0.0012461640404312774,27
I58028834,0.00026939655172413793,2.0,0.0,1.7736638898204747e-43,458
I58048189,0.00013469827586206896,1.0,0.0,3.5559437637325713e-47,47
I58064216,0.00013469827586206896,1.0,0.0,0.0003942168828769044,24
I58077936,0.0016163793103448276,12.0,0.0002474971258468904,0.00033391095628759553,17
I58152225,0.0005387931034482759,4.0,0.0,0.00020229458464452642,4
I58200834,0.018857758620689655,206.0,0.001268397605713227,0.02959693976081512,4
I58236372,0.0017510775862068966,13.0,1.9053373252751235e-06,0.0007353097358352516,16
I5847235,0.0013469827586206897,10.0,0.0002532075715878238,1.501254259022254e-05,13
I58610484,0.008890086206896552,81.0,0.00022604196184273484,0.015459839269574933,0
I58716616,0.0009428879310344827,7.0,0.0,0.0014490868498908535,0
I58918642,0.0010775862068965517,8.0,0.000612095362000058,0.000129436077632859,1
I58956616,0.0234375,207.0,0.003052129243465905,0.015849895005641313,24
I58957048,0.0006734913793103449,5.0,0.0,0.0008011176693157685,6
I58995867,0.0,0.0,0.0,1.6956061190283638e-53,515
I59028336,0.0021551724137931034,16.0,0.0,0.0019176275213872165,0
I59028903,0.0030980603448275863,32.0,0.001508549315114099,0.0070224048424131075,4
I59130452,0.0005387931034482759,4.0,0.0,0.0004550652671817784,17
I59179055,0.0,0.0,0.0,1.6956061190283638e-53,516
I59225215,0.00026939655172413793,2.0,0.0,3.266438850989614e-08,3
I592451,0.003502155172413793,28.0,0.0,0.003663257905782859,0
I59270414,0.00902478448275862,69.0,0.0010025952444562601,0.0048619246813666125,3
I59361560,0.00026939655172413793,2.0,0.0,1.1988222557110588e-06,24
I5936373,0.0012122844827586207,9.0,0.0,2.0616919005936574e-05,27
I59411706,0.0004040948275862069,4.0,0.0,0.0001735961473628658,4
I59422894,0.00026939655172413793,2.0,0.0,9.540684348229332e-05,13
I59433898,0.0024245689655172415,19.0,1.5151968253378363e-06,0.0018192584892721317,4
I59460038,0.0004040948275862069,3.0,0.0,1.786581909597748e-05,35
I59475050,0.00013469827586206896,1.0,0.0,9.440352641698114e-08,4
I59502557,0.00026939655172413793,2.0,0.0,2.2484145277781373e-07,24
I59553526,0.008620689655172414,73.0,0.0009314613509037614,0.011727358772581414,21
I59611059,0.0008081896551724138,6.0,0.0,0.000425748869024741,2
I59649739,0.00026939655172413793,2.0,0.0,2.451607234533242e-05,4
I59725666,0.00013469827586206896,1.0,0.0,4.64160199478182e-06,6
I59738393,0.0004040948275862069,3.0,0.0,8.286702138505703e-07,6
I59746437,0.00013469827586206896,1.0,0.0,3.5559437637325713e-47,365
I59805279,0.0012122844827586207,9.0,1.2883709532812738e-06,0.0008554285839098057,0
I59897056,0.00013469827586206896,1.0,0.0,0.00031326918033225355,0
I59946547,0.00013469827586206896,1.0,0.0,1.325702496673086e-06,35
I5996616,0.00013469827586206896,1.0,0.0,3.5559437637325713e-47,517
I60008374,0.0,0.0,0.0,1.6956061190283638e-53,518
I60053951,0.00646551724137931,68.0,0.002460039088085955,0.004196899595076301,21
I60054993,0.0020204741379310346,15.0,0.0006296432882892054,8.965039202614526e-06,13
I60134161,0.01710668103448276,135.0,0.0006654822657803473,0.006966135516978635,24
I60158472,0.004040948275862069,32.0,0.0013752240918642122,0.003128267881379349,13
I60200437,0.006061422413793103,52.0,0.0,0.0048600767691108155,3
I60205797,0.003367456896551724,47.0,4.605774940732515e-05,0.0033387285881619844,0
I6026837,0.0008081896551724138,6.0,4.296787697242133e-06,2.5081319645711944e-05,2
I60342839,0.008620689655172414,71.0,0.001401333127360789,0.00048635481009458813,13
I60488453,0.0016163793103448276,12.0,0.00011201632232869029,0.00046895941651127227,13
I60559429,0.0005387931034482759,4.0,0.0,6.239984462986684e-07,6
I60587646,0.0017510775862068966,13.0,0.00028910668308758093,0.000614656759518519,35
I6059380,0.0016163793103448276,25.0,7.712079649923118e-06,0.0023756236255377972,24
I60668342,0.0017510775862068966,18.0,0.0007129500080133044,0.0004008263095418164,17
I60733029,0.003636853448275862,28.0,0.0,0.0010040395513100946,16
I60837268,0.0009428879310344827,7.0,4.180642769599303e-05,4.911056491652357e-06,13
I60858718,0.0006734913793103449,6.0,2.9366389568922936e-06,3.2020781582245243e-06,6
I60922564,0.005387931034482759,60.0,0.0007432055550006892,0.006515695699893407,0
I60997889,0.0009428879310344827,7.0,0.0,0.0006477006363645875,11
I61372060,0.0004040948275862069,3.0,0.0,2.386911965457657e-06,21
I6141010,0.0017510775862068966,13.0,0.0,0.0004380059134137056,17
I61515104,0.0006734913793103449,5.0,0.0,0.00017840112065903877,21
I61544103,0.00026939655172413793,2.0,0.0,0.0004198075163787698,3
I61565387,0.0014816810344827585,12.0,1.4516855811619988e-07,0.0004788221505203848,4
I61600748,0.0005387931034482759,8.0,0.0,1.4329061692230578e-05,13
I61623833,0.00026939655172413793,2.0,0.0,3.0760604714317375e-05,13
I61628605,0.003636853448275862,28.0,0.0,0.0049412944249124175,4
I61641377,0.0005387931034482759,4.0,5.443820929357496e-07,5.6809564295455996e-05,17
I61822063,0.0012122844827586207,9.0,7.258427905809994e-08,0.0011148235063074986,24
I61923386,0.005657327586206897,64.0,0.0009446467349690441,0.0035826716366156417,27
I62318514,0.003502155172413793,28.0,1.9163459409322683e-05,0.0006701354101022398,6
I62370553,0.0004040948275862069,3.0,0.0,3.219801012410981e-08,13
I62396329,0.00026939655172413793,2.0,0.0,1.7736638898204747e-43,353
I62853816,0.0012122844827586207,11.0,0.0,0.0022559864588067957,4
I62856769,0.0,0.0,0.0,1.6956061190283638e-53,519
I62885914,0.0004040948275862069,3.0,0.0,8.734846348302716e-05,13
I6289922,0.0012122844827586207,9.0,0.0007284013864177974,0.0011623672215122104,6
I62912653,0.003636853448275862,28.0,7.137454107379827e-07,0.0009410997548606467,0
I62916508,0.049703663793103446,585.0,0.03381183159384485,0.05609357474552975,17
I62921916,0.0016163793103448276,13.0,0.0003909329647268608,0.00014758388630386435,2
I63072094,0.009967672413793103,75.0,5.6797198362963205e-06,0.009071969637362015,11
I63098007,0.0075431034482758615,58.0,8.70996226972396e-05,0.0008662306678139175,13
I63135867,0.006196120689655173,50.0,0.0002557110451373013,0.0031625205964704584,21
I63169043,0.0018857758620689654,16.0,0.00034389955941955944,0.0001587420889034443,21
I63190737,0.008620689655172414,75.0,0.0004451224864548057,0.009886854531254081,0
I6332465,0.0005387931034482759,4.0,0.0,0.00020086293220272967,4
I63327873,0.00026939655172413793,2.0,0.0,1.7736638898204747e-43,39
I63341726,0.00013469827586206896,1.0,0.0,3.5559437637325713e-47,44
I63354593,0.0004040948275862069,3.0,0.0,0.00010390015550850693,4
I63371133,0.0004040948275862069,3.0,0.0002427944134493443,3.1135343230827426e-05,4
I63525965,0.005657327586206897,44.0,4.916720807626055e-06,0.002976067442119344,21
I63548447,0.0013469827586206897,10.0,1.115680856022211e-06,0.00029920213531508616,21
I63562232,0.00013469827586206896,1.0,0.0,3.0276091848528172e-06,13
I63586086,0.0009428879310344827,7.0,0.0,0.0005811005476461815,13
I6358929,0.00026939655172413793,2.0,0.0,5.134516711736259e-08,3
I63596082,0.00026939655172413793,2.0,0.0,1.7736638898204747e-43,30
I63601056,0.0010775862068965517,8.0,7.113259347693794e-06,0.00023005588076805184,13
I63634437,0.007273706896551724,54.0,0.00029956564565057257,0.002690728344142847,21
I63664421,0.0006734913793103449,5.0,0.0,0.0006303734381716099,11
I63739035,0.0022898706896551722,17.0,1.2823568273021742e-05,8.911576175103434e-05,2
I63772739,0.0010775862068965517,8.0,0.00024332669816243705,9.464406335713647e-05,1
I63797719,0.0,0.0,0.0,1.6956061190283638e-53,520
I63843962,0.0012122844827586207,9.0,4.3550567434859963e-07,7.977921585643495e-05,6
I63920570,0.00026939655172413793,2.0,0.0,1.0163954387439457e-06,13
I63966007,0.06842672413793104,935.0,0.07088100659254645,0.14676557806783141,0
I64134780,0.00013469827586206896,1.0,0.0,3.5559437637325713e-47,221
I64152125,0.00013469827586206896,1.0,0.0,3.420751844081172e-06,3
I64175962,0.00026939655172413793,2.0,0.0,0.0007850897563996619,11
I64180646,0.0009428879310344827,7.0,0.0,0.00040865681089702723,34
I64185308,0.0005387931034482759,4.0,0.0,0.00021529825945784271,13
I64189192,0.0004040948275862069,3.0,0.0,6.833277919863084e-05,27
I64222039,0.0020204741379310346,15.0,0.0,0.002418362709815163,0
I64295750,0.0004040948275862069,3.0,0.0,3.1544249759134313e-06,13
I64427410,0.00026939655172413793,2.0,0.0,1.7728864247792385e-07,21
I64449678,0.0006734913793103449,5.0,3.629213952904997e-08,0.00038427410190644166,4
I64492213,0.0013469827586206897,10.0,8.087703294048785e-05,0.00042037222648154236,34
I6465868,0.0,0.0,0.0,1.6956061190283638e-53,521
I6469544,0.009698275862068966,95.0,0.0007429182422294173,0.013392849717551548,4
I64723972,0.0020204741379310346,15.0,0.0,3.551181335263707e-05,35
I64767286,0.011179956896551725,83.0,0.0,0.005247207116235056,24
I64852412,0.00013469827586206896,1.0,0.0,0.0001334489305084351,4
I64926303,0.0004040948275862069,3.0,0.0,3.8430046394301e-05,6
I64947657,0.00013469827586206896,1.0,0.0,1.954249412860544e-06,1
I64952554,0.0012122844827586207,9.0,0.0,3.605567755184825e-06,16
I6498739,0.0018857758620689654,16.0,4.086494910971027e-06,0.003594343014724571,11
I6507939,0.00013469827586206896,1.0,0.0,0.00024502316149470875,4
I65079550,0.0004040948275862069,3.0,0.0,4.63515922956514e-06,13
I65146876,0.0005387931034482759,4.0,0.0,0.00011755680179290865,13
I65181880,0.0008081896551724138,6.0,0.0002602820833159131,0.00022029374991095336,0
I65285256,0.0,0.0,0.0,1.6956061190283638e-53,522
I65446980,0.0012122844827586207,9.0,0.0012132462244561404,4.23484678766811e-06,35
I65453921,0.0,0.0,0.0,1.6956061190283638e-53,523
I65481309,0.00026939655172413793,2.0,0.0,5.798011926323355e-09,13
I65644108,0.0009428879310344827,7.0,1.4516855811619988e-07,0.00020412454665135518,11
I65674248,0.0,0.0,0.0,1.6956061190283638e-53,524
I6573832,0.00026939655172413793,2.0,0.0,4.393324982890284e-06,35
I65760639,0.0004040948275862069,3.0,0.0,7.457354575999289e-41,467
I65832422,0.00013469827586206896,1.0,0.0,1.0578281976786485e-06,13
I65837984,0.0012122844827586207,9.0,0.0002427944134493443,0.00021171376149065353,6
I6593398,0.0020204741379310346,15.0,0.00024288514379816693,0.002581519144646911,4
I66083562,0.00013469827586206896,1.0,0.0,0.0005235820583125853,4
I6645349,0.00026939655172413793,2.0,0.0,3.3359057976985187e-06,4
I66513531,0.0020204741379310346,15.0,0.000745222793089512,0.00015248856910307553,13
I66514158,0.0017510775862068966,14.0,0.000165773420333818,0.0003669486439503572,34
I66752286,0.006869612068965517,56.0,0.00148223397115144,0.0034230313860029358,6
I66862912,0.013469827586206896,104.0,0.0005356189381988232,0.008832472974600592,11
I66867065,0.01953125,186.0,0.002353817103030617,0.027774791520044476,4
I66906201,0.00026939655172413793,2.0,0.0,2.9397743384297438e-05,4
I66943878,0.002963362068965517,23.0,1.2572202001855058e-05,0.00038826278727017424,13
I66946132,0.022764008620689655,218.0,0.0034389965249646912,0.025268745178158768,0
I67001856,0.00013469827586206896,1.0,0.0,2.2440284726123455e-05,4
I67009956,0.0012122844827586207,12.0,1.4516855811619988e-06,0.0003036434059826834,17
I67031392,0.0022898706896551722,17.0,0.0,0.0035103246812853263,0
I67063127,0.0006734913793103449,5.0,0.0,3.444899577868757e-05,24
I67080706,0.0005387931034482759,4.0,0.0006192951176136306,9.629940333119603e-06,6
I67311998,0.00026939655172413793,2.0,0.0002427944134493443,3.581560766237795e-08,13
I67348948,0.0,0.0,0.0,1.6956061190283638e-53,525
I67357951,0.003367456896551724,30.0,0.0029947984930452907,0.0018965979583709994,13
I67415387,0.003232758620689655,31.0,5.879326603706095e-06,0.003200355792932429,4
I67636235,0.00026939655172413793,2.0,0.0,1.276641940554335e-05,0
I67868205,0.0,0.0,0.0,1.6956061190283638e-53,526
I67900169,0.0006734913793103449,5.0,0.0004855525347591595,0.00014995688319186185,24
I68106152,0.0005387931034482759,4.0,8.25847797283271e-07,0.00017682920567017423,11
I68171755,0.0025592672413793103,23.0,1.881648234455155e-06,4.192039152985287e-05,35
I68288478,0.00013469827586206896,1.0,0.0,1.0151126653728897e-05,3
I68522396,0.00026939655172413793,2.0,0.0,5.211739768003769e-05,3
I686019,0.003232758620689655,27.0,0.0012540455088971083,0.0023549557044999,27
I68618741,0.0,0.0,0.0,1.6956061190283638e-53,527
I68649149,0.0010775862068965517,9.0,1.0872952183191325e-06,0.00012174280879961875,13
I68666633,0.0014816810344827585,11.0,0.0,0.0013965166713439797,0
I68891433,0.014682112068965516,120.0,0.0008203647788035633,0.006701577168695184,13
I68947357,0.004983836206896551,46.0,0.0004211200751082764,0.0028055305375009306,6
I68986083,0.0014816810344827585,13.0,0.000422386065908848,0.0004543242471482679,4
I6902469,0.0014816810344827585,12.0,0.0,0.002332177668820504,0
I69050122,0.00026939655172413793,2.0,0.0,2.884642034005226e-06,13
I69072986,0.00013469827586206896,1.0,0.0,1.600282366302731e-08,13
I69179986,0.0,0.0,0.0,1.6956061190283638e-53,528
I69181431,0.0,0.0,0.0,1.6956061190283638e-53,529
I69356397,0.00525323275862069,45.0,0.00010032840999007437,0.0037803053587673386,4
I69552723,0.011988146551724138,89.0,3.449144453941692e-05,0.007122211294280545,11
I69737025,0.0005387931034482759,4.0,7.258427905809994e-08,5.307264943904091e-05,17
I69740276,0.0013469827586206897,11.0,8.468165890111659e-08,0.00020667032394200817,6
I69768126,0.0010775862068965517,8.0,0.0,0.00014317030728119813,27
I70318548,0.0,0.0,0.0,1.6956061190283638e-53,530
I70349855,0.0004040948275862069,3.0,0.0,7.457354575999289e-41,168
I70387731,0.00026939655172413793,2.0,0.0,2.2583730945775512e-05,34
I70451448,0.0021551724137931034,18.0,3.9316484489804133e-07,0.0004271940011594775,13
I70522481,0.0016163793103448276,14.0,5.550277871976041e-06,6.28914350211786e-05,35
I70571728,0.00026939655172413793,2.0,0.0,9.484517294301771e-05,11
I70591777,0.00013469827586206896,1.0,0.0,6.2172235469214e-07,13
I70593384,0.0005387931034482759,7.0,0.0,3.7316783928868576e-05,17
I70640408,0.0028286637931034483,21.0,0.0010219451724071565,0.0002780602729796507,0
I70745867,0.003232758620689655,24.0,0.0,0.0022347233324308702,6
I70768539,0.0006734913793103449,5.0,0.0,0.0006573407179758542,0
I70886390,0.00026939655172413793,2.0,0.0,1.3385646096709928e-05,1
I70900168,0.0012122844827586207,9.0,0.0,0.0002639529544148831,1
I70908550,0.0004040948275862069,3.0,0.0,0.00022057102126921374,4
I70931966,0.018857758620689655,211.0,0.004669684546530614,0.025836737519680807,0
I70971781,0.0028286637931034483,21.0,0.0017014480854009206,0.001699084949206356,2
I70983195,0.00390625,32.0,0.0006697284893101746,0.0021072184706287882,11
I71030271,0.0009428879310344827,7.0,0.0,0.0003551058133196516,17
I71052956,0.011988146551724138,96.0,0.0004596501128823493,0.005384655562774631,13
I71209653,0.0022898706896551722,17.0,3.629213952904997e-08,0.002376275903900512,1
I71267560,0.0051185344827586205,44.0,0.000508421291999614,0.000525760034680192,6
I71270174,0.0030980603448275863,23.0,2.3432624755923263e-06,0.001277681252118391,0
I71395657,0.0005387931034482759,4.0,0.0,2.0368426903009303e-05,6
I71422933,0.0008081896551724138,7.0,7.748371789452169e-07,7.012980941866166e-05,13
I71437568,0.00026939655172413793,2.0,0.0,3.070336584737465e-05,1
I71459812,0.0006734913793103449,5.0,1.95372684464719e-06,0.00016610022276290616,0
I71503853,0.0020204741379310346,15.0,0.0,0.00024279780459424006,34
I71637028,0.0013469827586206897,11.0,8.226304703107344e-06,6.453838788065168e-05,13
I71675930,0.00013469827586206896,2.0,0.0,4.461842220815167e-05,0
I71715416,0.0005387931034482759,4.0,0.0,6.410718715232552e-06,3
I71838634,0.0004040948275862069,3.0,0.0,2.7013628537923237e-05,1
I71920554,0.011179956896551725,89.0,0.0004908689299541715,0.01457619532340055,4
I71966907,0.00026939655172413793,2.0,0.0,1.2322008981096423e-05,0
I71999127,0.014816810344827586,111.0,8.802782296898039e-05,0.006961348436518469,24
I72090969,0.0006734913793103449,5.0,1.4516855811619988e-07,3.063845034047295e-05,0
I72139825,0.00026939655172413793,2.0,0.0,1.815424414734923e-05,4
I72227227,0.0017510775862068966,13.0,0.0007116102231956902,0.001266159816397094,0
I72264486,0.0025592672413793103,27.0,0.00032766402040241616,0.00015257921771981217,13
I72341708,0.0,0.0,0.0,1.6956061190283638e-53,531
I72352591,0.0013469827586206897,10.0,0.0,0.0001652846266450991,13
I72375662,0.0,0.0,0.0,1.6956061190283638e-53,532
I72427458,0.0004040948275862069,3.0,0.0,0.0001223328217640328,4
I72509657,0.0006734913793103449,15.0,0.0,0.000861781731978243,0
I72541430,0.00013469827586206896,1.0,0.0,3.0305721603028848e-05,0
I72565114,0.0009428879310344827,7.0,3.6655060924340468e-06,3.6798189934484084e-05,13
I72816309,0.0045797413793103444,36.0,0.0006218053239310561,0.001964355854295219,27
I72852730,0.0004040948275862069,3.0,0.0,1.5450784984766587e-05,165
I72951846,0.003232758620689655,24.0,0.00013220682048339965,0.002430504987472733,0
I73142707,0.0010775862068965517,10.0,0.00025103030964647005,5.784040352358444e-05,6
I73417466,0.00525323275862069,39.0,0.0004826797526858671,0.0009617099920616168,3
I73613424,0.00026939655172413793,2.0,0.0,3.374786531587503e-05,6
I73683852,0.00026939655172413793,2.0,0.0,7.189178199664487e-05,0
I73779912,0.0013469827586206897,10.0,1.7847869351394624e-05,1.8508245565569963e-05,13
I73822459,0.0006734913793103449,5.0,0.0,6.270148350492524e-07,111
I73898932,0.0006734913793103449,5.0,0.0,3.328772091135183e-06,3
I74234424,0.0,0.0,0.0,1.6956061190283638e-53,533
I74319210,0.00646551724137931,53.0,0.0021237982800538712,0.00021715707998996959,13
I74413500,0.0006734913793103449,5.0,0.0,0.0004784781247355368,4
I74525822,0.0005387931034482759,4.0,0.0,0.0003081516876459463,4
I7454413,0.0006734913793103449,5.0,0.0,0.0005519299547125182,0
I74614422,0.0006734913793103449,5.0,0.0,5.8484056445187145e-05,13
I74623043,0.0006734913793103449,5.0,0.0,4.8922716273150164e-05,11
I74653059,0.00026939655172413793,2.0,0.0,8.01056319225009e-05,2
I74656192,0.006869612068965517,63.0,0.0014571898889905715,0.004279295145572371,17
I746986,0.0010775862068965517,10.0,0.0,0.0008406263055377311,4
I74760111,0.0008081896551724138,6.0,0.0,5.805170134392164e-06,13
I74775410,0.004310344827586207,42.0,1.197640604458649e-06,0.006257270574016711,0
I74786994,0.0006734913793103449,5.0,0.0,0.0003220356392551975,11
I74788687,0.0,0.0,0.0,1.6956061190283638e-53,534
I74796645,0.004310344827586207,48.0,0.004263989093790397,0.004303588553133302,13
I74801974,0.05105064655172414,482.0,0.024237161282761814,0.041585681520098644,24
I74872605,0.0013469827586206897,10.0,0.000700015748714719,0.0015278754931895842,4
I74885063,0.0010775862068965517,8.0,0.0004855162426196305,1.6256817891932182e-06,13
I74897591,0.00026939655172413793,2.0,0.0,0.00019167940147846638,24
I74899385,0.0012122844827586207,10.0,4.3550567434859963e-07,0.00024654398705500604,2
I7495430,0.0026939655172413795,21.0,0.00024284885165863786,0.0035904986727799387,11
I74973139,0.047009698275862065,612.0,0.06080905321658194,0.10237646416581751,0
I75027704,0.003232758620689655,24.0,4.40889008378742e-06,0.0022795628621934075,0
I75059550,0.0006734913793103449,6.0,0.0002427218291702862,0.0009427200192594347,4
I75092371,0.0,0.0,0.0,1.6956061190283638e-53,535
I75124487,0.0020204741379310346,15.0,0.0,0.000409655794811449,24
I75357094,0.0021551724137931034,19.0,1.6886430088370876e-05,0.00032065594453424095,13
I75381157,0.0020204741379310346,15.0,1.1371537052435656e-06,0.0005305272126263914,1
I75390827,0.0018857758620689654,14.0,0.00017292055234507201,0.0021327032805484735,4
I75420490,0.0005387931034482759,4.0,0.0,0.00035140360835109213,0
I75421653,0.00013469827586206896,1.0,0.0,0.00026688593673031307,11
I75430998,0.0012122844827586207,9.0,2.678722818639179e-05,2.3029327570460742e-05,35
I75535952,0.0005387931034482759,4.0,4.672298746706925e-06,7.863094597634857e-07,13
I75689368,0.003636853448275862,27.0,0.0007216147563258651,0.0034242222247256827,0
I75747061,0.0005387931034482759,4.0,0.0,0.0008712060035376442,0
I75867142,0.0017510775862068966,14.0,1.8569478059030566e-06,0.0008540612750344516,0
I75900474,0.0014816810344827585,14.0,1.8750938756675818e-07,0.0007367885086078149,4
I75917431,0.0020204741379310346,15.0,9.073034882262492e-07,0.00047839181709180805,2
I75951250,0.013604525862068966,140.0,0.00037526953653569084,0.009641818279250631,17
I75955062,0.0004040948275862069,3.0,0.0002427944134493443,9.05123265486396e-06,4
I76130692,0.04337284482758621,609.0,0.026007427106857512,0.10872989138321665,4
I76134821,0.014951508620689655,122.0,0.0013967015308790462,0.006686920747894938,6
I76198965,0.018318965517241378,151.0,0.0012410128219506804,0.010106061597306641,1
I76214153,0.004040948275862069,32.0,0.0002113858997530638,0.0032276222545428064,4
I76245029,0.0004040948275862069,3.0,5.625281627002745e-07,6.4892915014117735e-06,24
I76283144,0.00013469827586206896,1.0,0.0,6.041580684984995e-06,3
I76442945,0.00013469827586206896,1.0,0.0,4.8504493911968665e-05,4
I76569877,0.01683728448275862,173.0,0.0032817880914554195,0.03213177277623449,4
I76571253,0.0021551724137931034,16.0,0.000647338170350108,0.0007727881113746944,13
I76587968,0.00013469827586206896,1.0,0.0,0.00020556574135066353,0
I76661892,0.0004040948275862069,3.0,0.0,4.299135090392036e-08,16
I76766440,0.0008081896551724138,9.0,0.0,0.0016225251791088097,0
I76777374,0.0004040948275862069,3.0,7.258427905809994e-08,6.696760718679478e-43,130
I76806599,0.0,0.0,0.0,1.6956061190283638e-53,536
I76835614,0.0016163793103448276,12.0,0.0002427944134493443,0.003264339003343619,4
I76903346,0.00525323275862069,40.0,5.47920576539832e-05,0.00147300166356463,1
I76957882,0.0009428879310344827,7.0,0.0,3.037168554356833e-06,13
I76973811,0.00026939655172413793,2.0,0.0,1.7736638898204747e-43,189
I77079311,0.0018857758620689654,14.0,0.0002427944134493443,0.00017480474376536167,13
I77432436,0.0,0.0,0.0,1.6956061190283638e-53,537
I77793887,0.0005387931034482759,4.0,0.0,0.000922667399367714,0
I77920804,0.0021551724137931034,16.0,0.0,0.0002867861520763004,1
I78037679,0.007677801724137931,58.0,8.401630300975067e-06,0.0017905521732568717,1
I78038858,0.00026939655172413793,2.0,0.0,4.4710721483041563e-07,24
I78137547,0.0022898706896551722,17.0,1.36790546509204e-05,0.00045468185206411026,13
I7848551,0.0,0.0,0.0,1.6956061190283638e-53,538
I78559203,0.0004040948275862069,3.0,0.0,1.564321735530049e-39,14
I78577930,0.0390625,478.0,0.017441012687019804,0.06877310719186962,11
I7863295,0.00026939655172413793,2.0,0.0,7.813998018801518e-05,0
I78650965,0.01037176724137931,130.0,0.0010240109008268505,0.005071328895887947,17
I78675632,0.0016163793103448276,15.0,3.629213952904996e-08,0.0033025376832234543,4
I78715868,0.007273706896551724,55.0,3.0556382901123673e-05,0.0019074704132049907,13
I78744979,0.0016163793103448276,12.0,0.00039387223918436185,0.0002615452280039915,6
I78757542,0.0066002155172413795,49.0,0.00022208751559340715,0.004514574307477438,17
I7877124,0.01575969827586207,177.0,0.0026119452242991527,0.012101656218042146,17
I78826914,0.0,0.0,0.0,1.6956061190283638e-53,539
I7882870,0.015625,120.0,0.0017361287374124982,0.00867796639162067,21
I78880903,0.00013469827586206896,1.0,0.0,2.523887623159395e-07,34
I78974044,0.0012122844827586207,9.0,0.0,0.002444881870087412,4
I78978612,0.0026939655172413795,20.0,1.8871912555105983e-06,0.0007096474881444525,4
I78988378,0.016298491379310345,209.0,0.0012136232594612475,0.05801752078237134,4
I79072001,0.0004040948275862069,3.0,0.0,1.3276479565204055e-05,6
I79156528,0.005387931034482759,43.0,0.0002858837800608515,0.00047468851525971263,13
I79161377,0.0008081896551724138,6.0,0.0,5.805170134392164e-06,13
I79189158,0.00013469827586206896,1.0,0.0,3.5559437637325713e-47,378
I79238269,0.00013469827586206896,1.0,0.0,3.5559437637325713e-47,5
I79272384,0.0012122844827586207,10.0,7.863296897960826e-08,0.0006703531127299825,24
I79463011,0.0006734913793103449,5.0,0.0,0.0005097067699482385,24
I7947594,0.00013469827586206896,1.0,0.0,3.5559437637325713e-47,499
I79510175,0.024245689655172414,195.0,0.002160613714434996,0.014350470251554837,24
I79516672,0.0024245689655172415,18.0,0.000695716987992431,0.00045217302805068785,13
I79571142,0.0008081896551724138,6.0,0.0,1.974169206269119e-05,13
I79576946,0.04525862068965517,481.0,0.010236346123001701,0.057925151139404864,11
I79619799,0.027882543103448277,238.0,0.0026924339090896,0.018590562289465155,24
I79620101,0.00525323275862069,42.0,0.00045192786748549465,0.005544415634237285,0
I79731167,0.003367456896551724,25.0,0.0,0.00198614270411186,4
I79765343,0.0005387931034482759,4.0,0.0,3.913059886117632e-05,1
I79817857,0.0024245689655172415,25.0,8.757253205608338e-05,0.00064720911012136,13
I79833322,0.0012122844827586207,9.0,0.0,0.0002123395017873578,16
I79884896,0.00026939655172413793,2.0,0.0,1.664565457822037e-05,21
I79889768,0.0013469827586206897,18.0,7.370959461306854e-05,0.0005697466206765983,2
I79891267,0.0075431034482758615,75.0,0.0008199059675503754,0.013450178494198599,4
I79940851,0.0010775862068965517,8.0,7.531569460694104e-06,5.641597415051113e-05,6
I79946792,0.00013469827586206896,4.0,0.0,2.069575372182158e-07,16
I80018011,0.002963362068965517,22.0,0.0,0.00045105815042624075,27
I80043,0.0037715517241379308,28.0,0.0,0.0016435347311756522,17
I80143920,0.0030980603448275863,24.0,0.0005181065839167174,0.0020126162898174713,4
I80180929,0.0008081896551724138,6.0,0.0,0.0003743010862797707,1
I80251312,0.0006734913793103449,5.0,5.566004465771963e-06,7.952369133817192e-05,0
I80281795,0.011179956896551725,85.0,5.6389718285250945e-05,0.0036409633203784075,13
I80327900,0.0013469827586206897,10.0,0.0,0.00014144216096034494,13
I8033065,0.0006734913793103449,6.0,3.3267794568295805e-07,2.1083460639007293e-05,13
I80432865,0.00026939655172413793,2.0,0.0,2.6641235572169554e-05,4
I80538482,0.0008081896551724138,6.0,1.215786674223174e-06,0.00010568435244688663,34
I80543232,0.00013469827586206896,1.0,0.0,3.4571377218902323e-06,3
I80605987,0.0004040948275862069,3.0,0.0,5.698563240514026e-05,1
I80606768,0.0024245689655172415,18.0,0.0,0.0027690834098662406,1
I80611190,0.0012122844827586207,9.0,0.0004857339954568048,0.0007629835841681005,2
I80626142,0.0021551724137931034,21.0,0.0,0.005140963422402018,24
I80687555,0.0004040948275862069,6.0,0.0,0.00019776345314630615,2
I80693520,0.005926724137931034,44.0,5.915618743235145e-06,0.0026631909083042085,21
I8078737,0.0045797413793103444,34.0,3.786479890864214e-06,0.003037080583003647,4
I80810150,0.004445043103448276,33.0,0.0,0.0006184717896368957,3
I80850581,0.0,0.0,0.0,1.6956061190283638e-53,540
I8087733,0.014682112068965516,143.0,0.00260108304454468,0.013166315632458942,17
I80947539,0.002963362068965517,22.0,0.0007182789038341536,0.0027281382461049127,4
I81009624,0.0004040948275862069,3.0,0.0,0.0007387615098186215,11
I81365321,0.010102370689655173,84.0,0.001223365682694825,0.006881953590572874,21
I81556334,0.0004040948275862069,3.0,0.0007282380717899167,6.96202685912736e-06,2
I81605866,0.0005387931034482759,4.0,0.0002427944134493443,0.00010526420677479102,0
I8165072,0.0,0.0,0.0,1.6956061190283638e-53,541
I81935515,0.0022898706896551722,17.0,0.0,0.0015814151660540007,6
I8204097,0.03636853448275862,373.0,0.007825659517506524,0.035638750890271825,17
I822440,0.0017510775862068966,13.0,0.0,0.00110915484893455,6
I82284825,0.004445043103448276,33.0,0.00019761780286754627,0.0035658900353169034,16
I82410551,0.0,0.0,0.0,1.6956061190283638e-53,542
I82462995,0.0005387931034482759,4.0,0.0,5.96994341793228e-06,13
I8248082,0.00013469827586206896,1.0,0.0,2.1515423701347492e-05,1
I82495205,0.005926724137931034,46.0,7.111790380141427e-06,0.00310051226323461,21
I82497590,0.008351293103448275,108.0,0.0009357655986519069,0.020912621734845153,4
I82509713,0.0008081896551724138,6.0,0.0,0.0002299372926570434,6
I82571370,0.003367456896551724,26.0,0.0002166588436761766,1.1237423832119533e-05,13
I82724352,0.0022898706896551722,17.0,0.0010087853833843552,8.987977120149855e-06,13
I82760581,0.0,0.0,0.0,1.6956061190283638e-53,543
I82767444,0.0005387931034482759,5.0,0.00048134264657378973,1.563600302668256e-05,34
I82783531,0.0017510775862068966,13.0,0.0,0.0015370835420552295,0
I82828225,0.0006734913793103449,5.0,0.00021173045905395005,2.2359459495777317e-06,13
I82880672,0.022225215517241378,287.0,0.007641480723716964,0.07031346610876375,4
I82904351,0.00013469827586206896,1.0,0.0,3.5559437637325713e-47,517
I82951845,0.0066002155172413795,74.0,0.003918791828937496,0.003907438378758301,2
I82952536,0.0028286637931034483,24.0,9.59819536457429e-05,4.331987806260367e-05,13
I83019370,0.004983836206896551,44.0,0.001494280455589261,0.002912169350120556,3
I83041322,0.0026939655172413795,21.0,3.447753255259747e-07,0.0015687357387639904,3
I83073037,0.00013469827586206896,1.0,0.0,3.5559437637325713e-47,481
I83202590,0.0008081896551724138,6.0,0.0,1.974169206269119e-05,13
I83205935,0.00026939655172413793,2.0,0.0,5.723304032499886e-43,130
I83259278,0.004445043103448276,34.0,0.0,0.0006206718149342143,3
I83328450,0.0008081896551724138,6.0,0.0004752697618925954,0.000930554039311653,21
I83332908,0.00026939655172413793,2.0,0.0,3.006447170229731e-07,13
I83399316,0.002963362068965517,23.0,2.5404497670334977e-06,0.0030015355210778814,0
I83436808,0.0005387931034482759,4.0,0.0,0.0002780720155366644,4
I83467386,0.005657327586206897,47.0,0.00043297974143737775,0.0049665219289958835,0
I83519826,0.007677801724137931,61.0,0.0009571325957996349,0.00735037819874015,4
I83558840,0.0021551724137931034,17.0,0.00025426938309943775,0.00011920571979559519,24
I83683471,0.0006734913793103449,5.0,0.0,1.9347249763648738e-05,2
I83737708,0.0004040948275862069,3.0,0.0,3.009100137511773e-07,13
I83740829,0.0005387931034482759,4.0,0.0,0.00024858390967766314,4
I83776822,0.0004040948275862069,3.0,0.0,2.7150843734880827e-05,4
I83791580,0.0008081896551724138,6.0,4.1735960458407466e-07,3.7109451298725285e-05,4
I83809506,0.0009428879310344827,7.0,0.0,0.0002460096090081628,24
I83816512,0.0066002155172413795,49.0,0.0007956936666635703,0.0006981524085872073,3
I83860666,0.00013469827586206896,1.0,0.0,9.190777743805809e-05,0
I83863532,0.0005387931034482759,5.0,6.54468249507201e-06,2.493080888196727e-06,6
I83909951,0.0010775862068965517,8.0,0.00048176726460627957,0.00010387216754873075,13
I84009706,0.0013469827586206897,11.0,3.629213952904997e-08,0.0010150276630935054,16
I84027002,0.0005387931034482759,5.0,1.8146069764524985e-08,0.00044815116032245294,4
I84058292,0.0016163793103448276,14.0,0.0009708510245416157,2.8083134936492754e-05,21
I8408910,0.0004040948275862069,3.0,0.0,0.0002041801587265258,4
I84218800,0.009428879310344827,72.0,0.0009878490529590385,0.007164675762644933,0
I84248293,0.00026939655172413793,2.0,0.0,1.740565155103194e-07,3
I84339108,0.003636853448275862,34.0,0.0008243722573448857,0.00022574615592408354,13
I84340266,0.0006734913793103449,5.0,0.0,0.0005313851127929707,0
I84392919,0.008620689655172414,84.0,2.6913645805751305e-05,0.007227843725665288,0
I84407627,0.0,0.0,0.0,1.6956061190283638e-53,544
I84470341,0.0,0.0,0.0,1.6956061190283638e-53,545
I84475105,0.00013469827586206896,1.0,0.0,4.296960688710228e-05,4
I84500057,0.00026939655172413793,2.0,0.0,1.6813410584452203e-05,34
I84524832,0.0014816810344827585,11.0,0.00027679375909567966,0.0004948744847677934,13
I84554738,0.0005387931034482759,4.0,0.0,1.0459216149498997e-06,2
I84653119,0.0004040948275862069,3.0,0.0,0.0003576648990331692,2
I848706,0.009294181034482759,134.0,0.002387701336347088,0.029975096132567356,4
I8488066,0.00026939655172413793,2.0,0.0,2.2375666390782635e-05,6
I84884186,0.01683728448275862,133.0,0.001952868996399893,0.008004065190127575,16
I84909340,0.0004040948275862069,3.0,0.0,7.457354575999289e-41,301
I84985371,0.0008081896551724138,6.0,0.0,5.1298647260072995e-05,6
I85324120,0.00026939655172413793,2.0,0.0,1.8172034489739703e-05,6
I85384741,0.0021551724137931034,19.0,0.0,0.0008207862298255287,17
I8541234,0.0,0.0,0.0,1.6956061190283638e-53,546
I85430964,0.00026939655172413793,2.0,0.0,8.550618108858867e-06,4
I85461943,0.004040948275862069,34.0,0.006153623060255473,0.00024221774872769223,13
I85507684,0.005657327586206897,42.0,0.0010809885573115658,0.0006211454879535092,3
I85564003,0.0010775862068965517,8.0,0.0,6.433749672812324e-05,21
I858936495,0.00026939655172413793,2.0,0.0,2.639870002859724e-05,4
I859038795,0.01441271551724138,133.0,0.0014199059371341055,0.013635126440929025,24
I860003557,0.0009428879310344827,7.0,0.0009714679909136097,1.17171334922923e-05,13
I8606887,0.0008081896551724138,7.0,0.00024315128615471328,0.00012717479358667505,21
I86115722,0.00026939655172413793,2.0,0.0,0.00026146074052209973,0
I861268105,0.0,0.0,0.0,1.6956061190283638e-53,547
I86175216,0.0005387931034482759,4.0,0.0,0.00017019313402766,16
I861853513,0.011045258620689655,85.0,0.002236238710704505,0.00396597616933707,34
I86211378,0.0,0.0,0.0,1.6956061190283638e-53,548
I862322245,0.00026939655172413793,2.0,0.0,1.8731368006092126e-05,13
I862669128,0.00026939655172413793,2.0,0.0,0.0007952308563225428,4
I862893732,0.0004040948275862069,3.0,0.0,5.4497293254108305e-06,6
I863488634,0.0008081896551724138,6.0,0.0,0.000755386926151389,17
I8636806,0.004445043103448276,34.0,0.0,0.0006206718149342143,3
I863896202,0.0008081896551724138,6.0,1.4516855811619988e-07,0.0002620314041041309,13
I864159182,0.0008081896551724138,6.0,0.0,1.218864444323132e-05,17
I86467917,0.0009428879310344827,7.0,0.00022173227027366026,0.00023822812829760526,13
I864998749,0.0005387931034482759,4.0,0.0,1.2274505454284814e-05,13
I86501945,0.0016163793103448276,15.0,5.201873332497162e-07,0.002478903603288062,4
I865166595,0.00026939655172413793,2.0,0.0,0.0004443367638072244,0
I86519309,0.023168103448275863,240.0,0.002568136349001363,0.03816975099251949,0
I865915315,0.015490301724137932,127.0,0.0013852219426321876,0.010198167558259771,3
I86613570,0.0,0.0,0.0,1.6956061190283638e-53,549
I866881858,0.00013469827586206896,1.0,0.0,3.5559437637325713e-47,470
I86695891,0.007677801724137931,58.0,1.4072277102389132e-05,0.0022389796638574563,13
I867280407,0.009698275862068966,115.0,0.0007102008784439788,0.013666892537273986,0
I867306930,0.0005387931034482759,4.0,0.0,7.97800026926378e-06,4
I86755215,0.0008081896551724138,6.0,0.0,0.0008853698180440729,21
I8679417,0.00026939655172413793,2.0,0.0,2.5964638536708626e-05,17
I86897205,0.005522629310344827,41.0,0.0,0.0026411959813755948,21
I869089601,0.0005387931034482759,4.0,0.0,0.0005614203297910453,21
I8692664,0.0030980603448275863,23.0,0.0004804111483258775,0.001035752525789619,21
I86958956,0.00026939655172413793,2.0,0.0,1.9988820476855845e-05,6
I8696757,0.0016163793103448276,13.0,0.0,0.0017389908253051865,16
I86987016,0.017510775862068964,154.0,0.002489342962742529,0.018994126547092798,21
I870124129,0.0014816810344827585,11.0,0.0014556777165101943,1.3376273752283993e-05,2
I870392255,0.0004040948275862069,3.0,0.0,0.0007052849941083016,4
I87048295,0.00013469827586206896,1.0,0.0,7.257744761470163e-06,13
I87074743,0.00026939655172413793,2.0,0.0,2.882711307982922e-05,13
I871049931,0.00013469827586206896,1.0,0.0,1.1123712543685293e-06,27
I87111246,0.0020204741379310346,19.0,1.8146069764524985e-08,0.0010723772166572195,24
I87182695,0.0028286637931034483,24.0,3.2390734529677096e-06,0.0032783982917276426,0
I87208437,0.0009428879310344827,7.0,0.0,0.0016131881482535834,0
I87216513,0.013873922413793103,145.0,0.002667592451494899,0.017440220687187168,21
I872623138,0.0017510775862068966,13.0,0.0,0.0016294073115996257,24
I872719,0.0009428879310344827,7.0,0.0,0.0002570695473079145,11
I872922937,0.0016163793103448276,17.0,0.00011860392171891941,0.0001571553161126023,6
I872945872,0.00013469827586206896,1.0,0.0,0.00019459988152722017,0
I87303767,0.00013469827586206896,1.0,0.0,1.153107719269588e-05,4
I873043661,0.0017510775862068966,13.0,0.0,0.0015713975746607547,0
I87339560,0.0004040948275862069,3.0,0.0,3.143210409525069e-05,21
I874055015,0.0009428879310344827,7.0,2.4799628678184145e-07,0.0002874889708827229,13
I874236823,0.0006734913793103449,5.0,0.0,0.00041190148566465156,4
I87424562,0.003636853448275862,28.0,2.2985021701731648e-07,0.0026582442786858475,21
I87445476,0.01683728448275862,177.0,0.003404448690038071,0.0308205295435958,4
I874769580,0.0005387931034482759,4.0,0.0,3.467840107310963e-05,13
I874792244,0.0006734913793103449,5.0,0.0,0.0003052666185046141,0
I87482320,0.0026939655172413795,21.0,0.00010204577707521727,0.00016831439026674053,13
I87531838,0.00013469827586206896,1.0,0.0,4.695260120561304e-05,4
I87547150,0.0004040948275862069,3.0,0.0,1.877360369114856e-05,13
I875944469,0.0012122844827586207,10.0,0.00025160084643173524,3.9626783749030946e-06,13
I876193797,0.004849137931034483,48.0,0.0008472646673195656,0.001376161337121969,13
I8765205,0.0010775862068965517,8.0,0.0004855162426196305,1.2188952959460503e-05,17
I87653560,0.00026939655172413793,2.0,0.0,4.2825044369827945e-05,21
I87673952,0.00013469827586206896,1.0,0.0,3.5559437637325713e-47,132
I87710204,0.0022898706896551722,34.0,2.419475968603331e-08,0.0024121573720512074,17
I877107187,0.0013469827586206897,10.0,5.8052517546316275e-05,0.0005790781269714315,16
I877506347,0.0,0.0,0.0,1.6956061190283638e-53,550
I87780372,0.0045797413793103444,35.0,0.0002439557619142739,0.0024007390896697094,4
I8778637,0.0006734913793103449,5.0,3.647360022669522e-06,2.2380492523753995e-05,13
I878022262,0.0004040948275862069,3.0,3.629213952904997e-08,3.5148044558639374e-05,13
I878213199,0.0005387931034482759,4.0,0.0004855162426196305,3.294832210310806e-05,16
I879563668,0.009159482758620689,71.0,0.000566570127732109,0.006208176385040582,11
I879689382,0.00026939655172413793,2.0,0.0,0.0003725340924449042,16
I88017793,0.0005387931034482759,4.0,0.0,4.8271156796896395e-06,13
I88060688,0.003367456896551724,26.0,0.0006107201923464038,0.001712839197607889,2
I880747138,0.0008081896551724138,6.0,0.0,0.00018054740790693322,21
I880766802,0.0004040948275862069,3.0,0.0,0.0012337650803993772,0
I88085062,0.0013469827586206897,10.0,0.0,0.0012661113622967426,0
I881427289,0.01293103448275862,107.0,0.0016142840441560166,0.006568208103476851,1
I88155538,0.00013469827586206896,1.0,0.0,1.580684006550528e-45,157
I88170914,0.0010775862068965517,8.0,0.0,0.00021189740401518216,13
I881766915,0.021821120689655173,253.0,0.00552465501659954,0.05590032205041997,4
I882009436,0.00026939655172413793,2.0,0.0,4.842875444179537e-07,35
I882248123,0.0009428879310344827,7.0,5.0640430659415804e-06,1.4843877487391967e-06,13
I8826637,0.0006734913793103449,5.0,0.0,9.205783852865297e-05,0
I88273585,0.0026939655172413795,33.0,2.073836544517141e-08,0.001738010870596616,24
I8833935,0.010910560344827586,81.0,0.0,0.005191661795350437,24
I88372448,0.005657327586206897,42.0,0.00024283070558887333,0.009145770775062859,4
I883909435,0.0004040948275862069,3.0,7.258427905809994e-08,6.696760718679477e-43,48
I884043246,0.0016163793103448276,16.0,7.258427905809994e-08,0.000816499228934212,24
I884181516,0.0006734913793103449,5.0,0.00011056400307525086,2.293672389637053e-06,6
I88491126,0.0009428879310344827,7.0,0.0002427944134493443,0.0003283671796848662,17
I885383172,0.0017510775862068966,13.0,0.00022151814665043876,0.00017020972549586528,13
I885392262,0.00013469827586206896,2.0,0.0,2.8170645354707773e-08,13
I88596544,0.0010775862068965517,10.0,0.0011559185847903454,5.882118206969502e-05,35
I886582847,0.0012122844827586207,9.0,0.0,0.00011242950406886928,1
I88694374,0.0,0.0,0.0,1.6956061190283638e-53,551
I887064364,0.03219288793103448,300.0,0.004621510342996081,0.028264839820525012,3
I88761825,0.009967672413793103,74.0,0.0,0.006904944637433568,11
I88773910,0.00013469827586206896,1.0,0.0,2.1186250943579406e-08,13
I887846188,0.0,0.0,0.0,1.6956061190283638e-53,552
I887968799,0.016567887931034482,215.0,0.005083423655694698,0.00963682939990447,17
I887998513,0.0014816810344827585,11.0,0.0006527074758710501,0.00010698411089596548,13
I88830068,0.003232758620689655,37.0,0.0005489276834117629,0.004064195229721928,4
I888729015,0.00026939655172413793,2.0,0.0,1.57298174559628e-05,21
I88874673,0.00390625,29.0,0.0,0.0027713286541644357,0
I889342715,0.0014816810344827585,11.0,0.0,0.0007738783057804687,21
I889458895,0.05024245689655173,865.0,0.06303692195927249,0.21786763040785728,4
I88973175,0.00013469827586206896,1.0,0.0,3.890999341991565e-07,0
I889804353,0.007004310344827586,52.0,1.551126043471596e-05,0.002911876020949004,1
I889937125,0.0020204741379310346,15.0,0.0,0.0028602784148549676,0
I8901234,0.0066002155172413795,54.0,4.561317069809428e-05,0.0009387714140661295,6
I89015989,0.0005387931034482759,4.0,1.0887641858714991e-07,0.00015077015444285333,24
I890469752,0.002963362068965517,24.0,2.334794309702215e-06,0.0031626873467233197,4
I891191580,0.002963362068965517,23.0,0.0002519279352308219,0.0015734470904947386,1
I891261516,0.0,0.0,0.0,1.6956061190283638e-53,553
I891521709,0.00026939655172413793,2.0,0.0,4.7343549982995927e-07,17
I89226531,0.00013469827586206896,1.0,0.0,1.8962987675117644e-06,16
I89264055,0.0004040948275862069,3.0,0.0,5.335655112101971e-06,3
I894293524,0.0,0.0,0.0,1.6956061190283638e-53,554
I89440247,0.0,0.0,0.0,1.6956061190283638e-53,555
I89466785,0.0005387931034482759,4.0,0.00015020765099083515,2.304240505427107e-06,13
I895027328,0.00013469827586206896,2.0,0.0,2.0275461381997694e-08,13
I89506807,0.0005387931034482759,4.0,1.5061237904555737e-06,5.3723707144606604e-06,1
I896114043,0.0010775862068965517,11.0,0.0002555087596643548,0.0003254810788132838,11
I8961855,0.0004040948275862069,3.0,0.0,0.00034089839948923164,0
I89652312,0.0010775862068965517,8.0,0.0,0.0008405791894236793,0
I897542642,0.0010775862068965517,8.0,0.0002427944134493443,0.001101351268005575,1
I8977528,0.0017510775862068966,13.0,1.678615930589932e-05,5.0944887780498243e-05,13
I89864525,0.006869612068965517,51.0,2.709813084835731e-06,0.0014230962093480287,1
I8991828,0.00013469827586206896,1.0,0.0,3.5559437637325713e-47,506
I899635006,0.014547413793103448,159.0,0.0024718160313795586,0.012035897557134316,1
I899713450,0.0008081896551724138,6.0,2.3136238949769354e-05,0.00015823338944159234,13
I899859998,0.0014816810344827585,11.0,0.0,0.003131707694992921,4
I90023481,0.0012122844827586207,12.0,0.0006666984098771568,0.0004747094224932523,6
I900890020,0.0026939655172413795,22.0,1.63435601679155e-05,0.0006658196548261182,17
I90090648,0.0013469827586206897,10.0,0.00024371986300733507,0.00042578512093356414,4
I901242617,0.00013469827586206896,1.0,0.0,1.2765004707714713e-05,11
I90149893,0.0004040948275862069,3.0,0.0,0.00015119564827646104,4
I90183372,0.0020204741379310346,15.0,4.3550567434859965e-06,0.0003129247458301232,17
I901861585,0.017645474137931036,156.0,0.000784635451749069,0.012662184658673838,24
I90259746,0.00013469827586206896,1.0,0.0,2.7041395530433405e-05,4
I902671590,0.00013469827586206896,1.0,0.0,1.6156438852005868e-06,4
I90267481,0.0030980603448275863,27.0,3.0125500154072225e-05,0.001552184095251159,1
I902853133,0.00026939655172413793,2.0,0.0,4.733870115661631e-06,21
I90326151,0.004040948275862069,30.0,3.266292557614497e-07,0.002771477607926654,0
I90329211,0.0,0.0,0.0,1.6956061190283638e-53,556
I90344618,0.010910560344827586,81.0,0.0,0.005191661795350437,24
I903955410,0.00026939655172413793,2.0,0.0,7.182873185837495e-06,0
I903994226,0.0004040948275862069,3.0,0.0,0.00020333376717089345,4
I904495901,0.0016163793103448276,12.0,0.0002445509530025503,7.432793068517981e-05,11
I905225518,0.0006734913793103449,5.0,0.0,7.454876050491638e-05,3
I90523175,0.0010775862068965517,22.0,0.0,0.0009784320683936785,21
I90546491,0.00013469827586206896,1.0,0.0,3.5559437637325713e-47,356
I905734797,0.0,0.0,0.0,1.6956061190283638e-53,557
I90610274,0.0012122844827586207,9.0,0.0004911620003505856,1.0065289762190119e-05,13
I90610280,0.023976293103448277,236.0,0.0017511796383563754,0.04161587510081971,4
I90669466,0.0008081896551724138,6.0,0.0,0.000760198938731955,1
I90678064,0.00013469827586206896,1.0,0.0,2.0481787807000803e-05,1
I907135538,0.00013469827586206896,1.0,0.0,3.5559437637325713e-47,444
I90727586,0.0004040948275862069,3.0,0.0,3.7850109460768586e-05,4
I90731587,0.0004040948275862069,3.0,0.0,0.0006564918565318392,1
I90745801,0.0,0.0,0.0,1.6956061190283638e-53,558
I90871651,0.00013469827586206896,1.0,0.0,8.115400406059156e-09,11
I90965887,0.0004040948275862069,4.0,0.0,2.0211376327172746e-39,14
I909854389,0.0028286637931034483,22.0,1.360955232339374e-06,0.002985593011971559,11
I91041137,0.0005387931034482759,4.0,0.0,0.0006322705297685076,13
I91044093,0.0022898706896551722,25.0,0.0010296094065270307,0.00021573459646702806,13
I91045830,0.015220905172413793,128.0,0.0016820103257590992,0.014340032607871395,0
I91090688,0.0006734913793103449,8.0,0.00024013903857380216,0.0011918866302470044,2
I91123046,0.0018857758620689654,14.0,4.3550567434859965e-06,0.0013270385979302567,24
I91125648,0.00026939655172413793,2.0,0.0,9.05111875647091e-06,4
I91136226,0.013739224137931034,107.0,0.0013606034928125088,0.004809196953474958,13
I911458345,0.0012122844827586207,9.0,0.0,0.0004948502501608322,16
I91203450,0.006196120689655173,49.0,0.00024067132328689487,0.004220970320826518,11
I912669003,0.0009428879310344827,7.0,0.0,0.001268202161406888,4
I91275662,0.00525323275862069,39.0,0.0,0.002881160501581851,1
I91277730,0.0006734913793103449,5.0,0.0,4.3014754078580024e-07,13
I91279580,0.00013469827586206896,1.0,0.0,3.5559437637325713e-47,347
I913140155,0.00013469827586206896,2.0,0.0,1.7736638898204747e-43,264
I913481162,0.016163793103448277,122.0,0.000275807630180158,0.005636415148889681,1
I91357014,0.0009428879310344827,7.0,0.0001632118001520592,0.00036234492949128506,13
I913958620,0.004445043103448276,35.0,0.0006002113280915597,0.0014190115396716437,16
I91450128,0.0006734913793103449,5.0,0.00011374273918452238,1.3746886615847653e-06,13
I91538806,0.00026939655172413793,3.0,0.0,0.00014302157802741086,0
I91600406,0.0004040948275862069,3.0,0.0,2.5640322966807857e-05,1
I916048824,0.0012122844827586207,9.0,0.0,0.0011888115829258282,4
I91633459,0.0025592672413793103,21.0,6.656046182564588e-05,2.9743530170072567e-05,13
I916541031,0.00013469827586206896,1.0,0.0,4.1322188948304025e-06,6
I916559398,0.0004040948275862069,3.0,0.0,1.3557205606061837e-05,24
I91656880,0.006061422413793103,45.0,0.0008712000678227504,0.0023969335121393617,4
I91712215,0.0017510775862068966,16.0,7.621349301100493e-07,0.0015719246533217198,17
I917207718,0.0008081896551724138,10.0,6.944258951286828e-05,0.0021994592577844205,0
I91727514,0.006061422413793103,45.0,0.0,0.0044619457206226745,17
I91732220,0.00026939655172413793,2.0,0.0,6.109520510730623e-06,2
I917324061,0.00013469827586206896,1.0,0.0,3.5559437637325713e-47,190
I91807558,0.006196120689655173,49.0,0.00041464264254395956,0.0050975883900244694,0
I918919364,0.00026939655172413793,2.0,0.0,0.0004157060721315255,4
I919208787,0.00026939655172413793,2.0,0.0,1.1696584816968233e-05,0
I91935597,0.004310344827586207,40.0,2.231966581036573e-06,0.004784857836751902,4
I91947458,0.00026939655172413793,2.0,0.0,2.250094617949074e-06,6
I91951123,0.00013469827586206896,1.0,0.0,9.696937229062322e-06,4
I919571938,0.009967672413793103,114.0,0.00015679958396626822,0.01563269779957772,0
I919620872,0.00013469827586206896,1.0,0.0,3.5559437637325713e-47,70
I919958821,0.0004040948275862069,3.0,0.0,3.4541970485936757e-10,6
I92008406,0.005657327586206897,42.0,0.0,0.0026479738361544457,21
I92039509,0.011988146551724138,101.0,0.0001721886608645696,0.014860424427984686,4
I92156820,0.0006734913793103449,6.0,0.0,0.0007959662920812778,21
I921716337,0.00013469827586206896,1.0,0.0,1.3965385808469157e-06,4
I92178344,0.0005387931034482759,4.0,0.0,0.0005580303940783807,4
I921990950,0.006869612068965517,57.0,0.0014088058134394343,0.006024006424444027,0
I922237871,0.009967672413793103,74.0,0.0,0.006904944637433568,11
I9224006,0.0010775862068965517,8.0,0.0002427944134493443,0.0008284450317245329,0
I9224756,0.00525323275862069,43.0,0.00048226809613178054,0.004632607685156886,4
I92251255,0.0,0.0,0.0,1.6956061190283638e-53,559
I922845939,0.0020204741379310346,16.0,1.8146069764524985e-08,0.0032459909480520768,11
I923003605,0.0004040948275862069,3.0,0.0,7.457354575999289e-41,156
I923382979,0.00013469827586206896,1.0,0.0,4.3342435296906925e-06,11
I92403157,0.008216594827586207,74.0,0.002465314150566506,0.01381827285408937,4
I92446798,0.009428879310344827,72.0,3.108836517972017e-05,0.003774448117838277,1
I92449659,0.0,0.0,0.0,1.6956061190283638e-53,560
I92507152,0.0018857758620689654,14.0,0.0,0.000607818152533649,11
I92528248,0.0012122844827586207,12.0,5.187097247117477e-06,4.022752530935127e-05,13
I9256017,0.0,0.0,0.0,1.6956061190283638e-53,561
I92582371,0.0012122844827586207,9.0,1.6786274720462269e-06,2.4620133448821968e-05,35
I926076166,0.0004040948275862069,5.0,0.0,7.759858474881354e-05,11
I926082481,0.0010775862068965517,8.0,0.0,1.5009486281432313e-05,21
I926137907,0.00026939655172413793,2.0,0.0,0.0002019393485935104,24
I92614990,0.00013469827586206896,1.0,0.0,0.00031326918033225355,0
I926574661,0.009832974137931034,76.0,0.0002624646234593056,0.0023165579925367996,1
I92715842,0.0,0.0,0.0,1.6956061190283638e-53,562
I9272278,0.00013469827586206896,1.0,0.0,6.667974340391896e-08,24
I927504317,0.00013469827586206896,2.0,0.0,0.0001020705452216252,24
I928334797,0.0005387931034482759,4.0,0.0,3.4765403370154556e-05,17
I92864154,0.0004040948275862069,3.0,0.0,5.560086334211271e-06,13
I92869138,0.0014816810344827585,14.0,5.256311541790737e-07,0.0003270925142575241,6
I929267784,0.00013469827586206896,1.0,0.0,1.112251461634948e-05,13
I929597975,0.0008081896551724138,6.0,1.0536817843267507e-05,1.1739569432459832e-05,21
I9300472,0.007273706896551724,56.0,3.157839547321852e-05,0.0011304878372774892,13
I930072361,0.0010775862068965517,8.0,2.6130340460915976e-06,0.00014086085777576259,13
I930713850,0.0,0.0,0.0,1.6956061190283638e-53,563
I931278978,0.004983836206896551,38.0,0.0002564499207254253,0.00015676604690635865,13
I93131583,0.0017510775862068966,20.0,1.8931189716336762e-05,4.865437136643812e-05,13
I931681460,0.004175646551724138,34.0,2.000664416590047e-06,0.00027573572258774934,13
I931913249,0.00026939655172413793,2.0,0.0,0.0004892932212305145,0
I931969281,0.0075431034482758615,58.0,4.39589869428018e-06,0.0008652394109865333,13
I932239252,0.00013469827586206896,1.0,0.0,2.7638770972716776e-09,13
I9323808,0.0005387931034482759,4.0,0.0,0.00010469453901571727,0
I93320256,0.00013469827586206896,1.0,0.0,3.5559437637325713e-47,564
I93364004,0.005522629310344827,41.0,0.0,0.0026411959813755948,21
I93396115,0.0006734913793103449,5.0,0.0,0.0009787540327745113,24
I9341345,0.0051185344827586205,42.0,3.235271419302763e-06,0.001048701055713093,17
I93477617,0.0005387931034482759,4.0,0.0007281654875108586,0.00038817678667844646,16
I9356336,0.0006734913793103449,5.0,0.0,0.00012770201722560773,3
I93593358,0.0009428879310344827,7.0,0.0,0.0005774089307133955,11
I9360294,0.020339439655172414,173.0,0.00586081593952277,0.01052173149184356,13
I93860229,0.004983836206896551,38.0,0.0016517598114912074,0.003642413208865371,0
I93906172,0.0004040948275862069,3.0,0.0,6.101156295493614e-06,13
I94047373,0.00013469827586206896,1.0,0.0,3.5559437637325713e-47,352
I94062374,0.008620689655172414,75.0,0.0,0.01032170354820884,4
I94234084,0.0009428879310344827,8.0,3.266292557614497e-07,0.000566767018987135,3
I94271068,0.00013469827586206896,1.0,0.0,0.00020605400576249687,11
I94349332,0.0,0.0,0.0,1.6956061190283638e-53,565
I94509681,0.01171875,90.0,0.00040287420196004657,0.004101671059756658,1
I94511900,0.0006734913793103449,5.0,0.0,1.941990809428179e-06,13
I94518387,0.0013469827586206897,10.0,2.1142115497432116e-05,0.0004135067733248426,6
I94575722,0.00013469827586206896,1.0,0.0,1.5954752393205125e-06,11
I94588446,0.00013469827586206896,1.0,0.0,0.00019459988152722017,0
I94624287,0.007004310344827586,53.0,2.988536716418838e-05,0.0016652893708215893,17
I94625822,0.0006734913793103449,5.0,2.458792453093135e-06,1.3808616561767737e-05,6
I94626330,0.00013469827586206896,1.0,0.0,1.1680468652526294e-06,17
I94658018,0.0018857758620689654,14.0,9.79887767284349e-07,0.001019605065857749,13
I94722563,0.0051185344827586205,41.0,1.3692419375318403e-05,0.0019124947340882262,2
I94734805,0.0018857758620689654,33.0,0.0,0.0018990816049145954,0
I94800806,0.0018857758620689654,15.0,2.3429946050386588e-05,0.00026439877983091675,13
I94948490,0.00013469827586206896,1.0,0.0,6.0631892509099535e-09,13
I94951947,0.00013469827586206896,1.0,0.0,3.5559437637325713e-47,431
I95023434,0.0006734913793103449,5.0,0.0,4.677658281063587e-06,13
I95240055,0.0014816810344827585,11.0,0.0,0.00031274104471465316,34
I95293974,0.0021551724137931034,16.0,0.0,0.001686719676463214,2
I95457486,0.04458512931034483,617.0,0.032234650372488204,0.08447689854674571,0
I95634034,0.0009428879310344827,7.0,1.8146069764524985e-07,0.0007810340646895812,3
I95674353,0.005657327586206897,59.0,0.0002144151426822776,0.005890937305259139,0
I9579091,0.0008081896551724138,6.0,4.3550567434859963e-07,7.348196417329292e-05,21
I95793202,0.0017510775862068966,13.0,0.0002428669977284024,0.0005700289523203267,24
I96036126,0.0008081896551724138,6.0,0.0,0.00018107811786974867,24
I96062909,0.0016163793103448276,14.0,5.649476386688779e-07,0.0005990321885997464,1
I9617848,0.0014816810344827585,13.0,0.0009173146749153375,0.0006339724319820943,34
I96268669,0.0005387931034482759,4.0,0.0004855162426196305,4.2416874643157584e-08,6
I96413208,0.005657327586206897,45.0,0.0002337995231894511,0.00031524571445979175,13
I96426537,0.0,0.0,0.0,1.6956061190283638e-53,566
I96478251,0.00013469827586206896,1.0,0.0,1.815152774675433e-07,24
I96580804,0.0006734913793103449,5.0,0.0,3.129445494353704e-05,21
I96636082,0.0004040948275862069,3.0,0.0,4.6193610088205774e-05,6
I96673099,0.008890086206896552,80.0,2.51643646804511e-05,0.007415649054065099,1
I96679780,0.0,0.0,0.0,1.6956061190283638e-53,61
I96690311,0.00013469827586206896,1.0,0.0,1.0791328253545628e-07,13
I96698942,0.0004040948275862069,3.0,0.0,2.5430468223480572e-05,0
I96733725,0.0016163793103448276,12.0,0.00039779209268799514,0.0009556787420277565,4
I96749437,0.0024245689655172415,18.0,7.1465271422620894e-06,0.000934662546275188,21
I967637,0.00013469827586206896,1.0,0.0,1.1500143699216944e-07,13
I96852419,0.0008081896551724138,6.0,0.0,0.002145865646070962,4
I96908189,0.0016163793103448276,12.0,7.04182431972078e-05,0.001575073967570875,4
I96916377,0.0009428879310344827,7.0,0.001702113441292286,2.8887599907973656e-06,13
I9694494,0.0004040948275862069,3.0,0.0,4.195863140921565e-08,13
I97009856,0.0009428879310344827,7.0,3.465899325024272e-06,8.800194189772832e-06,13
I97018004,0.09267241379310345,1437.0,0.1965713087700567,0.1955268107477081,0
I97188460,0.0028286637931034483,26.0,0.0003633085114454762,0.0014953001952620116,1
I9736820,0.0018857758620689654,14.0,1.512172480377082e-06,0.0003476946797986025,13
I97455420,0.0004040948275862069,3.0,0.0,1.5899718616366246e-06,13
I97553796,0.0004040948275862069,5.0,0.0002427944134493443,2.1743361592379122e-07,13
I97565354,0.01050646551724138,85.0,0.00031116537088989325,0.008655737929294806,17
I97663771,0.00026939655172413793,2.0,0.0,2.54225555560668e-08,13
I97750245,0.0018857758620689654,16.0,0.0011688919746613074,0.002193027882029982,34
I97864281,0.0005387931034482759,4.0,0.0,4.529893462715276e-08,13
I9796191,0.0005387931034482759,4.0,0.0,0.0015476065773612042,4
I98220444,0.00026939655172413793,2.0,0.0,1.7736638898204747e-43,66
I98227222,0.00026939655172413793,3.0,0.0,0.0002905056783603321,4
I98251732,0.009698275862068966,81.0,0.0006003044347114223,0.01364035634630508,4
I98259816,0.009428879310344827,76.0,3.025554698738465e-05,0.00986606943066538,0
I98285908,0.013335129310344827,113.0,0.003131198104345734,0.009373603341860031,6
I98298690,0.004175646551724138,38.0,0.00018767846536947664,0.0003907167855624791,35
I98301712,0.0066002155172413795,86.0,0.0011389380687704107,0.025487868904174486,4
I98358874,0.01427801724137931,116.0,0.002230837650669294,0.005230546098783008,13
I98381234,0.00646551724137931,59.0,0.0003896724347673419,0.0033701824016003383,13
I9842412,0.011988146551724138,107.0,0.0005001050778413163,0.017247118139952104,4
I98461037,0.0018857758620689654,16.0,2.460607060069588e-06,0.0008533239663926797,1
I98635879,0.0010775862068965517,8.0,0.0,0.0006406289001846143,4
I98640878,0.0005387931034482759,4.0,0.0,0.0006035296650678093,16
I98677209,0.05455280172413793,520.0,0.010477426967471852,0.05433097585526525,24
I98702875,0.0004040948275862069,6.0,0.0,0.00031300015481878254,1
I98704320,0.015490301724137932,187.0,0.001956025188399295,0.015563711428925164,34
I98805295,0.0004040948275862069,3.0,7.258427905809994e-08,1.314946308826299e-05,1
I98834328,0.00013469827586206896,1.0,0.0,0.00014792677537558776,4
I98865867,0.00013469827586206896,1.0,0.0,3.5559437637325713e-47,564
I98905743,0.00026939655172413793,2.0,0.0,3.1551915744189798e-06,16
I98940699,0.0008081896551724138,6.0,0.0,5.1298647260072995e-05,6
I98947143,0.0004040948275862069,3.0,0.0,7.487978322243073e-05,4
I98957242,0.00013469827586206896,1.0,0.0,5.875907607947226e-07,6
I98993165,0.00026939655172413793,3.0,0.0,8.241728765722997e-05,21
I99041443,0.0014816810344827585,12.0,0.0002427944134493443,0.003244775834874196,4
I99043593,0.011853448275862068,117.0,0.002284751483060841,0.009019590977639864,13
I99065089,0.06223060344827586,1054.0,0.1404705051595482,0.23437663194827474,4
I9916479,0.0066002155172413795,58.0,1.7208522826691196e-06,0.009035469471578262,4
I99165933,0.0006734913793103449,5.0,2.2866064133275317e-06,2.5003789102080785e-06,13
I992397,0.00026939655172413793,2.0,0.0,2.0884733208996845e-05,2
I9927081,0.008351293103448275,95.0,0.00082516176063303,0.006272046799220389,0
I99297268,0.00013469827586206896,1.0,0.0,2.1503890817062126e-10,1
I99312532,0.00026939655172413793,2.0,0.0,6.404600358687823e-05,0
I99418890,0.00026939655172413793,2.0,0.0,7.08972081556309e-05,4
I99434035,0.00013469827586206896,1.0,0.0,4.424266655990552e-06,4
I99464096,0.013065732758620689,114.0,9.548424022694635e-05,0.0065387917163344566,17
I99542240,0.0051185344827586205,39.0,0.00046729058937770954,0.0010477518281708724,17
I99574509,0.0004040948275862069,3.0,0.0,7.457354575999289e-41,156
I99613584,0.0004040948275862069,3.0,0.0,2.041722811514724e-05,35
I99682543,0.0022898706896551722,17.0,9.03572310643239e-05,0.00025944405735971914,6
I99712911,0.00013469827586206896,1.0,0.0,3.5559437637325713e-47,384
I99729588,0.00013469827586206896,1.0,0.0,6.742910407191406e-06,13
I99861883,0.00026939655172413793,2.0,0.0,4.877181991477627e-05,3
I99908691,0.0005387931034482759,4.0,6.351124417583744e-07,5.394561775391414e-05,3
RAW_ANTHROPIC,0.00026939655172413793,2.0,0.0,0.0007072071497281855,0
RAW_COHERE,0.0012122844827586207,9.0,0.0,0.0030159342820826377,0
RAW_GOOGLE_DEEPMIND,0.0005387931034482759,7.0,0.0,0.0010530847910139695,0
RAW_HUGGING_FACE,0.003367456896551724,27.0,0.00012468769404197266,0.003919303738456049,0
RAW_META,0.013335129310344827,158.0,0.0027353131518068254,0.024265423579378272,1
RAW_MICROSOFT,0.0051185344827586205,43.0,0.00026034166291164,0.007852753145216936,0
RAW_NVIDIA,0.007677801724137931,83.0,0.0009229381419353641,0.007842423480106856,2
RAW_STABILITY_AI,0.0022898706896551722,21.0,0.0,0.0037625321737142013,0
RAW_XAI,0.0037715517241379308,32.0,0.0005023957167145916,0.0005757651949684768,6
