source,target,weight,work_count,years,work_ids,distance
I100005738,I1174212,1,1,2023,W4389385783,1.0
I100005738,I223532165,1,1,2023,W4389385783,1.0
I100066346,I36258959,1,1,2023,W4387378202,1.0
I100066346,I4210137306,1,1,2023,W4387378202,1.0
I100066346,I97018004,1,1,2023,W4387378202,1.0
I100066346,I12912129,1,1,2023,W4389104713,1.0
I100066346,I154425047,1,1,2023,W4389104713,1.0
I100066346,I873043661,1,1,2023,W4389104713,1.0
I10052268,I55732556,1,1,2023,W4386069852,1.0
I100532134,I1294671590,1,1,2023,W4388416602,1.0
I100532134,I157614274,1,1,2023,W4388416602,1.0
I100532134,I4210155607,1,1,2023,W4388416602,1.0
I100532134,I48430043,1,1,2023,W4388416602,1.0
I100532134,I113428412,1,1,2023,W4389727268,1.0
I100532134,I1326498283,1,1,2023,W4389727268,1.0
I100532134,I135310074,1,1,2023,W4389727268,1.0
I100532134,I4210090411,1,1,2023,W4389727268,1.0
I100532134,I4210113297,1,1,2023,W4389727268,1.0
I100532134,I4210144566,1,1,2023,W4389727268,1.0
I10091056,I180670191,1,1,2023,W4361284858,1.0
I10091056,I200719446,1,1,2023,W4361284858,1.0
I10091056,I4210111488,1,1,2023,W4361284858,1.0
I100930933,I181231927,2,2,2023,W4319460874;W4385266429,0.5
I100930933,I32971472,2,2,2023,W4319460874;W4385266429,0.5
I100930933,I134113660,6,6,2023,W4320709434;W4366368023;W4378232928;W4379094566;W4386772055;W4390277067,0.16666666666666666
I100930933,I1343551460,5,5,2023,W4320709434;W4366368023;W4378232928;W4379094566;W4386772055,0.2
I100930933,I181547552,6,6,2023,W4320709434;W4366368023;W4378232928;W4379094566;W4386772055;W4390277067,0.16666666666666666
I100930933,I205783295,6,6,2023,W4320709434;W4366368023;W4378232928;W4379094566;W4386772055;W4390277067,0.16666666666666666
I100930933,I2802216851,5,5,2023,W4320709434;W4366368023;W4378232928;W4379094566;W4386772055,0.2
I100930933,I4210092922,6,6,2023,W4320709434;W4366368023;W4378232928;W4379094566;W4386772055;W4390277067,0.16666666666666666
I100930933,I4210109259,6,6,2023,W4320709434;W4366368023;W4378232928;W4379094566;W4386772055;W4390277067,0.16666666666666666
I100930933,I4210114445,6,6,2023,W4320709434;W4366368023;W4378232928;W4379094566;W4386772055;W4390277067,0.16666666666666666
I100930933,I4387153466,5,5,2023,W4320709434;W4366368023;W4379094566;W4386772055;W4390277067,0.2
I100930933,I55302922,6,6,2023,W4320709434;W4366368023;W4378232928;W4379094566;W4386772055;W4390277067,0.16666666666666666
I100930933,I94734805,2,2,2023,W4320709434;W4378232928,0.5
I100930933,I154130895,2,2,2023,W4323033692;W4390315357,0.5
I100930933,I60205797,2,2,2023,W4323033692;W4390315357,0.5
I100930933,I9927081,1,1,2023,W4323033692,1.0
I100930933,I1295876152,1,1,2023,W4378232928,1.0
I100930933,I4210105967,1,1,2023,W4378232928,1.0
I100930933,I2801502816,1,1,2023,W4386772055,1.0
I100930933,I91045830,1,1,2023,W4386772055,1.0
I100930933,I108290504,1,1,2023,W4388002357,1.0
I100930933,I108403487,1,1,2023,W4388002357,1.0
I100930933,I12912129,1,1,2023,W4388002357,1.0
I100930933,I134446601,1,1,2023,W4388002357,1.0
I100930933,I39804081,1,1,2023,W4388002357,1.0
I100930933,I41156924,1,1,2023,W4388002357,1.0
I100930933,I4210128584,1,1,2023,W4388002357,1.0
I100930933,I4210164802,1,1,2023,W4388002357,1.0
I100930933,I45129253,1,1,2023,W4388002357,1.0
I100930933,I70931966,1,1,2023,W4388002357,1.0
I100930933,I80281795,1,1,2023,W4388002357,1.0
I100930933,I95457486,1,1,2023,W4388002357,1.0
I100930933,I241749,1,1,2023,W4390277067,1.0
I100930933,I4210090013,1,1,2023,W4390277067,1.0
I100930933,I4210096386,1,1,2023,W4390277067,1.0
I100930933,I102335020,1,1,2023,W4390315357,1.0
I100930933,I158749337,1,1,2023,W4390315357,1.0
I100930933,I185261750,1,1,2023,W4390315357,1.0
I100930933,I193662353,1,1,2023,W4390315357,1.0
I100930933,I4210138519,1,1,2023,W4390315357,1.0
I100930933,I51556381,1,1,2023,W4390315357,1.0
I100930933,I74973139,1,1,2023,W4390315357,1.0
I100930933,I84392919,1,1,2023,W4390315357,1.0
I101155339,I4210149944,1,1,2023,W4391129773,1.0
I101202996,I123431417,1,1,2023,W4383346782,1.0
I101202996,I4210114277,1,1,2023,W4383346782,1.0
I101407740,I129734738,1,1,2023,W4386458312,1.0
I101407740,I134705546,1,1,2023,W4386458312,1.0
I101407740,I79516672,1,1,2023,W4386458312,1.0
I101407740,I82571370,1,1,2023,W4386458312,1.0
I101407740,I94511900,1,1,2023,W4386458312,1.0
I101407740,I155125381,1,1,2023,W4391894693,1.0
I101407740,I4210134754,1,1,2023,W4391894693,1.0
I101407740,I875944469,1,1,2023,W4391894693,1.0
I101479585,I193524592,1,1,2023,W4388129099,1.0
I102015815,I4210150323,1,1,2023,W4386388022,1.0
I102134673,I161593684,1,1,2023,W4364377826,1.0
I102134673,I194028371,1,1,2023,W4364377826,1.0
I102134673,I865915315,1,1,2023,W4364377826,1.0
I102134673,I181391015,1,1,2023,W4384344145,1.0
I102134673,I106165777,1,1,2023,W4386076520,1.0
I102134673,I118347636,1,1,2023,W4386076520,1.0
I102134673,I91044093,1,1,2023,W4386076520,1.0
I102134673,I9927081,1,1,2023,W4386076520,1.0
I102134673,I153718931,1,1,2023,W4387143094,1.0
I102134673,I5023651,2,2,2023,W4387143094;W4389606799,0.5
I102134673,I4210113480,1,1,2023,W4389518786,1.0
I102134673,I80180929,1,1,2023,W4389606799,1.0
I102149020,I118347636,1,1,2023,W4366547999,1.0
I102149020,I133731052,1,1,2023,W4366547999,1.0
I102149020,I4210153468,1,1,2023,W4366547999,1.0
I102149020,I6059380,1,1,2023,W4366547999,1.0
I102149020,I78577930,1,1,2023,W4366547999,1.0
I102149020,I102322142,1,1,2023,W4383913712,1.0
I102149020,I114832834,1,1,2023,W4383913712,1.0
I102149020,I125749732,1,1,2023,W4383913712,1.0
I102149020,I126231945,1,1,2023,W4383913712,1.0
I102149020,I12870472,1,1,2023,W4383913712,1.0
I102149020,I1289910757,1,1,2023,W4383913712,1.0
I102149020,I129162050,1,1,2023,W4383913712,1.0
I102149020,I169199633,1,1,2023,W4383913712,1.0
I102149020,I18014758,1,1,2023,W4383913712,1.0
I102149020,I183935753,1,1,2023,W4383913712,1.0
I102149020,I1925986,1,1,2023,W4383913712,1.0
I102149020,I193531525,1,1,2023,W4383913712,1.0
I102149020,I193662353,1,1,2023,W4383913712,1.0
I102149020,I193700539,1,1,2023,W4383913712,1.0
I102149020,I205274468,1,1,2023,W4383913712,1.0
I102149020,I3133184724,1,1,2023,W4383913712,1.0
I102149020,I4210119896,1,1,2023,W4383913712,1.0
I102149020,I51601045,1,1,2023,W4383913712,1.0
I102149020,I56590836,1,1,2023,W4383913712,1.0
I102149020,I60733029,1,1,2023,W4383913712,1.0
I102149020,I71052956,1,1,2023,W4383913712,1.0
I102149020,I79619799,1,1,2023,W4383913712,1.0
I102149020,I82284825,1,1,2023,W4383913712,1.0
I102149020,I84884186,1,1,2023,W4383913712,1.0
I102239671,I161913731,1,1,2023,W4388450624,1.0
I102239671,I185163786,1,1,2023,W4388450624,1.0
I102239671,I32589535,1,1,2023,W4388450624,1.0
I102248843,I1317774081,1,1,2023,W4384925410,1.0
I102248843,I200296433,1,1,2023,W4384925410,1.0
I102248843,I223822909,1,1,2023,W4384925410,1.0
I102248843,I2801051648,1,1,2023,W4384925410,1.0
I102248843,I2801228662,1,1,2023,W4384925410,1.0
I102248843,I2802164966,1,1,2023,W4384925410,1.0
I102248843,I40246663,1,1,2023,W4384925410,1.0
I102248843,I4210089514,1,1,2023,W4384925410,1.0
I102248843,I4210156643,1,1,2023,W4384925410,1.0
I102248843,I39343248,1,1,2023,W4386321380,1.0
I102248843,I4210117750,1,1,2023,W4386321380,1.0
I102322142,I1302485747,1,1,2023,W4381853206,1.0
I102322142,I1311688040,2,2,2023,W4381853206;W4385476046,0.5
I102322142,I184840846,2,2,2023,W4381853206;W4385476046,0.5
I102322142,I2802203029,2,2,2023,W4381853206;W4385476046,0.5
I102322142,I4210114445,2,2,2023,W4381853206;W4385476046,0.5
I102322142,I52357470,2,2,2023,W4381853206;W4385476046,0.5
I102322142,I114832834,1,1,2023,W4383913712,1.0
I102322142,I125749732,1,1,2023,W4383913712,1.0
I102322142,I126231945,1,1,2023,W4383913712,1.0
I102322142,I12870472,1,1,2023,W4383913712,1.0
I102322142,I1289910757,1,1,2023,W4383913712,1.0
I102322142,I129162050,1,1,2023,W4383913712,1.0
I102322142,I169199633,1,1,2023,W4383913712,1.0
I102322142,I18014758,1,1,2023,W4383913712,1.0
I102322142,I183935753,1,1,2023,W4383913712,1.0
I102322142,I1925986,1,1,2023,W4383913712,1.0
I102322142,I193531525,1,1,2023,W4383913712,1.0
I102322142,I193662353,1,1,2023,W4383913712,1.0
I102322142,I193700539,1,1,2023,W4383913712,1.0
I102322142,I205274468,1,1,2023,W4383913712,1.0
I102322142,I3133184724,1,1,2023,W4383913712,1.0
I102322142,I4210119896,1,1,2023,W4383913712,1.0
I102322142,I51601045,1,1,2023,W4383913712,1.0
I102322142,I56590836,1,1,2023,W4383913712,1.0
I102322142,I60733029,1,1,2023,W4383913712,1.0
I102322142,I71052956,1,1,2023,W4383913712,1.0
I102322142,I79619799,1,1,2023,W4383913712,1.0
I102322142,I82284825,1,1,2023,W4383913712,1.0
I102322142,I84884186,1,1,2023,W4383913712,1.0
I102322142,I4210097899,1,1,2023,W4385476046,1.0
I102322142,I86695891,1,1,2023,W4386001197,1.0
I102322142,I108468826,1,1,2023,W4386350524,1.0
I102322142,I126307644,1,1,2023,W4386350524,1.0
I102322142,I141945490,1,1,2023,W4386350524,1.0
I102322142,I2800214375,1,1,2023,W4386350524,1.0
I102322142,I4210096112,1,1,2023,W4386350524,1.0
I102322142,I4210096394,1,1,2023,W4386350524,1.0
I102322142,I4210116924,1,1,2023,W4386350524,1.0
I102322142,I4210136188,1,1,2023,W4386350524,1.0
I102322142,I4210159575,1,1,2023,W4386350524,1.0
I102322142,I177721651,1,1,2023,W4386700994,1.0
I102322142,I204465549,1,1,2023,W4386700994,1.0
I102322142,I47838141,1,1,2023,W4386700994,1.0
I102322142,I141568987,2,2,2023,W4386728881;W4387848745,0.5
I102322142,I183067930,1,1,2023,W4387211709,1.0
I102322142,I4391012619,2,2,2023,W4387211709;W4387580644,0.5
I102322142,I145325580,1,1,2023,W4387526396,1.0
I102322142,I87182695,1,1,2023,W4387526396,1.0
I102322142,I150229711,1,1,2023,W4387580644,1.0
I102322142,I4210100255,1,1,2023,W4387580644,1.0
I102335020,I114090438,1,1,2023,W4360980513,1.0
I102335020,I25974101,1,1,2023,W4360980513,1.0
I102335020,I4210089692,1,1,2023,W4360980513,1.0
I102335020,I4577782,1,1,2023,W4360980513,1.0
I102335020,I887968799,1,1,2023,W4360980513,1.0
I102335020,I143379178,2,2,2023,W4378647841;W4388214674,0.5
I102335020,I4210087817,2,2,2023,W4378647841;W4388214674,0.5
I102335020,I54009628,1,1,2023,W4387801712,1.0
I102335020,I110079840,1,1,2023,W4390236844,1.0
I102335020,I70886390,1,1,2023,W4390236844,1.0
I102335020,I154130895,1,1,2023,W4390315357,1.0
I102335020,I158749337,1,1,2023,W4390315357,1.0
I102335020,I185261750,1,1,2023,W4390315357,1.0
I102335020,I193662353,1,1,2023,W4390315357,1.0
I102335020,I4210138519,1,1,2023,W4390315357,1.0
I102335020,I51556381,1,1,2023,W4390315357,1.0
I102335020,I60205797,1,1,2023,W4390315357,1.0
I102335020,I74973139,1,1,2023,W4390315357,1.0
I102335020,I84392919,1,1,2023,W4390315357,1.0
I102913810,I32589535,1,1,2023,W4385067594,1.0
I103163165,I12912129,1,1,2023,W4361000349,1.0
I103163165,I106165777,1,1,2023,W4384407567,1.0
I103163165,I94062374,1,1,2023,W4384407567,1.0
I103163165,I110092051,1,1,2023,W4387954002,1.0
I103193709,I11983389,1,1,2023,W4387379065,1.0
I103193709,I129162050,1,1,2023,W4387379065,1.0
I103193709,I150870154,1,1,2023,W4387379065,1.0
I103193709,I173093425,1,1,2023,W4387379065,1.0
I103193709,I173888879,1,1,2023,W4387379065,1.0
I103193709,I182000528,1,1,2023,W4387379065,1.0
I103193709,I193260172,1,1,2023,W4387379065,1.0
I103193709,I204778367,1,1,2023,W4387379065,1.0
I103193709,I22265921,1,1,2023,W4387379065,1.0
I103193709,I244572783,1,1,2023,W4387379065,1.0
I103193709,I27878738,1,1,2023,W4387379065,1.0
I103193709,I2801106189,1,1,2023,W4387379065,1.0
I103193709,I3122748864,1,1,2023,W4387379065,1.0
I103193709,I39586589,1,1,2023,W4387379065,1.0
I103193709,I4210134189,1,1,2023,W4387379065,1.0
I103193709,I4387930215,1,1,2023,W4387379065,1.0
I103193709,I55285296,1,1,2023,W4387379065,1.0
I103193709,I56007636,1,1,2023,W4387379065,1.0
I103193709,I60342839,1,1,2023,W4387379065,1.0
I103193709,I68891433,1,1,2023,W4387379065,1.0
I103193709,I79156528,1,1,2023,W4387379065,1.0
I103193709,I931278978,1,1,2023,W4387379065,1.0
I103193709,I931681460,1,1,2023,W4387379065,1.0
I103193709,I96413208,1,1,2023,W4387379065,1.0
I103250015,I10947320,1,1,2023,W4376871976,1.0
I103250015,I136199984,1,1,2023,W4376871976,1.0
I103250015,I192619145,1,1,2023,W4376871976,1.0
I103250015,I40120149,1,1,2023,W4376871976,1.0
I103250015,I4210156643,1,1,2023,W4376871976,1.0
I103250015,I124357947,1,1,2023,W4387408850,1.0
I103250015,I1289142772,1,1,2023,W4387408850,1.0
I103250015,I1291431925,1,1,2023,W4387408850,1.0
I103250015,I1303444417,1,1,2023,W4387408850,1.0
I103250015,I197610006,1,1,2023,W4387408850,1.0
I103250015,I241749,1,1,2023,W4387408850,1.0
I103250015,I2802488147,1,1,2023,W4387408850,1.0
I103250015,I2802641067,1,1,2023,W4387408850,1.0
I103250015,I28046988,1,1,2023,W4387408850,1.0
I103250015,I4210099137,1,1,2023,W4387408850,1.0
I103250015,I4210118727,1,1,2023,W4387408850,1.0
I103320735,I2802557943,1,1,2023,W4389119169,1.0
I103356709,I12079687,1,1,2023,W4383860339,1.0
I103356709,I1343551460,1,1,2023,W4383860339,1.0
I103356709,I138801177,1,1,2023,W4383860339,1.0
I103356709,I165779595,1,1,2023,W4383860339,1.0
I103356709,I180291457,1,1,2023,W4383860339,1.0
I103356709,I201384688,1,1,2023,W4383860339,1.0
I103356709,I4210142395,1,1,2023,W4383860339,1.0
I103356709,I5400463,1,1,2023,W4383860339,1.0
I103434671,I141591182,1,1,2023,W4389747902,1.0
I103434671,I41173762,1,1,2023,W4389747902,1.0
I103434671,I4210147955,1,1,2023,W4389747902,1.0
I103531236,I202697423,1,1,2023,W4383377279,1.0
I103531236,I5124864,1,1,2023,W4383377279,1.0
I103531236,I62916508,1,1,2023,W4383377279,1.0
I103635307,I4210114522,1,1,2023,W4384023425,1.0
I103635307,I8204097,1,1,2023,W4384023425,1.0
I103635307,I32480017,1,1,2023,W4385287322,1.0
I103635307,I4210148469,1,1,2023,W4387848978,1.0
I104234503,I109009565,1,1,2023,W4385597618,1.0
I104234503,I173893349,1,1,2023,W4385597618,1.0
I104234503,I205349734,1,1,2023,W4385597618,1.0
I104234503,I21851649,1,1,2023,W4385597618,1.0
I104234503,I4210087400,1,1,2023,W4385597618,1.0
I104234503,I4210102350,1,1,2023,W4385597618,1.0
I104234503,I4210107779,1,1,2023,W4385597618,1.0
I104234503,I4210129365,1,1,2023,W4385597618,1.0
I104234503,I4210136522,1,1,2023,W4385597618,1.0
I104234503,I4210151342,1,1,2023,W4385597618,1.0
I104338594,I4210109935,1,1,2023,W4387034825,1.0
I104941359,I199693650,1,1,2023,W4362580716,1.0
I104941359,I33926330,1,1,2023,W4362580716,1.0
I104941359,I139322472,1,1,2023,W4389050043,1.0
I104941359,I146367977,1,1,2023,W4389050043,1.0
I104941359,I170253739,1,1,2023,W4389050043,1.0
I104941359,I31079310,1,1,2023,W4389050043,1.0
I104941359,I56306041,1,1,2023,W4389050043,1.0
I104941359,I84339108,1,1,2023,W4389050043,1.0
I104941359,I91633459,1,1,2023,W4389050043,1.0
I10535382,I168719708,1,1,2023,W4388002730,1.0
I10535382,I183067930,1,1,2023,W4388002730,1.0
I10535382,I37461747,1,1,2023,W4388002730,1.0
I105818395,I11750234,1,1,2023,W4365811081,1.0
I105818395,I158248296,1,1,2023,W4365811081,1.0
I106157433,I11701301,1,1,2023,W4378905467,1.0
I106157433,I118347636,1,1,2023,W4378905467,1.0
I106157433,I121847817,1,1,2023,W4378905467,1.0
I106157433,I1317774081,1,1,2023,W4378905467,1.0
I106157433,I1326018075,1,1,2023,W4378905467,1.0
I106157433,I138006243,1,1,2023,W4378905467,1.0
I106157433,I138595864,1,1,2023,W4378905467,1.0
I106157433,I138690464,1,1,2023,W4378905467,1.0
I106157433,I141301092,1,1,2023,W4378905467,1.0
I106157433,I145236414,1,1,2023,W4378905467,1.0
I106157433,I149521062,1,1,2023,W4378905467,1.0
I106157433,I159176309,1,1,2023,W4378905467,1.0
I106157433,I161593684,1,1,2023,W4378905467,1.0
I106157433,I169108374,1,1,2023,W4378905467,1.0
I106157433,I174216632,1,1,2023,W4378905467,1.0
I106157433,I176453806,1,1,2023,W4378905467,1.0
I106157433,I193662353,1,1,2023,W4378905467,1.0
I106157433,I19820366,1,1,2023,W4378905467,1.0
I106157433,I201448701,1,1,2023,W4378905467,1.0
I106157433,I23923803,1,1,2023,W4378905467,1.0
I106157433,I25254941,1,1,2023,W4378905467,1.0
I106157433,I2799973717,1,1,2023,W4378905467,1.0
I106157433,I2800262456,1,1,2023,W4378905467,1.0
I106157433,I315704651,1,1,2023,W4378905467,1.0
I106157433,I4210092744,1,1,2023,W4378905467,1.0
I106157433,I4210099977,1,1,2023,W4378905467,1.0
I106157433,I4210102999,1,1,2023,W4378905467,1.0
I106157433,I4210106352,1,1,2023,W4378905467,1.0
I106157433,I4210106526,1,1,2023,W4378905467,1.0
I106157433,I4210117555,1,1,2023,W4378905467,1.0
I106157433,I4210122844,1,1,2023,W4378905467,1.0
I106157433,I4210137309,1,1,2023,W4378905467,1.0
I106157433,I4210139347,1,1,2023,W4378905467,1.0
I106157433,I4210141715,1,1,2023,W4378905467,1.0
I106157433,I4210165038,1,1,2023,W4378905467,1.0
I106157433,I5023651,1,1,2023,W4378905467,1.0
I106157433,I59270414,1,1,2023,W4378905467,1.0
I106157433,I60200437,1,1,2023,W4378905467,1.0
I106157433,I865915315,1,1,2023,W4378905467,1.0
I106157433,I881766915,1,1,2023,W4378905467,1.0
I106157433,I887064364,1,1,2023,W4378905467,1.0
I106157433,I913481162,1,1,2023,W4378905467,1.0
I106165777,I141595442,1,1,2023,W4360884927,1.0
I106165777,I94062374,1,1,2023,W4384407567,1.0
I106165777,I24185976,1,1,2023,W4385346108,1.0
I106165777,I4210136752,1,1,2023,W4385346108,1.0
I106165777,I4391768043,1,1,2023,W4385346108,1.0
I106165777,I4800084,1,1,2023,W4385346108,1.0
I106165777,I118347636,1,1,2023,W4386076520,1.0
I106165777,I91044093,1,1,2023,W4386076520,1.0
I106165777,I9927081,1,1,2023,W4386076520,1.0
I106165777,I185443292,1,1,2023,W4387640690,1.0
I106165777,I11883440,1,1,2023,W4388582970,1.0
I106165777,I160003610,1,1,2023,W4388582970,1.0
I106165777,I1311688040,1,1,2023,W4390872394,1.0
I106296451,I123534392,2,2,2023,W4376126328;W4379057711,0.5
I106296451,I194019607,2,2,2023,W4376126328;W4379057711,0.5
I106296451,I5561750,2,2,2023,W4376126328;W4379057711,0.5
I106296451,I93131583,2,2,2023,W4376126328;W4379057711,0.5
I106778892,I185203018,1,1,2023,W4379284826,1.0
I106778892,I2802517405,1,1,2023,W4379284826,1.0
I106778892,I4210095597,1,1,2023,W4379284826,1.0
I106778892,I4517696,1,1,2023,W4379284826,1.0
I106778892,I16076960,1,1,2023,W4387100990,1.0
I106778892,I172574986,1,1,2023,W4387100990,1.0
I106778892,I204778367,1,1,2023,W4387100990,1.0
I106778892,I82952536,1,1,2023,W4387100990,1.0
I106969075,I1174212,1,1,2023,W4386699758,1.0
I106969075,I162030827,1,1,2023,W4386699758,1.0
I106969075,I181547552,1,1,2023,W4386699758,1.0
I106969075,I2800817003,1,1,2023,W4386699758,1.0
I106969075,I32971472,1,1,2023,W4386699758,1.0
I106969075,I4210131376,1,1,2023,W4386699758,1.0
I107077323,I115475287,1,1,2023,W4360620450,1.0
I107077323,I122964287,1,1,2023,W4360620450,1.0
I107077323,I129162050,1,1,2023,W4360620450,1.0
I107077323,I134085113,1,1,2023,W4360620450,1.0
I107077323,I134140186,1,1,2023,W4360620450,1.0
I107077323,I142740786,1,1,2023,W4360620450,1.0
I107077323,I147554453,1,1,2023,W4360620450,1.0
I107077323,I150870154,1,1,2023,W4360620450,1.0
I107077323,I168719708,1,1,2023,W4360620450,1.0
I107077323,I169199633,1,1,2023,W4360620450,1.0
I107077323,I169335092,1,1,2023,W4360620450,1.0
I107077323,I171543936,1,1,2023,W4360620450,1.0
I107077323,I181369854,1,1,2023,W4360620450,1.0
I107077323,I181418319,1,1,2023,W4360620450,1.0
I107077323,I181565077,1,1,2023,W4360620450,1.0
I107077323,I181647926,1,1,2023,W4360620450,1.0
I107077323,I185163786,1,1,2023,W4360620450,1.0
I107077323,I188538660,1,1,2023,W4360620450,1.0
I107077323,I19648265,1,1,2023,W4360620450,1.0
I107077323,I204593131,1,1,2023,W4360620450,1.0
I107077323,I24027795,1,1,2023,W4360620450,1.0
I107077323,I244572783,1,1,2023,W4360620450,1.0
I107077323,I255234318,1,1,2023,W4360620450,1.0
I107077323,I25846049,1,1,2023,W4360620450,1.0
I107077323,I2613432,1,1,2023,W4360620450,1.0
I107077323,I27878738,1,1,2023,W4360620450,1.0
I107077323,I2802797706,1,1,2023,W4360620450,1.0
I107077323,I28407311,1,1,2023,W4360620450,1.0
I107077323,I31746571,1,1,2023,W4360620450,1.0
I107077323,I32394136,1,1,2023,W4360620450,1.0
I107077323,I36234482,1,1,2023,W4360620450,1.0
I107077323,I39586589,1,1,2023,W4360620450,1.0
I107077323,I4210131537,1,1,2023,W4360620450,1.0
I107077323,I4390039323,1,1,2023,W4360620450,1.0
I107077323,I4394709253,1,1,2023,W4360620450,1.0
I107077323,I44430492,1,1,2023,W4360620450,1.0
I107077323,I47818738,1,1,2023,W4360620450,1.0
I107077323,I55060895,1,1,2023,W4360620450,1.0
I107077323,I63098007,1,1,2023,W4360620450,1.0
I107077323,I68891433,1,1,2023,W4360620450,1.0
I107077323,I71052956,1,1,2023,W4360620450,1.0
I107077323,I78715868,1,1,2023,W4360620450,1.0
I107077323,I80281795,1,1,2023,W4360620450,1.0
I107077323,I91136226,1,1,2023,W4360620450,1.0
I107077323,I9300472,1,1,2023,W4360620450,1.0
I107077323,I931969281,1,1,2023,W4360620450,1.0
I107077323,I9360294,1,1,2023,W4360620450,1.0
I107077323,I98358874,1,1,2023,W4360620450,1.0
I107077323,I45928872,1,1,2023,W4389520406,1.0
I107077323,I76130692,1,1,2023,W4389520406,1.0
I107077323,I135310074,1,1,2023,W4390100389,1.0
I107077323,I157725225,1,1,2023,W4390100389,1.0
I107077323,I165733156,1,1,2023,W4390100389,1.0
I107077323,I170201317,1,1,2023,W4390100389,1.0
I107077323,I66946132,1,1,2023,W4390100389,1.0
I107575416,I115592961,1,1,2023,W4389696050,1.0
I107575416,I126158947,1,1,2023,W4389696050,1.0
I107575416,I12870472,1,1,2023,W4389696050,1.0
I107575416,I142899784,1,1,2023,W4389696050,1.0
I107575416,I169108374,1,1,2023,W4389696050,1.0
I107575416,I186129607,1,1,2023,W4389696050,1.0
I107575416,I188329596,1,1,2023,W4389696050,1.0
I107575416,I200650556,1,1,2023,W4389696050,1.0
I107575416,I20126385,1,1,2023,W4389696050,1.0
I107575416,I201448701,1,1,2023,W4389696050,1.0
I107575416,I202697423,1,1,2023,W4389696050,1.0
I107575416,I204778367,1,1,2023,W4389696050,1.0
I107575416,I23946033,1,1,2023,W4389696050,1.0
I107575416,I32389192,1,1,2023,W4389696050,1.0
I107575416,I33858575,1,1,2023,W4389696050,1.0
I107575416,I40434647,1,1,2023,W4389696050,1.0
I107575416,I4210087936,1,1,2023,W4389696050,1.0
I107575416,I4210095594,1,1,2023,W4389696050,1.0
I107575416,I4210113179,1,1,2023,W4389696050,1.0
I107575416,I4210127871,1,1,2023,W4389696050,1.0
I107575416,I4210134505,1,1,2023,W4389696050,1.0
I107575416,I4210137813,1,1,2023,W4389696050,1.0
I107575416,I4210151290,1,1,2023,W4389696050,1.0
I107575416,I4210161436,1,1,2023,W4389696050,1.0
I107575416,I49828101,1,1,2023,W4389696050,1.0
I107575416,I51235708,1,1,2023,W4389696050,1.0
I107575416,I54316950,1,1,2023,W4389696050,1.0
I107575416,I73417466,1,1,2023,W4389696050,1.0
I107575416,I80810150,1,1,2023,W4389696050,1.0
I107575416,I83259278,1,1,2023,W4389696050,1.0
I107575416,I83816512,1,1,2023,W4389696050,1.0
I107575416,I85507684,1,1,2023,W4389696050,1.0
I107575416,I8636806,1,1,2023,W4389696050,1.0
I107606265,I136199984,2,2,2023,W4327909454;W4385490607,0.5
I107606265,I2801851002,1,1,2023,W4327909454,1.0
I107606265,I4210092658,2,2,2023,W4327909454;W4385490607,0.5
I107606265,I4210164862,2,2,2023,W4327909454;W4385490607,0.5
I107606265,I97018004,2,2,2023,W4327909454;W4385490607,0.5
I107606265,I98704320,1,1,2023,W4327909454,1.0
I107606265,I108192572,1,1,2023,W4385490607,1.0
I107606265,I109736498,1,1,2023,W4385490607,1.0
I107606265,I122411786,1,1,2023,W4385490607,1.0
I107606265,I130701444,1,1,2023,W4385490607,1.0
I107606265,I157725225,1,1,2023,W4385490607,1.0
I107606265,I20089843,1,1,2023,W4385490607,1.0
I107606265,I205783295,1,1,2023,W4385490607,1.0
I107606265,I241749,1,1,2023,W4385490607,1.0
I107606265,I27804330,1,1,2023,W4385490607,1.0
I107606265,I4210090411,1,1,2023,W4385490607,1.0
I107606265,I4210094983,1,1,2023,W4385490607,1.0
I107606265,I4210110431,1,1,2023,W4385490607,1.0
I107606265,I4210113297,1,1,2023,W4385490607,1.0
I107606265,I4210113369,1,1,2023,W4385490607,1.0
I107606265,I4210113480,1,1,2023,W4385490607,1.0
I107606265,I4210127875,1,1,2023,W4385490607,1.0
I107606265,I4210134579,1,1,2023,W4385490607,1.0
I107606265,I4210135670,1,1,2023,W4385490607,1.0
I107606265,I4210153546,1,1,2023,W4385490607,1.0
I107606265,I4210155419,1,1,2023,W4385490607,1.0
I107606265,I4210164802,1,1,2023,W4385490607,1.0
I107606265,I4387153999,1,1,2023,W4385490607,1.0
I107606265,I57206974,1,1,2023,W4385490607,1.0
I107606265,I63966007,1,1,2023,W4385490607,1.0
I107606265,I70931966,1,1,2023,W4385490607,1.0
I107606265,I74973139,1,1,2023,W4385490607,1.0
I107606265,I887064364,1,1,2023,W4385490607,1.0
I107606265,I4210109586,1,1,2023,W4387866792,1.0
I107639228,I177725633,1,1,2023,W4387211418,1.0
I107639228,I25846049,1,1,2023,W4387211418,1.0
I107639228,I152815399,1,1,2023,W4387606052,1.0
I107639228,I113940042,1,1,2023,W4389213130,1.0
I107639228,I133868755,1,1,2023,W4389213130,1.0
I107639228,I36399199,1,1,2023,W4389213130,1.0
I107639228,I4210151458,1,1,2023,W4389518931,1.0
I107639228,I157725225,1,1,2023,W4389518968,1.0
I107639228,I200769079,1,1,2023,W4389518968,1.0
I107639228,I20231570,1,1,2023,W4389518968,1.0
I107639228,I889458895,1,1,2023,W4389518968,1.0
I107639228,I2802236040,1,1,2023,W4391012671,1.0
I107639228,I59411706,1,1,2023,W4391012671,1.0
I107672454,I112612939,1,1,2023,W4389403907,1.0
I107672454,I118564535,1,1,2023,W4389403907,1.0
I107672454,I130238516,1,1,2023,W4389403907,1.0
I107672454,I154570441,1,1,2023,W4389403907,1.0
I107672454,I16391192,1,1,2023,W4389403907,1.0
I107672454,I184565670,1,1,2023,W4389403907,1.0
I107672454,I185261750,1,1,2023,W4389403907,1.0
I107672454,I192455969,1,1,2023,W4389403907,1.0
I107672454,I197251160,1,1,2023,W4389403907,1.0
I107672454,I20089843,1,1,2023,W4389403907,1.0
I107672454,I205023500,1,1,2023,W4389403907,1.0
I107672454,I27116053,1,1,2023,W4389403907,1.0
I107672454,I2800565835,1,1,2023,W4389403907,1.0
I107672454,I2801851002,1,1,2023,W4389403907,1.0
I107672454,I29955533,1,1,2023,W4389403907,1.0
I107672454,I40347166,1,1,2023,W4389403907,1.0
I107672454,I4210108999,1,1,2023,W4389403907,1.0
I107672454,I4210119109,1,1,2023,W4389403907,1.0
I107672454,I4210137306,1,1,2023,W4389403907,1.0
I107672454,I4210140380,1,1,2023,W4389403907,1.0
I107672454,I4210145102,1,1,2023,W4389403907,1.0
I107672454,I4210153792,1,1,2023,W4389403907,1.0
I107672454,I4210155092,1,1,2023,W4389403907,1.0
I107672454,I44829897,1,1,2023,W4389403907,1.0
I107672454,I51556381,1,1,2023,W4389403907,1.0
I107672454,I57206974,1,1,2023,W4389403907,1.0
I107672454,I88874673,1,1,2023,W4389403907,1.0
I107672454,I90326151,1,1,2023,W4389403907,1.0
I107672454,I97018004,2,2,2023,W4389403907;W4389636360,0.5
I107672454,I130701444,1,1,2023,W4389636360,1.0
I107672454,I4210156583,1,1,2023,W4389636360,1.0
I108192572,I109736498,1,1,2023,W4385490607,1.0
I108192572,I122411786,1,1,2023,W4385490607,1.0
I108192572,I130701444,1,1,2023,W4385490607,1.0
I108192572,I136199984,1,1,2023,W4385490607,1.0
I108192572,I157725225,1,1,2023,W4385490607,1.0
I108192572,I20089843,1,1,2023,W4385490607,1.0
I108192572,I205783295,1,1,2023,W4385490607,1.0
I108192572,I241749,1,1,2023,W4385490607,1.0
I108192572,I27804330,1,1,2023,W4385490607,1.0
I108192572,I4210090411,1,1,2023,W4385490607,1.0
I108192572,I4210092658,1,1,2023,W4385490607,1.0
I108192572,I4210094983,1,1,2023,W4385490607,1.0
I108192572,I4210110431,1,1,2023,W4385490607,1.0
I108192572,I4210113297,1,1,2023,W4385490607,1.0
I108192572,I4210113369,1,1,2023,W4385490607,1.0
I108192572,I4210113480,1,1,2023,W4385490607,1.0
I108192572,I4210127875,1,1,2023,W4385490607,1.0
I108192572,I4210134579,1,1,2023,W4385490607,1.0
I108192572,I4210135670,1,1,2023,W4385490607,1.0
I108192572,I4210153546,1,1,2023,W4385490607,1.0
I108192572,I4210155419,1,1,2023,W4385490607,1.0
I108192572,I4210164802,2,2,2023,W4385490607;W4387195417,0.5
I108192572,I4210164862,1,1,2023,W4385490607,1.0
I108192572,I4387153999,1,1,2023,W4385490607,1.0
I108192572,I57206974,1,1,2023,W4385490607,1.0
I108192572,I63966007,1,1,2023,W4385490607,1.0
I108192572,I70931966,1,1,2023,W4385490607,1.0
I108192572,I74973139,1,1,2023,W4385490607,1.0
I108192572,I887064364,1,1,2023,W4385490607,1.0
I108192572,I97018004,1,1,2023,W4385490607,1.0
I108192572,I1174212,1,1,2023,W4387195417,1.0
I108192572,I156087764,1,1,2023,W4387195417,1.0
I108192572,I161318765,1,1,2023,W4387195417,1.0
I108192572,I193775966,1,1,2023,W4387195417,1.0
I108192572,I20231570,1,1,2023,W4387195417,1.0
I108192572,I4210161460,1,1,2023,W4387195417,1.0
I108290504,I4210123352,2,2,2023,W4319777976;W4366989525,0.5
I108290504,I4210166206,1,1,2023,W4319777976,1.0
I108290504,I4210153126,1,1,2023,W4366989525,1.0
I108290504,I141584323,1,1,2023,W4378697665,1.0
I108290504,I182204967,1,1,2023,W4378697665,1.0
I108290504,I122991210,1,1,2023,W4382583857,1.0
I108290504,I193223587,3,3,2023,W4382583857;W4386432827;W4386597243,0.3333333333333333
I108290504,I4210155236,1,1,2023,W4382583857,1.0
I108290504,I2277624104,2,2,2023,W4386432827;W4386597243,0.5
I108290504,I108403487,1,1,2023,W4388002357,1.0
I108290504,I12912129,1,1,2023,W4388002357,1.0
I108290504,I134446601,1,1,2023,W4388002357,1.0
I108290504,I39804081,1,1,2023,W4388002357,1.0
I108290504,I41156924,1,1,2023,W4388002357,1.0
I108290504,I4210128584,1,1,2023,W4388002357,1.0
I108290504,I4210164802,1,1,2023,W4388002357,1.0
I108290504,I45129253,1,1,2023,W4388002357,1.0
I108290504,I70931966,1,1,2023,W4388002357,1.0
I108290504,I80281795,1,1,2023,W4388002357,1.0
I108290504,I95457486,1,1,2023,W4388002357,1.0
I108290504,I14243506,1,1,2023,W4389070894,1.0
I108290504,I144112489,1,1,2023,W4389070894,1.0
I108290504,I201448701,1,1,2023,W4389070894,1.0
I108290504,I4210104429,1,1,2023,W4389070894,1.0
I108290504,I4210119046,1,1,2023,W4389070894,1.0
I108290504,I63966007,1,1,2023,W4389070894,1.0
I108290504,I9360294,1,1,2023,W4389070894,1.0
I108290504,I122346577,1,1,2023,W4390873520,1.0
I108290504,I4210130157,1,1,2023,W4390873520,1.0
I108290504,I45084792,1,1,2023,W4390873520,1.0
I108403487,I268303160,2,2,2023,W4379377506;W4388896754,0.5
I108403487,I686019,1,1,2023,W4384625839,1.0
I108403487,I111398093,1,1,2023,W4387495024,1.0
I108403487,I4654613,1,1,2023,W4387495024,1.0
I108403487,I12912129,1,1,2023,W4388002357,1.0
I108403487,I134446601,1,1,2023,W4388002357,1.0
I108403487,I39804081,1,1,2023,W4388002357,1.0
I108403487,I41156924,1,1,2023,W4388002357,1.0
I108403487,I4210128584,1,1,2023,W4388002357,1.0
I108403487,I4210164802,1,1,2023,W4388002357,1.0
I108403487,I45129253,1,1,2023,W4388002357,1.0
I108403487,I70931966,1,1,2023,W4388002357,1.0
I108403487,I80281795,1,1,2023,W4388002357,1.0
I108403487,I95457486,1,1,2023,W4388002357,1.0
I108468826,I111979921,1,1,2023,W4366729084,1.0
I108468826,I4210117172,1,1,2023,W4366729084,1.0
I108468826,I70983195,1,1,2023,W4366729084,1.0
I108468826,I78577930,1,1,2023,W4366729084,1.0
I108468826,I161318765,1,1,2023,W4378881184,1.0
I108468826,I126307644,1,1,2023,W4386350524,1.0
I108468826,I141945490,1,1,2023,W4386350524,1.0
I108468826,I2800214375,1,1,2023,W4386350524,1.0
I108468826,I4210096112,1,1,2023,W4386350524,1.0
I108468826,I4210096394,1,1,2023,W4386350524,1.0
I108468826,I4210116924,1,1,2023,W4386350524,1.0
I108468826,I4210136188,1,1,2023,W4386350524,1.0
I108468826,I4210159575,1,1,2023,W4386350524,1.0
I108526665,I146824383,3,3,2023,W4382181231;W4383711355;W4389237785,0.3333333333333333
I108526665,I3130244785,3,3,2023,W4382181231;W4383711355;W4389237785,0.3333333333333333
I108526665,I4210164424,3,3,2023,W4382181231;W4383711355;W4389237785,0.3333333333333333
I108526665,I876193797,2,2,2023,W4383711355;W4389237785,0.5
I109009565,I173893349,1,1,2023,W4385597618,1.0
I109009565,I205349734,1,1,2023,W4385597618,1.0
I109009565,I21851649,1,1,2023,W4385597618,1.0
I109009565,I4210087400,1,1,2023,W4385597618,1.0
I109009565,I4210102350,1,1,2023,W4385597618,1.0
I109009565,I4210107779,1,1,2023,W4385597618,1.0
I109009565,I4210129365,1,1,2023,W4385597618,1.0
I109009565,I4210136522,1,1,2023,W4385597618,1.0
I109009565,I4210151342,1,1,2023,W4385597618,1.0
I10947320,I136199984,1,1,2023,W4376871976,1.0
I10947320,I192619145,1,1,2023,W4376871976,1.0
I10947320,I40120149,1,1,2023,W4376871976,1.0
I10947320,I4210156643,1,1,2023,W4376871976,1.0
I109736498,I122411786,1,1,2023,W4385490607,1.0
I109736498,I130701444,1,1,2023,W4385490607,1.0
I109736498,I136199984,1,1,2023,W4385490607,1.0
I109736498,I157725225,1,1,2023,W4385490607,1.0
I109736498,I20089843,2,2,2023,W4385490607;W4387390369,0.5
I109736498,I205783295,1,1,2023,W4385490607,1.0
I109736498,I241749,2,2,2023,W4385490607;W4387390369,0.5
I109736498,I27804330,1,1,2023,W4385490607,1.0
I109736498,I4210090411,1,1,2023,W4385490607,1.0
I109736498,I4210092658,1,1,2023,W4385490607,1.0
I109736498,I4210094983,1,1,2023,W4385490607,1.0
I109736498,I4210110431,1,1,2023,W4385490607,1.0
I109736498,I4210113297,1,1,2023,W4385490607,1.0
I109736498,I4210113369,1,1,2023,W4385490607,1.0
I109736498,I4210113480,1,1,2023,W4385490607,1.0
I109736498,I4210127875,1,1,2023,W4385490607,1.0
I109736498,I4210134579,1,1,2023,W4385490607,1.0
I109736498,I4210135670,1,1,2023,W4385490607,1.0
I109736498,I4210153546,2,2,2023,W4385490607;W4387390369,0.5
I109736498,I4210155419,1,1,2023,W4385490607,1.0
I109736498,I4210164802,1,1,2023,W4385490607,1.0
I109736498,I4210164862,1,1,2023,W4385490607,1.0
I109736498,I4387153999,2,2,2023,W4385490607;W4387390369,0.5
I109736498,I57206974,2,2,2023,W4385490607;W4387390369,0.5
I109736498,I63966007,1,1,2023,W4385490607,1.0
I109736498,I70931966,1,1,2023,W4385490607,1.0
I109736498,I74973139,1,1,2023,W4385490607,1.0
I109736498,I887064364,1,1,2023,W4385490607,1.0
I109736498,I97018004,1,1,2023,W4385490607,1.0
I109736498,I148283060,1,1,2023,W4387390369,1.0
I109736498,I56590836,1,1,2023,W4388824487,1.0
I109935558,I111950717,1,1,2023,W4361755841,1.0
I109935558,I4210141176,1,1,2023,W4361755841,1.0
I109954829,I158716096,3,3,2023,W4385460459;W4385495736;W4385606542,0.3333333333333333
I110079840,I70886390,1,1,2023,W4390236844,1.0
I110120368,I131729948,1,1,2023,W4383649502,1.0
I110166357,I2801239119,1,1,2023,W4378981724,1.0
I110166357,I4210095297,1,1,2023,W4378981724,1.0
I110166357,I56590836,1,1,2023,W4378981724,1.0
I110166357,I68891433,1,1,2023,W4378981724,1.0
I110166357,I82951845,1,1,2023,W4378981724,1.0
I11019714,I1118541,1,1,2023,W4386697749,1.0
I11019714,I124357947,1,1,2023,W4386697749,1.0
I11019714,I126231945,1,1,2023,W4386697749,1.0
I11019714,I1289784979,1,1,2023,W4386697749,1.0
I11019714,I130828816,1,1,2023,W4386697749,1.0
I11019714,I1308923049,1,1,2023,W4386697749,1.0
I11019714,I1324925910,1,1,2023,W4386697749,1.0
I11019714,I1325675289,1,1,2023,W4386697749,1.0
I11019714,I146655781,1,1,2023,W4386697749,1.0
I11019714,I150209017,1,1,2023,W4386697749,1.0
I11019714,I165862685,1,1,2023,W4386697749,1.0
I11019714,I177639307,1,1,2023,W4386697749,1.0
I11019714,I183935753,1,1,2023,W4386697749,1.0
I11019714,I201448701,1,1,2023,W4386697749,1.0
I11019714,I205051169,1,1,2023,W4386697749,1.0
I11019714,I23923803,1,1,2023,W4386697749,1.0
I11019714,I2799390153,1,1,2023,W4386697749,1.0
I11019714,I2802266942,1,1,2023,W4386697749,1.0
I11019714,I2802775644,1,1,2023,W4386697749,1.0
I11019714,I28407311,1,1,2023,W4386697749,1.0
I11019714,I36234482,1,1,2023,W4386697749,1.0
I11019714,I40120149,1,1,2023,W4386697749,1.0
I11019714,I4210111135,1,1,2023,W4386697749,1.0
I11019714,I4210126452,1,1,2023,W4386697749,1.0
I11019714,I4210140114,1,1,2023,W4386697749,1.0
I11019714,I4210150574,1,1,2023,W4386697749,1.0
I11019714,I43439940,1,1,2023,W4386697749,1.0
I11019714,I45129253,1,1,2023,W4386697749,1.0
I11019714,I7882870,1,1,2023,W4386697749,1.0
I11019714,I79510175,1,1,2023,W4386697749,1.0
I11019714,I79619799,1,1,2023,W4386697749,1.0
I11019714,I84884186,1,1,2023,W4386697749,1.0
I11019714,I98677209,1,1,2023,W4386697749,1.0
I11019714,I174025329,1,1,2023,W4389518687,1.0
I111088046,I122411786,2,2,2023,W4318245347;W4385954435,0.5
I111088046,I162608824,2,2,2023,W4318245347;W4385954435,0.5
I111088046,I204337017,2,2,2023,W4318245347;W4385954435,0.5
I111088046,I241749,2,2,2023,W4318245347;W4385954435,0.5
I111088046,I4210096386,2,2,2023,W4318245347;W4385954435,0.5
I111088046,I12912129,1,1,2023,W4382542485,1.0
I111088046,I33213144,1,1,2023,W4382542485,1.0
I111088046,I232906412,2,2,2023,W4385384800;W4388286982,0.5
I111088046,I4210086490,1,1,2023,W4385954435,1.0
I111088046,I4577782,1,1,2023,W4385954435,1.0
I111088046,I1291425158,1,1,2023,W4386072096,1.0
I111088046,I4210123017,1,1,2023,W4387485634,1.0
I111398093,I1323121030,2,2,2023,W4361028617;W4390399551,0.5
I111398093,I170230895,2,2,2023,W4361028617;W4390399551,0.5
I111398093,I188922065,2,2,2023,W4361028617;W4390399551,0.5
I111398093,I23574469,2,2,2023,W4361028617;W4390399551,0.5
I111398093,I28941729,1,1,2023,W4361028617,1.0
I111398093,I41073452,1,1,2023,W4361028617,1.0
I111398093,I4654613,1,1,2023,W4387495024,1.0
I111398093,I138622004,1,1,2023,W4390399551,1.0
I111398093,I146583814,1,1,2023,W4390399551,1.0
I111398093,I60587646,1,1,2023,W4390399551,1.0
I111483173,I1306409833,1,1,2023,W4386057806,1.0
I111483173,I166337079,1,1,2023,W4386057806,1.0
I111483173,I20231570,3,3,2023,W4386057806;W4389518608;W4390872992,0.3333333333333333
I111483173,I200769079,1,1,2023,W4389518608,1.0
I111483173,I4210095624,1,1,2023,W4389518608,1.0
I111483173,I139759216,1,1,2023,W4390872992,1.0
I111483173,I4210100255,1,1,2023,W4390872992,1.0
I1118541,I124357947,1,1,2023,W4386697749,1.0
I1118541,I126231945,1,1,2023,W4386697749,1.0
I1118541,I1289784979,1,1,2023,W4386697749,1.0
I1118541,I130828816,1,1,2023,W4386697749,1.0
I1118541,I1308923049,1,1,2023,W4386697749,1.0
I1118541,I1324925910,1,1,2023,W4386697749,1.0
I1118541,I1325675289,1,1,2023,W4386697749,1.0
I1118541,I146655781,1,1,2023,W4386697749,1.0
I1118541,I150209017,1,1,2023,W4386697749,1.0
I1118541,I165862685,1,1,2023,W4386697749,1.0
I1118541,I177639307,1,1,2023,W4386697749,1.0
I1118541,I183935753,1,1,2023,W4386697749,1.0
I1118541,I201448701,1,1,2023,W4386697749,1.0
I1118541,I205051169,1,1,2023,W4386697749,1.0
I1118541,I23923803,1,1,2023,W4386697749,1.0
I1118541,I2799390153,1,1,2023,W4386697749,1.0
I1118541,I2802266942,1,1,2023,W4386697749,1.0
I1118541,I2802775644,1,1,2023,W4386697749,1.0
I1118541,I28407311,1,1,2023,W4386697749,1.0
I1118541,I36234482,1,1,2023,W4386697749,1.0
I1118541,I40120149,1,1,2023,W4386697749,1.0
I1118541,I4210111135,1,1,2023,W4386697749,1.0
I1118541,I4210126452,1,1,2023,W4386697749,1.0
I1118541,I4210140114,1,1,2023,W4386697749,1.0
I1118541,I4210150574,1,1,2023,W4386697749,1.0
I1118541,I43439940,1,1,2023,W4386697749,1.0
I1118541,I45129253,1,1,2023,W4386697749,1.0
I1118541,I7882870,1,1,2023,W4386697749,1.0
I1118541,I79510175,1,1,2023,W4386697749,1.0
I1118541,I79619799,1,1,2023,W4386697749,1.0
I1118541,I84884186,1,1,2023,W4386697749,1.0
I1118541,I98677209,1,1,2023,W4386697749,1.0
I111950717,I19820366,7,7,2023,W4361029998;W4386608660;W4386918932;W4391306522;W4391768478;W4391768897;W4391769682,0.14285714285714285
I111950717,I4210100255,2,2,2023,W4361029998;W4386918932,0.5
I111950717,I4210165038,3,3,2023,W4361029998;W4386918932;W4391768897,0.3333333333333333
I111950717,I4210141176,1,1,2023,W4361755841,1.0
I111950717,I17145004,2,2,2023,W4372260424;W4390872797,0.5
I111950717,I3923682,1,1,2023,W4385220848,1.0
I111950717,I11701301,1,1,2023,W4386608660,1.0
I111950717,I1174212,1,1,2023,W4386608660,1.0
I111950717,I121883995,1,1,2023,W4386608660,1.0
I111950717,I161318765,1,1,2023,W4386608660,1.0
I111950717,I241749,1,1,2023,W4386608660,1.0
I111950717,I37796252,1,1,2023,W4386608660,1.0
I111950717,I4210094879,4,4,2023,W4386608660;W4391768478;W4391768897;W4391769682,0.25
I111950717,I4210116219,1,1,2023,W4386608660,1.0
I111950717,I4210140243,1,1,2023,W4386608660,1.0
I111950717,I4210151021,1,1,2023,W4386608660,1.0
I111950717,I4391012619,5,5,2023,W4386608660;W4386918932;W4391768478;W4391768897;W4391769682,0.2
I111950717,I55769427,1,1,2023,W4386608660,1.0
I111950717,I859038795,1,1,2023,W4386608660,1.0
I111950717,I143868143,1,1,2023,W4386918932,1.0
I111950717,I4210112150,3,3,2023,W4386918932;W4391306522;W4391768897,0.3333333333333333
I111950717,I87445476,1,1,2023,W4390872797,1.0
I111950717,I99065089,1,1,2023,W4391769682,1.0
I111979921,I122411786,1,1,2023,W4366454938,1.0
I111979921,I1294671590,1,1,2023,W4366454938,1.0
I111979921,I134560555,1,1,2023,W4366454938,1.0
I111979921,I142934699,1,1,2023,W4366454938,1.0
I111979921,I145311948,1,1,2023,W4366454938,1.0
I111979921,I154570441,1,1,2023,W4366454938,1.0
I111979921,I17626003,1,1,2023,W4366454938,1.0
I111979921,I17866349,1,1,2023,W4366454938,1.0
I111979921,I183974707,1,1,2023,W4366454938,1.0
I111979921,I205783295,1,1,2023,W4366454938,1.0
I111979921,I4210127646,1,1,2023,W4366454938,1.0
I111979921,I4210133362,1,1,2023,W4366454938,1.0
I111979921,I66946132,1,1,2023,W4366454938,1.0
I111979921,I70983195,2,2,2023,W4366454938;W4366729084,0.5
I111979921,I76903346,1,1,2023,W4366454938,1.0
I111979921,I4210117172,1,1,2023,W4366729084,1.0
I111979921,I78577930,1,1,2023,W4366729084,1.0
I111979921,I170201317,1,1,2023,W4375850424,1.0
I111979921,I27804330,1,1,2023,W4375850424,1.0
I111979921,I79576946,1,1,2023,W4375850424,1.0
I111979921,I82783531,1,1,2023,W4375850424,1.0
I111979921,I204337017,1,1,2023,W4376866708,1.0
I111979921,I136199984,1,1,2023,W4386714656,1.0
I111979921,I161318765,1,1,2023,W4386714656,1.0
I111979921,I184565670,1,1,2023,W4386714656,1.0
I111979921,I2801951336,1,1,2023,W4386714656,1.0
I111979921,I2802534011,1,1,2023,W4386714656,1.0
I111979921,I97018004,2,2,2023,W4386714656;W4387823534,0.5
I111979921,I1308814778,1,1,2023,W4387823534,1.0
I111979921,I137902535,1,1,2023,W4387823534,1.0
I111979921,I173654999,1,1,2023,W4387823534,1.0
I111979921,I4210095140,1,1,2023,W4387823534,1.0
I111979921,I42934936,1,1,2023,W4387823534,1.0
I111979921,I9224006,1,1,2023,W4387823534,1.0
I111979921,I4210164862,1,1,2023,W4388110843,1.0
I111979921,I1300891529,1,1,2023,W4389235056,1.0
I111979921,I154425047,2,2,2023,W4389235056;W4389937130,0.5
I111979921,I166311279,1,1,2023,W4389235056,1.0
I111979921,I184461854,2,2,2023,W4389235056;W4389937130,0.5
I111979921,I185261750,2,2,2023,W4389235056;W4389937130,0.5
I111979921,I197323543,2,2,2023,W4389235056;W4389937130,0.5
I111979921,I2802181614,1,1,2023,W4389235056,1.0
I111979921,I4210097178,1,1,2023,W4389235056,1.0
I111979921,I4210103308,1,1,2023,W4389235056,1.0
I111979921,I4210106036,1,1,2023,W4389235056,1.0
I111979921,I4210107347,2,2,2023,W4389235056;W4389937130,0.5
I111979921,I4210108108,2,2,2023,W4389235056;W4389937130,0.5
I111979921,I4210113003,1,1,2023,W4389235056,1.0
I111979921,I4210121117,2,2,2023,W4389235056;W4389937130,0.5
I111979921,I4210124714,1,1,2023,W4389235056,1.0
I111979921,I4210125326,2,2,2023,W4389235056;W4389937130,0.5
I111979921,I4210157730,1,1,2023,W4389235056,1.0
I111979921,I4389424196,2,2,2023,W4389235056;W4389937130,0.5
I111979921,I47500176,2,2,2023,W4389235056;W4389937130,0.5
I111979921,I5791819,2,2,2023,W4389235056;W4389937130,0.5
I111979921,I61923386,2,2,2023,W4389235056;W4389937130,0.5
I111979921,I80018011,1,1,2023,W4389235056,1.0
I111979921,I181190671,1,1,2023,W4389937130,1.0
I111979921,I227586296,1,1,2023,W4389937130,1.0
I111979921,I4210098320,1,1,2023,W4389937130,1.0
I112612939,I118564535,1,1,2023,W4389403907,1.0
I112612939,I130238516,1,1,2023,W4389403907,1.0
I112612939,I154570441,1,1,2023,W4389403907,1.0
I112612939,I16391192,1,1,2023,W4389403907,1.0
I112612939,I184565670,1,1,2023,W4389403907,1.0
I112612939,I185261750,1,1,2023,W4389403907,1.0
I112612939,I192455969,1,1,2023,W4389403907,1.0
I112612939,I197251160,1,1,2023,W4389403907,1.0
I112612939,I20089843,1,1,2023,W4389403907,1.0
I112612939,I205023500,1,1,2023,W4389403907,1.0
I112612939,I27116053,1,1,2023,W4389403907,1.0
I112612939,I2800565835,1,1,2023,W4389403907,1.0
I112612939,I2801851002,1,1,2023,W4389403907,1.0
I112612939,I29955533,1,1,2023,W4389403907,1.0
I112612939,I40347166,1,1,2023,W4389403907,1.0
I112612939,I4210108999,1,1,2023,W4389403907,1.0
I112612939,I4210119109,1,1,2023,W4389403907,1.0
I112612939,I4210137306,1,1,2023,W4389403907,1.0
I112612939,I4210140380,1,1,2023,W4389403907,1.0
I112612939,I4210145102,1,1,2023,W4389403907,1.0
I112612939,I4210153792,1,1,2023,W4389403907,1.0
I112612939,I4210155092,1,1,2023,W4389403907,1.0
I112612939,I44829897,1,1,2023,W4389403907,1.0
I112612939,I51556381,1,1,2023,W4389403907,1.0
I112612939,I57206974,1,1,2023,W4389403907,1.0
I112612939,I88874673,1,1,2023,W4389403907,1.0
I112612939,I90326151,1,1,2023,W4389403907,1.0
I112612939,I97018004,1,1,2023,W4389403907,1.0
I112728665,I4210119109,2,2,2023,W4367678106;W4372319207,0.5
I112728665,I197347611,1,1,2023,W4372319207,1.0
I112728665,I592451,1,1,2023,W4372319207,1.0
I113428412,I1326498283,1,1,2023,W4389727268,1.0
I113428412,I135310074,1,1,2023,W4389727268,1.0
I113428412,I4210090411,1,1,2023,W4389727268,1.0
I113428412,I4210113297,1,1,2023,W4389727268,1.0
I113428412,I4210144566,1,1,2023,W4389727268,1.0
I113456305,I180923762,1,1,2023,W4385715939,1.0
I113456305,I4665924,1,1,2023,W4385715939,1.0
I113456305,I159176309,1,1,2023,W4387221424,1.0
I113940042,I129604602,1,1,2023,W4378188762,1.0
I113940042,I1334950195,1,1,2023,W4378188762,1.0
I113940042,I141962983,1,1,2023,W4378188762,1.0
I113940042,I4210151021,1,1,2023,W4378188762,1.0
I113940042,I148128674,1,1,2023,W4387968754,1.0
I113940042,I133868755,1,1,2023,W4389213130,1.0
I113940042,I36399199,1,1,2023,W4389213130,1.0
I114017466,I2802355861,1,1,2023,W4386566621,1.0
I114017466,I145894827,1,1,2023,W4387909847,1.0
I114017466,I6498739,1,1,2023,W4387909847,1.0
I114017466,I146655781,1,1,2023,W4389518947,1.0
I114017466,I204824540,1,1,2023,W4389518947,1.0
I114027177,I170897317,2,2,2023,W4366241052;W4366983955,0.5
I114027177,I20231570,2,2,2023,W4366241052;W4366983955,0.5
I114027177,I2802957242,2,2,2023,W4366241052;W4366983955,0.5
I114027177,I4210113254,2,2,2023,W4366241052;W4366983955,0.5
I114027177,I5740404,2,2,2023,W4366241052;W4366983955,0.5
I114027177,I87710204,2,2,2023,W4366241052;W4366983955,0.5
I114027177,I91935597,2,2,2023,W4366241052;W4366983955,0.5
I114027177,I17937529,1,1,2023,W4366983955,1.0
I114027177,I223822909,1,1,2023,W4366983955,1.0
I114027177,I39343248,1,1,2023,W4366983955,1.0
I114027177,I57206974,1,1,2023,W4385801729,1.0
I114027177,I66946132,1,1,2023,W4385801729,1.0
I114027177,I1333535994,1,1,2023,W4390872723,1.0
I114090438,I138847295,6,6,2023,W4319599994;W4381252132;W4382060832;W4382136016;W4388723259;W4390231192,0.16666666666666666
I114090438,I2800906782,1,1,2023,W4319599994,1.0
I114090438,I60053951,6,6,2023,W4319599994;W4381252132;W4382060832;W4382136016;W4388723259;W4390231192,0.16666666666666666
I114090438,I1292020679,2,2,2023,W4321022177;W4387508266,0.5
I114090438,I193374721,2,2,2023,W4321022177;W4387508266,0.5
I114090438,I20089843,2,2,2023,W4321022177;W4381572755,0.5
I114090438,I29955533,2,2,2023,W4321022177;W4381572755,0.5
I114090438,I32971472,1,1,2023,W4321022177,1.0
I114090438,I40120149,3,3,2023,W4321022177;W4381572755;W4387508266,0.3333333333333333
I114090438,I4387155932,4,4,2023,W4321022177;W4381572755;W4387508266;W4389052201,0.25
I114090438,I9360294,2,2,2023,W4321022177;W4381572755,0.5
I114090438,I25974101,1,1,2023,W4360980513,1.0
I114090438,I4210089692,1,1,2023,W4360980513,1.0
I114090438,I4577782,1,1,2023,W4360980513,1.0
I114090438,I887968799,1,1,2023,W4360980513,1.0
I114090438,I4210125013,4,4,2023,W4381252132;W4382060832;W4388723259;W4390231192,0.25
I114090438,I4392021234,1,1,2023,W4382136016,1.0
I114090438,I1321305853,1,1,2023,W4387508266,1.0
I114090438,I187481652,1,1,2023,W4387508266,1.0
I114090438,I241749,1,1,2023,W4387508266,1.0
I114090438,I2799771591,1,1,2023,W4387508266,1.0
I114090438,I2800540659,1,1,2023,W4387508266,1.0
I114090438,I2801851002,1,1,2023,W4387508266,1.0
I114090438,I2802641067,1,1,2023,W4387508266,1.0
I114090438,I4210134973,1,1,2023,W4387508266,1.0
I114090438,I51556381,1,1,2023,W4387508266,1.0
I114090438,I70931966,1,1,2023,W4387508266,1.0
I114112103,I138689650,1,1,2023,W4385688511,1.0
I114112103,I151746483,1,1,2023,W4385688511,1.0
I114112103,I161057412,1,1,2023,W4385688511,1.0
I114112103,I165143802,1,1,2023,W4385688511,1.0
I114112103,I184597095,1,1,2023,W4385688511,1.0
I114112103,I4210135670,1,1,2023,W4385688511,1.0
I114112103,I4210163196,1,1,2023,W4385688511,1.0
I114112103,I51441396,1,1,2023,W4385688511,1.0
I114112103,I76198965,1,1,2023,W4385688511,1.0
I114112103,I887064364,1,1,2023,W4385688511,1.0
I114112103,I926574661,1,1,2023,W4385688511,1.0
I114203471,I32394136,1,1,2023,W4388503650,1.0
I114203471,I45084792,1,1,2023,W4388503650,1.0
I114203471,I96698942,1,1,2023,W4388503650,1.0
I114395901,I1297288678,1,1,2023,W4386437602,1.0
I114395901,I1321296531,1,1,2023,W4386437602,1.0
I114395901,I4210109969,1,1,2023,W4386437602,1.0
I114531698,I146399215,2,2,2023,W4379389501;W4386888220,0.5
I114531698,I165932596,1,1,2023,W4388182168,1.0
I114531698,I21193070,1,1,2023,W4388182168,1.0
I114531698,I60134161,1,1,2023,W4388182168,1.0
I114531698,I73613424,1,1,2023,W4390190083,1.0
I114539943,I50760025,1,1,2023,W4381487463,1.0
I114539943,I66906201,1,1,2023,W4381487463,1.0
I114832834,I1282927834,2,2,2023,W4319455199;W4372348574,0.5
I114832834,I36234482,2,2,2023,W4319455199;W4372348574,0.5
I114832834,I193181351,1,1,2023,W4372348574,1.0
I114832834,I2802835388,1,1,2023,W4372348574,1.0
I114832834,I4210111013,1,1,2023,W4372348574,1.0
I114832834,I4210120508,1,1,2023,W4372348574,1.0
I114832834,I4210125099,1,1,2023,W4372348574,1.0
I114832834,I125749732,1,1,2023,W4383913712,1.0
I114832834,I126231945,1,1,2023,W4383913712,1.0
I114832834,I12870472,1,1,2023,W4383913712,1.0
I114832834,I1289910757,1,1,2023,W4383913712,1.0
I114832834,I129162050,1,1,2023,W4383913712,1.0
I114832834,I169199633,1,1,2023,W4383913712,1.0
I114832834,I18014758,1,1,2023,W4383913712,1.0
I114832834,I183935753,1,1,2023,W4383913712,1.0
I114832834,I1925986,1,1,2023,W4383913712,1.0
I114832834,I193531525,1,1,2023,W4383913712,1.0
I114832834,I193662353,1,1,2023,W4383913712,1.0
I114832834,I193700539,1,1,2023,W4383913712,1.0
I114832834,I205274468,1,1,2023,W4383913712,1.0
I114832834,I3133184724,1,1,2023,W4383913712,1.0
I114832834,I4210119896,1,1,2023,W4383913712,1.0
I114832834,I51601045,1,1,2023,W4383913712,1.0
I114832834,I56590836,1,1,2023,W4383913712,1.0
I114832834,I60733029,1,1,2023,W4383913712,1.0
I114832834,I71052956,1,1,2023,W4383913712,1.0
I114832834,I79619799,1,1,2023,W4383913712,1.0
I114832834,I82284825,1,1,2023,W4383913712,1.0
I114832834,I84884186,1,1,2023,W4383913712,1.0
I114832834,I4210157890,1,1,2023,W4386157637,1.0
I114972647,I2800233941,2,2,2023,W4321499561;W4327946446,0.5
I114972647,I2800139495,1,1,2023,W4387970385,1.0
I114972647,I28166907,1,1,2023,W4387970385,1.0
I114972647,I71920554,1,1,2023,W4387970385,1.0
I115228651,I165932596,1,1,2023,W4321472415,1.0
I115228651,I3004594783,1,1,2023,W4321472415,1.0
I115228651,I172675005,1,1,2023,W4379548704,1.0
I115228651,I4210091207,1,1,2023,W4379548704,1.0
I115228651,I21193070,1,1,2023,W4385848801,1.0
I115228651,I86519309,1,1,2023,W4385848801,1.0
I115228651,I4210088309,1,1,2023,W4389520460,1.0
I115283149,I67311998,1,1,2023,W4396525495,1.0
I115475287,I122964287,1,1,2023,W4360620450,1.0
I115475287,I129162050,1,1,2023,W4360620450,1.0
I115475287,I134085113,1,1,2023,W4360620450,1.0
I115475287,I134140186,1,1,2023,W4360620450,1.0
I115475287,I142740786,1,1,2023,W4360620450,1.0
I115475287,I147554453,1,1,2023,W4360620450,1.0
I115475287,I150870154,1,1,2023,W4360620450,1.0
I115475287,I168719708,1,1,2023,W4360620450,1.0
I115475287,I169199633,1,1,2023,W4360620450,1.0
I115475287,I169335092,1,1,2023,W4360620450,1.0
I115475287,I171543936,1,1,2023,W4360620450,1.0
I115475287,I181369854,1,1,2023,W4360620450,1.0
I115475287,I181418319,1,1,2023,W4360620450,1.0
I115475287,I181565077,1,1,2023,W4360620450,1.0
I115475287,I181647926,1,1,2023,W4360620450,1.0
I115475287,I185163786,1,1,2023,W4360620450,1.0
I115475287,I188538660,1,1,2023,W4360620450,1.0
I115475287,I19648265,1,1,2023,W4360620450,1.0
I115475287,I204593131,1,1,2023,W4360620450,1.0
I115475287,I24027795,1,1,2023,W4360620450,1.0
I115475287,I244572783,1,1,2023,W4360620450,1.0
I115475287,I255234318,1,1,2023,W4360620450,1.0
I115475287,I25846049,1,1,2023,W4360620450,1.0
I115475287,I2613432,1,1,2023,W4360620450,1.0
I115475287,I27878738,1,1,2023,W4360620450,1.0
I115475287,I2802797706,1,1,2023,W4360620450,1.0
I115475287,I28407311,1,1,2023,W4360620450,1.0
I115475287,I31746571,1,1,2023,W4360620450,1.0
I115475287,I32394136,1,1,2023,W4360620450,1.0
I115475287,I36234482,1,1,2023,W4360620450,1.0
I115475287,I39586589,1,1,2023,W4360620450,1.0
I115475287,I4210131537,1,1,2023,W4360620450,1.0
I115475287,I4390039323,1,1,2023,W4360620450,1.0
I115475287,I4394709253,1,1,2023,W4360620450,1.0
I115475287,I44430492,1,1,2023,W4360620450,1.0
I115475287,I47818738,1,1,2023,W4360620450,1.0
I115475287,I55060895,1,1,2023,W4360620450,1.0
I115475287,I63098007,1,1,2023,W4360620450,1.0
I115475287,I68891433,1,1,2023,W4360620450,1.0
I115475287,I71052956,1,1,2023,W4360620450,1.0
I115475287,I78715868,1,1,2023,W4360620450,1.0
I115475287,I80281795,1,1,2023,W4360620450,1.0
I115475287,I91136226,1,1,2023,W4360620450,1.0
I115475287,I9300472,1,1,2023,W4360620450,1.0
I115475287,I931969281,1,1,2023,W4360620450,1.0
I115475287,I9360294,1,1,2023,W4360620450,1.0
I115475287,I98358874,1,1,2023,W4360620450,1.0
I115592961,I52158045,1,1,2023,W4386608988,1.0
I115592961,I126158947,1,1,2023,W4389696050,1.0
I115592961,I12870472,1,1,2023,W4389696050,1.0
I115592961,I142899784,1,1,2023,W4389696050,1.0
I115592961,I169108374,1,1,2023,W4389696050,1.0
I115592961,I186129607,1,1,2023,W4389696050,1.0
I115592961,I188329596,1,1,2023,W4389696050,1.0
I115592961,I200650556,1,1,2023,W4389696050,1.0
I115592961,I20126385,1,1,2023,W4389696050,1.0
I115592961,I201448701,1,1,2023,W4389696050,1.0
I115592961,I202697423,1,1,2023,W4389696050,1.0
I115592961,I204778367,1,1,2023,W4389696050,1.0
I115592961,I23946033,1,1,2023,W4389696050,1.0
I115592961,I32389192,1,1,2023,W4389696050,1.0
I115592961,I33858575,1,1,2023,W4389696050,1.0
I115592961,I40434647,1,1,2023,W4389696050,1.0
I115592961,I4210087936,1,1,2023,W4389696050,1.0
I115592961,I4210095594,1,1,2023,W4389696050,1.0
I115592961,I4210113179,1,1,2023,W4389696050,1.0
I115592961,I4210127871,1,1,2023,W4389696050,1.0
I115592961,I4210134505,1,1,2023,W4389696050,1.0
I115592961,I4210137813,1,1,2023,W4389696050,1.0
I115592961,I4210151290,1,1,2023,W4389696050,1.0
I115592961,I4210161436,1,1,2023,W4389696050,1.0
I115592961,I49828101,1,1,2023,W4389696050,1.0
I115592961,I51235708,1,1,2023,W4389696050,1.0
I115592961,I54316950,1,1,2023,W4389696050,1.0
I115592961,I73417466,1,1,2023,W4389696050,1.0
I115592961,I80810150,1,1,2023,W4389696050,1.0
I115592961,I83259278,1,1,2023,W4389696050,1.0
I115592961,I83816512,1,1,2023,W4389696050,1.0
I115592961,I85507684,1,1,2023,W4389696050,1.0
I115592961,I8636806,1,1,2023,W4389696050,1.0
I115715567,I127439422,1,1,2023,W4388019161,1.0
I115715567,I145894827,1,1,2023,W4388019161,1.0
I115715567,I26072440,1,1,2023,W4388019161,1.0
I115715567,I3131870445,1,1,2023,W4388019161,1.0
I115715567,I4210152718,1,1,2023,W4388019161,1.0
I115715567,I4387153068,1,1,2023,W4388019161,1.0
I116067653,I1299303238,1,1,2023,W4386423073,1.0
I116067653,I4210140884,1,1,2023,W4386423073,1.0
I116067653,I4210149717,1,1,2023,W4386423073,1.0
I116067653,I172446870,1,1,2023,W4388007786,1.0
I116067653,I36443711,1,1,2023,W4388007786,1.0
I116067653,I186995768,1,1,2023,W4390638016,1.0
I116265982,I99065089,1,1,2023,W4388124331,1.0
I116660002,I1288882113,1,1,2023,W4390202391,1.0
I116660002,I13955877,1,1,2023,W4390202391,1.0
I116660002,I47508984,1,1,2023,W4390202391,1.0
I116953780,I4210086678,1,1,2023,W4383032382,1.0
I116953780,I183067930,1,1,2023,W4386392961,1.0
I116953780,I24185976,1,1,2023,W4386392961,1.0
I116953780,I2800570007,1,1,2023,W4386392961,1.0
I116953780,I2801556517,1,1,2023,W4386392961,1.0
I116953780,I4210089761,1,1,2023,W4386392961,1.0
I116953780,I4210114190,1,1,2023,W4386392961,1.0
I116953780,I4210128910,1,1,2023,W4386392961,1.0
I116953780,I4210132741,1,1,2023,W4386392961,1.0
I116953780,I4210132906,1,1,2023,W4386392961,1.0
I116953780,I4210154361,1,1,2023,W4386392961,1.0
I116953780,I4210156804,1,1,2023,W4386392961,1.0
I116953780,I4391012619,1,1,2023,W4386392961,1.0
I116953780,I14243506,1,1,2023,W4386782021,1.0
I116953780,I99065089,1,1,2023,W4391768460,1.0
I11701301,I118347636,1,1,2023,W4378905467,1.0
I11701301,I121847817,1,1,2023,W4378905467,1.0
I11701301,I1317774081,1,1,2023,W4378905467,1.0
I11701301,I1326018075,1,1,2023,W4378905467,1.0
I11701301,I138006243,1,1,2023,W4378905467,1.0
I11701301,I138595864,1,1,2023,W4378905467,1.0
I11701301,I138690464,1,1,2023,W4378905467,1.0
I11701301,I141301092,1,1,2023,W4378905467,1.0
I11701301,I145236414,1,1,2023,W4378905467,1.0
I11701301,I149521062,1,1,2023,W4378905467,1.0
I11701301,I159176309,1,1,2023,W4378905467,1.0
I11701301,I161593684,1,1,2023,W4378905467,1.0
I11701301,I169108374,1,1,2023,W4378905467,1.0
I11701301,I174216632,1,1,2023,W4378905467,1.0
I11701301,I176453806,1,1,2023,W4378905467,1.0
I11701301,I193662353,1,1,2023,W4378905467,1.0
I11701301,I19820366,2,2,2023,W4378905467;W4386608660,0.5
I11701301,I201448701,1,1,2023,W4378905467,1.0
I11701301,I23923803,1,1,2023,W4378905467,1.0
I11701301,I25254941,1,1,2023,W4378905467,1.0
I11701301,I2799973717,1,1,2023,W4378905467,1.0
I11701301,I2800262456,1,1,2023,W4378905467,1.0
I11701301,I315704651,1,1,2023,W4378905467,1.0
I11701301,I4210092744,1,1,2023,W4378905467,1.0
I11701301,I4210099977,1,1,2023,W4378905467,1.0
I11701301,I4210102999,1,1,2023,W4378905467,1.0
I11701301,I4210106352,1,1,2023,W4378905467,1.0
I11701301,I4210106526,1,1,2023,W4378905467,1.0
I11701301,I4210117555,1,1,2023,W4378905467,1.0
I11701301,I4210122844,1,1,2023,W4378905467,1.0
I11701301,I4210137309,1,1,2023,W4378905467,1.0
I11701301,I4210139347,1,1,2023,W4378905467,1.0
I11701301,I4210141715,1,1,2023,W4378905467,1.0
I11701301,I4210165038,1,1,2023,W4378905467,1.0
I11701301,I5023651,1,1,2023,W4378905467,1.0
I11701301,I59270414,1,1,2023,W4378905467,1.0
I11701301,I60200437,1,1,2023,W4378905467,1.0
I11701301,I865915315,1,1,2023,W4378905467,1.0
I11701301,I881766915,1,1,2023,W4378905467,1.0
I11701301,I887064364,1,1,2023,W4378905467,1.0
I11701301,I913481162,1,1,2023,W4378905467,1.0
I11701301,I1174212,1,1,2023,W4386608660,1.0
I11701301,I121883995,1,1,2023,W4386608660,1.0
I11701301,I161318765,1,1,2023,W4386608660,1.0
I11701301,I241749,1,1,2023,W4386608660,1.0
I11701301,I37796252,1,1,2023,W4386608660,1.0
I11701301,I4210094879,1,1,2023,W4386608660,1.0
I11701301,I4210116219,1,1,2023,W4386608660,1.0
I11701301,I4210140243,1,1,2023,W4386608660,1.0
I11701301,I4210151021,1,1,2023,W4386608660,1.0
I11701301,I4391012619,1,1,2023,W4386608660,1.0
I11701301,I55769427,1,1,2023,W4386608660,1.0
I11701301,I859038795,1,1,2023,W4386608660,1.0
I11701301,I120125038,1,1,2023,W4386807359,1.0
I11701301,I154130895,1,1,2023,W4386807359,1.0
I117222138,I176601375,1,1,2023,W4385878021,1.0
I117222138,I200745827,1,1,2023,W4385878021,1.0
I117222138,I8033065,1,1,2023,W4385878021,1.0
I117331123,I134841294,1,1,2023,W4385302680,1.0
I117331123,I151013683,1,1,2023,W4385302680,1.0
I117331123,I4210153274,1,1,2023,W4385302680,1.0
I117331123,I4210163399,1,1,2023,W4385302680,1.0
I1174212,I205783295,1,1,2023,W4327860966,1.0
I1174212,I2800817003,9,9,2023,W4327860966;W4381855196;W4382318920;W4383108457;W4383710066;W4386699758;W4386791134;W4388488349;W4388687124,0.1111111111111111
I1174212,I4210142109,1,1,2023,W4327860966,1.0
I1174212,I55732556,1,1,2023,W4327860966,1.0
I1174212,I96062909,1,1,2023,W4327860966,1.0
I1174212,I140172145,1,1,2023,W4367156698,1.0
I1174212,I2592186,1,1,2023,W4367156698,1.0
I1174212,I63966007,1,1,2023,W4367156698,1.0
I1174212,I161318765,4,4,2023,W4375934411;W4376454208;W4386608660;W4387195417,0.25
I1174212,I183859904,1,1,2023,W4381855196,1.0
I1174212,I1342924430,3,3,2023,W4383710066;W4388347957;W4388625750,0.3333333333333333
I1174212,I142767807,1,1,2023,W4383710066,1.0
I1174212,I4210156221,1,1,2023,W4385571189,1.0
I1174212,I1743320,1,1,2023,W4385988139,1.0
I1174212,I180670191,1,1,2023,W4385988139,1.0
I1174212,I97018004,2,2,2023,W4385988139;W4388458590,0.5
I1174212,I130701444,1,1,2023,W4386215566,1.0
I1174212,I201448701,1,1,2023,W4386215566,1.0
I1174212,I4210127875,1,1,2023,W4386215566,1.0
I1174212,I121883995,1,1,2023,W4386608660,1.0
I1174212,I19820366,1,1,2023,W4386608660,1.0
I1174212,I241749,2,2,2023,W4386608660;W4388458590,0.5
I1174212,I37796252,1,1,2023,W4386608660,1.0
I1174212,I4210094879,1,1,2023,W4386608660,1.0
I1174212,I4210116219,1,1,2023,W4386608660,1.0
I1174212,I4210140243,1,1,2023,W4386608660,1.0
I1174212,I4210151021,1,1,2023,W4386608660,1.0
I1174212,I4391012619,1,1,2023,W4386608660,1.0
I1174212,I55769427,1,1,2023,W4386608660,1.0
I1174212,I859038795,1,1,2023,W4386608660,1.0
I1174212,I162030827,1,1,2023,W4386699758,1.0
I1174212,I181547552,1,1,2023,W4386699758,1.0
I1174212,I32971472,2,2,2023,W4386699758;W4386791134,0.5
I1174212,I4210131376,1,1,2023,W4386699758,1.0
I1174212,I1291425158,1,1,2023,W4386791134,1.0
I1174212,I35440088,1,1,2023,W4386791134,1.0
I1174212,I36788626,1,1,2023,W4386791134,1.0
I1174212,I4210099443,1,1,2023,W4386791134,1.0
I1174212,I4210102262,1,1,2023,W4386791134,1.0
I1174212,I5124864,1,1,2023,W4386791134,1.0
I1174212,I79576946,1,1,2023,W4386791134,1.0
I1174212,I922845939,1,1,2023,W4386791134,1.0
I1174212,I156087764,1,1,2023,W4387195417,1.0
I1174212,I193775966,1,1,2023,W4387195417,1.0
I1174212,I20231570,1,1,2023,W4387195417,1.0
I1174212,I4210161460,1,1,2023,W4387195417,1.0
I1174212,I4210164802,1,1,2023,W4387195417,1.0
I1174212,I12832649,1,1,2023,W4387211904,1.0
I1174212,I67900169,1,1,2023,W4387211904,1.0
I1174212,I89015989,1,1,2023,W4387211904,1.0
I1174212,I15196421,1,1,2023,W4387451550,1.0
I1174212,I160368002,1,1,2023,W4387451550,1.0
I1174212,I2801204180,1,1,2023,W4387451550,1.0
I1174212,I122346577,1,1,2023,W4388347957,1.0
I1174212,I1289019353,1,1,2023,W4388347957,1.0
I1174212,I165779595,1,1,2023,W4388347957,1.0
I1174212,I177725633,1,1,2023,W4388347957,1.0
I1174212,I17877952,1,1,2023,W4388347957,1.0
I1174212,I223822909,1,1,2023,W4388347957,1.0
I1174212,I2800288331,1,1,2023,W4388347957,1.0
I1174212,I2800555584,1,1,2023,W4388347957,1.0
I1174212,I2802164966,1,1,2023,W4388347957,1.0
I1174212,I2802965805,1,1,2023,W4388347957,1.0
I1174212,I2961216182,1,1,2023,W4388347957,1.0
I1174212,I3018771216,1,1,2023,W4388347957,1.0
I1174212,I4210094363,1,1,2023,W4388347957,1.0
I1174212,I4210106397,1,1,2023,W4388347957,1.0
I1174212,I4210114248,1,1,2023,W4388347957,1.0
I1174212,I4210119117,1,1,2023,W4388347957,1.0
I1174212,I4210143330,1,1,2023,W4388347957,1.0
I1174212,I4210151091,1,1,2023,W4388347957,1.0
I1174212,I4210153126,1,1,2023,W4388347957,1.0
I1174212,I4210153139,1,1,2023,W4388347957,1.0
I1174212,I4210156450,1,1,2023,W4388347957,1.0
I1174212,I99464096,1,1,2023,W4388347957,1.0
I1174212,I13805885,1,1,2023,W4388458590,1.0
I1174212,I142476485,1,1,2023,W4388458590,1.0
I1174212,I95457486,1,1,2023,W4388458590,1.0
I1174212,I136199984,1,1,2023,W4388625750,1.0
I1174212,I2800277294,1,1,2023,W4388625750,1.0
I1174212,I2801809904,1,1,2023,W4388625750,1.0
I1174212,I40120149,1,1,2023,W4388625750,1.0
I1174212,I4210161256,1,1,2023,W4388625750,1.0
I1174212,I98251732,1,1,2023,W4388625750,1.0
I1174212,I223532165,1,1,2023,W4389385783,1.0
I1174212,I4210108985,1,1,2023,W4389518632,1.0
I1174212,I33213144,1,1,2023,W4390455781,1.0
I1174212,I4210087747,1,1,2023,W4390874371,1.0
I11750234,I158248296,1,1,2023,W4365811081,1.0
I117532281,I129604602,1,1,2023,W4388331220,1.0
I117532281,I204824540,1,1,2023,W4388331220,1.0
I117532281,I2250653659,1,1,2023,W4388331220,1.0
I117532281,I5681781,1,1,2023,W4388331220,1.0
I117965899,I185241533,1,1,2023,W4386529373,1.0
I117965899,I204465549,1,1,2023,W4386529373,1.0
I117965899,I4210147875,1,1,2023,W4386529373,1.0
I118020396,I4210153776,1,1,2023,W4386302153,1.0
I118118575,I129604602,1,1,2023,W4390043316,1.0
I118118575,I74775410,1,1,2023,W4390043316,1.0
I118118575,I91045830,1,1,2023,W4390043316,1.0
I118118575,I98677209,1,1,2023,W4390043316,1.0
I118347636,I17145004,1,1,2023,W4313591672,1.0
I118347636,I4210127558,2,2,2023,W4313591672;W4386075890,0.5
I118347636,I5681781,1,1,2023,W4313591672,1.0
I118347636,I133731052,1,1,2023,W4366547999,1.0
I118347636,I4210153468,1,1,2023,W4366547999,1.0
I118347636,I6059380,1,1,2023,W4366547999,1.0
I118347636,I78577930,2,2,2023,W4366547999;W4392669797,0.5
I118347636,I121847817,1,1,2023,W4378905467,1.0
I118347636,I1317774081,1,1,2023,W4378905467,1.0
I118347636,I1326018075,1,1,2023,W4378905467,1.0
I118347636,I138006243,1,1,2023,W4378905467,1.0
I118347636,I138595864,1,1,2023,W4378905467,1.0
I118347636,I138690464,1,1,2023,W4378905467,1.0
I118347636,I141301092,1,1,2023,W4378905467,1.0
I118347636,I145236414,1,1,2023,W4378905467,1.0
I118347636,I149521062,1,1,2023,W4378905467,1.0
I118347636,I159176309,1,1,2023,W4378905467,1.0
I118347636,I161593684,1,1,2023,W4378905467,1.0
I118347636,I169108374,1,1,2023,W4378905467,1.0
I118347636,I174216632,1,1,2023,W4378905467,1.0
I118347636,I176453806,1,1,2023,W4378905467,1.0
I118347636,I193662353,1,1,2023,W4378905467,1.0
I118347636,I19820366,1,1,2023,W4378905467,1.0
I118347636,I201448701,1,1,2023,W4378905467,1.0
I118347636,I23923803,1,1,2023,W4378905467,1.0
I118347636,I25254941,1,1,2023,W4378905467,1.0
I118347636,I2799973717,1,1,2023,W4378905467,1.0
I118347636,I2800262456,1,1,2023,W4378905467,1.0
I118347636,I315704651,1,1,2023,W4378905467,1.0
I118347636,I4210092744,1,1,2023,W4378905467,1.0
I118347636,I4210099977,1,1,2023,W4378905467,1.0
I118347636,I4210102999,1,1,2023,W4378905467,1.0
I118347636,I4210106352,1,1,2023,W4378905467,1.0
I118347636,I4210106526,1,1,2023,W4378905467,1.0
I118347636,I4210117555,1,1,2023,W4378905467,1.0
I118347636,I4210122844,1,1,2023,W4378905467,1.0
I118347636,I4210137309,1,1,2023,W4378905467,1.0
I118347636,I4210139347,1,1,2023,W4378905467,1.0
I118347636,I4210141715,1,1,2023,W4378905467,1.0
I118347636,I4210165038,1,1,2023,W4378905467,1.0
I118347636,I5023651,1,1,2023,W4378905467,1.0
I118347636,I59270414,1,1,2023,W4378905467,1.0
I118347636,I60200437,1,1,2023,W4378905467,1.0
I118347636,I865915315,1,1,2023,W4378905467,1.0
I118347636,I881766915,1,1,2023,W4378905467,1.0
I118347636,I887064364,1,1,2023,W4378905467,1.0
I118347636,I913481162,1,1,2023,W4378905467,1.0
I118347636,I63190737,1,1,2023,W4379522391,1.0
I118347636,I1294671590,1,1,2023,W4384918594,1.0
I118347636,I2801766991,1,1,2023,W4384918594,1.0
I118347636,I39804081,1,1,2023,W4384918594,1.0
I118347636,I52357470,2,2,2023,W4384918594;W4392669797,0.5
I118347636,I99065089,2,2,2023,W4384918594;W4392669797,0.5
I118347636,I91044093,1,1,2023,W4386076520,1.0
I118347636,I9927081,1,1,2023,W4386076520,1.0
I118347636,I1292875679,2,2,2023,W4388483380;W4390190181,0.5
I118347636,I42894916,1,1,2023,W4388483380,1.0
I118347636,I53592917,1,1,2023,W4388483380,1.0
I118347636,I2801239119,1,1,2023,W4390190181,1.0
I118347636,I56590836,1,1,2023,W4390190181,1.0
I118347636,I1291425158,1,1,2023,W4390872773,1.0
I118347636,I156087764,1,1,2023,W4390872773,1.0
I118347636,I4210113480,1,1,2023,W4390872773,1.0
I118347636,I1297127228,1,1,2023,W4392669797,1.0
I118347636,I157725225,1,1,2023,W4392669797,1.0
I118347636,I2801851002,1,1,2023,W4392669797,1.0
I118347636,I36788626,1,1,2023,W4392669797,1.0
I118347636,I4210093174,1,1,2023,W4392669797,1.0
I118347636,I4210120068,1,1,2023,W4392669797,1.0
I118347636,I4389424196,1,1,2023,W4392669797,1.0
I118347636,I45129253,1,1,2023,W4392669797,1.0
I118347636,I68891433,1,1,2023,W4392669797,1.0
I118353179,I200719446,1,1,2023,W4381956168,1.0
I118353179,I32881790,1,1,2023,W4381956168,1.0
I118501908,I153845743,1,1,2023,W4380488316,1.0
I118501908,I4210116466,1,1,2023,W4380488316,1.0
I118501908,I4210123447,1,1,2023,W4380488316,1.0
I118501908,I126527374,1,1,2023,W4388607255,1.0
I118501908,I184139950,1,1,2023,W4388607255,1.0
I118564535,I130692619,1,1,2023,W4319301446,1.0
I118564535,I183935753,1,1,2023,W4319301446,1.0
I118564535,I202697423,2,2,2023,W4319301446;W4386572529,0.5
I118564535,I2801112126,1,1,2023,W4323652488,1.0
I118564535,I1296637509,1,1,2023,W4384663549,1.0
I118564535,I189712700,1,1,2023,W4384663549,1.0
I118564535,I32971472,1,1,2023,W4384663549,1.0
I118564535,I39343248,1,1,2023,W4384663549,1.0
I118564535,I4210101898,1,1,2023,W4384663549,1.0
I118564535,I78577930,1,1,2023,W4384663549,1.0
I118564535,I130238516,1,1,2023,W4389403907,1.0
I118564535,I154570441,1,1,2023,W4389403907,1.0
I118564535,I16391192,1,1,2023,W4389403907,1.0
I118564535,I184565670,1,1,2023,W4389403907,1.0
I118564535,I185261750,1,1,2023,W4389403907,1.0
I118564535,I192455969,1,1,2023,W4389403907,1.0
I118564535,I197251160,1,1,2023,W4389403907,1.0
I118564535,I20089843,1,1,2023,W4389403907,1.0
I118564535,I205023500,1,1,2023,W4389403907,1.0
I118564535,I27116053,1,1,2023,W4389403907,1.0
I118564535,I2800565835,1,1,2023,W4389403907,1.0
I118564535,I2801851002,1,1,2023,W4389403907,1.0
I118564535,I29955533,1,1,2023,W4389403907,1.0
I118564535,I40347166,1,1,2023,W4389403907,1.0
I118564535,I4210108999,1,1,2023,W4389403907,1.0
I118564535,I4210119109,1,1,2023,W4389403907,1.0
I118564535,I4210137306,1,1,2023,W4389403907,1.0
I118564535,I4210140380,1,1,2023,W4389403907,1.0
I118564535,I4210145102,1,1,2023,W4389403907,1.0
I118564535,I4210153792,1,1,2023,W4389403907,1.0
I118564535,I4210155092,1,1,2023,W4389403907,1.0
I118564535,I44829897,1,1,2023,W4389403907,1.0
I118564535,I51556381,1,1,2023,W4389403907,1.0
I118564535,I57206974,1,1,2023,W4389403907,1.0
I118564535,I88874673,1,1,2023,W4389403907,1.0
I118564535,I90326151,1,1,2023,W4389403907,1.0
I118564535,I97018004,1,1,2023,W4389403907,1.0
I118692353,I4210161471,1,1,2023,W4384807951,1.0
I118692353,I76130692,1,1,2023,W4384807951,1.0
I11880225,I154851008,1,1,2023,W4360851779,1.0
I11880225,I65181880,1,1,2023,W4360851779,1.0
I11880225,I4210118731,1,1,2023,W4365509478,1.0
I11883440,I160003610,1,1,2023,W4388582970,1.0
I11886867,I1331816111,1,1,2023,W4327981907,1.0
I11886867,I154130895,1,1,2023,W4327981907,1.0
I11886867,I156171363,1,1,2023,W4327981907,1.0
I11886867,I185492890,1,1,2023,W4327981907,1.0
I11886867,I41156924,1,1,2023,W4327981907,1.0
I11886867,I4210126461,1,1,2023,W4327981907,1.0
I11886867,I4210150450,1,1,2023,W4327981907,1.0
I11886867,I4210160517,1,1,2023,W4327981907,1.0
I11886867,I45935490,1,1,2023,W4327981907,1.0
I11886867,I52179390,1,1,2023,W4327981907,1.0
I11886867,I62912653,1,1,2023,W4327981907,1.0
I11886867,I80281795,1,1,2023,W4327981907,1.0
I118987531,I19820366,1,1,2023,W4381800089,1.0
I118987531,I4210099079,1,1,2023,W4381800089,1.0
I119004910,I17145004,1,1,2023,W4382677657,1.0
I119004910,I159948400,1,1,2023,W4391097696,1.0
I119004910,I4210122543,1,1,2023,W4391097696,1.0
I119273862,I139660479,1,1,2023,W4387451632,1.0
I119273862,I13985625,1,1,2023,W4387451632,1.0
I119273862,I162868743,1,1,2023,W4387451632,1.0
I119273862,I4210124037,1,1,2023,W4387451632,1.0
I11932220,I123044942,2,2,2023,W4389669106;W4390591525,0.5
I11932220,I39343248,1,1,2023,W4389669106,1.0
I11932220,I55952717,1,1,2023,W4389669106,1.0
I119575151,I52357470,1,1,2023,W4388177220,1.0
I119744171,I99165933,1,1,2023,W4385192542,1.0
I11983389,I129162050,1,1,2023,W4387379065,1.0
I11983389,I150870154,1,1,2023,W4387379065,1.0
I11983389,I173093425,1,1,2023,W4387379065,1.0
I11983389,I173888879,1,1,2023,W4387379065,1.0
I11983389,I182000528,1,1,2023,W4387379065,1.0
I11983389,I193260172,1,1,2023,W4387379065,1.0
I11983389,I204778367,1,1,2023,W4387379065,1.0
I11983389,I22265921,1,1,2023,W4387379065,1.0
I11983389,I244572783,1,1,2023,W4387379065,1.0
I11983389,I27878738,1,1,2023,W4387379065,1.0
I11983389,I2801106189,1,1,2023,W4387379065,1.0
I11983389,I3122748864,1,1,2023,W4387379065,1.0
I11983389,I39586589,1,1,2023,W4387379065,1.0
I11983389,I4210134189,1,1,2023,W4387379065,1.0
I11983389,I4387930215,1,1,2023,W4387379065,1.0
I11983389,I55285296,1,1,2023,W4387379065,1.0
I11983389,I56007636,1,1,2023,W4387379065,1.0
I11983389,I60342839,1,1,2023,W4387379065,1.0
I11983389,I68891433,1,1,2023,W4387379065,1.0
I11983389,I79156528,1,1,2023,W4387379065,1.0
I11983389,I931278978,1,1,2023,W4387379065,1.0
I11983389,I931681460,1,1,2023,W4387379065,1.0
I11983389,I96413208,1,1,2023,W4387379065,1.0
I11983389,I67415387,1,1,2023,W4389942342,1.0
I119856527,I27483092,1,1,2023,W4366778173,1.0
I120125038,I154130895,1,1,2023,W4386807359,1.0
I12079687,I1343551460,3,3,2023,W4383737134;W4383860339;W4388725733,0.3333333333333333
I12079687,I138801177,3,3,2023,W4383737134;W4383860339;W4388725733,0.3333333333333333
I12079687,I177877127,1,1,2023,W4383737134,1.0
I12079687,I180291457,3,3,2023,W4383737134;W4383860339;W4388725733,0.3333333333333333
I12079687,I201384688,3,3,2023,W4383737134;W4383860339;W4388725733,0.3333333333333333
I12079687,I4210146979,2,2,2023,W4383737134;W4388725733,0.5
I12079687,I5400463,3,3,2023,W4383737134;W4383860339;W4388725733,0.3333333333333333
I12079687,I165779595,2,2,2023,W4383860339;W4388725733,0.5
I12079687,I4210142395,1,1,2023,W4383860339,1.0
I12079687,I244572783,1,1,2023,W4389746966,1.0
I12079687,I39586589,1,1,2023,W4389746966,1.0
I12093191,I165143802,2,2,2023,W4386225382;W4388534853,0.5
I12093191,I63525965,2,2,2023,W4386225382;W4388534853,0.5
I12097938,I164936912,1,1,2023,W4360591931,1.0
I12097938,I55732556,1,1,2023,W4360591931,1.0
I121058860,I130769515,1,1,2023,W4383301640,1.0
I121243025,I134276161,1,1,2023,W4363650973,1.0
I121243025,I151746803,1,1,2023,W4363650973,1.0
I121243025,I181063083,1,1,2023,W4363650973,1.0
I121243025,I28022161,1,1,2023,W4363650973,1.0
I121243025,I29698356,1,1,2023,W4363650973,1.0
I121243025,I4387154749,1,1,2023,W4363650973,1.0
I121243025,I76957882,1,1,2023,W4363650973,1.0
I121748325,I232005693,1,1,2023,W4389685420,1.0
I121748325,I2800562746,1,1,2023,W4389685420,1.0
I121748325,I2961216182,1,1,2023,W4389685420,1.0
I121748325,I4210097846,1,1,2023,W4389685420,1.0
I121748325,I4210152736,1,1,2023,W4389685420,1.0
I121797337,I162148367,1,1,2023,W4389519077,1.0
I121797337,I175594653,1,1,2023,W4389519077,1.0
I121797337,I154099455,2,2,2023,W4389523765;W4389524228,0.5
I121797337,I98301712,1,1,2023,W4389523765,1.0
I121797337,I1341640284,1,1,2023,W4389524228,1.0
I121797337,I4210113369,1,1,2023,W4389524228,1.0
I121799043,I141445968,1,1,2023,W4389955489,1.0
I121799043,I177738480,1,1,2023,W4389955489,1.0
I121820613,I146620803,1,1,2023,W4364377616,1.0
I121820613,I150229711,1,1,2023,W4364377616,1.0
I121820613,I178232147,1,1,2023,W4364377616,1.0
I121820613,I4400573270,1,1,2023,W4364377616,1.0
I121820613,I179026463,1,1,2023,W4389992156,1.0
I121820613,I29365675,1,1,2023,W4389992156,1.0
I121820613,I4210152380,1,1,2023,W4389992156,1.0
I121847817,I1317774081,1,1,2023,W4378905467,1.0
I121847817,I1326018075,1,1,2023,W4378905467,1.0
I121847817,I138006243,1,1,2023,W4378905467,1.0
I121847817,I138595864,1,1,2023,W4378905467,1.0
I121847817,I138690464,1,1,2023,W4378905467,1.0
I121847817,I141301092,1,1,2023,W4378905467,1.0
I121847817,I145236414,1,1,2023,W4378905467,1.0
I121847817,I149521062,1,1,2023,W4378905467,1.0
I121847817,I159176309,1,1,2023,W4378905467,1.0
I121847817,I161593684,1,1,2023,W4378905467,1.0
I121847817,I169108374,1,1,2023,W4378905467,1.0
I121847817,I174216632,2,2,2023,W4378905467;W4386510404,0.5
I121847817,I176453806,1,1,2023,W4378905467,1.0
I121847817,I193662353,1,1,2023,W4378905467,1.0
I121847817,I19820366,1,1,2023,W4378905467,1.0
I121847817,I201448701,1,1,2023,W4378905467,1.0
I121847817,I23923803,1,1,2023,W4378905467,1.0
I121847817,I25254941,1,1,2023,W4378905467,1.0
I121847817,I2799973717,1,1,2023,W4378905467,1.0
I121847817,I2800262456,1,1,2023,W4378905467,1.0
I121847817,I315704651,1,1,2023,W4378905467,1.0
I121847817,I4210092744,1,1,2023,W4378905467,1.0
I121847817,I4210099977,1,1,2023,W4378905467,1.0
I121847817,I4210102999,1,1,2023,W4378905467,1.0
I121847817,I4210106352,1,1,2023,W4378905467,1.0
I121847817,I4210106526,1,1,2023,W4378905467,1.0
I121847817,I4210117555,1,1,2023,W4378905467,1.0
I121847817,I4210122844,1,1,2023,W4378905467,1.0
I121847817,I4210137309,1,1,2023,W4378905467,1.0
I121847817,I4210139347,1,1,2023,W4378905467,1.0
I121847817,I4210141715,1,1,2023,W4378905467,1.0
I121847817,I4210165038,1,1,2023,W4378905467,1.0
I121847817,I5023651,1,1,2023,W4378905467,1.0
I121847817,I59270414,1,1,2023,W4378905467,1.0
I121847817,I60200437,1,1,2023,W4378905467,1.0
I121847817,I865915315,1,1,2023,W4378905467,1.0
I121847817,I881766915,1,1,2023,W4378905467,1.0
I121847817,I887064364,1,1,2023,W4378905467,1.0
I121847817,I913481162,1,1,2023,W4378905467,1.0
I121847817,I161301626,1,1,2023,W4386510404,1.0
I121847817,I55707380,1,1,2023,W4386510404,1.0
I121883995,I161318765,1,1,2023,W4386608660,1.0
I121883995,I19820366,1,1,2023,W4386608660,1.0
I121883995,I241749,1,1,2023,W4386608660,1.0
I121883995,I37796252,1,1,2023,W4386608660,1.0
I121883995,I4210094879,1,1,2023,W4386608660,1.0
I121883995,I4210116219,1,1,2023,W4386608660,1.0
I121883995,I4210140243,1,1,2023,W4386608660,1.0
I121883995,I4210151021,1,1,2023,W4386608660,1.0
I121883995,I4391012619,1,1,2023,W4386608660,1.0
I121883995,I55769427,1,1,2023,W4386608660,1.0
I121883995,I859038795,1,1,2023,W4386608660,1.0
I121883995,I161878677,1,1,2023,W4387717533,1.0
I121883995,I2801798921,1,1,2023,W4387717533,1.0
I121883995,I4210148560,1,1,2023,W4387717533,1.0
I121883995,I4210157875,1,1,2023,W4387717533,1.0
I121934306,I63966007,1,1,2023,W4366520892,1.0
I121980950,I72090969,1,1,2023,W4391096001,1.0
I122140584,I122266389,1,1,2023,W4384069115,1.0
I122140584,I141596103,1,1,2023,W4384069115,1.0
I122140584,I155381812,1,1,2023,W4384069115,1.0
I122140584,I4210166615,1,1,2023,W4384069115,1.0
I122140584,I43439940,1,1,2023,W4384069115,1.0
I122266389,I141596103,1,1,2023,W4384069115,1.0
I122266389,I155381812,1,1,2023,W4384069115,1.0
I122266389,I4210166615,1,1,2023,W4384069115,1.0
I122266389,I43439940,1,1,2023,W4384069115,1.0
I122346577,I1289019353,1,1,2023,W4388347957,1.0
I122346577,I1342924430,1,1,2023,W4388347957,1.0
I122346577,I165779595,1,1,2023,W4388347957,1.0
I122346577,I177725633,1,1,2023,W4388347957,1.0
I122346577,I17877952,1,1,2023,W4388347957,1.0
I122346577,I223822909,1,1,2023,W4388347957,1.0
I122346577,I2800288331,1,1,2023,W4388347957,1.0
I122346577,I2800555584,1,1,2023,W4388347957,1.0
I122346577,I2802164966,1,1,2023,W4388347957,1.0
I122346577,I2802965805,1,1,2023,W4388347957,1.0
I122346577,I2961216182,1,1,2023,W4388347957,1.0
I122346577,I3018771216,1,1,2023,W4388347957,1.0
I122346577,I4210094363,1,1,2023,W4388347957,1.0
I122346577,I4210106397,1,1,2023,W4388347957,1.0
I122346577,I4210114248,1,1,2023,W4388347957,1.0
I122346577,I4210119117,1,1,2023,W4388347957,1.0
I122346577,I4210143330,1,1,2023,W4388347957,1.0
I122346577,I4210151091,1,1,2023,W4388347957,1.0
I122346577,I4210153126,1,1,2023,W4388347957,1.0
I122346577,I4210153139,1,1,2023,W4388347957,1.0
I122346577,I4210156450,1,1,2023,W4388347957,1.0
I122346577,I99464096,1,1,2023,W4388347957,1.0
I122346577,I4210130157,1,1,2023,W4390873520,1.0
I122346577,I45084792,1,1,2023,W4390873520,1.0
I122411786,I162608824,2,2,2023,W4318245347;W4385954435,0.5
I122411786,I204337017,2,2,2023,W4318245347;W4385954435,0.5
I122411786,I241749,3,3,2023,W4318245347;W4385490607;W4385954435,0.3333333333333333
I122411786,I4210096386,2,2,2023,W4318245347;W4385954435,0.5
I122411786,I1294671590,1,1,2023,W4366454938,1.0
I122411786,I134560555,1,1,2023,W4366454938,1.0
I122411786,I142934699,1,1,2023,W4366454938,1.0
I122411786,I145311948,1,1,2023,W4366454938,1.0
I122411786,I154570441,1,1,2023,W4366454938,1.0
I122411786,I17626003,1,1,2023,W4366454938,1.0
I122411786,I17866349,1,1,2023,W4366454938,1.0
I122411786,I183974707,1,1,2023,W4366454938,1.0
I122411786,I205783295,2,2,2023,W4366454938;W4385490607,0.5
I122411786,I4210127646,1,1,2023,W4366454938,1.0
I122411786,I4210133362,1,1,2023,W4366454938,1.0
I122411786,I66946132,1,1,2023,W4366454938,1.0
I122411786,I70983195,1,1,2023,W4366454938,1.0
I122411786,I76903346,1,1,2023,W4366454938,1.0
I122411786,I130701444,1,1,2023,W4385490607,1.0
I122411786,I136199984,1,1,2023,W4385490607,1.0
I122411786,I157725225,1,1,2023,W4385490607,1.0
I122411786,I20089843,1,1,2023,W4385490607,1.0
I122411786,I27804330,1,1,2023,W4385490607,1.0
I122411786,I4210090411,1,1,2023,W4385490607,1.0
I122411786,I4210092658,1,1,2023,W4385490607,1.0
I122411786,I4210094983,1,1,2023,W4385490607,1.0
I122411786,I4210110431,1,1,2023,W4385490607,1.0
I122411786,I4210113297,1,1,2023,W4385490607,1.0
I122411786,I4210113369,1,1,2023,W4385490607,1.0
I122411786,I4210113480,1,1,2023,W4385490607,1.0
I122411786,I4210127875,2,2,2023,W4385490607;W4389686454,0.5
I122411786,I4210134579,1,1,2023,W4385490607,1.0
I122411786,I4210135670,1,1,2023,W4385490607,1.0
I122411786,I4210153546,1,1,2023,W4385490607,1.0
I122411786,I4210155419,1,1,2023,W4385490607,1.0
I122411786,I4210164802,1,1,2023,W4385490607,1.0
I122411786,I4210164862,1,1,2023,W4385490607,1.0
I122411786,I4387153999,1,1,2023,W4385490607,1.0
I122411786,I57206974,1,1,2023,W4385490607,1.0
I122411786,I63966007,1,1,2023,W4385490607,1.0
I122411786,I70931966,1,1,2023,W4385490607,1.0
I122411786,I74973139,1,1,2023,W4385490607,1.0
I122411786,I887064364,1,1,2023,W4385490607,1.0
I122411786,I97018004,1,1,2023,W4385490607,1.0
I122411786,I4210086490,1,1,2023,W4385954435,1.0
I122411786,I4577782,1,1,2023,W4385954435,1.0
I122411786,I1344073410,1,1,2023,W4388823372,1.0
I122411786,I1284598098,1,1,2023,W4389686454,1.0
I122411786,I130238516,1,1,2023,W4389686454,1.0
I122411786,I40347166,1,1,2023,W4389686454,1.0
I122411786,I4210126476,1,1,2023,W4389686454,1.0
I122411786,I95457486,1,1,2023,W4389686454,1.0
I122411786,I1291425158,1,1,2023,W4390874521,1.0
I122411786,I193531525,1,1,2023,W4392025629,1.0
I122411786,I47838141,1,1,2023,W4392025629,1.0
I122411786,I52357470,1,1,2023,W4392025629,1.0
I122571602,I1291425158,1,1,2023,W4387460165,1.0
I122571602,I165733156,1,1,2023,W4387460165,1.0
I122571602,I63190737,1,1,2023,W4387460165,1.0
I122571602,I97018004,1,1,2023,W4387460165,1.0
I122964287,I129162050,1,1,2023,W4360620450,1.0
I122964287,I134085113,1,1,2023,W4360620450,1.0
I122964287,I134140186,1,1,2023,W4360620450,1.0
I122964287,I142740786,1,1,2023,W4360620450,1.0
I122964287,I147554453,1,1,2023,W4360620450,1.0
I122964287,I150870154,1,1,2023,W4360620450,1.0
I122964287,I168719708,1,1,2023,W4360620450,1.0
I122964287,I169199633,1,1,2023,W4360620450,1.0
I122964287,I169335092,1,1,2023,W4360620450,1.0
I122964287,I171543936,1,1,2023,W4360620450,1.0
I122964287,I181369854,1,1,2023,W4360620450,1.0
I122964287,I181418319,1,1,2023,W4360620450,1.0
I122964287,I181565077,1,1,2023,W4360620450,1.0
I122964287,I181647926,1,1,2023,W4360620450,1.0
I122964287,I185163786,1,1,2023,W4360620450,1.0
I122964287,I188538660,1,1,2023,W4360620450,1.0
I122964287,I19648265,1,1,2023,W4360620450,1.0
I122964287,I204593131,1,1,2023,W4360620450,1.0
I122964287,I24027795,1,1,2023,W4360620450,1.0
I122964287,I244572783,1,1,2023,W4360620450,1.0
I122964287,I255234318,1,1,2023,W4360620450,1.0
I122964287,I25846049,1,1,2023,W4360620450,1.0
I122964287,I2613432,1,1,2023,W4360620450,1.0
I122964287,I27878738,1,1,2023,W4360620450,1.0
I122964287,I2802797706,1,1,2023,W4360620450,1.0
I122964287,I28407311,1,1,2023,W4360620450,1.0
I122964287,I31746571,1,1,2023,W4360620450,1.0
I122964287,I32394136,1,1,2023,W4360620450,1.0
I122964287,I36234482,1,1,2023,W4360620450,1.0
I122964287,I39586589,1,1,2023,W4360620450,1.0
I122964287,I4210131537,1,1,2023,W4360620450,1.0
I122964287,I4390039323,1,1,2023,W4360620450,1.0
I122964287,I4394709253,1,1,2023,W4360620450,1.0
I122964287,I44430492,1,1,2023,W4360620450,1.0
I122964287,I47818738,1,1,2023,W4360620450,1.0
I122964287,I55060895,1,1,2023,W4360620450,1.0
I122964287,I63098007,1,1,2023,W4360620450,1.0
I122964287,I68891433,1,1,2023,W4360620450,1.0
I122964287,I71052956,1,1,2023,W4360620450,1.0
I122964287,I78715868,1,1,2023,W4360620450,1.0
I122964287,I80281795,1,1,2023,W4360620450,1.0
I122964287,I91136226,1,1,2023,W4360620450,1.0
I122964287,I9300472,1,1,2023,W4360620450,1.0
I122964287,I931969281,1,1,2023,W4360620450,1.0
I122964287,I9360294,1,1,2023,W4360620450,1.0
I122964287,I98358874,1,1,2023,W4360620450,1.0
I122991210,I193223587,1,1,2023,W4382583857,1.0
I122991210,I4210155236,1,1,2023,W4382583857,1.0
I123044942,I39343248,1,1,2023,W4389669106,1.0
I123044942,I55952717,1,1,2023,W4389669106,1.0
I12315562,I143302722,1,1,2023,W4390596909,1.0
I12315562,I4210099251,1,1,2023,W4390596909,1.0
I12315562,I51504820,1,1,2023,W4391113953,1.0
I123431417,I1323778983,1,1,2023,W4365143687,1.0
I123431417,I136199984,1,1,2023,W4365143687,1.0
I123431417,I185261750,1,1,2023,W4365143687,1.0
I123431417,I2801851002,1,1,2023,W4365143687,1.0
I123431417,I32971472,1,1,2023,W4365143687,1.0
I123431417,I4210125326,1,1,2023,W4365143687,1.0
I123431417,I97018004,1,1,2023,W4365143687,1.0
I123431417,I4210114277,1,1,2023,W4383346782,1.0
I123534392,I93131583,5,5,2023,W4320011332;W4323848232;W4376126328;W4379057711;W4386729081,0.2
I123534392,I143247161,1,1,2023,W4323848232,1.0
I123534392,I4210151378,1,1,2023,W4323848232,1.0
I123534392,I82462995,1,1,2023,W4323848232,1.0
I123534392,I194019607,2,2,2023,W4376126328;W4379057711,0.5
I123534392,I5561750,2,2,2023,W4376126328;W4379057711,0.5
I123534392,I131651094,1,1,2023,W4381487157,1.0
I123534392,I165733156,1,1,2023,W4381487157,1.0
I123534392,I4210164937,1,1,2023,W4385571213,1.0
I123534392,I161106909,1,1,2023,W4386729081,1.0
I123534392,I26771391,1,1,2023,W4386729081,1.0
I123534392,I4210124208,1,1,2023,W4386729081,1.0
I123534392,I4210135161,1,1,2023,W4386729081,1.0
I123534392,I48018076,1,1,2023,W4386729081,1.0
I123534392,I79817857,1,1,2023,W4386729081,1.0
I123534392,I159129438,1,1,2023,W4411076153,1.0
I123534392,I67031392,1,1,2023,W4411076153,1.0
I123565023,I4210142079,1,1,2023,W4389147838,1.0
I12356871,I126744593,1,1,2023,W4386504863,1.0
I12356871,I145311948,1,1,2023,W4386504863,1.0
I12356871,I6059380,1,1,2023,W4386504863,1.0
I123900574,I1306409833,1,1,2023,W4386076458,1.0
I123900574,I2799891827,1,1,2023,W4386076458,1.0
I123900574,I74973139,1,1,2023,W4386076458,1.0
I123946342,I1292974536,1,1,2023,W4386251907,1.0
I123946342,I1282105669,1,1,2023,W4388581500,1.0
I123946342,I1282311441,1,1,2023,W4388581500,1.0
I123946342,I156087764,1,1,2023,W4388581500,1.0
I123946342,I173911158,1,1,2023,W4388581500,1.0
I124055696,I4210108625,1,1,2023,W4366598511,1.0
I124055696,I4210110987,1,1,2023,W4366598511,1.0
I124055696,I97018004,1,1,2023,W4366598511,1.0
I124055696,I98677209,1,1,2023,W4366598511,1.0
I124055696,I168635309,1,1,2023,W4381185465,1.0
I124055696,I2802567020,1,1,2023,W4381185465,1.0
I124055696,I2802709434,1,1,2023,W4381185465,1.0
I124055696,I4210099625,1,1,2023,W4381185465,1.0
I124055696,I136199984,1,1,2023,W4383302171,1.0
I124055696,I241749,1,1,2023,W4383302171,1.0
I124055696,I35440088,1,1,2023,W4383302171,1.0
I124055696,I4210119607,1,1,2023,W4385570455,1.0
I124055696,I4210134591,1,1,2023,W4385570455,1.0
I124055696,I4401726909,1,1,2023,W4385570455,1.0
I124055696,I861853513,1,1,2023,W4385570455,1.0
I124055696,I926574661,1,1,2023,W4385570455,1.0
I124055696,I150229711,2,2,2023,W4386567020;W4389520705,0.5
I124055696,I31512782,1,1,2023,W4386567020,1.0
I124055696,I47720641,1,1,2023,W4386567020,1.0
I124055696,I90610280,1,1,2023,W4386567020,1.0
I124055696,I4210087053,1,1,2023,W4386568614,1.0
I124055696,I4210110431,1,1,2023,W4386568614,1.0
I124055696,I4210164937,1,1,2023,W4386568614,1.0
I124055696,I75951250,1,1,2023,W4386568614,1.0
I124055696,I887064364,1,1,2023,W4386568614,1.0
I124055696,I16391192,1,1,2023,W4390871835,1.0
I124357947,I126231945,1,1,2023,W4386697749,1.0
I124357947,I1289784979,1,1,2023,W4386697749,1.0
I124357947,I130828816,1,1,2023,W4386697749,1.0
I124357947,I1308923049,1,1,2023,W4386697749,1.0
I124357947,I1324925910,1,1,2023,W4386697749,1.0
I124357947,I1325675289,1,1,2023,W4386697749,1.0
I124357947,I146655781,1,1,2023,W4386697749,1.0
I124357947,I150209017,1,1,2023,W4386697749,1.0
I124357947,I165862685,1,1,2023,W4386697749,1.0
I124357947,I177639307,1,1,2023,W4386697749,1.0
I124357947,I183935753,1,1,2023,W4386697749,1.0
I124357947,I201448701,1,1,2023,W4386697749,1.0
I124357947,I205051169,1,1,2023,W4386697749,1.0
I124357947,I23923803,1,1,2023,W4386697749,1.0
I124357947,I2799390153,1,1,2023,W4386697749,1.0
I124357947,I2802266942,1,1,2023,W4386697749,1.0
I124357947,I2802775644,1,1,2023,W4386697749,1.0
I124357947,I28407311,1,1,2023,W4386697749,1.0
I124357947,I36234482,1,1,2023,W4386697749,1.0
I124357947,I40120149,1,1,2023,W4386697749,1.0
I124357947,I4210111135,1,1,2023,W4386697749,1.0
I124357947,I4210126452,1,1,2023,W4386697749,1.0
I124357947,I4210140114,1,1,2023,W4386697749,1.0
I124357947,I4210150574,1,1,2023,W4386697749,1.0
I124357947,I43439940,1,1,2023,W4386697749,1.0
I124357947,I45129253,1,1,2023,W4386697749,1.0
I124357947,I7882870,1,1,2023,W4386697749,1.0
I124357947,I79510175,1,1,2023,W4386697749,1.0
I124357947,I79619799,1,1,2023,W4386697749,1.0
I124357947,I84884186,1,1,2023,W4386697749,1.0
I124357947,I98677209,1,1,2023,W4386697749,1.0
I124357947,I1289142772,1,1,2023,W4387408850,1.0
I124357947,I1291431925,1,1,2023,W4387408850,1.0
I124357947,I1303444417,1,1,2023,W4387408850,1.0
I124357947,I197610006,1,1,2023,W4387408850,1.0
I124357947,I241749,1,1,2023,W4387408850,1.0
I124357947,I2802488147,1,1,2023,W4387408850,1.0
I124357947,I2802641067,1,1,2023,W4387408850,1.0
I124357947,I28046988,1,1,2023,W4387408850,1.0
I124357947,I4210099137,1,1,2023,W4387408850,1.0
I124357947,I4210118727,1,1,2023,W4387408850,1.0
I124601658,I4210129405,1,1,2023,W4323050332,1.0
I124601658,I4210141868,1,1,2023,W4323050332,1.0
I125133608,I172675005,1,1,2023,W4385570371,1.0
I125133608,I192455969,1,1,2023,W4385570371,1.0
I12524447,I127328727,1,1,2023,W4391062620,1.0
I12524447,I196272386,1,1,2023,W4391062620,1.0
I12524447,I72090969,1,1,2023,W4391062620,1.0
I125680101,I98677209,1,1,2023,W4386246859,1.0
I125680101,I1292875679,1,1,2023,W4390135262,1.0
I125680101,I129801699,1,1,2023,W4390135262,1.0
I125680101,I177877127,1,1,2023,W4390135262,1.0
I125680101,I203238179,1,1,2023,W4390135262,1.0
I125680101,I28407311,1,1,2023,W4390135262,1.0
I125680101,I4210089853,1,1,2023,W4390135262,1.0
I125680101,I4210128584,1,1,2023,W4390135262,1.0
I125680101,I4210146430,1,1,2023,W4390135262,1.0
I125680101,I4210155937,1,1,2023,W4390135262,1.0
I125680101,I4210160376,1,1,2023,W4390135262,1.0
I125749732,I126231945,1,1,2023,W4383913712,1.0
I125749732,I12870472,1,1,2023,W4383913712,1.0
I125749732,I1289910757,1,1,2023,W4383913712,1.0
I125749732,I129162050,1,1,2023,W4383913712,1.0
I125749732,I169199633,1,1,2023,W4383913712,1.0
I125749732,I18014758,1,1,2023,W4383913712,1.0
I125749732,I183935753,1,1,2023,W4383913712,1.0
I125749732,I1925986,1,1,2023,W4383913712,1.0
I125749732,I193531525,1,1,2023,W4383913712,1.0
I125749732,I193662353,1,1,2023,W4383913712,1.0
I125749732,I193700539,1,1,2023,W4383913712,1.0
I125749732,I205274468,1,1,2023,W4383913712,1.0
I125749732,I3133184724,1,1,2023,W4383913712,1.0
I125749732,I4210119896,1,1,2023,W4383913712,1.0
I125749732,I51601045,1,1,2023,W4383913712,1.0
I125749732,I56590836,1,1,2023,W4383913712,1.0
I125749732,I60733029,1,1,2023,W4383913712,1.0
I125749732,I71052956,1,1,2023,W4383913712,1.0
I125749732,I79619799,1,1,2023,W4383913712,1.0
I125749732,I82284825,1,1,2023,W4383913712,1.0
I125749732,I84884186,1,1,2023,W4383913712,1.0
I125839683,I157773358,1,1,2023,W4377043947,1.0
I125839683,I4210100255,1,1,2023,W4386076522,1.0
I125839683,I47720641,1,1,2023,W4386076522,1.0
I125839683,I76130692,1,1,2023,W4386076522,1.0
I125839683,I19820366,1,1,2023,W4386158744,1.0
I125839683,I4210090176,1,1,2023,W4386158744,1.0
I125839683,I4210154505,1,1,2023,W4386158744,1.0
I126131087,I4210100923,1,1,2023,W4367053831,1.0
I12615008,I141568987,1,1,2023,W4389506861,1.0
I12615008,I162868743,1,1,2023,W4389506861,1.0
I12615008,I25254941,1,1,2023,W4389506861,1.0
I12615008,I2800372957,1,1,2023,W4389506861,1.0
I12615008,I4401726859,1,1,2023,W4389506861,1.0
I12615008,I98301712,1,1,2023,W4389506861,1.0
I12615008,I135191193,1,1,2023,W4390224967,1.0
I12615008,I19820366,1,1,2023,W4390224967,1.0
I12615008,I4210094879,1,1,2023,W4390224967,1.0
I12615008,I55769427,1,1,2023,W4390224967,1.0
I126158947,I12870472,1,1,2023,W4389696050,1.0
I126158947,I142899784,1,1,2023,W4389696050,1.0
I126158947,I169108374,1,1,2023,W4389696050,1.0
I126158947,I186129607,1,1,2023,W4389696050,1.0
I126158947,I188329596,1,1,2023,W4389696050,1.0
I126158947,I200650556,1,1,2023,W4389696050,1.0
I126158947,I20126385,1,1,2023,W4389696050,1.0
I126158947,I201448701,1,1,2023,W4389696050,1.0
I126158947,I202697423,1,1,2023,W4389696050,1.0
I126158947,I204778367,1,1,2023,W4389696050,1.0
I126158947,I23946033,1,1,2023,W4389696050,1.0
I126158947,I32389192,1,1,2023,W4389696050,1.0
I126158947,I33858575,1,1,2023,W4389696050,1.0
I126158947,I40434647,1,1,2023,W4389696050,1.0
I126158947,I4210087936,1,1,2023,W4389696050,1.0
I126158947,I4210095594,1,1,2023,W4389696050,1.0
I126158947,I4210113179,1,1,2023,W4389696050,1.0
I126158947,I4210127871,1,1,2023,W4389696050,1.0
I126158947,I4210134505,1,1,2023,W4389696050,1.0
I126158947,I4210137813,1,1,2023,W4389696050,1.0
I126158947,I4210151290,1,1,2023,W4389696050,1.0
I126158947,I4210161436,1,1,2023,W4389696050,1.0
I126158947,I49828101,1,1,2023,W4389696050,1.0
I126158947,I51235708,1,1,2023,W4389696050,1.0
I126158947,I54316950,1,1,2023,W4389696050,1.0
I126158947,I73417466,1,1,2023,W4389696050,1.0
I126158947,I80810150,1,1,2023,W4389696050,1.0
I126158947,I83259278,1,1,2023,W4389696050,1.0
I126158947,I83816512,1,1,2023,W4389696050,1.0
I126158947,I85507684,1,1,2023,W4389696050,1.0
I126158947,I8636806,1,1,2023,W4389696050,1.0
I126231945,I12870472,1,1,2023,W4383913712,1.0
I126231945,I1289910757,1,1,2023,W4383913712,1.0
I126231945,I129162050,1,1,2023,W4383913712,1.0
I126231945,I169199633,1,1,2023,W4383913712,1.0
I126231945,I18014758,1,1,2023,W4383913712,1.0
I126231945,I183935753,2,2,2023,W4383913712;W4386697749,0.5
I126231945,I1925986,1,1,2023,W4383913712,1.0
I126231945,I193531525,1,1,2023,W4383913712,1.0
I126231945,I193662353,1,1,2023,W4383913712,1.0
I126231945,I193700539,1,1,2023,W4383913712,1.0
I126231945,I205274468,1,1,2023,W4383913712,1.0
I126231945,I3133184724,1,1,2023,W4383913712,1.0
I126231945,I4210119896,1,1,2023,W4383913712,1.0
I126231945,I51601045,1,1,2023,W4383913712,1.0
I126231945,I56590836,1,1,2023,W4383913712,1.0
I126231945,I60733029,1,1,2023,W4383913712,1.0
I126231945,I71052956,1,1,2023,W4383913712,1.0
I126231945,I79619799,2,2,2023,W4383913712;W4386697749,0.5
I126231945,I82284825,1,1,2023,W4383913712,1.0
I126231945,I84884186,2,2,2023,W4383913712;W4386697749,0.5
I126231945,I1289784979,1,1,2023,W4386697749,1.0
I126231945,I130828816,1,1,2023,W4386697749,1.0
I126231945,I1308923049,1,1,2023,W4386697749,1.0
I126231945,I1324925910,1,1,2023,W4386697749,1.0
I126231945,I1325675289,1,1,2023,W4386697749,1.0
I126231945,I146655781,1,1,2023,W4386697749,1.0
I126231945,I150209017,1,1,2023,W4386697749,1.0
I126231945,I165862685,1,1,2023,W4386697749,1.0
I126231945,I177639307,1,1,2023,W4386697749,1.0
I126231945,I201448701,1,1,2023,W4386697749,1.0
I126231945,I205051169,1,1,2023,W4386697749,1.0
I126231945,I23923803,1,1,2023,W4386697749,1.0
I126231945,I2799390153,1,1,2023,W4386697749,1.0
I126231945,I2802266942,1,1,2023,W4386697749,1.0
I126231945,I2802775644,1,1,2023,W4386697749,1.0
I126231945,I28407311,1,1,2023,W4386697749,1.0
I126231945,I36234482,1,1,2023,W4386697749,1.0
I126231945,I40120149,1,1,2023,W4386697749,1.0
I126231945,I4210111135,1,1,2023,W4386697749,1.0
I126231945,I4210126452,1,1,2023,W4386697749,1.0
I126231945,I4210140114,1,1,2023,W4386697749,1.0
I126231945,I4210150574,1,1,2023,W4386697749,1.0
I126231945,I43439940,1,1,2023,W4386697749,1.0
I126231945,I45129253,1,1,2023,W4386697749,1.0
I126231945,I7882870,1,1,2023,W4386697749,1.0
I126231945,I79510175,1,1,2023,W4386697749,1.0
I126231945,I98677209,1,1,2023,W4386697749,1.0
I126307644,I141945490,1,1,2023,W4386350524,1.0
I126307644,I2800214375,1,1,2023,W4386350524,1.0
I126307644,I4210096112,1,1,2023,W4386350524,1.0
I126307644,I4210096394,1,1,2023,W4386350524,1.0
I126307644,I4210116924,1,1,2023,W4386350524,1.0
I126307644,I4210136188,1,1,2023,W4386350524,1.0
I126307644,I4210159575,1,1,2023,W4386350524,1.0
I126307644,I1333742007,1,1,2023,W4386572315,1.0
I126307644,I165690674,1,1,2023,W4386572315,1.0
I126307644,I173654999,1,1,2023,W4386572315,1.0
I126307644,I204308271,1,1,2023,W4386572315,1.0
I126307644,I241749,1,1,2023,W4386572315,1.0
I126307644,I2799299286,1,1,2023,W4386572315,1.0
I126307644,I36258959,1,1,2023,W4386572315,1.0
I126307644,I4210087915,1,1,2023,W4386572315,1.0
I126307644,I4210116917,1,1,2023,W4386572315,1.0
I126307644,I4210127055,1,1,2023,W4386572315,1.0
I126307644,I4210150574,1,1,2023,W4386572315,1.0
I126307644,I45129253,1,1,2023,W4386572315,1.0
I126307644,I51713134,1,1,2023,W4386572315,1.0
I126307644,I97018004,1,1,2023,W4386572315,1.0
I126307644,I98704320,1,1,2023,W4386572315,1.0
I126520041,I157725225,1,1,2023,W4378591002,1.0
I126520041,I16365422,2,2,2023,W4381853731;W4387969719,0.5
I126520041,I19820366,4,4,2023,W4381853731;W4384642600;W4385638369;W4386826663,0.25
I126520041,I2802624667,2,2,2023,W4381853731;W4386826663,0.5
I126520041,I4210089621,1,1,2023,W4381853731,1.0
I126520041,I4210145761,2,2,2023,W4384642600;W4385638369,0.5
I126520041,I45928872,1,1,2023,W4384642600,1.0
I126520041,I165932596,3,3,2023,W4384644330;W4386728933;W4386730022,0.3333333333333333
I126520041,I308837,1,1,2023,W4385567802,1.0
I126520041,I139759216,2,2,2023,W4385638369;W4389520477,0.5
I126520041,I154099455,1,1,2023,W4385638369,1.0
I126520041,I194450716,1,1,2023,W4385638369,1.0
I126520041,I2250955327,2,2,2023,W4385638369;W4387969719,0.5
I126520041,I37461747,1,1,2023,W4385638369,1.0
I126520041,I4210090176,1,1,2023,W4385638369,1.0
I126520041,I4210100255,1,1,2023,W4385638369,1.0
I126520041,I4210136497,1,1,2023,W4385638369,1.0
I126520041,I76130692,1,1,2023,W4385638369,1.0
I126520041,I78988378,1,1,2023,W4385638369,1.0
I126520041,I90610280,1,1,2023,W4385638369,1.0
I126520041,I99065089,1,1,2023,W4385638369,1.0
I126520041,I4210113369,3,3,2023,W4385654416;W4386083141;W4390873235,0.3333333333333333
I126520041,I162868743,1,1,2023,W4386071540,1.0
I126520041,I79891267,1,1,2023,W4386148430,1.0
I126520041,I4210135175,1,1,2023,W4386826663,1.0
I126520041,I3923682,1,1,2023,W4387426216,1.0
I126520041,I4210099586,1,1,2023,W4387426216,1.0
I126520041,I4210116924,1,1,2023,W4387426216,1.0
I126520041,I157773358,2,2,2023,W4387969239;W4387969545,0.5
I126520041,I24943067,1,1,2023,W4388189411,1.0
I126520041,I200769079,1,1,2023,W4388874804,1.0
I126520041,I80947539,1,1,2023,W4388874804,1.0
I126520041,I4210105595,1,1,2023,W4390873235,1.0
I126520041,I4210137491,1,1,2023,W4390873235,1.0
I126527374,I184139950,1,1,2023,W4388607255,1.0
I126633494,I182202855,1,1,2023,W4390283806,1.0
I126633494,I202735123,1,1,2023,W4390283806,1.0
I126633494,I94625822,1,1,2023,W4390283806,1.0
I126744593,I1299303238,1,1,2023,W4381469233,1.0
I126744593,I145311948,2,2,2023,W4381469233;W4386504863,0.5
I126744593,I2799853436,1,1,2023,W4381469233,1.0
I126744593,I66946132,1,1,2023,W4381469233,1.0
I126744593,I160606119,1,1,2023,W4386207798,1.0
I126744593,I39422238,1,1,2023,W4386207798,1.0
I126744593,I4210114319,1,1,2023,W4386207798,1.0
I126744593,I70640408,1,1,2023,W4386207798,1.0
I126744593,I83909951,1,1,2023,W4386207798,1.0
I126744593,I6059380,1,1,2023,W4386504863,1.0
I126820664,I12912129,1,1,2023,W4386722112,1.0
I126820664,I4210159271,1,1,2023,W4386722112,1.0
I126859394,I129902397,1,1,2023,W4388540984,1.0
I126859394,I1325899441,1,1,2023,W4388540984,1.0
I126859394,I154425047,1,1,2023,W4388540984,1.0
I126859394,I185261750,1,1,2023,W4388540984,1.0
I126859394,I2799376586,1,1,2023,W4388540984,1.0
I126859394,I2800925808,1,1,2023,W4388540984,1.0
I126859394,I2802285097,1,1,2023,W4388540984,1.0
I126859394,I4399598460,1,1,2023,W4388540984,1.0
I127328727,I196272386,1,1,2023,W4391062620,1.0
I127328727,I72090969,1,1,2023,W4391062620,1.0
I127439422,I145894827,1,1,2023,W4388019161,1.0
I127439422,I26072440,1,1,2023,W4388019161,1.0
I127439422,I3131870445,1,1,2023,W4388019161,1.0
I127439422,I4210152718,1,1,2023,W4388019161,1.0
I127439422,I4387153068,1,1,2023,W4388019161,1.0
I127591826,I190134885,1,1,2023,W4380879558,1.0
I127591826,I83328450,1,1,2023,W4380879558,1.0
I1280581677,I1291425158,1,1,2023,W4389736946,1.0
I1280581677,I1304256225,1,1,2023,W4389736946,1.0
I1280581677,I135310074,1,1,2023,W4389736946,1.0
I1280581677,I151746483,1,1,2023,W4389736946,1.0
I1280581677,I157725225,1,1,2023,W4389736946,1.0
I1280581677,I2803209242,1,1,2023,W4389736946,1.0
I1280581677,I36258959,1,1,2023,W4389736946,1.0
I1280581677,I4210114312,1,1,2023,W4389736946,1.0
I1280581677,I4210164146,1,1,2023,W4389736946,1.0
I1280581677,I66946132,1,1,2023,W4389736946,1.0
I1280581677,I889937125,1,1,2023,W4389736946,1.0
I1280581677,I95457486,1,1,2023,W4389736946,1.0
I1280581677,I97018004,1,1,2023,W4389736946,1.0
I1282105669,I1330165540,2,2,2023,W4380686968;W4385671288,0.5
I1282105669,I148283060,2,2,2023,W4380686968;W4385671288,0.5
I1282105669,I161318765,2,2,2023,W4380686968;W4385671288,0.5
I1282105669,I170897317,2,2,2023,W4380686968;W4385671288,0.5
I1282105669,I201448701,2,2,2023,W4380686968;W4385671288,0.5
I1282105669,I241749,2,2,2023,W4380686968;W4385671288,0.5
I1282105669,I2800220363,1,1,2023,W4380686968,1.0
I1282105669,I2801081054,2,2,2023,W4380686968;W4385671288,0.5
I1282105669,I2802212502,1,1,2023,W4380686968,1.0
I1282105669,I36194607,1,1,2023,W4380686968,1.0
I1282105669,I39422238,1,1,2023,W4380686968,1.0
I1282105669,I40347166,3,3,2023,W4380686968;W4385481791;W4385671288,0.3333333333333333
I1282105669,I4210094653,1,1,2023,W4380686968,1.0
I1282105669,I4210095073,1,1,2023,W4380686968,1.0
I1282105669,I4210107755,1,1,2023,W4380686968,1.0
I1282105669,I4210110490,2,2,2023,W4380686968;W4385671288,0.5
I1282105669,I4210121988,2,2,2023,W4380686968;W4385671288,0.5
I1282105669,I4210132596,1,1,2023,W4380686968,1.0
I1282105669,I4210138199,1,1,2023,W4380686968,1.0
I1282105669,I4210147263,2,2,2023,W4380686968;W4385671288,0.5
I1282105669,I5023651,2,2,2023,W4380686968;W4385671288,0.5
I1282105669,I5124864,2,2,2023,W4380686968;W4385671288,0.5
I1282105669,I5388228,2,2,2023,W4380686968;W4385671288,0.5
I1282105669,I54166199,1,1,2023,W4380686968,1.0
I1282105669,I63966007,2,2,2023,W4380686968;W4385671288,0.5
I1282105669,I95457486,2,2,2023,W4380686968;W4385671288,0.5
I1282105669,I95674353,2,2,2023,W4380686968;W4385671288,0.5
I1282105669,I1321296531,1,1,2023,W4385671288,1.0
I1282105669,I135310074,1,1,2023,W4385671288,1.0
I1282105669,I40695006,1,1,2023,W4385671288,1.0
I1282105669,I4210149682,1,1,2023,W4385671288,1.0
I1282105669,I1282311441,1,1,2023,W4388581500,1.0
I1282105669,I156087764,1,1,2023,W4388581500,1.0
I1282105669,I173911158,1,1,2023,W4388581500,1.0
I1282311441,I74973139,1,1,2023,W4385953935,1.0
I1282311441,I57206974,1,1,2023,W4387560543,1.0
I1282311441,I66946132,1,1,2023,W4387560543,1.0
I1282311441,I156087764,1,1,2023,W4388581500,1.0
I1282311441,I173911158,1,1,2023,W4388581500,1.0
I1282311441,I204465549,1,1,2023,W4390872720,1.0
I1282927834,I36234482,3,3,2023,W4319455199;W4367175507;W4372348574,0.3333333333333333
I1282927834,I2800154431,1,1,2023,W4367175507,1.0
I1282927834,I193181351,1,1,2023,W4372348574,1.0
I1282927834,I2802835388,1,1,2023,W4372348574,1.0
I1282927834,I4210111013,1,1,2023,W4372348574,1.0
I1282927834,I4210120508,1,1,2023,W4372348574,1.0
I1282927834,I4210125099,1,1,2023,W4372348574,1.0
I1282927834,I79576946,1,1,2023,W4384200891,1.0
I1282927834,I204250578,1,1,2023,W4390401586,1.0
I12832649,I67900169,1,1,2023,W4387211904,1.0
I12832649,I89015989,1,1,2023,W4387211904,1.0
I12832649,I4921948,1,1,2023,W4389795202,1.0
I12832649,I97018004,1,1,2023,W4389795202,1.0
I12832649,I179331831,1,1,2023,W4390266739,1.0
I12832649,I28022161,1,1,2023,W4390266739,1.0
I12832649,I4210118729,1,1,2023,W4390266739,1.0
I12832649,I4210154218,1,1,2023,W4390266739,1.0
I12832649,I87482320,1,1,2023,W4390266739,1.0
I1283280774,I136199984,5,5,2023,W4318765555;W4384457683;W4386447283;W4387811276;W4389205282,0.2
I1283280774,I4210092658,1,1,2023,W4318765555,1.0
I1283280774,I1308683654,1,1,2023,W4384457683,1.0
I1283280774,I1316535847,2,2,2023,W4384457683;W4389917881,0.5
I1283280774,I1344076864,1,1,2023,W4384457683,1.0
I1283280774,I150468666,2,2,2023,W4384457683;W4389917881,0.5
I1283280774,I180670191,1,1,2023,W4384457683,1.0
I1283280774,I2799899409,1,1,2023,W4384457683,1.0
I1283280774,I2801248553,1,1,2023,W4384457683,1.0
I1283280774,I4210101190,1,1,2023,W4384457683,1.0
I1283280774,I4210137306,2,2,2023,W4384457683;W4389917881,0.5
I1283280774,I4210167126,2,2,2023,W4384457683;W4389917881,0.5
I1283280774,I4387154595,1,1,2023,W4384457683,1.0
I1283280774,I63966007,2,2,2023,W4384457683;W4389917881,0.5
I1283280774,I97018004,3,3,2023,W4384457683;W4388695129;W4389917881,0.3333333333333333
I1283280774,I204337017,1,1,2023,W4386447283,1.0
I1283280774,I2802335433,1,1,2023,W4386447283,1.0
I1283280774,I34352273,1,1,2023,W4386447283,1.0
I1283280774,I4210087915,3,3,2023,W4386447283;W4388695129;W4389205282,0.3333333333333333
I1283280774,I4210117453,1,1,2023,W4386447283,1.0
I1283280774,I4210161994,1,1,2023,W4386447283,1.0
I1283280774,I4210164862,1,1,2023,W4386447283,1.0
I1283280774,I12912129,1,1,2023,W4386644279,1.0
I1283280774,I161046081,1,1,2023,W4387811276,1.0
I1283280774,I2802542264,1,1,2023,W4387811276,1.0
I1283280774,I4210092841,1,1,2023,W4387811276,1.0
I1283280774,I4210126310,1,1,2023,W4387811276,1.0
I1283280774,I4210145679,1,1,2023,W4387811276,1.0
I1283280774,I1314596251,1,1,2023,W4388695129,1.0
I1283280774,I186667990,1,1,2023,W4388695129,1.0
I1283280774,I196272386,1,1,2023,W4388695129,1.0
I1283280774,I27804330,1,1,2023,W4388695129,1.0
I1283280774,I2800446032,1,1,2023,W4388695129,1.0
I1283280774,I4210134769,1,1,2023,W4388695129,1.0
I1283280774,I40347166,1,1,2023,W4389205282,1.0
I1283595831,I63966007,1,1,2023,W2007444716,1.0
I1284598098,I2802406489,2,2,2023,W4387393188;W4387406013,0.5
I1284598098,I4210126476,3,3,2023,W4387393188;W4387406013;W4389686454,0.3333333333333333
I1284598098,I95457486,3,3,2023,W4387393188;W4387406013;W4389686454,0.3333333333333333
I1284598098,I130238516,1,1,2023,W4389686454,1.0
I1284598098,I40347166,1,1,2023,W4389686454,1.0
I1284598098,I4210127875,1,1,2023,W4389686454,1.0
I1285764155,I23944027,1,1,2023,W4388277090,1.0
I1285764155,I25871817,1,1,2023,W4388277090,1.0
I1285764155,I2801987317,1,1,2023,W4388277090,1.0
I1285764155,I33213144,1,1,2023,W4388277090,1.0
I1285764155,I98677209,1,1,2023,W4388277090,1.0
I1285944625,I168864056,1,1,2023,W4388194725,1.0
I1285944625,I79576946,1,1,2023,W4388194725,1.0
I1285985921,I4210091874,1,1,2023,W4387774216,1.0
I1286329397,I4210130642,1,1,2023,W4387113757,1.0
I1286329397,I4391767831,1,1,2023,W4387113757,1.0
I1286329397,I55732556,2,2,2023,W4387113757;W4388834734,0.5
I12870472,I1289910757,1,1,2023,W4383913712,1.0
I12870472,I129162050,1,1,2023,W4383913712,1.0
I12870472,I169199633,1,1,2023,W4383913712,1.0
I12870472,I18014758,1,1,2023,W4383913712,1.0
I12870472,I183935753,1,1,2023,W4383913712,1.0
I12870472,I1925986,1,1,2023,W4383913712,1.0
I12870472,I193531525,1,1,2023,W4383913712,1.0
I12870472,I193662353,1,1,2023,W4383913712,1.0
I12870472,I193700539,1,1,2023,W4383913712,1.0
I12870472,I205274468,1,1,2023,W4383913712,1.0
I12870472,I3133184724,1,1,2023,W4383913712,1.0
I12870472,I4210119896,1,1,2023,W4383913712,1.0
I12870472,I51601045,1,1,2023,W4383913712,1.0
I12870472,I56590836,1,1,2023,W4383913712,1.0
I12870472,I60733029,1,1,2023,W4383913712,1.0
I12870472,I71052956,1,1,2023,W4383913712,1.0
I12870472,I79619799,1,1,2023,W4383913712,1.0
I12870472,I82284825,1,1,2023,W4383913712,1.0
I12870472,I84884186,1,1,2023,W4383913712,1.0
I12870472,I142899784,1,1,2023,W4389696050,1.0
I12870472,I169108374,1,1,2023,W4389696050,1.0
I12870472,I186129607,1,1,2023,W4389696050,1.0
I12870472,I188329596,1,1,2023,W4389696050,1.0
I12870472,I200650556,1,1,2023,W4389696050,1.0
I12870472,I20126385,1,1,2023,W4389696050,1.0
I12870472,I201448701,1,1,2023,W4389696050,1.0
I12870472,I202697423,1,1,2023,W4389696050,1.0
I12870472,I204778367,1,1,2023,W4389696050,1.0
I12870472,I23946033,1,1,2023,W4389696050,1.0
I12870472,I32389192,1,1,2023,W4389696050,1.0
I12870472,I33858575,1,1,2023,W4389696050,1.0
I12870472,I40434647,1,1,2023,W4389696050,1.0
I12870472,I4210087936,1,1,2023,W4389696050,1.0
I12870472,I4210095594,1,1,2023,W4389696050,1.0
I12870472,I4210113179,1,1,2023,W4389696050,1.0
I12870472,I4210127871,1,1,2023,W4389696050,1.0
I12870472,I4210134505,1,1,2023,W4389696050,1.0
I12870472,I4210137813,1,1,2023,W4389696050,1.0
I12870472,I4210151290,1,1,2023,W4389696050,1.0
I12870472,I4210161436,1,1,2023,W4389696050,1.0
I12870472,I49828101,1,1,2023,W4389696050,1.0
I12870472,I51235708,1,1,2023,W4389696050,1.0
I12870472,I54316950,1,1,2023,W4389696050,1.0
I12870472,I73417466,1,1,2023,W4389696050,1.0
I12870472,I80810150,1,1,2023,W4389696050,1.0
I12870472,I83259278,1,1,2023,W4389696050,1.0
I12870472,I83816512,1,1,2023,W4389696050,1.0
I12870472,I85507684,1,1,2023,W4389696050,1.0
I12870472,I8636806,1,1,2023,W4389696050,1.0
I1287163989,I136199984,1,1,2023,W4376637945,1.0
I1287163989,I55769427,1,1,2023,W4376637945,1.0
I1288882113,I13955877,1,1,2023,W4390202391,1.0
I1288882113,I47508984,1,1,2023,W4390202391,1.0
I1289019353,I1342924430,1,1,2023,W4388347957,1.0
I1289019353,I165779595,1,1,2023,W4388347957,1.0
I1289019353,I177725633,1,1,2023,W4388347957,1.0
I1289019353,I17877952,1,1,2023,W4388347957,1.0
I1289019353,I223822909,1,1,2023,W4388347957,1.0
I1289019353,I2800288331,1,1,2023,W4388347957,1.0
I1289019353,I2800555584,1,1,2023,W4388347957,1.0
I1289019353,I2802164966,1,1,2023,W4388347957,1.0
I1289019353,I2802965805,1,1,2023,W4388347957,1.0
I1289019353,I2961216182,1,1,2023,W4388347957,1.0
I1289019353,I3018771216,1,1,2023,W4388347957,1.0
I1289019353,I4210094363,1,1,2023,W4388347957,1.0
I1289019353,I4210106397,1,1,2023,W4388347957,1.0
I1289019353,I4210114248,1,1,2023,W4388347957,1.0
I1289019353,I4210119117,1,1,2023,W4388347957,1.0
I1289019353,I4210143330,1,1,2023,W4388347957,1.0
I1289019353,I4210151091,1,1,2023,W4388347957,1.0
I1289019353,I4210153126,1,1,2023,W4388347957,1.0
I1289019353,I4210153139,1,1,2023,W4388347957,1.0
I1289019353,I4210156450,1,1,2023,W4388347957,1.0
I1289019353,I99464096,1,1,2023,W4388347957,1.0
I1289142772,I1291431925,1,1,2023,W4387408850,1.0
I1289142772,I1303444417,1,1,2023,W4387408850,1.0
I1289142772,I197610006,1,1,2023,W4387408850,1.0
I1289142772,I241749,1,1,2023,W4387408850,1.0
I1289142772,I2802488147,1,1,2023,W4387408850,1.0
I1289142772,I2802641067,1,1,2023,W4387408850,1.0
I1289142772,I28046988,1,1,2023,W4387408850,1.0
I1289142772,I4210099137,1,1,2023,W4387408850,1.0
I1289142772,I4210118727,1,1,2023,W4387408850,1.0
I1289243028,I33213144,1,1,2023,W4387803927,1.0
I1289243028,I4210120373,1,1,2023,W4387803927,1.0
I1289243028,I4388482696,1,1,2023,W4387803927,1.0
I1289437631,I1335321130,1,1,2023,W4385848332,1.0
I1289437631,I78577930,1,1,2023,W4385848332,1.0
I1289437631,I79576946,1,1,2023,W4385848332,1.0
I1289530486,I136199984,1,1,2023,W4319299947,1.0
I1289530486,I141945490,1,1,2023,W4319299947,1.0
I1289530486,I83019370,1,1,2023,W4319299947,1.0
I1289784979,I130828816,1,1,2023,W4386697749,1.0
I1289784979,I1308923049,1,1,2023,W4386697749,1.0
I1289784979,I1324925910,1,1,2023,W4386697749,1.0
I1289784979,I1325675289,1,1,2023,W4386697749,1.0
I1289784979,I146655781,1,1,2023,W4386697749,1.0
I1289784979,I150209017,1,1,2023,W4386697749,1.0
I1289784979,I165862685,1,1,2023,W4386697749,1.0
I1289784979,I177639307,1,1,2023,W4386697749,1.0
I1289784979,I183935753,1,1,2023,W4386697749,1.0
I1289784979,I201448701,1,1,2023,W4386697749,1.0
I1289784979,I205051169,1,1,2023,W4386697749,1.0
I1289784979,I23923803,1,1,2023,W4386697749,1.0
I1289784979,I2799390153,1,1,2023,W4386697749,1.0
I1289784979,I2802266942,1,1,2023,W4386697749,1.0
I1289784979,I2802775644,1,1,2023,W4386697749,1.0
I1289784979,I28407311,1,1,2023,W4386697749,1.0
I1289784979,I36234482,1,1,2023,W4386697749,1.0
I1289784979,I40120149,1,1,2023,W4386697749,1.0
I1289784979,I4210111135,1,1,2023,W4386697749,1.0
I1289784979,I4210126452,1,1,2023,W4386697749,1.0
I1289784979,I4210140114,1,1,2023,W4386697749,1.0
I1289784979,I4210150574,1,1,2023,W4386697749,1.0
I1289784979,I43439940,1,1,2023,W4386697749,1.0
I1289784979,I45129253,1,1,2023,W4386697749,1.0
I1289784979,I7882870,1,1,2023,W4386697749,1.0
I1289784979,I79510175,1,1,2023,W4386697749,1.0
I1289784979,I79619799,1,1,2023,W4386697749,1.0
I1289784979,I84884186,1,1,2023,W4386697749,1.0
I1289784979,I98677209,1,1,2023,W4386697749,1.0
I1289910757,I129162050,2,2,2023,W4383913712;W4386056951,0.5
I1289910757,I169199633,1,1,2023,W4383913712,1.0
I1289910757,I18014758,1,1,2023,W4383913712,1.0
I1289910757,I183935753,1,1,2023,W4383913712,1.0
I1289910757,I1925986,1,1,2023,W4383913712,1.0
I1289910757,I193531525,1,1,2023,W4383913712,1.0
I1289910757,I193662353,1,1,2023,W4383913712,1.0
I1289910757,I193700539,1,1,2023,W4383913712,1.0
I1289910757,I205274468,1,1,2023,W4383913712,1.0
I1289910757,I3133184724,1,1,2023,W4383913712,1.0
I1289910757,I4210119896,1,1,2023,W4383913712,1.0
I1289910757,I51601045,1,1,2023,W4383913712,1.0
I1289910757,I56590836,1,1,2023,W4383913712,1.0
I1289910757,I60733029,1,1,2023,W4383913712,1.0
I1289910757,I71052956,1,1,2023,W4383913712,1.0
I1289910757,I79619799,1,1,2023,W4383913712,1.0
I1289910757,I82284825,1,1,2023,W4383913712,1.0
I1289910757,I84884186,1,1,2023,W4383913712,1.0
I1289910757,I75381157,1,1,2023,W4386056951,1.0
I1290206253,I1326498283,1,1,2023,W4360978668,1.0
I1290206253,I145311948,2,2,2023,W4360978668;W4389519188,0.5
I1290206253,I4210099137,1,1,2023,W4360978668,1.0
I1290206253,I4210153468,2,2,2023,W4360978668;W4387606803,0.5
I1290206253,I4402554038,1,1,2023,W4360978668,1.0
I1290206253,I4210125787,1,1,2023,W4361289889,1.0
I1290206253,I4210164937,6,6,2023,W4361289889;W4361855702;W4365601419;W4389165057;W4389520391;W4391021666,0.16666666666666666
I1290206253,I136199984,2,2,2023,W4361855702;W4377966413,0.5
I1290206253,I4210105678,1,1,2023,W4361855702,1.0
I1290206253,I241749,1,1,2023,W4365601419,1.0
I1290206253,I45129253,1,1,2023,W4365601419,1.0
I1290206253,I74973139,3,3,2023,W4365601419;W4386246835;W4387606803,0.3333333333333333
I1290206253,I4210113369,4,4,2023,W4375869257;W4389158474;W4389518671;W4389520468,0.25
I1290206253,I78988378,1,1,2023,W4375869257,1.0
I1290206253,I180670191,1,1,2023,W4377966413,1.0
I1290206253,I4210164862,1,1,2023,W4377966413,1.0
I1290206253,I97018004,3,3,2023,W4377966413;W4387606803;W4387993482,0.3333333333333333
I1290206253,I4210151458,2,2,2023,W4382239980;W4389520391,0.5
I1290206253,I4210162141,1,1,2023,W4382239980,1.0
I1290206253,I141945490,1,1,2023,W4384304865,1.0
I1290206253,I177725633,1,1,2023,W4385570610,1.0
I1290206253,I4210092218,1,1,2023,W4385570610,1.0
I1290206253,I145847075,1,1,2023,W4386719008,1.0
I1290206253,I4210109712,1,1,2023,W4386719008,1.0
I1290206253,I4210121786,1,1,2023,W4386719008,1.0
I1290206253,I150468666,1,1,2023,W4387606803,1.0
I1290206253,I40347166,1,1,2023,W4387606803,1.0
I1290206253,I86519309,1,1,2023,W4387606803,1.0
I1290206253,I40120149,1,1,2023,W4387696832,1.0
I1290206253,I1291425158,2,2,2023,W4387993482;W4389519188,0.5
I1290206253,I201448701,1,1,2023,W4387993482,1.0
I1290206253,I78577930,1,1,2023,W4387993482,1.0
I1290206253,I2799798094,1,1,2023,W4388629193,1.0
I1290206253,I161318765,1,1,2023,W4389158474,1.0
I1290206253,I95457486,1,1,2023,W4389165057,1.0
I1290206253,I183067930,1,1,2023,W4389518671,1.0
I1290206253,I4210165726,1,1,2023,W4389518671,1.0
I1290206253,I161296585,1,1,2023,W4389519188,1.0
I1290206253,I21250087,1,1,2023,W4389519188,1.0
I1290206253,I3130638677,1,1,2023,W4389519188,1.0
I1290206253,I33256026,1,1,2023,W4389519188,1.0
I1290206253,I4210087053,1,1,2023,W4389519188,1.0
I1290206253,I4210108625,1,1,2023,W4389519188,1.0
I1290206253,I42934936,1,1,2023,W4389519188,1.0
I1290206253,I56085075,1,1,2023,W4389519188,1.0
I1290206253,I887064364,1,1,2023,W4389519188,1.0
I1290206253,I98677209,1,1,2023,W4389519188,1.0
I1290206253,I29955533,1,1,2023,W4389520468,1.0
I1290206253,I4210153682,1,1,2023,W4389520468,1.0
I1290206253,I99065089,1,1,2023,W4389520468,1.0
I1290206253,I157725225,1,1,2023,W4389524236,1.0
I1290206253,I185261750,1,1,2023,W4391584367,1.0
I1290206253,I27837315,1,1,2023,W4391584367,1.0
I1290206253,I66946132,1,1,2023,W4391584367,1.0
I12912129,I189774192,1,1,2023,W4375870255,1.0
I12912129,I33213144,1,1,2023,W4382542485,1.0
I12912129,I4210159271,1,1,2023,W4386722112,1.0
I12912129,I134446601,1,1,2023,W4388002357,1.0
I12912129,I39804081,1,1,2023,W4388002357,1.0
I12912129,I41156924,1,1,2023,W4388002357,1.0
I12912129,I4210128584,1,1,2023,W4388002357,1.0
I12912129,I4210164802,1,1,2023,W4388002357,1.0
I12912129,I45129253,1,1,2023,W4388002357,1.0
I12912129,I70931966,1,1,2023,W4388002357,1.0
I12912129,I80281795,1,1,2023,W4388002357,1.0
I12912129,I95457486,1,1,2023,W4388002357,1.0
I12912129,I154425047,1,1,2023,W4389104713,1.0
I12912129,I873043661,1,1,2023,W4389104713,1.0
I12912129,I241749,1,1,2023,W4389519042,1.0
I12912129,I27837315,1,1,2023,W4389519042,1.0
I1291425158,I185261750,2,2,2023,W4366549767;W4386728930,0.5
I1291425158,I52357470,2,2,2023,W4367309853;W4367318783,0.5
I1291425158,I180825142,1,1,2023,W4380319170,1.0
I1291425158,I188538660,1,1,2023,W4380319170,1.0
I1291425158,I27837315,1,1,2023,W4380319170,1.0
I1291425158,I2800548410,2,2,2023,W4384071683;W4385307867,0.5
I1291425158,I4210090411,4,4,2023,W4384071683;W4385307867;W4386200967;W4388191365,0.25
I1291425158,I4210117425,3,3,2023,W4385271134;W4385537492;W4389539696,0.3333333333333333
I1291425158,I205783295,1,1,2023,W4385449797,1.0
I1291425158,I32971472,2,2,2023,W4385449797;W4386791134,0.5
I1291425158,I97018004,9,9,2023,W4385449797;W4386071831;W4387460165;W4387617694;W4387835442;W4387993482;W4388720459;W4389667233;W4389736946,0.1111111111111111
I1291425158,I16391192,2,2,2023,W4385537492;W4386076532,0.5
I1291425158,I13955877,1,1,2023,W4385569870,1.0
I1291425158,I201448701,2,2,2023,W4385571011;W4387993482,0.5
I1291425158,I174306211,1,1,2023,W4386057725,1.0
I1291425158,I53964585,1,1,2023,W4386057725,1.0
I1291425158,I157485424,1,1,2023,W4386066475,1.0
I1291425158,I4210099236,1,1,2023,W4386066475,1.0
I1291425158,I4210113520,1,1,2023,W4386071831,1.0
I1291425158,I8204097,1,1,2023,W4386071831,1.0
I1291425158,I203951103,1,1,2023,W4386200967,1.0
I1291425158,I241749,1,1,2023,W4386200967,1.0
I1291425158,I4210090013,1,1,2023,W4386200967,1.0
I1291425158,I4210096386,1,1,2023,W4386200967,1.0
I1291425158,I95457486,2,2,2023,W4386200967;W4389736946,0.5
I1291425158,I4210148186,1,1,2023,W4386242327,1.0
I1291425158,I5023651,1,1,2023,W4386242327,1.0
I1291425158,I4210113297,1,1,2023,W4386728930,1.0
I1291425158,I2800817003,1,1,2023,W4386791134,1.0
I1291425158,I35440088,1,1,2023,W4386791134,1.0
I1291425158,I36788626,1,1,2023,W4386791134,1.0
I1291425158,I4210099443,1,1,2023,W4386791134,1.0
I1291425158,I4210102262,1,1,2023,W4386791134,1.0
I1291425158,I5124864,1,1,2023,W4386791134,1.0
I1291425158,I79576946,1,1,2023,W4386791134,1.0
I1291425158,I922845939,1,1,2023,W4386791134,1.0
I1291425158,I165733156,1,1,2023,W4387460165,1.0
I1291425158,I63190737,1,1,2023,W4387460165,1.0
I1291425158,I5388228,1,1,2023,W4387617694,1.0
I1291425158,I86519309,1,1,2023,W4387617694,1.0
I1291425158,I78577930,3,3,2023,W4387993482;W4388720459;W4389667233,0.3333333333333333
I1291425158,I20089843,2,2,2023,W4388720459;W4389667233,0.5
I1291425158,I154570441,1,1,2023,W4389518754,1.0
I1291425158,I74973139,2,2,2023,W4389518754;W4390872727,0.5
I1291425158,I145311948,1,1,2023,W4389519188,1.0
I1291425158,I161296585,1,1,2023,W4389519188,1.0
I1291425158,I21250087,1,1,2023,W4389519188,1.0
I1291425158,I3130638677,1,1,2023,W4389519188,1.0
I1291425158,I33256026,1,1,2023,W4389519188,1.0
I1291425158,I4210087053,1,1,2023,W4389519188,1.0
I1291425158,I4210108625,1,1,2023,W4389519188,1.0
I1291425158,I42934936,1,1,2023,W4389519188,1.0
I1291425158,I56085075,1,1,2023,W4389519188,1.0
I1291425158,I887064364,1,1,2023,W4389519188,1.0
I1291425158,I98677209,2,2,2023,W4389519188;W4389519585,0.5
I1291425158,I99043593,1,1,2023,W4389519585,1.0
I1291425158,I135310074,2,2,2023,W4389519963;W4389736946,0.5
I1291425158,I157725225,2,2,2023,W4389523706;W4389736946,0.5
I1291425158,I1304256225,1,1,2023,W4389736946,1.0
I1291425158,I151746483,1,1,2023,W4389736946,1.0
I1291425158,I2803209242,1,1,2023,W4389736946,1.0
I1291425158,I36258959,1,1,2023,W4389736946,1.0
I1291425158,I4210114312,1,1,2023,W4389736946,1.0
I1291425158,I4210164146,1,1,2023,W4389736946,1.0
I1291425158,I66946132,1,1,2023,W4389736946,1.0
I1291425158,I889937125,1,1,2023,W4389736946,1.0
I1291425158,I156087764,1,1,2023,W4390872773,1.0
I1291425158,I4210113480,1,1,2023,W4390872773,1.0
I1291431925,I1303444417,1,1,2023,W4387408850,1.0
I1291431925,I197610006,1,1,2023,W4387408850,1.0
I1291431925,I241749,1,1,2023,W4387408850,1.0
I1291431925,I2802488147,1,1,2023,W4387408850,1.0
I1291431925,I2802641067,1,1,2023,W4387408850,1.0
I1291431925,I28046988,1,1,2023,W4387408850,1.0
I1291431925,I4210099137,1,1,2023,W4387408850,1.0
I1291431925,I4210118727,1,1,2023,W4387408850,1.0
I129162050,I134085113,1,1,2023,W4360620450,1.0
I129162050,I134140186,1,1,2023,W4360620450,1.0
I129162050,I142740786,1,1,2023,W4360620450,1.0
I129162050,I147554453,1,1,2023,W4360620450,1.0
I129162050,I150870154,2,2,2023,W4360620450;W4387379065,0.5
I129162050,I168719708,1,1,2023,W4360620450,1.0
I129162050,I169199633,2,2,2023,W4360620450;W4383913712,0.5
I129162050,I169335092,1,1,2023,W4360620450,1.0
I129162050,I171543936,1,1,2023,W4360620450,1.0
I129162050,I181369854,1,1,2023,W4360620450,1.0
I129162050,I181418319,1,1,2023,W4360620450,1.0
I129162050,I181565077,1,1,2023,W4360620450,1.0
I129162050,I181647926,1,1,2023,W4360620450,1.0
I129162050,I185163786,1,1,2023,W4360620450,1.0
I129162050,I188538660,1,1,2023,W4360620450,1.0
I129162050,I19648265,1,1,2023,W4360620450,1.0
I129162050,I204593131,1,1,2023,W4360620450,1.0
I129162050,I24027795,1,1,2023,W4360620450,1.0
I129162050,I244572783,2,2,2023,W4360620450;W4387379065,0.5
I129162050,I255234318,1,1,2023,W4360620450,1.0
I129162050,I25846049,1,1,2023,W4360620450,1.0
I129162050,I2613432,1,1,2023,W4360620450,1.0
I129162050,I27878738,2,2,2023,W4360620450;W4387379065,0.5
I129162050,I2802797706,1,1,2023,W4360620450,1.0
I129162050,I28407311,1,1,2023,W4360620450,1.0
I129162050,I31746571,1,1,2023,W4360620450,1.0
I129162050,I32394136,1,1,2023,W4360620450,1.0
I129162050,I36234482,1,1,2023,W4360620450,1.0
I129162050,I39586589,2,2,2023,W4360620450;W4387379065,0.5
I129162050,I4210131537,1,1,2023,W4360620450,1.0
I129162050,I4390039323,1,1,2023,W4360620450,1.0
I129162050,I4394709253,1,1,2023,W4360620450,1.0
I129162050,I44430492,1,1,2023,W4360620450,1.0
I129162050,I47818738,1,1,2023,W4360620450,1.0
I129162050,I55060895,1,1,2023,W4360620450,1.0
I129162050,I63098007,1,1,2023,W4360620450,1.0
I129162050,I68891433,2,2,2023,W4360620450;W4387379065,0.5
I129162050,I71052956,2,2,2023,W4360620450;W4383913712,0.5
I129162050,I78715868,1,1,2023,W4360620450,1.0
I129162050,I80281795,1,1,2023,W4360620450,1.0
I129162050,I91136226,1,1,2023,W4360620450,1.0
I129162050,I9300472,1,1,2023,W4360620450,1.0
I129162050,I931969281,1,1,2023,W4360620450,1.0
I129162050,I9360294,1,1,2023,W4360620450,1.0
I129162050,I98358874,1,1,2023,W4360620450,1.0
I129162050,I18014758,1,1,2023,W4383913712,1.0
I129162050,I183935753,1,1,2023,W4383913712,1.0
I129162050,I1925986,1,1,2023,W4383913712,1.0
I129162050,I193531525,1,1,2023,W4383913712,1.0
I129162050,I193662353,1,1,2023,W4383913712,1.0
I129162050,I193700539,1,1,2023,W4383913712,1.0
I129162050,I205274468,1,1,2023,W4383913712,1.0
I129162050,I3133184724,1,1,2023,W4383913712,1.0
I129162050,I4210119896,1,1,2023,W4383913712,1.0
I129162050,I51601045,1,1,2023,W4383913712,1.0
I129162050,I56590836,1,1,2023,W4383913712,1.0
I129162050,I60733029,1,1,2023,W4383913712,1.0
I129162050,I79619799,1,1,2023,W4383913712,1.0
I129162050,I82284825,1,1,2023,W4383913712,1.0
I129162050,I84884186,1,1,2023,W4383913712,1.0
I129162050,I75381157,1,1,2023,W4386056951,1.0
I129162050,I173093425,1,1,2023,W4387379065,1.0
I129162050,I173888879,1,1,2023,W4387379065,1.0
I129162050,I182000528,1,1,2023,W4387379065,1.0
I129162050,I193260172,1,1,2023,W4387379065,1.0
I129162050,I204778367,1,1,2023,W4387379065,1.0
I129162050,I22265921,1,1,2023,W4387379065,1.0
I129162050,I2801106189,1,1,2023,W4387379065,1.0
I129162050,I3122748864,1,1,2023,W4387379065,1.0
I129162050,I4210134189,1,1,2023,W4387379065,1.0
I129162050,I4387930215,1,1,2023,W4387379065,1.0
I129162050,I55285296,1,1,2023,W4387379065,1.0
I129162050,I56007636,1,1,2023,W4387379065,1.0
I129162050,I60342839,1,1,2023,W4387379065,1.0
I129162050,I79156528,1,1,2023,W4387379065,1.0
I129162050,I931278978,1,1,2023,W4387379065,1.0
I129162050,I931681460,1,1,2023,W4387379065,1.0
I129162050,I96413208,1,1,2023,W4387379065,1.0
I1291836623,I2801816099,1,1,2023,W4376640706,1.0
I1292020679,I193374721,2,2,2023,W4321022177;W4387508266,0.5
I1292020679,I20089843,1,1,2023,W4321022177,1.0
I1292020679,I29955533,1,1,2023,W4321022177,1.0
I1292020679,I32971472,1,1,2023,W4321022177,1.0
I1292020679,I40120149,2,2,2023,W4321022177;W4387508266,0.5
I1292020679,I4387155932,2,2,2023,W4321022177;W4387508266,0.5
I1292020679,I9360294,1,1,2023,W4321022177,1.0
I1292020679,I1321305853,1,1,2023,W4387508266,1.0
I1292020679,I187481652,1,1,2023,W4387508266,1.0
I1292020679,I241749,1,1,2023,W4387508266,1.0
I1292020679,I2799771591,1,1,2023,W4387508266,1.0
I1292020679,I2800540659,1,1,2023,W4387508266,1.0
I1292020679,I2801851002,1,1,2023,W4387508266,1.0
I1292020679,I2802641067,1,1,2023,W4387508266,1.0
I1292020679,I4210134973,1,1,2023,W4387508266,1.0
I1292020679,I51556381,1,1,2023,W4387508266,1.0
I1292020679,I70931966,1,1,2023,W4387508266,1.0
I1292875679,I31746571,1,1,2023,W4327810912,1.0
I1292875679,I42894916,4,4,2023,W4327810912;W4388483049;W4388483380;W4390051886,0.25
I1292875679,I137902535,1,1,2023,W4388483049,1.0
I1292875679,I165779595,1,1,2023,W4388483049,1.0
I1292875679,I51556381,1,1,2023,W4388483049,1.0
I1292875679,I79891267,1,1,2023,W4388483049,1.0
I1292875679,I881766915,1,1,2023,W4388483049,1.0
I1292875679,I53592917,2,2,2023,W4388483380;W4390051886,0.5
I1292875679,I165143802,1,1,2023,W4389520486,1.0
I1292875679,I129801699,1,1,2023,W4390135262,1.0
I1292875679,I177877127,1,1,2023,W4390135262,1.0
I1292875679,I203238179,1,1,2023,W4390135262,1.0
I1292875679,I28407311,1,1,2023,W4390135262,1.0
I1292875679,I4210089853,1,1,2023,W4390135262,1.0
I1292875679,I4210128584,1,1,2023,W4390135262,1.0
I1292875679,I4210146430,1,1,2023,W4390135262,1.0
I1292875679,I4210155937,1,1,2023,W4390135262,1.0
I1292875679,I4210160376,1,1,2023,W4390135262,1.0
I1292875679,I2801239119,1,1,2023,W4390190181,1.0
I1292875679,I56590836,1,1,2023,W4390190181,1.0
I1293718874,I14140830,1,1,2023,W4386117324,1.0
I1293718874,I184693016,1,1,2023,W4386117324,1.0
I1293718874,I203951103,1,1,2023,W4386117324,1.0
I1293718874,I4210093006,1,1,2023,W4386117324,1.0
I1293718874,I4210126829,1,1,2023,W4386117324,1.0
I1293718874,I56019348,1,1,2023,W4386117324,1.0
I1293718874,I68171755,1,1,2023,W4386117324,1.0
I1293718874,I92582371,1,1,2023,W4386117324,1.0
I1294606314,I177725633,2,2,2023,W4386973901;W4388922836,0.5
I1294606314,I183519381,2,2,2023,W4386973901;W4388922836,0.5
I1294606314,I40120149,1,1,2023,W4386973901,1.0
I1294606314,I4210133785,1,1,2023,W4386973901,1.0
I1294606314,I47508984,1,1,2023,W4386973901,1.0
I1294606314,I76835614,1,1,2023,W4386973901,1.0
I1294606314,I889458895,1,1,2023,W4386973901,1.0
I1294606314,I97018004,1,1,2023,W4386973901,1.0
I1294606314,I14243506,1,1,2023,W4388922836,1.0
I1294606314,I157773358,1,1,2023,W4388922836,1.0
I1294606314,I165779595,1,1,2023,W4388922836,1.0
I1294606314,I165932596,1,1,2023,W4388922836,1.0
I1294606314,I201448701,1,1,2023,W4388922836,1.0
I1294606314,I20231570,1,1,2023,W4388922836,1.0
I1294606314,I204730241,1,1,2023,W4388922836,1.0
I1294606314,I2799299286,1,1,2023,W4388922836,1.0
I1294606314,I4210097159,1,1,2023,W4388922836,1.0
I1294606314,I4210103535,1,1,2023,W4388922836,1.0
I1294606314,I4210105949,1,1,2023,W4388922836,1.0
I1294606314,I4210107668,1,1,2023,W4388922836,1.0
I1294606314,I4210112079,1,1,2023,W4388922836,1.0
I1294606314,I4210116917,1,1,2023,W4388922836,1.0
I1294606314,I4210126319,1,1,2023,W4388922836,1.0
I1294606314,I4210127304,1,1,2023,W4388922836,1.0
I1294606314,I4210150574,1,1,2023,W4388922836,1.0
I1294606314,I4210155576,1,1,2023,W4388922836,1.0
I1294606314,I45129253,1,1,2023,W4388922836,1.0
I1294606314,I82880672,1,1,2023,W4388922836,1.0
I1294606314,I848706,1,1,2023,W4388922836,1.0
I1294606314,I98251732,1,1,2023,W4388922836,1.0
I1294606314,I98285908,1,1,2023,W4388922836,1.0
I1294606314,I99065089,1,1,2023,W4388922836,1.0
I1294671590,I194210350,1,1,2023,W4323892465,1.0
I1294671590,I4210139483,1,1,2023,W4323892465,1.0
I1294671590,I98702875,1,1,2023,W4323892465,1.0
I1294671590,I134560555,1,1,2023,W4366454938,1.0
I1294671590,I142934699,1,1,2023,W4366454938,1.0
I1294671590,I145311948,1,1,2023,W4366454938,1.0
I1294671590,I154570441,1,1,2023,W4366454938,1.0
I1294671590,I17626003,1,1,2023,W4366454938,1.0
I1294671590,I17866349,1,1,2023,W4366454938,1.0
I1294671590,I183974707,1,1,2023,W4366454938,1.0
I1294671590,I205783295,1,1,2023,W4366454938,1.0
I1294671590,I4210127646,1,1,2023,W4366454938,1.0
I1294671590,I4210133362,1,1,2023,W4366454938,1.0
I1294671590,I66946132,1,1,2023,W4366454938,1.0
I1294671590,I70983195,1,1,2023,W4366454938,1.0
I1294671590,I76903346,1,1,2023,W4366454938,1.0
I1294671590,I2801766991,1,1,2023,W4384918594,1.0
I1294671590,I39804081,1,1,2023,W4384918594,1.0
I1294671590,I52357470,1,1,2023,W4384918594,1.0
I1294671590,I99065089,1,1,2023,W4384918594,1.0
I1294671590,I15057530,2,2,2023,W4385800714;W4387046394,0.5
I1294671590,I150744194,1,1,2023,W4385800714,1.0
I1294671590,I185839726,2,2,2023,W4385800714;W4386175534,0.5
I1294671590,I4210142254,1,1,2023,W4385800714,1.0
I1294671590,I4210160189,1,1,2023,W4385800714,1.0
I1294671590,I142476485,1,1,2023,W4385804983,1.0
I1294671590,I4210145102,1,1,2023,W4385804983,1.0
I1294671590,I4210165912,1,1,2023,W4385804983,1.0
I1294671590,I143002897,1,1,2023,W4386147447,1.0
I1294671590,I4210114274,1,1,2023,W4386147447,1.0
I1294671590,I2802519937,1,1,2023,W4386175534,1.0
I1294671590,I28221208,1,1,2023,W4386175534,1.0
I1294671590,I56067802,1,1,2023,W4386175534,1.0
I1294671590,I3018323443,1,1,2023,W4387046394,1.0
I1294671590,I4210112646,1,1,2023,W4387046394,1.0
I1294671590,I4210112727,1,1,2023,W4387046394,1.0
I1294671590,I202697423,1,1,2023,W4387633104,1.0
I1294671590,I2746051580,1,1,2023,W4387633104,1.0
I1294671590,I29607241,1,1,2023,W4387633104,1.0
I1294671590,I40120149,1,1,2023,W4387633104,1.0
I1294671590,I4210114522,1,1,2023,W4387633104,1.0
I1294671590,I90669466,1,1,2023,W4387633104,1.0
I1294671590,I157614274,1,1,2023,W4388416602,1.0
I1294671590,I4210155607,1,1,2023,W4388416602,1.0
I1294671590,I48430043,1,1,2023,W4388416602,1.0
I1294671590,I277688954,1,1,2023,W4389370799,1.0
I1294671590,I4403386768,1,1,2023,W4389370799,1.0
I1294671590,I4210110037,1,1,2023,W4390190003,1.0
I1295876152,I134113660,1,1,2023,W4378232928,1.0
I1295876152,I1343551460,1,1,2023,W4378232928,1.0
I1295876152,I181547552,1,1,2023,W4378232928,1.0
I1295876152,I205783295,1,1,2023,W4378232928,1.0
I1295876152,I2802216851,1,1,2023,W4378232928,1.0
I1295876152,I4210092922,1,1,2023,W4378232928,1.0
I1295876152,I4210105967,1,1,2023,W4378232928,1.0
I1295876152,I4210109259,1,1,2023,W4378232928,1.0
I1295876152,I4210114445,1,1,2023,W4378232928,1.0
I1295876152,I55302922,1,1,2023,W4378232928,1.0
I1295876152,I94734805,1,1,2023,W4378232928,1.0
I129604602,I1334950195,1,1,2023,W4378188762,1.0
I129604602,I141962983,1,1,2023,W4378188762,1.0
I129604602,I4210151021,1,1,2023,W4378188762,1.0
I129604602,I2250955327,1,1,2023,W4382468457,1.0
I129604602,I27357992,1,1,2023,W4382468457,1.0
I129604602,I80143920,1,1,2023,W4382468457,1.0
I129604602,I2799732068,1,1,2023,W4383313218,1.0
I129604602,I2802384191,1,1,2023,W4383313218,1.0
I129604602,I4210100255,1,1,2023,W4384648322,1.0
I129604602,I74973139,1,1,2023,W4384648322,1.0
I129604602,I205783295,1,1,2023,W4384662087,1.0
I129604602,I169541294,1,1,2023,W4385805046,1.0
I129604602,I177877127,1,1,2023,W4385805046,1.0
I129604602,I859038795,1,1,2023,W4385805046,1.0
I129604602,I863896202,1,1,2023,W4385805046,1.0
I129604602,I172675005,1,1,2023,W4386076140,1.0
I129604602,I4210155268,1,1,2023,W4386076140,1.0
I129604602,I24185976,1,1,2023,W4387211598,1.0
I129604602,I24201400,1,1,2023,W4387211598,1.0
I129604602,I30809798,1,1,2023,W4387211598,1.0
I129604602,I4210125143,1,1,2023,W4387211598,1.0
I129604602,I4210135459,1,1,2023,W4387211598,1.0
I129604602,I2801544000,1,1,2023,W4388289959,1.0
I129604602,I204824540,2,2,2023,W4388331220;W4388713229,0.5
I129604602,I2250653659,1,1,2023,W4388331220,1.0
I129604602,I5681781,2,2,2023,W4388331220;W4388713229,0.5
I129604602,I145897649,1,1,2023,W4389104929,1.0
I129604602,I151727225,1,1,2023,W4389104929,1.0
I129604602,I4210161462,1,1,2023,W4389104929,1.0
I129604602,I4210095624,1,1,2023,W4389576338,1.0
I129604602,I74775410,1,1,2023,W4390043316,1.0
I129604602,I91045830,1,1,2023,W4390043316,1.0
I129604602,I98677209,1,1,2023,W4390043316,1.0
I129604602,I4210106409,1,1,2023,W4390343450,1.0
I129604602,I143593769,1,1,2023,W4390991962,1.0
I129604602,I165932596,1,1,2023,W4390991962,1.0
I129604602,I4210092257,1,1,2023,W4390991962,1.0
I129643931,I2799856747,1,1,2023,W4388202310,1.0
I129643931,I4210118181,1,1,2023,W4388202310,1.0
I1296637509,I189712700,1,1,2023,W4384663549,1.0
I1296637509,I32971472,1,1,2023,W4384663549,1.0
I1296637509,I39343248,1,1,2023,W4384663549,1.0
I1296637509,I4210101898,1,1,2023,W4384663549,1.0
I1296637509,I78577930,1,1,2023,W4384663549,1.0
I1297127228,I157725225,1,1,2023,W4392669797,1.0
I1297127228,I2801851002,1,1,2023,W4392669797,1.0
I1297127228,I36788626,1,1,2023,W4392669797,1.0
I1297127228,I4210093174,1,1,2023,W4392669797,1.0
I1297127228,I4210120068,1,1,2023,W4392669797,1.0
I1297127228,I4389424196,1,1,2023,W4392669797,1.0
I1297127228,I45129253,1,1,2023,W4392669797,1.0
I1297127228,I52357470,1,1,2023,W4392669797,1.0
I1297127228,I68891433,1,1,2023,W4392669797,1.0
I1297127228,I78577930,1,1,2023,W4392669797,1.0
I1297127228,I99065089,1,1,2023,W4392669797,1.0
I1297288678,I1321296531,1,1,2023,W4386437602,1.0
I1297288678,I4210109969,1,1,2023,W4386437602,1.0
I1297288678,I188538660,1,1,2023,W4389600060,1.0
I129734738,I130769515,1,1,2023,W4321597163,1.0
I129734738,I169335092,1,1,2023,W4321597163,1.0
I129734738,I210116565,1,1,2023,W4321597163,1.0
I129734738,I219774598,1,1,2023,W4321597163,1.0
I129734738,I223471776,1,1,2023,W4321597163,1.0
I129734738,I36893310,1,1,2023,W4321597163,1.0
I129734738,I39854758,1,1,2023,W4321597163,1.0
I129734738,I4210106490,1,1,2023,W4321597163,1.0
I129734738,I63739035,1,1,2023,W4321597163,1.0
I129734738,I134705546,1,1,2023,W4386458312,1.0
I129734738,I79516672,1,1,2023,W4386458312,1.0
I129734738,I82571370,1,1,2023,W4386458312,1.0
I129734738,I94511900,1,1,2023,W4386458312,1.0
I129774422,I150540706,1,1,2023,W4361286239,1.0
I129774422,I157556583,1,1,2023,W4361286239,1.0
I129774422,I2802916955,1,1,2023,W4361286239,1.0
I129774422,I76134821,1,1,2023,W4361286239,1.0
I129774422,I135310074,1,1,2023,W4387294423,1.0
I129774422,I154570441,1,1,2023,W4387294423,1.0
I129774422,I165733156,1,1,2023,W4387294423,1.0
I1297971548,I134446601,1,1,2023,W4383679928,1.0
I1297971548,I205783295,1,1,2023,W4383679928,1.0
I1297971548,I95457486,1,1,2023,W4383679928,1.0
I1297971548,I202963720,1,1,2023,W4384303815,1.0
I129801699,I16365422,1,1,2023,W4387409379,1.0
I129801699,I179324530,1,1,2023,W4387409379,1.0
I129801699,I39854758,1,1,2023,W4387409379,1.0
I129801699,I177877127,1,1,2023,W4390135262,1.0
I129801699,I203238179,1,1,2023,W4390135262,1.0
I129801699,I28407311,1,1,2023,W4390135262,1.0
I129801699,I4210089853,1,1,2023,W4390135262,1.0
I129801699,I4210128584,1,1,2023,W4390135262,1.0
I129801699,I4210146430,1,1,2023,W4390135262,1.0
I129801699,I4210155937,1,1,2023,W4390135262,1.0
I129801699,I4210160376,1,1,2023,W4390135262,1.0
I129826125,I161593684,1,1,2023,W4383679937,1.0
I1298353152,I188538660,1,1,2023,W4385730880,1.0
I1298353152,I192545095,2,2,2023,W4385730880;W4390189929,0.5
I1298353152,I200719446,1,1,2023,W4385730880,1.0
I1298353152,I45438204,1,1,2023,W4385730880,1.0
I1298353152,I4210099336,1,1,2023,W4390189929,1.0
I129902397,I185261750,2,2,2023,W4387801427;W4388540984,0.5
I129902397,I1325899441,1,1,2023,W4388540984,1.0
I129902397,I154425047,1,1,2023,W4388540984,1.0
I129902397,I2799376586,1,1,2023,W4388540984,1.0
I129902397,I2800925808,1,1,2023,W4388540984,1.0
I129902397,I2802285097,1,1,2023,W4388540984,1.0
I129902397,I4399598460,1,1,2023,W4388540984,1.0
I1299303238,I2800548410,2,2,2023,W4360600216;W4381587418,0.5
I1299303238,I4210109390,3,3,2023,W4360600216;W4384615843;W4385374442,0.3333333333333333
I1299303238,I145311948,1,1,2023,W4381469233,1.0
I1299303238,I2799853436,1,1,2023,W4381469233,1.0
I1299303238,I66946132,2,2,2023,W4381469233;W4385374442,0.5
I1299303238,I71920554,1,1,2023,W4381587418,1.0
I1299303238,I205783295,1,1,2023,W4384615843,1.0
I1299303238,I4387153466,1,1,2023,W4384615843,1.0
I1299303238,I129975664,1,1,2023,W4385374442,1.0
I1299303238,I157725225,1,1,2023,W4385374442,1.0
I1299303238,I170201317,1,1,2023,W4385374442,1.0
I1299303238,I2801887358,1,1,2023,W4385374442,1.0
I1299303238,I4210149717,2,2,2023,W4385374442;W4386423073,0.5
I1299303238,I4210140884,1,1,2023,W4386423073,1.0
I129975664,I157725225,1,1,2023,W4385374442,1.0
I129975664,I170201317,1,1,2023,W4385374442,1.0
I129975664,I2801887358,1,1,2023,W4385374442,1.0
I129975664,I4210109390,1,1,2023,W4385374442,1.0
I129975664,I4210149717,1,1,2023,W4385374442,1.0
I129975664,I66946132,1,1,2023,W4385374442,1.0
I1300891529,I154425047,1,1,2023,W4389235056,1.0
I1300891529,I166311279,1,1,2023,W4389235056,1.0
I1300891529,I184461854,1,1,2023,W4389235056,1.0
I1300891529,I185261750,1,1,2023,W4389235056,1.0
I1300891529,I197323543,1,1,2023,W4389235056,1.0
I1300891529,I2802181614,1,1,2023,W4389235056,1.0
I1300891529,I4210097178,1,1,2023,W4389235056,1.0
I1300891529,I4210103308,1,1,2023,W4389235056,1.0
I1300891529,I4210106036,1,1,2023,W4389235056,1.0
I1300891529,I4210107347,1,1,2023,W4389235056,1.0
I1300891529,I4210108108,1,1,2023,W4389235056,1.0
I1300891529,I4210113003,1,1,2023,W4389235056,1.0
I1300891529,I4210121117,1,1,2023,W4389235056,1.0
I1300891529,I4210124714,1,1,2023,W4389235056,1.0
I1300891529,I4210125326,1,1,2023,W4389235056,1.0
I1300891529,I4210157730,1,1,2023,W4389235056,1.0
I1300891529,I4389424196,1,1,2023,W4389235056,1.0
I1300891529,I47500176,1,1,2023,W4389235056,1.0
I1300891529,I5791819,1,1,2023,W4389235056,1.0
I1300891529,I61923386,1,1,2023,W4389235056,1.0
I1300891529,I80018011,1,1,2023,W4389235056,1.0
I130194489,I60053951,1,1,2023,W4378650062,1.0
I130194489,I86987016,1,1,2023,W4378650062,1.0
I130238516,I141945490,1,1,2023,W4388129991,1.0
I130238516,I14243506,1,1,2023,W4388129991,1.0
I130238516,I148366613,1,1,2023,W4388129991,1.0
I130238516,I155660961,1,1,2023,W4388129991,1.0
I130238516,I168635309,1,1,2023,W4388129991,1.0
I130238516,I183935753,1,1,2023,W4388129991,1.0
I130238516,I185261750,2,2,2023,W4388129991;W4389403907,0.5
I130238516,I2799503643,1,1,2023,W4388129991,1.0
I130238516,I2801970007,1,1,2023,W4388129991,1.0
I130238516,I37696226,1,1,2023,W4388129991,1.0
I130238516,I78577930,1,1,2023,W4388129991,1.0
I130238516,I822440,1,1,2023,W4388129991,1.0
I130238516,I154570441,1,1,2023,W4389403907,1.0
I130238516,I16391192,1,1,2023,W4389403907,1.0
I130238516,I184565670,1,1,2023,W4389403907,1.0
I130238516,I192455969,1,1,2023,W4389403907,1.0
I130238516,I197251160,1,1,2023,W4389403907,1.0
I130238516,I20089843,1,1,2023,W4389403907,1.0
I130238516,I205023500,1,1,2023,W4389403907,1.0
I130238516,I27116053,1,1,2023,W4389403907,1.0
I130238516,I2800565835,1,1,2023,W4389403907,1.0
I130238516,I2801851002,1,1,2023,W4389403907,1.0
I130238516,I29955533,1,1,2023,W4389403907,1.0
I130238516,I40347166,2,2,2023,W4389403907;W4389686454,0.5
I130238516,I4210108999,1,1,2023,W4389403907,1.0
I130238516,I4210119109,1,1,2023,W4389403907,1.0
I130238516,I4210137306,1,1,2023,W4389403907,1.0
I130238516,I4210140380,1,1,2023,W4389403907,1.0
I130238516,I4210145102,1,1,2023,W4389403907,1.0
I130238516,I4210153792,1,1,2023,W4389403907,1.0
I130238516,I4210155092,1,1,2023,W4389403907,1.0
I130238516,I44829897,1,1,2023,W4389403907,1.0
I130238516,I51556381,1,1,2023,W4389403907,1.0
I130238516,I57206974,1,1,2023,W4389403907,1.0
I130238516,I88874673,1,1,2023,W4389403907,1.0
I130238516,I90326151,1,1,2023,W4389403907,1.0
I130238516,I97018004,1,1,2023,W4389403907,1.0
I130238516,I4210126476,1,1,2023,W4389686454,1.0
I130238516,I4210127875,1,1,2023,W4389686454,1.0
I130238516,I95457486,1,1,2023,W4389686454,1.0
I130238516,I130701444,1,1,2023,W4390166236,1.0
I1302485747,I1311688040,1,1,2023,W4381853206,1.0
I1302485747,I184840846,1,1,2023,W4381853206,1.0
I1302485747,I2802203029,1,1,2023,W4381853206,1.0
I1302485747,I4210114445,1,1,2023,W4381853206,1.0
I1302485747,I52357470,1,1,2023,W4381853206,1.0
I1302611135,I37448385,1,1,2023,W4379744863,1.0
I1302978242,I200296433,1,1,2023,W4375859913,1.0
I1302978242,I2801228662,1,1,2023,W4375859913,1.0
I130309236,I131359167,1,1,2023,W4367057010,1.0
I130309236,I185163786,1,1,2023,W4367057010,1.0
I130309236,I3020192730,1,1,2023,W4367057010,1.0
I1303444417,I197610006,1,1,2023,W4387408850,1.0
I1303444417,I241749,1,1,2023,W4387408850,1.0
I1303444417,I2802488147,1,1,2023,W4387408850,1.0
I1303444417,I2802641067,1,1,2023,W4387408850,1.0
I1303444417,I28046988,1,1,2023,W4387408850,1.0
I1303444417,I4210099137,1,1,2023,W4387408850,1.0
I1303444417,I4210118727,1,1,2023,W4387408850,1.0
I1304085615,I4210127875,1,1,2023,W4389166829,1.0
I1304085615,I55732556,1,1,2023,W4389166829,1.0
I1304256225,I135310074,1,1,2023,W4389736946,1.0
I1304256225,I151746483,1,1,2023,W4389736946,1.0
I1304256225,I157725225,1,1,2023,W4389736946,1.0
I1304256225,I2803209242,1,1,2023,W4389736946,1.0
I1304256225,I36258959,1,1,2023,W4389736946,1.0
I1304256225,I4210114312,1,1,2023,W4389736946,1.0
I1304256225,I4210164146,1,1,2023,W4389736946,1.0
I1304256225,I66946132,1,1,2023,W4389736946,1.0
I1304256225,I889937125,1,1,2023,W4389736946,1.0
I1304256225,I95457486,1,1,2023,W4389736946,1.0
I1304256225,I97018004,1,1,2023,W4389736946,1.0
I130536721,I1314596251,2,2,2023,W4380291159;W4385827730,0.5
I130536721,I196272386,2,2,2023,W4380291159;W4385827730,0.5
I130536721,I27804330,2,2,2023,W4380291159;W4385827730,0.5
I130536721,I2800446032,2,2,2023,W4380291159;W4385827730,0.5
I130536721,I4210087915,2,2,2023,W4380291159;W4385827730,0.5
I130536721,I186667990,1,1,2023,W4385827730,1.0
I1306117286,I148283060,1,1,2023,W4386902993,1.0
I1306117286,I4210126476,1,1,2023,W4386902993,1.0
I1306117286,I95457486,1,1,2023,W4386902993,1.0
I1306409833,I32971472,1,1,2023,W4367189632,1.0
I1306409833,I166337079,2,2,2023,W4380769213;W4386057806,0.5
I1306409833,I170201317,1,1,2023,W4380769213,1.0
I1306409833,I19700959,1,1,2023,W4380769213,1.0
I1306409833,I20089843,1,1,2023,W4380769213,1.0
I1306409833,I201448701,1,1,2023,W4380769213,1.0
I1306409833,I2801851002,1,1,2023,W4380769213,1.0
I1306409833,I36258959,1,1,2023,W4380769213,1.0
I1306409833,I40120149,1,1,2023,W4380769213,1.0
I1306409833,I4210142372,1,1,2023,W4380769213,1.0
I1306409833,I63966007,1,1,2023,W4380769213,1.0
I1306409833,I95457486,2,2,2023,W4380769213;W4390873372,0.5
I1306409833,I130701444,1,1,2023,W4385526465,1.0
I1306409833,I74973139,7,7,2023,W4385527149;W4386076425;W4386076458;W4386083151;W4390873372;W4390874089;W4390874260,0.14285714285714285
I1306409833,I20231570,1,1,2023,W4386057806,1.0
I1306409833,I1341412227,1,1,2023,W4386075490,1.0
I1306409833,I154570441,2,2,2023,W4386075490;W4390873281,0.5
I1306409833,I219193219,1,1,2023,W4386075528,1.0
I1306409833,I99065089,2,2,2023,W4386076425;W4390874260,0.5
I1306409833,I2799891827,1,1,2023,W4386076458,1.0
I1306409833,I4210113480,1,1,2023,W4386083151,1.0
I1306409833,I181233156,2,2,2023,W4389519817;W4389524039,0.5
I1306409833,I161318765,1,1,2023,W4389519898,1.0
I1306409833,I2800817003,1,1,2023,W4389519898,1.0
I1306409833,I134446601,1,1,2023,W4390873372,1.0
I1306409833,I66946132,1,1,2023,W4390874089,1.0
I1306409833,I4210155268,1,1,2023,W4396988273,1.0
I130692619,I183935753,1,1,2023,W4319301446,1.0
I130692619,I202697423,1,1,2023,W4319301446,1.0
I130701444,I1334819555,2,2,2023,W4362594575;W4386272462,0.5
I130701444,I150468666,2,2,2023,W4362594575;W4386272462,0.5
I130701444,I134446601,1,1,2023,W4366548330,1.0
I130701444,I205783295,2,2,2023,W4366548330;W4385490607,0.5
I130701444,I95457486,1,1,2023,W4366548330,1.0
I130701444,I136199984,1,1,2023,W4385490607,1.0
I130701444,I157725225,1,1,2023,W4385490607,1.0
I130701444,I20089843,3,3,2023,W4385490607;W4389519354;W4389523771,0.3333333333333333
I130701444,I241749,1,1,2023,W4385490607,1.0
I130701444,I27804330,1,1,2023,W4385490607,1.0
I130701444,I4210090411,1,1,2023,W4385490607,1.0
I130701444,I4210092658,1,1,2023,W4385490607,1.0
I130701444,I4210094983,1,1,2023,W4385490607,1.0
I130701444,I4210110431,1,1,2023,W4385490607,1.0
I130701444,I4210113297,1,1,2023,W4385490607,1.0
I130701444,I4210113369,1,1,2023,W4385490607,1.0
I130701444,I4210113480,1,1,2023,W4385490607,1.0
I130701444,I4210127875,3,3,2023,W4385490607;W4386076607;W4386215566,0.3333333333333333
I130701444,I4210134579,1,1,2023,W4385490607,1.0
I130701444,I4210135670,1,1,2023,W4385490607,1.0
I130701444,I4210153546,1,1,2023,W4385490607,1.0
I130701444,I4210155419,1,1,2023,W4385490607,1.0
I130701444,I4210164802,1,1,2023,W4385490607,1.0
I130701444,I4210164862,1,1,2023,W4385490607,1.0
I130701444,I4387153999,1,1,2023,W4385490607,1.0
I130701444,I57206974,1,1,2023,W4385490607,1.0
I130701444,I63966007,1,1,2023,W4385490607,1.0
I130701444,I70931966,1,1,2023,W4385490607,1.0
I130701444,I74973139,1,1,2023,W4385490607,1.0
I130701444,I887064364,1,1,2023,W4385490607,1.0
I130701444,I97018004,4,4,2023,W4385490607;W4385571830;W4389519496;W4389636360,0.25
I130701444,I201448701,1,1,2023,W4386215566,1.0
I130701444,I4210109911,1,1,2023,W4386272462,1.0
I130701444,I98704320,1,1,2023,W4386272462,1.0
I130701444,I3045169105,1,1,2023,W4387092545,1.0
I130701444,I4210140341,2,2,2023,W4389519354;W4389523771,0.5
I130701444,I2800444561,1,1,2023,W4389520781,1.0
I130701444,I52357470,1,1,2023,W4389520781,1.0
I130701444,I4210156583,1,1,2023,W4389636360,1.0
I130701444,I86519309,1,1,2023,W4390872556,1.0
I130701444,I20231570,1,1,2023,W4391054939,1.0
I130701444,I4210135422,1,1,2023,W4391054939,1.0
I130701444,I4210164937,1,1,2023,W4391054939,1.0
I130701444,I99065089,1,1,2023,W4391054939,1.0
I1307098950,I36258959,1,1,2023,W4319301677,1.0
I130769515,I169335092,1,1,2023,W4321597163,1.0
I130769515,I210116565,1,1,2023,W4321597163,1.0
I130769515,I219774598,1,1,2023,W4321597163,1.0
I130769515,I223471776,1,1,2023,W4321597163,1.0
I130769515,I36893310,1,1,2023,W4321597163,1.0
I130769515,I39854758,1,1,2023,W4321597163,1.0
I130769515,I4210106490,1,1,2023,W4321597163,1.0
I130769515,I63739035,1,1,2023,W4321597163,1.0
I130769515,I20089843,1,1,2023,W4386076323,1.0
I130769515,I36258959,1,1,2023,W4386076323,1.0
I130769515,I27837315,1,1,2023,W4388333192,1.0
I130769515,I368840534,1,1,2023,W4388333192,1.0
I130769515,I4210122954,2,2,2023,W4388333192;W4389523840,0.5
I130769515,I140172145,1,1,2023,W4388834475,1.0
I130769515,I204337017,1,1,2023,W4388834475,1.0
I130769515,I204730241,1,1,2023,W4388834475,1.0
I130769515,I4210154111,1,1,2023,W4388834475,1.0
I130769515,I4387153539,1,1,2023,W4388834475,1.0
I130769515,I84653119,1,1,2023,W4389520295,1.0
I130769515,I86519309,1,1,2023,W4389520295,1.0
I130828816,I197323543,2,2,2023,W4372336638;W4389792145,0.5
I130828816,I223822909,2,2,2023,W4372336638;W4389792145,0.5
I130828816,I2802164966,2,2,2023,W4372336638;W4389792145,0.5
I130828816,I4210111460,2,2,2023,W4372336638;W4389792145,0.5
I130828816,I4210120689,1,1,2023,W4372336638,1.0
I130828816,I4210126310,1,1,2023,W4372336638,1.0
I130828816,I4210162051,2,2,2023,W4372336638;W4389792145,0.5
I130828816,I887968799,2,2,2023,W4372336638;W4389792145,0.5
I130828816,I169199633,1,1,2023,W4386098991,1.0
I130828816,I189486483,1,1,2023,W4386098991,1.0
I130828816,I98461037,1,1,2023,W4386098991,1.0
I130828816,I1308923049,1,1,2023,W4386697749,1.0
I130828816,I1324925910,1,1,2023,W4386697749,1.0
I130828816,I1325675289,1,1,2023,W4386697749,1.0
I130828816,I146655781,1,1,2023,W4386697749,1.0
I130828816,I150209017,1,1,2023,W4386697749,1.0
I130828816,I165862685,1,1,2023,W4386697749,1.0
I130828816,I177639307,1,1,2023,W4386697749,1.0
I130828816,I183935753,1,1,2023,W4386697749,1.0
I130828816,I201448701,1,1,2023,W4386697749,1.0
I130828816,I205051169,1,1,2023,W4386697749,1.0
I130828816,I23923803,1,1,2023,W4386697749,1.0
I130828816,I2799390153,1,1,2023,W4386697749,1.0
I130828816,I2802266942,1,1,2023,W4386697749,1.0
I130828816,I2802775644,1,1,2023,W4386697749,1.0
I130828816,I28407311,1,1,2023,W4386697749,1.0
I130828816,I36234482,1,1,2023,W4386697749,1.0
I130828816,I40120149,1,1,2023,W4386697749,1.0
I130828816,I4210111135,1,1,2023,W4386697749,1.0
I130828816,I4210126452,1,1,2023,W4386697749,1.0
I130828816,I4210140114,1,1,2023,W4386697749,1.0
I130828816,I4210150574,1,1,2023,W4386697749,1.0
I130828816,I43439940,1,1,2023,W4386697749,1.0
I130828816,I45129253,1,1,2023,W4386697749,1.0
I130828816,I7882870,1,1,2023,W4386697749,1.0
I130828816,I79510175,1,1,2023,W4386697749,1.0
I130828816,I79619799,1,1,2023,W4386697749,1.0
I130828816,I84884186,1,1,2023,W4386697749,1.0
I130828816,I98677209,1,1,2023,W4386697749,1.0
I130828816,I2801331674,1,1,2023,W4389792145,1.0
I130828816,I39343248,1,1,2023,W4389792145,1.0
I130828816,I4210088053,1,1,2023,W4389792145,1.0
I130828816,I4210090100,1,1,2023,W4389792145,1.0
I130828816,I4210094062,1,1,2023,W4389792145,1.0
I130828816,I4210108778,1,1,2023,W4389792145,1.0
I130828816,I4210165059,1,1,2023,W4389792145,1.0
I130828816,I75951250,1,1,2023,W4389792145,1.0
I130828816,I78650965,1,1,2023,W4389792145,1.0
I130828816,I7877124,1,1,2023,W4389792145,1.0
I1308683654,I1316535847,1,1,2023,W4384457683,1.0
I1308683654,I1344076864,1,1,2023,W4384457683,1.0
I1308683654,I136199984,1,1,2023,W4384457683,1.0
I1308683654,I150468666,1,1,2023,W4384457683,1.0
I1308683654,I180670191,1,1,2023,W4384457683,1.0
I1308683654,I2799899409,1,1,2023,W4384457683,1.0
I1308683654,I2801248553,1,1,2023,W4384457683,1.0
I1308683654,I4210101190,1,1,2023,W4384457683,1.0
I1308683654,I4210137306,1,1,2023,W4384457683,1.0
I1308683654,I4210167126,1,1,2023,W4384457683,1.0
I1308683654,I4387154595,1,1,2023,W4384457683,1.0
I1308683654,I63966007,1,1,2023,W4384457683,1.0
I1308683654,I97018004,1,1,2023,W4384457683,1.0
I1308814778,I4210145006,2,2,2023,W4387232172;W4387236571,0.5
I1308814778,I4210162646,2,2,2023,W4387232172;W4387236571,0.5
I1308814778,I4210164233,2,2,2023,W4387232172;W4387236571,0.5
I1308814778,I4389424196,2,2,2023,W4387232172;W4387236571,0.5
I1308814778,I137902535,1,1,2023,W4387823534,1.0
I1308814778,I173654999,1,1,2023,W4387823534,1.0
I1308814778,I4210095140,1,1,2023,W4387823534,1.0
I1308814778,I42934936,1,1,2023,W4387823534,1.0
I1308814778,I9224006,1,1,2023,W4387823534,1.0
I1308814778,I97018004,1,1,2023,W4387823534,1.0
I1308923049,I1324925910,1,1,2023,W4386697749,1.0
I1308923049,I1325675289,1,1,2023,W4386697749,1.0
I1308923049,I146655781,1,1,2023,W4386697749,1.0
I1308923049,I150209017,1,1,2023,W4386697749,1.0
I1308923049,I165862685,1,1,2023,W4386697749,1.0
I1308923049,I177639307,1,1,2023,W4386697749,1.0
I1308923049,I183935753,1,1,2023,W4386697749,1.0
I1308923049,I201448701,1,1,2023,W4386697749,1.0
I1308923049,I205051169,1,1,2023,W4386697749,1.0
I1308923049,I23923803,1,1,2023,W4386697749,1.0
I1308923049,I2799390153,1,1,2023,W4386697749,1.0
I1308923049,I2802266942,1,1,2023,W4386697749,1.0
I1308923049,I2802775644,1,1,2023,W4386697749,1.0
I1308923049,I28407311,1,1,2023,W4386697749,1.0
I1308923049,I36234482,1,1,2023,W4386697749,1.0
I1308923049,I40120149,1,1,2023,W4386697749,1.0
I1308923049,I4210111135,1,1,2023,W4386697749,1.0
I1308923049,I4210126452,1,1,2023,W4386697749,1.0
I1308923049,I4210140114,1,1,2023,W4386697749,1.0
I1308923049,I4210150574,1,1,2023,W4386697749,1.0
I1308923049,I43439940,1,1,2023,W4386697749,1.0
I1308923049,I45129253,1,1,2023,W4386697749,1.0
I1308923049,I7882870,1,1,2023,W4386697749,1.0
I1308923049,I79510175,1,1,2023,W4386697749,1.0
I1308923049,I79619799,1,1,2023,W4386697749,1.0
I1308923049,I84884186,1,1,2023,W4386697749,1.0
I1308923049,I98677209,1,1,2023,W4386697749,1.0
I130929987,I136040515,1,1,2023,W4383187389,1.0
I130929987,I159650629,1,1,2023,W4383187389,1.0
I130929987,I2802050225,1,1,2023,W4383187389,1.0
I130929987,I304852291,1,1,2023,W4383187389,1.0
I130929987,I4210087039,1,1,2023,W4383187389,1.0
I130929987,I4210100188,2,2,2023,W4383187389;W4388811394,0.5
I130929987,I4210125092,2,2,2023,W4383187389;W4388811394,0.5
I130929987,I4210125364,2,2,2023,W4383187389;W4388811394,0.5
I130929987,I4210129357,1,1,2023,W4383187389,1.0
I130929987,I4210140856,1,1,2023,W4383187389,1.0
I130929987,I4210141898,1,1,2023,W4383187389,1.0
I130929987,I4210147442,1,1,2023,W4383187389,1.0
I130929987,I1326402746,1,1,2023,W4388811394,1.0
I130929987,I32881790,1,1,2023,W4388811394,1.0
I130929987,I39063666,1,1,2023,W4388811394,1.0
I130929987,I4210093292,1,1,2023,W4388811394,1.0
I130929987,I861853513,1,1,2023,W4388811394,1.0
I1311688040,I184840846,2,2,2023,W4381853206;W4385476046,0.5
I1311688040,I2802203029,2,2,2023,W4381853206;W4385476046,0.5
I1311688040,I4210114445,2,2,2023,W4381853206;W4385476046,0.5
I1311688040,I52357470,2,2,2023,W4381853206;W4385476046,0.5
I1311688040,I169108374,1,1,2023,W4382246105,1.0
I1311688040,I181233156,1,1,2023,W4382246105,1.0
I1311688040,I2801851002,1,1,2023,W4382246105,1.0
I1311688040,I36788626,1,1,2023,W4382246105,1.0
I1311688040,I4210132327,1,1,2023,W4382246105,1.0
I1311688040,I4210097899,1,1,2023,W4385476046,1.0
I1311688040,I859038795,1,1,2023,W4385568059,1.0
I1311688040,I2800051377,1,1,2023,W4385876383,1.0
I1311688040,I31512782,1,1,2023,W4385876383,1.0
I1311688040,I36258959,1,1,2023,W4386076256,1.0
I1311688040,I889458895,1,1,2023,W4386076256,1.0
I1311688040,I158842170,1,1,2023,W4389520455,1.0
I1311688040,I172675005,1,1,2023,W4389520455,1.0
I1311688040,I2252078561,1,1,2023,W4389524193,1.0
I1311688040,I4210155582,1,1,2023,W4389524193,1.0
I1311688040,I5023651,1,1,2023,W4389524193,1.0
I1311688040,I74973139,1,1,2023,W4389524193,1.0
I1311688040,I155781252,1,1,2023,W4389524379,1.0
I1311688040,I48018076,1,1,2023,W4389524379,1.0
I1311688040,I59805279,1,1,2023,W4389524379,1.0
I1311688040,I97018004,1,1,2023,W4389524379,1.0
I1311688040,I165932596,1,1,2023,W4390889801,1.0
I1311688040,I71920554,1,1,2023,W4390889801,1.0
I13134134,I4210152024,1,1,2023,W4390414817,1.0
I131359167,I185163786,1,1,2023,W4367057010,1.0
I131359167,I3020192730,1,1,2023,W4367057010,1.0
I1314596251,I181547552,1,1,2023,W4360796875,1.0
I1314596251,I186667990,3,3,2023,W4360796875;W4385827730;W4388695129,0.3333333333333333
I1314596251,I4210088711,1,1,2023,W4360796875,1.0
I1314596251,I4210137306,1,1,2023,W4360796875,1.0
I1314596251,I4210140341,1,1,2023,W4360796875,1.0
I1314596251,I74656192,1,1,2023,W4360796875,1.0
I1314596251,I74775410,1,1,2023,W4360796875,1.0
I1314596251,I8087733,1,1,2023,W4360796875,1.0
I1314596251,I97018004,2,2,2023,W4360796875;W4388695129,0.5
I1314596251,I196272386,3,3,2023,W4380291159;W4385827730;W4388695129,0.3333333333333333
I1314596251,I27804330,3,3,2023,W4380291159;W4385827730;W4388695129,0.3333333333333333
I1314596251,I2800446032,3,3,2023,W4380291159;W4385827730;W4388695129,0.3333333333333333
I1314596251,I4210087915,3,3,2023,W4380291159;W4385827730;W4388695129,0.3333333333333333
I1314596251,I4210134769,1,1,2023,W4388695129,1.0
I1314849024,I145897649,1,1,2023,W3184934237,1.0
I1314849024,I37461747,1,1,2023,W3184934237,1.0
I1314849024,I4210128585,1,1,2023,W3184934237,1.0
I131579929,I1336263701,1,1,2023,W4381547631,1.0
I131579929,I2802015276,1,1,2023,W4381547631,1.0
I131579929,I2802711169,1,1,2023,W4381547631,1.0
I131579929,I40120149,1,1,2023,W4381547631,1.0
I131579929,I4210092957,1,1,2023,W4381547631,1.0
I131579929,I4210102012,1,1,2023,W4381547631,1.0
I131579929,I4210114115,1,1,2023,W4381547631,1.0
I131579929,I5626980,1,1,2023,W4381547631,1.0
I131651094,I165733156,1,1,2023,W4381487157,1.0
I1316535847,I1344076864,1,1,2023,W4384457683,1.0
I1316535847,I136199984,1,1,2023,W4384457683,1.0
I1316535847,I150468666,2,2,2023,W4384457683;W4389917881,0.5
I1316535847,I180670191,1,1,2023,W4384457683,1.0
I1316535847,I2799899409,1,1,2023,W4384457683,1.0
I1316535847,I2801248553,1,1,2023,W4384457683,1.0
I1316535847,I4210101190,1,1,2023,W4384457683,1.0
I1316535847,I4210137306,2,2,2023,W4384457683;W4389917881,0.5
I1316535847,I4210167126,2,2,2023,W4384457683;W4389917881,0.5
I1316535847,I4387154595,1,1,2023,W4384457683,1.0
I1316535847,I63966007,2,2,2023,W4384457683;W4389917881,0.5
I1316535847,I97018004,2,2,2023,W4384457683;W4389917881,0.5
I131705669,I2801914139,1,1,2023,W4386989338,1.0
I131729948,I138689650,1,1,2023,W4387327030,1.0
I131729948,I142617266,1,1,2023,W4387327030,1.0
I131729948,I202697423,1,1,2023,W4387327030,1.0
I131729948,I4210100468,1,1,2023,W4387327030,1.0
I131729948,I4210128276,1,1,2023,W4387327030,1.0
I131729948,I4210138654,1,1,2023,W4387327030,1.0
I131729948,I4387153495,1,1,2023,W4387327030,1.0
I131729948,I71267560,1,1,2023,W4387327030,1.0
I131729948,I872922937,1,1,2023,W4387327030,1.0
I131729948,I8901234,1,1,2023,W4387327030,1.0
I131729948,I900890020,1,1,2023,W4387327030,1.0
I1317774081,I1326018075,1,1,2023,W4378905467,1.0
I1317774081,I138006243,1,1,2023,W4378905467,1.0
I1317774081,I138595864,1,1,2023,W4378905467,1.0
I1317774081,I138690464,1,1,2023,W4378905467,1.0
I1317774081,I141301092,1,1,2023,W4378905467,1.0
I1317774081,I145236414,1,1,2023,W4378905467,1.0
I1317774081,I149521062,1,1,2023,W4378905467,1.0
I1317774081,I159176309,1,1,2023,W4378905467,1.0
I1317774081,I161593684,1,1,2023,W4378905467,1.0
I1317774081,I169108374,1,1,2023,W4378905467,1.0
I1317774081,I174216632,1,1,2023,W4378905467,1.0
I1317774081,I176453806,1,1,2023,W4378905467,1.0
I1317774081,I193662353,1,1,2023,W4378905467,1.0
I1317774081,I19820366,1,1,2023,W4378905467,1.0
I1317774081,I201448701,1,1,2023,W4378905467,1.0
I1317774081,I23923803,1,1,2023,W4378905467,1.0
I1317774081,I25254941,1,1,2023,W4378905467,1.0
I1317774081,I2799973717,1,1,2023,W4378905467,1.0
I1317774081,I2800262456,1,1,2023,W4378905467,1.0
I1317774081,I315704651,1,1,2023,W4378905467,1.0
I1317774081,I4210092744,1,1,2023,W4378905467,1.0
I1317774081,I4210099977,1,1,2023,W4378905467,1.0
I1317774081,I4210102999,1,1,2023,W4378905467,1.0
I1317774081,I4210106352,1,1,2023,W4378905467,1.0
I1317774081,I4210106526,1,1,2023,W4378905467,1.0
I1317774081,I4210117555,1,1,2023,W4378905467,1.0
I1317774081,I4210122844,1,1,2023,W4378905467,1.0
I1317774081,I4210137309,1,1,2023,W4378905467,1.0
I1317774081,I4210139347,1,1,2023,W4378905467,1.0
I1317774081,I4210141715,1,1,2023,W4378905467,1.0
I1317774081,I4210165038,1,1,2023,W4378905467,1.0
I1317774081,I5023651,1,1,2023,W4378905467,1.0
I1317774081,I59270414,1,1,2023,W4378905467,1.0
I1317774081,I60200437,1,1,2023,W4378905467,1.0
I1317774081,I865915315,1,1,2023,W4378905467,1.0
I1317774081,I881766915,1,1,2023,W4378905467,1.0
I1317774081,I887064364,1,1,2023,W4378905467,1.0
I1317774081,I913481162,1,1,2023,W4378905467,1.0
I1317774081,I200296433,1,1,2023,W4384925410,1.0
I1317774081,I223822909,1,1,2023,W4384925410,1.0
I1317774081,I2801051648,1,1,2023,W4384925410,1.0
I1317774081,I2801228662,1,1,2023,W4384925410,1.0
I1317774081,I2802164966,1,1,2023,W4384925410,1.0
I1317774081,I40246663,1,1,2023,W4384925410,1.0
I1317774081,I4210089514,1,1,2023,W4384925410,1.0
I1317774081,I4210156643,1,1,2023,W4384925410,1.0
I1318617081,I20089843,1,1,2023,W4366425800,1.0
I1318617081,I29955533,1,1,2023,W4366425800,1.0
I1318617081,I57206974,1,1,2023,W4366425800,1.0
I1318617081,I79576946,1,1,2023,W4366425800,1.0
I1319306116,I204337017,1,1,2023,W4322006551,1.0
I1319306116,I205783295,1,1,2023,W4322006551,1.0
I1320320070,I1333606569,1,1,2023,W4388214052,1.0
I1320320070,I72816309,1,1,2023,W4388214052,1.0
I1320473756,I2799990285,1,1,2023,W4390105593,1.0
I1320473756,I4210116486,1,1,2023,W4390105593,1.0
I1320796813,I4210157890,1,1,2023,W4377197101,1.0
I1320796813,I16391192,1,1,2023,W4383681802,1.0
I1320796813,I2799810450,1,1,2023,W4383681802,1.0
I1320796813,I98704320,1,1,2023,W4383681802,1.0
I1321296531,I1330165540,1,1,2023,W4385671288,1.0
I1321296531,I135310074,1,1,2023,W4385671288,1.0
I1321296531,I148283060,1,1,2023,W4385671288,1.0
I1321296531,I161318765,1,1,2023,W4385671288,1.0
I1321296531,I170897317,1,1,2023,W4385671288,1.0
I1321296531,I201448701,1,1,2023,W4385671288,1.0
I1321296531,I241749,1,1,2023,W4385671288,1.0
I1321296531,I2801081054,1,1,2023,W4385671288,1.0
I1321296531,I40347166,1,1,2023,W4385671288,1.0
I1321296531,I40695006,1,1,2023,W4385671288,1.0
I1321296531,I4210110490,1,1,2023,W4385671288,1.0
I1321296531,I4210121988,1,1,2023,W4385671288,1.0
I1321296531,I4210147263,1,1,2023,W4385671288,1.0
I1321296531,I4210149682,1,1,2023,W4385671288,1.0
I1321296531,I5023651,1,1,2023,W4385671288,1.0
I1321296531,I5124864,1,1,2023,W4385671288,1.0
I1321296531,I5388228,1,1,2023,W4385671288,1.0
I1321296531,I63966007,1,1,2023,W4385671288,1.0
I1321296531,I95457486,1,1,2023,W4385671288,1.0
I1321296531,I95674353,1,1,2023,W4385671288,1.0
I1321296531,I4210109969,1,1,2023,W4386437602,1.0
I1321305853,I63966007,2,2,2023,W4363624465;W4366817968,0.5
I1321305853,I161318765,1,1,2023,W4375852308,1.0
I1321305853,I40347166,1,1,2023,W4386331164,1.0
I1321305853,I78577930,1,1,2023,W4386331164,1.0
I1321305853,I187481652,1,1,2023,W4387508266,1.0
I1321305853,I193374721,1,1,2023,W4387508266,1.0
I1321305853,I241749,1,1,2023,W4387508266,1.0
I1321305853,I2799771591,1,1,2023,W4387508266,1.0
I1321305853,I2800540659,1,1,2023,W4387508266,1.0
I1321305853,I2801851002,1,1,2023,W4387508266,1.0
I1321305853,I2802641067,1,1,2023,W4387508266,1.0
I1321305853,I40120149,1,1,2023,W4387508266,1.0
I1321305853,I4210134973,1,1,2023,W4387508266,1.0
I1321305853,I4387155932,1,1,2023,W4387508266,1.0
I1321305853,I51556381,1,1,2023,W4387508266,1.0
I1321305853,I70931966,1,1,2023,W4387508266,1.0
I132153292,I190249584,1,1,2023,W4389518753,1.0
I132153292,I4210162141,1,1,2023,W4389518753,1.0
I1322731696,I19894307,1,1,2023,W4389616438,1.0
I1322731696,I5124864,1,1,2023,W4389616438,1.0
I1322731696,I913481162,1,1,2023,W4389616438,1.0
I1323121030,I170230895,2,2,2023,W4361028617;W4390399551,0.5
I1323121030,I188922065,2,2,2023,W4361028617;W4390399551,0.5
I1323121030,I23574469,2,2,2023,W4361028617;W4390399551,0.5
I1323121030,I28941729,1,1,2023,W4361028617,1.0
I1323121030,I41073452,1,1,2023,W4361028617,1.0
I1323121030,I138622004,1,1,2023,W4390399551,1.0
I1323121030,I146583814,1,1,2023,W4390399551,1.0
I1323121030,I60587646,1,1,2023,W4390399551,1.0
I1323778983,I136199984,1,1,2023,W4365143687,1.0
I1323778983,I185261750,1,1,2023,W4365143687,1.0
I1323778983,I2801851002,1,1,2023,W4365143687,1.0
I1323778983,I32971472,1,1,2023,W4365143687,1.0
I1323778983,I4210125326,1,1,2023,W4365143687,1.0
I1323778983,I97018004,1,1,2023,W4365143687,1.0
I1324925910,I1325675289,1,1,2023,W4386697749,1.0
I1324925910,I146655781,1,1,2023,W4386697749,1.0
I1324925910,I150209017,1,1,2023,W4386697749,1.0
I1324925910,I165862685,1,1,2023,W4386697749,1.0
I1324925910,I177639307,1,1,2023,W4386697749,1.0
I1324925910,I183935753,1,1,2023,W4386697749,1.0
I1324925910,I201448701,1,1,2023,W4386697749,1.0
I1324925910,I205051169,1,1,2023,W4386697749,1.0
I1324925910,I23923803,1,1,2023,W4386697749,1.0
I1324925910,I2799390153,1,1,2023,W4386697749,1.0
I1324925910,I2802266942,1,1,2023,W4386697749,1.0
I1324925910,I2802775644,1,1,2023,W4386697749,1.0
I1324925910,I28407311,1,1,2023,W4386697749,1.0
I1324925910,I36234482,1,1,2023,W4386697749,1.0
I1324925910,I40120149,1,1,2023,W4386697749,1.0
I1324925910,I4210111135,1,1,2023,W4386697749,1.0
I1324925910,I4210126452,1,1,2023,W4386697749,1.0
I1324925910,I4210140114,1,1,2023,W4386697749,1.0
I1324925910,I4210150574,1,1,2023,W4386697749,1.0
I1324925910,I43439940,1,1,2023,W4386697749,1.0
I1324925910,I45129253,1,1,2023,W4386697749,1.0
I1324925910,I7882870,1,1,2023,W4386697749,1.0
I1324925910,I79510175,1,1,2023,W4386697749,1.0
I1324925910,I79619799,1,1,2023,W4386697749,1.0
I1324925910,I84884186,1,1,2023,W4386697749,1.0
I1324925910,I98677209,1,1,2023,W4386697749,1.0
I1325290502,I202697423,1,1,2023,W4389519268,1.0
I1325290502,I35440088,1,1,2023,W4389519268,1.0
I1325290502,I40120149,1,1,2023,W4389519268,1.0
I1325290502,I54157616,1,1,2023,W4389519268,1.0
I1325290502,I63664421,1,1,2023,W4389519268,1.0
I1325675289,I146655781,1,1,2023,W4386697749,1.0
I1325675289,I150209017,1,1,2023,W4386697749,1.0
I1325675289,I165862685,1,1,2023,W4386697749,1.0
I1325675289,I177639307,1,1,2023,W4386697749,1.0
I1325675289,I183935753,1,1,2023,W4386697749,1.0
I1325675289,I201448701,1,1,2023,W4386697749,1.0
I1325675289,I205051169,1,1,2023,W4386697749,1.0
I1325675289,I23923803,1,1,2023,W4386697749,1.0
I1325675289,I2799390153,1,1,2023,W4386697749,1.0
I1325675289,I2802266942,1,1,2023,W4386697749,1.0
I1325675289,I2802775644,1,1,2023,W4386697749,1.0
I1325675289,I28407311,1,1,2023,W4386697749,1.0
I1325675289,I36234482,1,1,2023,W4386697749,1.0
I1325675289,I40120149,1,1,2023,W4386697749,1.0
I1325675289,I4210111135,1,1,2023,W4386697749,1.0
I1325675289,I4210126452,1,1,2023,W4386697749,1.0
I1325675289,I4210140114,1,1,2023,W4386697749,1.0
I1325675289,I4210150574,2,2,2023,W4386697749;W4388287351,0.5
I1325675289,I43439940,1,1,2023,W4386697749,1.0
I1325675289,I45129253,2,2,2023,W4386697749;W4388287351,0.5
I1325675289,I7882870,1,1,2023,W4386697749,1.0
I1325675289,I79510175,1,1,2023,W4386697749,1.0
I1325675289,I79619799,1,1,2023,W4386697749,1.0
I1325675289,I84884186,1,1,2023,W4386697749,1.0
I1325675289,I98677209,1,1,2023,W4386697749,1.0
I1325675289,I159129438,1,1,2023,W4388287351,1.0
I1325675289,I29045822,1,1,2023,W4388287351,1.0
I1325675289,I4210088407,1,1,2023,W4388287351,1.0
I1325675289,I4210121083,1,1,2023,W4388287351,1.0
I1325675289,I4210130461,1,1,2023,W4388287351,1.0
I1325675289,I4210142730,1,1,2023,W4388287351,1.0
I1325675289,I70931966,1,1,2023,W4388287351,1.0
I1325899441,I185261750,3,3,2023,W4367602258;W4383904219;W4388540984,0.3333333333333333
I1325899441,I4210127509,2,2,2023,W4367602258;W4383904219,0.5
I1325899441,I154425047,1,1,2023,W4388540984,1.0
I1325899441,I2799376586,1,1,2023,W4388540984,1.0
I1325899441,I2800925808,1,1,2023,W4388540984,1.0
I1325899441,I2802285097,1,1,2023,W4388540984,1.0
I1325899441,I4399598460,1,1,2023,W4388540984,1.0
I1326018075,I138006243,1,1,2023,W4378905467,1.0
I1326018075,I138595864,1,1,2023,W4378905467,1.0
I1326018075,I138690464,1,1,2023,W4378905467,1.0
I1326018075,I141301092,1,1,2023,W4378905467,1.0
I1326018075,I145236414,1,1,2023,W4378905467,1.0
I1326018075,I149521062,1,1,2023,W4378905467,1.0
I1326018075,I159176309,1,1,2023,W4378905467,1.0
I1326018075,I161593684,1,1,2023,W4378905467,1.0
I1326018075,I169108374,1,1,2023,W4378905467,1.0
I1326018075,I174216632,1,1,2023,W4378905467,1.0
I1326018075,I176453806,1,1,2023,W4378905467,1.0
I1326018075,I193662353,1,1,2023,W4378905467,1.0
I1326018075,I19820366,1,1,2023,W4378905467,1.0
I1326018075,I201448701,1,1,2023,W4378905467,1.0
I1326018075,I23923803,1,1,2023,W4378905467,1.0
I1326018075,I25254941,1,1,2023,W4378905467,1.0
I1326018075,I2799973717,1,1,2023,W4378905467,1.0
I1326018075,I2800262456,1,1,2023,W4378905467,1.0
I1326018075,I315704651,1,1,2023,W4378905467,1.0
I1326018075,I4210092744,1,1,2023,W4378905467,1.0
I1326018075,I4210099977,1,1,2023,W4378905467,1.0
I1326018075,I4210102999,1,1,2023,W4378905467,1.0
I1326018075,I4210106352,1,1,2023,W4378905467,1.0
I1326018075,I4210106526,1,1,2023,W4378905467,1.0
I1326018075,I4210117555,1,1,2023,W4378905467,1.0
I1326018075,I4210122844,1,1,2023,W4378905467,1.0
I1326018075,I4210137309,1,1,2023,W4378905467,1.0
I1326018075,I4210139347,1,1,2023,W4378905467,1.0
I1326018075,I4210141715,1,1,2023,W4378905467,1.0
I1326018075,I4210165038,1,1,2023,W4378905467,1.0
I1326018075,I5023651,1,1,2023,W4378905467,1.0
I1326018075,I59270414,1,1,2023,W4378905467,1.0
I1326018075,I60200437,1,1,2023,W4378905467,1.0
I1326018075,I865915315,1,1,2023,W4378905467,1.0
I1326018075,I881766915,1,1,2023,W4378905467,1.0
I1326018075,I887064364,1,1,2023,W4378905467,1.0
I1326018075,I913481162,1,1,2023,W4378905467,1.0
I1326402746,I32881790,1,1,2023,W4388811394,1.0
I1326402746,I39063666,1,1,2023,W4388811394,1.0
I1326402746,I4210093292,1,1,2023,W4388811394,1.0
I1326402746,I4210100188,1,1,2023,W4388811394,1.0
I1326402746,I4210125092,1,1,2023,W4388811394,1.0
I1326402746,I4210125364,1,1,2023,W4388811394,1.0
I1326402746,I861853513,1,1,2023,W4388811394,1.0
I1326498283,I162838928,1,1,2023,W4296965999,1.0
I1326498283,I4210124949,1,1,2023,W4296965999,1.0
I1326498283,I99613584,1,1,2023,W4296965999,1.0
I1326498283,I145311948,1,1,2023,W4360978668,1.0
I1326498283,I4210099137,1,1,2023,W4360978668,1.0
I1326498283,I4210153468,1,1,2023,W4360978668,1.0
I1326498283,I4402554038,1,1,2023,W4360978668,1.0
I1326498283,I277688954,1,1,2023,W4366208220,1.0
I1326498283,I241749,1,1,2023,W4389520749,1.0
I1326498283,I4210096386,1,1,2023,W4389520749,1.0
I1326498283,I135310074,1,1,2023,W4389727268,1.0
I1326498283,I4210090411,1,1,2023,W4389727268,1.0
I1326498283,I4210113297,1,1,2023,W4389727268,1.0
I1326498283,I4210144566,1,1,2023,W4389727268,1.0
I1326498283,I39804081,1,1,2023,W4390872921,1.0
I1327237609,I165932596,1,1,2023,W4387496544,1.0
I1327237609,I2799299286,1,1,2023,W4387496544,1.0
I1327237609,I4210116917,1,1,2023,W4387496544,1.0
I1327237609,I4210126319,1,1,2023,W4387496544,1.0
I1327237609,I4210146690,1,1,2023,W4387496544,1.0
I1327237609,I82880672,1,1,2023,W4387496544,1.0
I1327237609,I191208505,1,1,2023,W4390873650,1.0
I1327237609,I4210105595,1,1,2023,W4390873650,1.0
I1327237609,I4210136793,1,1,2023,W4390873650,1.0
I1327237609,I194450716,1,1,2023,W4390874241,1.0
I1327237609,I4210131846,1,1,2023,W4390874241,1.0
I1327237609,I79619799,1,1,2023,W4390874241,1.0
I132806614,I171210897,1,1,2023,W4366425747,1.0
I132806614,I19716509,1,1,2023,W4366425747,1.0
I132806614,I2801380234,1,1,2023,W4366425747,1.0
I132806614,I2802423016,1,1,2023,W4366425747,1.0
I132806614,I3130844761,1,1,2023,W4366425747,1.0
I1330165540,I148283060,2,2,2023,W4380686968;W4385671288,0.5
I1330165540,I161318765,2,2,2023,W4380686968;W4385671288,0.5
I1330165540,I170897317,2,2,2023,W4380686968;W4385671288,0.5
I1330165540,I201448701,2,2,2023,W4380686968;W4385671288,0.5
I1330165540,I241749,2,2,2023,W4380686968;W4385671288,0.5
I1330165540,I2800220363,1,1,2023,W4380686968,1.0
I1330165540,I2801081054,2,2,2023,W4380686968;W4385671288,0.5
I1330165540,I2802212502,1,1,2023,W4380686968,1.0
I1330165540,I36194607,1,1,2023,W4380686968,1.0
I1330165540,I39422238,1,1,2023,W4380686968,1.0
I1330165540,I40347166,2,2,2023,W4380686968;W4385671288,0.5
I1330165540,I4210094653,1,1,2023,W4380686968,1.0
I1330165540,I4210095073,1,1,2023,W4380686968,1.0
I1330165540,I4210107755,1,1,2023,W4380686968,1.0
I1330165540,I4210110490,2,2,2023,W4380686968;W4385671288,0.5
I1330165540,I4210121988,2,2,2023,W4380686968;W4385671288,0.5
I1330165540,I4210132596,1,1,2023,W4380686968,1.0
I1330165540,I4210138199,1,1,2023,W4380686968,1.0
I1330165540,I4210147263,2,2,2023,W4380686968;W4385671288,0.5
I1330165540,I5023651,2,2,2023,W4380686968;W4385671288,0.5
I1330165540,I5124864,2,2,2023,W4380686968;W4385671288,0.5
I1330165540,I5388228,2,2,2023,W4380686968;W4385671288,0.5
I1330165540,I54166199,1,1,2023,W4380686968,1.0
I1330165540,I63966007,2,2,2023,W4380686968;W4385671288,0.5
I1330165540,I95457486,2,2,2023,W4380686968;W4385671288,0.5
I1330165540,I95674353,2,2,2023,W4380686968;W4385671288,0.5
I1330165540,I135310074,1,1,2023,W4385671288,1.0
I1330165540,I40695006,1,1,2023,W4385671288,1.0
I1330165540,I4210149682,1,1,2023,W4385671288,1.0
I1330995197,I4210141865,1,1,2023,W4386609370,1.0
I1331816111,I154130895,1,1,2023,W4327981907,1.0
I1331816111,I156171363,1,1,2023,W4327981907,1.0
I1331816111,I185492890,1,1,2023,W4327981907,1.0
I1331816111,I41156924,1,1,2023,W4327981907,1.0
I1331816111,I4210126461,1,1,2023,W4327981907,1.0
I1331816111,I4210150450,1,1,2023,W4327981907,1.0
I1331816111,I4210160517,1,1,2023,W4327981907,1.0
I1331816111,I45935490,1,1,2023,W4327981907,1.0
I1331816111,I52179390,1,1,2023,W4327981907,1.0
I1331816111,I62912653,1,1,2023,W4327981907,1.0
I1331816111,I80281795,1,1,2023,W4327981907,1.0
I133190216,I4210107518,2,2,2023,W4376142471;W4412463333,0.5
I133190216,I4210148693,2,2,2023,W4376142471;W4412463333,0.5
I133190216,I5518804,2,2,2023,W4376142471;W4412463333,0.5
I1332258667,I4210090411,1,1,2023,W4388488609,1.0
I1332258667,I47508984,1,1,2023,W4388488609,1.0
I1332596392,I136199984,1,1,2023,W4389740440,1.0
I1332596392,I2250653659,1,1,2023,W4389740440,1.0
I1332596392,I24185976,1,1,2023,W4389740440,1.0
I1332596392,I4210087915,1,1,2023,W4389740440,1.0
I1332596392,I4210115081,1,1,2023,W4389740440,1.0
I1332596392,I4210155419,1,1,2023,W4389740440,1.0
I1332596392,I4210157861,1,1,2023,W4389740440,1.0
I1333606569,I72816309,1,1,2023,W4388214052,1.0
I1333651918,I156406944,1,1,2023,W4386384991,1.0
I1333651918,I166337079,1,1,2023,W4386384991,1.0
I1333651918,I4210111325,1,1,2023,W4386384991,1.0
I1333651918,I4210129200,1,1,2023,W4386384991,1.0
I1333742007,I165690674,1,1,2023,W4386572315,1.0
I1333742007,I173654999,1,1,2023,W4386572315,1.0
I1333742007,I204308271,1,1,2023,W4386572315,1.0
I1333742007,I241749,1,1,2023,W4386572315,1.0
I1333742007,I2799299286,1,1,2023,W4386572315,1.0
I1333742007,I36258959,1,1,2023,W4386572315,1.0
I1333742007,I4210087915,1,1,2023,W4386572315,1.0
I1333742007,I4210116917,1,1,2023,W4386572315,1.0
I1333742007,I4210127055,1,1,2023,W4386572315,1.0
I1333742007,I4210150574,1,1,2023,W4386572315,1.0
I1333742007,I45129253,1,1,2023,W4386572315,1.0
I1333742007,I51713134,1,1,2023,W4386572315,1.0
I1333742007,I97018004,1,1,2023,W4386572315,1.0
I1333742007,I98704320,1,1,2023,W4386572315,1.0
I1334536514,I27804330,1,1,2023,W4386172820,1.0
I1334536514,I32971472,1,1,2023,W4386172820,1.0
I1334627681,I97018004,1,1,2023,W4387876242,1.0
I1334819555,I150468666,3,3,2023,W4362594575;W4386272462;W4389070723,0.3333333333333333
I1334819555,I4210109911,1,1,2023,W4386272462,1.0
I1334819555,I98704320,1,1,2023,W4386272462,1.0
I1334819555,I4210108778,1,1,2023,W4387744047,1.0
I1334819555,I78650965,1,1,2023,W4387744047,1.0
I1334819555,I887968799,1,1,2023,W4387744047,1.0
I1334819555,I180670191,1,1,2023,W4387821331,1.0
I1334819555,I4210137306,1,1,2023,W4387821331,1.0
I1334819555,I97018004,1,1,2023,W4387821331,1.0
I1334819555,I4210100202,1,1,2023,W4389070723,1.0
I1334819555,I4390039307,1,1,2023,W4389070723,1.0
I1334819555,I76134821,1,1,2023,W4390350207,1.0
I1334950195,I141962983,1,1,2023,W4378188762,1.0
I1334950195,I4210151021,1,1,2023,W4378188762,1.0
I133529467,I2800744764,1,1,2023,W4388858816,1.0
I133529467,I4387153077,1,1,2023,W4388858816,1.0
I133529467,I70640408,1,1,2023,W4388858816,1.0
I1335321130,I136199984,1,1,2023,W4378718543,1.0
I1335321130,I165733156,1,1,2023,W4378718543,1.0
I1335321130,I185103710,1,1,2023,W4378718543,1.0
I1335321130,I186143895,1,1,2023,W4378718543,1.0
I1335321130,I2802423016,1,1,2023,W4378718543,1.0
I1335321130,I4210087915,1,1,2023,W4378718543,1.0
I1335321130,I4210101778,1,1,2023,W4378718543,1.0
I1335321130,I4210127693,1,1,2023,W4378718543,1.0
I1335321130,I4210146710,1,1,2023,W4378718543,1.0
I1335321130,I79576946,2,2,2023,W4378718543;W4385848332,0.5
I1335321130,I919571938,1,1,2023,W4378718543,1.0
I1335321130,I97018004,1,1,2023,W4378718543,1.0
I1335321130,I78577930,1,1,2023,W4385848332,1.0
I1335486098,I189210763,1,1,2023,W4389933364,1.0
I1335486098,I4210115146,1,1,2023,W4389933364,1.0
I1335486098,I74872605,1,1,2023,W4389933364,1.0
I1335486098,I867306930,1,1,2023,W4389933364,1.0
I1336263701,I2802015276,1,1,2023,W4381547631,1.0
I1336263701,I2802711169,1,1,2023,W4381547631,1.0
I1336263701,I40120149,1,1,2023,W4381547631,1.0
I1336263701,I4210092957,1,1,2023,W4381547631,1.0
I1336263701,I4210102012,1,1,2023,W4381547631,1.0
I1336263701,I4210114115,1,1,2023,W4381547631,1.0
I1336263701,I5626980,1,1,2023,W4381547631,1.0
I133731052,I4210153468,1,1,2023,W4366547999,1.0
I133731052,I6059380,1,1,2023,W4366547999,1.0
I133731052,I78577930,1,1,2023,W4366547999,1.0
I133731052,I9927081,1,1,2023,W4366549000,1.0
I133731052,I28407311,1,1,2023,W4389523980,1.0
I133731052,I53592917,1,1,2023,W4389523980,1.0
I133738476,I133868755,1,1,2023,W4387973771,1.0
I133738476,I177605424,1,1,2023,W4387973771,1.0
I133738476,I24603500,1,1,2023,W4387973771,1.0
I133738476,I4210095851,1,1,2023,W4387973771,1.0
I133743585,I4210127308,1,1,2023,W4316041216,1.0
I133743585,I190765188,1,1,2023,W4353008813,1.0
I133743585,I4210132454,1,1,2023,W4385663481,1.0
I133769559,I2802348842,1,1,2023,W4386211085,1.0
I133769559,I4387152206,1,1,2023,W4386211085,1.0
I133769559,I45294948,1,1,2023,W4386211085,1.0
I133769559,I61923386,1,1,2023,W4386211085,1.0
I133769559,I63739035,1,1,2023,W4386211085,1.0
I133771110,I204722609,2,2,2023,W4318257512;W4389437528,0.5
I1337719021,I165779595,1,1,2023,W4322743583,1.0
I1337719021,I4391768102,1,1,2023,W4322743583,1.0
I1337719021,I5681781,1,1,2023,W4322743583,1.0
I1337719021,I82951845,1,1,2023,W4322743583,1.0
I133868755,I177605424,1,1,2023,W4387973771,1.0
I133868755,I24603500,1,1,2023,W4387973771,1.0
I133868755,I4210095851,1,1,2023,W4387973771,1.0
I133868755,I36399199,1,1,2023,W4389213130,1.0
I1339471597,I2800516725,1,1,2023,W4376114558,1.0
I1339471597,I2801184099,1,1,2023,W4376114558,1.0
I1339471597,I2802416069,1,1,2023,W4376114558,1.0
I1339471597,I4210089629,1,1,2023,W4376114558,1.0
I1339471597,I84884186,1,1,2023,W4376114558,1.0
I133999245,I183067930,1,1,2023,W4382682956,1.0
I1340179700,I205783295,1,1,2023,W4366580365,1.0
I1340179700,I4210096498,1,1,2023,W4366580365,1.0
I1340179700,I4387153466,1,1,2023,W4366580365,1.0
I1340179700,I79576946,1,1,2023,W4366580365,1.0
I1340728805,I199417121,2,2,2023,W4382118328;W4383428262,0.5
I1340728805,I70593384,2,2,2023,W4382118328;W4383428262,0.5
I1340728805,I78650965,2,2,2023,W4382118328;W4383428262,0.5
I1340728805,I166433441,1,1,2023,W4383428262,1.0
I134085113,I134140186,1,1,2023,W4360620450,1.0
I134085113,I142740786,1,1,2023,W4360620450,1.0
I134085113,I147554453,1,1,2023,W4360620450,1.0
I134085113,I150870154,1,1,2023,W4360620450,1.0
I134085113,I168719708,1,1,2023,W4360620450,1.0
I134085113,I169199633,1,1,2023,W4360620450,1.0
I134085113,I169335092,1,1,2023,W4360620450,1.0
I134085113,I171543936,1,1,2023,W4360620450,1.0
I134085113,I181369854,1,1,2023,W4360620450,1.0
I134085113,I181418319,1,1,2023,W4360620450,1.0
I134085113,I181565077,1,1,2023,W4360620450,1.0
I134085113,I181647926,1,1,2023,W4360620450,1.0
I134085113,I185163786,1,1,2023,W4360620450,1.0
I134085113,I188538660,1,1,2023,W4360620450,1.0
I134085113,I19648265,1,1,2023,W4360620450,1.0
I134085113,I204593131,1,1,2023,W4360620450,1.0
I134085113,I24027795,1,1,2023,W4360620450,1.0
I134085113,I244572783,1,1,2023,W4360620450,1.0
I134085113,I255234318,1,1,2023,W4360620450,1.0
I134085113,I25846049,1,1,2023,W4360620450,1.0
I134085113,I2613432,1,1,2023,W4360620450,1.0
I134085113,I27878738,1,1,2023,W4360620450,1.0
I134085113,I2802797706,1,1,2023,W4360620450,1.0
I134085113,I28407311,1,1,2023,W4360620450,1.0
I134085113,I31746571,1,1,2023,W4360620450,1.0
I134085113,I32394136,1,1,2023,W4360620450,1.0
I134085113,I36234482,1,1,2023,W4360620450,1.0
I134085113,I39586589,1,1,2023,W4360620450,1.0
I134085113,I4210131537,1,1,2023,W4360620450,1.0
I134085113,I4390039323,1,1,2023,W4360620450,1.0
I134085113,I4394709253,1,1,2023,W4360620450,1.0
I134085113,I44430492,1,1,2023,W4360620450,1.0
I134085113,I47818738,1,1,2023,W4360620450,1.0
I134085113,I55060895,1,1,2023,W4360620450,1.0
I134085113,I63098007,1,1,2023,W4360620450,1.0
I134085113,I68891433,1,1,2023,W4360620450,1.0
I134085113,I71052956,1,1,2023,W4360620450,1.0
I134085113,I78715868,1,1,2023,W4360620450,1.0
I134085113,I80281795,1,1,2023,W4360620450,1.0
I134085113,I91136226,1,1,2023,W4360620450,1.0
I134085113,I9300472,1,1,2023,W4360620450,1.0
I134085113,I931969281,1,1,2023,W4360620450,1.0
I134085113,I9360294,1,1,2023,W4360620450,1.0
I134085113,I98358874,1,1,2023,W4360620450,1.0
I134113660,I1343551460,5,5,2023,W4320709434;W4366368023;W4378232928;W4379094566;W4386772055,0.2
I134113660,I181547552,6,6,2023,W4320709434;W4366368023;W4378232928;W4379094566;W4386772055;W4390277067,0.16666666666666666
I134113660,I205783295,6,6,2023,W4320709434;W4366368023;W4378232928;W4379094566;W4386772055;W4390277067,0.16666666666666666
I134113660,I2802216851,5,5,2023,W4320709434;W4366368023;W4378232928;W4379094566;W4386772055,0.2
I134113660,I4210092922,6,6,2023,W4320709434;W4366368023;W4378232928;W4379094566;W4386772055;W4390277067,0.16666666666666666
I134113660,I4210109259,6,6,2023,W4320709434;W4366368023;W4378232928;W4379094566;W4386772055;W4390277067,0.16666666666666666
I134113660,I4210114445,6,6,2023,W4320709434;W4366368023;W4378232928;W4379094566;W4386772055;W4390277067,0.16666666666666666
I134113660,I4387153466,5,5,2023,W4320709434;W4366368023;W4379094566;W4386772055;W4390277067,0.2
I134113660,I55302922,6,6,2023,W4320709434;W4366368023;W4378232928;W4379094566;W4386772055;W4390277067,0.16666666666666666
I134113660,I94734805,2,2,2023,W4320709434;W4378232928,0.5
I134113660,I4210105967,1,1,2023,W4378232928,1.0
I134113660,I2801502816,1,1,2023,W4386772055,1.0
I134113660,I91045830,1,1,2023,W4386772055,1.0
I134113660,I241749,1,1,2023,W4390277067,1.0
I134113660,I4210090013,1,1,2023,W4390277067,1.0
I134113660,I4210096386,1,1,2023,W4390277067,1.0
I134140186,I142740786,1,1,2023,W4360620450,1.0
I134140186,I147554453,1,1,2023,W4360620450,1.0
I134140186,I150870154,1,1,2023,W4360620450,1.0
I134140186,I168719708,1,1,2023,W4360620450,1.0
I134140186,I169199633,1,1,2023,W4360620450,1.0
I134140186,I169335092,1,1,2023,W4360620450,1.0
I134140186,I171543936,1,1,2023,W4360620450,1.0
I134140186,I181369854,1,1,2023,W4360620450,1.0
I134140186,I181418319,1,1,2023,W4360620450,1.0
I134140186,I181565077,1,1,2023,W4360620450,1.0
I134140186,I181647926,1,1,2023,W4360620450,1.0
I134140186,I185163786,1,1,2023,W4360620450,1.0
I134140186,I188538660,1,1,2023,W4360620450,1.0
I134140186,I19648265,1,1,2023,W4360620450,1.0
I134140186,I204593131,1,1,2023,W4360620450,1.0
I134140186,I24027795,1,1,2023,W4360620450,1.0
I134140186,I244572783,1,1,2023,W4360620450,1.0
I134140186,I255234318,1,1,2023,W4360620450,1.0
I134140186,I25846049,1,1,2023,W4360620450,1.0
I134140186,I2613432,1,1,2023,W4360620450,1.0
I134140186,I27878738,1,1,2023,W4360620450,1.0
I134140186,I2802797706,1,1,2023,W4360620450,1.0
I134140186,I28407311,1,1,2023,W4360620450,1.0
I134140186,I31746571,1,1,2023,W4360620450,1.0
I134140186,I32394136,1,1,2023,W4360620450,1.0
I134140186,I36234482,1,1,2023,W4360620450,1.0
I134140186,I39586589,1,1,2023,W4360620450,1.0
I134140186,I4210131537,1,1,2023,W4360620450,1.0
I134140186,I4390039323,1,1,2023,W4360620450,1.0
I134140186,I4394709253,1,1,2023,W4360620450,1.0
I134140186,I44430492,1,1,2023,W4360620450,1.0
I134140186,I47818738,1,1,2023,W4360620450,1.0
I134140186,I55060895,1,1,2023,W4360620450,1.0
I134140186,I63098007,1,1,2023,W4360620450,1.0
I134140186,I68891433,1,1,2023,W4360620450,1.0
I134140186,I71052956,1,1,2023,W4360620450,1.0
I134140186,I78715868,1,1,2023,W4360620450,1.0
I134140186,I80281795,1,1,2023,W4360620450,1.0
I134140186,I91136226,1,1,2023,W4360620450,1.0
I134140186,I9300472,1,1,2023,W4360620450,1.0
I134140186,I931969281,1,1,2023,W4360620450,1.0
I134140186,I9360294,1,1,2023,W4360620450,1.0
I134140186,I98358874,1,1,2023,W4360620450,1.0
I1341412227,I4210103279,1,1,2023,W4381245607,1.0
I1341412227,I201448701,1,1,2023,W4386071656,1.0
I1341412227,I24603500,1,1,2023,W4386071656,1.0
I1341412227,I4210109586,1,1,2023,W4386071656,1.0
I1341412227,I154570441,1,1,2023,W4386075490,1.0
I1341640284,I154099455,1,1,2023,W4389524228,1.0
I1341640284,I4210113369,1,1,2023,W4389524228,1.0
I134276161,I151746803,1,1,2023,W4363650973,1.0
I134276161,I181063083,1,1,2023,W4363650973,1.0
I134276161,I28022161,1,1,2023,W4363650973,1.0
I134276161,I29698356,1,1,2023,W4363650973,1.0
I134276161,I4387154749,1,1,2023,W4363650973,1.0
I134276161,I76957882,1,1,2023,W4363650973,1.0
I1342911587,I81556334,1,1,2023,W4386869376,1.0
I1342924430,I142767807,1,1,2023,W4383710066,1.0
I1342924430,I2800817003,1,1,2023,W4383710066,1.0
I1342924430,I165779595,1,1,2023,W4388347957,1.0
I1342924430,I177725633,1,1,2023,W4388347957,1.0
I1342924430,I17877952,1,1,2023,W4388347957,1.0
I1342924430,I223822909,1,1,2023,W4388347957,1.0
I1342924430,I2800288331,1,1,2023,W4388347957,1.0
I1342924430,I2800555584,1,1,2023,W4388347957,1.0
I1342924430,I2802164966,1,1,2023,W4388347957,1.0
I1342924430,I2802965805,1,1,2023,W4388347957,1.0
I1342924430,I2961216182,1,1,2023,W4388347957,1.0
I1342924430,I3018771216,1,1,2023,W4388347957,1.0
I1342924430,I4210094363,1,1,2023,W4388347957,1.0
I1342924430,I4210106397,1,1,2023,W4388347957,1.0
I1342924430,I4210114248,1,1,2023,W4388347957,1.0
I1342924430,I4210119117,1,1,2023,W4388347957,1.0
I1342924430,I4210143330,1,1,2023,W4388347957,1.0
I1342924430,I4210151091,1,1,2023,W4388347957,1.0
I1342924430,I4210153126,1,1,2023,W4388347957,1.0
I1342924430,I4210153139,1,1,2023,W4388347957,1.0
I1342924430,I4210156450,1,1,2023,W4388347957,1.0
I1342924430,I99464096,1,1,2023,W4388347957,1.0
I1342924430,I136199984,1,1,2023,W4388625750,1.0
I1342924430,I2800277294,1,1,2023,W4388625750,1.0
I1342924430,I2801809904,1,1,2023,W4388625750,1.0
I1342924430,I40120149,1,1,2023,W4388625750,1.0
I1342924430,I4210161256,1,1,2023,W4388625750,1.0
I1342924430,I98251732,1,1,2023,W4388625750,1.0
I1343180700,I4210127509,1,1,2023,W4387635006,1.0
I1343551460,I181547552,6,6,2023,W4320709434;W4366368023;W4378232928;W4379094566;W4386772055;W4387014587,0.16666666666666666
I1343551460,I205783295,6,6,2023,W4320709434;W4366368023;W4378232928;W4379094566;W4386772055;W4387014587,0.16666666666666666
I1343551460,I2802216851,6,6,2023,W4320709434;W4366368023;W4378232928;W4379094566;W4386772055;W4387014587,0.16666666666666666
I1343551460,I4210092922,6,6,2023,W4320709434;W4366368023;W4378232928;W4379094566;W4386772055;W4387014587,0.16666666666666666
I1343551460,I4210109259,6,6,2023,W4320709434;W4366368023;W4378232928;W4379094566;W4386772055;W4387014587,0.16666666666666666
I1343551460,I4210114445,6,6,2023,W4320709434;W4366368023;W4378232928;W4379094566;W4386772055;W4387014587,0.16666666666666666
I1343551460,I4387153466,5,5,2023,W4320709434;W4366368023;W4379094566;W4386772055;W4387014587,0.2
I1343551460,I55302922,6,6,2023,W4320709434;W4366368023;W4378232928;W4379094566;W4386772055;W4387014587,0.16666666666666666
I1343551460,I94734805,3,3,2023,W4320709434;W4378232928;W4387014587,0.3333333333333333
I1343551460,I4210105967,1,1,2023,W4378232928,1.0
I1343551460,I138801177,3,3,2023,W4383737134;W4383860339;W4388725733,0.3333333333333333
I1343551460,I177877127,1,1,2023,W4383737134,1.0
I1343551460,I180291457,3,3,2023,W4383737134;W4383860339;W4388725733,0.3333333333333333
I1343551460,I201384688,3,3,2023,W4383737134;W4383860339;W4388725733,0.3333333333333333
I1343551460,I4210146979,2,2,2023,W4383737134;W4388725733,0.5
I1343551460,I5400463,3,3,2023,W4383737134;W4383860339;W4388725733,0.3333333333333333
I1343551460,I165779595,2,2,2023,W4383860339;W4388725733,0.5
I1343551460,I4210142395,1,1,2023,W4383860339,1.0
I1343551460,I2801502816,1,1,2023,W4386772055,1.0
I1343551460,I91045830,1,1,2023,W4386772055,1.0
I1343551460,I241749,1,1,2023,W4387014587,1.0
I1343551460,I136199984,1,1,2023,W4387296387,1.0
I1343551460,I33213144,1,1,2023,W4387296387,1.0
I1343551460,I4210087356,1,1,2023,W4387296387,1.0
I1343551460,I4210087915,1,1,2023,W4387296387,1.0
I1343871089,I157485424,1,1,2023,W4386075565,1.0
I1344073410,I148283060,1,1,2023,W4318071656,1.0
I1344073410,I180670191,1,1,2023,W4318071656,1.0
I1344073410,I2801935854,1,1,2023,W4318071656,1.0
I1344073410,I4210088273,1,1,2023,W4318071656,1.0
I1344073410,I4210120900,1,1,2023,W4318071656,1.0
I1344073410,I4210155268,1,1,2023,W4318071656,1.0
I1344073410,I95457486,1,1,2023,W4318071656,1.0
I1344073410,I136199984,1,1,2023,W4383957026,1.0
I1344073410,I139264467,1,1,2023,W4383957026,1.0
I1344073410,I201448701,1,1,2023,W4383957026,1.0
I1344073410,I241749,1,1,2023,W4383957026,1.0
I1344073410,I2799503643,1,1,2023,W4383957026,1.0
I1344073410,I2801851002,1,1,2023,W4383957026,1.0
I1344073410,I29607241,1,1,2023,W4383957026,1.0
I1344073410,I4210152047,1,1,2023,W4383957026,1.0
I1344073410,I63966007,1,1,2023,W4383957026,1.0
I1344073410,I78577930,1,1,2023,W4383957026,1.0
I1344076864,I136199984,1,1,2023,W4384457683,1.0
I1344076864,I150468666,1,1,2023,W4384457683,1.0
I1344076864,I180670191,1,1,2023,W4384457683,1.0
I1344076864,I2799899409,1,1,2023,W4384457683,1.0
I1344076864,I2801248553,1,1,2023,W4384457683,1.0
I1344076864,I4210101190,1,1,2023,W4384457683,1.0
I1344076864,I4210137306,1,1,2023,W4384457683,1.0
I1344076864,I4210167126,1,1,2023,W4384457683,1.0
I1344076864,I4387154595,1,1,2023,W4384457683,1.0
I1344076864,I63966007,1,1,2023,W4384457683,1.0
I1344076864,I97018004,1,1,2023,W4384457683,1.0
I134446601,I889458895,1,1,2023,W4319300158,1.0
I134446601,I95457486,16,16,2023,W4319300158;W4366548330;W4379046986;W4383679928;W4384155024;W4386065512;W4386072042;W4386072256;W4387321091;W4387993441;W4388002357;W4389429156;W4389519108;W4390872297;W4390873372;W4390874074,0.0625
I134446601,I205783295,2,2,2023,W4366548330;W4383679928,0.5
I134446601,I201448701,1,1,2023,W4386065512,1.0
I134446601,I308392441,1,1,2023,W4386072042,1.0
I134446601,I36258959,1,1,2023,W4387321091,1.0
I134446601,I97018004,1,1,2023,W4387321091,1.0
I134446601,I39804081,1,1,2023,W4388002357,1.0
I134446601,I41156924,1,1,2023,W4388002357,1.0
I134446601,I4210128584,1,1,2023,W4388002357,1.0
I134446601,I4210164802,1,1,2023,W4388002357,1.0
I134446601,I45129253,1,1,2023,W4388002357,1.0
I134446601,I70931966,1,1,2023,W4388002357,1.0
I134446601,I80281795,1,1,2023,W4388002357,1.0
I134446601,I4210164937,1,1,2023,W4389519108,1.0
I134446601,I68891433,1,1,2023,W4389519108,1.0
I134446601,I57206974,1,1,2023,W4390872297,1.0
I134446601,I74973139,1,1,2023,W4390873372,1.0
I134446601,I157725225,1,1,2023,W4390874074,1.0
I134446601,I20231570,1,1,2023,W4390874074,1.0
I134446601,I881766915,1,1,2023,W4390874074,1.0
I134560555,I142934699,1,1,2023,W4366454938,1.0
I134560555,I145311948,1,1,2023,W4366454938,1.0
I134560555,I154570441,1,1,2023,W4366454938,1.0
I134560555,I17626003,1,1,2023,W4366454938,1.0
I134560555,I17866349,1,1,2023,W4366454938,1.0
I134560555,I183974707,1,1,2023,W4366454938,1.0
I134560555,I205783295,1,1,2023,W4366454938,1.0
I134560555,I4210127646,1,1,2023,W4366454938,1.0
I134560555,I4210133362,1,1,2023,W4366454938,1.0
I134560555,I66946132,1,1,2023,W4366454938,1.0
I134560555,I70983195,1,1,2023,W4366454938,1.0
I134560555,I76903346,1,1,2023,W4366454938,1.0
I134705546,I79516672,1,1,2023,W4386458312,1.0
I134705546,I82571370,1,1,2023,W4386458312,1.0
I134705546,I94511900,1,1,2023,W4386458312,1.0
I134841294,I151013683,1,1,2023,W4385302680,1.0
I134841294,I4210153274,1,1,2023,W4385302680,1.0
I134841294,I4210163399,1,1,2023,W4385302680,1.0
I135140700,I2799391451,1,1,2023,W4390546602,1.0
I135140700,I4210093108,1,1,2023,W4390546602,1.0
I1351752,I66514158,1,1,2023,W4384826610,1.0
I135191193,I19820366,1,1,2023,W4390224967,1.0
I135191193,I4210094879,1,1,2023,W4390224967,1.0
I135191193,I55769427,1,1,2023,W4390224967,1.0
I135237710,I75381157,1,1,2023,W4315479125,1.0
I135237710,I88830068,1,1,2023,W4315479125,1.0
I135237710,I91600406,1,1,2023,W4315479125,1.0
I135310074,I148283060,1,1,2023,W4385671288,1.0
I135310074,I161318765,1,1,2023,W4385671288,1.0
I135310074,I170897317,1,1,2023,W4385671288,1.0
I135310074,I201448701,1,1,2023,W4385671288,1.0
I135310074,I241749,1,1,2023,W4385671288,1.0
I135310074,I2801081054,1,1,2023,W4385671288,1.0
I135310074,I40347166,1,1,2023,W4385671288,1.0
I135310074,I40695006,1,1,2023,W4385671288,1.0
I135310074,I4210110490,1,1,2023,W4385671288,1.0
I135310074,I4210121988,1,1,2023,W4385671288,1.0
I135310074,I4210147263,1,1,2023,W4385671288,1.0
I135310074,I4210149682,1,1,2023,W4385671288,1.0
I135310074,I5023651,1,1,2023,W4385671288,1.0
I135310074,I5124864,1,1,2023,W4385671288,1.0
I135310074,I5388228,1,1,2023,W4385671288,1.0
I135310074,I63966007,1,1,2023,W4385671288,1.0
I135310074,I95457486,2,2,2023,W4385671288;W4389736946,0.5
I135310074,I95674353,1,1,2023,W4385671288,1.0
I135310074,I4210164937,1,1,2023,W4386076027,1.0
I135310074,I78577930,1,1,2023,W4386076027,1.0
I135310074,I154570441,1,1,2023,W4387294423,1.0
I135310074,I165733156,2,2,2023,W4387294423;W4390100389,0.5
I135310074,I4210090411,1,1,2023,W4389727268,1.0
I135310074,I4210113297,1,1,2023,W4389727268,1.0
I135310074,I4210144566,1,1,2023,W4389727268,1.0
I135310074,I151746483,1,1,2023,W4389736946,1.0
I135310074,I157725225,2,2,2023,W4389736946;W4390100389,0.5
I135310074,I2803209242,1,1,2023,W4389736946,1.0
I135310074,I36258959,1,1,2023,W4389736946,1.0
I135310074,I4210114312,1,1,2023,W4389736946,1.0
I135310074,I4210164146,1,1,2023,W4389736946,1.0
I135310074,I66946132,2,2,2023,W4389736946;W4390100389,0.5
I135310074,I889937125,1,1,2023,W4389736946,1.0
I135310074,I97018004,1,1,2023,W4389736946,1.0
I135310074,I170201317,1,1,2023,W4390100389,1.0
I135310074,I177721651,1,1,2023,W4401386783,1.0
I135598925,I173212132,1,1,2023,W4387485606,1.0
I135598925,I98957242,1,1,2023,W4387969013,1.0
I135768898,I20231570,1,1,2023,W4389201667,1.0
I135768898,I32038505,1,1,2023,W4389201667,1.0
I135768898,I35928602,1,1,2023,W4389201667,1.0
I135768898,I39854758,1,1,2023,W4389201667,1.0
I135768898,I4210152127,1,1,2023,W4389201667,1.0
I135768898,I91045830,1,1,2023,W4389201667,1.0
I136040515,I159650629,1,1,2023,W4383187389,1.0
I136040515,I2802050225,1,1,2023,W4383187389,1.0
I136040515,I304852291,1,1,2023,W4383187389,1.0
I136040515,I4210087039,1,1,2023,W4383187389,1.0
I136040515,I4210100188,1,1,2023,W4383187389,1.0
I136040515,I4210125092,1,1,2023,W4383187389,1.0
I136040515,I4210125364,1,1,2023,W4383187389,1.0
I136040515,I4210129357,1,1,2023,W4383187389,1.0
I136040515,I4210140856,1,1,2023,W4383187389,1.0
I136040515,I4210141898,1,1,2023,W4383187389,1.0
I136040515,I4210147442,1,1,2023,W4383187389,1.0
I136199984,I4210092658,3,3,2023,W4318765555;W4327909454;W4385490607,0.3333333333333333
I136199984,I141945490,1,1,2023,W4319299947,1.0
I136199984,I83019370,1,1,2023,W4319299947,1.0
I136199984,I2801851002,4,4,2023,W4327909454;W4365143687;W4383957026;W4385653699,0.25
I136199984,I4210164862,4,4,2023,W4327909454;W4377966413;W4385490607;W4386447283,0.25
I136199984,I97018004,8,8,2023,W4327909454;W4365143687;W4377966413;W4378718543;W4384457683;W4385490607;W4386714656;W4389518686,0.125
I136199984,I98704320,1,1,2023,W4327909454,1.0
I136199984,I4210105678,1,1,2023,W4361855702,1.0
I136199984,I4210164937,1,1,2023,W4361855702,1.0
I136199984,I165733156,5,5,2023,W4362655923;W4378718543;W4385988359;W4387642400;W4389903841,0.2
I136199984,I189196454,4,4,2023,W4362655923;W4385988359;W4387642400;W4389903841,0.25
I136199984,I30809798,4,4,2023,W4362655923;W4385988359;W4387642400;W4389903841,0.25
I136199984,I4210087915,14,14,2023,W4362655923;W4366333677;W4378718543;W4381480701;W4383164035;W4385988359;W4386447283;W4387241391;W4387296387;W4387642400;W4389205282;W4389213050;W4389740440;W4389903841,0.07142857142857142
I136199984,I4210135459,4,4,2023,W4362655923;W4385988359;W4387642400;W4389903841,0.25
I136199984,I4210157781,4,4,2023,W4362655923;W4385988359;W4387642400;W4389903841,0.25
I136199984,I87445476,2,2,2023,W4362655923;W4385988359,0.5
I136199984,I88830068,2,2,2023,W4362655923;W4385988359,0.5
I136199984,I185261750,1,1,2023,W4365143687,1.0
I136199984,I32971472,1,1,2023,W4365143687,1.0
I136199984,I4210125326,1,1,2023,W4365143687,1.0
I136199984,I55769427,1,1,2023,W4376637945,1.0
I136199984,I192619145,1,1,2023,W4376871976,1.0
I136199984,I40120149,2,2,2023,W4376871976;W4388625750,0.5
I136199984,I4210156643,1,1,2023,W4376871976,1.0
I136199984,I180670191,2,2,2023,W4377966413;W4384457683,0.5
I136199984,I185103710,1,1,2023,W4378718543,1.0
I136199984,I186143895,1,1,2023,W4378718543,1.0
I136199984,I2802423016,3,3,2023,W4378718543;W4387642400;W4389903841,0.3333333333333333
I136199984,I4210101778,1,1,2023,W4378718543,1.0
I136199984,I4210127693,1,1,2023,W4378718543,1.0
I136199984,I4210146710,3,3,2023,W4378718543;W4387642400;W4389903841,0.3333333333333333
I136199984,I79576946,1,1,2023,W4378718543,1.0
I136199984,I919571938,1,1,2023,W4378718543,1.0
I136199984,I48633490,1,1,2023,W4381480701,1.0
I136199984,I166337079,1,1,2023,W4383164035,1.0
I136199984,I2800479947,1,1,2023,W4383164035,1.0
I136199984,I2801317318,1,1,2023,W4383164035,1.0
I136199984,I241749,3,3,2023,W4383302171;W4383957026;W4385490607,0.3333333333333333
I136199984,I35440088,1,1,2023,W4383302171,1.0
I136199984,I139264467,1,1,2023,W4383957026,1.0
I136199984,I201448701,3,3,2023,W4383957026;W4385653699;W4387241391,0.3333333333333333
I136199984,I2799503643,1,1,2023,W4383957026,1.0
I136199984,I29607241,1,1,2023,W4383957026,1.0
I136199984,I4210152047,1,1,2023,W4383957026,1.0
I136199984,I63966007,6,6,2023,W4383957026;W4384457683;W4385490607;W4385653699;W4387628939;W4389213050,0.16666666666666666
I136199984,I78577930,1,1,2023,W4383957026,1.0
I136199984,I150468666,1,1,2023,W4384457683,1.0
I136199984,I2799899409,1,1,2023,W4384457683,1.0
I136199984,I2801248553,1,1,2023,W4384457683,1.0
I136199984,I4210101190,1,1,2023,W4384457683,1.0
I136199984,I4210137306,1,1,2023,W4384457683,1.0
I136199984,I4210167126,1,1,2023,W4384457683,1.0
I136199984,I4387154595,1,1,2023,W4384457683,1.0
I136199984,I157725225,1,1,2023,W4385490607,1.0
I136199984,I20089843,2,2,2023,W4385490607;W4388835050,0.5
I136199984,I205783295,2,2,2023,W4385490607;W4389213050,0.5
I136199984,I27804330,1,1,2023,W4385490607,1.0
I136199984,I4210090411,2,2,2023,W4385490607;W4388835050,0.5
I136199984,I4210094983,1,1,2023,W4385490607,1.0
I136199984,I4210110431,1,1,2023,W4385490607,1.0
I136199984,I4210113297,1,1,2023,W4385490607,1.0
I136199984,I4210113369,1,1,2023,W4385490607,1.0
I136199984,I4210113480,1,1,2023,W4385490607,1.0
I136199984,I4210127875,1,1,2023,W4385490607,1.0
I136199984,I4210134579,2,2,2023,W4385490607;W4385653699,0.5
I136199984,I4210135670,1,1,2023,W4385490607,1.0
I136199984,I4210153546,1,1,2023,W4385490607,1.0
I136199984,I4210155419,2,2,2023,W4385490607;W4389740440,0.5
I136199984,I4210164802,1,1,2023,W4385490607,1.0
I136199984,I4387153999,1,1,2023,W4385490607,1.0
I136199984,I57206974,1,1,2023,W4385490607,1.0
I136199984,I70931966,1,1,2023,W4385490607,1.0
I136199984,I74973139,1,1,2023,W4385490607,1.0
I136199984,I887064364,1,1,2023,W4385490607,1.0
I136199984,I193374721,1,1,2023,W4385653699,1.0
I136199984,I4210098931,1,1,2023,W4385653699,1.0
I136199984,I204337017,1,1,2023,W4386447283,1.0
I136199984,I2802335433,1,1,2023,W4386447283,1.0
I136199984,I34352273,1,1,2023,W4386447283,1.0
I136199984,I4210117453,1,1,2023,W4386447283,1.0
I136199984,I4210161994,1,1,2023,W4386447283,1.0
I136199984,I161318765,1,1,2023,W4386714656,1.0
I136199984,I184565670,1,1,2023,W4386714656,1.0
I136199984,I2801951336,1,1,2023,W4386714656,1.0
I136199984,I2802534011,1,1,2023,W4386714656,1.0
I136199984,I33213144,1,1,2023,W4387296387,1.0
I136199984,I4210087356,1,1,2023,W4387296387,1.0
I136199984,I4391768151,1,1,2023,W4387628939,1.0
I136199984,I917207718,1,1,2023,W4387628939,1.0
I136199984,I17145004,2,2,2023,W4387642400;W4389903841,0.5
I136199984,I161046081,1,1,2023,W4387811276,1.0
I136199984,I2802542264,1,1,2023,W4387811276,1.0
I136199984,I4210092841,1,1,2023,W4387811276,1.0
I136199984,I4210126310,1,1,2023,W4387811276,1.0
I136199984,I4210145679,1,1,2023,W4387811276,1.0
I136199984,I153718931,1,1,2023,W4388142096,1.0
I136199984,I2800722420,1,1,2023,W4388142096,1.0
I136199984,I47508984,1,1,2023,W4388142096,1.0
I136199984,I2800277294,1,1,2023,W4388625750,1.0
I136199984,I2801809904,1,1,2023,W4388625750,1.0
I136199984,I4210161256,1,1,2023,W4388625750,1.0
I136199984,I98251732,1,1,2023,W4388625750,1.0
I136199984,I15057530,1,1,2023,W4388835050,1.0
I136199984,I193223587,1,1,2023,W4388835050,1.0
I136199984,I4210092408,1,1,2023,W4388835050,1.0
I136199984,I4210118560,1,1,2023,W4388835050,1.0
I136199984,I4210120221,1,1,2023,W4388835050,1.0
I136199984,I4210139217,1,1,2023,W4388835050,1.0
I136199984,I95457486,1,1,2023,W4388835050,1.0
I136199984,I40347166,1,1,2023,W4389205282,1.0
I136199984,I197347611,1,1,2023,W4389213050,1.0
I136199984,I4210127055,1,1,2023,W4389213050,1.0
I136199984,I4387153466,1,1,2023,W4389213050,1.0
I136199984,I178102782,1,1,2023,W4389610651,1.0
I136199984,I2250653659,1,1,2023,W4389740440,1.0
I136199984,I24185976,1,1,2023,W4389740440,1.0
I136199984,I4210115081,1,1,2023,W4389740440,1.0
I136199984,I4210157861,1,1,2023,W4389740440,1.0
I136199984,I150229711,1,1,2023,W4389903841,1.0
I136199984,I177725633,1,1,2023,W4389903841,1.0
I136199984,I200296433,1,1,2023,W4389903841,1.0
I136199984,I38877650,1,1,2023,W4389903841,1.0
I137265801,I46000314,1,1,2023,W4385379547,1.0
I137265801,I46017,1,1,2023,W4385379547,1.0
I137902535,I173654999,1,1,2023,W4387823534,1.0
I137902535,I4210095140,1,1,2023,W4387823534,1.0
I137902535,I42934936,1,1,2023,W4387823534,1.0
I137902535,I9224006,1,1,2023,W4387823534,1.0
I137902535,I97018004,1,1,2023,W4387823534,1.0
I137902535,I165779595,1,1,2023,W4388483049,1.0
I137902535,I42894916,1,1,2023,W4388483049,1.0
I137902535,I51556381,1,1,2023,W4388483049,1.0
I137902535,I79891267,1,1,2023,W4388483049,1.0
I137902535,I881766915,1,1,2023,W4388483049,1.0
I138006243,I4388891792,1,1,2023,W4317541737,1.0
I138006243,I44265643,1,1,2023,W4317541737,1.0
I138006243,I138595864,1,1,2023,W4378905467,1.0
I138006243,I138690464,1,1,2023,W4378905467,1.0
I138006243,I141301092,1,1,2023,W4378905467,1.0
I138006243,I145236414,1,1,2023,W4378905467,1.0
I138006243,I149521062,1,1,2023,W4378905467,1.0
I138006243,I159176309,1,1,2023,W4378905467,1.0
I138006243,I161593684,1,1,2023,W4378905467,1.0
I138006243,I169108374,1,1,2023,W4378905467,1.0
I138006243,I174216632,1,1,2023,W4378905467,1.0
I138006243,I176453806,1,1,2023,W4378905467,1.0
I138006243,I193662353,1,1,2023,W4378905467,1.0
I138006243,I19820366,1,1,2023,W4378905467,1.0
I138006243,I201448701,2,2,2023,W4378905467;W4390457872,0.5
I138006243,I23923803,1,1,2023,W4378905467,1.0
I138006243,I25254941,1,1,2023,W4378905467,1.0
I138006243,I2799973717,1,1,2023,W4378905467,1.0
I138006243,I2800262456,1,1,2023,W4378905467,1.0
I138006243,I315704651,1,1,2023,W4378905467,1.0
I138006243,I4210092744,1,1,2023,W4378905467,1.0
I138006243,I4210099977,1,1,2023,W4378905467,1.0
I138006243,I4210102999,1,1,2023,W4378905467,1.0
I138006243,I4210106352,1,1,2023,W4378905467,1.0
I138006243,I4210106526,1,1,2023,W4378905467,1.0
I138006243,I4210117555,1,1,2023,W4378905467,1.0
I138006243,I4210122844,1,1,2023,W4378905467,1.0
I138006243,I4210137309,1,1,2023,W4378905467,1.0
I138006243,I4210139347,1,1,2023,W4378905467,1.0
I138006243,I4210141715,1,1,2023,W4378905467,1.0
I138006243,I4210165038,1,1,2023,W4378905467,1.0
I138006243,I5023651,1,1,2023,W4378905467,1.0
I138006243,I59270414,1,1,2023,W4378905467,1.0
I138006243,I60200437,1,1,2023,W4378905467,1.0
I138006243,I865915315,1,1,2023,W4378905467,1.0
I138006243,I881766915,1,1,2023,W4378905467,1.0
I138006243,I887064364,1,1,2023,W4378905467,1.0
I138006243,I913481162,1,1,2023,W4378905467,1.0
I138006243,I189158943,1,1,2023,W4389523893,1.0
I138006243,I31151848,1,1,2023,W4389523893,1.0
I138006243,I4210137306,1,1,2023,W4389523893,1.0
I138006243,I66946132,1,1,2023,W4389523893,1.0
I138006243,I4210132596,1,1,2023,W4390457872,1.0
I13805885,I142476485,1,1,2023,W4388458590,1.0
I13805885,I241749,1,1,2023,W4388458590,1.0
I13805885,I95457486,1,1,2023,W4388458590,1.0
I13805885,I97018004,1,1,2023,W4388458590,1.0
I138168422,I33800924,1,1,2023,W4387639021,1.0
I138168422,I55732556,1,1,2023,W4387639021,1.0
I138168422,I61641377,1,1,2023,W4387639021,1.0
I138211613,I183067930,1,1,2023,W4323349483,1.0
I138211613,I30809798,1,1,2023,W4323349483,1.0
I138211613,I4210095221,1,1,2023,W4323349483,1.0
I138211613,I4210112065,1,1,2023,W4323349483,1.0
I138211613,I4210121447,1,1,2023,W4323349483,1.0
I138211613,I4210127611,1,1,2023,W4323349483,1.0
I138211613,I4210135742,1,1,2023,W4323349483,1.0
I138211613,I4210137766,1,1,2023,W4323349483,1.0
I138211613,I4210157781,1,1,2023,W4323349483,1.0
I138211613,I4210165038,1,1,2023,W4323349483,1.0
I138564716,I51452335,1,1,2023,W4386601209,1.0
I138595864,I138690464,1,1,2023,W4378905467,1.0
I138595864,I141301092,1,1,2023,W4378905467,1.0
I138595864,I145236414,1,1,2023,W4378905467,1.0
I138595864,I149521062,1,1,2023,W4378905467,1.0
I138595864,I159176309,1,1,2023,W4378905467,1.0
I138595864,I161593684,1,1,2023,W4378905467,1.0
I138595864,I169108374,1,1,2023,W4378905467,1.0
I138595864,I174216632,1,1,2023,W4378905467,1.0
I138595864,I176453806,1,1,2023,W4378905467,1.0
I138595864,I193662353,1,1,2023,W4378905467,1.0
I138595864,I19820366,1,1,2023,W4378905467,1.0
I138595864,I201448701,1,1,2023,W4378905467,1.0
I138595864,I23923803,1,1,2023,W4378905467,1.0
I138595864,I25254941,1,1,2023,W4378905467,1.0
I138595864,I2799973717,1,1,2023,W4378905467,1.0
I138595864,I2800262456,1,1,2023,W4378905467,1.0
I138595864,I315704651,1,1,2023,W4378905467,1.0
I138595864,I4210092744,1,1,2023,W4378905467,1.0
I138595864,I4210099977,1,1,2023,W4378905467,1.0
I138595864,I4210102999,1,1,2023,W4378905467,1.0
I138595864,I4210106352,1,1,2023,W4378905467,1.0
I138595864,I4210106526,1,1,2023,W4378905467,1.0
I138595864,I4210117555,1,1,2023,W4378905467,1.0
I138595864,I4210122844,1,1,2023,W4378905467,1.0
I138595864,I4210137309,1,1,2023,W4378905467,1.0
I138595864,I4210139347,1,1,2023,W4378905467,1.0
I138595864,I4210141715,1,1,2023,W4378905467,1.0
I138595864,I4210165038,1,1,2023,W4378905467,1.0
I138595864,I5023651,1,1,2023,W4378905467,1.0
I138595864,I59270414,1,1,2023,W4378905467,1.0
I138595864,I60200437,1,1,2023,W4378905467,1.0
I138595864,I865915315,1,1,2023,W4378905467,1.0
I138595864,I881766915,1,1,2023,W4378905467,1.0
I138595864,I887064364,1,1,2023,W4378905467,1.0
I138595864,I913481162,1,1,2023,W4378905467,1.0
I138622004,I146583814,1,1,2023,W4390399551,1.0
I138622004,I170230895,1,1,2023,W4390399551,1.0
I138622004,I188922065,1,1,2023,W4390399551,1.0
I138622004,I23574469,1,1,2023,W4390399551,1.0
I138622004,I60587646,1,1,2023,W4390399551,1.0
I138689650,I151746483,1,1,2023,W4385688511,1.0
I138689650,I161057412,1,1,2023,W4385688511,1.0
I138689650,I165143802,1,1,2023,W4385688511,1.0
I138689650,I184597095,1,1,2023,W4385688511,1.0
I138689650,I4210135670,1,1,2023,W4385688511,1.0
I138689650,I4210163196,1,1,2023,W4385688511,1.0
I138689650,I51441396,1,1,2023,W4385688511,1.0
I138689650,I76198965,1,1,2023,W4385688511,1.0
I138689650,I887064364,1,1,2023,W4385688511,1.0
I138689650,I926574661,1,1,2023,W4385688511,1.0
I138689650,I142617266,1,1,2023,W4387327030,1.0
I138689650,I202697423,1,1,2023,W4387327030,1.0
I138689650,I4210100468,1,1,2023,W4387327030,1.0
I138689650,I4210128276,1,1,2023,W4387327030,1.0
I138689650,I4210138654,1,1,2023,W4387327030,1.0
I138689650,I4387153495,1,1,2023,W4387327030,1.0
I138689650,I71267560,1,1,2023,W4387327030,1.0
I138689650,I872922937,1,1,2023,W4387327030,1.0
I138689650,I8901234,1,1,2023,W4387327030,1.0
I138689650,I900890020,1,1,2023,W4387327030,1.0
I138690464,I141301092,1,1,2023,W4378905467,1.0
I138690464,I145236414,1,1,2023,W4378905467,1.0
I138690464,I149521062,1,1,2023,W4378905467,1.0
I138690464,I159176309,1,1,2023,W4378905467,1.0
I138690464,I161593684,1,1,2023,W4378905467,1.0
I138690464,I169108374,1,1,2023,W4378905467,1.0
I138690464,I174216632,1,1,2023,W4378905467,1.0
I138690464,I176453806,1,1,2023,W4378905467,1.0
I138690464,I193662353,1,1,2023,W4378905467,1.0
I138690464,I19820366,1,1,2023,W4378905467,1.0
I138690464,I201448701,1,1,2023,W4378905467,1.0
I138690464,I23923803,1,1,2023,W4378905467,1.0
I138690464,I25254941,1,1,2023,W4378905467,1.0
I138690464,I2799973717,1,1,2023,W4378905467,1.0
I138690464,I2800262456,1,1,2023,W4378905467,1.0
I138690464,I315704651,1,1,2023,W4378905467,1.0
I138690464,I4210092744,1,1,2023,W4378905467,1.0
I138690464,I4210099977,1,1,2023,W4378905467,1.0
I138690464,I4210102999,1,1,2023,W4378905467,1.0
I138690464,I4210106352,1,1,2023,W4378905467,1.0
I138690464,I4210106526,1,1,2023,W4378905467,1.0
I138690464,I4210117555,1,1,2023,W4378905467,1.0
I138690464,I4210122844,1,1,2023,W4378905467,1.0
I138690464,I4210137309,1,1,2023,W4378905467,1.0
I138690464,I4210139347,1,1,2023,W4378905467,1.0
I138690464,I4210141715,1,1,2023,W4378905467,1.0
I138690464,I4210165038,1,1,2023,W4378905467,1.0
I138690464,I5023651,1,1,2023,W4378905467,1.0
I138690464,I59270414,1,1,2023,W4378905467,1.0
I138690464,I60200437,1,1,2023,W4378905467,1.0
I138690464,I865915315,1,1,2023,W4378905467,1.0
I138690464,I881766915,1,1,2023,W4378905467,1.0
I138690464,I887064364,1,1,2023,W4378905467,1.0
I138690464,I913481162,1,1,2023,W4378905467,1.0
I138801177,I177877127,1,1,2023,W4383737134,1.0
I138801177,I180291457,3,3,2023,W4383737134;W4383860339;W4388725733,0.3333333333333333
I138801177,I201384688,3,3,2023,W4383737134;W4383860339;W4388725733,0.3333333333333333
I138801177,I4210146979,2,2,2023,W4383737134;W4388725733,0.5
I138801177,I5400463,3,3,2023,W4383737134;W4383860339;W4388725733,0.3333333333333333
I138801177,I165779595,2,2,2023,W4383860339;W4388725733,0.5
I138801177,I4210142395,1,1,2023,W4383860339,1.0
I138847295,I2800906782,1,1,2023,W4319599994,1.0
I138847295,I60053951,6,6,2023,W4319599994;W4381252132;W4382060832;W4382136016;W4388723259;W4390231192,0.16666666666666666
I138847295,I4210125013,4,4,2023,W4381252132;W4382060832;W4388723259;W4390231192,0.25
I138847295,I4392021234,1,1,2023,W4382136016,1.0
I138847295,I4210112527,1,1,2023,W4388483261,1.0
I138898306,I150314799,1,1,2023,W4388409567,1.0
I138898306,I241749,1,1,2023,W4388409567,1.0
I138898306,I4210096386,1,1,2023,W4388409567,1.0
I138898306,I4210118691,1,1,2023,W4388409567,1.0
I138898306,I4403928327,1,1,2023,W4388409567,1.0
I138898306,I64180646,1,1,2023,W4388409567,1.0
I138898306,I64492213,1,1,2023,W4388409567,1.0
I139024713,I178232147,2,2,2023,W4323922772;W4386800343,0.5
I139024713,I4210157642,1,1,2023,W4323922772,1.0
I139024713,I76569877,1,1,2023,W4323922772,1.0
I139024713,I152815399,3,3,2023,W4383753323;W4387412926;W4392158858,0.3333333333333333
I139024713,I172675005,3,3,2023,W4383753323;W4387412926;W4392158858,0.3333333333333333
I139024713,I20231570,3,3,2023,W4383753323;W4387412926;W4392158858,0.3333333333333333
I139024713,I35928602,3,3,2023,W4383753323;W4387412926;W4392158858,0.3333333333333333
I139024713,I44461941,3,3,2023,W4383753323;W4387412926;W4392158858,0.3333333333333333
I139024713,I82497590,3,3,2023,W4383753323;W4387412926;W4392158858,0.3333333333333333
I139024713,I157773358,1,1,2023,W4387968301,1.0
I139264467,I157485424,1,1,2023,W4321275178,1.0
I139264467,I848706,1,1,2023,W4321275178,1.0
I139264467,I201448701,1,1,2023,W4383957026,1.0
I139264467,I241749,1,1,2023,W4383957026,1.0
I139264467,I2799503643,1,1,2023,W4383957026,1.0
I139264467,I2801851002,1,1,2023,W4383957026,1.0
I139264467,I29607241,1,1,2023,W4383957026,1.0
I139264467,I4210152047,1,1,2023,W4383957026,1.0
I139264467,I63966007,1,1,2023,W4383957026,1.0
I139264467,I78577930,1,1,2023,W4383957026,1.0
I139264467,I207623266,1,1,2023,W4386076339,1.0
I139264467,I4210113520,1,1,2023,W4386076339,1.0
I139264467,I158743462,1,1,2023,W4386836433,1.0
I139264467,I197347611,1,1,2023,W4386836433,1.0
I139264467,I204250578,1,1,2023,W4386836433,1.0
I139264467,I2802835388,1,1,2023,W4386932783,1.0
I139322472,I146367977,1,1,2023,W4389050043,1.0
I139322472,I170253739,1,1,2023,W4389050043,1.0
I139322472,I31079310,1,1,2023,W4389050043,1.0
I139322472,I56306041,1,1,2023,W4389050043,1.0
I139322472,I84339108,1,1,2023,W4389050043,1.0
I139322472,I91633459,1,1,2023,W4389050043,1.0
I139322472,I3131779051,1,1,2023,W4393072700,1.0
I139322472,I4210155527,1,1,2023,W4393072700,1.0
I13955877,I16391192,2,2,2023,W4385271055;W4389539268,0.5
I13955877,I201448701,1,1,2023,W4385569970,1.0
I13955877,I241749,1,1,2023,W4385569970,1.0
I13955877,I4210156221,1,1,2023,W4385569970,1.0
I13955877,I91712215,1,1,2023,W4385569970,1.0
I13955877,I80687555,1,1,2023,W4389539268,1.0
I13955877,I47508984,1,1,2023,W4390202391,1.0
I139660479,I91935597,1,1,2023,W4383722737,1.0
I139660479,I16609230,3,3,2023,W4386275830;W4387682254;W4391377921,0.3333333333333333
I139660479,I20231570,1,1,2023,W4386275830,1.0
I139660479,I4210136793,2,2,2023,W4386275830;W4387682254,0.5
I139660479,I4210166112,1,1,2023,W4386275830,1.0
I139660479,I56934997,2,2,2023,W4386275830;W4387682254,0.5
I139660479,I13985625,1,1,2023,W4387451632,1.0
I139660479,I162868743,1,1,2023,W4387451632,1.0
I139660479,I4210124037,1,1,2023,W4387451632,1.0
I139660479,I37461747,1,1,2023,W4387682254,1.0
I139660479,I82880672,1,1,2023,W4387682254,1.0
I139660479,I38706770,1,1,2023,W4391377921,1.0
I139660479,I4210159865,1,1,2023,W4391377921,1.0
I139759216,I201448701,1,1,2023,W4360897523,1.0
I139759216,I4210136246,1,1,2023,W4360897523,1.0
I139759216,I4387153335,1,1,2023,W4360897523,1.0
I139759216,I154099455,1,1,2023,W4385638369,1.0
I139759216,I194450716,1,1,2023,W4385638369,1.0
I139759216,I19820366,1,1,2023,W4385638369,1.0
I139759216,I2250955327,1,1,2023,W4385638369,1.0
I139759216,I37461747,1,1,2023,W4385638369,1.0
I139759216,I4210090176,1,1,2023,W4385638369,1.0
I139759216,I4210100255,2,2,2023,W4385638369;W4390872992,0.5
I139759216,I4210136497,1,1,2023,W4385638369,1.0
I139759216,I4210145761,1,1,2023,W4385638369,1.0
I139759216,I76130692,1,1,2023,W4385638369,1.0
I139759216,I78988378,1,1,2023,W4385638369,1.0
I139759216,I90610280,1,1,2023,W4385638369,1.0
I139759216,I99065089,1,1,2023,W4385638369,1.0
I139759216,I4392021250,2,2,2023,W4386385424;W4387415166,0.5
I139759216,I152815399,1,1,2023,W4387415166,1.0
I139759216,I172675005,1,1,2023,W4387415166,1.0
I139759216,I4210155350,1,1,2023,W4387415166,1.0
I139759216,I4210087349,1,1,2023,W4387967972,1.0
I139759216,I150229711,1,1,2023,W4387968071,1.0
I139759216,I204983213,1,1,2023,W4387968071,1.0
I139759216,I4210136793,1,1,2023,W4387968071,1.0
I139759216,I14243506,1,1,2023,W4389520044,1.0
I139759216,I183067930,1,1,2023,W4389520044,1.0
I139759216,I4210165726,1,1,2023,W4389520044,1.0
I139759216,I4210091137,1,1,2023,W4390273019,1.0
I139759216,I86519309,1,1,2023,W4390273019,1.0
I139759216,I20231570,1,1,2023,W4390872992,1.0
I139787848,I141988045,1,1,2023,W4394629076,1.0
I139787848,I180949307,1,1,2023,W4394629076,1.0
I13985625,I162868743,1,1,2023,W4387451632,1.0
I13985625,I4210124037,1,1,2023,W4387451632,1.0
I140172145,I2592186,1,1,2023,W4367156698,1.0
I140172145,I63966007,1,1,2023,W4367156698,1.0
I140172145,I148283060,1,1,2023,W4384337834,1.0
I140172145,I175234967,1,1,2023,W4384337834,1.0
I140172145,I189158943,1,1,2023,W4384337834,1.0
I140172145,I2800419323,1,1,2023,W4384337834,1.0
I140172145,I4210115256,1,1,2023,W4384337834,1.0
I140172145,I204337017,1,1,2023,W4388834475,1.0
I140172145,I204730241,1,1,2023,W4388834475,1.0
I140172145,I4210154111,1,1,2023,W4388834475,1.0
I140172145,I4387153539,1,1,2023,W4388834475,1.0
I141301092,I145236414,1,1,2023,W4378905467,1.0
I141301092,I149521062,1,1,2023,W4378905467,1.0
I141301092,I159176309,1,1,2023,W4378905467,1.0
I141301092,I161593684,1,1,2023,W4378905467,1.0
I141301092,I169108374,1,1,2023,W4378905467,1.0
I141301092,I174216632,1,1,2023,W4378905467,1.0
I141301092,I176453806,1,1,2023,W4378905467,1.0
I141301092,I193662353,1,1,2023,W4378905467,1.0
I141301092,I19820366,1,1,2023,W4378905467,1.0
I141301092,I201448701,1,1,2023,W4378905467,1.0
I141301092,I23923803,1,1,2023,W4378905467,1.0
I141301092,I25254941,1,1,2023,W4378905467,1.0
I141301092,I2799973717,1,1,2023,W4378905467,1.0
I141301092,I2800262456,1,1,2023,W4378905467,1.0
I141301092,I315704651,1,1,2023,W4378905467,1.0
I141301092,I4210092744,1,1,2023,W4378905467,1.0
I141301092,I4210099977,1,1,2023,W4378905467,1.0
I141301092,I4210102999,1,1,2023,W4378905467,1.0
I141301092,I4210106352,1,1,2023,W4378905467,1.0
I141301092,I4210106526,1,1,2023,W4378905467,1.0
I141301092,I4210117555,1,1,2023,W4378905467,1.0
I141301092,I4210122844,1,1,2023,W4378905467,1.0
I141301092,I4210137309,1,1,2023,W4378905467,1.0
I141301092,I4210139347,1,1,2023,W4378905467,1.0
I141301092,I4210141715,1,1,2023,W4378905467,1.0
I141301092,I4210165038,1,1,2023,W4378905467,1.0
I141301092,I5023651,1,1,2023,W4378905467,1.0
I141301092,I59270414,1,1,2023,W4378905467,1.0
I141301092,I60200437,1,1,2023,W4378905467,1.0
I141301092,I865915315,1,1,2023,W4378905467,1.0
I141301092,I881766915,1,1,2023,W4378905467,1.0
I141301092,I887064364,1,1,2023,W4378905467,1.0
I141301092,I913481162,1,1,2023,W4378905467,1.0
I14140830,I184693016,1,1,2023,W4386117324,1.0
I14140830,I203951103,1,1,2023,W4386117324,1.0
I14140830,I4210093006,1,1,2023,W4386117324,1.0
I14140830,I4210126829,1,1,2023,W4386117324,1.0
I14140830,I56019348,1,1,2023,W4386117324,1.0
I14140830,I68171755,1,1,2023,W4386117324,1.0
I14140830,I92582371,1,1,2023,W4386117324,1.0
I141445968,I177738480,1,1,2023,W4389955489,1.0
I141568987,I4210086892,1,1,2023,W4362584541,1.0
I141568987,I154099455,1,1,2023,W4388209069,1.0
I141568987,I154130895,1,1,2023,W4388209069,1.0
I141568987,I4210126580,1,1,2023,W4388209069,1.0
I141568987,I162868743,1,1,2023,W4389506861,1.0
I141568987,I25254941,1,1,2023,W4389506861,1.0
I141568987,I2800372957,1,1,2023,W4389506861,1.0
I141568987,I4401726859,1,1,2023,W4389506861,1.0
I141568987,I98301712,1,1,2023,W4389506861,1.0
I141568987,I4210105678,1,1,2023,W4390872633,1.0
I141584323,I182204967,1,1,2023,W4378697665,1.0
I141591182,I41173762,1,1,2023,W4389747902,1.0
I141591182,I4210147955,1,1,2023,W4389747902,1.0
I141595442,I88973175,1,1,2023,W4385934345,1.0
I141596103,I155381812,1,1,2023,W4384069115,1.0
I141596103,I4210166615,1,1,2023,W4384069115,1.0
I141596103,I43439940,1,1,2023,W4384069115,1.0
I141596103,I200719446,1,1,2023,W4386141641,1.0
I141649914,I90090648,1,1,2023,W4389610264,1.0
I141810926,I174216632,1,1,2023,W4381850469,1.0
I141810926,I204831749,1,1,2023,W4381850469,1.0
I141945490,I83019370,1,1,2023,W4319299947,1.0
I141945490,I4210137873,1,1,2023,W4377695098,1.0
I141945490,I48379061,1,1,2023,W4377695098,1.0
I141945490,I60668342,1,1,2023,W4377695098,1.0
I141945490,I67009956,1,1,2023,W4377695098,1.0
I141945490,I887968799,1,1,2023,W4377695098,1.0
I141945490,I197347611,1,1,2023,W4379660313,1.0
I141945490,I78577930,2,2,2023,W4379660313;W4388129991,0.5
I141945490,I193181351,1,1,2023,W4381165906,1.0
I141945490,I2802656227,1,1,2023,W4381165906,1.0
I141945490,I4210131377,1,1,2023,W4381165906,1.0
I141945490,I4210141205,1,1,2023,W4381165906,1.0
I141945490,I4210144697,1,1,2023,W4381165906,1.0
I141945490,I4210157948,1,1,2023,W4381165906,1.0
I141945490,I4210165745,1,1,2023,W4381165906,1.0
I141945490,I4387152943,1,1,2023,W4381165906,1.0
I141945490,I4387156329,1,1,2023,W4381165906,1.0
I141945490,I145311948,1,1,2023,W4386057777,1.0
I141945490,I2800214375,1,1,2023,W4386350524,1.0
I141945490,I4210096112,1,1,2023,W4386350524,1.0
I141945490,I4210096394,1,1,2023,W4386350524,1.0
I141945490,I4210116924,1,1,2023,W4386350524,1.0
I141945490,I4210136188,1,1,2023,W4386350524,1.0
I141945490,I4210159575,1,1,2023,W4386350524,1.0
I141945490,I14243506,1,1,2023,W4388129991,1.0
I141945490,I148366613,1,1,2023,W4388129991,1.0
I141945490,I155660961,1,1,2023,W4388129991,1.0
I141945490,I168635309,1,1,2023,W4388129991,1.0
I141945490,I183935753,1,1,2023,W4388129991,1.0
I141945490,I185261750,1,1,2023,W4388129991,1.0
I141945490,I2799503643,1,1,2023,W4388129991,1.0
I141945490,I2801970007,1,1,2023,W4388129991,1.0
I141945490,I37696226,1,1,2023,W4388129991,1.0
I141945490,I822440,1,1,2023,W4388129991,1.0
I141945490,I4210113480,2,2,2023,W4389518309;W4389518424,0.5
I141945490,I172675005,1,1,2023,W4389519325,1.0
I141962983,I4210151021,1,1,2023,W4378188762,1.0
I141962983,I24943067,1,1,2023,W4389519205,1.0
I141988045,I180949307,1,1,2023,W4394629076,1.0
I142016965,I207789805,1,1,2023,W4379052868,1.0
I142016965,I4210141667,1,1,2023,W4379052868,1.0
I142016965,I4210145659,1,1,2023,W4379052868,1.0
I142024983,I83863532,1,1,2023,W4367040547,1.0
I142263535,I165932596,1,1,2023,W4384561707,1.0
I142263535,I241749,1,1,2023,W4384561707,1.0
I142263535,I2799299286,1,1,2023,W4384561707,1.0
I142263535,I4210116917,1,1,2023,W4384561707,1.0
I142263535,I4210117485,1,1,2023,W4384561707,1.0
I142263535,I4210126319,1,1,2023,W4384561707,1.0
I142263535,I4210161109,1,1,2023,W4384561707,1.0
I142263535,I79619799,1,1,2023,W4384561707,1.0
I142263535,I98677209,1,1,2023,W4390190628,1.0
I142401562,I195373058,1,1,2023,W4387007686,1.0
I142401562,I196345858,1,1,2023,W4387007686,1.0
I14243506,I167027274,1,1,2023,W4360615980,1.0
I14243506,I4210140379,1,1,2023,W4360615980,1.0
I14243506,I76569877,1,1,2023,W4360615980,1.0
I14243506,I4210110242,1,1,2023,W4378945377,1.0
I14243506,I84027002,2,2,2023,W4378945377;W4389618734,0.5
I14243506,I874055015,1,1,2023,W4378945377,1.0
I14243506,I71920554,1,1,2023,W4385627126,1.0
I14243506,I87216513,1,1,2023,W4385764461,1.0
I14243506,I80143920,1,1,2023,W4386921545,1.0
I14243506,I148366613,1,1,2023,W4388129991,1.0
I14243506,I155660961,1,1,2023,W4388129991,1.0
I14243506,I168635309,1,1,2023,W4388129991,1.0
I14243506,I183935753,1,1,2023,W4388129991,1.0
I14243506,I185261750,1,1,2023,W4388129991,1.0
I14243506,I2799503643,1,1,2023,W4388129991,1.0
I14243506,I2801970007,1,1,2023,W4388129991,1.0
I14243506,I37696226,1,1,2023,W4388129991,1.0
I14243506,I78577930,1,1,2023,W4388129991,1.0
I14243506,I822440,1,1,2023,W4388129991,1.0
I14243506,I157773358,1,1,2023,W4388922836,1.0
I14243506,I165779595,1,1,2023,W4388922836,1.0
I14243506,I165932596,1,1,2023,W4388922836,1.0
I14243506,I177725633,1,1,2023,W4388922836,1.0
I14243506,I183519381,1,1,2023,W4388922836,1.0
I14243506,I201448701,2,2,2023,W4388922836;W4389070894,0.5
I14243506,I20231570,1,1,2023,W4388922836,1.0
I14243506,I204730241,1,1,2023,W4388922836,1.0
I14243506,I2799299286,1,1,2023,W4388922836,1.0
I14243506,I4210097159,1,1,2023,W4388922836,1.0
I14243506,I4210103535,1,1,2023,W4388922836,1.0
I14243506,I4210105949,1,1,2023,W4388922836,1.0
I14243506,I4210107668,1,1,2023,W4388922836,1.0
I14243506,I4210112079,1,1,2023,W4388922836,1.0
I14243506,I4210116917,1,1,2023,W4388922836,1.0
I14243506,I4210126319,1,1,2023,W4388922836,1.0
I14243506,I4210127304,1,1,2023,W4388922836,1.0
I14243506,I4210150574,1,1,2023,W4388922836,1.0
I14243506,I4210155576,1,1,2023,W4388922836,1.0
I14243506,I45129253,1,1,2023,W4388922836,1.0
I14243506,I82880672,1,1,2023,W4388922836,1.0
I14243506,I848706,1,1,2023,W4388922836,1.0
I14243506,I98251732,1,1,2023,W4388922836,1.0
I14243506,I98285908,1,1,2023,W4388922836,1.0
I14243506,I99065089,1,1,2023,W4388922836,1.0
I14243506,I144112489,1,1,2023,W4389070894,1.0
I14243506,I4210104429,1,1,2023,W4389070894,1.0
I14243506,I4210119046,1,1,2023,W4389070894,1.0
I14243506,I63966007,1,1,2023,W4389070894,1.0
I14243506,I9360294,1,1,2023,W4389070894,1.0
I14243506,I183067930,1,1,2023,W4389520044,1.0
I14243506,I4210165726,1,1,2023,W4389520044,1.0
I14243506,I8408910,1,1,2023,W4389618734,1.0
I14243506,I204983213,1,1,2023,W4390874393,1.0
I14243506,I4210136793,1,1,2023,W4390874393,1.0
I14243506,I4210154505,1,1,2023,W4390874393,1.0
I142476485,I4210145102,1,1,2023,W4385804983,1.0
I142476485,I4210165912,1,1,2023,W4385804983,1.0
I142476485,I241749,1,1,2023,W4388458590,1.0
I142476485,I95457486,1,1,2023,W4388458590,1.0
I142476485,I97018004,1,1,2023,W4388458590,1.0
I142617266,I202697423,1,1,2023,W4387327030,1.0
I142617266,I4210100468,1,1,2023,W4387327030,1.0
I142617266,I4210128276,1,1,2023,W4387327030,1.0
I142617266,I4210138654,1,1,2023,W4387327030,1.0
I142617266,I4387153495,1,1,2023,W4387327030,1.0
I142617266,I71267560,1,1,2023,W4387327030,1.0
I142617266,I872922937,1,1,2023,W4387327030,1.0
I142617266,I8901234,1,1,2023,W4387327030,1.0
I142617266,I900890020,1,1,2023,W4387327030,1.0
I142740786,I147554453,1,1,2023,W4360620450,1.0
I142740786,I150870154,1,1,2023,W4360620450,1.0
I142740786,I168719708,1,1,2023,W4360620450,1.0
I142740786,I169199633,1,1,2023,W4360620450,1.0
I142740786,I169335092,1,1,2023,W4360620450,1.0
I142740786,I171543936,1,1,2023,W4360620450,1.0
I142740786,I181369854,1,1,2023,W4360620450,1.0
I142740786,I181418319,1,1,2023,W4360620450,1.0
I142740786,I181565077,1,1,2023,W4360620450,1.0
I142740786,I181647926,1,1,2023,W4360620450,1.0
I142740786,I185163786,1,1,2023,W4360620450,1.0
I142740786,I188538660,1,1,2023,W4360620450,1.0
I142740786,I19648265,1,1,2023,W4360620450,1.0
I142740786,I204593131,1,1,2023,W4360620450,1.0
I142740786,I24027795,1,1,2023,W4360620450,1.0
I142740786,I244572783,1,1,2023,W4360620450,1.0
I142740786,I255234318,1,1,2023,W4360620450,1.0
I142740786,I25846049,1,1,2023,W4360620450,1.0
I142740786,I2613432,1,1,2023,W4360620450,1.0
I142740786,I27878738,1,1,2023,W4360620450,1.0
I142740786,I2802797706,1,1,2023,W4360620450,1.0
I142740786,I28407311,1,1,2023,W4360620450,1.0
I142740786,I31746571,1,1,2023,W4360620450,1.0
I142740786,I32394136,1,1,2023,W4360620450,1.0
I142740786,I36234482,1,1,2023,W4360620450,1.0
I142740786,I39586589,1,1,2023,W4360620450,1.0
I142740786,I4210131537,1,1,2023,W4360620450,1.0
I142740786,I4390039323,1,1,2023,W4360620450,1.0
I142740786,I4394709253,1,1,2023,W4360620450,1.0
I142740786,I44430492,1,1,2023,W4360620450,1.0
I142740786,I47818738,1,1,2023,W4360620450,1.0
I142740786,I55060895,1,1,2023,W4360620450,1.0
I142740786,I63098007,1,1,2023,W4360620450,1.0
I142740786,I68891433,1,1,2023,W4360620450,1.0
I142740786,I71052956,1,1,2023,W4360620450,1.0
I142740786,I78715868,1,1,2023,W4360620450,1.0
I142740786,I80281795,1,1,2023,W4360620450,1.0
I142740786,I91136226,1,1,2023,W4360620450,1.0
I142740786,I9300472,1,1,2023,W4360620450,1.0
I142740786,I931969281,1,1,2023,W4360620450,1.0
I142740786,I9360294,1,1,2023,W4360620450,1.0
I142740786,I98358874,1,1,2023,W4360620450,1.0
I142740786,I4210109302,1,1,2023,W4385276887,1.0
I142767807,I2800817003,1,1,2023,W4383710066,1.0
I142879360,I2801317318,1,1,2023,W4323359744,1.0
I142879360,I4210141030,1,1,2023,W4323359744,1.0
I142879360,I4210147079,1,1,2023,W4323359744,1.0
I142879360,I97018004,1,1,2023,W4323359744,1.0
I142899784,I169108374,1,1,2023,W4389696050,1.0
I142899784,I186129607,1,1,2023,W4389696050,1.0
I142899784,I188329596,1,1,2023,W4389696050,1.0
I142899784,I200650556,1,1,2023,W4389696050,1.0
I142899784,I20126385,1,1,2023,W4389696050,1.0
I142899784,I201448701,1,1,2023,W4389696050,1.0
I142899784,I202697423,1,1,2023,W4389696050,1.0
I142899784,I204778367,1,1,2023,W4389696050,1.0
I142899784,I23946033,1,1,2023,W4389696050,1.0
I142899784,I32389192,1,1,2023,W4389696050,1.0
I142899784,I33858575,1,1,2023,W4389696050,1.0
I142899784,I40434647,1,1,2023,W4389696050,1.0
I142899784,I4210087936,1,1,2023,W4389696050,1.0
I142899784,I4210095594,1,1,2023,W4389696050,1.0
I142899784,I4210113179,1,1,2023,W4389696050,1.0
I142899784,I4210127871,1,1,2023,W4389696050,1.0
I142899784,I4210134505,1,1,2023,W4389696050,1.0
I142899784,I4210137813,1,1,2023,W4389696050,1.0
I142899784,I4210151290,1,1,2023,W4389696050,1.0
I142899784,I4210161436,1,1,2023,W4389696050,1.0
I142899784,I49828101,1,1,2023,W4389696050,1.0
I142899784,I51235708,1,1,2023,W4389696050,1.0
I142899784,I54316950,1,1,2023,W4389696050,1.0
I142899784,I73417466,1,1,2023,W4389696050,1.0
I142899784,I80810150,1,1,2023,W4389696050,1.0
I142899784,I83259278,1,1,2023,W4389696050,1.0
I142899784,I83816512,1,1,2023,W4389696050,1.0
I142899784,I85507684,1,1,2023,W4389696050,1.0
I142899784,I8636806,1,1,2023,W4389696050,1.0
I142934699,I145311948,1,1,2023,W4366454938,1.0
I142934699,I154570441,1,1,2023,W4366454938,1.0
I142934699,I17626003,1,1,2023,W4366454938,1.0
I142934699,I17866349,1,1,2023,W4366454938,1.0
I142934699,I183974707,1,1,2023,W4366454938,1.0
I142934699,I205783295,1,1,2023,W4366454938,1.0
I142934699,I4210127646,1,1,2023,W4366454938,1.0
I142934699,I4210133362,1,1,2023,W4366454938,1.0
I142934699,I66946132,1,1,2023,W4366454938,1.0
I142934699,I70983195,1,1,2023,W4366454938,1.0
I142934699,I76903346,1,1,2023,W4366454938,1.0
I142934699,I43369023,1,1,2023,W4389100262,1.0
I143002897,I4210114274,1,1,2023,W4386147447,1.0
I143247161,I4210151378,1,1,2023,W4323848232,1.0
I143247161,I82462995,1,1,2023,W4323848232,1.0
I143247161,I93131583,1,1,2023,W4323848232,1.0
I143302722,I4210099251,1,1,2023,W4390596909,1.0
I143379178,I4210087817,2,2,2023,W4378647841;W4388214674,0.5
I143396566,I4210161460,1,1,2023,W4381512789,1.0
I143396566,I58236372,1,1,2023,W4381512789,1.0
I143413998,I151727225,1,1,2023,W4317423310,1.0
I143413998,I194450716,1,1,2023,W4317423310,1.0
I143593769,I19820366,1,1,2023,W4367595583,1.0
I143593769,I24943067,1,1,2023,W4367595583,1.0
I143593769,I4210094879,1,1,2023,W4367595583,1.0
I143593769,I4210100255,1,1,2023,W4367595583,1.0
I143593769,I4210165038,1,1,2023,W4367595583,1.0
I143593769,I57093077,1,1,2023,W4367595583,1.0
I143593769,I165932596,1,1,2023,W4390991962,1.0
I143593769,I4210092257,1,1,2023,W4390991962,1.0
I143804889,I17145004,1,1,2023,W4386010059,1.0
I143804889,I9842412,1,1,2023,W4386010059,1.0
I143868143,I19820366,1,1,2023,W4386918932,1.0
I143868143,I4210100255,1,1,2023,W4386918932,1.0
I143868143,I4210112150,1,1,2023,W4386918932,1.0
I143868143,I4210165038,1,1,2023,W4386918932,1.0
I143868143,I4391012619,1,1,2023,W4386918932,1.0
I143868143,I76569877,1,1,2023,W4388132131,1.0
I143868143,I151746483,1,1,2023,W4388208052,1.0
I143868143,I16609230,1,1,2023,W4388208052,1.0
I143910747,I151746483,1,1,2023,W4386076371,1.0
I143910747,I185261750,1,1,2023,W4386076371,1.0
I143910747,I3018771216,1,1,2023,W4386076371,1.0
I143910747,I4210127509,1,1,2023,W4386076371,1.0
I143910747,I8204097,1,1,2023,W4386076371,1.0
I143923087,I20230540,1,1,2023,W4389210865,1.0
I14396692,I4210089607,1,1,2023,W4386596903,1.0
I14396692,I74801974,1,1,2023,W4386596903,1.0
I144112489,I201448701,1,1,2023,W4389070894,1.0
I144112489,I4210104429,1,1,2023,W4389070894,1.0
I144112489,I4210119046,1,1,2023,W4389070894,1.0
I144112489,I63966007,1,1,2023,W4389070894,1.0
I144112489,I9360294,1,1,2023,W4389070894,1.0
I145019703,I153687341,1,1,2023,W4385423788,1.0
I145019703,I157392197,1,1,2023,W4385423788,1.0
I145019703,I3132180716,1,1,2023,W4385423788,1.0
I145019703,I97864281,1,1,2023,W4385423788,1.0
I145236414,I149521062,1,1,2023,W4378905467,1.0
I145236414,I159176309,1,1,2023,W4378905467,1.0
I145236414,I161593684,1,1,2023,W4378905467,1.0
I145236414,I169108374,1,1,2023,W4378905467,1.0
I145236414,I174216632,1,1,2023,W4378905467,1.0
I145236414,I176453806,1,1,2023,W4378905467,1.0
I145236414,I193662353,1,1,2023,W4378905467,1.0
I145236414,I19820366,1,1,2023,W4378905467,1.0
I145236414,I201448701,1,1,2023,W4378905467,1.0
I145236414,I23923803,1,1,2023,W4378905467,1.0
I145236414,I25254941,1,1,2023,W4378905467,1.0
I145236414,I2799973717,1,1,2023,W4378905467,1.0
I145236414,I2800262456,1,1,2023,W4378905467,1.0
I145236414,I315704651,1,1,2023,W4378905467,1.0
I145236414,I4210092744,1,1,2023,W4378905467,1.0
I145236414,I4210099977,1,1,2023,W4378905467,1.0
I145236414,I4210102999,1,1,2023,W4378905467,1.0
I145236414,I4210106352,1,1,2023,W4378905467,1.0
I145236414,I4210106526,1,1,2023,W4378905467,1.0
I145236414,I4210117555,1,1,2023,W4378905467,1.0
I145236414,I4210122844,1,1,2023,W4378905467,1.0
I145236414,I4210137309,1,1,2023,W4378905467,1.0
I145236414,I4210139347,1,1,2023,W4378905467,1.0
I145236414,I4210141715,1,1,2023,W4378905467,1.0
I145236414,I4210165038,1,1,2023,W4378905467,1.0
I145236414,I5023651,1,1,2023,W4378905467,1.0
I145236414,I59270414,1,1,2023,W4378905467,1.0
I145236414,I60200437,1,1,2023,W4378905467,1.0
I145236414,I865915315,1,1,2023,W4378905467,1.0
I145236414,I881766915,1,1,2023,W4378905467,1.0
I145236414,I887064364,1,1,2023,W4378905467,1.0
I145236414,I913481162,1,1,2023,W4378905467,1.0
I145311948,I2799853436,2,2,2023,W4353015365;W4381469233,0.5
I145311948,I4210099137,1,1,2023,W4360978668,1.0
I145311948,I4210153468,1,1,2023,W4360978668,1.0
I145311948,I4402554038,1,1,2023,W4360978668,1.0
I145311948,I154570441,1,1,2023,W4366454938,1.0
I145311948,I17626003,1,1,2023,W4366454938,1.0
I145311948,I17866349,1,1,2023,W4366454938,1.0
I145311948,I183974707,1,1,2023,W4366454938,1.0
I145311948,I205783295,1,1,2023,W4366454938,1.0
I145311948,I4210127646,1,1,2023,W4366454938,1.0
I145311948,I4210133362,1,1,2023,W4366454938,1.0
I145311948,I66946132,2,2,2023,W4366454938;W4381469233,0.5
I145311948,I70983195,1,1,2023,W4366454938,1.0
I145311948,I76903346,1,1,2023,W4366454938,1.0
I145311948,I170201317,1,1,2023,W4367368990,1.0
I145311948,I4210159937,1,1,2023,W4367368990,1.0
I145311948,I51713134,1,1,2023,W4367368990,1.0
I145311948,I201448701,1,1,2023,W4385572634,1.0
I145311948,I4210140341,1,1,2023,W4385572634,1.0
I145311948,I55732556,1,1,2023,W4385572634,1.0
I145311948,I6059380,1,1,2023,W4386504863,1.0
I145311948,I168864056,1,1,2023,W4387211167,1.0
I145311948,I4210158702,1,1,2023,W4387211167,1.0
I145311948,I162714631,1,1,2023,W4389519128,1.0
I145311948,I161296585,1,1,2023,W4389519188,1.0
I145311948,I21250087,1,1,2023,W4389519188,1.0
I145311948,I3130638677,1,1,2023,W4389519188,1.0
I145311948,I33256026,1,1,2023,W4389519188,1.0
I145311948,I4210087053,1,1,2023,W4389519188,1.0
I145311948,I4210108625,1,1,2023,W4389519188,1.0
I145311948,I42934936,1,1,2023,W4389519188,1.0
I145311948,I56085075,1,1,2023,W4389519188,1.0
I145311948,I887064364,1,1,2023,W4389519188,1.0
I145311948,I98677209,1,1,2023,W4389519188,1.0
I145311948,I4210105678,1,1,2023,W4389524534,1.0
I145311948,I185103710,1,1,2023,W4390872010,1.0
I145325580,I87182695,1,1,2023,W4387526396,1.0
I145608581,I4210118328,1,1,2023,W4388948883,1.0
I145722265,I4210094138,1,1,2023,W4391828195,1.0
I145847075,I4210109712,1,1,2023,W4386719008,1.0
I145847075,I4210121786,1,1,2023,W4386719008,1.0
I145872427,I4210089003,1,1,2023,W4389263544,1.0
I145872427,I4210104473,1,1,2023,W4389263544,1.0
I145872427,I86987016,1,1,2023,W4389263544,1.0
I145894827,I6498739,1,1,2023,W4387909847,1.0
I145894827,I26072440,1,1,2023,W4388019161,1.0
I145894827,I3131870445,1,1,2023,W4388019161,1.0
I145894827,I4210152718,1,1,2023,W4388019161,1.0
I145894827,I4387153068,1,1,2023,W4388019161,1.0
I145897649,I37461747,1,1,2023,W3184934237,1.0
I145897649,I4210128585,1,1,2023,W3184934237,1.0
I145897649,I151727225,2,2,2023,W4386170336;W4389104929,0.5
I145897649,I20231570,1,1,2023,W4386170336,1.0
I145897649,I4210100255,1,1,2023,W4386170336,1.0
I145897649,I4210161462,1,1,2023,W4389104929,1.0
I146367977,I170253739,1,1,2023,W4389050043,1.0
I146367977,I31079310,1,1,2023,W4389050043,1.0
I146367977,I56306041,1,1,2023,W4389050043,1.0
I146367977,I84339108,1,1,2023,W4389050043,1.0
I146367977,I91633459,1,1,2023,W4389050043,1.0
I146500386,I158929114,1,1,2023,W4388237833,1.0
I146500386,I161318765,1,1,2023,W4388237833,1.0
I146500386,I16528096,1,1,2023,W4388237833,1.0
I146500386,I2799798094,1,1,2023,W4388237833,1.0
I146500386,I2802003475,1,1,2023,W4388237833,1.0
I146500386,I33858575,1,1,2023,W4388237833,1.0
I146500386,I4210094747,1,1,2023,W4388237833,1.0
I146500386,I4210137409,1,1,2023,W4388237833,1.0
I146500386,I4210151342,1,1,2023,W4388237833,1.0
I146500386,I4210153031,1,1,2023,W4388237833,1.0
I146500386,I60134161,1,1,2023,W4388237833,1.0
I146500386,I74801974,1,1,2023,W4388237833,1.0
I146583814,I170230895,1,1,2023,W4390399551,1.0
I146583814,I188922065,1,1,2023,W4390399551,1.0
I146583814,I23574469,1,1,2023,W4390399551,1.0
I146583814,I60587646,1,1,2023,W4390399551,1.0
I146620803,I150229711,1,1,2023,W4364377616,1.0
I146620803,I178232147,1,1,2023,W4364377616,1.0
I146620803,I4400573270,1,1,2023,W4364377616,1.0
I146620803,I32574673,1,1,2023,W4388082355,1.0
I146620803,I37461747,1,1,2023,W4388082355,1.0
I146620803,I4210111616,1,1,2023,W4388082355,1.0
I146620803,I75900474,1,1,2023,W4388082355,1.0
I146655781,I204983213,1,1,2023,W4365801687,1.0
I146655781,I4210103986,1,1,2023,W4365801687,1.0
I146655781,I4210136793,1,1,2023,W4365801687,1.0
I146655781,I4210159968,1,1,2023,W4385814146,1.0
I146655781,I69356397,1,1,2023,W4385814146,1.0
I146655781,I150209017,1,1,2023,W4386697749,1.0
I146655781,I165862685,1,1,2023,W4386697749,1.0
I146655781,I177639307,1,1,2023,W4386697749,1.0
I146655781,I183935753,1,1,2023,W4386697749,1.0
I146655781,I201448701,1,1,2023,W4386697749,1.0
I146655781,I205051169,1,1,2023,W4386697749,1.0
I146655781,I23923803,1,1,2023,W4386697749,1.0
I146655781,I2799390153,1,1,2023,W4386697749,1.0
I146655781,I2802266942,1,1,2023,W4386697749,1.0
I146655781,I2802775644,1,1,2023,W4386697749,1.0
I146655781,I28407311,1,1,2023,W4386697749,1.0
I146655781,I36234482,1,1,2023,W4386697749,1.0
I146655781,I40120149,1,1,2023,W4386697749,1.0
I146655781,I4210111135,1,1,2023,W4386697749,1.0
I146655781,I4210126452,1,1,2023,W4386697749,1.0
I146655781,I4210140114,1,1,2023,W4386697749,1.0
I146655781,I4210150574,1,1,2023,W4386697749,1.0
I146655781,I43439940,1,1,2023,W4386697749,1.0
I146655781,I45129253,1,1,2023,W4386697749,1.0
I146655781,I7882870,1,1,2023,W4386697749,1.0
I146655781,I79510175,1,1,2023,W4386697749,1.0
I146655781,I79619799,2,2,2023,W4386697749;W4389352201,0.5
I146655781,I84884186,1,1,2023,W4386697749,1.0
I146655781,I98677209,1,1,2023,W4386697749,1.0
I146655781,I204824540,1,1,2023,W4389518947,1.0
I146824383,I3130244785,3,3,2023,W4382181231;W4383711355;W4389237785,0.3333333333333333
I146824383,I4210164424,3,3,2023,W4382181231;W4383711355;W4389237785,0.3333333333333333
I146824383,I876193797,2,2,2023,W4383711355;W4389237785,0.5
I147554453,I150870154,1,1,2023,W4360620450,1.0
I147554453,I168719708,1,1,2023,W4360620450,1.0
I147554453,I169199633,1,1,2023,W4360620450,1.0
I147554453,I169335092,1,1,2023,W4360620450,1.0
I147554453,I171543936,1,1,2023,W4360620450,1.0
I147554453,I181369854,1,1,2023,W4360620450,1.0
I147554453,I181418319,1,1,2023,W4360620450,1.0
I147554453,I181565077,1,1,2023,W4360620450,1.0
I147554453,I181647926,1,1,2023,W4360620450,1.0
I147554453,I185163786,1,1,2023,W4360620450,1.0
I147554453,I188538660,1,1,2023,W4360620450,1.0
I147554453,I19648265,1,1,2023,W4360620450,1.0
I147554453,I204593131,1,1,2023,W4360620450,1.0
I147554453,I24027795,1,1,2023,W4360620450,1.0
I147554453,I244572783,1,1,2023,W4360620450,1.0
I147554453,I255234318,1,1,2023,W4360620450,1.0
I147554453,I25846049,1,1,2023,W4360620450,1.0
I147554453,I2613432,1,1,2023,W4360620450,1.0
I147554453,I27878738,1,1,2023,W4360620450,1.0
I147554453,I2802797706,1,1,2023,W4360620450,1.0
I147554453,I28407311,1,1,2023,W4360620450,1.0
I147554453,I31746571,1,1,2023,W4360620450,1.0
I147554453,I32394136,1,1,2023,W4360620450,1.0
I147554453,I36234482,1,1,2023,W4360620450,1.0
I147554453,I39586589,1,1,2023,W4360620450,1.0
I147554453,I4210131537,1,1,2023,W4360620450,1.0
I147554453,I4390039323,1,1,2023,W4360620450,1.0
I147554453,I4394709253,1,1,2023,W4360620450,1.0
I147554453,I44430492,1,1,2023,W4360620450,1.0
I147554453,I47818738,1,1,2023,W4360620450,1.0
I147554453,I55060895,1,1,2023,W4360620450,1.0
I147554453,I63098007,1,1,2023,W4360620450,1.0
I147554453,I68891433,1,1,2023,W4360620450,1.0
I147554453,I71052956,1,1,2023,W4360620450,1.0
I147554453,I78715868,1,1,2023,W4360620450,1.0
I147554453,I80281795,1,1,2023,W4360620450,1.0
I147554453,I91136226,1,1,2023,W4360620450,1.0
I147554453,I9300472,1,1,2023,W4360620450,1.0
I147554453,I931969281,1,1,2023,W4360620450,1.0
I147554453,I9360294,1,1,2023,W4360620450,1.0
I147554453,I98358874,1,1,2023,W4360620450,1.0
I147747303,I202391551,1,1,2023,W4382796759,1.0
I147747303,I207624831,1,1,2023,W4382796759,1.0
I147747303,I21250087,1,1,2023,W4382796759,1.0
I147747303,I4210144394,1,1,2023,W4382796759,1.0
I148099405,I17145004,1,1,2023,W4387805784,1.0
I148283060,I180670191,1,1,2023,W4318071656,1.0
I148283060,I2801935854,1,1,2023,W4318071656,1.0
I148283060,I4210088273,1,1,2023,W4318071656,1.0
I148283060,I4210120900,1,1,2023,W4318071656,1.0
I148283060,I4210155268,1,1,2023,W4318071656,1.0
I148283060,I95457486,5,5,2023,W4318071656;W4380686968;W4385671288;W4386225154;W4386902993,0.2
I148283060,I161318765,2,2,2023,W4380686968;W4385671288,0.5
I148283060,I170897317,2,2,2023,W4380686968;W4385671288,0.5
I148283060,I201448701,2,2,2023,W4380686968;W4385671288,0.5
I148283060,I241749,3,3,2023,W4380686968;W4385671288;W4387390369,0.3333333333333333
I148283060,I2800220363,1,1,2023,W4380686968,1.0
I148283060,I2801081054,2,2,2023,W4380686968;W4385671288,0.5
I148283060,I2802212502,1,1,2023,W4380686968,1.0
I148283060,I36194607,1,1,2023,W4380686968,1.0
I148283060,I39422238,1,1,2023,W4380686968,1.0
I148283060,I40347166,2,2,2023,W4380686968;W4385671288,0.5
I148283060,I4210094653,1,1,2023,W4380686968,1.0
I148283060,I4210095073,1,1,2023,W4380686968,1.0
I148283060,I4210107755,1,1,2023,W4380686968,1.0
I148283060,I4210110490,2,2,2023,W4380686968;W4385671288,0.5
I148283060,I4210121988,2,2,2023,W4380686968;W4385671288,0.5
I148283060,I4210132596,1,1,2023,W4380686968,1.0
I148283060,I4210138199,1,1,2023,W4380686968,1.0
I148283060,I4210147263,2,2,2023,W4380686968;W4385671288,0.5
I148283060,I5023651,2,2,2023,W4380686968;W4385671288,0.5
I148283060,I5124864,2,2,2023,W4380686968;W4385671288,0.5
I148283060,I5388228,2,2,2023,W4380686968;W4385671288,0.5
I148283060,I54166199,1,1,2023,W4380686968,1.0
I148283060,I63966007,2,2,2023,W4380686968;W4385671288,0.5
I148283060,I95674353,2,2,2023,W4380686968;W4385671288,0.5
I148283060,I175234967,1,1,2023,W4384337834,1.0
I148283060,I189158943,1,1,2023,W4384337834,1.0
I148283060,I2800419323,1,1,2023,W4384337834,1.0
I148283060,I4210115256,1,1,2023,W4384337834,1.0
I148283060,I40695006,1,1,2023,W4385671288,1.0
I148283060,I4210149682,1,1,2023,W4385671288,1.0
I148283060,I4210151627,1,1,2023,W4386225154,1.0
I148283060,I4210126476,1,1,2023,W4386902993,1.0
I148283060,I20089843,1,1,2023,W4387390369,1.0
I148283060,I4210153546,1,1,2023,W4387390369,1.0
I148283060,I4387153999,1,1,2023,W4387390369,1.0
I148283060,I57206974,1,1,2023,W4387390369,1.0
I148366613,I4210142583,1,1,2023,W4319301041,1.0
I148366613,I155660961,1,1,2023,W4388129991,1.0
I148366613,I168635309,1,1,2023,W4388129991,1.0
I148366613,I183935753,1,1,2023,W4388129991,1.0
I148366613,I185261750,1,1,2023,W4388129991,1.0
I148366613,I2799503643,1,1,2023,W4388129991,1.0
I148366613,I2801970007,1,1,2023,W4388129991,1.0
I148366613,I37696226,1,1,2023,W4388129991,1.0
I148366613,I78577930,1,1,2023,W4388129991,1.0
I148366613,I822440,1,1,2023,W4388129991,1.0
I148776243,I19926482,1,1,2023,W4386855886,1.0
I148776243,I2801220108,1,1,2023,W4386855886,1.0
I148776243,I4210086035,1,1,2023,W4386855886,1.0
I14894300,I4210096394,1,1,2023,W4399146931,1.0
I14894300,I5388228,1,1,2023,W4399146931,1.0
I14894300,I55285296,1,1,2023,W4399146931,1.0
I149521062,I159176309,1,1,2023,W4378905467,1.0
I149521062,I161593684,1,1,2023,W4378905467,1.0
I149521062,I169108374,1,1,2023,W4378905467,1.0
I149521062,I174216632,1,1,2023,W4378905467,1.0
I149521062,I176453806,1,1,2023,W4378905467,1.0
I149521062,I193662353,1,1,2023,W4378905467,1.0
I149521062,I19820366,1,1,2023,W4378905467,1.0
I149521062,I201448701,1,1,2023,W4378905467,1.0
I149521062,I23923803,1,1,2023,W4378905467,1.0
I149521062,I25254941,1,1,2023,W4378905467,1.0
I149521062,I2799973717,1,1,2023,W4378905467,1.0
I149521062,I2800262456,1,1,2023,W4378905467,1.0
I149521062,I315704651,1,1,2023,W4378905467,1.0
I149521062,I4210092744,1,1,2023,W4378905467,1.0
I149521062,I4210099977,1,1,2023,W4378905467,1.0
I149521062,I4210102999,1,1,2023,W4378905467,1.0
I149521062,I4210106352,1,1,2023,W4378905467,1.0
I149521062,I4210106526,1,1,2023,W4378905467,1.0
I149521062,I4210117555,1,1,2023,W4378905467,1.0
I149521062,I4210122844,1,1,2023,W4378905467,1.0
I149521062,I4210137309,1,1,2023,W4378905467,1.0
I149521062,I4210139347,1,1,2023,W4378905467,1.0
I149521062,I4210141715,1,1,2023,W4378905467,1.0
I149521062,I4210165038,1,1,2023,W4378905467,1.0
I149521062,I5023651,1,1,2023,W4378905467,1.0
I149521062,I59270414,1,1,2023,W4378905467,1.0
I149521062,I60200437,1,1,2023,W4378905467,1.0
I149521062,I865915315,1,1,2023,W4378905467,1.0
I149521062,I881766915,1,1,2023,W4378905467,1.0
I149521062,I887064364,1,1,2023,W4378905467,1.0
I149521062,I913481162,1,1,2023,W4378905467,1.0
I149594827,I27357992,1,1,2023,W4320008790,1.0
I149594827,I37796252,1,1,2023,W4320008790,1.0
I149594827,I91045830,1,1,2023,W4320008790,1.0
I149594827,I180662265,1,1,2023,W4321607993,1.0
I149594827,I36399199,1,1,2023,W4378696930,1.0
I149594827,I16609230,1,1,2023,W4390873553,1.0
I149594827,I177877127,1,1,2023,W4390873553,1.0
I149704539,I4210087059,1,1,2023,W4384834994,1.0
I149704539,I193775966,1,1,2023,W4387870448,1.0
I149704539,I161913731,1,1,2023,W4389043118,1.0
I149704539,I165102784,1,1,2023,W4389043118,1.0
I149704539,I165733156,1,1,2023,W4390052440,1.0
I149704539,I200719446,1,1,2023,W4390052440,1.0
I149704539,I4210136294,1,1,2023,W4390052440,1.0
I149704539,I52357470,1,1,2023,W4390052440,1.0
I149704539,I60997889,1,1,2023,W4390052440,1.0
I149704539,I79576946,1,1,2023,W4390052440,1.0
I149704539,I86519309,1,1,2023,W4390052440,1.0
I149704539,I4210147194,1,1,2023,W4393058982,1.0
I149704539,I80611190,1,1,2023,W4393058982,1.0
I149910238,I4210124246,1,1,2023,W4390343169,1.0
I149910238,I4210160970,1,1,2023,W4390343169,1.0
I150209017,I165862685,1,1,2023,W4386697749,1.0
I150209017,I177639307,1,1,2023,W4386697749,1.0
I150209017,I183935753,1,1,2023,W4386697749,1.0
I150209017,I201448701,1,1,2023,W4386697749,1.0
I150209017,I205051169,1,1,2023,W4386697749,1.0
I150209017,I23923803,1,1,2023,W4386697749,1.0
I150209017,I2799390153,1,1,2023,W4386697749,1.0
I150209017,I2802266942,1,1,2023,W4386697749,1.0
I150209017,I2802775644,1,1,2023,W4386697749,1.0
I150209017,I28407311,1,1,2023,W4386697749,1.0
I150209017,I36234482,1,1,2023,W4386697749,1.0
I150209017,I40120149,1,1,2023,W4386697749,1.0
I150209017,I4210111135,1,1,2023,W4386697749,1.0
I150209017,I4210126452,1,1,2023,W4386697749,1.0
I150209017,I4210140114,1,1,2023,W4386697749,1.0
I150209017,I4210150574,1,1,2023,W4386697749,1.0
I150209017,I43439940,1,1,2023,W4386697749,1.0
I150209017,I45129253,1,1,2023,W4386697749,1.0
I150209017,I7882870,1,1,2023,W4386697749,1.0
I150209017,I79510175,1,1,2023,W4386697749,1.0
I150209017,I79619799,1,1,2023,W4386697749,1.0
I150209017,I84884186,1,1,2023,W4386697749,1.0
I150209017,I98677209,1,1,2023,W4386697749,1.0
I150229711,I178232147,1,1,2023,W4364377616,1.0
I150229711,I4400573270,1,1,2023,W4364377616,1.0
I150229711,I173899330,1,1,2023,W4385562582,1.0
I150229711,I66946132,1,1,2023,W4385562582,1.0
I150229711,I165932596,1,1,2023,W4385934203,1.0
I150229711,I4210136793,2,2,2023,W4386071847;W4387968071,0.5
I150229711,I170215575,1,1,2023,W4386215278,1.0
I150229711,I183067930,1,1,2023,W4386215278,1.0
I150229711,I31512782,1,1,2023,W4386567020,1.0
I150229711,I47720641,1,1,2023,W4386567020,1.0
I150229711,I90610280,1,1,2023,W4386567020,1.0
I150229711,I4210104233,1,1,2023,W4387394243,1.0
I150229711,I4210164386,1,1,2023,W4387394243,1.0
I150229711,I4210100255,1,1,2023,W4387580644,1.0
I150229711,I4391012619,1,1,2023,W4387580644,1.0
I150229711,I204983213,1,1,2023,W4387968071,1.0
I150229711,I16733864,1,1,2023,W4387968628,1.0
I150229711,I20231570,1,1,2023,W4387968628,1.0
I150229711,I4210113369,1,1,2023,W4387968628,1.0
I150229711,I87445476,1,1,2023,W4387968628,1.0
I150229711,I4210115556,1,1,2023,W4388948873,1.0
I150229711,I76569877,1,1,2023,W4388948873,1.0
I150229711,I900890020,1,1,2023,W4388948873,1.0
I150229711,I24185976,1,1,2023,W4389347891,1.0
I150229711,I4401726805,1,1,2023,W4389347891,1.0
I150229711,I4210096250,1,1,2023,W4389520779,1.0
I150229711,I78988378,1,1,2023,W4389520779,1.0
I150229711,I152815399,1,1,2023,W4389524317,1.0
I150229711,I4800084,1,1,2023,W4389524317,1.0
I150229711,I79891267,1,1,2023,W4389524317,1.0
I150229711,I165733156,1,1,2023,W4389903841,1.0
I150229711,I17145004,1,1,2023,W4389903841,1.0
I150229711,I177725633,1,1,2023,W4389903841,1.0
I150229711,I189196454,1,1,2023,W4389903841,1.0
I150229711,I200296433,1,1,2023,W4389903841,1.0
I150229711,I2802423016,1,1,2023,W4389903841,1.0
I150229711,I30809798,1,1,2023,W4389903841,1.0
I150229711,I38877650,1,1,2023,W4389903841,1.0
I150229711,I4210087915,1,1,2023,W4389903841,1.0
I150229711,I4210135459,1,1,2023,W4389903841,1.0
I150229711,I4210146710,1,1,2023,W4389903841,1.0
I150229711,I4210157781,1,1,2023,W4389903841,1.0
I150314799,I241749,1,1,2023,W4388409567,1.0
I150314799,I4210096386,1,1,2023,W4388409567,1.0
I150314799,I4210118691,1,1,2023,W4388409567,1.0
I150314799,I4403928327,1,1,2023,W4388409567,1.0
I150314799,I64180646,1,1,2023,W4388409567,1.0
I150314799,I64492213,1,1,2023,W4388409567,1.0
I150468666,I2800556163,1,1,2023,W4367186868,1.0
I150468666,I55769427,1,1,2023,W4367186868,1.0
I150468666,I63966007,3,3,2023,W4367186868;W4384457683;W4389917881,0.3333333333333333
I150468666,I180670191,1,1,2023,W4384457683,1.0
I150468666,I2799899409,1,1,2023,W4384457683,1.0
I150468666,I2801248553,1,1,2023,W4384457683,1.0
I150468666,I4210101190,1,1,2023,W4384457683,1.0
I150468666,I4210137306,2,2,2023,W4384457683;W4389917881,0.5
I150468666,I4210167126,2,2,2023,W4384457683;W4389917881,0.5
I150468666,I4387154595,1,1,2023,W4384457683,1.0
I150468666,I97018004,3,3,2023,W4384457683;W4387606803;W4389917881,0.3333333333333333
I150468666,I4210109911,1,1,2023,W4386272462,1.0
I150468666,I98704320,1,1,2023,W4386272462,1.0
I150468666,I40347166,1,1,2023,W4387606803,1.0
I150468666,I4210153468,1,1,2023,W4387606803,1.0
I150468666,I74973139,1,1,2023,W4387606803,1.0
I150468666,I86519309,1,1,2023,W4387606803,1.0
I150468666,I4210100202,1,1,2023,W4389070723,1.0
I150468666,I4390039307,1,1,2023,W4389070723,1.0
I150468666,I95457486,1,1,2023,W4389519044,1.0
I150468666,I159176309,1,1,2023,W4389986031,1.0
I150468666,I256606533,1,1,2023,W4389986031,1.0
I150468666,I70451448,1,1,2023,W4389986031,1.0
I150468666,I884043246,1,1,2023,W4389986031,1.0
I150540706,I157556583,1,1,2023,W4361286239,1.0
I150540706,I2802916955,1,1,2023,W4361286239,1.0
I150540706,I76134821,1,1,2023,W4361286239,1.0
I15057530,I162838928,1,1,2023,W4382656966,1.0
I15057530,I4210153468,1,1,2023,W4382656966,1.0
I15057530,I4402554038,1,1,2023,W4382656966,1.0
I15057530,I150744194,1,1,2023,W4385800714,1.0
I15057530,I185839726,1,1,2023,W4385800714,1.0
I15057530,I4210142254,1,1,2023,W4385800714,1.0
I15057530,I4210160189,1,1,2023,W4385800714,1.0
I15057530,I3018323443,1,1,2023,W4387046394,1.0
I15057530,I4210112646,1,1,2023,W4387046394,1.0
I15057530,I4210112727,1,1,2023,W4387046394,1.0
I15057530,I193223587,1,1,2023,W4388835050,1.0
I15057530,I20089843,1,1,2023,W4388835050,1.0
I15057530,I4210090411,1,1,2023,W4388835050,1.0
I15057530,I4210092408,1,1,2023,W4388835050,1.0
I15057530,I4210118560,1,1,2023,W4388835050,1.0
I15057530,I4210120221,1,1,2023,W4388835050,1.0
I15057530,I4210139217,1,1,2023,W4388835050,1.0
I15057530,I95457486,1,1,2023,W4388835050,1.0
I150744194,I22299242,1,1,2023,W4385571434,1.0
I150744194,I185839726,1,1,2023,W4385800714,1.0
I150744194,I4210142254,1,1,2023,W4385800714,1.0
I150744194,I4210160189,1,1,2023,W4385800714,1.0
I150744194,I4210089607,1,1,2023,W4386076211,1.0
I150807315,I4210128032,1,1,2023,W4379618854,1.0
I150807315,I4210153248,1,1,2023,W4379618854,1.0
I150807315,I90610280,1,1,2023,W4387968008,1.0
I150870154,I168719708,1,1,2023,W4360620450,1.0
I150870154,I169199633,1,1,2023,W4360620450,1.0
I150870154,I169335092,1,1,2023,W4360620450,1.0
I150870154,I171543936,1,1,2023,W4360620450,1.0
I150870154,I181369854,1,1,2023,W4360620450,1.0
I150870154,I181418319,1,1,2023,W4360620450,1.0
I150870154,I181565077,1,1,2023,W4360620450,1.0
I150870154,I181647926,1,1,2023,W4360620450,1.0
I150870154,I185163786,1,1,2023,W4360620450,1.0
I150870154,I188538660,1,1,2023,W4360620450,1.0
I150870154,I19648265,1,1,2023,W4360620450,1.0
I150870154,I204593131,1,1,2023,W4360620450,1.0
I150870154,I24027795,1,1,2023,W4360620450,1.0
I150870154,I244572783,2,2,2023,W4360620450;W4387379065,0.5
I150870154,I255234318,1,1,2023,W4360620450,1.0
I150870154,I25846049,1,1,2023,W4360620450,1.0
I150870154,I2613432,1,1,2023,W4360620450,1.0
I150870154,I27878738,2,2,2023,W4360620450;W4387379065,0.5
I150870154,I2802797706,1,1,2023,W4360620450,1.0
I150870154,I28407311,1,1,2023,W4360620450,1.0
I150870154,I31746571,1,1,2023,W4360620450,1.0
I150870154,I32394136,1,1,2023,W4360620450,1.0
I150870154,I36234482,1,1,2023,W4360620450,1.0
I150870154,I39586589,2,2,2023,W4360620450;W4387379065,0.5
I150870154,I4210131537,1,1,2023,W4360620450,1.0
I150870154,I4390039323,1,1,2023,W4360620450,1.0
I150870154,I4394709253,1,1,2023,W4360620450,1.0
I150870154,I44430492,1,1,2023,W4360620450,1.0
I150870154,I47818738,1,1,2023,W4360620450,1.0
I150870154,I55060895,1,1,2023,W4360620450,1.0
I150870154,I63098007,1,1,2023,W4360620450,1.0
I150870154,I68891433,2,2,2023,W4360620450;W4387379065,0.5
I150870154,I71052956,1,1,2023,W4360620450,1.0
I150870154,I78715868,1,1,2023,W4360620450,1.0
I150870154,I80281795,1,1,2023,W4360620450,1.0
I150870154,I91136226,1,1,2023,W4360620450,1.0
I150870154,I9300472,1,1,2023,W4360620450,1.0
I150870154,I931969281,1,1,2023,W4360620450,1.0
I150870154,I9360294,1,1,2023,W4360620450,1.0
I150870154,I98358874,1,1,2023,W4360620450,1.0
I150870154,I173093425,1,1,2023,W4387379065,1.0
I150870154,I173888879,1,1,2023,W4387379065,1.0
I150870154,I182000528,1,1,2023,W4387379065,1.0
I150870154,I193260172,1,1,2023,W4387379065,1.0
I150870154,I204778367,1,1,2023,W4387379065,1.0
I150870154,I22265921,1,1,2023,W4387379065,1.0
I150870154,I2801106189,1,1,2023,W4387379065,1.0
I150870154,I3122748864,1,1,2023,W4387379065,1.0
I150870154,I4210134189,1,1,2023,W4387379065,1.0
I150870154,I4387930215,1,1,2023,W4387379065,1.0
I150870154,I55285296,1,1,2023,W4387379065,1.0
I150870154,I56007636,1,1,2023,W4387379065,1.0
I150870154,I60342839,1,1,2023,W4387379065,1.0
I150870154,I79156528,1,1,2023,W4387379065,1.0
I150870154,I931278978,1,1,2023,W4387379065,1.0
I150870154,I931681460,1,1,2023,W4387379065,1.0
I150870154,I96413208,1,1,2023,W4387379065,1.0
I150870154,I63966007,1,1,2023,W4389065335,1.0
I151013683,I4210153274,1,1,2023,W4385302680,1.0
I151013683,I4210163399,1,1,2023,W4385302680,1.0
I151201029,I166401450,2,2,2023,W4388824155;W4388979212,0.5
I151201029,I167724894,1,1,2023,W4388824155,1.0
I151201029,I180910786,1,1,2023,W4388824155,1.0
I151201029,I4210095825,1,1,2023,W4388824155,1.0
I151201029,I192513696,1,1,2023,W4388979212,1.0
I151201029,I2883434090,1,1,2023,W4388979212,1.0
I151201029,I39553462,1,1,2023,W4388979212,1.0
I151201029,I73822459,1,1,2023,W4388979212,1.0
I151727225,I194450716,1,1,2023,W4317423310,1.0
I151727225,I20231570,1,1,2023,W4386170336,1.0
I151727225,I4210100255,1,1,2023,W4386170336,1.0
I151727225,I4210161462,1,1,2023,W4389104929,1.0
I151746483,I74973139,1,1,2023,W4385565351,1.0
I151746483,I4210156221,1,1,2023,W4385569780,1.0
I151746483,I161057412,1,1,2023,W4385688511,1.0
I151746483,I165143802,1,1,2023,W4385688511,1.0
I151746483,I184597095,1,1,2023,W4385688511,1.0
I151746483,I4210135670,1,1,2023,W4385688511,1.0
I151746483,I4210163196,1,1,2023,W4385688511,1.0
I151746483,I51441396,1,1,2023,W4385688511,1.0
I151746483,I76198965,1,1,2023,W4385688511,1.0
I151746483,I887064364,1,1,2023,W4385688511,1.0
I151746483,I926574661,1,1,2023,W4385688511,1.0
I151746483,I185261750,3,3,2023,W4386071957;W4386076371;W4387937021,0.3333333333333333
I151746483,I3018771216,2,2,2023,W4386071957;W4386076371,0.5
I151746483,I4210127509,4,4,2023,W4386071957;W4386076371;W4386566488;W4387937021,0.25
I151746483,I8204097,2,2,2023,W4386071957;W4386076371,0.5
I151746483,I4210127875,1,1,2023,W4387937021,1.0
I151746483,I4210164862,1,1,2023,W4387937021,1.0
I151746483,I16609230,1,1,2023,W4388208052,1.0
I151746483,I154570441,1,1,2023,W4389519982,1.0
I151746483,I165932596,1,1,2023,W4389519982,1.0
I151746483,I4210113480,1,1,2023,W4389519982,1.0
I151746483,I76130692,1,1,2023,W4389519982,1.0
I151746483,I157725225,1,1,2023,W4389736946,1.0
I151746483,I2803209242,1,1,2023,W4389736946,1.0
I151746483,I36258959,1,1,2023,W4389736946,1.0
I151746483,I4210114312,1,1,2023,W4389736946,1.0
I151746483,I4210164146,1,1,2023,W4389736946,1.0
I151746483,I66946132,1,1,2023,W4389736946,1.0
I151746483,I889937125,1,1,2023,W4389736946,1.0
I151746483,I95457486,1,1,2023,W4389736946,1.0
I151746483,I97018004,1,1,2023,W4389736946,1.0
I151746803,I181063083,1,1,2023,W4363650973,1.0
I151746803,I28022161,1,1,2023,W4363650973,1.0
I151746803,I29698356,1,1,2023,W4363650973,1.0
I151746803,I4387154749,1,1,2023,W4363650973,1.0
I151746803,I76957882,1,1,2023,W4363650973,1.0
I151746803,I34478861,1,1,2023,W4390432273,1.0
I151746803,I4210150297,1,1,2023,W4390432273,1.0
I15196421,I160368002,1,1,2023,W4387451550,1.0
I15196421,I2801204180,1,1,2023,W4387451550,1.0
I152650591,I4210129376,1,1,2023,W4362514526,1.0
I152650591,I4210145858,1,1,2023,W4362514526,1.0
I152815399,I172675005,4,4,2023,W4383753323;W4387412926;W4387415166;W4392158858,0.25
I152815399,I20231570,3,3,2023,W4383753323;W4387412926;W4392158858,0.3333333333333333
I152815399,I35928602,3,3,2023,W4383753323;W4387412926;W4392158858,0.3333333333333333
I152815399,I44461941,3,3,2023,W4383753323;W4387412926;W4392158858,0.3333333333333333
I152815399,I82497590,3,3,2023,W4383753323;W4387412926;W4392158858,0.3333333333333333
I152815399,I157582758,1,1,2023,W4385227045,1.0
I152815399,I165932596,1,1,2023,W4385227045,1.0
I152815399,I241749,1,1,2023,W4385227045,1.0
I152815399,I2799299286,1,1,2023,W4385227045,1.0
I152815399,I4210116917,1,1,2023,W4385227045,1.0
I152815399,I4210126319,1,1,2023,W4385227045,1.0
I152815399,I4800084,2,2,2023,W4385570088;W4389524317,0.5
I152815399,I66867065,1,1,2023,W4385570088,1.0
I152815399,I79891267,2,2,2023,W4385570088;W4389524317,0.5
I152815399,I4210164802,1,1,2023,W4385764438,1.0
I152815399,I4210155350,1,1,2023,W4387415166,1.0
I152815399,I4392021250,1,1,2023,W4387415166,1.0
I152815399,I36399199,1,1,2023,W4387968073,1.0
I152815399,I9842412,1,1,2023,W4387968073,1.0
I152815399,I4210113369,1,1,2023,W4389523722,1.0
I152815399,I99065089,1,1,2023,W4389523722,1.0
I152815399,I3018263800,1,1,2023,W4390190100,1.0
I152815399,I76130692,1,1,2023,W4390190100,1.0
I152815399,I82880672,1,1,2023,W4390190100,1.0
I152815399,I4210142044,1,1,2023,W4391092830,1.0
I152815399,I86467917,1,1,2023,W4391092830,1.0
I153230381,I4210135293,1,1,2023,W4386692525,1.0
I153327471,I4210089607,1,1,2023,W4385682474,1.0
I153327471,I4210136457,1,1,2023,W4385682474,1.0
I153327471,I74801974,1,1,2023,W4385682474,1.0
I153355300,I181369854,1,1,2023,W4387211386,1.0
I153355300,I183935753,1,1,2023,W4387211386,1.0
I153355300,I200166805,1,1,2023,W4387211386,1.0
I153355300,I2802742124,1,1,2023,W4387211386,1.0
I153355300,I47508984,1,1,2023,W4387211386,1.0
I153473198,I19820366,1,1,2023,W4366377770,1.0
I153473198,I4210110458,1,1,2023,W4366377770,1.0
I153473198,I4210137199,1,1,2023,W4366377770,1.0
I153687341,I157392197,1,1,2023,W4385423788,1.0
I153687341,I3132180716,1,1,2023,W4385423788,1.0
I153687341,I97864281,1,1,2023,W4385423788,1.0
I153718931,I4210159778,1,1,2023,W4385734156,1.0
I153718931,I5023651,1,1,2023,W4387143094,1.0
I153718931,I2800722420,1,1,2023,W4388142096,1.0
I153718931,I47508984,1,1,2023,W4388142096,1.0
I153845743,I4210116466,1,1,2023,W4380488316,1.0
I153845743,I4210123447,1,1,2023,W4380488316,1.0
I154099455,I194450716,1,1,2023,W4385638369,1.0
I154099455,I19820366,1,1,2023,W4385638369,1.0
I154099455,I2250955327,1,1,2023,W4385638369,1.0
I154099455,I37461747,1,1,2023,W4385638369,1.0
I154099455,I4210090176,1,1,2023,W4385638369,1.0
I154099455,I4210100255,1,1,2023,W4385638369,1.0
I154099455,I4210136497,1,1,2023,W4385638369,1.0
I154099455,I4210145761,1,1,2023,W4385638369,1.0
I154099455,I76130692,1,1,2023,W4385638369,1.0
I154099455,I78988378,1,1,2023,W4385638369,1.0
I154099455,I90610280,1,1,2023,W4385638369,1.0
I154099455,I99065089,1,1,2023,W4385638369,1.0
I154099455,I154130895,1,1,2023,W4388209069,1.0
I154099455,I4210126580,1,1,2023,W4388209069,1.0
I154099455,I98301712,1,1,2023,W4389523765,1.0
I154099455,I4210113369,1,1,2023,W4389524228,1.0
I154130895,I2801203836,1,1,2023,W4318457133,1.0
I154130895,I39854758,1,1,2023,W4318457133,1.0
I154130895,I47605537,1,1,2023,W4318457133,1.0
I154130895,I889458895,1,1,2023,W4318457133,1.0
I154130895,I60205797,2,2,2023,W4323033692;W4390315357,0.5
I154130895,I9927081,4,4,2023,W4323033692;W4323033814;W4380353816;W4382654294,0.25
I154130895,I84392919,3,3,2023,W4323033814;W4382654294;W4390315357,0.3333333333333333
I154130895,I156171363,1,1,2023,W4327981907,1.0
I154130895,I185492890,1,1,2023,W4327981907,1.0
I154130895,I41156924,1,1,2023,W4327981907,1.0
I154130895,I4210126461,1,1,2023,W4327981907,1.0
I154130895,I4210150450,1,1,2023,W4327981907,1.0
I154130895,I4210160517,1,1,2023,W4327981907,1.0
I154130895,I45935490,1,1,2023,W4327981907,1.0
I154130895,I52179390,1,1,2023,W4327981907,1.0
I154130895,I62912653,1,1,2023,W4327981907,1.0
I154130895,I80281795,1,1,2023,W4327981907,1.0
I154130895,I159948400,1,1,2023,W4382567209,1.0
I154130895,I165143802,1,1,2023,W4382567209,1.0
I154130895,I25254941,1,1,2023,W4382567209,1.0
I154130895,I27837315,1,1,2023,W4382567209,1.0
I154130895,I4387153386,1,1,2023,W4382567209,1.0
I154130895,I74973139,3,3,2023,W4382567209;W4390315357;W4391584331,0.3333333333333333
I154130895,I91136226,1,1,2023,W4382567209,1.0
I154130895,I94658018,1,1,2023,W4382567209,1.0
I154130895,I4210126580,1,1,2023,W4388209069,1.0
I154130895,I158749337,1,1,2023,W4390315357,1.0
I154130895,I185261750,1,1,2023,W4390315357,1.0
I154130895,I193662353,1,1,2023,W4390315357,1.0
I154130895,I4210138519,1,1,2023,W4390315357,1.0
I154130895,I51556381,1,1,2023,W4390315357,1.0
I154130895,I184616310,1,1,2023,W4391584331,1.0
I154425047,I2802925319,1,1,2023,W4319454867,1.0
I154425047,I166311279,2,2,2023,W4382680046;W4389235056,0.5
I154425047,I181190671,2,2,2023,W4382680046;W4389937130,0.5
I154425047,I184461854,3,3,2023,W4382680046;W4389235056;W4389937130,0.3333333333333333
I154425047,I185261750,5,5,2023,W4382680046;W4387503730;W4388540984;W4389235056;W4389937130,0.2
I154425047,I197323543,3,3,2023,W4382680046;W4389235056;W4389937130,0.3333333333333333
I154425047,I4210101739,1,1,2023,W4382680046,1.0
I154425047,I4210108108,3,3,2023,W4382680046;W4389235056;W4389937130,0.3333333333333333
I154425047,I4210125326,3,3,2023,W4382680046;W4389235056;W4389937130,0.3333333333333333
I154425047,I47500176,3,3,2023,W4382680046;W4389235056;W4389937130,0.3333333333333333
I154425047,I5791819,3,3,2023,W4382680046;W4389235056;W4389937130,0.3333333333333333
I154425047,I61923386,3,3,2023,W4382680046;W4389235056;W4389937130,0.3333333333333333
I154425047,I72816309,1,1,2023,W4387503730,1.0
I154425047,I2799376586,1,1,2023,W4388540984,1.0
I154425047,I2800925808,1,1,2023,W4388540984,1.0
I154425047,I2802285097,1,1,2023,W4388540984,1.0
I154425047,I4399598460,1,1,2023,W4388540984,1.0
I154425047,I873043661,1,1,2023,W4389104713,1.0
I154425047,I2802181614,1,1,2023,W4389235056,1.0
I154425047,I4210097178,1,1,2023,W4389235056,1.0
I154425047,I4210103308,1,1,2023,W4389235056,1.0
I154425047,I4210106036,1,1,2023,W4389235056,1.0
I154425047,I4210107347,2,2,2023,W4389235056;W4389937130,0.5
I154425047,I4210113003,1,1,2023,W4389235056,1.0
I154425047,I4210121117,2,2,2023,W4389235056;W4389937130,0.5
I154425047,I4210124714,1,1,2023,W4389235056,1.0
I154425047,I4210157730,1,1,2023,W4389235056,1.0
I154425047,I4389424196,2,2,2023,W4389235056;W4389937130,0.5
I154425047,I80018011,1,1,2023,W4389235056,1.0
I154425047,I227586296,1,1,2023,W4389937130,1.0
I154425047,I4210098320,1,1,2023,W4389937130,1.0
I154526488,I161929037,1,1,2023,W4387665659,1.0
I154526488,I4210095915,1,1,2023,W4387665659,1.0
I154526488,I4210109141,1,1,2023,W4387665659,1.0
I154526488,I4210115256,1,1,2023,W4387665659,1.0
I154526488,I4210132604,1,1,2023,W4387665659,1.0
I154526488,I83399316,1,1,2023,W4387665659,1.0
I154570441,I17626003,1,1,2023,W4366454938,1.0
I154570441,I17866349,1,1,2023,W4366454938,1.0
I154570441,I183974707,1,1,2023,W4366454938,1.0
I154570441,I205783295,1,1,2023,W4366454938,1.0
I154570441,I4210127646,1,1,2023,W4366454938,1.0
I154570441,I4210133362,1,1,2023,W4366454938,1.0
I154570441,I66946132,1,1,2023,W4366454938,1.0
I154570441,I70983195,1,1,2023,W4366454938,1.0
I154570441,I76903346,1,1,2023,W4366454938,1.0
I154570441,I165733156,1,1,2023,W4387294423,1.0
I154570441,I16391192,1,1,2023,W4389403907,1.0
I154570441,I184565670,1,1,2023,W4389403907,1.0
I154570441,I185261750,1,1,2023,W4389403907,1.0
I154570441,I192455969,1,1,2023,W4389403907,1.0
I154570441,I197251160,1,1,2023,W4389403907,1.0
I154570441,I20089843,1,1,2023,W4389403907,1.0
I154570441,I205023500,1,1,2023,W4389403907,1.0
I154570441,I27116053,1,1,2023,W4389403907,1.0
I154570441,I2800565835,1,1,2023,W4389403907,1.0
I154570441,I2801851002,1,1,2023,W4389403907,1.0
I154570441,I29955533,1,1,2023,W4389403907,1.0
I154570441,I40347166,1,1,2023,W4389403907,1.0
I154570441,I4210108999,1,1,2023,W4389403907,1.0
I154570441,I4210119109,1,1,2023,W4389403907,1.0
I154570441,I4210137306,1,1,2023,W4389403907,1.0
I154570441,I4210140380,1,1,2023,W4389403907,1.0
I154570441,I4210145102,1,1,2023,W4389403907,1.0
I154570441,I4210153792,1,1,2023,W4389403907,1.0
I154570441,I4210155092,1,1,2023,W4389403907,1.0
I154570441,I44829897,1,1,2023,W4389403907,1.0
I154570441,I51556381,1,1,2023,W4389403907,1.0
I154570441,I57206974,1,1,2023,W4389403907,1.0
I154570441,I88874673,1,1,2023,W4389403907,1.0
I154570441,I90326151,1,1,2023,W4389403907,1.0
I154570441,I97018004,1,1,2023,W4389403907,1.0
I154570441,I74973139,1,1,2023,W4389518754,1.0
I154570441,I165932596,1,1,2023,W4389519982,1.0
I154570441,I4210113480,1,1,2023,W4389519982,1.0
I154570441,I76130692,1,1,2023,W4389519982,1.0
I154757721,I21370196,1,1,2023,W4389777382,1.0
I15477984,I177639307,1,1,2023,W4320920667,1.0
I154851008,I65181880,1,1,2023,W4360851779,1.0
I154864474,I16733864,1,1,2023,W4385389410,1.0
I154864474,I74801974,1,1,2023,W4385389410,1.0
I154970844,I251738,1,1,2023,W4386142022,1.0
I154970844,I4210157426,1,1,2023,W4386142022,1.0
I154970844,I4210159968,1,1,2023,W4386142022,1.0
I154970844,I52590639,1,1,2023,W4386142022,1.0
I154970844,I67357951,1,1,2023,W4386142022,1.0
I154970844,I74796645,1,1,2023,W4386142022,1.0
I154970844,I861853513,1,1,2023,W4386142022,1.0
I155125353,I4210143387,1,1,2023,W4378672794,1.0
I155125381,I4210134754,1,1,2023,W4391894693,1.0
I155125381,I875944469,1,1,2023,W4391894693,1.0
I155381812,I4210166615,1,1,2023,W4384069115,1.0
I155381812,I43439940,1,1,2023,W4384069115,1.0
I155660961,I56085075,1,1,2023,W4386913199,1.0
I155660961,I166825849,1,1,2023,W4387163695,1.0
I155660961,I168635309,1,1,2023,W4388129991,1.0
I155660961,I183935753,1,1,2023,W4388129991,1.0
I155660961,I185261750,1,1,2023,W4388129991,1.0
I155660961,I2799503643,1,1,2023,W4388129991,1.0
I155660961,I2801970007,1,1,2023,W4388129991,1.0
I155660961,I37696226,1,1,2023,W4388129991,1.0
I155660961,I78577930,1,1,2023,W4388129991,1.0
I155660961,I822440,1,1,2023,W4388129991,1.0
I155765044,I4210085968,1,1,2023,W4390414972,1.0
I155781252,I4210156221,1,1,2023,W4388994240,1.0
I155781252,I17626003,1,1,2023,W4389273449,1.0
I155781252,I51601045,1,1,2023,W4389273449,1.0
I155781252,I96062909,1,1,2023,W4389273449,1.0
I155781252,I98461037,1,1,2023,W4389273449,1.0
I155781252,I48018076,1,1,2023,W4389524379,1.0
I155781252,I59805279,1,1,2023,W4389524379,1.0
I155781252,I97018004,1,1,2023,W4389524379,1.0
I155837530,I16471300,1,1,2023,W4388183534,1.0
I156087764,I161318765,1,1,2023,W4387195417,1.0
I156087764,I193775966,2,2,2023,W4387195417;W4390871890,0.5
I156087764,I20231570,1,1,2023,W4387195417,1.0
I156087764,I4210161460,1,1,2023,W4387195417,1.0
I156087764,I4210164802,1,1,2023,W4387195417,1.0
I156087764,I173911158,1,1,2023,W4388581500,1.0
I156087764,I204983213,1,1,2023,W4390871890,1.0
I156087764,I27357992,1,1,2023,W4390871890,1.0
I156087764,I4210136793,1,1,2023,W4390871890,1.0
I156087764,I4210113480,1,1,2023,W4390872773,1.0
I156171363,I185492890,1,1,2023,W4327981907,1.0
I156171363,I41156924,1,1,2023,W4327981907,1.0
I156171363,I4210126461,1,1,2023,W4327981907,1.0
I156171363,I4210150450,1,1,2023,W4327981907,1.0
I156171363,I4210160517,1,1,2023,W4327981907,1.0
I156171363,I45935490,1,1,2023,W4327981907,1.0
I156171363,I52179390,1,1,2023,W4327981907,1.0
I156171363,I62912653,1,1,2023,W4327981907,1.0
I156171363,I80281795,1,1,2023,W4327981907,1.0
I156292868,I21193070,1,1,2023,W4393186015,1.0
I156406944,I166337079,1,1,2023,W4386384991,1.0
I156406944,I4210111325,1,1,2023,W4386384991,1.0
I156406944,I4210129200,1,1,2023,W4386384991,1.0
I156983542,I165102784,1,1,2023,W4353094257,1.0
I156983542,I27570832,1,1,2023,W4378448767,1.0
I157066012,I180949307,2,2,2023,W4315606663;W4327519588,0.5
I157066012,I205023500,2,2,2023,W4315606663;W4327519588,0.5
I157066012,I4210137306,1,1,2023,W4315606663,1.0
I157066012,I4210139231,1,1,2023,W4315606663,1.0
I157066012,I4210147944,1,1,2023,W4315606663,1.0
I157066012,I53107984,1,1,2023,W4315606663,1.0
I157066012,I87216513,1,1,2023,W4315606663,1.0
I157066012,I90523175,2,2,2023,W4315606663;W4327519588,0.5
I157219812,I4210093981,1,1,2023,W4385748583,1.0
I157219812,I4210138501,1,1,2023,W4385748583,1.0
I157219812,I4210149102,1,1,2023,W4385748583,1.0
I157219812,I32389192,1,1,2023,W4386638865,1.0
I157219812,I4210086892,1,1,2023,W4386638865,1.0
I157286207,I33849332,1,1,2023,W4362653066,1.0
I157286207,I6498739,1,1,2023,W4362653066,1.0
I157286207,I19700959,2,2,2023,W4379514142;W4388834509,0.5
I157286207,I33213144,1,1,2023,W4379514142,1.0
I157286207,I4210129924,1,1,2023,W4379514142,1.0
I157358134,I165932596,1,1,2023,W4388035208,1.0
I157358134,I168719708,1,1,2023,W4388035208,1.0
I157358134,I177725633,1,1,2023,W4388035208,1.0
I157358134,I24185976,1,1,2023,W4388035208,1.0
I157358134,I348769827,1,1,2023,W4388035208,1.0
I157358134,I4210089761,1,1,2023,W4388035208,1.0
I157358134,I47508984,1,1,2023,W4388035208,1.0
I157358134,I889458895,1,1,2023,W4388035208,1.0
I157358134,I4210142152,1,1,2023,W4390096766,1.0
I157392197,I3132180716,1,1,2023,W4385423788,1.0
I157392197,I97864281,1,1,2023,W4385423788,1.0
I157394403,I41341903,1,1,2023,W4363678768,1.0
I157417397,I90871651,1,1,2023,W4386574345,1.0
I157485424,I848706,1,1,2023,W4321275178,1.0
I157485424,I165526535,2,2,2023,W4366594193;W4387394600,0.5
I157485424,I181326427,1,1,2023,W4366594193,1.0
I157485424,I196699116,1,1,2023,W4366594193,1.0
I157485424,I4210099236,4,4,2023,W4372259784;W4386066475;W4389519446;W4389519518,0.25
I157485424,I60922564,4,4,2023,W4372263908;W4389519446;W4389519518;W4390874130,0.25
I157485424,I3131625388,1,1,2023,W4387394600,1.0
I157485424,I99065089,1,1,2023,W4387394600,1.0
I157485424,I201448701,1,1,2023,W4389519446,1.0
I157485424,I80611190,1,1,2023,W4390244836,1.0
I157485424,I4210143602,1,1,2023,W4390357614,1.0
I157485424,I193775966,1,1,2023,W4390874130,1.0
I157485424,I183935753,1,1,2023,W4392414327,1.0
I157485424,I4210111288,1,1,2023,W4392414327,1.0
I157485424,I4210114444,1,1,2023,W4392414327,1.0
I157556583,I2802916955,1,1,2023,W4361286239,1.0
I157556583,I76134821,1,1,2023,W4361286239,1.0
I157582758,I165932596,1,1,2023,W4385227045,1.0
I157582758,I241749,1,1,2023,W4385227045,1.0
I157582758,I2799299286,1,1,2023,W4385227045,1.0
I157582758,I4210116917,1,1,2023,W4385227045,1.0
I157582758,I4210126319,1,1,2023,W4385227045,1.0
I157614274,I4210155607,1,1,2023,W4388416602,1.0
I157614274,I48430043,1,1,2023,W4388416602,1.0
I157725225,I50760025,2,2,2023,W4381930847;W4386973803,0.5
I157725225,I52357470,2,2,2023,W4381930847;W4392669797,0.5
I157725225,I867280407,2,2,2023,W4381930847;W4382998948,0.5
I157725225,I191208505,1,1,2023,W4382998948,1.0
I157725225,I191240316,1,1,2023,W4382998948,1.0
I157725225,I4210095624,1,1,2023,W4382998948,1.0
I157725225,I4210096815,1,1,2023,W4382998948,1.0
I157725225,I4388891891,1,1,2023,W4382998948,1.0
I157725225,I45928872,1,1,2023,W4382998948,1.0
I157725225,I75867142,1,1,2023,W4382998948,1.0
I157725225,I170201317,2,2,2023,W4385374442;W4390100389,0.5
I157725225,I2801887358,1,1,2023,W4385374442,1.0
I157725225,I4210109390,1,1,2023,W4385374442,1.0
I157725225,I4210149717,1,1,2023,W4385374442,1.0
I157725225,I66946132,3,3,2023,W4385374442;W4389736946;W4390100389,0.3333333333333333
I157725225,I20089843,1,1,2023,W4385490607,1.0
I157725225,I205783295,1,1,2023,W4385490607,1.0
I157725225,I241749,1,1,2023,W4385490607,1.0
I157725225,I27804330,1,1,2023,W4385490607,1.0
I157725225,I4210090411,1,1,2023,W4385490607,1.0
I157725225,I4210092658,1,1,2023,W4385490607,1.0
I157725225,I4210094983,1,1,2023,W4385490607,1.0
I157725225,I4210110431,1,1,2023,W4385490607,1.0
I157725225,I4210113297,1,1,2023,W4385490607,1.0
I157725225,I4210113369,1,1,2023,W4385490607,1.0
I157725225,I4210113480,1,1,2023,W4385490607,1.0
I157725225,I4210127875,1,1,2023,W4385490607,1.0
I157725225,I4210134579,1,1,2023,W4385490607,1.0
I157725225,I4210135670,1,1,2023,W4385490607,1.0
I157725225,I4210153546,1,1,2023,W4385490607,1.0
I157725225,I4210155419,1,1,2023,W4385490607,1.0
I157725225,I4210164802,1,1,2023,W4385490607,1.0
I157725225,I4210164862,1,1,2023,W4385490607,1.0
I157725225,I4387153999,1,1,2023,W4385490607,1.0
I157725225,I57206974,1,1,2023,W4385490607,1.0
I157725225,I63966007,1,1,2023,W4385490607,1.0
I157725225,I70931966,1,1,2023,W4385490607,1.0
I157725225,I74973139,1,1,2023,W4385490607,1.0
I157725225,I887064364,1,1,2023,W4385490607,1.0
I157725225,I97018004,2,2,2023,W4385490607;W4389736946,0.5
I157725225,I168879160,1,1,2023,W4386973803,1.0
I157725225,I181326427,1,1,2023,W4386973803,1.0
I157725225,I4210100255,1,1,2023,W4386973803,1.0
I157725225,I4391012619,1,1,2023,W4386973803,1.0
I157725225,I76130692,2,2,2023,W4386973803;W4389520675,0.5
I157725225,I24603500,1,1,2023,W4389158536,1.0
I157725225,I173911158,1,1,2023,W4389451641,1.0
I157725225,I181565077,1,1,2023,W4389451641,1.0
I157725225,I2801919071,1,1,2023,W4389451641,1.0
I157725225,I78577930,2,2,2023,W4389451641;W4392669797,0.5
I157725225,I200769079,1,1,2023,W4389518968,1.0
I157725225,I20231570,2,2,2023,W4389518968;W4390874074,0.5
I157725225,I889458895,1,1,2023,W4389518968,1.0
I157725225,I99065089,2,2,2023,W4389520675;W4392669797,0.5
I157725225,I2803209242,1,1,2023,W4389736946,1.0
I157725225,I36258959,1,1,2023,W4389736946,1.0
I157725225,I4210114312,1,1,2023,W4389736946,1.0
I157725225,I4210164146,1,1,2023,W4389736946,1.0
I157725225,I889937125,1,1,2023,W4389736946,1.0
I157725225,I95457486,2,2,2023,W4389736946;W4390874074,0.5
I157725225,I165733156,1,1,2023,W4390100389,1.0
I157725225,I881766915,1,1,2023,W4390874074,1.0
I157725225,I2800982346,1,1,2023,W4391128915,1.0
I157725225,I2802481695,1,1,2023,W4391128915,1.0
I157725225,I2802960445,1,1,2023,W4391128915,1.0
I157725225,I4210103794,1,1,2023,W4391128915,1.0
I157725225,I4210123992,1,1,2023,W4391128915,1.0
I157725225,I4210141558,1,1,2023,W4391128915,1.0
I157725225,I872719,1,1,2023,W4391128915,1.0
I157725225,I2801851002,1,1,2023,W4392669797,1.0
I157725225,I36788626,1,1,2023,W4392669797,1.0
I157725225,I4210093174,1,1,2023,W4392669797,1.0
I157725225,I4210120068,1,1,2023,W4392669797,1.0
I157725225,I4389424196,1,1,2023,W4392669797,1.0
I157725225,I45129253,1,1,2023,W4392669797,1.0
I157725225,I68891433,1,1,2023,W4392669797,1.0
I157773358,I204512498,1,1,2023,W4383812952,1.0
I157773358,I2800393352,1,1,2023,W4383812952,1.0
I157773358,I4210097354,1,1,2023,W4386466464,1.0
I157773358,I51629411,1,1,2023,W4386466464,1.0
I157773358,I172675005,1,1,2023,W4387068064,1.0
I157773358,I4210128910,1,1,2023,W4387068064,1.0
I157773358,I177725633,2,2,2023,W4387210937;W4388922836,0.5
I157773358,I4210099586,2,2,2023,W4387210937;W4388336515,0.5
I157773358,I889458895,1,1,2023,W4387210937,1.0
I157773358,I162868743,1,1,2023,W4387642453,1.0
I157773358,I20231570,3,3,2023,W4387642453;W4387967930;W4388922836,0.3333333333333333
I157773358,I191208505,1,1,2023,W4387967930,1.0
I157773358,I4210136793,1,1,2023,W4387967930,1.0
I157773358,I4210116924,1,1,2023,W4388336515,1.0
I157773358,I75381157,1,1,2023,W4388694401,1.0
I157773358,I165779595,1,1,2023,W4388922836,1.0
I157773358,I165932596,1,1,2023,W4388922836,1.0
I157773358,I183519381,1,1,2023,W4388922836,1.0
I157773358,I201448701,1,1,2023,W4388922836,1.0
I157773358,I204730241,1,1,2023,W4388922836,1.0
I157773358,I2799299286,1,1,2023,W4388922836,1.0
I157773358,I4210097159,1,1,2023,W4388922836,1.0
I157773358,I4210103535,1,1,2023,W4388922836,1.0
I157773358,I4210105949,1,1,2023,W4388922836,1.0
I157773358,I4210107668,1,1,2023,W4388922836,1.0
I157773358,I4210112079,1,1,2023,W4388922836,1.0
I157773358,I4210116917,1,1,2023,W4388922836,1.0
I157773358,I4210126319,1,1,2023,W4388922836,1.0
I157773358,I4210127304,1,1,2023,W4388922836,1.0
I157773358,I4210150574,1,1,2023,W4388922836,1.0
I157773358,I4210155576,1,1,2023,W4388922836,1.0
I157773358,I45129253,1,1,2023,W4388922836,1.0
I157773358,I82880672,1,1,2023,W4388922836,1.0
I157773358,I848706,1,1,2023,W4388922836,1.0
I157773358,I98251732,1,1,2023,W4388922836,1.0
I157773358,I98285908,1,1,2023,W4388922836,1.0
I157773358,I99065089,1,1,2023,W4388922836,1.0
I157773358,I2250653659,1,1,2023,W4389519121,1.0
I157773358,I36258959,1,1,2023,W4389524372,1.0
I157773358,I4210113369,1,1,2023,W4389524372,1.0
I157773358,I4210165444,1,1,2023,W4390227919,1.0
I158743462,I197347611,1,1,2023,W4386836433,1.0
I158743462,I204250578,1,1,2023,W4386836433,1.0
I158749337,I185261750,1,1,2023,W4390315357,1.0
I158749337,I193662353,1,1,2023,W4390315357,1.0
I158749337,I4210138519,1,1,2023,W4390315357,1.0
I158749337,I51556381,1,1,2023,W4390315357,1.0
I158749337,I60205797,1,1,2023,W4390315357,1.0
I158749337,I74973139,1,1,2023,W4390315357,1.0
I158749337,I84392919,1,1,2023,W4390315357,1.0
I158809036,I204983213,2,2,2023,W4386352882;W4388692450,0.5
I158809036,I4210104954,1,1,2023,W4386352882,1.0
I158809036,I4210136793,2,2,2023,W4386352882;W4388692450,0.5
I158809036,I4210166055,1,1,2023,W4386352882,1.0
I158809036,I4210145761,1,1,2023,W4388692450,1.0
I158842170,I177725633,1,1,2023,W4388483492,1.0
I158842170,I204983213,1,1,2023,W4388483492,1.0
I158842170,I172675005,1,1,2023,W4389520455,1.0
I158929114,I161318765,1,1,2023,W4388237833,1.0
I158929114,I16528096,1,1,2023,W4388237833,1.0
I158929114,I2799798094,1,1,2023,W4388237833,1.0
I158929114,I2802003475,1,1,2023,W4388237833,1.0
I158929114,I33858575,1,1,2023,W4388237833,1.0
I158929114,I4210094747,1,1,2023,W4388237833,1.0
I158929114,I4210137409,1,1,2023,W4388237833,1.0
I158929114,I4210151342,1,1,2023,W4388237833,1.0
I158929114,I4210153031,1,1,2023,W4388237833,1.0
I158929114,I60134161,1,1,2023,W4388237833,1.0
I158929114,I74801974,1,1,2023,W4388237833,1.0
I159129438,I29045822,1,1,2023,W4388287351,1.0
I159129438,I4210088407,1,1,2023,W4388287351,1.0
I159129438,I4210121083,1,1,2023,W4388287351,1.0
I159129438,I4210130461,1,1,2023,W4388287351,1.0
I159129438,I4210142730,1,1,2023,W4388287351,1.0
I159129438,I4210150574,1,1,2023,W4388287351,1.0
I159129438,I45129253,1,1,2023,W4388287351,1.0
I159129438,I70931966,1,1,2023,W4388287351,1.0
I159129438,I67031392,1,1,2023,W4411076153,1.0
I159176309,I161593684,1,1,2023,W4378905467,1.0
I159176309,I169108374,1,1,2023,W4378905467,1.0
I159176309,I174216632,1,1,2023,W4378905467,1.0
I159176309,I176453806,1,1,2023,W4378905467,1.0
I159176309,I193662353,1,1,2023,W4378905467,1.0
I159176309,I19820366,1,1,2023,W4378905467,1.0
I159176309,I201448701,1,1,2023,W4378905467,1.0
I159176309,I23923803,1,1,2023,W4378905467,1.0
I159176309,I25254941,1,1,2023,W4378905467,1.0
I159176309,I2799973717,1,1,2023,W4378905467,1.0
I159176309,I2800262456,1,1,2023,W4378905467,1.0
I159176309,I315704651,1,1,2023,W4378905467,1.0
I159176309,I4210092744,1,1,2023,W4378905467,1.0
I159176309,I4210099977,1,1,2023,W4378905467,1.0
I159176309,I4210102999,1,1,2023,W4378905467,1.0
I159176309,I4210106352,1,1,2023,W4378905467,1.0
I159176309,I4210106526,1,1,2023,W4378905467,1.0
I159176309,I4210117555,1,1,2023,W4378905467,1.0
I159176309,I4210122844,1,1,2023,W4378905467,1.0
I159176309,I4210137309,1,1,2023,W4378905467,1.0
I159176309,I4210139347,1,1,2023,W4378905467,1.0
I159176309,I4210141715,1,1,2023,W4378905467,1.0
I159176309,I4210165038,1,1,2023,W4378905467,1.0
I159176309,I5023651,1,1,2023,W4378905467,1.0
I159176309,I59270414,1,1,2023,W4378905467,1.0
I159176309,I60200437,1,1,2023,W4378905467,1.0
I159176309,I865915315,1,1,2023,W4378905467,1.0
I159176309,I881766915,1,1,2023,W4378905467,1.0
I159176309,I887064364,1,1,2023,W4378905467,1.0
I159176309,I913481162,1,1,2023,W4378905467,1.0
I159176309,I20089843,1,1,2023,W4386099715,1.0
I159176309,I30771326,1,1,2023,W4386099715,1.0
I159176309,I4210108711,2,2,2023,W4386099715;W4386998832,0.5
I159176309,I268975460,1,1,2023,W4386998832,1.0
I159176309,I4210095248,1,1,2023,W4386998832,1.0
I159176309,I7877124,1,1,2023,W4386998832,1.0
I159176309,I899635006,1,1,2023,W4386998832,1.0
I159176309,I71209653,1,1,2023,W4389524015,1.0
I159176309,I859038795,1,1,2023,W4389524334,1.0
I159176309,I256606533,1,1,2023,W4389986031,1.0
I159176309,I70451448,1,1,2023,W4389986031,1.0
I159176309,I884043246,1,1,2023,W4389986031,1.0
I159247623,I199702508,1,1,2023,W4320497537,1.0
I159385669,I4210099339,1,1,2023,W4388861785,1.0
I159650629,I2802050225,1,1,2023,W4383187389,1.0
I159650629,I304852291,1,1,2023,W4383187389,1.0
I159650629,I4210087039,1,1,2023,W4383187389,1.0
I159650629,I4210100188,1,1,2023,W4383187389,1.0
I159650629,I4210125092,1,1,2023,W4383187389,1.0
I159650629,I4210125364,1,1,2023,W4383187389,1.0
I159650629,I4210129357,1,1,2023,W4383187389,1.0
I159650629,I4210140856,1,1,2023,W4383187389,1.0
I159650629,I4210141898,1,1,2023,W4383187389,1.0
I159650629,I4210147442,1,1,2023,W4383187389,1.0
I159948400,I165143802,1,1,2023,W4382567209,1.0
I159948400,I25254941,1,1,2023,W4382567209,1.0
I159948400,I27837315,1,1,2023,W4382567209,1.0
I159948400,I4387153386,1,1,2023,W4382567209,1.0
I159948400,I74973139,1,1,2023,W4382567209,1.0
I159948400,I91136226,1,1,2023,W4382567209,1.0
I159948400,I94658018,1,1,2023,W4382567209,1.0
I159948400,I180726961,1,1,2023,W4389430914,1.0
I159948400,I3045169105,1,1,2023,W4389430914,1.0
I159948400,I35440088,1,1,2023,W4389430914,1.0
I159948400,I40120149,1,1,2023,W4389430914,1.0
I159948400,I4210103957,1,1,2023,W4389430914,1.0
I159948400,I4210145292,1,1,2023,W4389430914,1.0
I159948400,I4210164332,1,1,2023,W4389430914,1.0
I159948400,I76130692,1,1,2023,W4389430914,1.0
I159948400,I916048824,1,1,2023,W4389430914,1.0
I159948400,I39422238,1,1,2023,W4391094120,1.0
I159948400,I90610280,1,1,2023,W4391094120,1.0
I159948400,I4210122543,1,1,2023,W4391097696,1.0
I160368002,I2801204180,1,1,2023,W4387451550,1.0
I16038530,I17145004,1,1,2023,W4390871757,1.0
I160606119,I4210156806,2,2,2023,W4322719791;W4324304837,0.5
I160606119,I39422238,1,1,2023,W4386207798,1.0
I160606119,I4210114319,1,1,2023,W4386207798,1.0
I160606119,I70640408,1,1,2023,W4386207798,1.0
I160606119,I83909951,1,1,2023,W4386207798,1.0
I16076960,I23075662,3,3,2023,W4380989166;W4382280195;W4386838079,0.3333333333333333
I16076960,I47164929,3,3,2023,W4380989166;W4382280195;W4386838079,0.3333333333333333
I16076960,I72264486,3,3,2023,W4380989166;W4382280195;W4386838079,0.3333333333333333
I16076960,I179331831,1,1,2023,W4386838079,1.0
I16076960,I82952536,2,2,2023,W4386838079;W4387100990,0.5
I16076960,I172574986,1,1,2023,W4387100990,1.0
I16076960,I204778367,1,1,2023,W4387100990,1.0
I160968435,I4210100043,1,1,2023,W4386877652,1.0
I160992636,I219193219,1,1,2023,W4386075859,1.0
I161046081,I166337079,1,1,2023,W4317952812,1.0
I161046081,I183935753,1,1,2023,W4317952812,1.0
I161046081,I2801240073,2,2,2023,W4317952812;W4388014051,0.5
I161046081,I4210115082,1,1,2023,W4317952812,1.0
I161046081,I4210115097,1,1,2023,W4317952812,1.0
I161046081,I4210160192,1,1,2023,W4317952812,1.0
I161046081,I4210165024,1,1,2023,W4317952812,1.0
I161046081,I45129253,1,1,2023,W4317952812,1.0
I161046081,I47508984,1,1,2023,W4317952812,1.0
I161046081,I71999127,1,1,2023,W4317952812,1.0
I161046081,I84884186,1,1,2023,W4317952812,1.0
I161046081,I2802542264,1,1,2023,W4387811276,1.0
I161046081,I4210092841,1,1,2023,W4387811276,1.0
I161046081,I4210126310,1,1,2023,W4387811276,1.0
I161046081,I4210145679,1,1,2023,W4387811276,1.0
I161046081,I2799391451,1,1,2023,W4388014051,1.0
I161046081,I28166907,1,1,2023,W4388014051,1.0
I161046081,I62916508,1,1,2023,W4388014051,1.0
I161057412,I165143802,1,1,2023,W4385688511,1.0
I161057412,I184597095,1,1,2023,W4385688511,1.0
I161057412,I4210135670,1,1,2023,W4385688511,1.0
I161057412,I4210163196,1,1,2023,W4385688511,1.0
I161057412,I51441396,1,1,2023,W4385688511,1.0
I161057412,I76198965,1,1,2023,W4385688511,1.0
I161057412,I887064364,1,1,2023,W4385688511,1.0
I161057412,I926574661,1,1,2023,W4385688511,1.0
I161106909,I26771391,1,1,2023,W4386729081,1.0
I161106909,I4210124208,1,1,2023,W4386729081,1.0
I161106909,I4210135161,1,1,2023,W4386729081,1.0
I161106909,I48018076,1,1,2023,W4386729081,1.0
I161106909,I79817857,1,1,2023,W4386729081,1.0
I161106909,I93131583,1,1,2023,W4386729081,1.0
I161296585,I74801974,1,1,2023,W4379806382,1.0
I161296585,I21250087,1,1,2023,W4389519188,1.0
I161296585,I3130638677,1,1,2023,W4389519188,1.0
I161296585,I33256026,1,1,2023,W4389519188,1.0
I161296585,I4210087053,1,1,2023,W4389519188,1.0
I161296585,I4210108625,1,1,2023,W4389519188,1.0
I161296585,I42934936,1,1,2023,W4389519188,1.0
I161296585,I56085075,1,1,2023,W4389519188,1.0
I161296585,I887064364,1,1,2023,W4389519188,1.0
I161296585,I98677209,1,1,2023,W4389519188,1.0
I161301626,I174216632,1,1,2023,W4386510404,1.0
I161301626,I55707380,1,1,2023,W4386510404,1.0
I161318765,I170897317,2,2,2023,W4380686968;W4385671288,0.5
I161318765,I201448701,3,3,2023,W4380686968;W4385671288;W4388215072,0.3333333333333333
I161318765,I241749,3,3,2023,W4380686968;W4385671288;W4386608660,0.3333333333333333
I161318765,I2800220363,1,1,2023,W4380686968,1.0
I161318765,I2801081054,2,2,2023,W4380686968;W4385671288,0.5
I161318765,I2802212502,1,1,2023,W4380686968,1.0
I161318765,I36194607,1,1,2023,W4380686968,1.0
I161318765,I39422238,1,1,2023,W4380686968,1.0
I161318765,I40347166,2,2,2023,W4380686968;W4385671288,0.5
I161318765,I4210094653,1,1,2023,W4380686968,1.0
I161318765,I4210095073,1,1,2023,W4380686968,1.0
I161318765,I4210107755,1,1,2023,W4380686968,1.0
I161318765,I4210110490,2,2,2023,W4380686968;W4385671288,0.5
I161318765,I4210121988,2,2,2023,W4380686968;W4385671288,0.5
I161318765,I4210132596,1,1,2023,W4380686968,1.0
I161318765,I4210138199,1,1,2023,W4380686968,1.0
I161318765,I4210147263,2,2,2023,W4380686968;W4385671288,0.5
I161318765,I5023651,2,2,2023,W4380686968;W4385671288,0.5
I161318765,I5124864,2,2,2023,W4380686968;W4385671288,0.5
I161318765,I5388228,2,2,2023,W4380686968;W4385671288,0.5
I161318765,I54166199,1,1,2023,W4380686968,1.0
I161318765,I63966007,2,2,2023,W4380686968;W4385671288,0.5
I161318765,I95457486,2,2,2023,W4380686968;W4385671288,0.5
I161318765,I95674353,2,2,2023,W4380686968;W4385671288,0.5
I161318765,I2800425969,1,1,2023,W4385430086,1.0
I161318765,I40695006,1,1,2023,W4385671288,1.0
I161318765,I4210149682,1,1,2023,W4385671288,1.0
I161318765,I4210120477,1,1,2023,W4386333898,1.0
I161318765,I19820366,1,1,2023,W4386608660,1.0
I161318765,I37796252,1,1,2023,W4386608660,1.0
I161318765,I4210094879,1,1,2023,W4386608660,1.0
I161318765,I4210116219,1,1,2023,W4386608660,1.0
I161318765,I4210140243,1,1,2023,W4386608660,1.0
I161318765,I4210151021,1,1,2023,W4386608660,1.0
I161318765,I4391012619,1,1,2023,W4386608660,1.0
I161318765,I55769427,1,1,2023,W4386608660,1.0
I161318765,I859038795,1,1,2023,W4386608660,1.0
I161318765,I184565670,1,1,2023,W4386714656,1.0
I161318765,I2801951336,1,1,2023,W4386714656,1.0
I161318765,I2802534011,1,1,2023,W4386714656,1.0
I161318765,I97018004,1,1,2023,W4386714656,1.0
I161318765,I20231570,3,3,2023,W4386746103;W4387195417;W4388215072,0.3333333333333333
I161318765,I4210095445,1,1,2023,W4386776401,1.0
I161318765,I193775966,1,1,2023,W4387195417,1.0
I161318765,I4210161460,1,1,2023,W4387195417,1.0
I161318765,I4210164802,1,1,2023,W4387195417,1.0
I161318765,I24943067,1,1,2023,W4388215072,1.0
I161318765,I16528096,1,1,2023,W4388237833,1.0
I161318765,I2799798094,1,1,2023,W4388237833,1.0
I161318765,I2802003475,1,1,2023,W4388237833,1.0
I161318765,I33858575,1,1,2023,W4388237833,1.0
I161318765,I4210094747,1,1,2023,W4388237833,1.0
I161318765,I4210137409,1,1,2023,W4388237833,1.0
I161318765,I4210151342,1,1,2023,W4388237833,1.0
I161318765,I4210153031,1,1,2023,W4388237833,1.0
I161318765,I60134161,1,1,2023,W4388237833,1.0
I161318765,I74801974,1,1,2023,W4388237833,1.0
I161318765,I4210113369,1,1,2023,W4389158474,1.0
I161318765,I2800817003,1,1,2023,W4389519898,1.0
I161318765,I165932596,1,1,2023,W4389523946,1.0
I161318765,I84218800,1,1,2023,W4389523946,1.0
I161321875,I182534213,1,1,2023,W4389073324,1.0
I161321875,I4210166615,1,1,2023,W4389073324,1.0
I161370692,I280994,1,1,2023,W4380570828,1.0
I161463649,I244572783,1,1,2023,W4379416244,1.0
I161463649,I3122748864,1,1,2023,W4379416244,1.0
I161463649,I39586589,1,1,2023,W4379416244,1.0
I161463649,I864998749,1,1,2023,W4379416244,1.0
I161593684,I174216632,2,2,2023,W4321610465;W4378905467,0.5
I161593684,I4210118442,1,1,2023,W4321610465,1.0
I161593684,I4210141454,1,1,2023,W4321610465,1.0
I161593684,I75951250,1,1,2023,W4321610465,1.0
I161593684,I83041322,1,1,2023,W4321610465,1.0
I161593684,I194028371,1,1,2023,W4364377826,1.0
I161593684,I865915315,2,2,2023,W4364377826;W4378905467,0.5
I161593684,I169108374,1,1,2023,W4378905467,1.0
I161593684,I176453806,1,1,2023,W4378905467,1.0
I161593684,I193662353,1,1,2023,W4378905467,1.0
I161593684,I19820366,1,1,2023,W4378905467,1.0
I161593684,I201448701,1,1,2023,W4378905467,1.0
I161593684,I23923803,1,1,2023,W4378905467,1.0
I161593684,I25254941,1,1,2023,W4378905467,1.0
I161593684,I2799973717,1,1,2023,W4378905467,1.0
I161593684,I2800262456,1,1,2023,W4378905467,1.0
I161593684,I315704651,1,1,2023,W4378905467,1.0
I161593684,I4210092744,1,1,2023,W4378905467,1.0
I161593684,I4210099977,1,1,2023,W4378905467,1.0
I161593684,I4210102999,1,1,2023,W4378905467,1.0
I161593684,I4210106352,1,1,2023,W4378905467,1.0
I161593684,I4210106526,1,1,2023,W4378905467,1.0
I161593684,I4210117555,1,1,2023,W4378905467,1.0
I161593684,I4210122844,1,1,2023,W4378905467,1.0
I161593684,I4210137309,1,1,2023,W4378905467,1.0
I161593684,I4210139347,1,1,2023,W4378905467,1.0
I161593684,I4210141715,1,1,2023,W4378905467,1.0
I161593684,I4210165038,1,1,2023,W4378905467,1.0
I161593684,I5023651,1,1,2023,W4378905467,1.0
I161593684,I59270414,1,1,2023,W4378905467,1.0
I161593684,I60200437,1,1,2023,W4378905467,1.0
I161593684,I881766915,1,1,2023,W4378905467,1.0
I161593684,I887064364,1,1,2023,W4378905467,1.0
I161593684,I913481162,1,1,2023,W4378905467,1.0
I161593684,I187531555,1,1,2023,W4389514989,1.0
I161593684,I4210156583,1,1,2023,W4389514989,1.0
I161593684,I59553526,1,1,2023,W4389514989,1.0
I161878677,I2802567020,1,1,2023,W4385664477,1.0
I161878677,I76134821,1,1,2023,W4385664477,1.0
I161878677,I86987016,1,1,2023,W4385664477,1.0
I161878677,I96673099,1,1,2023,W4385664477,1.0
I161878677,I2801798921,1,1,2023,W4387717533,1.0
I161878677,I4210148560,1,1,2023,W4387717533,1.0
I161878677,I4210157875,1,1,2023,W4387717533,1.0
I161913731,I185163786,1,1,2023,W4388450624,1.0
I161913731,I32589535,1,1,2023,W4388450624,1.0
I161913731,I165102784,1,1,2023,W4389043118,1.0
I161929037,I4210095915,1,1,2023,W4387665659,1.0
I161929037,I4210109141,1,1,2023,W4387665659,1.0
I161929037,I4210115256,1,1,2023,W4387665659,1.0
I161929037,I4210132604,1,1,2023,W4387665659,1.0
I161929037,I83399316,1,1,2023,W4387665659,1.0
I161941770,I165932596,1,1,2023,W4368362817,1.0
I161941770,I188760350,1,1,2023,W4368362817,1.0
I161941770,I28257850,1,1,2023,W4368362817,1.0
I161941770,I292141241,1,1,2023,W4368362817,1.0
I161941770,I40120149,1,1,2023,W4368362817,1.0
I161941770,I4210150093,1,1,2023,W4368362817,1.0
I161941770,I4210162189,1,1,2023,W4368362817,1.0
I161941770,I56590836,1,1,2023,W4368362817,1.0
I161941770,I80281795,1,1,2023,W4368362817,1.0
I161941770,I8204097,1,1,2023,W4368362817,1.0
I161941770,I872623138,1,1,2023,W4368362817,1.0
I161941770,I95457486,1,1,2023,W4368362817,1.0
I161941770,I98259816,1,1,2023,W4368362817,1.0
I162030827,I181547552,1,1,2023,W4386699758,1.0
I162030827,I2800817003,1,1,2023,W4386699758,1.0
I162030827,I32971472,1,1,2023,W4386699758,1.0
I162030827,I4210131376,1,1,2023,W4386699758,1.0
I162148367,I175594653,1,1,2023,W4389519077,1.0
I162608824,I204337017,2,2,2023,W4318245347;W4385954435,0.5
I162608824,I241749,2,2,2023,W4318245347;W4385954435,0.5
I162608824,I4210096386,2,2,2023,W4318245347;W4385954435,0.5
I162608824,I4210086490,1,1,2023,W4385954435,1.0
I162608824,I4577782,1,1,2023,W4385954435,1.0
I162827531,I4210155268,1,1,2023,W4385572201,1.0
I162827531,I86519309,1,1,2023,W4385572201,1.0
I162838928,I4210124949,1,1,2023,W4296965999,1.0
I162838928,I99613584,1,1,2023,W4296965999,1.0
I162838928,I4210153468,1,1,2023,W4382656966,1.0
I162838928,I4402554038,1,1,2023,W4382656966,1.0
I162868743,I4210137491,1,1,2023,W4317616042,1.0
I162868743,I50760025,1,1,2023,W4317616042,1.0
I162868743,I19820366,1,1,2023,W4320341494,1.0
I162868743,I4210094879,2,2,2023,W4320341494;W4378802343,0.5
I162868743,I59028903,1,1,2023,W4320341494,1.0
I162868743,I98301712,3,3,2023,W4320341494;W4323797084;W4389506861,0.3333333333333333
I162868743,I76130692,2,2,2023,W4323797084;W4390872115,0.5
I162868743,I4210124037,1,1,2023,W4387451632,1.0
I162868743,I168719708,1,1,2023,W4387596111,1.0
I162868743,I20231570,1,1,2023,W4387642453,1.0
I162868743,I17145004,1,1,2023,W4388624611,1.0
I162868743,I890469752,1,1,2023,W4388624611,1.0
I162868743,I25254941,1,1,2023,W4389506861,1.0
I162868743,I2800372957,1,1,2023,W4389506861,1.0
I162868743,I4401726859,1,1,2023,W4389506861,1.0
I162868743,I79891267,1,1,2023,W4390872115,1.0
I163151501,I4210123185,1,1,2023,W4388714117,1.0
I163340411,I2799997741,1,1,2023,W4366204241,1.0
I163340411,I4210090238,1,1,2023,W4366204241,1.0
I163340411,I4210099662,1,1,2023,W4366204241,1.0
I163340411,I200769079,1,1,2023,W4388103918,1.0
I163340411,I4210155611,1,1,2023,W4389752835,1.0
I16365422,I19820366,1,1,2023,W4381853731,1.0
I16365422,I2802624667,1,1,2023,W4381853731,1.0
I16365422,I4210089621,1,1,2023,W4381853731,1.0
I16365422,I50760025,1,1,2023,W4386065596,1.0
I16365422,I179324530,1,1,2023,W4387409379,1.0
I16365422,I39854758,1,1,2023,W4387409379,1.0
I16365422,I39774598,1,1,2023,W4387889979,1.0
I16365422,I2250955327,1,1,2023,W4387969719,1.0
I16365422,I177725633,1,1,2023,W4389764468,1.0
I16365422,I200769079,1,1,2023,W4389764468,1.0
I16365422,I20231570,1,1,2023,W4389764468,1.0
I16365422,I24943067,1,1,2023,W4389764468,1.0
I16365422,I27357992,1,1,2023,W4389764468,1.0
I16365422,I4210159102,1,1,2023,W4389764468,1.0
I16365422,I4391012619,1,1,2023,W4389764468,1.0
I16365422,I78988378,1,1,2023,W4389764468,1.0
I16365422,I889458895,1,1,2023,W4389764468,1.0
I16365422,I99065089,1,1,2023,W4389764468,1.0
I163770644,I2801680663,1,1,2023,W4387029265,1.0
I163770644,I2803058125,1,1,2023,W4387029265,1.0
I163770644,I40542001,1,1,2023,W4387029265,1.0
I163770644,I4210153373,1,1,2023,W4387029265,1.0
I16391192,I2799810450,10,10,2023,W4324129637;W4376122030;W4378783467;W4379231355;W4383681802;W4385623654;W4387232979;W4387703131;W4388768480;W4389042140,0.1
I16391192,I98704320,7,7,2023,W4324129637;W4379231355;W4383681802;W4385623654;W4387232979;W4388768480;W4389042140,0.14285714285714285
I16391192,I4210117425,1,1,2023,W4385537492,1.0
I16391192,I57206974,2,2,2023,W4385571789;W4389403907,0.5
I16391192,I3018134672,1,1,2023,W4386362635,1.0
I16391192,I166182418,1,1,2023,W4387703131,1.0
I16391192,I4210144215,1,1,2023,W4387703131,1.0
I16391192,I4210114157,1,1,2023,W4389042140,1.0
I16391192,I184565670,1,1,2023,W4389403907,1.0
I16391192,I185261750,1,1,2023,W4389403907,1.0
I16391192,I192455969,1,1,2023,W4389403907,1.0
I16391192,I197251160,1,1,2023,W4389403907,1.0
I16391192,I20089843,1,1,2023,W4389403907,1.0
I16391192,I205023500,1,1,2023,W4389403907,1.0
I16391192,I27116053,1,1,2023,W4389403907,1.0
I16391192,I2800565835,1,1,2023,W4389403907,1.0
I16391192,I2801851002,1,1,2023,W4389403907,1.0
I16391192,I29955533,1,1,2023,W4389403907,1.0
I16391192,I40347166,1,1,2023,W4389403907,1.0
I16391192,I4210108999,1,1,2023,W4389403907,1.0
I16391192,I4210119109,1,1,2023,W4389403907,1.0
I16391192,I4210137306,1,1,2023,W4389403907,1.0
I16391192,I4210140380,1,1,2023,W4389403907,1.0
I16391192,I4210145102,1,1,2023,W4389403907,1.0
I16391192,I4210153792,1,1,2023,W4389403907,1.0
I16391192,I4210155092,1,1,2023,W4389403907,1.0
I16391192,I44829897,1,1,2023,W4389403907,1.0
I16391192,I51556381,1,1,2023,W4389403907,1.0
I16391192,I88874673,1,1,2023,W4389403907,1.0
I16391192,I90326151,1,1,2023,W4389403907,1.0
I16391192,I97018004,1,1,2023,W4389403907,1.0
I16391192,I80687555,1,1,2023,W4389539268,1.0
I164389053,I185443292,1,1,2023,W4377019059,1.0
I164389053,I27837315,1,1,2023,W4377019059,1.0
I164928964,I180662265,1,1,2023,W4391043766,1.0
I164928964,I183067930,1,1,2023,W4391043766,1.0
I164928964,I19820366,1,1,2023,W4391043766,1.0
I164928964,I4210106108,1,1,2023,W4391043766,1.0
I164928964,I87445476,1,1,2023,W4391043766,1.0
I164936912,I55732556,1,1,2023,W4360591931,1.0
I164936912,I9579091,1,1,2023,W4385412296,1.0
I165075387,I193531525,1,1,2023,W4389314667,1.0
I165075387,I40347166,1,1,2023,W4389314667,1.0
I165102784,I170201317,1,1,2023,W4389565714,1.0
I165102784,I4210105785,1,1,2023,W4389565714,1.0
I165102784,I74973139,1,1,2023,W4389565714,1.0
I165143802,I25254941,1,1,2023,W4382567209,1.0
I165143802,I27837315,1,1,2023,W4382567209,1.0
I165143802,I4387153386,1,1,2023,W4382567209,1.0
I165143802,I74973139,1,1,2023,W4382567209,1.0
I165143802,I91136226,1,1,2023,W4382567209,1.0
I165143802,I94658018,1,1,2023,W4382567209,1.0
I165143802,I21449261,1,1,2023,W4384206993,1.0
I165143802,I184597095,1,1,2023,W4385688511,1.0
I165143802,I4210135670,1,1,2023,W4385688511,1.0
I165143802,I4210163196,1,1,2023,W4385688511,1.0
I165143802,I51441396,1,1,2023,W4385688511,1.0
I165143802,I76198965,1,1,2023,W4385688511,1.0
I165143802,I887064364,1,1,2023,W4385688511,1.0
I165143802,I926574661,1,1,2023,W4385688511,1.0
I165143802,I63525965,2,2,2023,W4386225382;W4388534853,0.5
I165143802,I170239107,1,1,2023,W4390098701,1.0
I165143802,I204136569,1,1,2023,W4390098701,1.0
I165143802,I86987016,1,1,2023,W4390098701,1.0
I16528096,I2799798094,1,1,2023,W4388237833,1.0
I16528096,I2802003475,1,1,2023,W4388237833,1.0
I16528096,I33858575,1,1,2023,W4388237833,1.0
I16528096,I4210094747,1,1,2023,W4388237833,1.0
I16528096,I4210137409,1,1,2023,W4388237833,1.0
I16528096,I4210151342,1,1,2023,W4388237833,1.0
I16528096,I4210153031,1,1,2023,W4388237833,1.0
I16528096,I60134161,1,1,2023,W4388237833,1.0
I16528096,I74801974,1,1,2023,W4388237833,1.0
I165390105,I41156924,1,1,2023,W4378192638,1.0
I165526535,I181326427,1,1,2023,W4366594193,1.0
I165526535,I196699116,1,1,2023,W4366594193,1.0
I165526535,I3131625388,1,1,2023,W4387394600,1.0
I165526535,I99065089,1,1,2023,W4387394600,1.0
I165690674,I205783295,1,1,2023,W4322492105,1.0
I165690674,I4210086933,1,1,2023,W4322492105,1.0
I165690674,I4387153466,1,1,2023,W4322492105,1.0
I165690674,I57206974,1,1,2023,W4322492105,1.0
I165690674,I173654999,1,1,2023,W4386572315,1.0
I165690674,I204308271,1,1,2023,W4386572315,1.0
I165690674,I241749,1,1,2023,W4386572315,1.0
I165690674,I2799299286,1,1,2023,W4386572315,1.0
I165690674,I36258959,1,1,2023,W4386572315,1.0
I165690674,I4210087915,1,1,2023,W4386572315,1.0
I165690674,I4210116917,1,1,2023,W4386572315,1.0
I165690674,I4210127055,1,1,2023,W4386572315,1.0
I165690674,I4210150574,1,1,2023,W4386572315,1.0
I165690674,I45129253,1,1,2023,W4386572315,1.0
I165690674,I51713134,1,1,2023,W4386572315,1.0
I165690674,I97018004,1,1,2023,W4386572315,1.0
I165690674,I98704320,1,1,2023,W4386572315,1.0
I165733156,I189196454,5,5,2023,W4362655923;W4385988359;W4387642400;W4389903841;W4390347092,0.2
I165733156,I30809798,4,4,2023,W4362655923;W4385988359;W4387642400;W4389903841,0.25
I165733156,I4210087915,7,7,2023,W4362655923;W4378718543;W4384484700;W4385988359;W4387642400;W4389903841;W4390347092,0.14285714285714285
I165733156,I4210135459,4,4,2023,W4362655923;W4385988359;W4387642400;W4389903841,0.25
I165733156,I4210157781,4,4,2023,W4362655923;W4385988359;W4387642400;W4389903841,0.25
I165733156,I87445476,2,2,2023,W4362655923;W4385988359,0.5
I165733156,I88830068,2,2,2023,W4362655923;W4385988359,0.5
I165733156,I185103710,1,1,2023,W4378718543,1.0
I165733156,I186143895,1,1,2023,W4378718543,1.0
I165733156,I2802423016,4,4,2023,W4378718543;W4384484700;W4387642400;W4389903841,0.25
I165733156,I4210101778,1,1,2023,W4378718543,1.0
I165733156,I4210127693,1,1,2023,W4378718543,1.0
I165733156,I4210146710,4,4,2023,W4378718543;W4384484700;W4387642400;W4389903841,0.25
I165733156,I79576946,2,2,2023,W4378718543;W4390052440,0.5
I165733156,I919571938,1,1,2023,W4378718543,1.0
I165733156,I97018004,2,2,2023,W4378718543;W4387460165,0.5
I165733156,I63190737,1,1,2023,W4387460165,1.0
I165733156,I17145004,2,2,2023,W4387642400;W4389903841,0.5
I165733156,I177725633,1,1,2023,W4389903841,1.0
I165733156,I200296433,1,1,2023,W4389903841,1.0
I165733156,I38877650,1,1,2023,W4389903841,1.0
I165733156,I200719446,1,1,2023,W4390052440,1.0
I165733156,I4210136294,1,1,2023,W4390052440,1.0
I165733156,I52357470,1,1,2023,W4390052440,1.0
I165733156,I60997889,1,1,2023,W4390052440,1.0
I165733156,I86519309,1,1,2023,W4390052440,1.0
I165733156,I170201317,1,1,2023,W4390100389,1.0
I165733156,I66946132,1,1,2023,W4390100389,1.0
I165733156,I90610280,1,1,2023,W4390347092,1.0
I165779595,I4391768102,1,1,2023,W4322743583,1.0
I165779595,I5681781,1,1,2023,W4322743583,1.0
I165779595,I82951845,1,1,2023,W4322743583,1.0
I165779595,I23923803,1,1,2023,W4362472309,1.0
I165779595,I2802046543,1,1,2023,W4362472309,1.0
I165779595,I17301866,1,1,2023,W4378220797,1.0
I165779595,I56590836,2,2,2023,W4382313633;W4385459604,0.5
I165779595,I180291457,2,2,2023,W4383860339;W4388725733,0.5
I165779595,I201384688,2,2,2023,W4383860339;W4388725733,0.5
I165779595,I4210142395,1,1,2023,W4383860339,1.0
I165779595,I5400463,2,2,2023,W4383860339;W4388725733,0.5
I165779595,I2800639112,1,1,2023,W4385459604,1.0
I165779595,I2801395776,1,1,2023,W4385459604,1.0
I165779595,I4210120624,1,1,2023,W4385459604,1.0
I165779595,I177725633,2,2,2023,W4388347957;W4388922836,0.5
I165779595,I17877952,1,1,2023,W4388347957,1.0
I165779595,I223822909,1,1,2023,W4388347957,1.0
I165779595,I2800288331,1,1,2023,W4388347957,1.0
I165779595,I2800555584,1,1,2023,W4388347957,1.0
I165779595,I2802164966,1,1,2023,W4388347957,1.0
I165779595,I2802965805,1,1,2023,W4388347957,1.0
I165779595,I2961216182,1,1,2023,W4388347957,1.0
I165779595,I3018771216,1,1,2023,W4388347957,1.0
I165779595,I4210094363,1,1,2023,W4388347957,1.0
I165779595,I4210106397,1,1,2023,W4388347957,1.0
I165779595,I4210114248,1,1,2023,W4388347957,1.0
I165779595,I4210119117,1,1,2023,W4388347957,1.0
I165779595,I4210143330,1,1,2023,W4388347957,1.0
I165779595,I4210151091,1,1,2023,W4388347957,1.0
I165779595,I4210153126,1,1,2023,W4388347957,1.0
I165779595,I4210153139,1,1,2023,W4388347957,1.0
I165779595,I4210156450,1,1,2023,W4388347957,1.0
I165779595,I99464096,1,1,2023,W4388347957,1.0
I165779595,I42894916,1,1,2023,W4388483049,1.0
I165779595,I51556381,1,1,2023,W4388483049,1.0
I165779595,I79891267,1,1,2023,W4388483049,1.0
I165779595,I881766915,1,1,2023,W4388483049,1.0
I165779595,I4210146979,1,1,2023,W4388725733,1.0
I165779595,I165932596,1,1,2023,W4388922836,1.0
I165779595,I183519381,1,1,2023,W4388922836,1.0
I165779595,I201448701,1,1,2023,W4388922836,1.0
I165779595,I20231570,1,1,2023,W4388922836,1.0
I165779595,I204730241,1,1,2023,W4388922836,1.0
I165779595,I2799299286,1,1,2023,W4388922836,1.0
I165779595,I4210097159,1,1,2023,W4388922836,1.0
I165779595,I4210103535,1,1,2023,W4388922836,1.0
I165779595,I4210105949,1,1,2023,W4388922836,1.0
I165779595,I4210107668,1,1,2023,W4388922836,1.0
I165779595,I4210112079,1,1,2023,W4388922836,1.0
I165779595,I4210116917,1,1,2023,W4388922836,1.0
I165779595,I4210126319,1,1,2023,W4388922836,1.0
I165779595,I4210127304,1,1,2023,W4388922836,1.0
I165779595,I4210150574,1,1,2023,W4388922836,1.0
I165779595,I4210155576,1,1,2023,W4388922836,1.0
I165779595,I45129253,1,1,2023,W4388922836,1.0
I165779595,I82880672,1,1,2023,W4388922836,1.0
I165779595,I848706,1,1,2023,W4388922836,1.0
I165779595,I98251732,1,1,2023,W4388922836,1.0
I165779595,I98285908,1,1,2023,W4388922836,1.0
I165779595,I99065089,1,1,2023,W4388922836,1.0
I165799507,I47251452,2,2,2023,W4327810494;W4377010595,0.5
I165799507,I4210101680,1,1,2023,W4377010595,1.0
I165799507,I4210166946,1,1,2023,W4377010595,1.0
I165862685,I177639307,1,1,2023,W4386697749,1.0
I165862685,I183935753,1,1,2023,W4386697749,1.0
I165862685,I201448701,1,1,2023,W4386697749,1.0
I165862685,I205051169,1,1,2023,W4386697749,1.0
I165862685,I23923803,1,1,2023,W4386697749,1.0
I165862685,I2799390153,1,1,2023,W4386697749,1.0
I165862685,I2802266942,1,1,2023,W4386697749,1.0
I165862685,I2802775644,1,1,2023,W4386697749,1.0
I165862685,I28407311,1,1,2023,W4386697749,1.0
I165862685,I36234482,1,1,2023,W4386697749,1.0
I165862685,I40120149,1,1,2023,W4386697749,1.0
I165862685,I4210111135,1,1,2023,W4386697749,1.0
I165862685,I4210126452,1,1,2023,W4386697749,1.0
I165862685,I4210140114,1,1,2023,W4386697749,1.0
I165862685,I4210150574,1,1,2023,W4386697749,1.0
I165862685,I43439940,1,1,2023,W4386697749,1.0
I165862685,I45129253,1,1,2023,W4386697749,1.0
I165862685,I7882870,1,1,2023,W4386697749,1.0
I165862685,I79510175,1,1,2023,W4386697749,1.0
I165862685,I79619799,1,1,2023,W4386697749,1.0
I165862685,I84884186,1,1,2023,W4386697749,1.0
I165862685,I98677209,1,1,2023,W4386697749,1.0
I165932596,I3004594783,1,1,2023,W4321472415,1.0
I165932596,I177877127,1,1,2023,W4366750536,1.0
I165932596,I189977406,1,1,2023,W4366750536,1.0
I165932596,I2801351171,1,1,2023,W4366750536,1.0
I165932596,I4210093896,1,1,2023,W4366750536,1.0
I165932596,I4210112252,1,1,2023,W4366750536,1.0
I165932596,I4210129199,1,1,2023,W4366750536,1.0
I165932596,I4210146690,2,2,2023,W4366750536;W4387496544,0.5
I165932596,I204983213,3,3,2023,W4367060669;W4388187930;W4389524308,0.3333333333333333
I165932596,I44445938,1,1,2023,W4367060669,1.0
I165932596,I188760350,1,1,2023,W4368362817,1.0
I165932596,I28257850,1,1,2023,W4368362817,1.0
I165932596,I292141241,1,1,2023,W4368362817,1.0
I165932596,I40120149,3,3,2023,W4368362817;W4385190659;W4388007286,0.3333333333333333
I165932596,I4210150093,1,1,2023,W4368362817,1.0
I165932596,I4210162189,2,2,2023,W4368362817;W4388007286,0.5
I165932596,I56590836,2,2,2023,W4368362817;W4388007286,0.5
I165932596,I80281795,1,1,2023,W4368362817,1.0
I165932596,I8204097,1,1,2023,W4368362817,1.0
I165932596,I872623138,1,1,2023,W4368362817,1.0
I165932596,I95457486,1,1,2023,W4368362817,1.0
I165932596,I98259816,1,1,2023,W4368362817,1.0
I165932596,I204465549,1,1,2023,W4378877398,1.0
I165932596,I78988378,1,1,2023,W4378877398,1.0
I165932596,I3045169105,1,1,2023,W4384345745,1.0
I165932596,I82880672,3,3,2023,W4384345745;W4387496544;W4388922836,0.3333333333333333
I165932596,I241749,2,2,2023,W4384561707;W4385227045,0.5
I165932596,I2799299286,5,5,2023,W4384561707;W4385227045;W4386110374;W4387496544;W4388922836,0.2
I165932596,I4210116917,5,5,2023,W4384561707;W4385227045;W4386110374;W4387496544;W4388922836,0.2
I165932596,I4210117485,1,1,2023,W4384561707,1.0
I165932596,I4210126319,4,4,2023,W4384561707;W4385227045;W4387496544;W4388922836,0.25
I165932596,I4210161109,1,1,2023,W4384561707,1.0
I165932596,I79619799,1,1,2023,W4384561707,1.0
I165932596,I2799804706,1,1,2023,W4384665085,1.0
I165932596,I177725633,5,5,2023,W4386075821;W4387211845;W4388035208;W4388922836;W4389524308,0.2
I165932596,I97018004,1,1,2023,W4386075821,1.0
I165932596,I4210150261,1,1,2023,W4386110374,1.0
I165932596,I4210122016,1,1,2023,W4387211845,1.0
I165932596,I45129253,2,2,2023,W4387211845;W4388922836,0.5
I165932596,I4210147381,1,1,2023,W4388007286,1.0
I165932596,I4210150290,1,1,2023,W4388007286,1.0
I165932596,I168719708,2,2,2023,W4388035208;W4400849102,0.5
I165932596,I24185976,2,2,2023,W4388035208;W4389109516,0.5
I165932596,I348769827,1,1,2023,W4388035208,1.0
I165932596,I4210089761,1,1,2023,W4388035208,1.0
I165932596,I47508984,1,1,2023,W4388035208,1.0
I165932596,I889458895,2,2,2023,W4388035208;W4389611357,0.5
I165932596,I21193070,2,2,2023,W4388182168;W4390100390,0.5
I165932596,I60134161,1,1,2023,W4388182168,1.0
I165932596,I183519381,1,1,2023,W4388922836,1.0
I165932596,I201448701,1,1,2023,W4388922836,1.0
I165932596,I20231570,1,1,2023,W4388922836,1.0
I165932596,I204730241,1,1,2023,W4388922836,1.0
I165932596,I4210097159,1,1,2023,W4388922836,1.0
I165932596,I4210103535,1,1,2023,W4388922836,1.0
I165932596,I4210105949,1,1,2023,W4388922836,1.0
I165932596,I4210107668,1,1,2023,W4388922836,1.0
I165932596,I4210112079,1,1,2023,W4388922836,1.0
I165932596,I4210127304,1,1,2023,W4388922836,1.0
I165932596,I4210150574,1,1,2023,W4388922836,1.0
I165932596,I4210155576,1,1,2023,W4388922836,1.0
I165932596,I848706,1,1,2023,W4388922836,1.0
I165932596,I98251732,1,1,2023,W4388922836,1.0
I165932596,I98285908,1,1,2023,W4388922836,1.0
I165932596,I99065089,3,3,2023,W4388922836;W4389109516;W4389611357,0.3333333333333333
I165932596,I4210113480,1,1,2023,W4389519982,1.0
I165932596,I76130692,2,2,2023,W4389519982;W4390872876,0.5
I165932596,I84218800,1,1,2023,W4389523946,1.0
I165932596,I4210102458,1,1,2023,W4389524308,1.0
I165932596,I4210136793,1,1,2023,W4389524308,1.0
I165932596,I4210159102,2,2,2023,W4389524308;W4390872006,0.5
I165932596,I200769079,1,1,2023,W4389611357,1.0
I165932596,I66083562,1,1,2023,W4389665836,1.0
I165932596,I45928872,1,1,2023,W4390100390,1.0
I165932596,I2250653659,2,2,2023,W4390872387;W4390873135,0.5
I165932596,I71920554,2,2,2023,W4390872387;W4390889801,0.5
I165932596,I4210165038,1,1,2023,W4390872876,1.0
I165932596,I4210092257,1,1,2023,W4390991962,1.0
I165951966,I176279760,1,1,2023,W4381743186,1.0
I165951966,I223532165,1,1,2023,W4381743186,1.0
I165951966,I274587153,1,1,2023,W4381743186,1.0
I165951966,I2803026726,1,1,2023,W4381743186,1.0
I165951966,I4210145543,1,1,2023,W4381743186,1.0
I165951966,I4210153211,1,1,2023,W4381743186,1.0
I165951966,I544936282,1,1,2023,W4381743186,1.0
I16609230,I21193070,1,1,2023,W4316814893,1.0
I16609230,I4210145203,1,1,2023,W4316814893,1.0
I16609230,I91935597,1,1,2023,W4316814893,1.0
I16609230,I20231570,1,1,2023,W4386275830,1.0
I16609230,I4210136793,2,2,2023,W4386275830;W4387682254,0.5
I16609230,I4210166112,1,1,2023,W4386275830,1.0
I16609230,I56934997,2,2,2023,W4386275830;W4387682254,0.5
I16609230,I37461747,1,1,2023,W4387682254,1.0
I16609230,I82880672,1,1,2023,W4387682254,1.0
I16609230,I24407930,1,1,2023,W4388081044,1.0
I16609230,I4210093674,1,1,2023,W4388081044,1.0
I16609230,I79619799,1,1,2023,W4388081044,1.0
I16609230,I4210100255,1,1,2023,W4389524159,1.0
I16609230,I4210133369,1,1,2023,W4389524159,1.0
I16609230,I4210165038,1,1,2023,W4389524159,1.0
I16609230,I4391012619,1,1,2023,W4389524159,1.0
I16609230,I177877127,1,1,2023,W4390873553,1.0
I16609230,I38706770,1,1,2023,W4391377921,1.0
I16609230,I4210159865,1,1,2023,W4391377921,1.0
I166182418,I2799810450,1,1,2023,W4387703131,1.0
I166182418,I4210144215,1,1,2023,W4387703131,1.0
I166311279,I181190671,1,1,2023,W4382680046,1.0
I166311279,I184461854,2,2,2023,W4382680046;W4389235056,0.5
I166311279,I185261750,2,2,2023,W4382680046;W4389235056,0.5
I166311279,I197323543,2,2,2023,W4382680046;W4389235056,0.5
I166311279,I4210101739,1,1,2023,W4382680046,1.0
I166311279,I4210108108,2,2,2023,W4382680046;W4389235056,0.5
I166311279,I4210125326,2,2,2023,W4382680046;W4389235056,0.5
I166311279,I47500176,2,2,2023,W4382680046;W4389235056,0.5
I166311279,I5791819,2,2,2023,W4382680046;W4389235056,0.5
I166311279,I61923386,2,2,2023,W4382680046;W4389235056,0.5
I166311279,I2802181614,1,1,2023,W4389235056,1.0
I166311279,I4210097178,1,1,2023,W4389235056,1.0
I166311279,I4210103308,1,1,2023,W4389235056,1.0
I166311279,I4210106036,1,1,2023,W4389235056,1.0
I166311279,I4210107347,1,1,2023,W4389235056,1.0
I166311279,I4210113003,1,1,2023,W4389235056,1.0
I166311279,I4210121117,1,1,2023,W4389235056,1.0
I166311279,I4210124714,1,1,2023,W4389235056,1.0
I166311279,I4210157730,1,1,2023,W4389235056,1.0
I166311279,I4389424196,1,1,2023,W4389235056,1.0
I166311279,I80018011,1,1,2023,W4389235056,1.0
I166337079,I183935753,2,2,2023,W4317952812;W4388593316,0.5
I166337079,I2801240073,1,1,2023,W4317952812,1.0
I166337079,I4210115082,1,1,2023,W4317952812,1.0
I166337079,I4210115097,1,1,2023,W4317952812,1.0
I166337079,I4210160192,1,1,2023,W4317952812,1.0
I166337079,I4210165024,1,1,2023,W4317952812,1.0
I166337079,I45129253,1,1,2023,W4317952812,1.0
I166337079,I47508984,1,1,2023,W4317952812,1.0
I166337079,I71999127,1,1,2023,W4317952812,1.0
I166337079,I84884186,1,1,2023,W4317952812,1.0
I166337079,I9927081,1,1,2023,W4322715960,1.0
I166337079,I205274468,1,1,2023,W4367188881,1.0
I166337079,I40120149,2,2,2023,W4367188881;W4380769213,0.5
I166337079,I4210128584,2,2,2023,W4367188881;W4383295360,0.5
I166337079,I98677209,2,2,2023,W4367188881;W4375869358,0.5
I166337079,I4210107233,1,1,2023,W4375869358,1.0
I166337079,I170201317,1,1,2023,W4380769213,1.0
I166337079,I19700959,1,1,2023,W4380769213,1.0
I166337079,I20089843,1,1,2023,W4380769213,1.0
I166337079,I201448701,1,1,2023,W4380769213,1.0
I166337079,I2801851002,1,1,2023,W4380769213,1.0
I166337079,I36258959,1,1,2023,W4380769213,1.0
I166337079,I4210142372,1,1,2023,W4380769213,1.0
I166337079,I63966007,1,1,2023,W4380769213,1.0
I166337079,I95457486,1,1,2023,W4380769213,1.0
I166337079,I2800479947,1,1,2023,W4383164035,1.0
I166337079,I2801317318,1,1,2023,W4383164035,1.0
I166337079,I4210087915,1,1,2023,W4383164035,1.0
I166337079,I20231570,1,1,2023,W4386057806,1.0
I166337079,I4210111325,1,1,2023,W4386384991,1.0
I166337079,I4210129200,1,1,2023,W4386384991,1.0
I166337079,I881427289,1,1,2023,W4388593316,1.0
I166401450,I167724894,1,1,2023,W4388824155,1.0
I166401450,I180910786,1,1,2023,W4388824155,1.0
I166401450,I4210095825,1,1,2023,W4388824155,1.0
I166401450,I192513696,1,1,2023,W4388979212,1.0
I166401450,I2883434090,1,1,2023,W4388979212,1.0
I166401450,I39553462,1,1,2023,W4388979212,1.0
I166401450,I73822459,1,1,2023,W4388979212,1.0
I166433441,I199417121,1,1,2023,W4383428262,1.0
I166433441,I70593384,1,1,2023,W4383428262,1.0
I166433441,I78650965,1,1,2023,W4383428262,1.0
I166825849,I4210089607,1,1,2023,W4386071621,1.0
I166825849,I98285908,1,1,2023,W4386071621,1.0
I166825849,I98381234,1,1,2023,W4386071621,1.0
I167027274,I4210140379,1,1,2023,W4360615980,1.0
I167027274,I76569877,1,1,2023,W4360615980,1.0
I16718484,I2898391981,1,1,2023,W4385734232,1.0
I16718484,I31512782,2,2,2023,W4385734232;W4389976991,0.5
I16718484,I33256026,1,1,2023,W4389976991,1.0
I16733864,I74801974,1,1,2023,W4385389410,1.0
I16733864,I20231570,1,1,2023,W4387968628,1.0
I16733864,I4210113369,1,1,2023,W4387968628,1.0
I16733864,I87445476,1,1,2023,W4387968628,1.0
I16748637,I79946792,2,2,2023,W4318566811;W4386724197,0.5
I167724894,I180910786,1,1,2023,W4388824155,1.0
I167724894,I4210095825,1,1,2023,W4388824155,1.0
I168635309,I57206974,3,3,2023,W4379115941;W4385187279;W4385187421,0.3333333333333333
I168635309,I2802567020,1,1,2023,W4381185465,1.0
I168635309,I2802709434,1,1,2023,W4381185465,1.0
I168635309,I4210099625,1,1,2023,W4381185465,1.0
I168635309,I185261750,2,2,2023,W4387144848;W4388129991,0.5
I168635309,I183935753,1,1,2023,W4388129991,1.0
I168635309,I2799503643,1,1,2023,W4388129991,1.0
I168635309,I2801970007,1,1,2023,W4388129991,1.0
I168635309,I37696226,1,1,2023,W4388129991,1.0
I168635309,I78577930,1,1,2023,W4388129991,1.0
I168635309,I822440,1,1,2023,W4388129991,1.0
I168635309,I192455969,1,1,2023,W4388212404,1.0
I168719708,I169199633,1,1,2023,W4360620450,1.0
I168719708,I169335092,1,1,2023,W4360620450,1.0
I168719708,I171543936,1,1,2023,W4360620450,1.0
I168719708,I181369854,1,1,2023,W4360620450,1.0
I168719708,I181418319,1,1,2023,W4360620450,1.0
I168719708,I181565077,1,1,2023,W4360620450,1.0
I168719708,I181647926,1,1,2023,W4360620450,1.0
I168719708,I185163786,1,1,2023,W4360620450,1.0
I168719708,I188538660,1,1,2023,W4360620450,1.0
I168719708,I19648265,1,1,2023,W4360620450,1.0
I168719708,I204593131,1,1,2023,W4360620450,1.0
I168719708,I24027795,1,1,2023,W4360620450,1.0
I168719708,I244572783,1,1,2023,W4360620450,1.0
I168719708,I255234318,1,1,2023,W4360620450,1.0
I168719708,I25846049,1,1,2023,W4360620450,1.0
I168719708,I2613432,1,1,2023,W4360620450,1.0
I168719708,I27878738,1,1,2023,W4360620450,1.0
I168719708,I2802797706,1,1,2023,W4360620450,1.0
I168719708,I28407311,1,1,2023,W4360620450,1.0
I168719708,I31746571,2,2,2023,W4360620450;W4385749731,0.5
I168719708,I32394136,1,1,2023,W4360620450,1.0
I168719708,I36234482,1,1,2023,W4360620450,1.0
I168719708,I39586589,1,1,2023,W4360620450,1.0
I168719708,I4210131537,1,1,2023,W4360620450,1.0
I168719708,I4390039323,1,1,2023,W4360620450,1.0
I168719708,I4394709253,1,1,2023,W4360620450,1.0
I168719708,I44430492,1,1,2023,W4360620450,1.0
I168719708,I47818738,1,1,2023,W4360620450,1.0
I168719708,I55060895,1,1,2023,W4360620450,1.0
I168719708,I63098007,1,1,2023,W4360620450,1.0
I168719708,I68891433,1,1,2023,W4360620450,1.0
I168719708,I71052956,1,1,2023,W4360620450,1.0
I168719708,I78715868,1,1,2023,W4360620450,1.0
I168719708,I80281795,1,1,2023,W4360620450,1.0
I168719708,I91136226,1,1,2023,W4360620450,1.0
I168719708,I9300472,1,1,2023,W4360620450,1.0
I168719708,I931969281,1,1,2023,W4360620450,1.0
I168719708,I9360294,1,1,2023,W4360620450,1.0
I168719708,I98358874,1,1,2023,W4360620450,1.0
I168719708,I204512498,1,1,2023,W4380629073,1.0
I168719708,I26092322,1,1,2023,W4380629073,1.0
I168719708,I4210145761,1,1,2023,W4380629073,1.0
I168719708,I4210165038,1,1,2023,W4380629073,1.0
I168719708,I889458895,2,2,2023,W4380629073;W4388035208,0.5
I168719708,I98251732,1,1,2023,W4380629073,1.0
I168719708,I2250653659,1,1,2023,W4382239902,1.0
I168719708,I20382870,1,1,2023,W4385071300,1.0
I168719708,I43406934,1,1,2023,W4385749731,1.0
I168719708,I94722563,1,1,2023,W4385749731,1.0
I168719708,I183067930,1,1,2023,W4388002730,1.0
I168719708,I37461747,1,1,2023,W4388002730,1.0
I168719708,I177725633,2,2,2023,W4388035208;W4390874324,0.5
I168719708,I24185976,1,1,2023,W4388035208,1.0
I168719708,I348769827,1,1,2023,W4388035208,1.0
I168719708,I4210089761,1,1,2023,W4388035208,1.0
I168719708,I47508984,1,1,2023,W4388035208,1.0
I168719708,I27357992,1,1,2023,W4390871756,1.0
I168719708,I20231570,1,1,2023,W4390874324,1.0
I168719708,I32971472,1,1,2023,W4390874324,1.0
I168719708,I4210100255,1,1,2023,W4390874324,1.0
I168719708,I4391012619,1,1,2023,W4390874324,1.0
I168719708,I99065089,1,1,2023,W4393906854,1.0
I168864056,I56303344,1,1,2023,W4382372079,1.0
I168864056,I70387731,1,1,2023,W4382372079,1.0
I168864056,I4210158702,1,1,2023,W4387211167,1.0
I168864056,I79576946,1,1,2023,W4388194725,1.0
I168879160,I181326427,1,1,2023,W4386973803,1.0
I168879160,I4210100255,1,1,2023,W4386973803,1.0
I168879160,I4391012619,1,1,2023,W4386973803,1.0
I168879160,I50760025,1,1,2023,W4386973803,1.0
I168879160,I76130692,2,2,2023,W4386973803;W4390874265,0.5
I169016828,I27837315,1,1,2023,W4380685958,1.0
I169016828,I4210102099,1,1,2023,W4380685958,1.0
I169016828,I4210149146,1,1,2023,W4380685958,1.0
I169108374,I174216632,1,1,2023,W4378905467,1.0
I169108374,I176453806,1,1,2023,W4378905467,1.0
I169108374,I193662353,1,1,2023,W4378905467,1.0
I169108374,I19820366,1,1,2023,W4378905467,1.0
I169108374,I201448701,2,2,2023,W4378905467;W4389696050,0.5
I169108374,I23923803,1,1,2023,W4378905467,1.0
I169108374,I25254941,1,1,2023,W4378905467,1.0
I169108374,I2799973717,1,1,2023,W4378905467,1.0
I169108374,I2800262456,1,1,2023,W4378905467,1.0
I169108374,I315704651,1,1,2023,W4378905467,1.0
I169108374,I4210092744,1,1,2023,W4378905467,1.0
I169108374,I4210099977,1,1,2023,W4378905467,1.0
I169108374,I4210102999,1,1,2023,W4378905467,1.0
I169108374,I4210106352,1,1,2023,W4378905467,1.0
I169108374,I4210106526,1,1,2023,W4378905467,1.0
I169108374,I4210117555,1,1,2023,W4378905467,1.0
I169108374,I4210122844,1,1,2023,W4378905467,1.0
I169108374,I4210137309,1,1,2023,W4378905467,1.0
I169108374,I4210139347,1,1,2023,W4378905467,1.0
I169108374,I4210141715,1,1,2023,W4378905467,1.0
I169108374,I4210165038,1,1,2023,W4378905467,1.0
I169108374,I5023651,1,1,2023,W4378905467,1.0
I169108374,I59270414,1,1,2023,W4378905467,1.0
I169108374,I60200437,1,1,2023,W4378905467,1.0
I169108374,I865915315,1,1,2023,W4378905467,1.0
I169108374,I881766915,1,1,2023,W4378905467,1.0
I169108374,I887064364,1,1,2023,W4378905467,1.0
I169108374,I913481162,1,1,2023,W4378905467,1.0
I169108374,I181233156,1,1,2023,W4382246105,1.0
I169108374,I2801851002,1,1,2023,W4382246105,1.0
I169108374,I36788626,1,1,2023,W4382246105,1.0
I169108374,I4210132327,1,1,2023,W4382246105,1.0
I169108374,I186129607,1,1,2023,W4389696050,1.0
I169108374,I188329596,1,1,2023,W4389696050,1.0
I169108374,I200650556,1,1,2023,W4389696050,1.0
I169108374,I20126385,1,1,2023,W4389696050,1.0
I169108374,I202697423,1,1,2023,W4389696050,1.0
I169108374,I204778367,1,1,2023,W4389696050,1.0
I169108374,I23946033,1,1,2023,W4389696050,1.0
I169108374,I32389192,1,1,2023,W4389696050,1.0
I169108374,I33858575,1,1,2023,W4389696050,1.0
I169108374,I40434647,1,1,2023,W4389696050,1.0
I169108374,I4210087936,1,1,2023,W4389696050,1.0
I169108374,I4210095594,1,1,2023,W4389696050,1.0
I169108374,I4210113179,1,1,2023,W4389696050,1.0
I169108374,I4210127871,1,1,2023,W4389696050,1.0
I169108374,I4210134505,1,1,2023,W4389696050,1.0
I169108374,I4210137813,1,1,2023,W4389696050,1.0
I169108374,I4210151290,1,1,2023,W4389696050,1.0
I169108374,I4210161436,1,1,2023,W4389696050,1.0
I169108374,I49828101,1,1,2023,W4389696050,1.0
I169108374,I51235708,1,1,2023,W4389696050,1.0
I169108374,I54316950,1,1,2023,W4389696050,1.0
I169108374,I73417466,1,1,2023,W4389696050,1.0
I169108374,I80810150,1,1,2023,W4389696050,1.0
I169108374,I83259278,1,1,2023,W4389696050,1.0
I169108374,I83816512,1,1,2023,W4389696050,1.0
I169108374,I85507684,1,1,2023,W4389696050,1.0
I169108374,I8636806,1,1,2023,W4389696050,1.0
I169199633,I169335092,1,1,2023,W4360620450,1.0
I169199633,I171543936,1,1,2023,W4360620450,1.0
I169199633,I181369854,1,1,2023,W4360620450,1.0
I169199633,I181418319,1,1,2023,W4360620450,1.0
I169199633,I181565077,1,1,2023,W4360620450,1.0
I169199633,I181647926,1,1,2023,W4360620450,1.0
I169199633,I185163786,1,1,2023,W4360620450,1.0
I169199633,I188538660,1,1,2023,W4360620450,1.0
I169199633,I19648265,1,1,2023,W4360620450,1.0
I169199633,I204593131,1,1,2023,W4360620450,1.0
I169199633,I24027795,1,1,2023,W4360620450,1.0
I169199633,I244572783,1,1,2023,W4360620450,1.0
I169199633,I255234318,1,1,2023,W4360620450,1.0
I169199633,I25846049,1,1,2023,W4360620450,1.0
I169199633,I2613432,1,1,2023,W4360620450,1.0
I169199633,I27878738,1,1,2023,W4360620450,1.0
I169199633,I2802797706,1,1,2023,W4360620450,1.0
I169199633,I28407311,1,1,2023,W4360620450,1.0
I169199633,I31746571,1,1,2023,W4360620450,1.0
I169199633,I32394136,1,1,2023,W4360620450,1.0
I169199633,I36234482,1,1,2023,W4360620450,1.0
I169199633,I39586589,1,1,2023,W4360620450,1.0
I169199633,I4210131537,1,1,2023,W4360620450,1.0
I169199633,I4390039323,1,1,2023,W4360620450,1.0
I169199633,I4394709253,1,1,2023,W4360620450,1.0
I169199633,I44430492,1,1,2023,W4360620450,1.0
I169199633,I47818738,1,1,2023,W4360620450,1.0
I169199633,I55060895,1,1,2023,W4360620450,1.0
I169199633,I63098007,1,1,2023,W4360620450,1.0
I169199633,I68891433,1,1,2023,W4360620450,1.0
I169199633,I71052956,2,2,2023,W4360620450;W4383913712,0.5
I169199633,I78715868,1,1,2023,W4360620450,1.0
I169199633,I80281795,1,1,2023,W4360620450,1.0
I169199633,I91136226,1,1,2023,W4360620450,1.0
I169199633,I9300472,1,1,2023,W4360620450,1.0
I169199633,I931969281,1,1,2023,W4360620450,1.0
I169199633,I9360294,1,1,2023,W4360620450,1.0
I169199633,I98358874,1,1,2023,W4360620450,1.0
I169199633,I18014758,1,1,2023,W4383913712,1.0
I169199633,I183935753,1,1,2023,W4383913712,1.0
I169199633,I1925986,1,1,2023,W4383913712,1.0
I169199633,I193531525,1,1,2023,W4383913712,1.0
I169199633,I193662353,1,1,2023,W4383913712,1.0
I169199633,I193700539,1,1,2023,W4383913712,1.0
I169199633,I205274468,1,1,2023,W4383913712,1.0
I169199633,I3133184724,1,1,2023,W4383913712,1.0
I169199633,I4210119896,1,1,2023,W4383913712,1.0
I169199633,I51601045,1,1,2023,W4383913712,1.0
I169199633,I56590836,1,1,2023,W4383913712,1.0
I169199633,I60733029,1,1,2023,W4383913712,1.0
I169199633,I79619799,1,1,2023,W4383913712,1.0
I169199633,I82284825,1,1,2023,W4383913712,1.0
I169199633,I84884186,1,1,2023,W4383913712,1.0
I169199633,I189486483,1,1,2023,W4386098991,1.0
I169199633,I98461037,1,1,2023,W4386098991,1.0
I169335092,I210116565,1,1,2023,W4321597163,1.0
I169335092,I219774598,1,1,2023,W4321597163,1.0
I169335092,I223471776,1,1,2023,W4321597163,1.0
I169335092,I36893310,1,1,2023,W4321597163,1.0
I169335092,I39854758,1,1,2023,W4321597163,1.0
I169335092,I4210106490,1,1,2023,W4321597163,1.0
I169335092,I63739035,1,1,2023,W4321597163,1.0
I169335092,I171543936,1,1,2023,W4360620450,1.0
I169335092,I181369854,1,1,2023,W4360620450,1.0
I169335092,I181418319,1,1,2023,W4360620450,1.0
I169335092,I181565077,1,1,2023,W4360620450,1.0
I169335092,I181647926,1,1,2023,W4360620450,1.0
I169335092,I185163786,1,1,2023,W4360620450,1.0
I169335092,I188538660,1,1,2023,W4360620450,1.0
I169335092,I19648265,1,1,2023,W4360620450,1.0
I169335092,I204593131,1,1,2023,W4360620450,1.0
I169335092,I24027795,1,1,2023,W4360620450,1.0
I169335092,I244572783,1,1,2023,W4360620450,1.0
I169335092,I255234318,1,1,2023,W4360620450,1.0
I169335092,I25846049,1,1,2023,W4360620450,1.0
I169335092,I2613432,1,1,2023,W4360620450,1.0
I169335092,I27878738,1,1,2023,W4360620450,1.0
I169335092,I2802797706,1,1,2023,W4360620450,1.0
I169335092,I28407311,1,1,2023,W4360620450,1.0
I169335092,I31746571,1,1,2023,W4360620450,1.0
I169335092,I32394136,1,1,2023,W4360620450,1.0
I169335092,I36234482,1,1,2023,W4360620450,1.0
I169335092,I39586589,1,1,2023,W4360620450,1.0
I169335092,I4210131537,1,1,2023,W4360620450,1.0
I169335092,I4390039323,1,1,2023,W4360620450,1.0
I169335092,I4394709253,1,1,2023,W4360620450,1.0
I169335092,I44430492,1,1,2023,W4360620450,1.0
I169335092,I47818738,1,1,2023,W4360620450,1.0
I169335092,I55060895,1,1,2023,W4360620450,1.0
I169335092,I63098007,1,1,2023,W4360620450,1.0
I169335092,I68891433,1,1,2023,W4360620450,1.0
I169335092,I71052956,1,1,2023,W4360620450,1.0
I169335092,I78715868,1,1,2023,W4360620450,1.0
I169335092,I80281795,1,1,2023,W4360620450,1.0
I169335092,I91136226,1,1,2023,W4360620450,1.0
I169335092,I9300472,1,1,2023,W4360620450,1.0
I169335092,I931969281,1,1,2023,W4360620450,1.0
I169335092,I9360294,1,1,2023,W4360620450,1.0
I169335092,I98358874,1,1,2023,W4360620450,1.0
I169335092,I227306068,1,1,2023,W4388091115,1.0
I169541294,I177877127,1,1,2023,W4385805046,1.0
I169541294,I859038795,1,1,2023,W4385805046,1.0
I169541294,I863896202,1,1,2023,W4385805046,1.0
I169877490,I4210115326,1,1,2023,W4388154006,1.0
I169912796,I183935753,1,1,2023,W4383824598,1.0
I170201317,I27804330,3,3,2023,W4361295009;W4365137614;W4375850424,0.3333333333333333
I170201317,I4210087915,2,2,2023,W4361295009;W4365137614,0.5
I170201317,I4210159937,1,1,2023,W4367368990,1.0
I170201317,I51713134,1,1,2023,W4367368990,1.0
I170201317,I79576946,1,1,2023,W4375850424,1.0
I170201317,I82783531,1,1,2023,W4375850424,1.0
I170201317,I19700959,1,1,2023,W4380769213,1.0
I170201317,I20089843,1,1,2023,W4380769213,1.0
I170201317,I201448701,1,1,2023,W4380769213,1.0
I170201317,I2801851002,1,1,2023,W4380769213,1.0
I170201317,I36258959,1,1,2023,W4380769213,1.0
I170201317,I40120149,1,1,2023,W4380769213,1.0
I170201317,I4210142372,1,1,2023,W4380769213,1.0
I170201317,I63966007,1,1,2023,W4380769213,1.0
I170201317,I95457486,1,1,2023,W4380769213,1.0
I170201317,I20231570,1,1,2023,W4381715378,1.0
I170201317,I4210141942,1,1,2023,W4381715378,1.0
I170201317,I2801887358,1,1,2023,W4385374442,1.0
I170201317,I4210109390,1,1,2023,W4385374442,1.0
I170201317,I4210149717,1,1,2023,W4385374442,1.0
I170201317,I66946132,2,2,2023,W4385374442;W4390100389,0.5
I170201317,I74973139,2,2,2023,W4389523767;W4389565714,0.5
I170201317,I4210105785,1,1,2023,W4389565714,1.0
I170215575,I4210151975,1,1,2023,W4385612888,1.0
I170215575,I183067930,1,1,2023,W4386215278,1.0
I170215575,I198357462,1,1,2023,W4388296405,1.0
I170215575,I4210103986,1,1,2023,W4390871953,1.0
I170230895,I188922065,2,2,2023,W4361028617;W4390399551,0.5
I170230895,I23574469,2,2,2023,W4361028617;W4390399551,0.5
I170230895,I28941729,1,1,2023,W4361028617,1.0
I170230895,I41073452,1,1,2023,W4361028617,1.0
I170230895,I60587646,1,1,2023,W4390399551,1.0
I170239107,I204136569,1,1,2023,W4390098701,1.0
I170239107,I86987016,1,1,2023,W4390098701,1.0
I170253739,I199688382,2,2,2023,W4318831034;W4323313783,0.5
I170253739,I97553796,2,2,2023,W4318831034;W4323313783,0.5
I170253739,I31079310,1,1,2023,W4389050043,1.0
I170253739,I56306041,1,1,2023,W4389050043,1.0
I170253739,I84339108,1,1,2023,W4389050043,1.0
I170253739,I91633459,1,1,2023,W4389050043,1.0
I170486558,I63634437,1,1,2023,W4385859836,1.0
I170486558,I32971472,1,1,2023,W4389165073,1.0
I170486558,I42134832,1,1,2023,W4389165073,1.0
I170486558,I97018004,1,1,2023,W4389165073,1.0
I170486558,I170658231,1,1,2023,W4389521024,1.0
I17056963,I200314755,1,1,2023,W4390116001,1.0
I170632171,I201448701,1,1,2023,W4389923012,1.0
I170897317,I172675005,1,1,2023,W4321472314,1.0
I170897317,I186143895,1,1,2023,W4321472314,1.0
I170897317,I36258959,1,1,2023,W4321472314,1.0
I170897317,I39422238,2,2,2023,W4321472314;W4380686968,0.5
I170897317,I4210155268,1,1,2023,W4321472314,1.0
I170897317,I82880672,1,1,2023,W4321472314,1.0
I170897317,I87216513,1,1,2023,W4321472314,1.0
I170897317,I99043593,1,1,2023,W4321472314,1.0
I170897317,I78577930,2,2,2023,W4324027515;W4366723564,0.5
I170897317,I4210113254,7,7,2023,W4363679378;W4366241052;W4366983955;W4367320668;W4376613087;W4376871127;W4378640065,0.14285714285714285
I170897317,I4210113795,1,1,2023,W4363679378,1.0
I170897317,I4210119234,1,1,2023,W4363679378,1.0
I170897317,I4210126298,5,5,2023,W4363679378;W4366234719;W4367320668;W4378640065;W4387747149,0.2
I170897317,I4210153043,2,2,2023,W4363679378;W4378640065,0.5
I170897317,I4210165067,2,2,2023,W4363679378;W4378640065,0.5
I170897317,I5740404,8,8,2023,W4363679378;W4366234719;W4366241052;W4366983955;W4367320668;W4376613087;W4376871127;W4378640065,0.125
I170897317,I87710204,5,5,2023,W4363679378;W4366234719;W4366241052;W4366983955;W4367320668,0.2
I170897317,I4210087327,1,1,2023,W4366234719,1.0
I170897317,I4210102371,1,1,2023,W4366234719,1.0
I170897317,I20231570,5,5,2023,W4366241052;W4366983955;W4376871127;W4378640065;W4404515031,0.2
I170897317,I2802957242,4,4,2023,W4366241052;W4366983955;W4376871127;W4378640065,0.25
I170897317,I91935597,2,2,2023,W4366241052;W4366983955,0.5
I170897317,I17937529,1,1,2023,W4366983955,1.0
I170897317,I223822909,1,1,2023,W4366983955,1.0
I170897317,I39343248,2,2,2023,W4366983955;W4378640065,0.5
I170897317,I199305430,1,1,2023,W4378640065,1.0
I170897317,I4210122818,1,1,2023,W4378640065,1.0
I170897317,I4210165424,1,1,2023,W4378640065,1.0
I170897317,I75951250,1,1,2023,W4378640065,1.0
I170897317,I7877124,1,1,2023,W4378640065,1.0
I170897317,I201448701,2,2,2023,W4380686968;W4385671288,0.5
I170897317,I241749,2,2,2023,W4380686968;W4385671288,0.5
I170897317,I2800220363,1,1,2023,W4380686968,1.0
I170897317,I2801081054,2,2,2023,W4380686968;W4385671288,0.5
I170897317,I2802212502,1,1,2023,W4380686968,1.0
I170897317,I36194607,1,1,2023,W4380686968,1.0
I170897317,I40347166,2,2,2023,W4380686968;W4385671288,0.5
I170897317,I4210094653,1,1,2023,W4380686968,1.0
I170897317,I4210095073,1,1,2023,W4380686968,1.0
I170897317,I4210107755,1,1,2023,W4380686968,1.0
I170897317,I4210110490,2,2,2023,W4380686968;W4385671288,0.5
I170897317,I4210121988,2,2,2023,W4380686968;W4385671288,0.5
I170897317,I4210132596,1,1,2023,W4380686968,1.0
I170897317,I4210138199,1,1,2023,W4380686968,1.0
I170897317,I4210147263,2,2,2023,W4380686968;W4385671288,0.5
I170897317,I5023651,2,2,2023,W4380686968;W4385671288,0.5
I170897317,I5124864,2,2,2023,W4380686968;W4385671288,0.5
I170897317,I5388228,2,2,2023,W4380686968;W4385671288,0.5
I170897317,I54166199,1,1,2023,W4380686968,1.0
I170897317,I63966007,2,2,2023,W4380686968;W4385671288,0.5
I170897317,I95457486,2,2,2023,W4380686968;W4385671288,0.5
I170897317,I95674353,2,2,2023,W4380686968;W4385671288,0.5
I170897317,I40695006,1,1,2023,W4385671288,1.0
I170897317,I4210149682,1,1,2023,W4385671288,1.0
I170897317,I180670191,1,1,2023,W4387747149,1.0
I170897317,I4210134769,1,1,2023,W4387747149,1.0
I170897317,I4394709130,1,1,2023,W4387747149,1.0
I170897317,I55769427,1,1,2023,W4387747149,1.0
I170897317,I63135867,1,1,2023,W4387747149,1.0
I170897317,I4210137306,1,1,2023,W4388722291,1.0
I170897317,I4387154989,1,1,2023,W4388722291,1.0
I170897317,I59130452,1,1,2023,W4388722291,1.0
I170897317,I98704320,1,1,2023,W4388722291,1.0
I170897317,I19820366,1,1,2023,W4404515031,1.0
I170897317,I3133055985,1,1,2023,W4404515031,1.0
I170897317,I4210094879,1,1,2023,W4404515031,1.0
I170897317,I4210113369,1,1,2023,W4404515031,1.0
I170897317,I74973139,1,1,2023,W4404515031,1.0
I171210897,I19716509,1,1,2023,W4366425747,1.0
I171210897,I2801380234,2,2,2023,W4366425747;W4388025354,0.5
I171210897,I2802423016,1,1,2023,W4366425747,1.0
I171210897,I3130844761,1,1,2023,W4366425747,1.0
I171210897,I464993,1,1,2023,W4388025354,1.0
I171210897,I79516672,1,1,2023,W4388025354,1.0
I171256487,I967637,1,1,2023,W4396525257,1.0
I17145004,I4210127558,1,1,2023,W4313591672,1.0
I17145004,I5681781,1,1,2023,W4313591672,1.0
I17145004,I9842412,1,1,2023,W4386010059,1.0
I17145004,I62916508,1,1,2023,W4386212341,1.0
I17145004,I189196454,2,2,2023,W4387642400;W4389903841,0.5
I17145004,I2802423016,2,2,2023,W4387642400;W4389903841,0.5
I17145004,I30809798,2,2,2023,W4387642400;W4389903841,0.5
I17145004,I4210087915,2,2,2023,W4387642400;W4389903841,0.5
I17145004,I4210135459,2,2,2023,W4387642400;W4389903841,0.5
I17145004,I4210146710,2,2,2023,W4387642400;W4389903841,0.5
I17145004,I4210157781,2,2,2023,W4387642400;W4389903841,0.5
I17145004,I890469752,1,1,2023,W4388624611,1.0
I17145004,I177725633,1,1,2023,W4389903841,1.0
I17145004,I200296433,1,1,2023,W4389903841,1.0
I17145004,I38877650,1,1,2023,W4389903841,1.0
I17145004,I87445476,1,1,2023,W4390872797,1.0
I171543936,I181369854,1,1,2023,W4360620450,1.0
I171543936,I181418319,1,1,2023,W4360620450,1.0
I171543936,I181565077,1,1,2023,W4360620450,1.0
I171543936,I181647926,1,1,2023,W4360620450,1.0
I171543936,I185163786,1,1,2023,W4360620450,1.0
I171543936,I188538660,1,1,2023,W4360620450,1.0
I171543936,I19648265,1,1,2023,W4360620450,1.0
I171543936,I204593131,1,1,2023,W4360620450,1.0
I171543936,I24027795,1,1,2023,W4360620450,1.0
I171543936,I244572783,1,1,2023,W4360620450,1.0
I171543936,I255234318,1,1,2023,W4360620450,1.0
I171543936,I25846049,1,1,2023,W4360620450,1.0
I171543936,I2613432,1,1,2023,W4360620450,1.0
I171543936,I27878738,1,1,2023,W4360620450,1.0
I171543936,I2802797706,1,1,2023,W4360620450,1.0
I171543936,I28407311,1,1,2023,W4360620450,1.0
I171543936,I31746571,1,1,2023,W4360620450,1.0
I171543936,I32394136,1,1,2023,W4360620450,1.0
I171543936,I36234482,1,1,2023,W4360620450,1.0
I171543936,I39586589,1,1,2023,W4360620450,1.0
I171543936,I4210131537,1,1,2023,W4360620450,1.0
I171543936,I4390039323,1,1,2023,W4360620450,1.0
I171543936,I4394709253,1,1,2023,W4360620450,1.0
I171543936,I44430492,1,1,2023,W4360620450,1.0
I171543936,I47818738,1,1,2023,W4360620450,1.0
I171543936,I55060895,1,1,2023,W4360620450,1.0
I171543936,I63098007,1,1,2023,W4360620450,1.0
I171543936,I68891433,1,1,2023,W4360620450,1.0
I171543936,I71052956,1,1,2023,W4360620450,1.0
I171543936,I78715868,1,1,2023,W4360620450,1.0
I171543936,I80281795,1,1,2023,W4360620450,1.0
I171543936,I91136226,1,1,2023,W4360620450,1.0
I171543936,I9300472,1,1,2023,W4360620450,1.0
I171543936,I931969281,1,1,2023,W4360620450,1.0
I171543936,I9360294,1,1,2023,W4360620450,1.0
I171543936,I98358874,1,1,2023,W4360620450,1.0
I172446870,I36443711,1,1,2023,W4388007786,1.0
I172574986,I204778367,1,1,2023,W4387100990,1.0
I172574986,I82952536,1,1,2023,W4387100990,1.0
I172675005,I186143895,1,1,2023,W4321472314,1.0
I172675005,I36258959,1,1,2023,W4321472314,1.0
I172675005,I39422238,1,1,2023,W4321472314,1.0
I172675005,I4210155268,2,2,2023,W4321472314;W4386076140,0.5
I172675005,I82880672,2,2,2023,W4321472314;W4388483128,0.5
I172675005,I87216513,1,1,2023,W4321472314,1.0
I172675005,I99043593,1,1,2023,W4321472314,1.0
I172675005,I179225836,1,1,2023,W4367353919,1.0
I172675005,I4210126670,1,1,2023,W4367353919,1.0
I172675005,I47508984,1,1,2023,W4367353919,1.0
I172675005,I4210091207,1,1,2023,W4379548704,1.0
I172675005,I20231570,3,3,2023,W4383753323;W4387412926;W4392158858,0.3333333333333333
I172675005,I35928602,3,3,2023,W4383753323;W4387412926;W4392158858,0.3333333333333333
I172675005,I44461941,3,3,2023,W4383753323;W4387412926;W4392158858,0.3333333333333333
I172675005,I82497590,3,3,2023,W4383753323;W4387412926;W4392158858,0.3333333333333333
I172675005,I192455969,1,1,2023,W4385570371,1.0
I172675005,I4210086143,1,1,2023,W4385571411,1.0
I172675005,I66867065,1,1,2023,W4385681711,1.0
I172675005,I79891267,2,2,2023,W4385681711;W4389520264,0.5
I172675005,I87445476,1,1,2023,W4385681711,1.0
I172675005,I25974101,1,1,2023,W4385804996,1.0
I172675005,I35440088,1,1,2023,W4385804996,1.0
I172675005,I99464096,1,1,2023,W4385804996,1.0
I172675005,I2801851002,1,1,2023,W4386066096,1.0
I172675005,I4210136793,1,1,2023,W4386066096,1.0
I172675005,I177725633,2,2,2023,W4386076103;W4387226011,0.5
I172675005,I889458895,2,2,2023,W4386076103;W4387226011,0.5
I172675005,I204983213,1,1,2023,W4386083019,1.0
I172675005,I4210109712,1,1,2023,W4386180266,1.0
I172675005,I4210113480,1,1,2023,W4386180266,1.0
I172675005,I74973139,1,1,2023,W4386180266,1.0
I172675005,I1793135,1,1,2023,W4386883058,1.0
I172675005,I4210125838,1,1,2023,W4386883058,1.0
I172675005,I4210141933,1,1,2023,W4386883058,1.0
I172675005,I183067930,1,1,2023,W4387010079,1.0
I172675005,I4210128910,2,2,2023,W4387068064;W4390872247,0.5
I172675005,I4210161528,1,1,2023,W4387226011,1.0
I172675005,I4210155350,1,1,2023,W4387415166,1.0
I172675005,I4392021250,1,1,2023,W4387415166,1.0
I172675005,I4210165038,1,1,2023,W4388483128,1.0
I172675005,I2250653659,1,1,2023,W4389519248,1.0
I172675005,I3133055985,1,1,2023,W4389519248,1.0
I172675005,I4210095624,1,1,2023,W4389519248,1.0
I172675005,I76130692,1,1,2023,W4389519248,1.0
I172675005,I4210123185,1,1,2023,W4389520463,1.0
I172675005,I97018004,1,1,2023,W4389523957,1.0
I172675005,I8696757,1,1,2023,W4389881233,1.0
I172675005,I37461747,1,1,2023,W4390412407,1.0
I172675005,I4210164937,1,1,2023,W4390872842,1.0
I172675005,I4210120363,1,1,2023,W4391129224,1.0
I173029219,I82952536,1,1,2023,W4385975812,1.0
I173093425,I173888879,1,1,2023,W4387379065,1.0
I173093425,I182000528,1,1,2023,W4387379065,1.0
I173093425,I193260172,1,1,2023,W4387379065,1.0
I173093425,I204778367,1,1,2023,W4387379065,1.0
I173093425,I22265921,1,1,2023,W4387379065,1.0
I173093425,I244572783,1,1,2023,W4387379065,1.0
I173093425,I27878738,1,1,2023,W4387379065,1.0
I173093425,I2801106189,1,1,2023,W4387379065,1.0
I173093425,I3122748864,1,1,2023,W4387379065,1.0
I173093425,I39586589,1,1,2023,W4387379065,1.0
I173093425,I4210134189,1,1,2023,W4387379065,1.0
I173093425,I4387930215,1,1,2023,W4387379065,1.0
I173093425,I55285296,1,1,2023,W4387379065,1.0
I173093425,I56007636,1,1,2023,W4387379065,1.0
I173093425,I60342839,1,1,2023,W4387379065,1.0
I173093425,I68891433,1,1,2023,W4387379065,1.0
I173093425,I79156528,1,1,2023,W4387379065,1.0
I173093425,I931278978,1,1,2023,W4387379065,1.0
I173093425,I931681460,1,1,2023,W4387379065,1.0
I173093425,I96413208,1,1,2023,W4387379065,1.0
I173654999,I204308271,1,1,2023,W4386572315,1.0
I173654999,I241749,1,1,2023,W4386572315,1.0
I173654999,I2799299286,1,1,2023,W4386572315,1.0
I173654999,I36258959,1,1,2023,W4386572315,1.0
I173654999,I4210087915,1,1,2023,W4386572315,1.0
I173654999,I4210116917,1,1,2023,W4386572315,1.0
I173654999,I4210127055,1,1,2023,W4386572315,1.0
I173654999,I4210150574,1,1,2023,W4386572315,1.0
I173654999,I45129253,1,1,2023,W4386572315,1.0
I173654999,I51713134,1,1,2023,W4386572315,1.0
I173654999,I97018004,2,2,2023,W4386572315;W4387823534,0.5
I173654999,I98704320,1,1,2023,W4386572315,1.0
I173654999,I4210095140,1,1,2023,W4387823534,1.0
I173654999,I42934936,1,1,2023,W4387823534,1.0
I173654999,I9224006,1,1,2023,W4387823534,1.0
I173759888,I28813325,1,1,2023,W4387817941,1.0
I173759888,I3130607311,1,1,2023,W4387817941,1.0
I173888879,I182000528,1,1,2023,W4387379065,1.0
I173888879,I193260172,1,1,2023,W4387379065,1.0
I173888879,I204778367,1,1,2023,W4387379065,1.0
I173888879,I22265921,1,1,2023,W4387379065,1.0
I173888879,I244572783,1,1,2023,W4387379065,1.0
I173888879,I27878738,1,1,2023,W4387379065,1.0
I173888879,I2801106189,1,1,2023,W4387379065,1.0
I173888879,I3122748864,1,1,2023,W4387379065,1.0
I173888879,I39586589,1,1,2023,W4387379065,1.0
I173888879,I4210134189,1,1,2023,W4387379065,1.0
I173888879,I4387930215,1,1,2023,W4387379065,1.0
I173888879,I55285296,1,1,2023,W4387379065,1.0
I173888879,I56007636,1,1,2023,W4387379065,1.0
I173888879,I60342839,1,1,2023,W4387379065,1.0
I173888879,I68891433,1,1,2023,W4387379065,1.0
I173888879,I79156528,1,1,2023,W4387379065,1.0
I173888879,I931278978,1,1,2023,W4387379065,1.0
I173888879,I931681460,1,1,2023,W4387379065,1.0
I173888879,I96413208,1,1,2023,W4387379065,1.0
I173893349,I205349734,1,1,2023,W4385597618,1.0
I173893349,I21851649,1,1,2023,W4385597618,1.0
I173893349,I4210087400,1,1,2023,W4385597618,1.0
I173893349,I4210102350,1,1,2023,W4385597618,1.0
I173893349,I4210107779,1,1,2023,W4385597618,1.0
I173893349,I4210129365,1,1,2023,W4385597618,1.0
I173893349,I4210136522,1,1,2023,W4385597618,1.0
I173893349,I4210151342,1,1,2023,W4385597618,1.0
I17389662,I51601045,1,1,2023,W4386161583,1.0
I17389662,I82880672,1,1,2023,W4386161583,1.0
I173899330,I66946132,1,1,2023,W4385562582,1.0
I173911158,I181565077,1,1,2023,W4389451641,1.0
I173911158,I2801919071,1,1,2023,W4389451641,1.0
I173911158,I78577930,1,1,2023,W4389451641,1.0
I174216632,I4210118442,1,1,2023,W4321610465,1.0
I174216632,I4210141454,1,1,2023,W4321610465,1.0
I174216632,I75951250,1,1,2023,W4321610465,1.0
I174216632,I83041322,1,1,2023,W4321610465,1.0
I174216632,I176453806,1,1,2023,W4378905467,1.0
I174216632,I193662353,1,1,2023,W4378905467,1.0
I174216632,I19820366,1,1,2023,W4378905467,1.0
I174216632,I201448701,1,1,2023,W4378905467,1.0
I174216632,I23923803,1,1,2023,W4378905467,1.0
I174216632,I25254941,1,1,2023,W4378905467,1.0
I174216632,I2799973717,1,1,2023,W4378905467,1.0
I174216632,I2800262456,1,1,2023,W4378905467,1.0
I174216632,I315704651,1,1,2023,W4378905467,1.0
I174216632,I4210092744,1,1,2023,W4378905467,1.0
I174216632,I4210099977,1,1,2023,W4378905467,1.0
I174216632,I4210102999,1,1,2023,W4378905467,1.0
I174216632,I4210106352,1,1,2023,W4378905467,1.0
I174216632,I4210106526,1,1,2023,W4378905467,1.0
I174216632,I4210117555,1,1,2023,W4378905467,1.0
I174216632,I4210122844,1,1,2023,W4378905467,1.0
I174216632,I4210137309,1,1,2023,W4378905467,1.0
I174216632,I4210139347,1,1,2023,W4378905467,1.0
I174216632,I4210141715,1,1,2023,W4378905467,1.0
I174216632,I4210165038,1,1,2023,W4378905467,1.0
I174216632,I5023651,1,1,2023,W4378905467,1.0
I174216632,I59270414,1,1,2023,W4378905467,1.0
I174216632,I60200437,1,1,2023,W4378905467,1.0
I174216632,I865915315,1,1,2023,W4378905467,1.0
I174216632,I881766915,1,1,2023,W4378905467,1.0
I174216632,I887064364,1,1,2023,W4378905467,1.0
I174216632,I913481162,1,1,2023,W4378905467,1.0
I174216632,I204831749,1,1,2023,W4381850469,1.0
I174216632,I55707380,1,1,2023,W4386510404,1.0
I174306211,I53964585,1,1,2023,W4386057725,1.0
I174306211,I193223587,1,1,2023,W4387665053,1.0
I174306211,I39555362,1,1,2023,W4387665053,1.0
I174306211,I201448701,1,1,2023,W4389519222,1.0
I174306211,I35440088,1,1,2023,W4389519222,1.0
I174306211,I57206974,1,1,2023,W4389519222,1.0
I174306211,I87182695,1,1,2023,W4389519222,1.0
I1743320,I4210112286,1,1,2023,W4327550249,1.0
I1743320,I57206974,1,1,2023,W4327550249,1.0
I1743320,I63966007,1,1,2023,W4327550249,1.0
I1743320,I97018004,2,2,2023,W4327550249;W4385988139,0.5
I1743320,I180670191,1,1,2023,W4385988139,1.0
I174458059,I181369854,1,1,2023,W4385991139,1.0
I174458059,I190632392,1,1,2023,W4385991139,1.0
I174458059,I194019607,1,1,2023,W4385991139,1.0
I174458059,I4210094138,1,1,2023,W4385991139,1.0
I174458059,I201118511,1,1,2023,W4386220639,1.0
I174458059,I29891158,1,1,2023,W4386220639,1.0
I174878644,I2801754460,1,1,2023,W4378087328,1.0
I175051016,I4210123621,1,1,2023,W4387828936,1.0
I175234967,I189158943,1,1,2023,W4384337834,1.0
I175234967,I2800419323,1,1,2023,W4384337834,1.0
I175234967,I4210115256,1,1,2023,W4384337834,1.0
I175532246,I4210107997,1,1,2023,W4387190119,1.0
I175594653,I27804330,1,1,2023,W4387245383,1.0
I175594653,I4210131439,1,1,2023,W4387245383,1.0
I175594653,I5681781,1,1,2023,W4388994251,1.0
I175594653,I78577930,1,1,2023,W4388994251,1.0
I175594653,I183935753,1,1,2023,W4389520375,1.0
I175594653,I87182695,1,1,2023,W4389520375,1.0
I17626003,I17866349,1,1,2023,W4366454938,1.0
I17626003,I183974707,1,1,2023,W4366454938,1.0
I17626003,I205783295,1,1,2023,W4366454938,1.0
I17626003,I4210127646,1,1,2023,W4366454938,1.0
I17626003,I4210133362,1,1,2023,W4366454938,1.0
I17626003,I66946132,1,1,2023,W4366454938,1.0
I17626003,I70983195,1,1,2023,W4366454938,1.0
I17626003,I76903346,1,1,2023,W4366454938,1.0
I17626003,I51601045,1,1,2023,W4389273449,1.0
I17626003,I96062909,1,1,2023,W4389273449,1.0
I17626003,I98461037,1,1,2023,W4389273449,1.0
I176279760,I223532165,1,1,2023,W4381743186,1.0
I176279760,I274587153,1,1,2023,W4381743186,1.0
I176279760,I2803026726,1,1,2023,W4381743186,1.0
I176279760,I4210145543,1,1,2023,W4381743186,1.0
I176279760,I4210153211,1,1,2023,W4381743186,1.0
I176279760,I544936282,1,1,2023,W4381743186,1.0
I176453806,I193662353,1,1,2023,W4378905467,1.0
I176453806,I19820366,1,1,2023,W4378905467,1.0
I176453806,I201448701,1,1,2023,W4378905467,1.0
I176453806,I23923803,1,1,2023,W4378905467,1.0
I176453806,I25254941,1,1,2023,W4378905467,1.0
I176453806,I2799973717,1,1,2023,W4378905467,1.0
I176453806,I2800262456,1,1,2023,W4378905467,1.0
I176453806,I315704651,1,1,2023,W4378905467,1.0
I176453806,I4210092744,1,1,2023,W4378905467,1.0
I176453806,I4210099977,1,1,2023,W4378905467,1.0
I176453806,I4210102999,1,1,2023,W4378905467,1.0
I176453806,I4210106352,1,1,2023,W4378905467,1.0
I176453806,I4210106526,1,1,2023,W4378905467,1.0
I176453806,I4210117555,1,1,2023,W4378905467,1.0
I176453806,I4210122844,1,1,2023,W4378905467,1.0
I176453806,I4210137309,1,1,2023,W4378905467,1.0
I176453806,I4210139347,1,1,2023,W4378905467,1.0
I176453806,I4210141715,1,1,2023,W4378905467,1.0
I176453806,I4210165038,1,1,2023,W4378905467,1.0
I176453806,I5023651,1,1,2023,W4378905467,1.0
I176453806,I59270414,1,1,2023,W4378905467,1.0
I176453806,I60200437,1,1,2023,W4378905467,1.0
I176453806,I865915315,1,1,2023,W4378905467,1.0
I176453806,I881766915,1,1,2023,W4378905467,1.0
I176453806,I887064364,1,1,2023,W4378905467,1.0
I176453806,I913481162,1,1,2023,W4378905467,1.0
I176601375,I200745827,1,1,2023,W4385878021,1.0
I176601375,I8033065,1,1,2023,W4385878021,1.0
I176601375,I4210087059,1,1,2023,W4392152396,1.0
I177097968,I2802326326,1,1,2023,W4385251479,1.0
I177097968,I80143920,1,1,2023,W4385251479,1.0
I177605424,I24603500,1,1,2023,W4387973771,1.0
I177605424,I4210095851,1,1,2023,W4387973771,1.0
I177639307,I183935753,1,1,2023,W4386697749,1.0
I177639307,I201448701,1,1,2023,W4386697749,1.0
I177639307,I205051169,1,1,2023,W4386697749,1.0
I177639307,I23923803,1,1,2023,W4386697749,1.0
I177639307,I2799390153,1,1,2023,W4386697749,1.0
I177639307,I2802266942,1,1,2023,W4386697749,1.0
I177639307,I2802775644,1,1,2023,W4386697749,1.0
I177639307,I28407311,1,1,2023,W4386697749,1.0
I177639307,I36234482,1,1,2023,W4386697749,1.0
I177639307,I40120149,1,1,2023,W4386697749,1.0
I177639307,I4210111135,1,1,2023,W4386697749,1.0
I177639307,I4210126452,1,1,2023,W4386697749,1.0
I177639307,I4210140114,1,1,2023,W4386697749,1.0
I177639307,I4210150574,1,1,2023,W4386697749,1.0
I177639307,I43439940,1,1,2023,W4386697749,1.0
I177639307,I45129253,1,1,2023,W4386697749,1.0
I177639307,I7882870,1,1,2023,W4386697749,1.0
I177639307,I79510175,1,1,2023,W4386697749,1.0
I177639307,I79619799,1,1,2023,W4386697749,1.0
I177639307,I84884186,1,1,2023,W4386697749,1.0
I177639307,I98677209,1,1,2023,W4386697749,1.0
I177639307,I241749,2,2,2023,W4387211403;W4387211424,0.5
I177639307,I51601045,2,2,2023,W4387211403;W4387211424,0.5
I177639307,I66867065,1,1,2023,W4387211424,1.0
I177721651,I204465549,1,1,2023,W4386700994,1.0
I177721651,I47838141,1,1,2023,W4386700994,1.0
I177725633,I98677209,1,1,2023,W4324098937,1.0
I177725633,I31746571,1,1,2023,W4366778082,1.0
I177725633,I4210086892,1,1,2023,W4366778082,1.0
I177725633,I78988378,2,2,2023,W4367672073;W4389764468,0.5
I177725633,I889458895,8,8,2023,W4367672073;W4386076103;W4386973901;W4387210937;W4387226011;W4387968981;W4388035208;W4389764468,0.125
I177725633,I47508984,3,3,2023,W4379141755;W4386973901;W4388035208,0.3333333333333333
I177725633,I4210092218,1,1,2023,W4385570610,1.0
I177725633,I2250955327,2,2,2023,W4385764101;W4395685061,0.5
I177725633,I3131625388,1,1,2023,W4385764101,1.0
I177725633,I99065089,6,6,2023,W4385764101;W4386076222;W4386076508;W4387968981;W4388922836;W4389764468,0.16666666666666666
I177725633,I25846049,2,2,2023,W4386072220;W4387211418,0.5
I177725633,I97018004,2,2,2023,W4386075821;W4386973901,0.5
I177725633,I4210122302,3,3,2023,W4386076222;W4386076508;W4390874002,0.3333333333333333
I177725633,I4210128910,2,2,2023,W4386076222;W4387225742,0.5
I177725633,I4391012619,6,6,2023,W4386076222;W4386076508;W4387225742;W4389764468;W4390874002;W4390874324,0.16666666666666666
I177725633,I4402554026,1,1,2023,W4386076222,1.0
I177725633,I881766915,1,1,2023,W4386076222,1.0
I177725633,I183067930,3,3,2023,W4386076508;W4389524077;W4390874002,0.3333333333333333
I177725633,I2799346673,1,1,2023,W4386346796,1.0
I177725633,I183519381,2,2,2023,W4386973901;W4388922836,0.5
I177725633,I40120149,1,1,2023,W4386973901,1.0
I177725633,I4210133785,1,1,2023,W4386973901,1.0
I177725633,I76835614,1,1,2023,W4386973901,1.0
I177725633,I4210099586,1,1,2023,W4387210937,1.0
I177725633,I4210122016,1,1,2023,W4387211845,1.0
I177725633,I45129253,2,2,2023,W4387211845;W4388922836,0.5
I177725633,I4210100255,2,2,2023,W4387225742;W4390874324,0.5
I177725633,I4210161528,1,1,2023,W4387226011,1.0
I177725633,I2250653659,3,3,2023,W4387968981;W4389524077;W4389524319,0.3333333333333333
I177725633,I24185976,1,1,2023,W4388035208,1.0
I177725633,I348769827,1,1,2023,W4388035208,1.0
I177725633,I4210089761,1,1,2023,W4388035208,1.0
I177725633,I17877952,1,1,2023,W4388347957,1.0
I177725633,I223822909,1,1,2023,W4388347957,1.0
I177725633,I2800288331,1,1,2023,W4388347957,1.0
I177725633,I2800555584,1,1,2023,W4388347957,1.0
I177725633,I2802164966,1,1,2023,W4388347957,1.0
I177725633,I2802965805,1,1,2023,W4388347957,1.0
I177725633,I2961216182,1,1,2023,W4388347957,1.0
I177725633,I3018771216,1,1,2023,W4388347957,1.0
I177725633,I4210094363,1,1,2023,W4388347957,1.0
I177725633,I4210106397,1,1,2023,W4388347957,1.0
I177725633,I4210114248,1,1,2023,W4388347957,1.0
I177725633,I4210119117,1,1,2023,W4388347957,1.0
I177725633,I4210143330,1,1,2023,W4388347957,1.0
I177725633,I4210151091,1,1,2023,W4388347957,1.0
I177725633,I4210153126,1,1,2023,W4388347957,1.0
I177725633,I4210153139,1,1,2023,W4388347957,1.0
I177725633,I4210156450,1,1,2023,W4388347957,1.0
I177725633,I99464096,1,1,2023,W4388347957,1.0
I177725633,I204983213,3,3,2023,W4388483492;W4389524308;W4390679741,0.3333333333333333
I177725633,I201448701,1,1,2023,W4388922836,1.0
I177725633,I20231570,3,3,2023,W4388922836;W4389764468;W4390874324,0.3333333333333333
I177725633,I204730241,1,1,2023,W4388922836,1.0
I177725633,I2799299286,1,1,2023,W4388922836,1.0
I177725633,I4210097159,1,1,2023,W4388922836,1.0
I177725633,I4210103535,1,1,2023,W4388922836,1.0
I177725633,I4210105949,1,1,2023,W4388922836,1.0
I177725633,I4210107668,1,1,2023,W4388922836,1.0
I177725633,I4210112079,1,1,2023,W4388922836,1.0
I177725633,I4210116917,1,1,2023,W4388922836,1.0
I177725633,I4210126319,1,1,2023,W4388922836,1.0
I177725633,I4210127304,1,1,2023,W4388922836,1.0
I177725633,I4210150574,1,1,2023,W4388922836,1.0
I177725633,I4210155576,1,1,2023,W4388922836,1.0
I177725633,I82880672,1,1,2023,W4388922836,1.0
I177725633,I848706,1,1,2023,W4388922836,1.0
I177725633,I98251732,1,1,2023,W4388922836,1.0
I177725633,I98285908,1,1,2023,W4388922836,1.0
I177725633,I4210114105,1,1,2023,W4389524077,1.0
I177725633,I4210102458,1,1,2023,W4389524308,1.0
I177725633,I4210136793,2,2,2023,W4389524308;W4390679741,0.5
I177725633,I4210159102,2,2,2023,W4389524308;W4389764468,0.5
I177725633,I4210108985,1,1,2023,W4389524319,1.0
I177725633,I200769079,1,1,2023,W4389764468,1.0
I177725633,I24943067,1,1,2023,W4389764468,1.0
I177725633,I27357992,1,1,2023,W4389764468,1.0
I177725633,I189196454,1,1,2023,W4389903841,1.0
I177725633,I200296433,1,1,2023,W4389903841,1.0
I177725633,I2802423016,1,1,2023,W4389903841,1.0
I177725633,I30809798,1,1,2023,W4389903841,1.0
I177725633,I38877650,1,1,2023,W4389903841,1.0
I177725633,I4210087915,1,1,2023,W4389903841,1.0
I177725633,I4210135459,1,1,2023,W4389903841,1.0
I177725633,I4210146710,1,1,2023,W4389903841,1.0
I177725633,I4210157781,1,1,2023,W4389903841,1.0
I177725633,I32971472,1,1,2023,W4390874324,1.0
I177877127,I189977406,1,1,2023,W4366750536,1.0
I177877127,I2801351171,1,1,2023,W4366750536,1.0
I177877127,I4210093896,1,1,2023,W4366750536,1.0
I177877127,I4210112252,1,1,2023,W4366750536,1.0
I177877127,I4210129199,1,1,2023,W4366750536,1.0
I177877127,I4210146690,1,1,2023,W4366750536,1.0
I177877127,I180291457,1,1,2023,W4383737134,1.0
I177877127,I201384688,1,1,2023,W4383737134,1.0
I177877127,I4210146979,1,1,2023,W4383737134,1.0
I177877127,I5400463,1,1,2023,W4383737134,1.0
I177877127,I859038795,1,1,2023,W4385805046,1.0
I177877127,I863896202,1,1,2023,W4385805046,1.0
I177877127,I203238179,1,1,2023,W4390135262,1.0
I177877127,I28407311,1,1,2023,W4390135262,1.0
I177877127,I4210089853,1,1,2023,W4390135262,1.0
I177877127,I4210128584,1,1,2023,W4390135262,1.0
I177877127,I4210146430,1,1,2023,W4390135262,1.0
I177877127,I4210155937,1,1,2023,W4390135262,1.0
I177877127,I4210160376,1,1,2023,W4390135262,1.0
I177969490,I2801498763,1,1,2023,W4388525110,1.0
I178232147,I4210157642,1,1,2023,W4323922772,1.0
I178232147,I76569877,1,1,2023,W4323922772,1.0
I178232147,I4400573270,1,1,2023,W4364377616,1.0
I17866349,I183974707,1,1,2023,W4366454938,1.0
I17866349,I205783295,1,1,2023,W4366454938,1.0
I17866349,I4210127646,1,1,2023,W4366454938,1.0
I17866349,I4210133362,1,1,2023,W4366454938,1.0
I17866349,I66946132,1,1,2023,W4366454938,1.0
I17866349,I70983195,1,1,2023,W4366454938,1.0
I17866349,I76903346,1,1,2023,W4366454938,1.0
I17877952,I223822909,1,1,2023,W4388347957,1.0
I17877952,I2800288331,1,1,2023,W4388347957,1.0
I17877952,I2800555584,1,1,2023,W4388347957,1.0
I17877952,I2802164966,1,1,2023,W4388347957,1.0
I17877952,I2802965805,1,1,2023,W4388347957,1.0
I17877952,I2961216182,1,1,2023,W4388347957,1.0
I17877952,I3018771216,1,1,2023,W4388347957,1.0
I17877952,I4210094363,1,1,2023,W4388347957,1.0
I17877952,I4210106397,1,1,2023,W4388347957,1.0
I17877952,I4210114248,1,1,2023,W4388347957,1.0
I17877952,I4210119117,1,1,2023,W4388347957,1.0
I17877952,I4210143330,1,1,2023,W4388347957,1.0
I17877952,I4210151091,1,1,2023,W4388347957,1.0
I17877952,I4210153126,1,1,2023,W4388347957,1.0
I17877952,I4210153139,1,1,2023,W4388347957,1.0
I17877952,I4210156450,1,1,2023,W4388347957,1.0
I17877952,I99464096,1,1,2023,W4388347957,1.0
I179026463,I29365675,1,1,2023,W4389992156,1.0
I179026463,I4210152380,1,1,2023,W4389992156,1.0
I179225836,I4210126670,1,1,2023,W4367353919,1.0
I179225836,I47508984,2,2,2023,W4367353919;W4388141614,0.5
I179225836,I181369854,1,1,2023,W4388141614,1.0
I1793135,I4210125838,1,1,2023,W4386883058,1.0
I1793135,I4210141933,1,1,2023,W4386883058,1.0
I179324530,I39854758,1,1,2023,W4387409379,1.0
I179331831,I23075662,1,1,2023,W4386838079,1.0
I179331831,I47164929,1,1,2023,W4386838079,1.0
I179331831,I72264486,1,1,2023,W4386838079,1.0
I179331831,I82952536,1,1,2023,W4386838079,1.0
I179331831,I28022161,1,1,2023,W4390266739,1.0
I179331831,I4210118729,1,1,2023,W4390266739,1.0
I179331831,I4210154218,1,1,2023,W4390266739,1.0
I179331831,I87482320,1,1,2023,W4390266739,1.0
I17937529,I20231570,1,1,2023,W4366983955,1.0
I17937529,I223822909,2,2,2023,W4366983955;W4389431826,0.5
I17937529,I2802957242,1,1,2023,W4366983955,1.0
I17937529,I39343248,2,2,2023,W4366983955;W4388759569,0.5
I17937529,I4210113254,1,1,2023,W4366983955,1.0
I17937529,I5740404,1,1,2023,W4366983955,1.0
I17937529,I87710204,1,1,2023,W4366983955,1.0
I17937529,I91935597,1,1,2023,W4366983955,1.0
I17937529,I4210139777,1,1,2023,W4388759569,1.0
I17937529,I75951250,1,1,2023,W4388759569,1.0
I17937529,I7877124,1,1,2023,W4388759569,1.0
I17937529,I2802164966,1,1,2023,W4389431826,1.0
I17937529,I4210111460,1,1,2023,W4389431826,1.0
I18014758,I183935753,1,1,2023,W4383913712,1.0
I18014758,I1925986,1,1,2023,W4383913712,1.0
I18014758,I193531525,1,1,2023,W4383913712,1.0
I18014758,I193662353,1,1,2023,W4383913712,1.0
I18014758,I193700539,1,1,2023,W4383913712,1.0
I18014758,I205274468,1,1,2023,W4383913712,1.0
I18014758,I3133184724,1,1,2023,W4383913712,1.0
I18014758,I4210119896,1,1,2023,W4383913712,1.0
I18014758,I51601045,1,1,2023,W4383913712,1.0
I18014758,I56590836,1,1,2023,W4383913712,1.0
I18014758,I60733029,1,1,2023,W4383913712,1.0
I18014758,I71052956,1,1,2023,W4383913712,1.0
I18014758,I79619799,1,1,2023,W4383913712,1.0
I18014758,I82284825,1,1,2023,W4383913712,1.0
I18014758,I84884186,1,1,2023,W4383913712,1.0
I180291457,I201384688,3,3,2023,W4383737134;W4383860339;W4388725733,0.3333333333333333
I180291457,I4210146979,2,2,2023,W4383737134;W4388725733,0.5
I180291457,I5400463,3,3,2023,W4383737134;W4383860339;W4388725733,0.3333333333333333
I180291457,I4210142395,1,1,2023,W4383860339,1.0
I180437899,I8087733,1,1,2023,W4361021364,1.0
I180437899,I95793202,1,1,2023,W4361021364,1.0
I180662265,I99065089,1,1,2023,W4320015904,1.0
I180662265,I183067930,1,1,2023,W4391043766,1.0
I180662265,I19820366,1,1,2023,W4391043766,1.0
I180662265,I4210106108,1,1,2023,W4391043766,1.0
I180662265,I87445476,1,1,2023,W4391043766,1.0
I180670191,I2801935854,1,1,2023,W4318071656,1.0
I180670191,I4210088273,1,1,2023,W4318071656,1.0
I180670191,I4210120900,1,1,2023,W4318071656,1.0
I180670191,I4210155268,1,1,2023,W4318071656,1.0
I180670191,I95457486,1,1,2023,W4318071656,1.0
I180670191,I200719446,1,1,2023,W4361284858,1.0
I180670191,I4210111488,1,1,2023,W4361284858,1.0
I180670191,I4210164862,1,1,2023,W4377966413,1.0
I180670191,I97018004,4,4,2023,W4377966413;W4384457683;W4385988139;W4387821331,0.25
I180670191,I2799899409,1,1,2023,W4384457683,1.0
I180670191,I2801248553,1,1,2023,W4384457683,1.0
I180670191,I4210101190,1,1,2023,W4384457683,1.0
I180670191,I4210137306,2,2,2023,W4384457683;W4387821331,0.5
I180670191,I4210167126,1,1,2023,W4384457683,1.0
I180670191,I4387154595,1,1,2023,W4384457683,1.0
I180670191,I63966007,1,1,2023,W4384457683,1.0
I180670191,I2800403580,1,1,2023,W4387440167,1.0
I180670191,I4210126298,1,1,2023,W4387747149,1.0
I180670191,I4210134769,1,1,2023,W4387747149,1.0
I180670191,I4394709130,1,1,2023,W4387747149,1.0
I180670191,I55769427,1,1,2023,W4387747149,1.0
I180670191,I63135867,1,1,2023,W4387747149,1.0
I180726961,I3045169105,1,1,2023,W4389430914,1.0
I180726961,I35440088,1,1,2023,W4389430914,1.0
I180726961,I40120149,1,1,2023,W4389430914,1.0
I180726961,I4210103957,1,1,2023,W4389430914,1.0
I180726961,I4210145292,1,1,2023,W4389430914,1.0
I180726961,I4210164332,1,1,2023,W4389430914,1.0
I180726961,I76130692,1,1,2023,W4389430914,1.0
I180726961,I916048824,1,1,2023,W4389430914,1.0
I180726961,I4210136793,2,2,2023,W4389544468;W4390872231,0.5
I180726961,I4210114105,1,1,2023,W4390872231,1.0
I180726961,I99065089,1,1,2023,W4390872231,1.0
I180825142,I188538660,1,1,2023,W4380319170,1.0
I180825142,I27837315,1,1,2023,W4380319170,1.0
I180825142,I4210113480,1,1,2023,W4389519448,1.0
I180825142,I4210164937,1,1,2023,W4389519448,1.0
I180910786,I4210095825,1,1,2023,W4388824155,1.0
I180923762,I4665924,1,1,2023,W4385715939,1.0
I180923762,I65837984,1,1,2023,W4389618630,1.0
I180949307,I205023500,2,2,2023,W4315606663;W4327519588,0.5
I180949307,I4210137306,1,1,2023,W4315606663,1.0
I180949307,I4210139231,1,1,2023,W4315606663,1.0
I180949307,I4210147944,1,1,2023,W4315606663,1.0
I180949307,I53107984,1,1,2023,W4315606663,1.0
I180949307,I87216513,1,1,2023,W4315606663,1.0
I180949307,I90523175,2,2,2023,W4315606663;W4327519588,0.5
I180949307,I2250653659,1,1,2023,W4386065704,1.0
I180949307,I4210091958,1,1,2023,W4386065704,1.0
I181046868,I184942183,1,1,2023,W4366735548,1.0
I181046868,I2799829267,1,1,2023,W4366735548,1.0
I181046868,I4210122849,1,1,2023,W4366735548,1.0
I181046868,I83019370,1,1,2023,W4366735548,1.0
I181063083,I28022161,1,1,2023,W4363650973,1.0
I181063083,I29698356,1,1,2023,W4363650973,1.0
I181063083,I4387154749,1,1,2023,W4363650973,1.0
I181063083,I76957882,1,1,2023,W4363650973,1.0
I181190671,I184461854,2,2,2023,W4382680046;W4389937130,0.5
I181190671,I185261750,2,2,2023,W4382680046;W4389937130,0.5
I181190671,I197323543,2,2,2023,W4382680046;W4389937130,0.5
I181190671,I4210101739,1,1,2023,W4382680046,1.0
I181190671,I4210108108,2,2,2023,W4382680046;W4389937130,0.5
I181190671,I4210125326,2,2,2023,W4382680046;W4389937130,0.5
I181190671,I47500176,2,2,2023,W4382680046;W4389937130,0.5
I181190671,I5791819,2,2,2023,W4382680046;W4389937130,0.5
I181190671,I61923386,2,2,2023,W4382680046;W4389937130,0.5
I181190671,I227586296,1,1,2023,W4389937130,1.0
I181190671,I4210098320,1,1,2023,W4389937130,1.0
I181190671,I4210107347,1,1,2023,W4389937130,1.0
I181190671,I4210121117,1,1,2023,W4389937130,1.0
I181190671,I4389424196,1,1,2023,W4389937130,1.0
I181231927,I32971472,2,2,2023,W4319460874;W4385266429,0.5
I181233156,I56624758,1,1,2023,W4366403195,1.0
I181233156,I2801851002,1,1,2023,W4382246105,1.0
I181233156,I36788626,1,1,2023,W4382246105,1.0
I181233156,I4210132327,1,1,2023,W4382246105,1.0
I181233156,I86519309,1,1,2023,W4386066462,1.0
I181326427,I196699116,1,1,2023,W4366594193,1.0
I181326427,I4210100255,1,1,2023,W4386973803,1.0
I181326427,I4391012619,1,1,2023,W4386973803,1.0
I181326427,I50760025,1,1,2023,W4386973803,1.0
I181326427,I76130692,1,1,2023,W4386973803,1.0
I181369854,I181418319,1,1,2023,W4360620450,1.0
I181369854,I181565077,1,1,2023,W4360620450,1.0
I181369854,I181647926,1,1,2023,W4360620450,1.0
I181369854,I185163786,1,1,2023,W4360620450,1.0
I181369854,I188538660,1,1,2023,W4360620450,1.0
I181369854,I19648265,1,1,2023,W4360620450,1.0
I181369854,I204593131,1,1,2023,W4360620450,1.0
I181369854,I24027795,1,1,2023,W4360620450,1.0
I181369854,I244572783,1,1,2023,W4360620450,1.0
I181369854,I255234318,1,1,2023,W4360620450,1.0
I181369854,I25846049,1,1,2023,W4360620450,1.0
I181369854,I2613432,1,1,2023,W4360620450,1.0
I181369854,I27878738,1,1,2023,W4360620450,1.0
I181369854,I2802797706,1,1,2023,W4360620450,1.0
I181369854,I28407311,1,1,2023,W4360620450,1.0
I181369854,I31746571,1,1,2023,W4360620450,1.0
I181369854,I32394136,1,1,2023,W4360620450,1.0
I181369854,I36234482,1,1,2023,W4360620450,1.0
I181369854,I39586589,1,1,2023,W4360620450,1.0
I181369854,I4210131537,1,1,2023,W4360620450,1.0
I181369854,I4390039323,1,1,2023,W4360620450,1.0
I181369854,I4394709253,1,1,2023,W4360620450,1.0
I181369854,I44430492,1,1,2023,W4360620450,1.0
I181369854,I47818738,1,1,2023,W4360620450,1.0
I181369854,I55060895,1,1,2023,W4360620450,1.0
I181369854,I63098007,1,1,2023,W4360620450,1.0
I181369854,I68891433,1,1,2023,W4360620450,1.0
I181369854,I71052956,1,1,2023,W4360620450,1.0
I181369854,I78715868,1,1,2023,W4360620450,1.0
I181369854,I80281795,1,1,2023,W4360620450,1.0
I181369854,I91136226,1,1,2023,W4360620450,1.0
I181369854,I9300472,1,1,2023,W4360620450,1.0
I181369854,I931969281,1,1,2023,W4360620450,1.0
I181369854,I9360294,1,1,2023,W4360620450,1.0
I181369854,I98358874,1,1,2023,W4360620450,1.0
I181369854,I200332995,2,2,2023,W4377235854;W4386693657,0.5
I181369854,I3018771216,1,1,2023,W4377235854,1.0
I181369854,I62916508,2,2,2023,W4377235854;W4386693657,0.5
I181369854,I8204097,2,2,2023,W4377235854;W4386693657,0.5
I181369854,I926574661,1,1,2023,W4377235854,1.0
I181369854,I190632392,1,1,2023,W4385991139,1.0
I181369854,I194019607,1,1,2023,W4385991139,1.0
I181369854,I4210094138,1,1,2023,W4385991139,1.0
I181369854,I292141241,1,1,2023,W4386693657,1.0
I181369854,I4403386549,1,1,2023,W4386693657,1.0
I181369854,I4210088053,1,1,2023,W4386735541,1.0
I181369854,I4210149747,1,1,2023,W4386735541,1.0
I181369854,I183935753,1,1,2023,W4387211386,1.0
I181369854,I200166805,1,1,2023,W4387211386,1.0
I181369854,I2802742124,1,1,2023,W4387211386,1.0
I181369854,I47508984,2,2,2023,W4387211386;W4388141614,0.5
I181369854,I193662353,1,1,2023,W4390621504,1.0
I181369854,I4210138519,1,1,2023,W4390621504,1.0
I181391015,I51601045,1,1,2023,W4361212947,1.0
I181418319,I181565077,1,1,2023,W4360620450,1.0
I181418319,I181647926,1,1,2023,W4360620450,1.0
I181418319,I185163786,1,1,2023,W4360620450,1.0
I181418319,I188538660,1,1,2023,W4360620450,1.0
I181418319,I19648265,1,1,2023,W4360620450,1.0
I181418319,I204593131,1,1,2023,W4360620450,1.0
I181418319,I24027795,1,1,2023,W4360620450,1.0
I181418319,I244572783,1,1,2023,W4360620450,1.0
I181418319,I255234318,1,1,2023,W4360620450,1.0
I181418319,I25846049,1,1,2023,W4360620450,1.0
I181418319,I2613432,1,1,2023,W4360620450,1.0
I181418319,I27878738,1,1,2023,W4360620450,1.0
I181418319,I2802797706,1,1,2023,W4360620450,1.0
I181418319,I28407311,1,1,2023,W4360620450,1.0
I181418319,I31746571,1,1,2023,W4360620450,1.0
I181418319,I32394136,1,1,2023,W4360620450,1.0
I181418319,I36234482,1,1,2023,W4360620450,1.0
I181418319,I39586589,1,1,2023,W4360620450,1.0
I181418319,I4210131537,1,1,2023,W4360620450,1.0
I181418319,I4390039323,1,1,2023,W4360620450,1.0
I181418319,I4394709253,1,1,2023,W4360620450,1.0
I181418319,I44430492,1,1,2023,W4360620450,1.0
I181418319,I47818738,1,1,2023,W4360620450,1.0
I181418319,I55060895,1,1,2023,W4360620450,1.0
I181418319,I63098007,1,1,2023,W4360620450,1.0
I181418319,I68891433,1,1,2023,W4360620450,1.0
I181418319,I71052956,1,1,2023,W4360620450,1.0
I181418319,I78715868,1,1,2023,W4360620450,1.0
I181418319,I80281795,1,1,2023,W4360620450,1.0
I181418319,I91136226,1,1,2023,W4360620450,1.0
I181418319,I9300472,1,1,2023,W4360620450,1.0
I181418319,I931969281,1,1,2023,W4360620450,1.0
I181418319,I9360294,1,1,2023,W4360620450,1.0
I181418319,I98358874,1,1,2023,W4360620450,1.0
I181547552,I205783295,7,7,2023,W4320709434;W4366368023;W4378232928;W4379094566;W4386772055;W4387014587;W4390277067,0.14285714285714285
I181547552,I2802216851,6,6,2023,W4320709434;W4366368023;W4378232928;W4379094566;W4386772055;W4387014587,0.16666666666666666
I181547552,I4210092922,7,7,2023,W4320709434;W4366368023;W4378232928;W4379094566;W4386772055;W4387014587;W4390277067,0.14285714285714285
I181547552,I4210109259,7,7,2023,W4320709434;W4366368023;W4378232928;W4379094566;W4386772055;W4387014587;W4390277067,0.14285714285714285
I181547552,I4210114445,7,7,2023,W4320709434;W4366368023;W4378232928;W4379094566;W4386772055;W4387014587;W4390277067,0.14285714285714285
I181547552,I4387153466,6,6,2023,W4320709434;W4366368023;W4379094566;W4386772055;W4387014587;W4390277067,0.16666666666666666
I181547552,I55302922,7,7,2023,W4320709434;W4366368023;W4378232928;W4379094566;W4386772055;W4387014587;W4390277067,0.14285714285714285
I181547552,I94734805,3,3,2023,W4320709434;W4378232928;W4387014587,0.3333333333333333
I181547552,I186667990,1,1,2023,W4360796875,1.0
I181547552,I4210088711,1,1,2023,W4360796875,1.0
I181547552,I4210137306,1,1,2023,W4360796875,1.0
I181547552,I4210140341,1,1,2023,W4360796875,1.0
I181547552,I74656192,1,1,2023,W4360796875,1.0
I181547552,I74775410,1,1,2023,W4360796875,1.0
I181547552,I8087733,1,1,2023,W4360796875,1.0
I181547552,I97018004,1,1,2023,W4360796875,1.0
I181547552,I4210105967,1,1,2023,W4378232928,1.0
I181547552,I2800817003,1,1,2023,W4386699758,1.0
I181547552,I32971472,1,1,2023,W4386699758,1.0
I181547552,I4210131376,1,1,2023,W4386699758,1.0
I181547552,I2801502816,1,1,2023,W4386772055,1.0
I181547552,I91045830,1,1,2023,W4386772055,1.0
I181547552,I241749,2,2,2023,W4387014587;W4390277067,0.5
I181547552,I4210090013,1,1,2023,W4390277067,1.0
I181547552,I4210096386,1,1,2023,W4390277067,1.0
I181565077,I181647926,1,1,2023,W4360620450,1.0
I181565077,I185163786,1,1,2023,W4360620450,1.0
I181565077,I188538660,1,1,2023,W4360620450,1.0
I181565077,I19648265,1,1,2023,W4360620450,1.0
I181565077,I204593131,1,1,2023,W4360620450,1.0
I181565077,I24027795,1,1,2023,W4360620450,1.0
I181565077,I244572783,1,1,2023,W4360620450,1.0
I181565077,I255234318,1,1,2023,W4360620450,1.0
I181565077,I25846049,1,1,2023,W4360620450,1.0
I181565077,I2613432,1,1,2023,W4360620450,1.0
I181565077,I27878738,1,1,2023,W4360620450,1.0
I181565077,I2802797706,1,1,2023,W4360620450,1.0
I181565077,I28407311,1,1,2023,W4360620450,1.0
I181565077,I31746571,1,1,2023,W4360620450,1.0
I181565077,I32394136,1,1,2023,W4360620450,1.0
I181565077,I36234482,1,1,2023,W4360620450,1.0
I181565077,I39586589,1,1,2023,W4360620450,1.0
I181565077,I4210131537,1,1,2023,W4360620450,1.0
I181565077,I4390039323,1,1,2023,W4360620450,1.0
I181565077,I4394709253,1,1,2023,W4360620450,1.0
I181565077,I44430492,1,1,2023,W4360620450,1.0
I181565077,I47818738,1,1,2023,W4360620450,1.0
I181565077,I55060895,1,1,2023,W4360620450,1.0
I181565077,I63098007,1,1,2023,W4360620450,1.0
I181565077,I68891433,1,1,2023,W4360620450,1.0
I181565077,I71052956,1,1,2023,W4360620450,1.0
I181565077,I78715868,1,1,2023,W4360620450,1.0
I181565077,I80281795,1,1,2023,W4360620450,1.0
I181565077,I91136226,1,1,2023,W4360620450,1.0
I181565077,I9300472,1,1,2023,W4360620450,1.0
I181565077,I931969281,1,1,2023,W4360620450,1.0
I181565077,I9360294,1,1,2023,W4360620450,1.0
I181565077,I98358874,1,1,2023,W4360620450,1.0
I181565077,I2801919071,1,1,2023,W4389451641,1.0
I181565077,I78577930,1,1,2023,W4389451641,1.0
I181647926,I185163786,1,1,2023,W4360620450,1.0
I181647926,I188538660,1,1,2023,W4360620450,1.0
I181647926,I19648265,1,1,2023,W4360620450,1.0
I181647926,I204593131,1,1,2023,W4360620450,1.0
I181647926,I24027795,1,1,2023,W4360620450,1.0
I181647926,I244572783,1,1,2023,W4360620450,1.0
I181647926,I255234318,1,1,2023,W4360620450,1.0
I181647926,I25846049,1,1,2023,W4360620450,1.0
I181647926,I2613432,1,1,2023,W4360620450,1.0
I181647926,I27878738,1,1,2023,W4360620450,1.0
I181647926,I2802797706,1,1,2023,W4360620450,1.0
I181647926,I28407311,1,1,2023,W4360620450,1.0
I181647926,I31746571,1,1,2023,W4360620450,1.0
I181647926,I32394136,1,1,2023,W4360620450,1.0
I181647926,I36234482,1,1,2023,W4360620450,1.0
I181647926,I39586589,1,1,2023,W4360620450,1.0
I181647926,I4210131537,1,1,2023,W4360620450,1.0
I181647926,I4390039323,1,1,2023,W4360620450,1.0
I181647926,I4394709253,1,1,2023,W4360620450,1.0
I181647926,I44430492,1,1,2023,W4360620450,1.0
I181647926,I47818738,1,1,2023,W4360620450,1.0
I181647926,I55060895,1,1,2023,W4360620450,1.0
I181647926,I63098007,1,1,2023,W4360620450,1.0
I181647926,I68891433,1,1,2023,W4360620450,1.0
I181647926,I71052956,1,1,2023,W4360620450,1.0
I181647926,I78715868,1,1,2023,W4360620450,1.0
I181647926,I80281795,1,1,2023,W4360620450,1.0
I181647926,I91136226,1,1,2023,W4360620450,1.0
I181647926,I9300472,1,1,2023,W4360620450,1.0
I181647926,I931969281,1,1,2023,W4360620450,1.0
I181647926,I9360294,1,1,2023,W4360620450,1.0
I181647926,I98358874,1,1,2023,W4360620450,1.0
I181679659,I4210116924,1,1,2023,W4387624562,1.0
I181679659,I86501945,1,1,2023,W4387624562,1.0
I181679659,I99065089,1,1,2023,W4387624562,1.0
I182000528,I193260172,1,1,2023,W4387379065,1.0
I182000528,I204778367,1,1,2023,W4387379065,1.0
I182000528,I22265921,1,1,2023,W4387379065,1.0
I182000528,I244572783,1,1,2023,W4387379065,1.0
I182000528,I27878738,1,1,2023,W4387379065,1.0
I182000528,I2801106189,1,1,2023,W4387379065,1.0
I182000528,I3122748864,1,1,2023,W4387379065,1.0
I182000528,I39586589,1,1,2023,W4387379065,1.0
I182000528,I4210134189,1,1,2023,W4387379065,1.0
I182000528,I4387930215,1,1,2023,W4387379065,1.0
I182000528,I55285296,1,1,2023,W4387379065,1.0
I182000528,I56007636,1,1,2023,W4387379065,1.0
I182000528,I60342839,1,1,2023,W4387379065,1.0
I182000528,I68891433,1,1,2023,W4387379065,1.0
I182000528,I79156528,1,1,2023,W4387379065,1.0
I182000528,I931278978,1,1,2023,W4387379065,1.0
I182000528,I931681460,1,1,2023,W4387379065,1.0
I182000528,I96413208,1,1,2023,W4387379065,1.0
I182202855,I202735123,1,1,2023,W4390283806,1.0
I182202855,I94625822,1,1,2023,W4390283806,1.0
I182212641,I201448701,1,1,2023,W4366597496,1.0
I182212641,I83467386,1,1,2023,W4366597496,1.0
I182534213,I4210166615,1,1,2023,W4389073324,1.0
I182707071,I28006308,1,1,2023,W4386969768,1.0
I183067930,I30809798,1,1,2023,W4323349483,1.0
I183067930,I4210095221,1,1,2023,W4323349483,1.0
I183067930,I4210112065,1,1,2023,W4323349483,1.0
I183067930,I4210121447,1,1,2023,W4323349483,1.0
I183067930,I4210127611,1,1,2023,W4323349483,1.0
I183067930,I4210135742,1,1,2023,W4323349483,1.0
I183067930,I4210137766,1,1,2023,W4323349483,1.0
I183067930,I4210157781,1,1,2023,W4323349483,1.0
I183067930,I4210165038,1,1,2023,W4323349483,1.0
I183067930,I4210100255,1,1,2023,W4366341968,1.0
I183067930,I4210113369,2,2,2023,W4366341968;W4389518671,0.5
I183067930,I4210122302,6,6,2023,W4366341968;W4386076060;W4386076508;W4386076529;W4386829267;W4390874002,0.16666666666666666
I183067930,I4391012619,9,9,2023,W4366341968;W4386076060;W4386076508;W4386076529;W4386392961;W4386829267;W4387211709;W4390871935;W4390874002,0.1111111111111111
I183067930,I5388228,1,1,2023,W4366341968,1.0
I183067930,I99065089,2,2,2023,W4366341968;W4386076508,0.5
I183067930,I2800570007,2,2,2023,W4366447635;W4386392961,0.5
I183067930,I58200834,1,1,2023,W4366447635,1.0
I183067930,I4210091137,1,1,2023,W4382466406,1.0
I183067930,I200769079,1,1,2023,W4385567925,1.0
I183067930,I241749,1,1,2023,W4385804776,1.0
I183067930,I2802123492,1,1,2023,W4385804776,1.0
I183067930,I40120149,2,2,2023,W4385804776;W4389267014,0.5
I183067930,I4210099312,2,2,2023,W4385804776;W4392175466,0.5
I183067930,I4210128910,2,2,2023,W4385896680;W4386392961,0.5
I183067930,I86519309,1,1,2023,W4386076529,1.0
I183067930,I24185976,1,1,2023,W4386392961,1.0
I183067930,I2801556517,1,1,2023,W4386392961,1.0
I183067930,I4210089761,1,1,2023,W4386392961,1.0
I183067930,I4210114190,1,1,2023,W4386392961,1.0
I183067930,I4210132741,1,1,2023,W4386392961,1.0
I183067930,I4210132906,1,1,2023,W4386392961,1.0
I183067930,I4210154361,1,1,2023,W4386392961,1.0
I183067930,I4210156804,1,1,2023,W4386392961,1.0
I183067930,I37461747,1,1,2023,W4388002730,1.0
I183067930,I20231570,1,1,2023,W4389267014,1.0
I183067930,I2250653659,2,2,2023,W4389267014;W4389524077,0.5
I183067930,I32971472,1,1,2023,W4389267014,1.0
I183067930,I4210125878,1,1,2023,W4389267014,1.0
I183067930,I4210146410,1,1,2023,W4389267014,1.0
I183067930,I4210165726,2,2,2023,W4389518671;W4389520044,0.5
I183067930,I4210114105,1,1,2023,W4389524077,1.0
I183067930,I19820366,1,1,2023,W4391043766,1.0
I183067930,I4210106108,1,1,2023,W4391043766,1.0
I183067930,I87445476,1,1,2023,W4391043766,1.0
I183519381,I200296433,1,1,2023,W4383105325,1.0
I183519381,I2801228662,1,1,2023,W4383105325,1.0
I183519381,I4210089514,1,1,2023,W4383105325,1.0
I183519381,I4210147433,1,1,2023,W4383105325,1.0
I183519381,I40120149,1,1,2023,W4386973901,1.0
I183519381,I4210133785,1,1,2023,W4386973901,1.0
I183519381,I47508984,1,1,2023,W4386973901,1.0
I183519381,I76835614,1,1,2023,W4386973901,1.0
I183519381,I889458895,1,1,2023,W4386973901,1.0
I183519381,I97018004,1,1,2023,W4386973901,1.0
I183519381,I201448701,1,1,2023,W4388922836,1.0
I183519381,I20231570,1,1,2023,W4388922836,1.0
I183519381,I204730241,1,1,2023,W4388922836,1.0
I183519381,I2799299286,1,1,2023,W4388922836,1.0
I183519381,I4210097159,1,1,2023,W4388922836,1.0
I183519381,I4210103535,1,1,2023,W4388922836,1.0
I183519381,I4210105949,1,1,2023,W4388922836,1.0
I183519381,I4210107668,1,1,2023,W4388922836,1.0
I183519381,I4210112079,1,1,2023,W4388922836,1.0
I183519381,I4210116917,1,1,2023,W4388922836,1.0
I183519381,I4210126319,1,1,2023,W4388922836,1.0
I183519381,I4210127304,1,1,2023,W4388922836,1.0
I183519381,I4210150574,1,1,2023,W4388922836,1.0
I183519381,I4210155576,1,1,2023,W4388922836,1.0
I183519381,I45129253,1,1,2023,W4388922836,1.0
I183519381,I82880672,1,1,2023,W4388922836,1.0
I183519381,I848706,1,1,2023,W4388922836,1.0
I183519381,I98251732,1,1,2023,W4388922836,1.0
I183519381,I98285908,1,1,2023,W4388922836,1.0
I183519381,I99065089,1,1,2023,W4388922836,1.0
I183697816,I29894533,1,1,2023,W4387034760,1.0
I183697816,I63169043,1,1,2023,W4387034760,1.0
I183859904,I2800817003,1,1,2023,W4381855196,1.0
I183935753,I2801240073,1,1,2023,W4317952812,1.0
I183935753,I4210115082,1,1,2023,W4317952812,1.0
I183935753,I4210115097,1,1,2023,W4317952812,1.0
I183935753,I4210160192,1,1,2023,W4317952812,1.0
I183935753,I4210165024,1,1,2023,W4317952812,1.0
I183935753,I45129253,4,4,2023,W4317952812;W4385801725;W4386697749;W4387211299,0.25
I183935753,I47508984,2,2,2023,W4317952812;W4387211386,0.5
I183935753,I71999127,1,1,2023,W4317952812,1.0
I183935753,I84884186,3,3,2023,W4317952812;W4383913712;W4386697749,0.3333333333333333
I183935753,I202697423,1,1,2023,W4319301446,1.0
I183935753,I4210119896,3,3,2023,W4377724777;W4383913712;W4387225014,0.3333333333333333
I183935753,I1925986,1,1,2023,W4383913712,1.0
I183935753,I193531525,1,1,2023,W4383913712,1.0
I183935753,I193662353,1,1,2023,W4383913712,1.0
I183935753,I193700539,1,1,2023,W4383913712,1.0
I183935753,I205274468,1,1,2023,W4383913712,1.0
I183935753,I3133184724,1,1,2023,W4383913712,1.0
I183935753,I51601045,1,1,2023,W4383913712,1.0
I183935753,I56590836,1,1,2023,W4383913712,1.0
I183935753,I60733029,1,1,2023,W4383913712,1.0
I183935753,I71052956,1,1,2023,W4383913712,1.0
I183935753,I79619799,2,2,2023,W4383913712;W4386697749,0.5
I183935753,I82284825,1,1,2023,W4383913712,1.0
I183935753,I86519309,1,1,2023,W4385571667,1.0
I183935753,I87182695,2,2,2023,W4385571667;W4389520375,0.5
I183935753,I201448701,1,1,2023,W4386697749,1.0
I183935753,I205051169,1,1,2023,W4386697749,1.0
I183935753,I23923803,1,1,2023,W4386697749,1.0
I183935753,I2799390153,1,1,2023,W4386697749,1.0
I183935753,I2802266942,1,1,2023,W4386697749,1.0
I183935753,I2802775644,1,1,2023,W4386697749,1.0
I183935753,I28407311,1,1,2023,W4386697749,1.0
I183935753,I36234482,1,1,2023,W4386697749,1.0
I183935753,I40120149,1,1,2023,W4386697749,1.0
I183935753,I4210111135,2,2,2023,W4386697749;W4387211299,0.5
I183935753,I4210126452,1,1,2023,W4386697749,1.0
I183935753,I4210140114,1,1,2023,W4386697749,1.0
I183935753,I4210150574,1,1,2023,W4386697749,1.0
I183935753,I43439940,1,1,2023,W4386697749,1.0
I183935753,I7882870,1,1,2023,W4386697749,1.0
I183935753,I79510175,1,1,2023,W4386697749,1.0
I183935753,I98677209,1,1,2023,W4386697749,1.0
I183935753,I185103710,1,1,2023,W4387211202,1.0
I183935753,I197191942,1,1,2023,W4387211202,1.0
I183935753,I2802394193,1,1,2023,W4387211202,1.0
I183935753,I4210087915,1,1,2023,W4387211202,1.0
I183935753,I4210127055,1,1,2023,W4387211202,1.0
I183935753,I4210151618,1,1,2023,W4387211299,1.0
I183935753,I200166805,1,1,2023,W4387211386,1.0
I183935753,I2802742124,1,1,2023,W4387211386,1.0
I183935753,I185261750,1,1,2023,W4388129991,1.0
I183935753,I2799503643,1,1,2023,W4388129991,1.0
I183935753,I2801970007,1,1,2023,W4388129991,1.0
I183935753,I37696226,1,1,2023,W4388129991,1.0
I183935753,I78577930,1,1,2023,W4388129991,1.0
I183935753,I822440,1,1,2023,W4388129991,1.0
I183935753,I881427289,1,1,2023,W4388593316,1.0
I183935753,I4210111288,1,1,2023,W4392414327,1.0
I183935753,I4210114444,1,1,2023,W4392414327,1.0
I183974707,I205783295,1,1,2023,W4366454938,1.0
I183974707,I4210127646,1,1,2023,W4366454938,1.0
I183974707,I4210133362,1,1,2023,W4366454938,1.0
I183974707,I66946132,1,1,2023,W4366454938,1.0
I183974707,I70983195,1,1,2023,W4366454938,1.0
I183974707,I76903346,1,1,2023,W4366454938,1.0
I184461854,I185261750,3,3,2023,W4382680046;W4389235056;W4389937130,0.3333333333333333
I184461854,I197323543,3,3,2023,W4382680046;W4389235056;W4389937130,0.3333333333333333
I184461854,I4210101739,1,1,2023,W4382680046,1.0
I184461854,I4210108108,3,3,2023,W4382680046;W4389235056;W4389937130,0.3333333333333333
I184461854,I4210125326,3,3,2023,W4382680046;W4389235056;W4389937130,0.3333333333333333
I184461854,I47500176,3,3,2023,W4382680046;W4389235056;W4389937130,0.3333333333333333
I184461854,I5791819,3,3,2023,W4382680046;W4389235056;W4389937130,0.3333333333333333
I184461854,I61923386,3,3,2023,W4382680046;W4389235056;W4389937130,0.3333333333333333
I184461854,I193223587,1,1,2023,W4387952963,1.0
I184461854,I2802181614,1,1,2023,W4389235056,1.0
I184461854,I4210097178,1,1,2023,W4389235056,1.0
I184461854,I4210103308,1,1,2023,W4389235056,1.0
I184461854,I4210106036,1,1,2023,W4389235056,1.0
I184461854,I4210107347,2,2,2023,W4389235056;W4389937130,0.5
I184461854,I4210113003,1,1,2023,W4389235056,1.0
I184461854,I4210121117,2,2,2023,W4389235056;W4389937130,0.5
I184461854,I4210124714,1,1,2023,W4389235056,1.0
I184461854,I4210157730,1,1,2023,W4389235056,1.0
I184461854,I4389424196,2,2,2023,W4389235056;W4389937130,0.5
I184461854,I80018011,1,1,2023,W4389235056,1.0
I184461854,I227586296,1,1,2023,W4389937130,1.0
I184461854,I4210098320,1,1,2023,W4389937130,1.0
I184565670,I2801951336,1,1,2023,W4386714656,1.0
I184565670,I2802534011,1,1,2023,W4386714656,1.0
I184565670,I97018004,2,2,2023,W4386714656;W4389403907,0.5
I184565670,I185261750,1,1,2023,W4389403907,1.0
I184565670,I192455969,1,1,2023,W4389403907,1.0
I184565670,I197251160,1,1,2023,W4389403907,1.0
I184565670,I20089843,1,1,2023,W4389403907,1.0
I184565670,I205023500,1,1,2023,W4389403907,1.0
I184565670,I27116053,1,1,2023,W4389403907,1.0
I184565670,I2800565835,1,1,2023,W4389403907,1.0
I184565670,I2801851002,1,1,2023,W4389403907,1.0
I184565670,I29955533,1,1,2023,W4389403907,1.0
I184565670,I40347166,1,1,2023,W4389403907,1.0
I184565670,I4210108999,1,1,2023,W4389403907,1.0
I184565670,I4210119109,1,1,2023,W4389403907,1.0
I184565670,I4210137306,1,1,2023,W4389403907,1.0
I184565670,I4210140380,1,1,2023,W4389403907,1.0
I184565670,I4210145102,1,1,2023,W4389403907,1.0
I184565670,I4210153792,1,1,2023,W4389403907,1.0
I184565670,I4210155092,1,1,2023,W4389403907,1.0
I184565670,I44829897,1,1,2023,W4389403907,1.0
I184565670,I51556381,1,1,2023,W4389403907,1.0
I184565670,I57206974,1,1,2023,W4389403907,1.0
I184565670,I88874673,1,1,2023,W4389403907,1.0
I184565670,I90326151,1,1,2023,W4389403907,1.0
I184597095,I4210135670,1,1,2023,W4385688511,1.0
I184597095,I4210163196,1,1,2023,W4385688511,1.0
I184597095,I51441396,1,1,2023,W4385688511,1.0
I184597095,I76198965,1,1,2023,W4385688511,1.0
I184597095,I887064364,1,1,2023,W4385688511,1.0
I184597095,I926574661,1,1,2023,W4385688511,1.0
I184597095,I4210166615,1,1,2023,W4387793519,1.0
I184597095,I99682543,1,1,2023,W4387793519,1.0
I184616310,I74973139,1,1,2023,W4391584331,1.0
I184693016,I203951103,1,1,2023,W4386117324,1.0
I184693016,I4210093006,1,1,2023,W4386117324,1.0
I184693016,I4210126829,1,1,2023,W4386117324,1.0
I184693016,I56019348,1,1,2023,W4386117324,1.0
I184693016,I68171755,1,1,2023,W4386117324,1.0
I184693016,I92582371,1,1,2023,W4386117324,1.0
I184840846,I196829312,2,2,2023,W4379983519;W4386323836,0.5
I184840846,I2802203029,2,2,2023,W4381853206;W4385476046,0.5
I184840846,I4210114445,2,2,2023,W4381853206;W4385476046,0.5
I184840846,I52357470,2,2,2023,W4381853206;W4385476046,0.5
I184840846,I4210097899,1,1,2023,W4385476046,1.0
I184942183,I4210152903,1,1,2023,W4321380813,1.0
I184942183,I2799829267,1,1,2023,W4366735548,1.0
I184942183,I4210122849,1,1,2023,W4366735548,1.0
I184942183,I83019370,1,1,2023,W4366735548,1.0
I184942183,I28407311,1,1,2023,W4389215044,1.0
I184942183,I4210087059,1,1,2023,W4389215044,1.0
I1850255,I79576946,1,1,2023,W4362601804,1.0
I1850255,I2802542264,1,1,2023,W4387226000,1.0
I185103710,I186143895,1,1,2023,W4378718543,1.0
I185103710,I2802423016,1,1,2023,W4378718543,1.0
I185103710,I4210087915,2,2,2023,W4378718543;W4387211202,0.5
I185103710,I4210101778,1,1,2023,W4378718543,1.0
I185103710,I4210127693,1,1,2023,W4378718543,1.0
I185103710,I4210146710,1,1,2023,W4378718543,1.0
I185103710,I79576946,1,1,2023,W4378718543,1.0
I185103710,I919571938,1,1,2023,W4378718543,1.0
I185103710,I97018004,1,1,2023,W4378718543,1.0
I185103710,I4210126929,1,1,2023,W4385764492,1.0
I185103710,I197191942,1,1,2023,W4387211202,1.0
I185103710,I2802394193,1,1,2023,W4387211202,1.0
I185103710,I4210127055,1,1,2023,W4387211202,1.0
I185163786,I188538660,1,1,2023,W4360620450,1.0
I185163786,I19648265,1,1,2023,W4360620450,1.0
I185163786,I204593131,1,1,2023,W4360620450,1.0
I185163786,I24027795,1,1,2023,W4360620450,1.0
I185163786,I244572783,1,1,2023,W4360620450,1.0
I185163786,I255234318,1,1,2023,W4360620450,1.0
I185163786,I25846049,1,1,2023,W4360620450,1.0
I185163786,I2613432,1,1,2023,W4360620450,1.0
I185163786,I27878738,1,1,2023,W4360620450,1.0
I185163786,I2802797706,1,1,2023,W4360620450,1.0
I185163786,I28407311,1,1,2023,W4360620450,1.0
I185163786,I31746571,1,1,2023,W4360620450,1.0
I185163786,I32394136,1,1,2023,W4360620450,1.0
I185163786,I36234482,1,1,2023,W4360620450,1.0
I185163786,I39586589,1,1,2023,W4360620450,1.0
I185163786,I4210131537,1,1,2023,W4360620450,1.0
I185163786,I4390039323,1,1,2023,W4360620450,1.0
I185163786,I4394709253,1,1,2023,W4360620450,1.0
I185163786,I44430492,1,1,2023,W4360620450,1.0
I185163786,I47818738,1,1,2023,W4360620450,1.0
I185163786,I55060895,1,1,2023,W4360620450,1.0
I185163786,I63098007,1,1,2023,W4360620450,1.0
I185163786,I68891433,1,1,2023,W4360620450,1.0
I185163786,I71052956,1,1,2023,W4360620450,1.0
I185163786,I78715868,1,1,2023,W4360620450,1.0
I185163786,I80281795,1,1,2023,W4360620450,1.0
I185163786,I91136226,1,1,2023,W4360620450,1.0
I185163786,I9300472,1,1,2023,W4360620450,1.0
I185163786,I931969281,1,1,2023,W4360620450,1.0
I185163786,I9360294,1,1,2023,W4360620450,1.0
I185163786,I98358874,1,1,2023,W4360620450,1.0
I185163786,I3020192730,1,1,2023,W4367057010,1.0
I185163786,I32589535,1,1,2023,W4388450624,1.0
I185203018,I2802517405,1,1,2023,W4379284826,1.0
I185203018,I4210095597,1,1,2023,W4379284826,1.0
I185203018,I4517696,1,1,2023,W4379284826,1.0
I185241533,I204465549,1,1,2023,W4386529373,1.0
I185241533,I4210147875,1,1,2023,W4386529373,1.0
I185261750,I2801851002,2,2,2023,W4365143687;W4389403907,0.5
I185261750,I32971472,1,1,2023,W4365143687,1.0
I185261750,I4210125326,5,5,2023,W4365143687;W4382680046;W4389235056;W4389577465;W4389937130,0.2
I185261750,I97018004,2,2,2023,W4365143687;W4389403907,0.5
I185261750,I4210127509,8,8,2023,W4367602258;W4383904219;W4385570529;W4386071957;W4386076371;W4387937021;W4389164139;W4390872205,0.125
I185261750,I201726411,1,1,2023,W4376866715,1.0
I185261750,I36721946,1,1,2023,W4376866715,1.0
I185261750,I4210105992,1,1,2023,W4376866715,1.0
I185261750,I4210152471,1,1,2023,W4376866715,1.0
I185261750,I84392919,2,2,2023,W4378908253;W4390315357,0.5
I185261750,I2801317318,1,1,2023,W4379140845,1.0
I185261750,I4210116402,1,1,2023,W4379140845,1.0
I185261750,I197323543,3,3,2023,W4382680046;W4389235056;W4389937130,0.3333333333333333
I185261750,I4210101739,1,1,2023,W4382680046,1.0
I185261750,I4210108108,3,3,2023,W4382680046;W4389235056;W4389937130,0.3333333333333333
I185261750,I47500176,3,3,2023,W4382680046;W4389235056;W4389937130,0.3333333333333333
I185261750,I5791819,3,3,2023,W4382680046;W4389235056;W4389937130,0.3333333333333333
I185261750,I61923386,3,3,2023,W4382680046;W4389235056;W4389937130,0.3333333333333333
I185261750,I189196454,1,1,2023,W4385441896,1.0
I185261750,I63135867,1,1,2023,W4385441896,1.0
I185261750,I92156820,1,1,2023,W4385441896,1.0
I185261750,I3018771216,2,2,2023,W4386071957;W4386076371,0.5
I185261750,I8204097,2,2,2023,W4386071957;W4386076371,0.5
I185261750,I4210113297,1,1,2023,W4386728930,1.0
I185261750,I4210110940,1,1,2023,W4387378927,1.0
I185261750,I72816309,1,1,2023,W4387503730,1.0
I185261750,I4210127875,1,1,2023,W4387937021,1.0
I185261750,I4210164862,1,1,2023,W4387937021,1.0
I185261750,I2799503643,1,1,2023,W4388129991,1.0
I185261750,I2801970007,1,1,2023,W4388129991,1.0
I185261750,I37696226,1,1,2023,W4388129991,1.0
I185261750,I78577930,1,1,2023,W4388129991,1.0
I185261750,I822440,1,1,2023,W4388129991,1.0
I185261750,I2799376586,1,1,2023,W4388540984,1.0
I185261750,I2800925808,1,1,2023,W4388540984,1.0
I185261750,I2802285097,1,1,2023,W4388540984,1.0
I185261750,I4399598460,1,1,2023,W4388540984,1.0
I185261750,I2802181614,1,1,2023,W4389235056,1.0
I185261750,I4210097178,1,1,2023,W4389235056,1.0
I185261750,I4210103308,1,1,2023,W4389235056,1.0
I185261750,I4210106036,1,1,2023,W4389235056,1.0
I185261750,I4210107347,2,2,2023,W4389235056;W4389937130,0.5
I185261750,I4210113003,1,1,2023,W4389235056,1.0
I185261750,I4210121117,2,2,2023,W4389235056;W4389937130,0.5
I185261750,I4210124714,1,1,2023,W4389235056,1.0
I185261750,I4210157730,1,1,2023,W4389235056,1.0
I185261750,I4389424196,2,2,2023,W4389235056;W4389937130,0.5
I185261750,I80018011,1,1,2023,W4389235056,1.0
I185261750,I192455969,1,1,2023,W4389403907,1.0
I185261750,I197251160,1,1,2023,W4389403907,1.0
I185261750,I20089843,1,1,2023,W4389403907,1.0
I185261750,I205023500,1,1,2023,W4389403907,1.0
I185261750,I27116053,1,1,2023,W4389403907,1.0
I185261750,I2800565835,1,1,2023,W4389403907,1.0
I185261750,I29955533,1,1,2023,W4389403907,1.0
I185261750,I40347166,1,1,2023,W4389403907,1.0
I185261750,I4210108999,1,1,2023,W4389403907,1.0
I185261750,I4210119109,1,1,2023,W4389403907,1.0
I185261750,I4210137306,1,1,2023,W4389403907,1.0
I185261750,I4210140380,1,1,2023,W4389403907,1.0
I185261750,I4210145102,1,1,2023,W4389403907,1.0
I185261750,I4210153792,1,1,2023,W4389403907,1.0
I185261750,I4210155092,1,1,2023,W4389403907,1.0
I185261750,I44829897,1,1,2023,W4389403907,1.0
I185261750,I51556381,2,2,2023,W4389403907;W4390315357,0.5
I185261750,I57206974,1,1,2023,W4389403907,1.0
I185261750,I88874673,1,1,2023,W4389403907,1.0
I185261750,I90326151,1,1,2023,W4389403907,1.0
I185261750,I530967,1,1,2023,W4389577465,1.0
I185261750,I227586296,1,1,2023,W4389937130,1.0
I185261750,I4210098320,1,1,2023,W4389937130,1.0
I185261750,I193662353,1,1,2023,W4390315357,1.0
I185261750,I4210138519,1,1,2023,W4390315357,1.0
I185261750,I60205797,1,1,2023,W4390315357,1.0
I185261750,I74973139,1,1,2023,W4390315357,1.0
I185261750,I27837315,1,1,2023,W4391584367,1.0
I185261750,I66946132,1,1,2023,W4391584367,1.0
I185443292,I4210090317,1,1,2023,W4376570107,1.0
I185443292,I4210110459,1,1,2023,W4376570107,1.0
I185443292,I27837315,1,1,2023,W4377019059,1.0
I185492890,I41156924,1,1,2023,W4327981907,1.0
I185492890,I4210126461,1,1,2023,W4327981907,1.0
I185492890,I4210150450,1,1,2023,W4327981907,1.0
I185492890,I4210160517,1,1,2023,W4327981907,1.0
I185492890,I45935490,1,1,2023,W4327981907,1.0
I185492890,I52179390,1,1,2023,W4327981907,1.0
I185492890,I62912653,1,1,2023,W4327981907,1.0
I185492890,I80281795,1,1,2023,W4327981907,1.0
I185839726,I4210142254,1,1,2023,W4385800714,1.0
I185839726,I4210160189,1,1,2023,W4385800714,1.0
I185839726,I2802519937,1,1,2023,W4386175534,1.0
I185839726,I28221208,1,1,2023,W4386175534,1.0
I185839726,I56067802,1,1,2023,W4386175534,1.0
I186129607,I188329596,1,1,2023,W4389696050,1.0
I186129607,I200650556,1,1,2023,W4389696050,1.0
I186129607,I20126385,1,1,2023,W4389696050,1.0
I186129607,I201448701,1,1,2023,W4389696050,1.0
I186129607,I202697423,1,1,2023,W4389696050,1.0
I186129607,I204778367,1,1,2023,W4389696050,1.0
I186129607,I23946033,1,1,2023,W4389696050,1.0
I186129607,I32389192,1,1,2023,W4389696050,1.0
I186129607,I33858575,1,1,2023,W4389696050,1.0
I186129607,I40434647,1,1,2023,W4389696050,1.0
I186129607,I4210087936,1,1,2023,W4389696050,1.0
I186129607,I4210095594,1,1,2023,W4389696050,1.0
I186129607,I4210113179,1,1,2023,W4389696050,1.0
I186129607,I4210127871,1,1,2023,W4389696050,1.0
I186129607,I4210134505,1,1,2023,W4389696050,1.0
I186129607,I4210137813,1,1,2023,W4389696050,1.0
I186129607,I4210151290,1,1,2023,W4389696050,1.0
I186129607,I4210161436,1,1,2023,W4389696050,1.0
I186129607,I49828101,1,1,2023,W4389696050,1.0
I186129607,I51235708,1,1,2023,W4389696050,1.0
I186129607,I54316950,1,1,2023,W4389696050,1.0
I186129607,I73417466,1,1,2023,W4389696050,1.0
I186129607,I80810150,1,1,2023,W4389696050,1.0
I186129607,I83259278,1,1,2023,W4389696050,1.0
I186129607,I83816512,1,1,2023,W4389696050,1.0
I186129607,I85507684,1,1,2023,W4389696050,1.0
I186129607,I8636806,1,1,2023,W4389696050,1.0
I186143895,I36258959,1,1,2023,W4321472314,1.0
I186143895,I39422238,1,1,2023,W4321472314,1.0
I186143895,I4210155268,1,1,2023,W4321472314,1.0
I186143895,I82880672,1,1,2023,W4321472314,1.0
I186143895,I87216513,1,1,2023,W4321472314,1.0
I186143895,I99043593,1,1,2023,W4321472314,1.0
I186143895,I2802423016,1,1,2023,W4378718543,1.0
I186143895,I4210087915,1,1,2023,W4378718543,1.0
I186143895,I4210101778,1,1,2023,W4378718543,1.0
I186143895,I4210127693,1,1,2023,W4378718543,1.0
I186143895,I4210146710,1,1,2023,W4378718543,1.0
I186143895,I79576946,1,1,2023,W4378718543,1.0
I186143895,I919571938,1,1,2023,W4378718543,1.0
I186143895,I97018004,1,1,2023,W4378718543,1.0
I186523950,I4210113480,1,1,2023,W4387023819,1.0
I186523950,I4210145812,1,1,2023,W4387023819,1.0
I186523950,I74973139,1,1,2023,W4387023819,1.0
I186523950,I78577930,1,1,2023,W4387023819,1.0
I186523950,I99065089,1,1,2023,W4387023819,1.0
I186667990,I4210088711,1,1,2023,W4360796875,1.0
I186667990,I4210137306,1,1,2023,W4360796875,1.0
I186667990,I4210140341,1,1,2023,W4360796875,1.0
I186667990,I74656192,1,1,2023,W4360796875,1.0
I186667990,I74775410,1,1,2023,W4360796875,1.0
I186667990,I8087733,1,1,2023,W4360796875,1.0
I186667990,I97018004,2,2,2023,W4360796875;W4388695129,0.5
I186667990,I196272386,2,2,2023,W4385827730;W4388695129,0.5
I186667990,I27804330,2,2,2023,W4385827730;W4388695129,0.5
I186667990,I2800446032,2,2,2023,W4385827730;W4388695129,0.5
I186667990,I4210087915,2,2,2023,W4385827730;W4388695129,0.5
I186667990,I4210134769,1,1,2023,W4388695129,1.0
I186903577,I39586589,1,1,2023,W4386435222,1.0
I187481652,I193374721,1,1,2023,W4387508266,1.0
I187481652,I241749,1,1,2023,W4387508266,1.0
I187481652,I2799771591,1,1,2023,W4387508266,1.0
I187481652,I2800540659,1,1,2023,W4387508266,1.0
I187481652,I2801851002,1,1,2023,W4387508266,1.0
I187481652,I2802641067,1,1,2023,W4387508266,1.0
I187481652,I40120149,1,1,2023,W4387508266,1.0
I187481652,I4210134973,1,1,2023,W4387508266,1.0
I187481652,I4387155932,1,1,2023,W4387508266,1.0
I187481652,I51556381,1,1,2023,W4387508266,1.0
I187481652,I70931966,1,1,2023,W4387508266,1.0
I187531555,I859038795,1,1,2023,W4388021359,1.0
I187531555,I4210156583,1,1,2023,W4389514989,1.0
I187531555,I59553526,1,1,2023,W4389514989,1.0
I187792471,I254421610,1,1,2023,W4387705013,1.0
I188329596,I200650556,1,1,2023,W4389696050,1.0
I188329596,I20126385,1,1,2023,W4389696050,1.0
I188329596,I201448701,1,1,2023,W4389696050,1.0
I188329596,I202697423,1,1,2023,W4389696050,1.0
I188329596,I204778367,1,1,2023,W4389696050,1.0
I188329596,I23946033,1,1,2023,W4389696050,1.0
I188329596,I32389192,1,1,2023,W4389696050,1.0
I188329596,I33858575,1,1,2023,W4389696050,1.0
I188329596,I40434647,1,1,2023,W4389696050,1.0
I188329596,I4210087936,1,1,2023,W4389696050,1.0
I188329596,I4210095594,1,1,2023,W4389696050,1.0
I188329596,I4210113179,1,1,2023,W4389696050,1.0
I188329596,I4210127871,1,1,2023,W4389696050,1.0
I188329596,I4210134505,1,1,2023,W4389696050,1.0
I188329596,I4210137813,1,1,2023,W4389696050,1.0
I188329596,I4210151290,1,1,2023,W4389696050,1.0
I188329596,I4210161436,1,1,2023,W4389696050,1.0
I188329596,I49828101,1,1,2023,W4389696050,1.0
I188329596,I51235708,1,1,2023,W4389696050,1.0
I188329596,I54316950,1,1,2023,W4389696050,1.0
I188329596,I73417466,1,1,2023,W4389696050,1.0
I188329596,I80810150,1,1,2023,W4389696050,1.0
I188329596,I83259278,1,1,2023,W4389696050,1.0
I188329596,I83816512,1,1,2023,W4389696050,1.0
I188329596,I85507684,1,1,2023,W4389696050,1.0
I188329596,I8636806,1,1,2023,W4389696050,1.0
I188538660,I19648265,1,1,2023,W4360620450,1.0
I188538660,I204593131,1,1,2023,W4360620450,1.0
I188538660,I24027795,1,1,2023,W4360620450,1.0
I188538660,I244572783,1,1,2023,W4360620450,1.0
I188538660,I255234318,1,1,2023,W4360620450,1.0
I188538660,I25846049,1,1,2023,W4360620450,1.0
I188538660,I2613432,1,1,2023,W4360620450,1.0
I188538660,I27878738,1,1,2023,W4360620450,1.0
I188538660,I2802797706,1,1,2023,W4360620450,1.0
I188538660,I28407311,1,1,2023,W4360620450,1.0
I188538660,I31746571,1,1,2023,W4360620450,1.0
I188538660,I32394136,1,1,2023,W4360620450,1.0
I188538660,I36234482,1,1,2023,W4360620450,1.0
I188538660,I39586589,1,1,2023,W4360620450,1.0
I188538660,I4210131537,1,1,2023,W4360620450,1.0
I188538660,I4390039323,1,1,2023,W4360620450,1.0
I188538660,I4394709253,1,1,2023,W4360620450,1.0
I188538660,I44430492,1,1,2023,W4360620450,1.0
I188538660,I47818738,1,1,2023,W4360620450,1.0
I188538660,I55060895,1,1,2023,W4360620450,1.0
I188538660,I63098007,1,1,2023,W4360620450,1.0
I188538660,I68891433,1,1,2023,W4360620450,1.0
I188538660,I71052956,1,1,2023,W4360620450,1.0
I188538660,I78715868,1,1,2023,W4360620450,1.0
I188538660,I80281795,1,1,2023,W4360620450,1.0
I188538660,I91136226,1,1,2023,W4360620450,1.0
I188538660,I9300472,1,1,2023,W4360620450,1.0
I188538660,I931969281,1,1,2023,W4360620450,1.0
I188538660,I9360294,1,1,2023,W4360620450,1.0
I188538660,I98358874,1,1,2023,W4360620450,1.0
I188538660,I27837315,1,1,2023,W4380319170,1.0
I188538660,I192545095,1,1,2023,W4385730880,1.0
I188538660,I200719446,1,1,2023,W4385730880,1.0
I188538660,I45438204,1,1,2023,W4385730880,1.0
I188760350,I28257850,1,1,2023,W4368362817,1.0
I188760350,I292141241,1,1,2023,W4368362817,1.0
I188760350,I40120149,1,1,2023,W4368362817,1.0
I188760350,I4210150093,1,1,2023,W4368362817,1.0
I188760350,I4210162189,1,1,2023,W4368362817,1.0
I188760350,I56590836,1,1,2023,W4368362817,1.0
I188760350,I80281795,1,1,2023,W4368362817,1.0
I188760350,I8204097,1,1,2023,W4368362817,1.0
I188760350,I872623138,1,1,2023,W4368362817,1.0
I188760350,I95457486,1,1,2023,W4368362817,1.0
I188760350,I98259816,1,1,2023,W4368362817,1.0
I188922065,I23574469,2,2,2023,W4361028617;W4390399551,0.5
I188922065,I28941729,1,1,2023,W4361028617,1.0
I188922065,I41073452,1,1,2023,W4361028617,1.0
I188922065,I60587646,1,1,2023,W4390399551,1.0
I189158943,I2800419323,1,1,2023,W4384337834,1.0
I189158943,I4210115256,1,1,2023,W4384337834,1.0
I189158943,I31151848,1,1,2023,W4389523893,1.0
I189158943,I4210137306,1,1,2023,W4389523893,1.0
I189158943,I66946132,1,1,2023,W4389523893,1.0
I189196454,I30809798,4,4,2023,W4362655923;W4385988359;W4387642400;W4389903841,0.25
I189196454,I4210087915,5,5,2023,W4362655923;W4385988359;W4387642400;W4389903841;W4390347092,0.2
I189196454,I4210135459,4,4,2023,W4362655923;W4385988359;W4387642400;W4389903841,0.25
I189196454,I4210157781,4,4,2023,W4362655923;W4385988359;W4387642400;W4389903841,0.25
I189196454,I87445476,2,2,2023,W4362655923;W4385988359,0.5
I189196454,I88830068,2,2,2023,W4362655923;W4385988359,0.5
I189196454,I63135867,1,1,2023,W4385441896,1.0
I189196454,I92156820,1,1,2023,W4385441896,1.0
I189196454,I2802423016,2,2,2023,W4387642400;W4389903841,0.5
I189196454,I4210146710,2,2,2023,W4387642400;W4389903841,0.5
I189196454,I200296433,1,1,2023,W4389903841,1.0
I189196454,I38877650,1,1,2023,W4389903841,1.0
I189196454,I90610280,1,1,2023,W4390347092,1.0
I189210763,I4210115146,1,1,2023,W4389933364,1.0
I189210763,I74872605,1,1,2023,W4389933364,1.0
I189210763,I867306930,1,1,2023,W4389933364,1.0
I189268942,I4210116615,1,1,2023,W4390013174,1.0
I189486483,I98461037,1,1,2023,W4386098991,1.0
I189590672,I24676775,1,1,2023,W4391382616,1.0
I189712700,I32971472,1,1,2023,W4384663549,1.0
I189712700,I39343248,1,1,2023,W4384663549,1.0
I189712700,I4210101898,1,1,2023,W4384663549,1.0
I189712700,I78577930,1,1,2023,W4384663549,1.0
I189712700,I4210090176,1,1,2023,W4389334989,1.0
I189712700,I4210112150,1,1,2023,W4389334989,1.0
I189712700,I4401726859,1,1,2023,W4389334989,1.0
I189712700,I91807558,1,1,2023,W4389334989,1.0
I189977406,I2801351171,1,1,2023,W4366750536,1.0
I189977406,I4210093896,1,1,2023,W4366750536,1.0
I189977406,I4210112252,1,1,2023,W4366750536,1.0
I189977406,I4210129199,1,1,2023,W4366750536,1.0
I189977406,I4210146690,1,1,2023,W4366750536,1.0
I190082696,I4392738276,1,1,2023,W4390874627,1.0
I190082696,I62916508,1,1,2023,W4390874627,1.0
I190082696,I82880672,1,1,2023,W4390874627,1.0
I190134885,I83328450,1,1,2023,W4380879558,1.0
I190249584,I206895457,1,1,2023,W4386475603,1.0
I190249584,I4210162141,1,1,2023,W4389518753,1.0
I190397597,I4210134201,1,1,2023,W4385847487,1.0
I190397597,I66752286,1,1,2023,W4385847487,1.0
I190632392,I194019607,1,1,2023,W4385991139,1.0
I190632392,I4210094138,1,1,2023,W4385991139,1.0
I191208505,I191240316,1,1,2023,W4382998948,1.0
I191208505,I4210095624,1,1,2023,W4382998948,1.0
I191208505,I4210096815,1,1,2023,W4382998948,1.0
I191208505,I4388891891,1,1,2023,W4382998948,1.0
I191208505,I45928872,1,1,2023,W4382998948,1.0
I191208505,I75867142,1,1,2023,W4382998948,1.0
I191208505,I867280407,1,1,2023,W4382998948,1.0
I191208505,I200769079,1,1,2023,W4387185378,1.0
I191208505,I2801277386,1,1,2023,W4387185378,1.0
I191208505,I20231570,1,1,2023,W4387967930,1.0
I191208505,I4210136793,2,2,2023,W4387967930;W4390873650,0.5
I191208505,I4210105595,1,1,2023,W4390873650,1.0
I191240316,I4210095624,1,1,2023,W4382998948,1.0
I191240316,I4210096815,1,1,2023,W4382998948,1.0
I191240316,I4388891891,1,1,2023,W4382998948,1.0
I191240316,I45928872,1,1,2023,W4382998948,1.0
I191240316,I75867142,1,1,2023,W4382998948,1.0
I191240316,I867280407,1,1,2023,W4382998948,1.0
I192455969,I197251160,1,1,2023,W4389403907,1.0
I192455969,I20089843,1,1,2023,W4389403907,1.0
I192455969,I205023500,1,1,2023,W4389403907,1.0
I192455969,I27116053,1,1,2023,W4389403907,1.0
I192455969,I2800565835,1,1,2023,W4389403907,1.0
I192455969,I2801851002,1,1,2023,W4389403907,1.0
I192455969,I29955533,1,1,2023,W4389403907,1.0
I192455969,I40347166,1,1,2023,W4389403907,1.0
I192455969,I4210108999,1,1,2023,W4389403907,1.0
I192455969,I4210119109,1,1,2023,W4389403907,1.0
I192455969,I4210137306,1,1,2023,W4389403907,1.0
I192455969,I4210140380,1,1,2023,W4389403907,1.0
I192455969,I4210145102,1,1,2023,W4389403907,1.0
I192455969,I4210153792,1,1,2023,W4389403907,1.0
I192455969,I4210155092,1,1,2023,W4389403907,1.0
I192455969,I44829897,1,1,2023,W4389403907,1.0
I192455969,I51556381,1,1,2023,W4389403907,1.0
I192455969,I57206974,1,1,2023,W4389403907,1.0
I192455969,I88874673,1,1,2023,W4389403907,1.0
I192455969,I90326151,1,1,2023,W4389403907,1.0
I192455969,I97018004,1,1,2023,W4389403907,1.0
I192455969,I4210127509,1,1,2023,W4390874694,1.0
I192513696,I2883434090,1,1,2023,W4388979212,1.0
I192513696,I39553462,1,1,2023,W4388979212,1.0
I192513696,I73822459,1,1,2023,W4388979212,1.0
I192545095,I200719446,1,1,2023,W4385730880,1.0
I192545095,I45438204,1,1,2023,W4385730880,1.0
I192545095,I4210099336,1,1,2023,W4390189929,1.0
I1925986,I193531525,1,1,2023,W4383913712,1.0
I1925986,I193662353,1,1,2023,W4383913712,1.0
I1925986,I193700539,1,1,2023,W4383913712,1.0
I1925986,I205274468,1,1,2023,W4383913712,1.0
I1925986,I3133184724,1,1,2023,W4383913712,1.0
I1925986,I4210119896,1,1,2023,W4383913712,1.0
I1925986,I51601045,1,1,2023,W4383913712,1.0
I1925986,I56590836,1,1,2023,W4383913712,1.0
I1925986,I60733029,1,1,2023,W4383913712,1.0
I1925986,I71052956,1,1,2023,W4383913712,1.0
I1925986,I79619799,1,1,2023,W4383913712,1.0
I1925986,I82284825,1,1,2023,W4383913712,1.0
I1925986,I84884186,1,1,2023,W4383913712,1.0
I192619145,I57206974,1,1,2023,W4363651325,1.0
I192619145,I40120149,1,1,2023,W4376871976,1.0
I192619145,I4210156643,1,1,2023,W4376871976,1.0
I192756129,I71637028,1,1,2023,W4387431938,1.0
I192756129,I73417466,1,1,2023,W4387431938,1.0
I193181351,I2802835388,1,1,2023,W4372348574,1.0
I193181351,I36234482,1,1,2023,W4372348574,1.0
I193181351,I4210111013,1,1,2023,W4372348574,1.0
I193181351,I4210120508,1,1,2023,W4372348574,1.0
I193181351,I4210125099,1,1,2023,W4372348574,1.0
I193181351,I2802656227,1,1,2023,W4381165906,1.0
I193181351,I4210131377,1,1,2023,W4381165906,1.0
I193181351,I4210141205,1,1,2023,W4381165906,1.0
I193181351,I4210144697,1,1,2023,W4381165906,1.0
I193181351,I4210157948,1,1,2023,W4381165906,1.0
I193181351,I4210165745,1,1,2023,W4381165906,1.0
I193181351,I4387152943,1,1,2023,W4381165906,1.0
I193181351,I4387156329,1,1,2023,W4381165906,1.0
I193223587,I4210155236,1,1,2023,W4382583857,1.0
I193223587,I2277624104,2,2,2023,W4386432827;W4386597243,0.5
I193223587,I39555362,1,1,2023,W4387665053,1.0
I193223587,I20089843,1,1,2023,W4388835050,1.0
I193223587,I4210090411,1,1,2023,W4388835050,1.0
I193223587,I4210092408,1,1,2023,W4388835050,1.0
I193223587,I4210118560,1,1,2023,W4388835050,1.0
I193223587,I4210120221,1,1,2023,W4388835050,1.0
I193223587,I4210139217,1,1,2023,W4388835050,1.0
I193223587,I95457486,1,1,2023,W4388835050,1.0
I193260172,I204778367,1,1,2023,W4387379065,1.0
I193260172,I22265921,1,1,2023,W4387379065,1.0
I193260172,I244572783,1,1,2023,W4387379065,1.0
I193260172,I27878738,1,1,2023,W4387379065,1.0
I193260172,I2801106189,1,1,2023,W4387379065,1.0
I193260172,I3122748864,1,1,2023,W4387379065,1.0
I193260172,I39586589,1,1,2023,W4387379065,1.0
I193260172,I4210134189,1,1,2023,W4387379065,1.0
I193260172,I4387930215,1,1,2023,W4387379065,1.0
I193260172,I55285296,1,1,2023,W4387379065,1.0
I193260172,I56007636,1,1,2023,W4387379065,1.0
I193260172,I60342839,1,1,2023,W4387379065,1.0
I193260172,I68891433,1,1,2023,W4387379065,1.0
I193260172,I79156528,1,1,2023,W4387379065,1.0
I193260172,I931278978,1,1,2023,W4387379065,1.0
I193260172,I931681460,1,1,2023,W4387379065,1.0
I193260172,I96413208,1,1,2023,W4387379065,1.0
I193374721,I20089843,1,1,2023,W4321022177,1.0
I193374721,I29955533,1,1,2023,W4321022177,1.0
I193374721,I32971472,2,2,2023,W4321022177;W4377078114,0.5
I193374721,I40120149,3,3,2023,W4321022177;W4377078114;W4387508266,0.3333333333333333
I193374721,I4387155932,2,2,2023,W4321022177;W4387508266,0.5
I193374721,I9360294,2,2,2023,W4321022177;W4377078114,0.5
I193374721,I201448701,1,1,2023,W4385653699,1.0
I193374721,I2801851002,2,2,2023,W4385653699;W4387508266,0.5
I193374721,I4210098931,1,1,2023,W4385653699,1.0
I193374721,I4210134579,1,1,2023,W4385653699,1.0
I193374721,I63966007,1,1,2023,W4385653699,1.0
I193374721,I241749,1,1,2023,W4387508266,1.0
I193374721,I2799771591,1,1,2023,W4387508266,1.0
I193374721,I2800540659,1,1,2023,W4387508266,1.0
I193374721,I2802641067,1,1,2023,W4387508266,1.0
I193374721,I4210134973,1,1,2023,W4387508266,1.0
I193374721,I51556381,1,1,2023,W4387508266,1.0
I193374721,I70931966,1,1,2023,W4387508266,1.0
I193531525,I193662353,1,1,2023,W4383913712,1.0
I193531525,I193700539,1,1,2023,W4383913712,1.0
I193531525,I205274468,1,1,2023,W4383913712,1.0
I193531525,I3133184724,1,1,2023,W4383913712,1.0
I193531525,I4210119896,1,1,2023,W4383913712,1.0
I193531525,I51601045,1,1,2023,W4383913712,1.0
I193531525,I56590836,1,1,2023,W4383913712,1.0
I193531525,I60733029,1,1,2023,W4383913712,1.0
I193531525,I71052956,1,1,2023,W4383913712,1.0
I193531525,I79619799,1,1,2023,W4383913712,1.0
I193531525,I82284825,1,1,2023,W4383913712,1.0
I193531525,I84884186,1,1,2023,W4383913712,1.0
I193531525,I40347166,1,1,2023,W4389314667,1.0
I193531525,I47838141,1,1,2023,W4392025629,1.0
I193531525,I52357470,1,1,2023,W4392025629,1.0
I193662353,I19820366,1,1,2023,W4378905467,1.0
I193662353,I201448701,1,1,2023,W4378905467,1.0
I193662353,I23923803,1,1,2023,W4378905467,1.0
I193662353,I25254941,1,1,2023,W4378905467,1.0
I193662353,I2799973717,1,1,2023,W4378905467,1.0
I193662353,I2800262456,1,1,2023,W4378905467,1.0
I193662353,I315704651,1,1,2023,W4378905467,1.0
I193662353,I4210092744,1,1,2023,W4378905467,1.0
I193662353,I4210099977,1,1,2023,W4378905467,1.0
I193662353,I4210102999,1,1,2023,W4378905467,1.0
I193662353,I4210106352,1,1,2023,W4378905467,1.0
I193662353,I4210106526,1,1,2023,W4378905467,1.0
I193662353,I4210117555,1,1,2023,W4378905467,1.0
I193662353,I4210122844,1,1,2023,W4378905467,1.0
I193662353,I4210137309,1,1,2023,W4378905467,1.0
I193662353,I4210139347,1,1,2023,W4378905467,1.0
I193662353,I4210141715,1,1,2023,W4378905467,1.0
I193662353,I4210165038,1,1,2023,W4378905467,1.0
I193662353,I5023651,1,1,2023,W4378905467,1.0
I193662353,I59270414,1,1,2023,W4378905467,1.0
I193662353,I60200437,1,1,2023,W4378905467,1.0
I193662353,I865915315,1,1,2023,W4378905467,1.0
I193662353,I881766915,1,1,2023,W4378905467,1.0
I193662353,I887064364,1,1,2023,W4378905467,1.0
I193662353,I913481162,1,1,2023,W4378905467,1.0
I193662353,I193700539,1,1,2023,W4383913712,1.0
I193662353,I205274468,1,1,2023,W4383913712,1.0
I193662353,I3133184724,1,1,2023,W4383913712,1.0
I193662353,I4210119896,1,1,2023,W4383913712,1.0
I193662353,I51601045,1,1,2023,W4383913712,1.0
I193662353,I56590836,1,1,2023,W4383913712,1.0
I193662353,I60733029,1,1,2023,W4383913712,1.0
I193662353,I71052956,1,1,2023,W4383913712,1.0
I193662353,I79619799,1,1,2023,W4383913712,1.0
I193662353,I82284825,1,1,2023,W4383913712,1.0
I193662353,I84884186,1,1,2023,W4383913712,1.0
I193662353,I4210138519,2,2,2023,W4390315357;W4390621504,0.5
I193662353,I51556381,1,1,2023,W4390315357,1.0
I193662353,I60205797,1,1,2023,W4390315357,1.0
I193662353,I74973139,1,1,2023,W4390315357,1.0
I193662353,I84392919,1,1,2023,W4390315357,1.0
I193700539,I887064364,1,1,2023,W4360979189,1.0
I193700539,I205274468,1,1,2023,W4383913712,1.0
I193700539,I3133184724,1,1,2023,W4383913712,1.0
I193700539,I4210119896,1,1,2023,W4383913712,1.0
I193700539,I51601045,1,1,2023,W4383913712,1.0
I193700539,I56590836,1,1,2023,W4383913712,1.0
I193700539,I60733029,1,1,2023,W4383913712,1.0
I193700539,I71052956,1,1,2023,W4383913712,1.0
I193700539,I79619799,1,1,2023,W4383913712,1.0
I193700539,I82284825,1,1,2023,W4383913712,1.0
I193700539,I84884186,1,1,2023,W4383913712,1.0
I193775966,I20231570,1,1,2023,W4387195417,1.0
I193775966,I4210161460,1,1,2023,W4387195417,1.0
I193775966,I4210164802,1,1,2023,W4387195417,1.0
I193775966,I204983213,1,1,2023,W4390871890,1.0
I193775966,I27357992,1,1,2023,W4390871890,1.0
I193775966,I4210136793,1,1,2023,W4390871890,1.0
I193775966,I60922564,1,1,2023,W4390874130,1.0
I194019607,I5561750,2,2,2023,W4376126328;W4379057711,0.5
I194019607,I93131583,2,2,2023,W4376126328;W4379057711,0.5
I194019607,I4210094138,1,1,2023,W4385991139,1.0
I194028371,I865915315,1,1,2023,W4364377826,1.0
I194210350,I4210139483,1,1,2023,W4323892465,1.0
I194210350,I98702875,1,1,2023,W4323892465,1.0
I194450716,I19820366,1,1,2023,W4385638369,1.0
I194450716,I2250955327,1,1,2023,W4385638369,1.0
I194450716,I37461747,1,1,2023,W4385638369,1.0
I194450716,I4210090176,1,1,2023,W4385638369,1.0
I194450716,I4210100255,1,1,2023,W4385638369,1.0
I194450716,I4210136497,1,1,2023,W4385638369,1.0
I194450716,I4210145761,1,1,2023,W4385638369,1.0
I194450716,I76130692,1,1,2023,W4385638369,1.0
I194450716,I78988378,1,1,2023,W4385638369,1.0
I194450716,I90610280,1,1,2023,W4385638369,1.0
I194450716,I99065089,1,1,2023,W4385638369,1.0
I194450716,I4210131846,1,1,2023,W4390874241,1.0
I194450716,I79619799,1,1,2023,W4390874241,1.0
I194456095,I4210089084,1,1,2023,W4384821687,1.0
I195373058,I196345858,1,1,2023,W4387007686,1.0
I196272386,I53118340,1,1,2023,W4380272592,1.0
I196272386,I80693520,1,1,2023,W4380272592,1.0
I196272386,I87339560,1,1,2023,W4380272592,1.0
I196272386,I27804330,3,3,2023,W4380291159;W4385827730;W4388695129,0.3333333333333333
I196272386,I2800446032,3,3,2023,W4380291159;W4385827730;W4388695129,0.3333333333333333
I196272386,I4210087915,3,3,2023,W4380291159;W4385827730;W4388695129,0.3333333333333333
I196272386,I4210134769,1,1,2023,W4388695129,1.0
I196272386,I97018004,1,1,2023,W4388695129,1.0
I196272386,I72090969,1,1,2023,W4391062620,1.0
I19648265,I204593131,1,1,2023,W4360620450,1.0
I19648265,I24027795,1,1,2023,W4360620450,1.0
I19648265,I244572783,1,1,2023,W4360620450,1.0
I19648265,I255234318,1,1,2023,W4360620450,1.0
I19648265,I25846049,1,1,2023,W4360620450,1.0
I19648265,I2613432,1,1,2023,W4360620450,1.0
I19648265,I27878738,1,1,2023,W4360620450,1.0
I19648265,I2802797706,1,1,2023,W4360620450,1.0
I19648265,I28407311,1,1,2023,W4360620450,1.0
I19648265,I31746571,1,1,2023,W4360620450,1.0
I19648265,I32394136,1,1,2023,W4360620450,1.0
I19648265,I36234482,1,1,2023,W4360620450,1.0
I19648265,I39586589,1,1,2023,W4360620450,1.0
I19648265,I4210131537,1,1,2023,W4360620450,1.0
I19648265,I4390039323,1,1,2023,W4360620450,1.0
I19648265,I4394709253,1,1,2023,W4360620450,1.0
I19648265,I44430492,1,1,2023,W4360620450,1.0
I19648265,I47818738,1,1,2023,W4360620450,1.0
I19648265,I55060895,1,1,2023,W4360620450,1.0
I19648265,I63098007,1,1,2023,W4360620450,1.0
I19648265,I68891433,1,1,2023,W4360620450,1.0
I19648265,I71052956,1,1,2023,W4360620450,1.0
I19648265,I78715868,1,1,2023,W4360620450,1.0
I19648265,I80281795,1,1,2023,W4360620450,1.0
I19648265,I91136226,1,1,2023,W4360620450,1.0
I19648265,I9300472,1,1,2023,W4360620450,1.0
I19648265,I931969281,1,1,2023,W4360620450,1.0
I19648265,I9360294,1,1,2023,W4360620450,1.0
I19648265,I98358874,1,1,2023,W4360620450,1.0
I196699116,I4210100255,1,1,2023,W4389474309,1.0
I196699116,I4210149102,1,1,2023,W4389474309,1.0
I196699116,I4391012619,1,1,2023,W4389474309,1.0
I196699116,I80947539,1,1,2023,W4389474309,1.0
I196829312,I19820366,1,1,2023,W4377715513,1.0
I196829312,I41198531,1,1,2023,W4377715513,1.0
I196829312,I4210112150,1,1,2023,W4377715513,1.0
I196829312,I4210136793,1,1,2023,W4377715513,1.0
I196829312,I4210165038,1,1,2023,W4377715513,1.0
I196829312,I51158804,2,2,2023,W4385755118;W4388691793,0.5
I196829312,I71270174,1,1,2023,W4385755118,1.0
I196829312,I82951845,1,1,2023,W4388691793,1.0
I19700959,I33213144,1,1,2023,W4379514142,1.0
I19700959,I4210129924,1,1,2023,W4379514142,1.0
I19700959,I20089843,1,1,2023,W4380769213,1.0
I19700959,I201448701,1,1,2023,W4380769213,1.0
I19700959,I2801851002,1,1,2023,W4380769213,1.0
I19700959,I36258959,1,1,2023,W4380769213,1.0
I19700959,I40120149,1,1,2023,W4380769213,1.0
I19700959,I4210142372,1,1,2023,W4380769213,1.0
I19700959,I63966007,1,1,2023,W4380769213,1.0
I19700959,I95457486,1,1,2023,W4380769213,1.0
I19716509,I2801380234,1,1,2023,W4366425747,1.0
I19716509,I2802423016,1,1,2023,W4366425747,1.0
I19716509,I3130844761,1,1,2023,W4366425747,1.0
I197191942,I2802394193,1,1,2023,W4387211202,1.0
I197191942,I4210087915,1,1,2023,W4387211202,1.0
I197191942,I4210127055,1,1,2023,W4387211202,1.0
I197251160,I2801851002,2,2,2023,W4362569965;W4389403907,0.5
I197251160,I32971472,1,1,2023,W4362569965,1.0
I197251160,I91203450,1,1,2023,W4362569965,1.0
I197251160,I4210093787,1,1,2023,W4385271281,1.0
I197251160,I2801151526,1,1,2023,W4386075631,1.0
I197251160,I20089843,1,1,2023,W4389403907,1.0
I197251160,I205023500,1,1,2023,W4389403907,1.0
I197251160,I27116053,1,1,2023,W4389403907,1.0
I197251160,I2800565835,1,1,2023,W4389403907,1.0
I197251160,I29955533,1,1,2023,W4389403907,1.0
I197251160,I40347166,1,1,2023,W4389403907,1.0
I197251160,I4210108999,1,1,2023,W4389403907,1.0
I197251160,I4210119109,1,1,2023,W4389403907,1.0
I197251160,I4210137306,1,1,2023,W4389403907,1.0
I197251160,I4210140380,1,1,2023,W4389403907,1.0
I197251160,I4210145102,1,1,2023,W4389403907,1.0
I197251160,I4210153792,1,1,2023,W4389403907,1.0
I197251160,I4210155092,1,1,2023,W4389403907,1.0
I197251160,I44829897,1,1,2023,W4389403907,1.0
I197251160,I51556381,1,1,2023,W4389403907,1.0
I197251160,I57206974,1,1,2023,W4389403907,1.0
I197251160,I88874673,1,1,2023,W4389403907,1.0
I197251160,I90326151,1,1,2023,W4389403907,1.0
I197251160,I97018004,1,1,2023,W4389403907,1.0
I197323543,I223822909,2,2,2023,W4372336638;W4389792145,0.5
I197323543,I2802164966,2,2,2023,W4372336638;W4389792145,0.5
I197323543,I4210111460,2,2,2023,W4372336638;W4389792145,0.5
I197323543,I4210120689,1,1,2023,W4372336638,1.0
I197323543,I4210126310,1,1,2023,W4372336638,1.0
I197323543,I4210162051,2,2,2023,W4372336638;W4389792145,0.5
I197323543,I887968799,2,2,2023,W4372336638;W4389792145,0.5
I197323543,I4210101739,1,1,2023,W4382680046,1.0
I197323543,I4210108108,3,3,2023,W4382680046;W4389235056;W4389937130,0.3333333333333333
I197323543,I4210125326,3,3,2023,W4382680046;W4389235056;W4389937130,0.3333333333333333
I197323543,I47500176,3,3,2023,W4382680046;W4389235056;W4389937130,0.3333333333333333
I197323543,I5791819,3,3,2023,W4382680046;W4389235056;W4389937130,0.3333333333333333
I197323543,I61923386,3,3,2023,W4382680046;W4389235056;W4389937130,0.3333333333333333
I197323543,I2802181614,1,1,2023,W4389235056,1.0
I197323543,I4210097178,1,1,2023,W4389235056,1.0
I197323543,I4210103308,1,1,2023,W4389235056,1.0
I197323543,I4210106036,1,1,2023,W4389235056,1.0
I197323543,I4210107347,2,2,2023,W4389235056;W4389937130,0.5
I197323543,I4210113003,1,1,2023,W4389235056,1.0
I197323543,I4210121117,2,2,2023,W4389235056;W4389937130,0.5
I197323543,I4210124714,1,1,2023,W4389235056,1.0
I197323543,I4210157730,1,1,2023,W4389235056,1.0
I197323543,I4389424196,2,2,2023,W4389235056;W4389937130,0.5
I197323543,I80018011,1,1,2023,W4389235056,1.0
I197323543,I2801331674,1,1,2023,W4389792145,1.0
I197323543,I39343248,1,1,2023,W4389792145,1.0
I197323543,I4210088053,1,1,2023,W4389792145,1.0
I197323543,I4210090100,1,1,2023,W4389792145,1.0
I197323543,I4210094062,1,1,2023,W4389792145,1.0
I197323543,I4210108778,1,1,2023,W4389792145,1.0
I197323543,I4210165059,1,1,2023,W4389792145,1.0
I197323543,I75951250,1,1,2023,W4389792145,1.0
I197323543,I78650965,1,1,2023,W4389792145,1.0
I197323543,I7877124,1,1,2023,W4389792145,1.0
I197323543,I227586296,1,1,2023,W4389937130,1.0
I197323543,I4210098320,1,1,2023,W4389937130,1.0
I197347611,I4210119109,1,1,2023,W4372319207,1.0
I197347611,I592451,1,1,2023,W4372319207,1.0
I197347611,I78577930,1,1,2023,W4379660313,1.0
I197347611,I207623266,1,1,2023,W4386075721,1.0
I197347611,I4210113520,1,1,2023,W4386075721,1.0
I197347611,I204250578,1,1,2023,W4386836433,1.0
I197347611,I205783295,1,1,2023,W4389213050,1.0
I197347611,I4210087915,1,1,2023,W4389213050,1.0
I197347611,I4210127055,1,1,2023,W4389213050,1.0
I197347611,I4387153466,1,1,2023,W4389213050,1.0
I197347611,I63966007,1,1,2023,W4389213050,1.0
I197610006,I241749,1,1,2023,W4387408850,1.0
I197610006,I2802488147,1,1,2023,W4387408850,1.0
I197610006,I2802641067,1,1,2023,W4387408850,1.0
I197610006,I28046988,1,1,2023,W4387408850,1.0
I197610006,I4210099137,1,1,2023,W4387408850,1.0
I197610006,I4210118727,1,1,2023,W4387408850,1.0
I19820366,I4210133505,1,1,2023,W4317654011,1.0
I19820366,I4210145761,6,6,2023,W4317654011;W4384642600;W4385638369;W4390311827;W4390872366;W4390872822,0.16666666666666666
I19820366,I4210094879,11,11,2023,W4320341494;W4367595583;W4386071613;W4386608660;W4387122971;W4387969591;W4390224967;W4391768478;W4391768897;W4391769682;W4404515031,0.09090909090909091
I19820366,I59028903,1,1,2023,W4320341494,1.0
I19820366,I98301712,3,3,2023,W4320341494;W4386066025;W4388428080,0.3333333333333333
I19820366,I37796252,2,2,2023,W4322618949;W4386608660,0.5
I19820366,I4210160793,1,1,2023,W4322618949,1.0
I19820366,I4210136793,3,3,2023,W4322730935;W4377715513;W4386065752,0.3333333333333333
I19820366,I4210165038,26,26,2023,W4322730935;W4361029998;W4367595583;W4377715513;W4378905467;W4383818954;W4385572142;W4386065752;W4386065764;W4386066025;W4386825420;W4386918932;W4386952228;W4387122971;W4387802152;W4388212670;W4388428080;W4388428086;W4388624446;W4388853646;W4389520142;W4390284969;W4390872366;W4390872822;W4391768897;W4399119527,0.038461538461538464
I19820366,I4391012619,7,7,2023,W4322730935;W4386608660;W4386918932;W4390872366;W4391768478;W4391768897;W4391769682,0.14285714285714285
I19820366,I4210100255,6,6,2023,W4361029998;W4367595583;W4385638369;W4386918932;W4387122971;W4388853646,0.16666666666666666
I19820366,I4210110458,1,1,2023,W4366377770,1.0
I19820366,I4210137199,6,6,2023,W4366377770;W4386825420;W4386952228;W4387802152;W4388624446;W4390284969,0.16666666666666666
I19820366,I24943067,1,1,2023,W4367595583,1.0
I19820366,I57093077,1,1,2023,W4367595583,1.0
I19820366,I41198531,2,2,2023,W4377715513;W4386065752,0.5
I19820366,I4210112150,9,9,2023,W4377715513;W4381327576;W4386066025;W4386918932;W4387122971;W4388428080;W4388853646;W4391306522;W4391768897,0.1111111111111111
I19820366,I201448701,1,1,2023,W4378905467,1.0
I19820366,I23923803,1,1,2023,W4378905467,1.0
I19820366,I25254941,1,1,2023,W4378905467,1.0
I19820366,I2799973717,1,1,2023,W4378905467,1.0
I19820366,I2800262456,1,1,2023,W4378905467,1.0
I19820366,I315704651,1,1,2023,W4378905467,1.0
I19820366,I4210092744,1,1,2023,W4378905467,1.0
I19820366,I4210099977,1,1,2023,W4378905467,1.0
I19820366,I4210102999,1,1,2023,W4378905467,1.0
I19820366,I4210106352,1,1,2023,W4378905467,1.0
I19820366,I4210106526,1,1,2023,W4378905467,1.0
I19820366,I4210117555,1,1,2023,W4378905467,1.0
I19820366,I4210122844,1,1,2023,W4378905467,1.0
I19820366,I4210137309,1,1,2023,W4378905467,1.0
I19820366,I4210139347,1,1,2023,W4378905467,1.0
I19820366,I4210141715,1,1,2023,W4378905467,1.0
I19820366,I5023651,1,1,2023,W4378905467,1.0
I19820366,I59270414,1,1,2023,W4378905467,1.0
I19820366,I60200437,1,1,2023,W4378905467,1.0
I19820366,I865915315,1,1,2023,W4378905467,1.0
I19820366,I881766915,6,6,2023,W4378905467;W4386065764;W4386066025;W4388428080;W4388428086;W4390872366,0.16666666666666666
I19820366,I887064364,1,1,2023,W4378905467,1.0
I19820366,I913481162,1,1,2023,W4378905467,1.0
I19820366,I4210128818,3,3,2023,W4381327576;W4385572142;W4388212670,0.3333333333333333
I19820366,I45928872,2,2,2023,W4381327576;W4384642600,0.5
I19820366,I76569877,1,1,2023,W4381327576,1.0
I19820366,I4210099079,1,1,2023,W4381800089,1.0
I19820366,I2802624667,2,2,2023,W4381853731;W4386826663,0.5
I19820366,I4210089621,1,1,2023,W4381853731,1.0
I19820366,I4210088164,1,1,2023,W4383818954,1.0
I19820366,I4210093674,1,1,2023,W4383818954,1.0
I19820366,I28006308,1,1,2023,W4385572142,1.0
I19820366,I4210113369,2,2,2023,W4385572142;W4404515031,0.5
I19820366,I2250955327,1,1,2023,W4385638369,1.0
I19820366,I37461747,1,1,2023,W4385638369,1.0
I19820366,I4210090176,4,4,2023,W4385638369;W4386071613;W4386158744;W4387122971,0.25
I19820366,I4210136497,1,1,2023,W4385638369,1.0
I19820366,I76130692,1,1,2023,W4385638369,1.0
I19820366,I78988378,1,1,2023,W4385638369,1.0
I19820366,I90610280,1,1,2023,W4385638369,1.0
I19820366,I99065089,3,3,2023,W4385638369;W4388212670;W4391769682,0.3333333333333333
I19820366,I4210095624,2,2,2023,W4386065764;W4388428086,0.5
I19820366,I4210142635,2,2,2023,W4386065764;W4388428086,0.5
I19820366,I4401726859,1,1,2023,W4386071613,1.0
I19820366,I9796191,1,1,2023,W4386071613,1.0
I19820366,I4210154505,1,1,2023,W4386158744,1.0
I19820366,I241749,1,1,2023,W4386608660,1.0
I19820366,I4210116219,1,1,2023,W4386608660,1.0
I19820366,I4210140243,1,1,2023,W4386608660,1.0
I19820366,I4210151021,1,1,2023,W4386608660,1.0
I19820366,I55769427,2,2,2023,W4386608660;W4390224967,0.5
I19820366,I859038795,1,1,2023,W4386608660,1.0
I19820366,I4210135175,1,1,2023,W4386826663,1.0
I19820366,I4210095018,1,1,2023,W4387122971,1.0
I19820366,I4210108629,1,1,2023,W4387122971,1.0
I19820366,I4210120485,1,1,2023,W4387122971,1.0
I19820366,I4210167311,1,1,2023,W4387122971,1.0
I19820366,I204983213,2,2,2023,W4387969591;W4390284969,0.5
I19820366,I3923682,1,1,2023,W4387969591,1.0
I19820366,I4210152474,1,1,2023,W4388212670,1.0
I19820366,I4210156404,2,2,2023,W4389520142;W4399119527,0.5
I19820366,I99041443,1,1,2023,W4390284969,1.0
I19820366,I204512498,2,2,2023,W4390311827;W4390872822,0.5
I19820366,I26092322,1,1,2023,W4390311827,1.0
I19820366,I4210122302,1,1,2023,W4390872366,1.0
I19820366,I889458895,1,1,2023,W4390872366,1.0
I19820366,I6469544,1,1,2023,W4390872822,1.0
I19820366,I4210106108,1,1,2023,W4391043766,1.0
I19820366,I87445476,1,1,2023,W4391043766,1.0
I19820366,I20231570,1,1,2023,W4404515031,1.0
I19820366,I3133055985,1,1,2023,W4404515031,1.0
I19820366,I74973139,1,1,2023,W4404515031,1.0
I19894307,I4210127738,1,1,2023,W4387123795,1.0
I19894307,I4402554207,1,1,2023,W4387123795,1.0
I19894307,I5124864,1,1,2023,W4389616438,1.0
I19894307,I913481162,1,1,2023,W4389616438,1.0
I19926482,I2801220108,1,1,2023,W4386855886,1.0
I19926482,I4210086035,1,1,2023,W4386855886,1.0
I199305430,I20231570,1,1,2023,W4378640065,1.0
I199305430,I2802957242,1,1,2023,W4378640065,1.0
I199305430,I39343248,1,1,2023,W4378640065,1.0
I199305430,I4210113254,1,1,2023,W4378640065,1.0
I199305430,I4210122818,1,1,2023,W4378640065,1.0
I199305430,I4210126298,1,1,2023,W4378640065,1.0
I199305430,I4210153043,1,1,2023,W4378640065,1.0
I199305430,I4210165067,1,1,2023,W4378640065,1.0
I199305430,I4210165424,1,1,2023,W4378640065,1.0
I199305430,I5740404,1,1,2023,W4378640065,1.0
I199305430,I75951250,1,1,2023,W4378640065,1.0
I199305430,I7877124,1,1,2023,W4378640065,1.0
I199417121,I70593384,2,2,2023,W4382118328;W4383428262,0.5
I199417121,I78650965,2,2,2023,W4382118328;W4383428262,0.5
I199688382,I97553796,2,2,2023,W4318831034;W4323313783,0.5
I199693650,I33926330,1,1,2023,W4362580716,1.0
I200166805,I2802742124,1,1,2023,W4387211386,1.0
I200166805,I47508984,1,1,2023,W4387211386,1.0
I200296433,I2801228662,4,4,2023,W4375859913;W4383105325;W4384925410;W4390426502,0.25
I200296433,I4210089514,2,2,2023,W4383105325;W4384925410,0.5
I200296433,I4210147433,1,1,2023,W4383105325,1.0
I200296433,I223822909,1,1,2023,W4384925410,1.0
I200296433,I2801051648,1,1,2023,W4384925410,1.0
I200296433,I2802164966,1,1,2023,W4384925410,1.0
I200296433,I40246663,1,1,2023,W4384925410,1.0
I200296433,I4210156643,1,1,2023,W4384925410,1.0
I200296433,I2802423016,1,1,2023,W4389903841,1.0
I200296433,I30809798,1,1,2023,W4389903841,1.0
I200296433,I38877650,1,1,2023,W4389903841,1.0
I200296433,I4210087915,1,1,2023,W4389903841,1.0
I200296433,I4210135459,1,1,2023,W4389903841,1.0
I200296433,I4210146710,1,1,2023,W4389903841,1.0
I200296433,I4210157781,1,1,2023,W4389903841,1.0
I200332995,I202963720,1,1,2023,W4361204756,1.0
I200332995,I4210145378,1,1,2023,W4361204756,1.0
I200332995,I4210166399,1,1,2023,W4361204756,1.0
I200332995,I97018004,1,1,2023,W4361204756,1.0
I200332995,I3018771216,1,1,2023,W4377235854,1.0
I200332995,I62916508,2,2,2023,W4377235854;W4386693657,0.5
I200332995,I8204097,2,2,2023,W4377235854;W4386693657,0.5
I200332995,I926574661,1,1,2023,W4377235854,1.0
I200332995,I292141241,1,1,2023,W4386693657,1.0
I200332995,I4403386549,1,1,2023,W4386693657,1.0
I200641316,I203951103,1,1,2023,W4381611493,1.0
I200650556,I20126385,1,1,2023,W4389696050,1.0
I200650556,I201448701,1,1,2023,W4389696050,1.0
I200650556,I202697423,1,1,2023,W4389696050,1.0
I200650556,I204778367,1,1,2023,W4389696050,1.0
I200650556,I23946033,1,1,2023,W4389696050,1.0
I200650556,I32389192,1,1,2023,W4389696050,1.0
I200650556,I33858575,1,1,2023,W4389696050,1.0
I200650556,I40434647,1,1,2023,W4389696050,1.0
I200650556,I4210087936,1,1,2023,W4389696050,1.0
I200650556,I4210095594,1,1,2023,W4389696050,1.0
I200650556,I4210113179,1,1,2023,W4389696050,1.0
I200650556,I4210127871,1,1,2023,W4389696050,1.0
I200650556,I4210134505,1,1,2023,W4389696050,1.0
I200650556,I4210137813,1,1,2023,W4389696050,1.0
I200650556,I4210151290,1,1,2023,W4389696050,1.0
I200650556,I4210161436,1,1,2023,W4389696050,1.0
I200650556,I49828101,1,1,2023,W4389696050,1.0
I200650556,I51235708,1,1,2023,W4389696050,1.0
I200650556,I54316950,1,1,2023,W4389696050,1.0
I200650556,I73417466,1,1,2023,W4389696050,1.0
I200650556,I80810150,1,1,2023,W4389696050,1.0
I200650556,I83259278,1,1,2023,W4389696050,1.0
I200650556,I83816512,1,1,2023,W4389696050,1.0
I200650556,I85507684,1,1,2023,W4389696050,1.0
I200650556,I8636806,1,1,2023,W4389696050,1.0
I200719446,I901861585,1,1,2023,W4322622443,1.0
I200719446,I4210111488,1,1,2023,W4361284858,1.0
I200719446,I592451,1,1,2023,W4367016872,1.0
I200719446,I32881790,1,1,2023,W4381956168,1.0
I200719446,I45438204,1,1,2023,W4385730880,1.0
I200719446,I4210136294,1,1,2023,W4390052440,1.0
I200719446,I52357470,1,1,2023,W4390052440,1.0
I200719446,I60997889,1,1,2023,W4390052440,1.0
I200719446,I79576946,1,1,2023,W4390052440,1.0
I200719446,I86519309,1,1,2023,W4390052440,1.0
I200745827,I8033065,1,1,2023,W4385878021,1.0
I200769079,I78577930,1,1,2023,W4366548479,1.0
I200769079,I4210164937,1,1,2023,W4386066388,1.0
I200769079,I4210113480,1,1,2023,W4386243148,1.0
I200769079,I4210144839,1,1,2023,W4386243148,1.0
I200769079,I2801277386,1,1,2023,W4387185378,1.0
I200769079,I76130692,1,1,2023,W4387934929,1.0
I200769079,I889458895,6,6,2023,W4388235471;W4389518968;W4389611357;W4389764468;W4391769935;W4392669753,0.16666666666666666
I200769079,I80947539,1,1,2023,W4388874804,1.0
I200769079,I20231570,3,3,2023,W4389518608;W4389518968;W4389764468,0.3333333333333333
I200769079,I4210095624,1,1,2023,W4389518608,1.0
I200769079,I28290843,1,1,2023,W4389519012,1.0
I200769079,I3045169105,1,1,2023,W4389519012,1.0
I200769079,I4210128585,1,1,2023,W4389519530,1.0
I200769079,I99065089,2,2,2023,W4389611357;W4389764468,0.5
I200769079,I24943067,1,1,2023,W4389764468,1.0
I200769079,I27357992,1,1,2023,W4389764468,1.0
I200769079,I4210159102,1,1,2023,W4389764468,1.0
I200769079,I4391012619,1,1,2023,W4389764468,1.0
I200769079,I78988378,1,1,2023,W4389764468,1.0
I200769079,I2250653659,1,1,2023,W4390871782,1.0
I200769079,I4210126499,1,1,2023,W4390871782,1.0
I200769079,I4210100614,1,1,2023,W4392669894,1.0
I200777214,I98805295,1,1,2023,W4386618604,1.0
I200845125,I36399199,1,1,2023,W4386920501,1.0
I20089843,I29955533,5,5,2023,W4321022177;W4365794116;W4366425800;W4381572755;W4389403907,0.2
I20089843,I32971472,1,1,2023,W4321022177,1.0
I20089843,I40120149,3,3,2023,W4321022177;W4380769213;W4381572755,0.3333333333333333
I20089843,I4387155932,2,2,2023,W4321022177;W4381572755,0.5
I20089843,I9360294,2,2,2023,W4321022177;W4381572755,0.5
I20089843,I2800565835,2,2,2023,W4365794116;W4389403907,0.5
I20089843,I4210137306,2,2,2023,W4365794116;W4389403907,0.5
I20089843,I97018004,5,5,2023,W4365794116;W4385490607;W4388720459;W4389403907;W4389667233,0.2
I20089843,I57206974,5,5,2023,W4366425800;W4377098551;W4385490607;W4387390369;W4389403907,0.2
I20089843,I79576946,1,1,2023,W4366425800,1.0
I20089843,I201448701,1,1,2023,W4380769213,1.0
I20089843,I2801851002,2,2,2023,W4380769213;W4389403907,0.5
I20089843,I36258959,2,2,2023,W4380769213;W4386076323,0.5
I20089843,I4210142372,1,1,2023,W4380769213,1.0
I20089843,I63966007,2,2,2023,W4380769213;W4385490607,0.5
I20089843,I95457486,2,2,2023,W4380769213;W4388835050,0.5
I20089843,I205783295,1,1,2023,W4385490607,1.0
I20089843,I241749,2,2,2023,W4385490607;W4387390369,0.5
I20089843,I27804330,1,1,2023,W4385490607,1.0
I20089843,I4210090411,2,2,2023,W4385490607;W4388835050,0.5
I20089843,I4210092658,1,1,2023,W4385490607,1.0
I20089843,I4210094983,1,1,2023,W4385490607,1.0
I20089843,I4210110431,1,1,2023,W4385490607,1.0
I20089843,I4210113297,1,1,2023,W4385490607,1.0
I20089843,I4210113369,1,1,2023,W4385490607,1.0
I20089843,I4210113480,1,1,2023,W4385490607,1.0
I20089843,I4210127875,1,1,2023,W4385490607,1.0
I20089843,I4210134579,1,1,2023,W4385490607,1.0
I20089843,I4210135670,1,1,2023,W4385490607,1.0
I20089843,I4210153546,2,2,2023,W4385490607;W4387390369,0.5
I20089843,I4210155419,1,1,2023,W4385490607,1.0
I20089843,I4210164802,1,1,2023,W4385490607,1.0
I20089843,I4210164862,1,1,2023,W4385490607,1.0
I20089843,I4387153999,2,2,2023,W4385490607;W4387390369,0.5
I20089843,I70931966,1,1,2023,W4385490607,1.0
I20089843,I74973139,1,1,2023,W4385490607,1.0
I20089843,I887064364,1,1,2023,W4385490607,1.0
I20089843,I30771326,1,1,2023,W4386099715,1.0
I20089843,I4210108711,1,1,2023,W4386099715,1.0
I20089843,I78577930,2,2,2023,W4388720459;W4389667233,0.5
I20089843,I4210092408,1,1,2023,W4388835050,1.0
I20089843,I4210118560,1,1,2023,W4388835050,1.0
I20089843,I4210120221,1,1,2023,W4388835050,1.0
I20089843,I4210139217,1,1,2023,W4388835050,1.0
I20089843,I205023500,1,1,2023,W4389403907,1.0
I20089843,I27116053,1,1,2023,W4389403907,1.0
I20089843,I40347166,1,1,2023,W4389403907,1.0
I20089843,I4210108999,1,1,2023,W4389403907,1.0
I20089843,I4210119109,1,1,2023,W4389403907,1.0
I20089843,I4210140380,1,1,2023,W4389403907,1.0
I20089843,I4210145102,1,1,2023,W4389403907,1.0
I20089843,I4210153792,1,1,2023,W4389403907,1.0
I20089843,I4210155092,1,1,2023,W4389403907,1.0
I20089843,I44829897,1,1,2023,W4389403907,1.0
I20089843,I51556381,1,1,2023,W4389403907,1.0
I20089843,I88874673,1,1,2023,W4389403907,1.0
I20089843,I90326151,1,1,2023,W4389403907,1.0
I20089843,I4210140341,2,2,2023,W4389519354;W4389523771,0.5
I20089843,I21193070,1,1,2023,W4389519799,1.0
I20089843,I2250653659,1,1,2023,W4389519799,1.0
I20089843,I24943067,1,1,2023,W4389519799,1.0
I20089843,I3923682,1,1,2023,W4389519799,1.0
I201118511,I29891158,1,1,2023,W4386220639,1.0
I201118511,I21370196,1,1,2023,W4388823522,1.0
I201118511,I4210108087,1,1,2023,W4388823522,1.0
I201118511,I4210156054,1,1,2023,W4388823522,1.0
I20126385,I201448701,1,1,2023,W4389696050,1.0
I20126385,I202697423,1,1,2023,W4389696050,1.0
I20126385,I204778367,1,1,2023,W4389696050,1.0
I20126385,I23946033,1,1,2023,W4389696050,1.0
I20126385,I32389192,1,1,2023,W4389696050,1.0
I20126385,I33858575,1,1,2023,W4389696050,1.0
I20126385,I40434647,1,1,2023,W4389696050,1.0
I20126385,I4210087936,1,1,2023,W4389696050,1.0
I20126385,I4210095594,1,1,2023,W4389696050,1.0
I20126385,I4210113179,1,1,2023,W4389696050,1.0
I20126385,I4210127871,1,1,2023,W4389696050,1.0
I20126385,I4210134505,1,1,2023,W4389696050,1.0
I20126385,I4210137813,1,1,2023,W4389696050,1.0
I20126385,I4210151290,1,1,2023,W4389696050,1.0
I20126385,I4210161436,1,1,2023,W4389696050,1.0
I20126385,I49828101,1,1,2023,W4389696050,1.0
I20126385,I51235708,1,1,2023,W4389696050,1.0
I20126385,I54316950,1,1,2023,W4389696050,1.0
I20126385,I73417466,1,1,2023,W4389696050,1.0
I20126385,I80810150,1,1,2023,W4389696050,1.0
I20126385,I83259278,1,1,2023,W4389696050,1.0
I20126385,I83816512,1,1,2023,W4389696050,1.0
I20126385,I85507684,1,1,2023,W4389696050,1.0
I20126385,I8636806,1,1,2023,W4389696050,1.0
I201384688,I4210146979,2,2,2023,W4383737134;W4388725733,0.5
I201384688,I5400463,3,3,2023,W4383737134;W4383860339;W4388725733,0.3333333333333333
I201384688,I4210142395,1,1,2023,W4383860339,1.0
I201384688,I240666556,1,1,2023,W4388676634,1.0
I201384688,I62318514,1,1,2023,W4388676634,1.0
I201448701,I4210136246,1,1,2023,W4360897523,1.0
I201448701,I4387153335,1,1,2023,W4360897523,1.0
I201448701,I83467386,1,1,2023,W4366597496,1.0
I201448701,I4210137306,3,3,2023,W4376637715;W4380303125;W4390340600,0.3333333333333333
I201448701,I4210152177,2,2,2023,W4376637715;W4380303125,0.5
I201448701,I97018004,6,6,2023,W4376637715;W4379959055;W4380303125;W4386076015;W4387993482;W4390340600,0.16666666666666666
I201448701,I23923803,2,2,2023,W4378905467;W4386697749,0.5
I201448701,I25254941,1,1,2023,W4378905467,1.0
I201448701,I2799973717,1,1,2023,W4378905467,1.0
I201448701,I2800262456,1,1,2023,W4378905467,1.0
I201448701,I315704651,1,1,2023,W4378905467,1.0
I201448701,I4210092744,1,1,2023,W4378905467,1.0
I201448701,I4210099977,1,1,2023,W4378905467,1.0
I201448701,I4210102999,1,1,2023,W4378905467,1.0
I201448701,I4210106352,1,1,2023,W4378905467,1.0
I201448701,I4210106526,1,1,2023,W4378905467,1.0
I201448701,I4210117555,1,1,2023,W4378905467,1.0
I201448701,I4210122844,1,1,2023,W4378905467,1.0
I201448701,I4210137309,1,1,2023,W4378905467,1.0
I201448701,I4210139347,1,1,2023,W4378905467,1.0
I201448701,I4210141715,1,1,2023,W4378905467,1.0
I201448701,I4210165038,1,1,2023,W4378905467,1.0
I201448701,I5023651,3,3,2023,W4378905467;W4380686968;W4385671288,0.3333333333333333
I201448701,I59270414,1,1,2023,W4378905467,1.0
I201448701,I60200437,1,1,2023,W4378905467,1.0
I201448701,I865915315,1,1,2023,W4378905467,1.0
I201448701,I881766915,1,1,2023,W4378905467,1.0
I201448701,I887064364,1,1,2023,W4378905467,1.0
I201448701,I913481162,1,1,2023,W4378905467,1.0
I201448701,I71209653,1,1,2023,W4379959055,1.0
I201448701,I78577930,3,3,2023,W4379959055;W4383957026;W4387993482,0.3333333333333333
I201448701,I241749,4,4,2023,W4380686968;W4383957026;W4385569970;W4385671288,0.25
I201448701,I2800220363,1,1,2023,W4380686968,1.0
I201448701,I2801081054,2,2,2023,W4380686968;W4385671288,0.5
I201448701,I2802212502,1,1,2023,W4380686968,1.0
I201448701,I36194607,1,1,2023,W4380686968,1.0
I201448701,I39422238,1,1,2023,W4380686968,1.0
I201448701,I40347166,2,2,2023,W4380686968;W4385671288,0.5
I201448701,I4210094653,1,1,2023,W4380686968,1.0
I201448701,I4210095073,1,1,2023,W4380686968,1.0
I201448701,I4210107755,1,1,2023,W4380686968,1.0
I201448701,I4210110490,2,2,2023,W4380686968;W4385671288,0.5
I201448701,I4210121988,2,2,2023,W4380686968;W4385671288,0.5
I201448701,I4210132596,2,2,2023,W4380686968;W4390457872,0.5
I201448701,I4210138199,1,1,2023,W4380686968,1.0
I201448701,I4210147263,2,2,2023,W4380686968;W4385671288,0.5
I201448701,I5124864,2,2,2023,W4380686968;W4385671288,0.5
I201448701,I5388228,3,3,2023,W4380686968;W4385671288;W4390873086,0.3333333333333333
I201448701,I54166199,1,1,2023,W4380686968,1.0
I201448701,I63966007,6,6,2023,W4380686968;W4380769213;W4383957026;W4385653699;W4385671288;W4389070894,0.16666666666666666
I201448701,I95457486,4,4,2023,W4380686968;W4380769213;W4385671288;W4386065512,0.25
I201448701,I95674353,2,2,2023,W4380686968;W4385671288,0.5
I201448701,I2801851002,3,3,2023,W4380769213;W4383957026;W4385653699,0.3333333333333333
I201448701,I36258959,1,1,2023,W4380769213,1.0
I201448701,I40120149,2,2,2023,W4380769213;W4386697749,0.5
I201448701,I4210142372,1,1,2023,W4380769213,1.0
I201448701,I3143470655,1,1,2023,W4381799391,1.0
I201448701,I2799503643,1,1,2023,W4383957026,1.0
I201448701,I29607241,1,1,2023,W4383957026,1.0
I201448701,I4210152047,1,1,2023,W4383957026,1.0
I201448701,I4210156221,1,1,2023,W4385569970,1.0
I201448701,I91712215,1,1,2023,W4385569970,1.0
I201448701,I4210140341,6,6,2023,W4385570569;W4385570594;W4385571537;W4385572634;W4390873086;W4390874566,0.16666666666666666
I201448701,I45129253,3,3,2023,W4385570569;W4386697749;W4388922836,0.3333333333333333
I201448701,I889458895,1,1,2023,W4385570594,1.0
I201448701,I55732556,1,1,2023,W4385572634,1.0
I201448701,I4210098931,1,1,2023,W4385653699,1.0
I201448701,I4210134579,1,1,2023,W4385653699,1.0
I201448701,I40695006,1,1,2023,W4385671288,1.0
I201448701,I4210149682,1,1,2023,W4385671288,1.0
I201448701,I24603500,1,1,2023,W4386071656,1.0
I201448701,I4210109586,1,1,2023,W4386071656,1.0
I201448701,I205783295,1,1,2023,W4386076015,1.0
I201448701,I36788626,1,1,2023,W4386076015,1.0
I201448701,I4210127875,1,1,2023,W4386215566,1.0
I201448701,I205051169,1,1,2023,W4386697749,1.0
I201448701,I2799390153,1,1,2023,W4386697749,1.0
I201448701,I2802266942,1,1,2023,W4386697749,1.0
I201448701,I2802775644,1,1,2023,W4386697749,1.0
I201448701,I28407311,1,1,2023,W4386697749,1.0
I201448701,I36234482,1,1,2023,W4386697749,1.0
I201448701,I4210111135,1,1,2023,W4386697749,1.0
I201448701,I4210126452,1,1,2023,W4386697749,1.0
I201448701,I4210140114,1,1,2023,W4386697749,1.0
I201448701,I4210150574,2,2,2023,W4386697749;W4388922836,0.5
I201448701,I43439940,1,1,2023,W4386697749,1.0
I201448701,I7882870,1,1,2023,W4386697749,1.0
I201448701,I79510175,1,1,2023,W4386697749,1.0
I201448701,I79619799,1,1,2023,W4386697749,1.0
I201448701,I84884186,1,1,2023,W4386697749,1.0
I201448701,I98677209,1,1,2023,W4386697749,1.0
I201448701,I4210087915,1,1,2023,W4387241391,1.0
I201448701,I20231570,2,2,2023,W4388215072;W4388922836,0.5
I201448701,I24943067,1,1,2023,W4388215072,1.0
I201448701,I204730241,1,1,2023,W4388922836,1.0
I201448701,I2799299286,1,1,2023,W4388922836,1.0
I201448701,I4210097159,1,1,2023,W4388922836,1.0
I201448701,I4210103535,1,1,2023,W4388922836,1.0
I201448701,I4210105949,1,1,2023,W4388922836,1.0
I201448701,I4210107668,1,1,2023,W4388922836,1.0
I201448701,I4210112079,1,1,2023,W4388922836,1.0
I201448701,I4210116917,1,1,2023,W4388922836,1.0
I201448701,I4210126319,1,1,2023,W4388922836,1.0
I201448701,I4210127304,1,1,2023,W4388922836,1.0
I201448701,I4210155576,1,1,2023,W4388922836,1.0
I201448701,I82880672,1,1,2023,W4388922836,1.0
I201448701,I848706,1,1,2023,W4388922836,1.0
I201448701,I98251732,1,1,2023,W4388922836,1.0
I201448701,I98285908,1,1,2023,W4388922836,1.0
I201448701,I99065089,2,2,2023,W4388922836;W4390873429,0.5
I201448701,I4210104429,1,1,2023,W4389070894,1.0
I201448701,I4210119046,1,1,2023,W4389070894,1.0
I201448701,I9360294,1,1,2023,W4389070894,1.0
I201448701,I35440088,1,1,2023,W4389519222,1.0
I201448701,I57206974,1,1,2023,W4389519222,1.0
I201448701,I87182695,1,1,2023,W4389519222,1.0
I201448701,I4210099236,1,1,2023,W4389519446,1.0
I201448701,I60922564,1,1,2023,W4389519446,1.0
I201448701,I202697423,1,1,2023,W4389696050,1.0
I201448701,I204778367,1,1,2023,W4389696050,1.0
I201448701,I23946033,1,1,2023,W4389696050,1.0
I201448701,I32389192,1,1,2023,W4389696050,1.0
I201448701,I33858575,1,1,2023,W4389696050,1.0
I201448701,I40434647,1,1,2023,W4389696050,1.0
I201448701,I4210087936,1,1,2023,W4389696050,1.0
I201448701,I4210095594,1,1,2023,W4389696050,1.0
I201448701,I4210113179,1,1,2023,W4389696050,1.0
I201448701,I4210127871,1,1,2023,W4389696050,1.0
I201448701,I4210134505,1,1,2023,W4389696050,1.0
I201448701,I4210137813,1,1,2023,W4389696050,1.0
I201448701,I4210151290,1,1,2023,W4389696050,1.0
I201448701,I4210161436,1,1,2023,W4389696050,1.0
I201448701,I49828101,1,1,2023,W4389696050,1.0
I201448701,I51235708,1,1,2023,W4389696050,1.0
I201448701,I54316950,1,1,2023,W4389696050,1.0
I201448701,I73417466,1,1,2023,W4389696050,1.0
I201448701,I80810150,1,1,2023,W4389696050,1.0
I201448701,I83259278,1,1,2023,W4389696050,1.0
I201448701,I83816512,1,1,2023,W4389696050,1.0
I201448701,I85507684,1,1,2023,W4389696050,1.0
I201448701,I8636806,1,1,2023,W4389696050,1.0
I201448701,I4210164937,1,1,2023,W4390873086,1.0
I201537933,I4210126580,1,1,2023,W4386051124,1.0
I201537933,I74801974,1,1,2023,W4386051124,1.0
I201537933,I4210093896,1,1,2023,W4387326101,1.0
I201537933,I85324120,1,1,2023,W4387326101,1.0
I201726411,I36721946,1,1,2023,W4376866715,1.0
I201726411,I4210105992,1,1,2023,W4376866715,1.0
I201726411,I4210152471,1,1,2023,W4376866715,1.0
I20231570,I2802957242,4,4,2023,W4366241052;W4366983955;W4376871127;W4378640065,0.25
I20231570,I4210113254,4,4,2023,W4366241052;W4366983955;W4376871127;W4378640065,0.25
I20231570,I5740404,4,4,2023,W4366241052;W4366983955;W4376871127;W4378640065,0.25
I20231570,I87710204,2,2,2023,W4366241052;W4366983955,0.5
I20231570,I91935597,2,2,2023,W4366241052;W4366983955,0.5
I20231570,I223822909,1,1,2023,W4366983955,1.0
I20231570,I39343248,2,2,2023,W4366983955;W4378640065,0.5
I20231570,I4210108985,1,1,2023,W4367359628,1.0
I20231570,I4210122818,1,1,2023,W4378640065,1.0
I20231570,I4210126298,1,1,2023,W4378640065,1.0
I20231570,I4210153043,1,1,2023,W4378640065,1.0
I20231570,I4210165067,1,1,2023,W4378640065,1.0
I20231570,I4210165424,1,1,2023,W4378640065,1.0
I20231570,I75951250,1,1,2023,W4378640065,1.0
I20231570,I7877124,1,1,2023,W4378640065,1.0
I20231570,I4210141942,1,1,2023,W4381715378,1.0
I20231570,I35928602,4,4,2023,W4383753323;W4387412926;W4389201667;W4392158858,0.25
I20231570,I44461941,3,3,2023,W4383753323;W4387412926;W4392158858,0.3333333333333333
I20231570,I82497590,3,3,2023,W4383753323;W4387412926;W4392158858,0.3333333333333333
I20231570,I4210124949,1,1,2023,W4385571886,1.0
I20231570,I99065089,6,6,2023,W4385571886;W4387967988;W4388922836;W4389764468;W4390889802;W4391054939,0.16666666666666666
I20231570,I4210164937,2,2,2023,W4386075767;W4391054939,0.5
I20231570,I78988378,2,2,2023,W4386075767;W4389764468,0.5
I20231570,I4210100255,3,3,2023,W4386170336;W4390872992;W4390874324,0.3333333333333333
I20231570,I4210136793,3,3,2023,W4386275830;W4387967930;W4390889802,0.3333333333333333
I20231570,I4210166112,1,1,2023,W4386275830,1.0
I20231570,I56934997,1,1,2023,W4386275830,1.0
I20231570,I2250653659,2,2,2023,W4386528681;W4389267014,0.5
I20231570,I35440088,1,1,2023,W4386528681,1.0
I20231570,I4210164802,2,2,2023,W4386528681;W4387195417,0.5
I20231570,I4210161460,1,1,2023,W4387195417,1.0
I20231570,I4210113369,2,2,2023,W4387968628;W4404515031,0.5
I20231570,I87445476,1,1,2023,W4387968628,1.0
I20231570,I4401726859,1,1,2023,W4388191297,1.0
I20231570,I24943067,2,2,2023,W4388215072;W4389764468,0.5
I20231570,I204730241,1,1,2023,W4388922836,1.0
I20231570,I2799299286,1,1,2023,W4388922836,1.0
I20231570,I4210097159,1,1,2023,W4388922836,1.0
I20231570,I4210103535,1,1,2023,W4388922836,1.0
I20231570,I4210105949,1,1,2023,W4388922836,1.0
I20231570,I4210107668,1,1,2023,W4388922836,1.0
I20231570,I4210112079,1,1,2023,W4388922836,1.0
I20231570,I4210116917,1,1,2023,W4388922836,1.0
I20231570,I4210126319,1,1,2023,W4388922836,1.0
I20231570,I4210127304,1,1,2023,W4388922836,1.0
I20231570,I4210150574,1,1,2023,W4388922836,1.0
I20231570,I4210155576,1,1,2023,W4388922836,1.0
I20231570,I45129253,1,1,2023,W4388922836,1.0
I20231570,I82880672,1,1,2023,W4388922836,1.0
I20231570,I848706,1,1,2023,W4388922836,1.0
I20231570,I98251732,1,1,2023,W4388922836,1.0
I20231570,I98285908,1,1,2023,W4388922836,1.0
I20231570,I32038505,1,1,2023,W4389201667,1.0
I20231570,I39854758,1,1,2023,W4389201667,1.0
I20231570,I4210152127,1,1,2023,W4389201667,1.0
I20231570,I91045830,1,1,2023,W4389201667,1.0
I20231570,I32971472,2,2,2023,W4389267014;W4390874324,0.5
I20231570,I40120149,1,1,2023,W4389267014,1.0
I20231570,I4210125878,1,1,2023,W4389267014,1.0
I20231570,I4210146410,1,1,2023,W4389267014,1.0
I20231570,I4210095624,1,1,2023,W4389518608,1.0
I20231570,I889458895,2,2,2023,W4389518968;W4389764468,0.5
I20231570,I27357992,1,1,2023,W4389764468,1.0
I20231570,I4210159102,1,1,2023,W4389764468,1.0
I20231570,I4391012619,2,2,2023,W4389764468;W4390874324,0.5
I20231570,I4210093964,1,1,2023,W4390064615,1.0
I20231570,I4210123185,1,1,2023,W4390064615,1.0
I20231570,I76130692,1,1,2023,W4390064615,1.0
I20231570,I881766915,1,1,2023,W4390874074,1.0
I20231570,I95457486,1,1,2023,W4390874074,1.0
I20231570,I4210135422,1,1,2023,W4391054939,1.0
I20231570,I3133055985,1,1,2023,W4404515031,1.0
I20231570,I4210094879,1,1,2023,W4404515031,1.0
I20231570,I74973139,1,1,2023,W4404515031,1.0
I202391551,I207624831,1,1,2023,W4382796759,1.0
I202391551,I21250087,1,1,2023,W4382796759,1.0
I202391551,I4210144394,1,1,2023,W4382796759,1.0
I202524275,I4210093665,1,1,2023,W4381104068,1.0
I202524275,I4391768151,1,1,2023,W4381104068,1.0
I202524275,I917207718,1,1,2023,W4381104068,1.0
I202697423,I54157616,3,3,2023,W4318485861;W4372219079;W4389519268,0.3333333333333333
I202697423,I5124864,1,1,2023,W4383377279,1.0
I202697423,I62916508,1,1,2023,W4383377279,1.0
I202697423,I4210100468,1,1,2023,W4387327030,1.0
I202697423,I4210128276,1,1,2023,W4387327030,1.0
I202697423,I4210138654,1,1,2023,W4387327030,1.0
I202697423,I4387153495,1,1,2023,W4387327030,1.0
I202697423,I71267560,1,1,2023,W4387327030,1.0
I202697423,I872922937,1,1,2023,W4387327030,1.0
I202697423,I8901234,1,1,2023,W4387327030,1.0
I202697423,I900890020,1,1,2023,W4387327030,1.0
I202697423,I2746051580,1,1,2023,W4387633104,1.0
I202697423,I29607241,1,1,2023,W4387633104,1.0
I202697423,I40120149,2,2,2023,W4387633104;W4389519268,0.5
I202697423,I4210114522,1,1,2023,W4387633104,1.0
I202697423,I90669466,1,1,2023,W4387633104,1.0
I202697423,I35440088,1,1,2023,W4389519268,1.0
I202697423,I63664421,1,1,2023,W4389519268,1.0
I202697423,I204778367,1,1,2023,W4389696050,1.0
I202697423,I23946033,1,1,2023,W4389696050,1.0
I202697423,I32389192,1,1,2023,W4389696050,1.0
I202697423,I33858575,1,1,2023,W4389696050,1.0
I202697423,I40434647,1,1,2023,W4389696050,1.0
I202697423,I4210087936,1,1,2023,W4389696050,1.0
I202697423,I4210095594,1,1,2023,W4389696050,1.0
I202697423,I4210113179,1,1,2023,W4389696050,1.0
I202697423,I4210127871,1,1,2023,W4389696050,1.0
I202697423,I4210134505,1,1,2023,W4389696050,1.0
I202697423,I4210137813,1,1,2023,W4389696050,1.0
I202697423,I4210151290,1,1,2023,W4389696050,1.0
I202697423,I4210161436,1,1,2023,W4389696050,1.0
I202697423,I49828101,1,1,2023,W4389696050,1.0
I202697423,I51235708,1,1,2023,W4389696050,1.0
I202697423,I54316950,1,1,2023,W4389696050,1.0
I202697423,I73417466,1,1,2023,W4389696050,1.0
I202697423,I80810150,1,1,2023,W4389696050,1.0
I202697423,I83259278,1,1,2023,W4389696050,1.0
I202697423,I83816512,1,1,2023,W4389696050,1.0
I202697423,I85507684,1,1,2023,W4389696050,1.0
I202697423,I8636806,1,1,2023,W4389696050,1.0
I202697423,I202963720,1,1,2023,W4389898530,1.0
I202735123,I94625822,1,1,2023,W4390283806,1.0
I202963720,I4210145378,1,1,2023,W4361204756,1.0
I202963720,I4210166399,1,1,2023,W4361204756,1.0
I202963720,I97018004,1,1,2023,W4361204756,1.0
I202963720,I5124864,1,1,2023,W4385565334,1.0
I202963720,I74623043,1,1,2023,W4388994349,1.0
I203238179,I28407311,1,1,2023,W4390135262,1.0
I203238179,I4210089853,1,1,2023,W4390135262,1.0
I203238179,I4210128584,1,1,2023,W4390135262,1.0
I203238179,I4210146430,1,1,2023,W4390135262,1.0
I203238179,I4210155937,1,1,2023,W4390135262,1.0
I203238179,I4210160376,1,1,2023,W4390135262,1.0
I203951103,I22299242,1,1,2023,W4378528433,1.0
I203951103,I4210093006,1,1,2023,W4386117324,1.0
I203951103,I4210126829,1,1,2023,W4386117324,1.0
I203951103,I56019348,1,1,2023,W4386117324,1.0
I203951103,I68171755,1,1,2023,W4386117324,1.0
I203951103,I92582371,1,1,2023,W4386117324,1.0
I203951103,I241749,1,1,2023,W4386200967,1.0
I203951103,I4210090013,1,1,2023,W4386200967,1.0
I203951103,I4210090411,1,1,2023,W4386200967,1.0
I203951103,I4210096386,1,1,2023,W4386200967,1.0
I203951103,I95457486,1,1,2023,W4386200967,1.0
I204136569,I86987016,1,1,2023,W4390098701,1.0
I204136569,I39586589,1,1,2023,W4390427686,1.0
I204250578,I60922564,1,1,2023,W4366591012,1.0
I204308271,I241749,1,1,2023,W4386572315,1.0
I204308271,I2799299286,1,1,2023,W4386572315,1.0
I204308271,I36258959,1,1,2023,W4386572315,1.0
I204308271,I4210087915,1,1,2023,W4386572315,1.0
I204308271,I4210116917,1,1,2023,W4386572315,1.0
I204308271,I4210127055,1,1,2023,W4386572315,1.0
I204308271,I4210150574,1,1,2023,W4386572315,1.0
I204308271,I45129253,1,1,2023,W4386572315,1.0
I204308271,I51713134,1,1,2023,W4386572315,1.0
I204308271,I97018004,1,1,2023,W4386572315,1.0
I204308271,I98704320,1,1,2023,W4386572315,1.0
I204337017,I241749,2,2,2023,W4318245347;W4385954435,0.5
I204337017,I4210096386,2,2,2023,W4318245347;W4385954435,0.5
I204337017,I205783295,1,1,2023,W4322006551,1.0
I204337017,I4210086490,1,1,2023,W4385954435,1.0
I204337017,I4577782,1,1,2023,W4385954435,1.0
I204337017,I2802335433,1,1,2023,W4386447283,1.0
I204337017,I34352273,1,1,2023,W4386447283,1.0
I204337017,I4210087915,1,1,2023,W4386447283,1.0
I204337017,I4210117453,1,1,2023,W4386447283,1.0
I204337017,I4210161994,1,1,2023,W4386447283,1.0
I204337017,I4210164862,1,1,2023,W4386447283,1.0
I204337017,I204730241,1,1,2023,W4388834475,1.0
I204337017,I4210154111,1,1,2023,W4388834475,1.0
I204337017,I4387153539,1,1,2023,W4388834475,1.0
I204465549,I78988378,1,1,2023,W4378877398,1.0
I204465549,I4210096112,1,1,2023,W4386075682,1.0
I204465549,I4210147875,1,1,2023,W4386529373,1.0
I204465549,I47838141,1,1,2023,W4386700994,1.0
I204465549,I219193219,1,1,2023,W4389519059,1.0
I204512498,I26092322,2,2,2023,W4380629073;W4390311827,0.5
I204512498,I4210145761,3,3,2023,W4380629073;W4390311827;W4390872822,0.3333333333333333
I204512498,I4210165038,2,2,2023,W4380629073;W4390872822,0.5
I204512498,I889458895,1,1,2023,W4380629073,1.0
I204512498,I98251732,1,1,2023,W4380629073,1.0
I204512498,I2800393352,1,1,2023,W4383812952,1.0
I204512498,I6469544,1,1,2023,W4390872822,1.0
I204593131,I24027795,1,1,2023,W4360620450,1.0
I204593131,I244572783,1,1,2023,W4360620450,1.0
I204593131,I255234318,1,1,2023,W4360620450,1.0
I204593131,I25846049,1,1,2023,W4360620450,1.0
I204593131,I2613432,1,1,2023,W4360620450,1.0
I204593131,I27878738,1,1,2023,W4360620450,1.0
I204593131,I2802797706,1,1,2023,W4360620450,1.0
I204593131,I28407311,1,1,2023,W4360620450,1.0
I204593131,I31746571,1,1,2023,W4360620450,1.0
I204593131,I32394136,1,1,2023,W4360620450,1.0
I204593131,I36234482,1,1,2023,W4360620450,1.0
I204593131,I39586589,1,1,2023,W4360620450,1.0
I204593131,I4210131537,1,1,2023,W4360620450,1.0
I204593131,I4390039323,1,1,2023,W4360620450,1.0
I204593131,I4394709253,1,1,2023,W4360620450,1.0
I204593131,I44430492,1,1,2023,W4360620450,1.0
I204593131,I47818738,1,1,2023,W4360620450,1.0
I204593131,I55060895,1,1,2023,W4360620450,1.0
I204593131,I63098007,1,1,2023,W4360620450,1.0
I204593131,I68891433,1,1,2023,W4360620450,1.0
I204593131,I71052956,1,1,2023,W4360620450,1.0
I204593131,I78715868,1,1,2023,W4360620450,1.0
I204593131,I80281795,1,1,2023,W4360620450,1.0
I204593131,I91136226,1,1,2023,W4360620450,1.0
I204593131,I9300472,1,1,2023,W4360620450,1.0
I204593131,I931969281,1,1,2023,W4360620450,1.0
I204593131,I9360294,1,1,2023,W4360620450,1.0
I204593131,I98358874,1,1,2023,W4360620450,1.0
I204730241,I4210092774,1,1,2023,W4322757547,1.0
I204730241,I4210097159,2,2,2023,W4322757547;W4388922836,0.5
I204730241,I4210122116,1,1,2023,W4322757547,1.0
I204730241,I4210127304,2,2,2023,W4322757547;W4388922836,0.5
I204730241,I4210154111,1,1,2023,W4388834475,1.0
I204730241,I4387153539,1,1,2023,W4388834475,1.0
I204730241,I2799299286,1,1,2023,W4388922836,1.0
I204730241,I4210103535,1,1,2023,W4388922836,1.0
I204730241,I4210105949,1,1,2023,W4388922836,1.0
I204730241,I4210107668,1,1,2023,W4388922836,1.0
I204730241,I4210112079,1,1,2023,W4388922836,1.0
I204730241,I4210116917,1,1,2023,W4388922836,1.0
I204730241,I4210126319,1,1,2023,W4388922836,1.0
I204730241,I4210150574,1,1,2023,W4388922836,1.0
I204730241,I4210155576,1,1,2023,W4388922836,1.0
I204730241,I45129253,1,1,2023,W4388922836,1.0
I204730241,I82880672,1,1,2023,W4388922836,1.0
I204730241,I848706,1,1,2023,W4388922836,1.0
I204730241,I98251732,1,1,2023,W4388922836,1.0
I204730241,I98285908,1,1,2023,W4388922836,1.0
I204730241,I99065089,1,1,2023,W4388922836,1.0
I204778367,I82952536,1,1,2023,W4387100990,1.0
I204778367,I22265921,1,1,2023,W4387379065,1.0
I204778367,I244572783,1,1,2023,W4387379065,1.0
I204778367,I27878738,1,1,2023,W4387379065,1.0
I204778367,I2801106189,1,1,2023,W4387379065,1.0
I204778367,I3122748864,1,1,2023,W4387379065,1.0
I204778367,I39586589,1,1,2023,W4387379065,1.0
I204778367,I4210134189,1,1,2023,W4387379065,1.0
I204778367,I4387930215,1,1,2023,W4387379065,1.0
I204778367,I55285296,1,1,2023,W4387379065,1.0
I204778367,I56007636,1,1,2023,W4387379065,1.0
I204778367,I60342839,1,1,2023,W4387379065,1.0
I204778367,I68891433,1,1,2023,W4387379065,1.0
I204778367,I79156528,1,1,2023,W4387379065,1.0
I204778367,I931278978,1,1,2023,W4387379065,1.0
I204778367,I931681460,1,1,2023,W4387379065,1.0
I204778367,I96413208,1,1,2023,W4387379065,1.0
I204778367,I23946033,1,1,2023,W4389696050,1.0
I204778367,I32389192,1,1,2023,W4389696050,1.0
I204778367,I33858575,1,1,2023,W4389696050,1.0
I204778367,I40434647,1,1,2023,W4389696050,1.0
I204778367,I4210087936,1,1,2023,W4389696050,1.0
I204778367,I4210095594,1,1,2023,W4389696050,1.0
I204778367,I4210113179,1,1,2023,W4389696050,1.0
I204778367,I4210127871,1,1,2023,W4389696050,1.0
I204778367,I4210134505,1,1,2023,W4389696050,1.0
I204778367,I4210137813,1,1,2023,W4389696050,1.0
I204778367,I4210151290,1,1,2023,W4389696050,1.0
I204778367,I4210161436,1,1,2023,W4389696050,1.0
I204778367,I49828101,1,1,2023,W4389696050,1.0
I204778367,I51235708,1,1,2023,W4389696050,1.0
I204778367,I54316950,1,1,2023,W4389696050,1.0
I204778367,I73417466,1,1,2023,W4389696050,1.0
I204778367,I80810150,1,1,2023,W4389696050,1.0
I204778367,I83259278,1,1,2023,W4389696050,1.0
I204778367,I83816512,1,1,2023,W4389696050,1.0
I204778367,I85507684,1,1,2023,W4389696050,1.0
I204778367,I8636806,1,1,2023,W4389696050,1.0
I204778367,I68288478,1,1,2023,W4391528951,1.0
I204824540,I32971472,1,1,2023,W4387809804,1.0
I204824540,I74775410,1,1,2023,W4387809804,1.0
I204824540,I2250653659,1,1,2023,W4388331220,1.0
I204824540,I5681781,2,2,2023,W4388331220;W4388713229,0.5
I204983213,I4210103986,1,1,2023,W4365801687,1.0
I204983213,I4210136793,11,11,2023,W4365801687;W4385572063;W4386352882;W4387037106;W4387968071;W4388692450;W4389524308;W4390679741;W4390871890;W4390874393;W4392669905,0.09090909090909091
I204983213,I44445938,1,1,2023,W4367060669,1.0
I204983213,I82880672,3,3,2023,W4375928651;W4387428001;W4389520222,0.3333333333333333
I204983213,I2250653659,1,1,2023,W4385572063,1.0
I204983213,I56590836,1,1,2023,W4385572063,1.0
I204983213,I4210154505,2,2,2023,W4386113259;W4390874393,0.5
I204983213,I4210104954,1,1,2023,W4386352882,1.0
I204983213,I4210166055,1,1,2023,W4386352882,1.0
I204983213,I4401726822,1,1,2023,W4387037106,1.0
I204983213,I3923682,1,1,2023,W4387969591,1.0
I204983213,I4210094879,1,1,2023,W4387969591,1.0
I204983213,I4210145761,1,1,2023,W4388692450,1.0
I204983213,I37461747,2,2,2023,W4389520222;W4389610328,0.5
I204983213,I4210102458,1,1,2023,W4389524308,1.0
I204983213,I4210159102,1,1,2023,W4389524308,1.0
I204983213,I4210118728,1,1,2023,W4389610328,1.0
I204983213,I4210137199,1,1,2023,W4390284969,1.0
I204983213,I4210165038,1,1,2023,W4390284969,1.0
I204983213,I99041443,1,1,2023,W4390284969,1.0
I204983213,I27357992,1,1,2023,W4390871890,1.0
I205023500,I4210137306,2,2,2023,W4315606663;W4389403907,0.5
I205023500,I4210139231,1,1,2023,W4315606663,1.0
I205023500,I4210147944,1,1,2023,W4315606663,1.0
I205023500,I53107984,1,1,2023,W4315606663,1.0
I205023500,I87216513,1,1,2023,W4315606663,1.0
I205023500,I90523175,2,2,2023,W4315606663;W4327519588,0.5
I205023500,I40347166,2,2,2023,W4377000868;W4389403907,0.5
I205023500,I63966007,1,1,2023,W4377000868,1.0
I205023500,I27116053,1,1,2023,W4389403907,1.0
I205023500,I2800565835,1,1,2023,W4389403907,1.0
I205023500,I2801851002,1,1,2023,W4389403907,1.0
I205023500,I29955533,1,1,2023,W4389403907,1.0
I205023500,I4210108999,1,1,2023,W4389403907,1.0
I205023500,I4210119109,1,1,2023,W4389403907,1.0
I205023500,I4210140380,1,1,2023,W4389403907,1.0
I205023500,I4210145102,1,1,2023,W4389403907,1.0
I205023500,I4210153792,1,1,2023,W4389403907,1.0
I205023500,I4210155092,1,1,2023,W4389403907,1.0
I205023500,I44829897,1,1,2023,W4389403907,1.0
I205023500,I51556381,1,1,2023,W4389403907,1.0
I205023500,I57206974,1,1,2023,W4389403907,1.0
I205023500,I88874673,1,1,2023,W4389403907,1.0
I205023500,I90326151,1,1,2023,W4389403907,1.0
I205023500,I97018004,1,1,2023,W4389403907,1.0
I205051169,I23923803,1,1,2023,W4386697749,1.0
I205051169,I2799390153,1,1,2023,W4386697749,1.0
I205051169,I2802266942,1,1,2023,W4386697749,1.0
I205051169,I2802775644,1,1,2023,W4386697749,1.0
I205051169,I28407311,1,1,2023,W4386697749,1.0
I205051169,I36234482,1,1,2023,W4386697749,1.0
I205051169,I40120149,1,1,2023,W4386697749,1.0
I205051169,I4210111135,1,1,2023,W4386697749,1.0
I205051169,I4210126452,1,1,2023,W4386697749,1.0
I205051169,I4210140114,1,1,2023,W4386697749,1.0
I205051169,I4210150574,1,1,2023,W4386697749,1.0
I205051169,I43439940,1,1,2023,W4386697749,1.0
I205051169,I45129253,1,1,2023,W4386697749,1.0
I205051169,I7882870,1,1,2023,W4386697749,1.0
I205051169,I79510175,1,1,2023,W4386697749,1.0
I205051169,I79619799,1,1,2023,W4386697749,1.0
I205051169,I84884186,1,1,2023,W4386697749,1.0
I205051169,I98677209,1,1,2023,W4386697749,1.0
I205237279,I4210103986,1,1,2023,W4387846478,1.0
I205274468,I40120149,1,1,2023,W4367188881,1.0
I205274468,I4210128584,1,1,2023,W4367188881,1.0
I205274468,I98677209,1,1,2023,W4367188881,1.0
I205274468,I4210108778,1,1,2023,W4382678522,1.0
I205274468,I4210112872,1,1,2023,W4382678522,1.0
I205274468,I4210129883,1,1,2023,W4382678522,1.0
I205274468,I78650965,1,1,2023,W4382678522,1.0
I205274468,I3133184724,1,1,2023,W4383913712,1.0
I205274468,I4210119896,1,1,2023,W4383913712,1.0
I205274468,I51601045,1,1,2023,W4383913712,1.0
I205274468,I56590836,1,1,2023,W4383913712,1.0
I205274468,I60733029,1,1,2023,W4383913712,1.0
I205274468,I71052956,1,1,2023,W4383913712,1.0
I205274468,I79619799,1,1,2023,W4383913712,1.0
I205274468,I82284825,1,1,2023,W4383913712,1.0
I205274468,I84884186,1,1,2023,W4383913712,1.0
I205349734,I21851649,1,1,2023,W4385597618,1.0
I205349734,I4210087400,1,1,2023,W4385597618,1.0
I205349734,I4210102350,1,1,2023,W4385597618,1.0
I205349734,I4210107779,1,1,2023,W4385597618,1.0
I205349734,I4210129365,1,1,2023,W4385597618,1.0
I205349734,I4210136522,1,1,2023,W4385597618,1.0
I205349734,I4210151342,1,1,2023,W4385597618,1.0
I205783295,I27429435,1,1,2023,W4313453247,1.0
I205783295,I4387153466,13,13,2023,W4313453247;W4320709434;W4322492105;W4366368023;W4366580365;W4366823941;W4379094566;W4384615843;W4386120650;W4386772055;W4387014587;W4389213050;W4390277067,0.07692307692307693
I205783295,I75917431,1,1,2023,W4313453247,1.0
I205783295,I57206974,3,3,2023,W4318069287;W4322492105;W4385490607,0.3333333333333333
I205783295,I2802216851,6,6,2023,W4320709434;W4366368023;W4378232928;W4379094566;W4386772055;W4387014587,0.16666666666666666
I205783295,I4210092922,7,7,2023,W4320709434;W4366368023;W4378232928;W4379094566;W4386772055;W4387014587;W4390277067,0.14285714285714285
I205783295,I4210109259,7,7,2023,W4320709434;W4366368023;W4378232928;W4379094566;W4386772055;W4387014587;W4390277067,0.14285714285714285
I205783295,I4210114445,7,7,2023,W4320709434;W4366368023;W4378232928;W4379094566;W4386772055;W4387014587;W4390277067,0.14285714285714285
I205783295,I55302922,7,7,2023,W4320709434;W4366368023;W4378232928;W4379094566;W4386772055;W4387014587;W4390277067,0.14285714285714285
I205783295,I94734805,3,3,2023,W4320709434;W4378232928;W4387014587,0.3333333333333333
I205783295,I4210086933,1,1,2023,W4322492105,1.0
I205783295,I2800817003,1,1,2023,W4327860966,1.0
I205783295,I4210142109,1,1,2023,W4327860966,1.0
I205783295,I55732556,1,1,2023,W4327860966,1.0
I205783295,I96062909,1,1,2023,W4327860966,1.0
I205783295,I4210127646,1,1,2023,W4366454938,1.0
I205783295,I4210133362,1,1,2023,W4366454938,1.0
I205783295,I66946132,1,1,2023,W4366454938,1.0
I205783295,I70983195,1,1,2023,W4366454938,1.0
I205783295,I76903346,1,1,2023,W4366454938,1.0
I205783295,I95457486,2,2,2023,W4366548330;W4383679928,0.5
I205783295,I4210096498,1,1,2023,W4366580365,1.0
I205783295,I79576946,2,2,2023,W4366580365;W4385447813,0.5
I205783295,I4210087915,3,3,2023,W4366823941;W4386120650;W4389213050,0.3333333333333333
I205783295,I78577930,2,2,2023,W4366823941;W4386120650,0.5
I205783295,I86519309,2,2,2023,W4366823941;W4386120650,0.5
I205783295,I4210105967,1,1,2023,W4378232928,1.0
I205783295,I4210109390,1,1,2023,W4384615843,1.0
I205783295,I36788626,2,2,2023,W4385447813;W4386076015,0.5
I205783295,I4210151850,1,1,2023,W4385447813,1.0
I205783295,I4210157222,1,1,2023,W4385447813,1.0
I205783295,I84340266,1,1,2023,W4385447813,1.0
I205783295,I32971472,1,1,2023,W4385449797,1.0
I205783295,I97018004,3,3,2023,W4385449797;W4385490607;W4386076015,0.3333333333333333
I205783295,I241749,3,3,2023,W4385490607;W4387014587;W4390277067,0.3333333333333333
I205783295,I27804330,1,1,2023,W4385490607,1.0
I205783295,I4210090411,1,1,2023,W4385490607,1.0
I205783295,I4210092658,1,1,2023,W4385490607,1.0
I205783295,I4210094983,1,1,2023,W4385490607,1.0
I205783295,I4210110431,1,1,2023,W4385490607,1.0
I205783295,I4210113297,1,1,2023,W4385490607,1.0
I205783295,I4210113369,1,1,2023,W4385490607,1.0
I205783295,I4210113480,1,1,2023,W4385490607,1.0
I205783295,I4210127875,1,1,2023,W4385490607,1.0
I205783295,I4210134579,1,1,2023,W4385490607,1.0
I205783295,I4210135670,1,1,2023,W4385490607,1.0
I205783295,I4210153546,1,1,2023,W4385490607,1.0
I205783295,I4210155419,1,1,2023,W4385490607,1.0
I205783295,I4210164802,1,1,2023,W4385490607,1.0
I205783295,I4210164862,1,1,2023,W4385490607,1.0
I205783295,I4387153999,1,1,2023,W4385490607,1.0
I205783295,I63966007,3,3,2023,W4385490607;W4389213050;W4389786948,0.3333333333333333
I205783295,I70931966,1,1,2023,W4385490607,1.0
I205783295,I74973139,1,1,2023,W4385490607,1.0
I205783295,I887064364,1,1,2023,W4385490607,1.0
I205783295,I36258959,1,1,2023,W4386081001,1.0
I205783295,I869089601,1,1,2023,W4386081001,1.0
I205783295,I2799503643,1,1,2023,W4386120650,1.0
I205783295,I4210096815,1,1,2023,W4386120650,1.0
I205783295,I867280407,1,1,2023,W4386120650,1.0
I205783295,I2801502816,1,1,2023,W4386772055,1.0
I205783295,I91045830,1,1,2023,W4386772055,1.0
I205783295,I4210127055,1,1,2023,W4389213050,1.0
I205783295,I24603500,1,1,2023,W4389519934,1.0
I205783295,I4210090013,1,1,2023,W4390277067,1.0
I205783295,I4210096386,1,1,2023,W4390277067,1.0
I205892228,I62916508,1,1,2023,W4381167958,1.0
I207623266,I4210113520,3,3,2023,W4386075721;W4386075766;W4386076339,0.3333333333333333
I207624831,I21250087,1,1,2023,W4382796759,1.0
I207624831,I4210144394,1,1,2023,W4382796759,1.0
I207789805,I4210141667,1,1,2023,W4379052868,1.0
I207789805,I4210145659,1,1,2023,W4379052868,1.0
I210116565,I219774598,1,1,2023,W4321597163,1.0
I210116565,I223471776,1,1,2023,W4321597163,1.0
I210116565,I36893310,1,1,2023,W4321597163,1.0
I210116565,I39854758,1,1,2023,W4321597163,1.0
I210116565,I4210106490,1,1,2023,W4321597163,1.0
I210116565,I63739035,1,1,2023,W4321597163,1.0
I21193070,I4210145203,1,1,2023,W4316814893,1.0
I21193070,I91935597,1,1,2023,W4316814893,1.0
I21193070,I4210136793,2,2,2023,W4321372711;W4323338501,0.5
I21193070,I86519309,1,1,2023,W4385848801,1.0
I21193070,I60134161,1,1,2023,W4388182168,1.0
I21193070,I2250653659,1,1,2023,W4389519799,1.0
I21193070,I24943067,1,1,2023,W4389519799,1.0
I21193070,I3923682,1,1,2023,W4389519799,1.0
I21193070,I45928872,1,1,2023,W4390100390,1.0
I21250087,I4210144394,1,1,2023,W4382796759,1.0
I21250087,I3130638677,1,1,2023,W4389519188,1.0
I21250087,I33256026,1,1,2023,W4389519188,1.0
I21250087,I4210087053,1,1,2023,W4389519188,1.0
I21250087,I4210108625,1,1,2023,W4389519188,1.0
I21250087,I42934936,1,1,2023,W4389519188,1.0
I21250087,I56085075,1,1,2023,W4389519188,1.0
I21250087,I887064364,1,1,2023,W4389519188,1.0
I21250087,I98677209,1,1,2023,W4389519188,1.0
I21370196,I4210093649,1,1,2023,W4385795849,1.0
I21370196,I4210134249,1,1,2023,W4385795849,1.0
I21370196,I4210108087,1,1,2023,W4388823522,1.0
I21370196,I4210156054,1,1,2023,W4388823522,1.0
I216021267,I51452335,1,1,2023,W4387494566,1.0
I21851649,I4210087400,1,1,2023,W4385597618,1.0
I21851649,I4210102350,1,1,2023,W4385597618,1.0
I21851649,I4210107779,1,1,2023,W4385597618,1.0
I21851649,I4210129365,1,1,2023,W4385597618,1.0
I21851649,I4210136522,1,1,2023,W4385597618,1.0
I21851649,I4210151342,1,1,2023,W4385597618,1.0
I219193219,I97018004,1,1,2023,W4389113716,1.0
I219774598,I223471776,1,1,2023,W4321597163,1.0
I219774598,I36893310,1,1,2023,W4321597163,1.0
I219774598,I39854758,1,1,2023,W4321597163,1.0
I219774598,I4210106490,1,1,2023,W4321597163,1.0
I219774598,I63739035,1,1,2023,W4321597163,1.0
I220619192,I39804081,1,1,2023,W4390873211,1.0
I220619192,I4210165912,1,1,2023,W4390873211,1.0
I22265921,I244572783,1,1,2023,W4387379065,1.0
I22265921,I27878738,1,1,2023,W4387379065,1.0
I22265921,I2801106189,1,1,2023,W4387379065,1.0
I22265921,I3122748864,1,1,2023,W4387379065,1.0
I22265921,I39586589,1,1,2023,W4387379065,1.0
I22265921,I4210134189,1,1,2023,W4387379065,1.0
I22265921,I4387930215,1,1,2023,W4387379065,1.0
I22265921,I55285296,1,1,2023,W4387379065,1.0
I22265921,I56007636,1,1,2023,W4387379065,1.0
I22265921,I60342839,1,1,2023,W4387379065,1.0
I22265921,I68891433,1,1,2023,W4387379065,1.0
I22265921,I79156528,1,1,2023,W4387379065,1.0
I22265921,I931278978,1,1,2023,W4387379065,1.0
I22265921,I931681460,1,1,2023,W4387379065,1.0
I22265921,I96413208,1,1,2023,W4387379065,1.0
I22299242,I76130692,1,1,2023,W4389523710,1.0
I223471776,I36893310,1,1,2023,W4321597163,1.0
I223471776,I39854758,1,1,2023,W4321597163,1.0
I223471776,I4210106490,1,1,2023,W4321597163,1.0
I223471776,I63739035,1,1,2023,W4321597163,1.0
I223532165,I274587153,1,1,2023,W4381743186,1.0
I223532165,I2803026726,1,1,2023,W4381743186,1.0
I223532165,I4210145543,1,1,2023,W4381743186,1.0
I223532165,I4210153211,1,1,2023,W4381743186,1.0
I223532165,I544936282,1,1,2023,W4381743186,1.0
I223822909,I2802957242,1,1,2023,W4366983955,1.0
I223822909,I39343248,3,3,2023,W4366983955;W4388775426;W4389792145,0.3333333333333333
I223822909,I4210113254,1,1,2023,W4366983955,1.0
I223822909,I5740404,1,1,2023,W4366983955,1.0
I223822909,I87710204,1,1,2023,W4366983955,1.0
I223822909,I91935597,1,1,2023,W4366983955,1.0
I223822909,I2802164966,8,8,2023,W4372336638;W4384925410;W4386865118;W4387500346;W4388347957;W4388775426;W4389431826;W4389792145,0.125
I223822909,I4210111460,5,5,2023,W4372336638;W4387500346;W4388775426;W4389431826;W4389792145,0.2
I223822909,I4210120689,1,1,2023,W4372336638,1.0
I223822909,I4210126310,1,1,2023,W4372336638,1.0
I223822909,I4210162051,3,3,2023,W4372336638;W4387500346;W4389792145,0.3333333333333333
I223822909,I887968799,4,4,2023,W4372336638;W4387500346;W4388775426;W4389792145,0.25
I223822909,I254029264,1,1,2023,W4380319827,1.0
I223822909,I2801051648,1,1,2023,W4384925410,1.0
I223822909,I2801228662,1,1,2023,W4384925410,1.0
I223822909,I40246663,1,1,2023,W4384925410,1.0
I223822909,I4210089514,1,1,2023,W4384925410,1.0
I223822909,I4210156643,1,1,2023,W4384925410,1.0
I223822909,I4210129183,1,1,2023,W4386865118,1.0
I223822909,I2802821144,1,1,2023,W4387500346,1.0
I223822909,I3018134672,1,1,2023,W4387500346,1.0
I223822909,I4210108778,3,3,2023,W4387500346;W4388775426;W4389792145,0.3333333333333333
I223822909,I62916508,1,1,2023,W4387500346,1.0
I223822909,I78650965,2,2,2023,W4387500346;W4389792145,0.5
I223822909,I2800288331,1,1,2023,W4388347957,1.0
I223822909,I2800555584,1,1,2023,W4388347957,1.0
I223822909,I2802965805,1,1,2023,W4388347957,1.0
I223822909,I2961216182,1,1,2023,W4388347957,1.0
I223822909,I3018771216,1,1,2023,W4388347957,1.0
I223822909,I4210094363,1,1,2023,W4388347957,1.0
I223822909,I4210106397,1,1,2023,W4388347957,1.0
I223822909,I4210114248,1,1,2023,W4388347957,1.0
I223822909,I4210119117,1,1,2023,W4388347957,1.0
I223822909,I4210143330,1,1,2023,W4388347957,1.0
I223822909,I4210151091,1,1,2023,W4388347957,1.0
I223822909,I4210153126,1,1,2023,W4388347957,1.0
I223822909,I4210153139,1,1,2023,W4388347957,1.0
I223822909,I4210156450,1,1,2023,W4388347957,1.0
I223822909,I99464096,1,1,2023,W4388347957,1.0
I223822909,I75951250,2,2,2023,W4388775426;W4389792145,0.5
I223822909,I7877124,2,2,2023,W4388775426;W4389792145,0.5
I223822909,I8087733,1,1,2023,W4388775426,1.0
I223822909,I2801331674,1,1,2023,W4389792145,1.0
I223822909,I4210088053,1,1,2023,W4389792145,1.0
I223822909,I4210090100,1,1,2023,W4389792145,1.0
I223822909,I4210094062,1,1,2023,W4389792145,1.0
I223822909,I4210165059,1,1,2023,W4389792145,1.0
I22465464,I32971472,1,1,2023,W4385605341,1.0
I2250650973,I2802194831,1,1,2023,W4387029257,1.0
I2250650973,I848706,1,1,2023,W4387029257,1.0
I2250650973,I4387155180,1,1,2023,W4390486238,1.0
I2250653659,I27357992,1,1,2023,W4366241040,1.0
I2250653659,I4210164926,1,1,2023,W4366241040,1.0
I2250653659,I4210136793,1,1,2023,W4385572063,1.0
I2250653659,I56590836,1,1,2023,W4385572063,1.0
I2250653659,I30809798,1,1,2023,W4386065402,1.0
I2250653659,I4210153682,1,1,2023,W4386065402,1.0
I2250653659,I4210091958,1,1,2023,W4386065704,1.0
I2250653659,I4210137766,1,1,2023,W4386076403,1.0
I2250653659,I4391012619,2,2,2023,W4386076403;W4390873752,0.5
I2250653659,I76130692,2,2,2023,W4386076403;W4389519248,0.5
I2250653659,I35440088,1,1,2023,W4386528681,1.0
I2250653659,I4210164802,1,1,2023,W4386528681,1.0
I2250653659,I24943067,3,3,2023,W4387848774;W4389519799;W4390873752,0.3333333333333333
I2250653659,I4210113369,1,1,2023,W4387848774,1.0
I2250653659,I79891267,1,1,2023,W4387848774,1.0
I2250653659,I889458895,2,2,2023,W4387968981;W4390873752,0.5
I2250653659,I99065089,2,2,2023,W4387968981;W4389519394,0.5
I2250653659,I5681781,1,1,2023,W4388331220,1.0
I2250653659,I32971472,1,1,2023,W4389267014,1.0
I2250653659,I40120149,1,1,2023,W4389267014,1.0
I2250653659,I4210125878,1,1,2023,W4389267014,1.0
I2250653659,I4210146410,1,1,2023,W4389267014,1.0
I2250653659,I3133055985,1,1,2023,W4389519248,1.0
I2250653659,I4210095624,1,1,2023,W4389519248,1.0
I2250653659,I241749,1,1,2023,W4389519394,1.0
I2250653659,I3923682,1,1,2023,W4389519799,1.0
I2250653659,I4210113480,1,1,2023,W4389520065,1.0
I2250653659,I42934936,1,1,2023,W4389520065,1.0
I2250653659,I4210114105,1,1,2023,W4389524077,1.0
I2250653659,I4210108985,1,1,2023,W4389524319,1.0
I2250653659,I24185976,1,1,2023,W4389740440,1.0
I2250653659,I4210087915,1,1,2023,W4389740440,1.0
I2250653659,I4210115081,1,1,2023,W4389740440,1.0
I2250653659,I4210155419,1,1,2023,W4389740440,1.0
I2250653659,I4210157861,1,1,2023,W4389740440,1.0
I2250653659,I4210126499,1,1,2023,W4390871782,1.0
I2250653659,I71920554,1,1,2023,W4390872387,1.0
I2250653659,I74801974,1,1,2023,W4390873195,1.0
I2250653659,I4210122302,1,1,2023,W4390873752,1.0
I2250955327,I27357992,1,1,2023,W4382468457,1.0
I2250955327,I80143920,1,1,2023,W4382468457,1.0
I2250955327,I37461747,1,1,2023,W4385638369,1.0
I2250955327,I4210090176,1,1,2023,W4385638369,1.0
I2250955327,I4210100255,1,1,2023,W4385638369,1.0
I2250955327,I4210136497,1,1,2023,W4385638369,1.0
I2250955327,I4210145761,1,1,2023,W4385638369,1.0
I2250955327,I76130692,1,1,2023,W4385638369,1.0
I2250955327,I78988378,1,1,2023,W4385638369,1.0
I2250955327,I90610280,1,1,2023,W4385638369,1.0
I2250955327,I99065089,2,2,2023,W4385638369;W4385764101,0.5
I2250955327,I3131625388,1,1,2023,W4385764101,1.0
I2251586001,I4210126319,1,1,2023,W4387764436,1.0
I2251586001,I4210141097,1,1,2023,W4387764436,1.0
I2252078561,I4210155582,1,1,2023,W4389524193,1.0
I2252078561,I5023651,1,1,2023,W4389524193,1.0
I2252078561,I74973139,1,1,2023,W4389524193,1.0
I227586296,I4210098320,1,1,2023,W4389937130,1.0
I227586296,I4210107347,1,1,2023,W4389937130,1.0
I227586296,I4210108108,1,1,2023,W4389937130,1.0
I227586296,I4210121117,1,1,2023,W4389937130,1.0
I227586296,I4210125326,1,1,2023,W4389937130,1.0
I227586296,I4389424196,1,1,2023,W4389937130,1.0
I227586296,I47500176,1,1,2023,W4389937130,1.0
I227586296,I5791819,1,1,2023,W4389937130,1.0
I227586296,I61923386,1,1,2023,W4389937130,1.0
I23075662,I47164929,3,3,2023,W4380989166;W4382280195;W4386838079,0.3333333333333333
I23075662,I72264486,3,3,2023,W4380989166;W4382280195;W4386838079,0.3333333333333333
I23075662,I82952536,1,1,2023,W4386838079,1.0
I232005693,I2800562746,1,1,2023,W4389685420,1.0
I232005693,I2961216182,1,1,2023,W4389685420,1.0
I232005693,I4210097846,1,1,2023,W4389685420,1.0
I232005693,I4210152736,1,1,2023,W4389685420,1.0
I23574469,I28941729,1,1,2023,W4361028617,1.0
I23574469,I41073452,1,1,2023,W4361028617,1.0
I23574469,I60587646,1,1,2023,W4390399551,1.0
I23923803,I2802046543,1,1,2023,W4362472309,1.0
I23923803,I25254941,1,1,2023,W4378905467,1.0
I23923803,I2799973717,1,1,2023,W4378905467,1.0
I23923803,I2800262456,1,1,2023,W4378905467,1.0
I23923803,I315704651,1,1,2023,W4378905467,1.0
I23923803,I4210092744,1,1,2023,W4378905467,1.0
I23923803,I4210099977,1,1,2023,W4378905467,1.0
I23923803,I4210102999,1,1,2023,W4378905467,1.0
I23923803,I4210106352,1,1,2023,W4378905467,1.0
I23923803,I4210106526,1,1,2023,W4378905467,1.0
I23923803,I4210117555,1,1,2023,W4378905467,1.0
I23923803,I4210122844,1,1,2023,W4378905467,1.0
I23923803,I4210137309,1,1,2023,W4378905467,1.0
I23923803,I4210139347,1,1,2023,W4378905467,1.0
I23923803,I4210141715,1,1,2023,W4378905467,1.0
I23923803,I4210165038,1,1,2023,W4378905467,1.0
I23923803,I5023651,1,1,2023,W4378905467,1.0
I23923803,I59270414,1,1,2023,W4378905467,1.0
I23923803,I60200437,1,1,2023,W4378905467,1.0
I23923803,I865915315,1,1,2023,W4378905467,1.0
I23923803,I881766915,1,1,2023,W4378905467,1.0
I23923803,I887064364,1,1,2023,W4378905467,1.0
I23923803,I913481162,1,1,2023,W4378905467,1.0
I23923803,I2799390153,1,1,2023,W4386697749,1.0
I23923803,I2802266942,1,1,2023,W4386697749,1.0
I23923803,I2802775644,1,1,2023,W4386697749,1.0
I23923803,I28407311,1,1,2023,W4386697749,1.0
I23923803,I36234482,1,1,2023,W4386697749,1.0
I23923803,I40120149,1,1,2023,W4386697749,1.0
I23923803,I4210111135,1,1,2023,W4386697749,1.0
I23923803,I4210126452,1,1,2023,W4386697749,1.0
I23923803,I4210140114,1,1,2023,W4386697749,1.0
I23923803,I4210150574,1,1,2023,W4386697749,1.0
I23923803,I43439940,1,1,2023,W4386697749,1.0
I23923803,I45129253,1,1,2023,W4386697749,1.0
I23923803,I7882870,1,1,2023,W4386697749,1.0
I23923803,I79510175,1,1,2023,W4386697749,1.0
I23923803,I79619799,1,1,2023,W4386697749,1.0
I23923803,I84884186,1,1,2023,W4386697749,1.0
I23923803,I98677209,1,1,2023,W4386697749,1.0
I23944027,I25871817,1,1,2023,W4388277090,1.0
I23944027,I2801987317,1,1,2023,W4388277090,1.0
I23944027,I33213144,1,1,2023,W4388277090,1.0
I23944027,I98677209,1,1,2023,W4388277090,1.0
I23946033,I32389192,1,1,2023,W4389696050,1.0
I23946033,I33858575,1,1,2023,W4389696050,1.0
I23946033,I40434647,1,1,2023,W4389696050,1.0
I23946033,I4210087936,1,1,2023,W4389696050,1.0
I23946033,I4210095594,1,1,2023,W4389696050,1.0
I23946033,I4210113179,1,1,2023,W4389696050,1.0
I23946033,I4210127871,1,1,2023,W4389696050,1.0
I23946033,I4210134505,1,1,2023,W4389696050,1.0
I23946033,I4210137813,1,1,2023,W4389696050,1.0
I23946033,I4210151290,1,1,2023,W4389696050,1.0
I23946033,I4210161436,1,1,2023,W4389696050,1.0
I23946033,I49828101,1,1,2023,W4389696050,1.0
I23946033,I51235708,1,1,2023,W4389696050,1.0
I23946033,I54316950,1,1,2023,W4389696050,1.0
I23946033,I73417466,1,1,2023,W4389696050,1.0
I23946033,I80810150,1,1,2023,W4389696050,1.0
I23946033,I83259278,1,1,2023,W4389696050,1.0
I23946033,I83816512,1,1,2023,W4389696050,1.0
I23946033,I85507684,1,1,2023,W4389696050,1.0
I23946033,I8636806,1,1,2023,W4389696050,1.0
I24027795,I244572783,1,1,2023,W4360620450,1.0
I24027795,I255234318,1,1,2023,W4360620450,1.0
I24027795,I25846049,1,1,2023,W4360620450,1.0
I24027795,I2613432,1,1,2023,W4360620450,1.0
I24027795,I27878738,1,1,2023,W4360620450,1.0
I24027795,I2802797706,1,1,2023,W4360620450,1.0
I24027795,I28407311,1,1,2023,W4360620450,1.0
I24027795,I31746571,1,1,2023,W4360620450,1.0
I24027795,I32394136,1,1,2023,W4360620450,1.0
I24027795,I36234482,1,1,2023,W4360620450,1.0
I24027795,I39586589,1,1,2023,W4360620450,1.0
I24027795,I4210131537,1,1,2023,W4360620450,1.0
I24027795,I4390039323,1,1,2023,W4360620450,1.0
I24027795,I4394709253,1,1,2023,W4360620450,1.0
I24027795,I44430492,1,1,2023,W4360620450,1.0
I24027795,I47818738,1,1,2023,W4360620450,1.0
I24027795,I55060895,1,1,2023,W4360620450,1.0
I24027795,I63098007,1,1,2023,W4360620450,1.0
I24027795,I68891433,1,1,2023,W4360620450,1.0
I24027795,I71052956,1,1,2023,W4360620450,1.0
I24027795,I78715868,1,1,2023,W4360620450,1.0
I24027795,I80281795,1,1,2023,W4360620450,1.0
I24027795,I91136226,1,1,2023,W4360620450,1.0
I24027795,I9300472,1,1,2023,W4360620450,1.0
I24027795,I931969281,1,1,2023,W4360620450,1.0
I24027795,I9360294,1,1,2023,W4360620450,1.0
I24027795,I98358874,1,1,2023,W4360620450,1.0
I240666556,I62318514,1,1,2023,W4388676634,1.0
I241749,I4210096386,6,6,2023,W4318245347;W4385954435;W4386200967;W4388409567;W4389520749;W4390277067,0.16666666666666666
I241749,I4210090013,3,3,2023,W4321606060;W4386200967;W4390277067,0.3333333333333333
I241749,I4210095925,1,1,2023,W4364378939,1.0
I241749,I4210164937,2,2,2023,W4365601419;W4387773936,0.5
I241749,I45129253,3,3,2023,W4365601419;W4386572315;W4387773936,0.3333333333333333
I241749,I74973139,2,2,2023,W4365601419;W4385490607,0.5
I241749,I40120149,3,3,2023,W4378765257;W4385804776;W4387508266,0.3333333333333333
I241749,I2800220363,1,1,2023,W4380686968,1.0
I241749,I2801081054,2,2,2023,W4380686968;W4385671288,0.5
I241749,I2802212502,1,1,2023,W4380686968,1.0
I241749,I36194607,1,1,2023,W4380686968,1.0
I241749,I39422238,1,1,2023,W4380686968,1.0
I241749,I40347166,2,2,2023,W4380686968;W4385671288,0.5
I241749,I4210094653,1,1,2023,W4380686968,1.0
I241749,I4210095073,1,1,2023,W4380686968,1.0
I241749,I4210107755,1,1,2023,W4380686968,1.0
I241749,I4210110490,2,2,2023,W4380686968;W4385671288,0.5
I241749,I4210121988,2,2,2023,W4380686968;W4385671288,0.5
I241749,I4210132596,1,1,2023,W4380686968,1.0
I241749,I4210138199,1,1,2023,W4380686968,1.0
I241749,I4210147263,2,2,2023,W4380686968;W4385671288,0.5
I241749,I5023651,2,2,2023,W4380686968;W4385671288,0.5
I241749,I5124864,2,2,2023,W4380686968;W4385671288,0.5
I241749,I5388228,2,2,2023,W4380686968;W4385671288,0.5
I241749,I54166199,1,1,2023,W4380686968,1.0
I241749,I63966007,4,4,2023,W4380686968;W4383957026;W4385490607;W4385671288,0.25
I241749,I95457486,5,5,2023,W4380686968;W4385671288;W4386200967;W4388008069;W4388458590,0.2
I241749,I95674353,2,2,2023,W4380686968;W4385671288,0.5
I241749,I35440088,1,1,2023,W4383302171,1.0
I241749,I2799503643,1,1,2023,W4383957026,1.0
I241749,I2801851002,2,2,2023,W4383957026;W4387508266,0.5
I241749,I29607241,1,1,2023,W4383957026,1.0
I241749,I4210152047,1,1,2023,W4383957026,1.0
I241749,I78577930,1,1,2023,W4383957026,1.0
I241749,I2799299286,3,3,2023,W4384561707;W4385227045;W4386572315,0.3333333333333333
I241749,I4210116917,3,3,2023,W4384561707;W4385227045;W4386572315,0.3333333333333333
I241749,I4210117485,1,1,2023,W4384561707,1.0
I241749,I4210126319,2,2,2023,W4384561707;W4385227045,0.5
I241749,I4210161109,1,1,2023,W4384561707,1.0
I241749,I79619799,1,1,2023,W4384561707,1.0
I241749,I27804330,1,1,2023,W4385490607,1.0
I241749,I4210090411,2,2,2023,W4385490607;W4386200967,0.5
I241749,I4210092658,1,1,2023,W4385490607,1.0
I241749,I4210094983,1,1,2023,W4385490607,1.0
I241749,I4210110431,1,1,2023,W4385490607,1.0
I241749,I4210113297,1,1,2023,W4385490607,1.0
I241749,I4210113369,1,1,2023,W4385490607,1.0
I241749,I4210113480,1,1,2023,W4385490607,1.0
I241749,I4210127875,1,1,2023,W4385490607,1.0
I241749,I4210134579,1,1,2023,W4385490607,1.0
I241749,I4210135670,1,1,2023,W4385490607,1.0
I241749,I4210153546,2,2,2023,W4385490607;W4387390369,0.5
I241749,I4210155419,1,1,2023,W4385490607,1.0
I241749,I4210164802,2,2,2023,W4385490607;W4388008069,0.5
I241749,I4210164862,1,1,2023,W4385490607,1.0
I241749,I4387153999,2,2,2023,W4385490607;W4387390369,0.5
I241749,I57206974,2,2,2023,W4385490607;W4387390369,0.5
I241749,I70931966,3,3,2023,W4385490607;W4387508266;W4388008069,0.3333333333333333
I241749,I887064364,1,1,2023,W4385490607,1.0
I241749,I97018004,3,3,2023,W4385490607;W4386572315;W4388458590,0.3333333333333333
I241749,I4210156221,1,1,2023,W4385569970,1.0
I241749,I91712215,1,1,2023,W4385569970,1.0
I241749,I4210107233,1,1,2023,W4385570133,1.0
I241749,I40695006,1,1,2023,W4385671288,1.0
I241749,I4210149682,1,1,2023,W4385671288,1.0
I241749,I2802123492,1,1,2023,W4385804776,1.0
I241749,I4210099312,1,1,2023,W4385804776,1.0
I241749,I4210086490,1,1,2023,W4385954435,1.0
I241749,I4577782,1,1,2023,W4385954435,1.0
I241749,I4210158342,1,1,2023,W4385987638,1.0
I241749,I36258959,1,1,2023,W4386572315,1.0
I241749,I4210087915,1,1,2023,W4386572315,1.0
I241749,I4210127055,1,1,2023,W4386572315,1.0
I241749,I4210150574,1,1,2023,W4386572315,1.0
I241749,I51713134,1,1,2023,W4386572315,1.0
I241749,I98704320,1,1,2023,W4386572315,1.0
I241749,I37796252,1,1,2023,W4386608660,1.0
I241749,I4210094879,1,1,2023,W4386608660,1.0
I241749,I4210116219,1,1,2023,W4386608660,1.0
I241749,I4210140243,1,1,2023,W4386608660,1.0
I241749,I4210151021,1,1,2023,W4386608660,1.0
I241749,I4391012619,1,1,2023,W4386608660,1.0
I241749,I55769427,1,1,2023,W4386608660,1.0
I241749,I859038795,1,1,2023,W4386608660,1.0
I241749,I2802216851,1,1,2023,W4387014587,1.0
I241749,I4210092922,2,2,2023,W4387014587;W4390277067,0.5
I241749,I4210109259,2,2,2023,W4387014587;W4390277067,0.5
I241749,I4210114445,2,2,2023,W4387014587;W4390277067,0.5
I241749,I4387153466,2,2,2023,W4387014587;W4390277067,0.5
I241749,I55302922,2,2,2023,W4387014587;W4390277067,0.5
I241749,I94734805,1,1,2023,W4387014587,1.0
I241749,I51601045,2,2,2023,W4387211403;W4387211424,0.5
I241749,I66867065,1,1,2023,W4387211424,1.0
I241749,I2802488147,1,1,2023,W4387408850,1.0
I241749,I2802641067,2,2,2023,W4387408850;W4387508266,0.5
I241749,I28046988,1,1,2023,W4387408850,1.0
I241749,I4210099137,1,1,2023,W4387408850,1.0
I241749,I4210118727,1,1,2023,W4387408850,1.0
I241749,I2799771591,1,1,2023,W4387508266,1.0
I241749,I2800540659,1,1,2023,W4387508266,1.0
I241749,I4210134973,1,1,2023,W4387508266,1.0
I241749,I4387155932,1,1,2023,W4387508266,1.0
I241749,I51556381,1,1,2023,W4387508266,1.0
I241749,I4210118691,1,1,2023,W4388409567,1.0
I241749,I4403928327,1,1,2023,W4388409567,1.0
I241749,I64180646,1,1,2023,W4388409567,1.0
I241749,I64492213,1,1,2023,W4388409567,1.0
I241749,I27837315,1,1,2023,W4389519042,1.0
I241749,I99065089,1,1,2023,W4389519394,1.0
I241749,I24676775,1,1,2023,W4390872954,1.0
I241749,I86519309,1,1,2023,W4390872954,1.0
I24185976,I24201400,3,3,2023,W4366831221;W4387211598;W4387225552,0.3333333333333333
I24185976,I4210107865,1,1,2023,W4366831221,1.0
I24185976,I4210136752,1,1,2023,W4385346108,1.0
I24185976,I4391768043,1,1,2023,W4385346108,1.0
I24185976,I4800084,1,1,2023,W4385346108,1.0
I24185976,I2800570007,1,1,2023,W4386392961,1.0
I24185976,I2801556517,1,1,2023,W4386392961,1.0
I24185976,I4210089761,2,2,2023,W4386392961;W4388035208,0.5
I24185976,I4210114190,1,1,2023,W4386392961,1.0
I24185976,I4210128910,1,1,2023,W4386392961,1.0
I24185976,I4210132741,1,1,2023,W4386392961,1.0
I24185976,I4210132906,1,1,2023,W4386392961,1.0
I24185976,I4210154361,1,1,2023,W4386392961,1.0
I24185976,I4210156804,1,1,2023,W4386392961,1.0
I24185976,I4391012619,1,1,2023,W4386392961,1.0
I24185976,I24943067,1,1,2023,W4387164668,1.0
I24185976,I4210085920,1,1,2023,W4387164668,1.0
I24185976,I4210164150,1,1,2023,W4387164668,1.0
I24185976,I30809798,1,1,2023,W4387211598,1.0
I24185976,I4210125143,2,2,2023,W4387211598;W4387225552,0.5
I24185976,I4210135459,1,1,2023,W4387211598,1.0
I24185976,I348769827,1,1,2023,W4388035208,1.0
I24185976,I47508984,1,1,2023,W4388035208,1.0
I24185976,I889458895,2,2,2023,W4388035208;W4389569555,0.5
I24185976,I99065089,1,1,2023,W4389109516,1.0
I24185976,I4401726805,1,1,2023,W4389347891,1.0
I24185976,I4210087915,1,1,2023,W4389740440,1.0
I24185976,I4210115081,1,1,2023,W4389740440,1.0
I24185976,I4210155419,1,1,2023,W4389740440,1.0
I24185976,I4210157861,1,1,2023,W4389740440,1.0
I24201400,I4210107865,1,1,2023,W4366831221,1.0
I24201400,I30809798,1,1,2023,W4387211598,1.0
I24201400,I4210125143,2,2,2023,W4387211598;W4387225552,0.5
I24201400,I4210135459,1,1,2023,W4387211598,1.0
I24407930,I4210093674,1,1,2023,W4388081044,1.0
I24407930,I79619799,1,1,2023,W4388081044,1.0
I244572783,I255234318,1,1,2023,W4360620450,1.0
I244572783,I25846049,1,1,2023,W4360620450,1.0
I244572783,I2613432,1,1,2023,W4360620450,1.0
I244572783,I27878738,2,2,2023,W4360620450;W4387379065,0.5
I244572783,I2802797706,1,1,2023,W4360620450,1.0
I244572783,I28407311,1,1,2023,W4360620450,1.0
I244572783,I31746571,1,1,2023,W4360620450,1.0
I244572783,I32394136,1,1,2023,W4360620450,1.0
I244572783,I36234482,1,1,2023,W4360620450,1.0
I244572783,I39586589,4,4,2023,W4360620450;W4379416244;W4387379065;W4389746966,0.25
I244572783,I4210131537,1,1,2023,W4360620450,1.0
I244572783,I4390039323,1,1,2023,W4360620450,1.0
I244572783,I4394709253,1,1,2023,W4360620450,1.0
I244572783,I44430492,1,1,2023,W4360620450,1.0
I244572783,I47818738,1,1,2023,W4360620450,1.0
I244572783,I55060895,1,1,2023,W4360620450,1.0
I244572783,I63098007,1,1,2023,W4360620450,1.0
I244572783,I68891433,2,2,2023,W4360620450;W4387379065,0.5
I244572783,I71052956,1,1,2023,W4360620450,1.0
I244572783,I78715868,1,1,2023,W4360620450,1.0
I244572783,I80281795,1,1,2023,W4360620450,1.0
I244572783,I91136226,1,1,2023,W4360620450,1.0
I244572783,I9300472,1,1,2023,W4360620450,1.0
I244572783,I931969281,1,1,2023,W4360620450,1.0
I244572783,I9360294,1,1,2023,W4360620450,1.0
I244572783,I98358874,1,1,2023,W4360620450,1.0
I244572783,I3122748864,2,2,2023,W4379416244;W4387379065,0.5
I244572783,I864998749,1,1,2023,W4379416244,1.0
I244572783,I2801106189,1,1,2023,W4387379065,1.0
I244572783,I4210134189,1,1,2023,W4387379065,1.0
I244572783,I4387930215,1,1,2023,W4387379065,1.0
I244572783,I55285296,1,1,2023,W4387379065,1.0
I244572783,I56007636,1,1,2023,W4387379065,1.0
I244572783,I60342839,1,1,2023,W4387379065,1.0
I244572783,I79156528,1,1,2023,W4387379065,1.0
I244572783,I931278978,1,1,2023,W4387379065,1.0
I244572783,I931681460,1,1,2023,W4387379065,1.0
I244572783,I96413208,1,1,2023,W4387379065,1.0
I245308123,I4210105839,1,1,2023,W4387741388,1.0
I245308123,I4210131964,1,1,2023,W4387741388,1.0
I245308123,I3132710747,1,1,2023,W4389203637,1.0
I245308123,I4210144850,1,1,2023,W4389203637,1.0
I24571045,I27837315,1,1,2023,W4362508319,1.0
I24571045,I4405392,1,1,2023,W4362508319,1.0
I24603500,I4210109586,1,1,2023,W4386071656,1.0
I24603500,I4210095851,1,1,2023,W4387973771,1.0
I24676775,I2802865875,2,2,2023,W4382654255;W4389966389,0.5
I24676775,I59270414,1,1,2023,W4389966389,1.0
I24676775,I86519309,1,1,2023,W4390872954,1.0
I24943067,I4210094879,1,1,2023,W4367595583,1.0
I24943067,I4210100255,1,1,2023,W4367595583,1.0
I24943067,I4210165038,1,1,2023,W4367595583,1.0
I24943067,I57093077,1,1,2023,W4367595583,1.0
I24943067,I4210085920,2,2,2023,W4387164668;W4387211596,0.5
I24943067,I4210164150,2,2,2023,W4387164668;W4387211596,0.5
I24943067,I4210113369,1,1,2023,W4387848774,1.0
I24943067,I79891267,1,1,2023,W4387848774,1.0
I24943067,I4210122302,3,3,2023,W4389518935;W4389519488;W4390873752,0.3333333333333333
I24943067,I4391012619,4,4,2023,W4389518935;W4389519488;W4389764468;W4390873752,0.25
I24943067,I3923682,1,1,2023,W4389519799,1.0
I24943067,I55712492,1,1,2023,W4389524167,1.0
I24943067,I27357992,1,1,2023,W4389764468,1.0
I24943067,I4210159102,1,1,2023,W4389764468,1.0
I24943067,I78988378,1,1,2023,W4389764468,1.0
I24943067,I889458895,2,2,2023,W4389764468;W4390873752,0.5
I24943067,I99065089,1,1,2023,W4389764468,1.0
I25041050,I4210087454,1,1,2023,W4386935603,1.0
I25041050,I4210092449,1,1,2023,W4386935603,1.0
I25112270,I4210144446,1,1,2023,W4327644588,1.0
I251738,I4210157426,1,1,2023,W4386142022,1.0
I251738,I4210159968,1,1,2023,W4386142022,1.0
I251738,I52590639,1,1,2023,W4386142022,1.0
I251738,I67357951,1,1,2023,W4386142022,1.0
I251738,I74796645,1,1,2023,W4386142022,1.0
I251738,I861853513,1,1,2023,W4386142022,1.0
I25217355,I4210116741,1,1,2023,W4380997498,1.0
I25217355,I4210131167,1,1,2023,W4380997498,1.0
I25254941,I2799973717,1,1,2023,W4378905467,1.0
I25254941,I2800262456,1,1,2023,W4378905467,1.0
I25254941,I315704651,1,1,2023,W4378905467,1.0
I25254941,I4210092744,1,1,2023,W4378905467,1.0
I25254941,I4210099977,1,1,2023,W4378905467,1.0
I25254941,I4210102999,1,1,2023,W4378905467,1.0
I25254941,I4210106352,1,1,2023,W4378905467,1.0
I25254941,I4210106526,1,1,2023,W4378905467,1.0
I25254941,I4210117555,1,1,2023,W4378905467,1.0
I25254941,I4210122844,1,1,2023,W4378905467,1.0
I25254941,I4210137309,1,1,2023,W4378905467,1.0
I25254941,I4210139347,1,1,2023,W4378905467,1.0
I25254941,I4210141715,1,1,2023,W4378905467,1.0
I25254941,I4210165038,1,1,2023,W4378905467,1.0
I25254941,I5023651,1,1,2023,W4378905467,1.0
I25254941,I59270414,1,1,2023,W4378905467,1.0
I25254941,I60200437,1,1,2023,W4378905467,1.0
I25254941,I865915315,1,1,2023,W4378905467,1.0
I25254941,I881766915,1,1,2023,W4378905467,1.0
I25254941,I887064364,1,1,2023,W4378905467,1.0
I25254941,I913481162,1,1,2023,W4378905467,1.0
I25254941,I27837315,1,1,2023,W4382567209,1.0
I25254941,I4387153386,1,1,2023,W4382567209,1.0
I25254941,I74973139,1,1,2023,W4382567209,1.0
I25254941,I91136226,1,1,2023,W4382567209,1.0
I25254941,I94658018,1,1,2023,W4382567209,1.0
I25254941,I37461747,1,1,2023,W4387250647,1.0
I25254941,I4210118728,1,1,2023,W4387250647,1.0
I25254941,I2800372957,1,1,2023,W4389506861,1.0
I25254941,I4401726859,1,1,2023,W4389506861,1.0
I25254941,I98301712,1,1,2023,W4389506861,1.0
I25399158,I4210088080,1,1,2023,W4378373043,1.0
I25399270,I41198531,1,1,2023,W4380267320,1.0
I25399270,I4210136793,1,1,2023,W4380267320,1.0
I25399270,I881766915,1,1,2023,W4380267320,1.0
I255234318,I25846049,1,1,2023,W4360620450,1.0
I255234318,I2613432,1,1,2023,W4360620450,1.0
I255234318,I27878738,1,1,2023,W4360620450,1.0
I255234318,I2802797706,1,1,2023,W4360620450,1.0
I255234318,I28407311,1,1,2023,W4360620450,1.0
I255234318,I31746571,1,1,2023,W4360620450,1.0
I255234318,I32394136,1,1,2023,W4360620450,1.0
I255234318,I36234482,1,1,2023,W4360620450,1.0
I255234318,I39586589,1,1,2023,W4360620450,1.0
I255234318,I4210131537,1,1,2023,W4360620450,1.0
I255234318,I4390039323,1,1,2023,W4360620450,1.0
I255234318,I4394709253,1,1,2023,W4360620450,1.0
I255234318,I44430492,1,1,2023,W4360620450,1.0
I255234318,I47818738,1,1,2023,W4360620450,1.0
I255234318,I55060895,1,1,2023,W4360620450,1.0
I255234318,I63098007,1,1,2023,W4360620450,1.0
I255234318,I68891433,1,1,2023,W4360620450,1.0
I255234318,I71052956,1,1,2023,W4360620450,1.0
I255234318,I78715868,1,1,2023,W4360620450,1.0
I255234318,I80281795,1,1,2023,W4360620450,1.0
I255234318,I91136226,1,1,2023,W4360620450,1.0
I255234318,I9300472,1,1,2023,W4360620450,1.0
I255234318,I931969281,1,1,2023,W4360620450,1.0
I255234318,I9360294,1,1,2023,W4360620450,1.0
I255234318,I98358874,1,1,2023,W4360620450,1.0
I256606533,I70451448,1,1,2023,W4389986031,1.0
I256606533,I884043246,1,1,2023,W4389986031,1.0
I25846049,I2613432,1,1,2023,W4360620450,1.0
I25846049,I27878738,1,1,2023,W4360620450,1.0
I25846049,I2802797706,1,1,2023,W4360620450,1.0
I25846049,I28407311,1,1,2023,W4360620450,1.0
I25846049,I31746571,1,1,2023,W4360620450,1.0
I25846049,I32394136,1,1,2023,W4360620450,1.0
I25846049,I36234482,1,1,2023,W4360620450,1.0
I25846049,I39586589,1,1,2023,W4360620450,1.0
I25846049,I4210131537,1,1,2023,W4360620450,1.0
I25846049,I4390039323,1,1,2023,W4360620450,1.0
I25846049,I4394709253,1,1,2023,W4360620450,1.0
I25846049,I44430492,1,1,2023,W4360620450,1.0
I25846049,I47818738,1,1,2023,W4360620450,1.0
I25846049,I55060895,1,1,2023,W4360620450,1.0
I25846049,I63098007,1,1,2023,W4360620450,1.0
I25846049,I68891433,1,1,2023,W4360620450,1.0
I25846049,I71052956,1,1,2023,W4360620450,1.0
I25846049,I78715868,1,1,2023,W4360620450,1.0
I25846049,I80281795,1,1,2023,W4360620450,1.0
I25846049,I91136226,1,1,2023,W4360620450,1.0
I25846049,I9300472,1,1,2023,W4360620450,1.0
I25846049,I931969281,1,1,2023,W4360620450,1.0
I25846049,I9360294,1,1,2023,W4360620450,1.0
I25846049,I98358874,1,1,2023,W4360620450,1.0
I25871817,I2801987317,1,1,2023,W4388277090,1.0
I25871817,I33213144,1,1,2023,W4388277090,1.0
I25871817,I98677209,1,1,2023,W4388277090,1.0
I258800397,I57206974,1,1,2023,W4404130344,1.0
I2592186,I63966007,1,1,2023,W4367156698,1.0
I25974101,I4210089692,1,1,2023,W4360980513,1.0
I25974101,I4577782,1,1,2023,W4360980513,1.0
I25974101,I887968799,1,1,2023,W4360980513,1.0
I25974101,I35440088,1,1,2023,W4385804996,1.0
I25974101,I99464096,1,1,2023,W4385804996,1.0
I26072440,I3131870445,1,1,2023,W4388019161,1.0
I26072440,I4210152718,1,1,2023,W4388019161,1.0
I26072440,I4387153068,1,1,2023,W4388019161,1.0
I26092322,I4210145761,2,2,2023,W4380629073;W4390311827,0.5
I26092322,I4210165038,1,1,2023,W4380629073,1.0
I26092322,I889458895,1,1,2023,W4380629073,1.0
I26092322,I98251732,1,1,2023,W4380629073,1.0
I2613432,I27878738,1,1,2023,W4360620450,1.0
I2613432,I2802797706,1,1,2023,W4360620450,1.0
I2613432,I28407311,1,1,2023,W4360620450,1.0
I2613432,I31746571,1,1,2023,W4360620450,1.0
I2613432,I32394136,1,1,2023,W4360620450,1.0
I2613432,I36234482,1,1,2023,W4360620450,1.0
I2613432,I39586589,1,1,2023,W4360620450,1.0
I2613432,I4210131537,1,1,2023,W4360620450,1.0
I2613432,I4390039323,1,1,2023,W4360620450,1.0
I2613432,I4394709253,1,1,2023,W4360620450,1.0
I2613432,I44430492,1,1,2023,W4360620450,1.0
I2613432,I47818738,1,1,2023,W4360620450,1.0
I2613432,I55060895,1,1,2023,W4360620450,1.0
I2613432,I63098007,1,1,2023,W4360620450,1.0
I2613432,I68891433,1,1,2023,W4360620450,1.0
I2613432,I71052956,1,1,2023,W4360620450,1.0
I2613432,I78715868,1,1,2023,W4360620450,1.0
I2613432,I80281795,1,1,2023,W4360620450,1.0
I2613432,I91136226,1,1,2023,W4360620450,1.0
I2613432,I9300472,1,1,2023,W4360620450,1.0
I2613432,I931969281,1,1,2023,W4360620450,1.0
I2613432,I9360294,1,1,2023,W4360620450,1.0
I2613432,I98358874,1,1,2023,W4360620450,1.0
I2613432,I4210088910,2,2,2023,W4380447240;W4387026748,0.5
I2613432,I4210156221,2,2,2023,W4380447240;W4387026748,0.5
I2613432,I3019308854,1,1,2023,W4387026748,1.0
I2613432,I4210145924,1,1,2023,W4387026748,1.0
I2613432,I74614422,1,1,2023,W4387026748,1.0
I26489229,I848706,1,1,2023,W4385484115,1.0
I26771391,I2801155476,1,1,2023,W4386574469,1.0
I26771391,I4210124208,1,1,2023,W4386729081,1.0
I26771391,I4210135161,1,1,2023,W4386729081,1.0
I26771391,I48018076,1,1,2023,W4386729081,1.0
I26771391,I79817857,1,1,2023,W4386729081,1.0
I26771391,I93131583,1,1,2023,W4386729081,1.0
I268303160,I4210149735,1,1,2023,W4387597924,1.0
I268975460,I4210095248,1,1,2023,W4386998832,1.0
I268975460,I4210108711,1,1,2023,W4386998832,1.0
I268975460,I7877124,1,1,2023,W4386998832,1.0
I268975460,I899635006,1,1,2023,W4386998832,1.0
I27116053,I2800565835,1,1,2023,W4389403907,1.0
I27116053,I2801851002,1,1,2023,W4389403907,1.0
I27116053,I29955533,1,1,2023,W4389403907,1.0
I27116053,I40347166,1,1,2023,W4389403907,1.0
I27116053,I4210108999,1,1,2023,W4389403907,1.0
I27116053,I4210119109,1,1,2023,W4389403907,1.0
I27116053,I4210137306,1,1,2023,W4389403907,1.0
I27116053,I4210140380,1,1,2023,W4389403907,1.0
I27116053,I4210145102,1,1,2023,W4389403907,1.0
I27116053,I4210153792,1,1,2023,W4389403907,1.0
I27116053,I4210155092,1,1,2023,W4389403907,1.0
I27116053,I44829897,1,1,2023,W4389403907,1.0
I27116053,I51556381,1,1,2023,W4389403907,1.0
I27116053,I57206974,1,1,2023,W4389403907,1.0
I27116053,I88874673,1,1,2023,W4389403907,1.0
I27116053,I90326151,1,1,2023,W4389403907,1.0
I27116053,I97018004,1,1,2023,W4389403907,1.0
I27357992,I37796252,2,2,2023,W4320008790;W4390357625,0.5
I27357992,I91045830,2,2,2023,W4320008790;W4390357625,0.5
I27357992,I4210164926,1,1,2023,W4366241040,1.0
I27357992,I80143920,1,1,2023,W4382468457,1.0
I27357992,I76130692,1,1,2023,W4385152034,1.0
I27357992,I82880672,1,1,2023,W4385152034,1.0
I27357992,I99065089,2,2,2023,W4385764500;W4389764468,0.5
I27357992,I4210136793,2,2,2023,W4386075647;W4390871890,0.5
I27357992,I4210159102,1,1,2023,W4389764468,1.0
I27357992,I4391012619,1,1,2023,W4389764468,1.0
I27357992,I78988378,1,1,2023,W4389764468,1.0
I27357992,I889458895,1,1,2023,W4389764468,1.0
I27357992,I79510175,1,1,2023,W4390357625,1.0
I27357992,I83740829,1,1,2023,W4390357625,1.0
I27429435,I4387153466,1,1,2023,W4313453247,1.0
I27429435,I75917431,1,1,2023,W4313453247,1.0
I274587153,I2803026726,1,1,2023,W4381743186,1.0
I274587153,I4210145543,1,1,2023,W4381743186,1.0
I274587153,I4210153211,1,1,2023,W4381743186,1.0
I274587153,I544936282,1,1,2023,W4381743186,1.0
I2746051580,I29607241,1,1,2023,W4387633104,1.0
I2746051580,I40120149,1,1,2023,W4387633104,1.0
I2746051580,I4210114522,1,1,2023,W4387633104,1.0
I2746051580,I90669466,1,1,2023,W4387633104,1.0
I27577105,I4210098941,1,1,2023,W4375856111,1.0
I27599042,I28290843,1,1,2023,W4389946433,1.0
I27599042,I4210109289,1,1,2023,W4389946433,1.0
I27599042,I57589565,1,1,2023,W4389946433,1.0
I277688954,I4403386768,1,1,2023,W4389370799,1.0
I27804330,I2801652605,1,1,2023,W4319662928,1.0
I27804330,I4210087915,6,6,2023,W4319662928;W4361295009;W4365137614;W4380291159;W4385827730;W4388695129,0.16666666666666666
I27804330,I79576946,1,1,2023,W4375850424,1.0
I27804330,I82783531,1,1,2023,W4375850424,1.0
I27804330,I2800446032,4,4,2023,W4380291159;W4383501206;W4385827730;W4388695129,0.25
I27804330,I4210090411,1,1,2023,W4385490607,1.0
I27804330,I4210092658,1,1,2023,W4385490607,1.0
I27804330,I4210094983,1,1,2023,W4385490607,1.0
I27804330,I4210110431,1,1,2023,W4385490607,1.0
I27804330,I4210113297,1,1,2023,W4385490607,1.0
I27804330,I4210113369,1,1,2023,W4385490607,1.0
I27804330,I4210113480,1,1,2023,W4385490607,1.0
I27804330,I4210127875,1,1,2023,W4385490607,1.0
I27804330,I4210134579,1,1,2023,W4385490607,1.0
I27804330,I4210135670,1,1,2023,W4385490607,1.0
I27804330,I4210153546,1,1,2023,W4385490607,1.0
I27804330,I4210155419,1,1,2023,W4385490607,1.0
I27804330,I4210164802,1,1,2023,W4385490607,1.0
I27804330,I4210164862,1,1,2023,W4385490607,1.0
I27804330,I4387153999,1,1,2023,W4385490607,1.0
I27804330,I57206974,1,1,2023,W4385490607,1.0
I27804330,I63966007,1,1,2023,W4385490607,1.0
I27804330,I70931966,1,1,2023,W4385490607,1.0
I27804330,I74973139,1,1,2023,W4385490607,1.0
I27804330,I887064364,1,1,2023,W4385490607,1.0
I27804330,I97018004,3,3,2023,W4385490607;W4388695129;W4389067443,0.3333333333333333
I27804330,I32971472,1,1,2023,W4386172820,1.0
I27804330,I4210131439,1,1,2023,W4387245383,1.0
I27804330,I4210134769,1,1,2023,W4388695129,1.0
I27804330,I8087733,1,1,2023,W4389559041,1.0
I27837315,I4405392,1,1,2023,W4362508319,1.0
I27837315,I4210102099,1,1,2023,W4380685958,1.0
I27837315,I4210149146,1,1,2023,W4380685958,1.0
I27837315,I4387153386,1,1,2023,W4382567209,1.0
I27837315,I74973139,1,1,2023,W4382567209,1.0
I27837315,I91136226,1,1,2023,W4382567209,1.0
I27837315,I94658018,1,1,2023,W4382567209,1.0
I27837315,I4210111179,1,1,2023,W4385774603,1.0
I27837315,I4210118951,1,1,2023,W4385774603,1.0
I27837315,I368840534,1,1,2023,W4388333192,1.0
I27837315,I4210122954,1,1,2023,W4388333192,1.0
I27837315,I70983195,1,1,2023,W4389523759,1.0
I27837315,I62916508,1,1,2023,W4390874211,1.0
I27837315,I66946132,1,1,2023,W4391584367,1.0
I27878738,I2802797706,1,1,2023,W4360620450,1.0
I27878738,I28407311,1,1,2023,W4360620450,1.0
I27878738,I31746571,1,1,2023,W4360620450,1.0
I27878738,I32394136,1,1,2023,W4360620450,1.0
I27878738,I36234482,1,1,2023,W4360620450,1.0
I27878738,I39586589,2,2,2023,W4360620450;W4387379065,0.5
I27878738,I4210131537,1,1,2023,W4360620450,1.0
I27878738,I4390039323,1,1,2023,W4360620450,1.0
I27878738,I4394709253,1,1,2023,W4360620450,1.0
I27878738,I44430492,1,1,2023,W4360620450,1.0
I27878738,I47818738,1,1,2023,W4360620450,1.0
I27878738,I55060895,1,1,2023,W4360620450,1.0
I27878738,I63098007,1,1,2023,W4360620450,1.0
I27878738,I68891433,2,2,2023,W4360620450;W4387379065,0.5
I27878738,I71052956,1,1,2023,W4360620450,1.0
I27878738,I78715868,1,1,2023,W4360620450,1.0
I27878738,I80281795,1,1,2023,W4360620450,1.0
I27878738,I91136226,1,1,2023,W4360620450,1.0
I27878738,I9300472,1,1,2023,W4360620450,1.0
I27878738,I931969281,1,1,2023,W4360620450,1.0
I27878738,I9360294,1,1,2023,W4360620450,1.0
I27878738,I98358874,1,1,2023,W4360620450,1.0
I27878738,I2801106189,1,1,2023,W4387379065,1.0
I27878738,I3122748864,1,1,2023,W4387379065,1.0
I27878738,I4210134189,1,1,2023,W4387379065,1.0
I27878738,I4387930215,1,1,2023,W4387379065,1.0
I27878738,I55285296,1,1,2023,W4387379065,1.0
I27878738,I56007636,1,1,2023,W4387379065,1.0
I27878738,I60342839,1,1,2023,W4387379065,1.0
I27878738,I79156528,1,1,2023,W4387379065,1.0
I27878738,I931278978,1,1,2023,W4387379065,1.0
I27878738,I931681460,1,1,2023,W4387379065,1.0
I27878738,I96413208,1,1,2023,W4387379065,1.0
I27963644,I3131870445,1,1,2023,W4386711999,1.0
I2799299286,I4210116917,6,6,2023,W4384561707;W4385227045;W4386110374;W4386572315;W4387496544;W4388922836,0.16666666666666666
I2799299286,I4210117485,1,1,2023,W4384561707,1.0
I2799299286,I4210126319,4,4,2023,W4384561707;W4385227045;W4387496544;W4388922836,0.25
I2799299286,I4210161109,1,1,2023,W4384561707,1.0
I2799299286,I79619799,1,1,2023,W4384561707,1.0
I2799299286,I4210150261,1,1,2023,W4386110374,1.0
I2799299286,I36258959,1,1,2023,W4386572315,1.0
I2799299286,I4210087915,1,1,2023,W4386572315,1.0
I2799299286,I4210127055,1,1,2023,W4386572315,1.0
I2799299286,I4210150574,2,2,2023,W4386572315;W4388922836,0.5
I2799299286,I45129253,2,2,2023,W4386572315;W4388922836,0.5
I2799299286,I51713134,1,1,2023,W4386572315,1.0
I2799299286,I97018004,1,1,2023,W4386572315,1.0
I2799299286,I98704320,1,1,2023,W4386572315,1.0
I2799299286,I4210146690,1,1,2023,W4387496544,1.0
I2799299286,I82880672,2,2,2023,W4387496544;W4388922836,0.5
I2799299286,I4210097159,1,1,2023,W4388922836,1.0
I2799299286,I4210103535,1,1,2023,W4388922836,1.0
I2799299286,I4210105949,1,1,2023,W4388922836,1.0
I2799299286,I4210107668,1,1,2023,W4388922836,1.0
I2799299286,I4210112079,1,1,2023,W4388922836,1.0
I2799299286,I4210127304,1,1,2023,W4388922836,1.0
I2799299286,I4210155576,1,1,2023,W4388922836,1.0
I2799299286,I848706,1,1,2023,W4388922836,1.0
I2799299286,I98251732,1,1,2023,W4388922836,1.0
I2799299286,I98285908,1,1,2023,W4388922836,1.0
I2799299286,I99065089,1,1,2023,W4388922836,1.0
I2799376586,I2800925808,1,1,2023,W4388540984,1.0
I2799376586,I2802285097,1,1,2023,W4388540984,1.0
I2799376586,I4399598460,1,1,2023,W4388540984,1.0
I2799390153,I2802266942,1,1,2023,W4386697749,1.0
I2799390153,I2802775644,1,1,2023,W4386697749,1.0
I2799390153,I28407311,1,1,2023,W4386697749,1.0
I2799390153,I36234482,1,1,2023,W4386697749,1.0
I2799390153,I40120149,1,1,2023,W4386697749,1.0
I2799390153,I4210111135,1,1,2023,W4386697749,1.0
I2799390153,I4210126452,1,1,2023,W4386697749,1.0
I2799390153,I4210140114,1,1,2023,W4386697749,1.0
I2799390153,I4210150574,1,1,2023,W4386697749,1.0
I2799390153,I43439940,1,1,2023,W4386697749,1.0
I2799390153,I45129253,1,1,2023,W4386697749,1.0
I2799390153,I7882870,1,1,2023,W4386697749,1.0
I2799390153,I79510175,1,1,2023,W4386697749,1.0
I2799390153,I79619799,1,1,2023,W4386697749,1.0
I2799390153,I84884186,1,1,2023,W4386697749,1.0
I2799390153,I98677209,1,1,2023,W4386697749,1.0
I2799391451,I2801240073,1,1,2023,W4388014051,1.0
I2799391451,I28166907,1,1,2023,W4388014051,1.0
I2799391451,I62916508,1,1,2023,W4388014051,1.0
I2799391451,I4210093108,1,1,2023,W4390546602,1.0
I2799503643,I2801851002,1,1,2023,W4383957026,1.0
I2799503643,I29607241,1,1,2023,W4383957026,1.0
I2799503643,I4210152047,1,1,2023,W4383957026,1.0
I2799503643,I63966007,1,1,2023,W4383957026,1.0
I2799503643,I78577930,3,3,2023,W4383957026;W4386120650;W4388129991,0.3333333333333333
I2799503643,I4210087915,1,1,2023,W4386120650,1.0
I2799503643,I4210096815,1,1,2023,W4386120650,1.0
I2799503643,I4387153466,1,1,2023,W4386120650,1.0
I2799503643,I86519309,1,1,2023,W4386120650,1.0
I2799503643,I867280407,1,1,2023,W4386120650,1.0
I2799503643,I2801970007,1,1,2023,W4388129991,1.0
I2799503643,I37696226,1,1,2023,W4388129991,1.0
I2799503643,I822440,1,1,2023,W4388129991,1.0
I2799732068,I2802384191,1,1,2023,W4383313218,1.0
I2799771591,I2800540659,1,1,2023,W4387508266,1.0
I2799771591,I2801851002,1,1,2023,W4387508266,1.0
I2799771591,I2802641067,1,1,2023,W4387508266,1.0
I2799771591,I40120149,1,1,2023,W4387508266,1.0
I2799771591,I4210134973,1,1,2023,W4387508266,1.0
I2799771591,I4387155932,1,1,2023,W4387508266,1.0
I2799771591,I51556381,1,1,2023,W4387508266,1.0
I2799771591,I70931966,1,1,2023,W4387508266,1.0
I2799798094,I2802003475,1,1,2023,W4388237833,1.0
I2799798094,I33858575,1,1,2023,W4388237833,1.0
I2799798094,I4210094747,1,1,2023,W4388237833,1.0
I2799798094,I4210137409,1,1,2023,W4388237833,1.0
I2799798094,I4210151342,1,1,2023,W4388237833,1.0
I2799798094,I4210153031,1,1,2023,W4388237833,1.0
I2799798094,I60134161,1,1,2023,W4388237833,1.0
I2799798094,I74801974,1,1,2023,W4388237833,1.0
I2799810450,I98704320,8,8,2023,W4324129637;W4379231355;W4383681802;W4385623654;W4387232979;W4388331108;W4388768480;W4389042140,0.125
I2799810450,I4210144215,1,1,2023,W4387703131,1.0
I2799810450,I4210114157,1,1,2023,W4389042140,1.0
I2799829267,I4210122849,1,1,2023,W4366735548,1.0
I2799829267,I83019370,1,1,2023,W4366735548,1.0
I2799853436,I66946132,1,1,2023,W4381469233,1.0
I2799856747,I4210118181,1,1,2023,W4388202310,1.0
I2799891827,I74973139,1,1,2023,W4386076458,1.0
I2799899409,I2801248553,1,1,2023,W4384457683,1.0
I2799899409,I4210101190,1,1,2023,W4384457683,1.0
I2799899409,I4210137306,1,1,2023,W4384457683,1.0
I2799899409,I4210167126,1,1,2023,W4384457683,1.0
I2799899409,I4387154595,1,1,2023,W4384457683,1.0
I2799899409,I63966007,1,1,2023,W4384457683,1.0
I2799899409,I97018004,1,1,2023,W4384457683,1.0
I2799973717,I2800262456,1,1,2023,W4378905467,1.0
I2799973717,I315704651,1,1,2023,W4378905467,1.0
I2799973717,I4210092744,1,1,2023,W4378905467,1.0
I2799973717,I4210099977,1,1,2023,W4378905467,1.0
I2799973717,I4210102999,1,1,2023,W4378905467,1.0
I2799973717,I4210106352,1,1,2023,W4378905467,1.0
I2799973717,I4210106526,1,1,2023,W4378905467,1.0
I2799973717,I4210117555,1,1,2023,W4378905467,1.0
I2799973717,I4210122844,1,1,2023,W4378905467,1.0
I2799973717,I4210137309,1,1,2023,W4378905467,1.0
I2799973717,I4210139347,1,1,2023,W4378905467,1.0
I2799973717,I4210141715,1,1,2023,W4378905467,1.0
I2799973717,I4210165038,1,1,2023,W4378905467,1.0
I2799973717,I5023651,1,1,2023,W4378905467,1.0
I2799973717,I59270414,1,1,2023,W4378905467,1.0
I2799973717,I60200437,1,1,2023,W4378905467,1.0
I2799973717,I865915315,1,1,2023,W4378905467,1.0
I2799973717,I881766915,1,1,2023,W4378905467,1.0
I2799973717,I887064364,1,1,2023,W4378905467,1.0
I2799973717,I913481162,1,1,2023,W4378905467,1.0
I2799990285,I4210116486,1,1,2023,W4390105593,1.0
I2799997741,I4210090238,1,1,2023,W4366204241,1.0
I2799997741,I4210099662,1,1,2023,W4366204241,1.0
I2800006345,I4210155092,1,1,2023,W4389521014,1.0
I2800051377,I31512782,1,1,2023,W4385876383,1.0
I2800139495,I28166907,1,1,2023,W4387970385,1.0
I2800139495,I71920554,1,1,2023,W4387970385,1.0
I2800154431,I36234482,1,1,2023,W4367175507,1.0
I2800188116,I4210131058,1,1,2023,W4388896357,1.0
I2800188116,I4210153126,1,1,2023,W4388896357,1.0
I2800188116,I5561750,1,1,2023,W4388896357,1.0
I2800193586,I2801857525,1,1,2023,W4387807178,1.0
I2800193586,I40347166,1,1,2023,W4387807178,1.0
I2800193586,I4210140326,1,1,2023,W4387807178,1.0
I2800193586,I47508984,1,1,2023,W4387807178,1.0
I2800214375,I4210096112,1,1,2023,W4386350524,1.0
I2800214375,I4210096394,1,1,2023,W4386350524,1.0
I2800214375,I4210116924,1,1,2023,W4386350524,1.0
I2800214375,I4210136188,1,1,2023,W4386350524,1.0
I2800214375,I4210159575,1,1,2023,W4386350524,1.0
I2800220363,I2801081054,1,1,2023,W4380686968,1.0
I2800220363,I2802212502,1,1,2023,W4380686968,1.0
I2800220363,I36194607,1,1,2023,W4380686968,1.0
I2800220363,I39422238,1,1,2023,W4380686968,1.0
I2800220363,I40347166,1,1,2023,W4380686968,1.0
I2800220363,I4210094653,1,1,2023,W4380686968,1.0
I2800220363,I4210095073,1,1,2023,W4380686968,1.0
I2800220363,I4210107755,1,1,2023,W4380686968,1.0
I2800220363,I4210110490,1,1,2023,W4380686968,1.0
I2800220363,I4210121988,1,1,2023,W4380686968,1.0
I2800220363,I4210132596,1,1,2023,W4380686968,1.0
I2800220363,I4210138199,1,1,2023,W4380686968,1.0
I2800220363,I4210147263,1,1,2023,W4380686968,1.0
I2800220363,I5023651,1,1,2023,W4380686968,1.0
I2800220363,I5124864,1,1,2023,W4380686968,1.0
I2800220363,I5388228,1,1,2023,W4380686968,1.0
I2800220363,I54166199,1,1,2023,W4380686968,1.0
I2800220363,I63966007,1,1,2023,W4380686968,1.0
I2800220363,I95457486,1,1,2023,W4380686968,1.0
I2800220363,I95674353,1,1,2023,W4380686968,1.0
I2800262456,I315704651,1,1,2023,W4378905467,1.0
I2800262456,I4210092744,1,1,2023,W4378905467,1.0
I2800262456,I4210099977,1,1,2023,W4378905467,1.0
I2800262456,I4210102999,1,1,2023,W4378905467,1.0
I2800262456,I4210106352,1,1,2023,W4378905467,1.0
I2800262456,I4210106526,1,1,2023,W4378905467,1.0
I2800262456,I4210117555,1,1,2023,W4378905467,1.0
I2800262456,I4210122844,1,1,2023,W4378905467,1.0
I2800262456,I4210137309,1,1,2023,W4378905467,1.0
I2800262456,I4210139347,1,1,2023,W4378905467,1.0
I2800262456,I4210141715,1,1,2023,W4378905467,1.0
I2800262456,I4210165038,1,1,2023,W4378905467,1.0
I2800262456,I5023651,1,1,2023,W4378905467,1.0
I2800262456,I59270414,1,1,2023,W4378905467,1.0
I2800262456,I60200437,1,1,2023,W4378905467,1.0
I2800262456,I865915315,1,1,2023,W4378905467,1.0
I2800262456,I881766915,1,1,2023,W4378905467,1.0
I2800262456,I887064364,1,1,2023,W4378905467,1.0
I2800262456,I913481162,1,1,2023,W4378905467,1.0
I2800277294,I2801809904,1,1,2023,W4388625750,1.0
I2800277294,I40120149,1,1,2023,W4388625750,1.0
I2800277294,I4210161256,1,1,2023,W4388625750,1.0
I2800277294,I98251732,1,1,2023,W4388625750,1.0
I2800288331,I2800555584,1,1,2023,W4388347957,1.0
I2800288331,I2802164966,1,1,2023,W4388347957,1.0
I2800288331,I2802965805,1,1,2023,W4388347957,1.0
I2800288331,I2961216182,1,1,2023,W4388347957,1.0
I2800288331,I3018771216,1,1,2023,W4388347957,1.0
I2800288331,I4210094363,1,1,2023,W4388347957,1.0
I2800288331,I4210106397,1,1,2023,W4388347957,1.0
I2800288331,I4210114248,1,1,2023,W4388347957,1.0
I2800288331,I4210119117,1,1,2023,W4388347957,1.0
I2800288331,I4210143330,1,1,2023,W4388347957,1.0
I2800288331,I4210151091,1,1,2023,W4388347957,1.0
I2800288331,I4210153126,1,1,2023,W4388347957,1.0
I2800288331,I4210153139,1,1,2023,W4388347957,1.0
I2800288331,I4210156450,1,1,2023,W4388347957,1.0
I2800288331,I99464096,1,1,2023,W4388347957,1.0
I2800289440,I4210109586,1,1,2023,W4389519187,1.0
I2800289440,I4210152232,1,1,2023,W4389519187,1.0
I2800289440,I4210152536,1,1,2023,W4389519187,1.0
I2800289440,I4210155268,1,1,2023,W4389519187,1.0
I2800289440,I8826637,1,1,2023,W4389519187,1.0
I2800370534,I4210105806,1,1,2023,W4388975763,1.0
I2800370534,I4210153550,1,1,2023,W4388975763,1.0
I2800370534,I76569877,1,1,2023,W4388975763,1.0
I2800370534,I91656880,1,1,2023,W4388975763,1.0
I2800370534,I99065089,1,1,2023,W4388975763,1.0
I2800372957,I4401726859,1,1,2023,W4389506861,1.0
I2800372957,I98301712,1,1,2023,W4389506861,1.0
I2800419323,I4210115256,1,1,2023,W4384337834,1.0
I2800444561,I52357470,1,1,2023,W4389520781,1.0
I2800446032,I4210087915,3,3,2023,W4380291159;W4385827730;W4388695129,0.3333333333333333
I2800446032,I4210134769,1,1,2023,W4388695129,1.0
I2800446032,I97018004,1,1,2023,W4388695129,1.0
I2800479947,I2801317318,1,1,2023,W4383164035,1.0
I2800479947,I4210087915,1,1,2023,W4383164035,1.0
I2800516725,I2801184099,1,1,2023,W4376114558,1.0
I2800516725,I2802416069,1,1,2023,W4376114558,1.0
I2800516725,I4210089629,1,1,2023,W4376114558,1.0
I2800516725,I84884186,1,1,2023,W4376114558,1.0
I2800540659,I2801851002,1,1,2023,W4387508266,1.0
I2800540659,I2802641067,1,1,2023,W4387508266,1.0
I2800540659,I40120149,1,1,2023,W4387508266,1.0
I2800540659,I4210134973,1,1,2023,W4387508266,1.0
I2800540659,I4387155932,1,1,2023,W4387508266,1.0
I2800540659,I51556381,1,1,2023,W4387508266,1.0
I2800540659,I70931966,1,1,2023,W4387508266,1.0
I2800548410,I4210109390,1,1,2023,W4360600216,1.0
I2800548410,I71920554,1,1,2023,W4381587418,1.0
I2800548410,I4210090411,2,2,2023,W4384071683;W4385307867,0.5
I2800555584,I2802164966,1,1,2023,W4388347957,1.0
I2800555584,I2802965805,1,1,2023,W4388347957,1.0
I2800555584,I2961216182,1,1,2023,W4388347957,1.0
I2800555584,I3018771216,1,1,2023,W4388347957,1.0
I2800555584,I4210094363,1,1,2023,W4388347957,1.0
I2800555584,I4210106397,1,1,2023,W4388347957,1.0
I2800555584,I4210114248,1,1,2023,W4388347957,1.0
I2800555584,I4210119117,1,1,2023,W4388347957,1.0
I2800555584,I4210143330,1,1,2023,W4388347957,1.0
I2800555584,I4210151091,1,1,2023,W4388347957,1.0
I2800555584,I4210153126,1,1,2023,W4388347957,1.0
I2800555584,I4210153139,1,1,2023,W4388347957,1.0
I2800555584,I4210156450,1,1,2023,W4388347957,1.0
I2800555584,I99464096,1,1,2023,W4388347957,1.0
I2800556163,I55769427,1,1,2023,W4367186868,1.0
I2800556163,I63966007,1,1,2023,W4367186868,1.0
I2800562746,I2961216182,1,1,2023,W4389685420,1.0
I2800562746,I4210097846,1,1,2023,W4389685420,1.0
I2800562746,I4210152736,1,1,2023,W4389685420,1.0
I2800565835,I29955533,2,2,2023,W4365794116;W4389403907,0.5
I2800565835,I4210137306,2,2,2023,W4365794116;W4389403907,0.5
I2800565835,I97018004,2,2,2023,W4365794116;W4389403907,0.5
I2800565835,I2801851002,1,1,2023,W4389403907,1.0
I2800565835,I40347166,1,1,2023,W4389403907,1.0
I2800565835,I4210108999,1,1,2023,W4389403907,1.0
I2800565835,I4210119109,1,1,2023,W4389403907,1.0
I2800565835,I4210140380,1,1,2023,W4389403907,1.0
I2800565835,I4210145102,1,1,2023,W4389403907,1.0
I2800565835,I4210153792,1,1,2023,W4389403907,1.0
I2800565835,I4210155092,1,1,2023,W4389403907,1.0
I2800565835,I44829897,1,1,2023,W4389403907,1.0
I2800565835,I51556381,1,1,2023,W4389403907,1.0
I2800565835,I57206974,1,1,2023,W4389403907,1.0
I2800565835,I88874673,1,1,2023,W4389403907,1.0
I2800565835,I90326151,1,1,2023,W4389403907,1.0
I2800570007,I58200834,1,1,2023,W4366447635,1.0
I2800570007,I2801556517,1,1,2023,W4386392961,1.0
I2800570007,I4210089761,1,1,2023,W4386392961,1.0
I2800570007,I4210114190,1,1,2023,W4386392961,1.0
I2800570007,I4210128910,1,1,2023,W4386392961,1.0
I2800570007,I4210132741,1,1,2023,W4386392961,1.0
I2800570007,I4210132906,1,1,2023,W4386392961,1.0
I2800570007,I4210154361,1,1,2023,W4386392961,1.0
I2800570007,I4210156804,1,1,2023,W4386392961,1.0
I2800570007,I4391012619,1,1,2023,W4386392961,1.0
I28006308,I90610280,1,1,2023,W4378975445,1.0
I28006308,I4210113369,1,1,2023,W4385572142,1.0
I28006308,I4210128818,1,1,2023,W4385572142,1.0
I28006308,I4210165038,1,1,2023,W4385572142,1.0
I2800639112,I2801395776,1,1,2023,W4385459604,1.0
I2800639112,I4210120624,1,1,2023,W4385459604,1.0
I2800639112,I56590836,1,1,2023,W4385459604,1.0
I2800717037,I33213144,1,1,2023,W4388725043,1.0
I2800717037,I4210127875,1,1,2023,W4388725043,1.0
I2800717037,I4390039331,1,1,2023,W4388725043,1.0
I2800717037,I94062374,1,1,2023,W4388725043,1.0
I2800722420,I47508984,1,1,2023,W4388142096,1.0
I2800744764,I4387153077,1,1,2023,W4388858816,1.0
I2800744764,I70640408,1,1,2023,W4388858816,1.0
I2800810863,I889458895,1,1,2023,W4385798548,1.0
I2800817003,I4210142109,1,1,2023,W4327860966,1.0
I2800817003,I55732556,1,1,2023,W4327860966,1.0
I2800817003,I96062909,1,1,2023,W4327860966,1.0
I2800817003,I32971472,2,2,2023,W4386699758;W4386791134,0.5
I2800817003,I4210131376,1,1,2023,W4386699758,1.0
I2800817003,I35440088,1,1,2023,W4386791134,1.0
I2800817003,I36788626,1,1,2023,W4386791134,1.0
I2800817003,I4210099443,1,1,2023,W4386791134,1.0
I2800817003,I4210102262,1,1,2023,W4386791134,1.0
I2800817003,I5124864,1,1,2023,W4386791134,1.0
I2800817003,I79576946,1,1,2023,W4386791134,1.0
I2800817003,I922845939,1,1,2023,W4386791134,1.0
I2800906782,I60053951,1,1,2023,W4319599994,1.0
I2800906782,I4210127875,1,1,2023,W4388927841,1.0
I2800906782,I4401200273,1,1,2023,W4388927841,1.0
I2800925808,I2802285097,1,1,2023,W4388540984,1.0
I2800925808,I4399598460,1,1,2023,W4388540984,1.0
I2800982346,I2802481695,1,1,2023,W4391128915,1.0
I2800982346,I2802960445,1,1,2023,W4391128915,1.0
I2800982346,I4210103794,1,1,2023,W4391128915,1.0
I2800982346,I4210123992,1,1,2023,W4391128915,1.0
I2800982346,I4210141558,1,1,2023,W4391128915,1.0
I2800982346,I872719,1,1,2023,W4391128915,1.0
I2801004183,I40120149,1,1,2023,W4360762369,1.0
I2801004183,I4210128154,1,1,2023,W4360762369,1.0
I2801043613,I4210143931,1,1,2023,W4389300644,1.0
I2801051648,I2801228662,1,1,2023,W4384925410,1.0
I2801051648,I2802164966,1,1,2023,W4384925410,1.0
I2801051648,I40246663,1,1,2023,W4384925410,1.0
I2801051648,I4210089514,1,1,2023,W4384925410,1.0
I2801051648,I4210156643,1,1,2023,W4384925410,1.0
I2801081054,I2802212502,1,1,2023,W4380686968,1.0
I2801081054,I36194607,1,1,2023,W4380686968,1.0
I2801081054,I39422238,1,1,2023,W4380686968,1.0
I2801081054,I40347166,2,2,2023,W4380686968;W4385671288,0.5
I2801081054,I4210094653,1,1,2023,W4380686968,1.0
I2801081054,I4210095073,1,1,2023,W4380686968,1.0
I2801081054,I4210107755,1,1,2023,W4380686968,1.0
I2801081054,I4210110490,2,2,2023,W4380686968;W4385671288,0.5
I2801081054,I4210121988,2,2,2023,W4380686968;W4385671288,0.5
I2801081054,I4210132596,1,1,2023,W4380686968,1.0
I2801081054,I4210138199,1,1,2023,W4380686968,1.0
I2801081054,I4210147263,2,2,2023,W4380686968;W4385671288,0.5
I2801081054,I5023651,2,2,2023,W4380686968;W4385671288,0.5
I2801081054,I5124864,2,2,2023,W4380686968;W4385671288,0.5
I2801081054,I5388228,2,2,2023,W4380686968;W4385671288,0.5
I2801081054,I54166199,1,1,2023,W4380686968,1.0
I2801081054,I63966007,2,2,2023,W4380686968;W4385671288,0.5
I2801081054,I95457486,2,2,2023,W4380686968;W4385671288,0.5
I2801081054,I95674353,2,2,2023,W4380686968;W4385671288,0.5
I2801081054,I40695006,1,1,2023,W4385671288,1.0
I2801081054,I4210149682,1,1,2023,W4385671288,1.0
I2801081054,I40120149,1,1,2023,W4389523833,1.0
I2801081054,I4210088273,1,1,2023,W4389523833,1.0
I2801081054,I4210167080,1,1,2023,W4389523833,1.0
I2801081054,I4396570515,1,1,2023,W4389523833,1.0
I2801106189,I3122748864,1,1,2023,W4387379065,1.0
I2801106189,I39586589,1,1,2023,W4387379065,1.0
I2801106189,I4210134189,1,1,2023,W4387379065,1.0
I2801106189,I4387930215,1,1,2023,W4387379065,1.0
I2801106189,I55285296,1,1,2023,W4387379065,1.0
I2801106189,I56007636,1,1,2023,W4387379065,1.0
I2801106189,I60342839,1,1,2023,W4387379065,1.0
I2801106189,I68891433,1,1,2023,W4387379065,1.0
I2801106189,I79156528,1,1,2023,W4387379065,1.0
I2801106189,I931278978,1,1,2023,W4387379065,1.0
I2801106189,I931681460,1,1,2023,W4387379065,1.0
I2801106189,I96413208,1,1,2023,W4387379065,1.0
I2801184099,I2802416069,1,1,2023,W4376114558,1.0
I2801184099,I4210089629,1,1,2023,W4376114558,1.0
I2801184099,I84884186,1,1,2023,W4376114558,1.0
I2801203836,I39854758,1,1,2023,W4318457133,1.0
I2801203836,I47605537,1,1,2023,W4318457133,1.0
I2801203836,I889458895,1,1,2023,W4318457133,1.0
I2801220108,I4210086035,1,1,2023,W4386855886,1.0
I2801228662,I4210089514,2,2,2023,W4383105325;W4384925410,0.5
I2801228662,I4210147433,1,1,2023,W4383105325,1.0
I2801228662,I2802164966,1,1,2023,W4384925410,1.0
I2801228662,I40246663,1,1,2023,W4384925410,1.0
I2801228662,I4210156643,1,1,2023,W4384925410,1.0
I2801239119,I4210095297,1,1,2023,W4378981724,1.0
I2801239119,I56590836,3,3,2023,W4378981724;W4389096903;W4390190181,0.3333333333333333
I2801239119,I68891433,1,1,2023,W4378981724,1.0
I2801239119,I82951845,1,1,2023,W4378981724,1.0
I2801240073,I4210115082,1,1,2023,W4317952812,1.0
I2801240073,I4210115097,1,1,2023,W4317952812,1.0
I2801240073,I4210160192,1,1,2023,W4317952812,1.0
I2801240073,I4210165024,1,1,2023,W4317952812,1.0
I2801240073,I45129253,1,1,2023,W4317952812,1.0
I2801240073,I47508984,1,1,2023,W4317952812,1.0
I2801240073,I71999127,1,1,2023,W4317952812,1.0
I2801240073,I84884186,1,1,2023,W4317952812,1.0
I2801240073,I28166907,1,1,2023,W4388014051,1.0
I2801240073,I62916508,1,1,2023,W4388014051,1.0
I2801248553,I4210101190,1,1,2023,W4384457683,1.0
I2801248553,I4210137306,1,1,2023,W4384457683,1.0
I2801248553,I4210167126,1,1,2023,W4384457683,1.0
I2801248553,I4387154595,1,1,2023,W4384457683,1.0
I2801248553,I63966007,1,1,2023,W4384457683,1.0
I2801248553,I97018004,1,1,2023,W4384457683,1.0
I2801255070,I2801919071,1,1,2023,W4367834585,1.0
I2801255070,I39422238,1,1,2023,W4367834585,1.0
I2801317318,I4210141030,1,1,2023,W4323359744,1.0
I2801317318,I4210147079,1,1,2023,W4323359744,1.0
I2801317318,I97018004,1,1,2023,W4323359744,1.0
I2801317318,I4210116402,1,1,2023,W4379140845,1.0
I2801317318,I4210087915,1,1,2023,W4383164035,1.0
I2801331674,I2802164966,1,1,2023,W4389792145,1.0
I2801331674,I39343248,1,1,2023,W4389792145,1.0
I2801331674,I4210088053,1,1,2023,W4389792145,1.0
I2801331674,I4210090100,1,1,2023,W4389792145,1.0
I2801331674,I4210094062,1,1,2023,W4389792145,1.0
I2801331674,I4210108778,1,1,2023,W4389792145,1.0
I2801331674,I4210111460,1,1,2023,W4389792145,1.0
I2801331674,I4210162051,1,1,2023,W4389792145,1.0
I2801331674,I4210165059,1,1,2023,W4389792145,1.0
I2801331674,I75951250,1,1,2023,W4389792145,1.0
I2801331674,I78650965,1,1,2023,W4389792145,1.0
I2801331674,I7877124,1,1,2023,W4389792145,1.0
I2801331674,I887968799,1,1,2023,W4389792145,1.0
I2801351171,I4210093896,1,1,2023,W4366750536,1.0
I2801351171,I4210112252,1,1,2023,W4366750536,1.0
I2801351171,I4210129199,1,1,2023,W4366750536,1.0
I2801351171,I4210146690,1,1,2023,W4366750536,1.0
I2801380234,I2802423016,1,1,2023,W4366425747,1.0
I2801380234,I3130844761,1,1,2023,W4366425747,1.0
I2801380234,I464993,1,1,2023,W4388025354,1.0
I2801380234,I79516672,1,1,2023,W4388025354,1.0
I2801395776,I4210120624,1,1,2023,W4385459604,1.0
I2801395776,I56590836,1,1,2023,W4385459604,1.0
I2801452159,I4210101093,1,1,2023,W4390432359,1.0
I2801452159,I4387154592,1,1,2023,W4390432359,1.0
I2801452159,I4387154816,1,1,2023,W4390432359,1.0
I2801484278,I3148377317,1,1,2023,W4391341917,1.0
I2801484278,I4210090250,1,1,2023,W4391341917,1.0
I2801484278,I4210117092,1,1,2023,W4391341917,1.0
I2801484278,I4210156156,1,1,2023,W4391341917,1.0
I2801484278,I67357951,1,1,2023,W4391341917,1.0
I2801502816,I2802216851,1,1,2023,W4386772055,1.0
I2801502816,I4210092922,1,1,2023,W4386772055,1.0
I2801502816,I4210109259,1,1,2023,W4386772055,1.0
I2801502816,I4210114445,1,1,2023,W4386772055,1.0
I2801502816,I4387153466,1,1,2023,W4386772055,1.0
I2801502816,I55302922,1,1,2023,W4386772055,1.0
I2801502816,I91045830,1,1,2023,W4386772055,1.0
I2801556517,I4210089761,1,1,2023,W4386392961,1.0
I2801556517,I4210114190,1,1,2023,W4386392961,1.0
I2801556517,I4210128910,1,1,2023,W4386392961,1.0
I2801556517,I4210132741,1,1,2023,W4386392961,1.0
I2801556517,I4210132906,1,1,2023,W4386392961,1.0
I2801556517,I4210154361,1,1,2023,W4386392961,1.0
I2801556517,I4210156804,1,1,2023,W4386392961,1.0
I2801556517,I4391012619,1,1,2023,W4386392961,1.0
I2801652605,I4210087915,1,1,2023,W4319662928,1.0
I2801652627,I2802567020,1,1,2023,W4388022708,1.0
I2801652627,I4210100468,1,1,2023,W4388022708,1.0
I2801652627,I4210137306,1,1,2023,W4388022708,1.0
I2801652627,I86519309,1,1,2023,W4388022708,1.0
I2801652627,I97018004,1,1,2023,W4388022708,1.0
I2801680663,I2803058125,1,1,2023,W4387029265,1.0
I2801680663,I40542001,1,1,2023,W4387029265,1.0
I2801680663,I4210153373,1,1,2023,W4387029265,1.0
I2801699569,I98381234,1,1,2023,W4390060956,1.0
I2801766991,I39804081,1,1,2023,W4384918594,1.0
I2801766991,I52357470,1,1,2023,W4384918594,1.0
I2801766991,I99065089,1,1,2023,W4384918594,1.0
I2801798921,I4210148560,1,1,2023,W4387717533,1.0
I2801798921,I4210157875,1,1,2023,W4387717533,1.0
I2801809904,I40120149,1,1,2023,W4388625750,1.0
I2801809904,I4210161256,1,1,2023,W4388625750,1.0
I2801809904,I98251732,1,1,2023,W4388625750,1.0
I2801851002,I4210092658,1,1,2023,W4327909454,1.0
I2801851002,I4210164862,1,1,2023,W4327909454,1.0
I2801851002,I97018004,4,4,2023,W4327909454;W4365143687;W4366769817;W4389403907,0.25
I2801851002,I98704320,1,1,2023,W4327909454,1.0
I2801851002,I32971472,2,2,2023,W4362569965;W4365143687,0.5
I2801851002,I91203450,1,1,2023,W4362569965,1.0
I2801851002,I4210125326,1,1,2023,W4365143687,1.0
I2801851002,I36258959,1,1,2023,W4380769213,1.0
I2801851002,I40120149,2,2,2023,W4380769213;W4387508266,0.5
I2801851002,I4210142372,1,1,2023,W4380769213,1.0
I2801851002,I63966007,3,3,2023,W4380769213;W4383957026;W4385653699,0.3333333333333333
I2801851002,I95457486,1,1,2023,W4380769213,1.0
I2801851002,I36788626,2,2,2023,W4382246105;W4392669797,0.5
I2801851002,I4210132327,1,1,2023,W4382246105,1.0
I2801851002,I29607241,1,1,2023,W4383957026,1.0
I2801851002,I4210152047,1,1,2023,W4383957026,1.0
I2801851002,I78577930,2,2,2023,W4383957026;W4392669797,0.5
I2801851002,I4387154989,1,1,2023,W4385565289,1.0
I2801851002,I4210098931,1,1,2023,W4385653699,1.0
I2801851002,I4210134579,1,1,2023,W4385653699,1.0
I2801851002,I4210136793,1,1,2023,W4386066096,1.0
I2801851002,I2802641067,1,1,2023,W4387508266,1.0
I2801851002,I4210134973,1,1,2023,W4387508266,1.0
I2801851002,I4387155932,1,1,2023,W4387508266,1.0
I2801851002,I51556381,2,2,2023,W4387508266;W4389403907,0.5
I2801851002,I70931966,1,1,2023,W4387508266,1.0
I2801851002,I29955533,1,1,2023,W4389403907,1.0
I2801851002,I40347166,1,1,2023,W4389403907,1.0
I2801851002,I4210108999,1,1,2023,W4389403907,1.0
I2801851002,I4210119109,1,1,2023,W4389403907,1.0
I2801851002,I4210137306,1,1,2023,W4389403907,1.0
I2801851002,I4210140380,1,1,2023,W4389403907,1.0
I2801851002,I4210145102,1,1,2023,W4389403907,1.0
I2801851002,I4210153792,1,1,2023,W4389403907,1.0
I2801851002,I4210155092,1,1,2023,W4389403907,1.0
I2801851002,I44829897,1,1,2023,W4389403907,1.0
I2801851002,I57206974,1,1,2023,W4389403907,1.0
I2801851002,I88874673,1,1,2023,W4389403907,1.0
I2801851002,I90326151,1,1,2023,W4389403907,1.0
I2801851002,I4210093174,1,1,2023,W4392669797,1.0
I2801851002,I4210120068,1,1,2023,W4392669797,1.0
I2801851002,I4389424196,1,1,2023,W4392669797,1.0
I2801851002,I45129253,1,1,2023,W4392669797,1.0
I2801851002,I52357470,1,1,2023,W4392669797,1.0
I2801851002,I68891433,1,1,2023,W4392669797,1.0
I2801851002,I99065089,1,1,2023,W4392669797,1.0
I2801857525,I40347166,1,1,2023,W4387807178,1.0
I2801857525,I4210140326,1,1,2023,W4387807178,1.0
I2801857525,I47508984,1,1,2023,W4387807178,1.0
I2801887358,I4210109390,1,1,2023,W4385374442,1.0
I2801887358,I4210149717,1,1,2023,W4385374442,1.0
I2801887358,I66946132,1,1,2023,W4385374442,1.0
I2801919071,I39422238,1,1,2023,W4367834585,1.0
I2801919071,I78577930,1,1,2023,W4389451641,1.0
I2801926401,I4210092852,1,1,2023,W4321504560,1.0
I2801926401,I4210144839,1,1,2023,W4321504560,1.0
I2801926401,I92528248,1,1,2023,W4321504560,1.0
I2801935854,I4210088273,1,1,2023,W4318071656,1.0
I2801935854,I4210120900,1,1,2023,W4318071656,1.0
I2801935854,I4210155268,1,1,2023,W4318071656,1.0
I2801935854,I95457486,1,1,2023,W4318071656,1.0
I2801951336,I2802534011,1,1,2023,W4386714656,1.0
I2801951336,I97018004,1,1,2023,W4386714656,1.0
I2801970007,I37696226,1,1,2023,W4388129991,1.0
I2801970007,I78577930,1,1,2023,W4388129991,1.0
I2801970007,I822440,1,1,2023,W4388129991,1.0
I2801987317,I33213144,1,1,2023,W4388277090,1.0
I2801987317,I98677209,1,1,2023,W4388277090,1.0
I2802003475,I33858575,1,1,2023,W4388237833,1.0
I2802003475,I4210094747,1,1,2023,W4388237833,1.0
I2802003475,I4210137409,1,1,2023,W4388237833,1.0
I2802003475,I4210151342,1,1,2023,W4388237833,1.0
I2802003475,I4210153031,1,1,2023,W4388237833,1.0
I2802003475,I60134161,1,1,2023,W4388237833,1.0
I2802003475,I74801974,1,1,2023,W4388237833,1.0
I2802007472,I4387153056,1,1,2023,W4322631505,1.0
I2802015276,I2802711169,1,1,2023,W4381547631,1.0
I2802015276,I40120149,1,1,2023,W4381547631,1.0
I2802015276,I4210092957,1,1,2023,W4381547631,1.0
I2802015276,I4210102012,1,1,2023,W4381547631,1.0
I2802015276,I4210114115,1,1,2023,W4381547631,1.0
I2802015276,I5626980,1,1,2023,W4381547631,1.0
I2802050225,I304852291,1,1,2023,W4383187389,1.0
I2802050225,I4210087039,1,1,2023,W4383187389,1.0
I2802050225,I4210100188,1,1,2023,W4383187389,1.0
I2802050225,I4210125092,1,1,2023,W4383187389,1.0
I2802050225,I4210125364,1,1,2023,W4383187389,1.0
I2802050225,I4210129357,1,1,2023,W4383187389,1.0
I2802050225,I4210140856,1,1,2023,W4383187389,1.0
I2802050225,I4210141898,1,1,2023,W4383187389,1.0
I2802050225,I4210147442,1,1,2023,W4383187389,1.0
I2802123492,I40120149,1,1,2023,W4385804776,1.0
I2802123492,I4210099312,1,1,2023,W4385804776,1.0
I2802164966,I4210111460,5,5,2023,W4372336638;W4387500346;W4388775426;W4389431826;W4389792145,0.2
I2802164966,I4210120689,1,1,2023,W4372336638,1.0
I2802164966,I4210126310,1,1,2023,W4372336638,1.0
I2802164966,I4210162051,3,3,2023,W4372336638;W4387500346;W4389792145,0.3333333333333333
I2802164966,I887968799,4,4,2023,W4372336638;W4387500346;W4388775426;W4389792145,0.25
I2802164966,I40246663,1,1,2023,W4384925410,1.0
I2802164966,I4210089514,1,1,2023,W4384925410,1.0
I2802164966,I4210156643,1,1,2023,W4384925410,1.0
I2802164966,I4210129183,1,1,2023,W4386865118,1.0
I2802164966,I2802821144,1,1,2023,W4387500346,1.0
I2802164966,I3018134672,1,1,2023,W4387500346,1.0
I2802164966,I4210108778,3,3,2023,W4387500346;W4388775426;W4389792145,0.3333333333333333
I2802164966,I62916508,1,1,2023,W4387500346,1.0
I2802164966,I78650965,2,2,2023,W4387500346;W4389792145,0.5
I2802164966,I2802965805,1,1,2023,W4388347957,1.0
I2802164966,I2961216182,1,1,2023,W4388347957,1.0
I2802164966,I3018771216,1,1,2023,W4388347957,1.0
I2802164966,I4210094363,1,1,2023,W4388347957,1.0
I2802164966,I4210106397,1,1,2023,W4388347957,1.0
I2802164966,I4210114248,1,1,2023,W4388347957,1.0
I2802164966,I4210119117,1,1,2023,W4388347957,1.0
I2802164966,I4210143330,1,1,2023,W4388347957,1.0
I2802164966,I4210151091,1,1,2023,W4388347957,1.0
I2802164966,I4210153126,1,1,2023,W4388347957,1.0
I2802164966,I4210153139,1,1,2023,W4388347957,1.0
I2802164966,I4210156450,1,1,2023,W4388347957,1.0
I2802164966,I99464096,1,1,2023,W4388347957,1.0
I2802164966,I39343248,2,2,2023,W4388775426;W4389792145,0.5
I2802164966,I75951250,2,2,2023,W4388775426;W4389792145,0.5
I2802164966,I7877124,2,2,2023,W4388775426;W4389792145,0.5
I2802164966,I8087733,1,1,2023,W4388775426,1.0
I2802164966,I4210088053,1,1,2023,W4389792145,1.0
I2802164966,I4210090100,1,1,2023,W4389792145,1.0
I2802164966,I4210094062,1,1,2023,W4389792145,1.0
I2802164966,I4210165059,1,1,2023,W4389792145,1.0
I2802181614,I4210097178,1,1,2023,W4389235056,1.0
I2802181614,I4210103308,1,1,2023,W4389235056,1.0
I2802181614,I4210106036,1,1,2023,W4389235056,1.0
I2802181614,I4210107347,1,1,2023,W4389235056,1.0
I2802181614,I4210108108,1,1,2023,W4389235056,1.0
I2802181614,I4210113003,1,1,2023,W4389235056,1.0
I2802181614,I4210121117,1,1,2023,W4389235056,1.0
I2802181614,I4210124714,1,1,2023,W4389235056,1.0
I2802181614,I4210125326,1,1,2023,W4389235056,1.0
I2802181614,I4210157730,1,1,2023,W4389235056,1.0
I2802181614,I4389424196,1,1,2023,W4389235056,1.0
I2802181614,I47500176,1,1,2023,W4389235056,1.0
I2802181614,I5791819,1,1,2023,W4389235056,1.0
I2802181614,I61923386,1,1,2023,W4389235056,1.0
I2802181614,I80018011,1,1,2023,W4389235056,1.0
I2802194831,I848706,2,2,2023,W4372047097;W4387029257,0.5
I2802203029,I4210114445,2,2,2023,W4381853206;W4385476046,0.5
I2802203029,I52357470,2,2,2023,W4381853206;W4385476046,0.5
I2802203029,I4210097899,1,1,2023,W4385476046,1.0
I2802212502,I36194607,1,1,2023,W4380686968,1.0
I2802212502,I39422238,1,1,2023,W4380686968,1.0
I2802212502,I40347166,1,1,2023,W4380686968,1.0
I2802212502,I4210094653,1,1,2023,W4380686968,1.0
I2802212502,I4210095073,1,1,2023,W4380686968,1.0
I2802212502,I4210107755,1,1,2023,W4380686968,1.0
I2802212502,I4210110490,1,1,2023,W4380686968,1.0
I2802212502,I4210121988,1,1,2023,W4380686968,1.0
I2802212502,I4210132596,1,1,2023,W4380686968,1.0
I2802212502,I4210138199,1,1,2023,W4380686968,1.0
I2802212502,I4210147263,1,1,2023,W4380686968,1.0
I2802212502,I5023651,1,1,2023,W4380686968,1.0
I2802212502,I5124864,1,1,2023,W4380686968,1.0
I2802212502,I5388228,1,1,2023,W4380686968,1.0
I2802212502,I54166199,1,1,2023,W4380686968,1.0
I2802212502,I63966007,1,1,2023,W4380686968,1.0
I2802212502,I95457486,1,1,2023,W4380686968,1.0
I2802212502,I95674353,1,1,2023,W4380686968,1.0
I28022161,I29698356,1,1,2023,W4363650973,1.0
I28022161,I4387154749,1,1,2023,W4363650973,1.0
I28022161,I76957882,1,1,2023,W4363650973,1.0
I28022161,I4210118729,1,1,2023,W4390266739,1.0
I28022161,I4210154218,1,1,2023,W4390266739,1.0
I28022161,I87482320,1,1,2023,W4390266739,1.0
I2802216851,I4210092922,6,6,2023,W4320709434;W4366368023;W4378232928;W4379094566;W4386772055;W4387014587,0.16666666666666666
I2802216851,I4210109259,6,6,2023,W4320709434;W4366368023;W4378232928;W4379094566;W4386772055;W4387014587,0.16666666666666666
I2802216851,I4210114445,6,6,2023,W4320709434;W4366368023;W4378232928;W4379094566;W4386772055;W4387014587,0.16666666666666666
I2802216851,I4387153466,5,5,2023,W4320709434;W4366368023;W4379094566;W4386772055;W4387014587,0.2
I2802216851,I55302922,6,6,2023,W4320709434;W4366368023;W4378232928;W4379094566;W4386772055;W4387014587,0.16666666666666666
I2802216851,I94734805,3,3,2023,W4320709434;W4378232928;W4387014587,0.3333333333333333
I2802216851,I4210105967,1,1,2023,W4378232928,1.0
I2802216851,I4210098293,1,1,2023,W4385263677,1.0
I2802216851,I4210153043,1,1,2023,W4385263677,1.0
I2802216851,I91045830,1,1,2023,W4386772055,1.0
I2802236040,I59411706,1,1,2023,W4391012671,1.0
I2802266942,I2802775644,1,1,2023,W4386697749,1.0
I2802266942,I28407311,1,1,2023,W4386697749,1.0
I2802266942,I36234482,1,1,2023,W4386697749,1.0
I2802266942,I40120149,1,1,2023,W4386697749,1.0
I2802266942,I4210111135,1,1,2023,W4386697749,1.0
I2802266942,I4210126452,1,1,2023,W4386697749,1.0
I2802266942,I4210140114,1,1,2023,W4386697749,1.0
I2802266942,I4210150574,1,1,2023,W4386697749,1.0
I2802266942,I43439940,1,1,2023,W4386697749,1.0
I2802266942,I45129253,1,1,2023,W4386697749,1.0
I2802266942,I7882870,1,1,2023,W4386697749,1.0
I2802266942,I79510175,1,1,2023,W4386697749,1.0
I2802266942,I79619799,1,1,2023,W4386697749,1.0
I2802266942,I84884186,1,1,2023,W4386697749,1.0
I2802266942,I98677209,1,1,2023,W4386697749,1.0
I2802285097,I4399598460,1,1,2023,W4388540984,1.0
I2802326326,I80143920,1,1,2023,W4385251479,1.0
I2802335433,I34352273,1,1,2023,W4386447283,1.0
I2802335433,I4210087915,1,1,2023,W4386447283,1.0
I2802335433,I4210117453,1,1,2023,W4386447283,1.0
I2802335433,I4210161994,1,1,2023,W4386447283,1.0
I2802335433,I4210164862,1,1,2023,W4386447283,1.0
I2802348842,I4387152206,1,1,2023,W4386211085,1.0
I2802348842,I45294948,1,1,2023,W4386211085,1.0
I2802348842,I61923386,1,1,2023,W4386211085,1.0
I2802348842,I63739035,1,1,2023,W4386211085,1.0
I2802394193,I4210087915,1,1,2023,W4387211202,1.0
I2802394193,I4210127055,1,1,2023,W4387211202,1.0
I2802406489,I4210126476,2,2,2023,W4387393188;W4387406013,0.5
I2802406489,I95457486,2,2,2023,W4387393188;W4387406013,0.5
I2802416069,I4210089629,1,1,2023,W4376114558,1.0
I2802416069,I84884186,1,1,2023,W4376114558,1.0
I2802423016,I3130844761,1,1,2023,W4366425747,1.0
I2802423016,I4210087915,4,4,2023,W4378718543;W4384484700;W4387642400;W4389903841,0.25
I2802423016,I4210101778,1,1,2023,W4378718543,1.0
I2802423016,I4210127693,1,1,2023,W4378718543,1.0
I2802423016,I4210146710,4,4,2023,W4378718543;W4384484700;W4387642400;W4389903841,0.25
I2802423016,I79576946,1,1,2023,W4378718543,1.0
I2802423016,I919571938,1,1,2023,W4378718543,1.0
I2802423016,I97018004,1,1,2023,W4378718543,1.0
I2802423016,I30809798,2,2,2023,W4387642400;W4389903841,0.5
I2802423016,I4210135459,2,2,2023,W4387642400;W4389903841,0.5
I2802423016,I4210157781,2,2,2023,W4387642400;W4389903841,0.5
I2802423016,I38877650,1,1,2023,W4389903841,1.0
I2802445252,I49828101,1,1,2023,W4383909162,1.0
I2802481695,I2802960445,1,1,2023,W4391128915,1.0
I2802481695,I4210103794,1,1,2023,W4391128915,1.0
I2802481695,I4210123992,1,1,2023,W4391128915,1.0
I2802481695,I4210141558,1,1,2023,W4391128915,1.0
I2802481695,I872719,1,1,2023,W4391128915,1.0
I2802488147,I2802641067,1,1,2023,W4387408850,1.0
I2802488147,I28046988,1,1,2023,W4387408850,1.0
I2802488147,I4210099137,1,1,2023,W4387408850,1.0
I2802488147,I4210118727,1,1,2023,W4387408850,1.0
I2802517405,I4210095597,1,1,2023,W4379284826,1.0
I2802517405,I4517696,1,1,2023,W4379284826,1.0
I2802519937,I28221208,1,1,2023,W4386175534,1.0
I2802519937,I56067802,1,1,2023,W4386175534,1.0
I2802534011,I97018004,1,1,2023,W4386714656,1.0
I2802542264,I4210092841,1,1,2023,W4387811276,1.0
I2802542264,I4210126310,1,1,2023,W4387811276,1.0
I2802542264,I4210145679,1,1,2023,W4387811276,1.0
I2802554885,I97018004,1,1,2023,W4378189609,1.0
I2802567020,I2802709434,1,1,2023,W4381185465,1.0
I2802567020,I4210099625,1,1,2023,W4381185465,1.0
I2802567020,I76134821,1,1,2023,W4385664477,1.0
I2802567020,I86987016,1,1,2023,W4385664477,1.0
I2802567020,I96673099,1,1,2023,W4385664477,1.0
I2802567020,I4210100468,1,1,2023,W4388022708,1.0
I2802567020,I4210137306,1,1,2023,W4388022708,1.0
I2802567020,I86519309,1,1,2023,W4388022708,1.0
I2802567020,I97018004,1,1,2023,W4388022708,1.0
I2802576217,I5518804,1,1,2023,W4393208022,1.0
I2802619606,I62916508,1,1,2023,W4389047577,1.0
I2802624667,I4210089621,1,1,2023,W4381853731,1.0
I2802624667,I4210135175,1,1,2023,W4386826663,1.0
I2802641067,I28046988,1,1,2023,W4387408850,1.0
I2802641067,I4210099137,1,1,2023,W4387408850,1.0
I2802641067,I4210118727,1,1,2023,W4387408850,1.0
I2802641067,I40120149,1,1,2023,W4387508266,1.0
I2802641067,I4210134973,1,1,2023,W4387508266,1.0
I2802641067,I4387155932,1,1,2023,W4387508266,1.0
I2802641067,I51556381,1,1,2023,W4387508266,1.0
I2802641067,I70931966,1,1,2023,W4387508266,1.0
I2802656227,I4210131377,1,1,2023,W4381165906,1.0
I2802656227,I4210141205,1,1,2023,W4381165906,1.0
I2802656227,I4210144697,1,1,2023,W4381165906,1.0
I2802656227,I4210157948,1,1,2023,W4381165906,1.0
I2802656227,I4210165745,1,1,2023,W4381165906,1.0
I2802656227,I4387152943,1,1,2023,W4381165906,1.0
I2802656227,I4387156329,1,1,2023,W4381165906,1.0
I2802709434,I4210099625,1,1,2023,W4381185465,1.0
I2802711169,I40120149,1,1,2023,W4381547631,1.0
I2802711169,I4210092957,1,1,2023,W4381547631,1.0
I2802711169,I4210102012,1,1,2023,W4381547631,1.0
I2802711169,I4210114115,1,1,2023,W4381547631,1.0
I2802711169,I5626980,1,1,2023,W4381547631,1.0
I2802730090,I4210121272,1,1,2023,W4381092249,1.0
I2802730090,I4210148918,1,1,2023,W4381092249,1.0
I2802742124,I47508984,1,1,2023,W4387211386,1.0
I2802775644,I28407311,1,1,2023,W4386697749,1.0
I2802775644,I36234482,1,1,2023,W4386697749,1.0
I2802775644,I40120149,1,1,2023,W4386697749,1.0
I2802775644,I4210111135,1,1,2023,W4386697749,1.0
I2802775644,I4210126452,1,1,2023,W4386697749,1.0
I2802775644,I4210140114,1,1,2023,W4386697749,1.0
I2802775644,I4210150574,1,1,2023,W4386697749,1.0
I2802775644,I43439940,1,1,2023,W4386697749,1.0
I2802775644,I45129253,1,1,2023,W4386697749,1.0
I2802775644,I7882870,1,1,2023,W4386697749,1.0
I2802775644,I79510175,1,1,2023,W4386697749,1.0
I2802775644,I79619799,1,1,2023,W4386697749,1.0
I2802775644,I84884186,1,1,2023,W4386697749,1.0
I2802775644,I98677209,1,1,2023,W4386697749,1.0
I2802797706,I28407311,1,1,2023,W4360620450,1.0
I2802797706,I31746571,1,1,2023,W4360620450,1.0
I2802797706,I32394136,1,1,2023,W4360620450,1.0
I2802797706,I36234482,1,1,2023,W4360620450,1.0
I2802797706,I39586589,1,1,2023,W4360620450,1.0
I2802797706,I4210131537,1,1,2023,W4360620450,1.0
I2802797706,I4390039323,1,1,2023,W4360620450,1.0
I2802797706,I4394709253,1,1,2023,W4360620450,1.0
I2802797706,I44430492,1,1,2023,W4360620450,1.0
I2802797706,I47818738,1,1,2023,W4360620450,1.0
I2802797706,I55060895,1,1,2023,W4360620450,1.0
I2802797706,I63098007,1,1,2023,W4360620450,1.0
I2802797706,I68891433,1,1,2023,W4360620450,1.0
I2802797706,I71052956,1,1,2023,W4360620450,1.0
I2802797706,I78715868,1,1,2023,W4360620450,1.0
I2802797706,I80281795,1,1,2023,W4360620450,1.0
I2802797706,I91136226,1,1,2023,W4360620450,1.0
I2802797706,I9300472,1,1,2023,W4360620450,1.0
I2802797706,I931969281,1,1,2023,W4360620450,1.0
I2802797706,I9360294,1,1,2023,W4360620450,1.0
I2802797706,I98358874,1,1,2023,W4360620450,1.0
I2802821144,I3018134672,1,1,2023,W4387500346,1.0
I2802821144,I4210108778,1,1,2023,W4387500346,1.0
I2802821144,I4210111460,1,1,2023,W4387500346,1.0
I2802821144,I4210162051,1,1,2023,W4387500346,1.0
I2802821144,I62916508,1,1,2023,W4387500346,1.0
I2802821144,I78650965,1,1,2023,W4387500346,1.0
I2802821144,I887968799,1,1,2023,W4387500346,1.0
I2802835388,I36234482,1,1,2023,W4372348574,1.0
I2802835388,I4210111013,1,1,2023,W4372348574,1.0
I2802835388,I4210120508,1,1,2023,W4372348574,1.0
I2802835388,I4210125099,1,1,2023,W4372348574,1.0
I2802865875,I59270414,1,1,2023,W4389966389,1.0
I2802916955,I76134821,1,1,2023,W4361286239,1.0
I2802939634,I3045169105,1,1,2023,W4388999655,1.0
I2802939634,I4210092870,1,1,2023,W4388999655,1.0
I2802939634,I4210104064,1,1,2023,W4388999655,1.0
I2802957242,I4210113254,4,4,2023,W4366241052;W4366983955;W4376871127;W4378640065,0.25
I2802957242,I5740404,4,4,2023,W4366241052;W4366983955;W4376871127;W4378640065,0.25
I2802957242,I87710204,2,2,2023,W4366241052;W4366983955,0.5
I2802957242,I91935597,2,2,2023,W4366241052;W4366983955,0.5
I2802957242,I39343248,2,2,2023,W4366983955;W4378640065,0.5
I2802957242,I4210122818,1,1,2023,W4378640065,1.0
I2802957242,I4210126298,1,1,2023,W4378640065,1.0
I2802957242,I4210153043,1,1,2023,W4378640065,1.0
I2802957242,I4210165067,1,1,2023,W4378640065,1.0
I2802957242,I4210165424,1,1,2023,W4378640065,1.0
I2802957242,I75951250,1,1,2023,W4378640065,1.0
I2802957242,I7877124,1,1,2023,W4378640065,1.0
I2802960445,I4210103794,1,1,2023,W4391128915,1.0
I2802960445,I4210123992,1,1,2023,W4391128915,1.0
I2802960445,I4210141558,1,1,2023,W4391128915,1.0
I2802960445,I872719,1,1,2023,W4391128915,1.0
I2802965805,I2961216182,1,1,2023,W4388347957,1.0
I2802965805,I3018771216,1,1,2023,W4388347957,1.0
I2802965805,I4210094363,1,1,2023,W4388347957,1.0
I2802965805,I4210106397,1,1,2023,W4388347957,1.0
I2802965805,I4210114248,1,1,2023,W4388347957,1.0
I2802965805,I4210119117,1,1,2023,W4388347957,1.0
I2802965805,I4210143330,1,1,2023,W4388347957,1.0
I2802965805,I4210151091,1,1,2023,W4388347957,1.0
I2802965805,I4210153126,1,1,2023,W4388347957,1.0
I2802965805,I4210153139,1,1,2023,W4388347957,1.0
I2802965805,I4210156450,1,1,2023,W4388347957,1.0
I2802965805,I99464096,1,1,2023,W4388347957,1.0
I2803026726,I4210145543,1,1,2023,W4381743186,1.0
I2803026726,I4210153211,1,1,2023,W4381743186,1.0
I2803026726,I544936282,1,1,2023,W4381743186,1.0
I2803044603,I4210122929,1,1,2023,W4386046428,1.0
I2803044603,I4210162197,1,1,2023,W4386046428,1.0
I2803044603,I61628605,1,1,2023,W4386046428,1.0
I2803044603,I921990950,1,1,2023,W4386046428,1.0
I2803044603,I97018004,1,1,2023,W4386046428,1.0
I2803058125,I40542001,1,1,2023,W4387029265,1.0
I2803058125,I4210153373,1,1,2023,W4387029265,1.0
I2803209242,I36258959,1,1,2023,W4389736946,1.0
I2803209242,I4210114312,1,1,2023,W4389736946,1.0
I2803209242,I4210164146,1,1,2023,W4389736946,1.0
I2803209242,I66946132,1,1,2023,W4389736946,1.0
I2803209242,I889937125,1,1,2023,W4389736946,1.0
I2803209242,I95457486,1,1,2023,W4389736946,1.0
I2803209242,I97018004,1,1,2023,W4389736946,1.0
I28046988,I4210099137,1,1,2023,W4387408850,1.0
I28046988,I4210118727,1,1,2023,W4387408850,1.0
I28046988,I913958620,1,1,2023,W4390146370,1.0
I28166907,I71920554,1,1,2023,W4387970385,1.0
I28166907,I62916508,1,1,2023,W4388014051,1.0
I28221208,I56067802,1,1,2023,W4386175534,1.0
I28257850,I292141241,1,1,2023,W4368362817,1.0
I28257850,I40120149,1,1,2023,W4368362817,1.0
I28257850,I4210150093,1,1,2023,W4368362817,1.0
I28257850,I4210162189,1,1,2023,W4368362817,1.0
I28257850,I56590836,1,1,2023,W4368362817,1.0
I28257850,I80281795,1,1,2023,W4368362817,1.0
I28257850,I8204097,1,1,2023,W4368362817,1.0
I28257850,I872623138,1,1,2023,W4368362817,1.0
I28257850,I95457486,1,1,2023,W4368362817,1.0
I28257850,I98259816,1,1,2023,W4368362817,1.0
I28290843,I3045169105,1,1,2023,W4389519012,1.0
I28290843,I28407311,1,1,2023,W4389523718,1.0
I28290843,I91136226,1,1,2023,W4389523718,1.0
I28290843,I4210109289,1,1,2023,W4389946433,1.0
I28290843,I57589565,1,1,2023,W4389946433,1.0
I28407311,I31746571,1,1,2023,W4360620450,1.0
I28407311,I32394136,1,1,2023,W4360620450,1.0
I28407311,I36234482,2,2,2023,W4360620450;W4386697749,0.5
I28407311,I39586589,1,1,2023,W4360620450,1.0
I28407311,I4210131537,1,1,2023,W4360620450,1.0
I28407311,I4390039323,1,1,2023,W4360620450,1.0
I28407311,I4394709253,1,1,2023,W4360620450,1.0
I28407311,I44430492,1,1,2023,W4360620450,1.0
I28407311,I47818738,1,1,2023,W4360620450,1.0
I28407311,I55060895,1,1,2023,W4360620450,1.0
I28407311,I63098007,1,1,2023,W4360620450,1.0
I28407311,I68891433,1,1,2023,W4360620450,1.0
I28407311,I71052956,1,1,2023,W4360620450,1.0
I28407311,I78715868,1,1,2023,W4360620450,1.0
I28407311,I80281795,1,1,2023,W4360620450,1.0
I28407311,I91136226,2,2,2023,W4360620450;W4389523718,0.5
I28407311,I9300472,1,1,2023,W4360620450,1.0
I28407311,I931969281,1,1,2023,W4360620450,1.0
I28407311,I9360294,1,1,2023,W4360620450,1.0
I28407311,I98358874,1,1,2023,W4360620450,1.0
I28407311,I40120149,1,1,2023,W4386697749,1.0
I28407311,I4210111135,1,1,2023,W4386697749,1.0
I28407311,I4210126452,1,1,2023,W4386697749,1.0
I28407311,I4210140114,1,1,2023,W4386697749,1.0
I28407311,I4210150574,1,1,2023,W4386697749,1.0
I28407311,I43439940,1,1,2023,W4386697749,1.0
I28407311,I45129253,1,1,2023,W4386697749,1.0
I28407311,I7882870,1,1,2023,W4386697749,1.0
I28407311,I79510175,1,1,2023,W4386697749,1.0
I28407311,I79619799,1,1,2023,W4386697749,1.0
I28407311,I84884186,1,1,2023,W4386697749,1.0
I28407311,I98677209,1,1,2023,W4386697749,1.0
I28407311,I4210087059,1,1,2023,W4389215044,1.0
I28407311,I53592917,1,1,2023,W4389523980,1.0
I28407311,I4210089853,1,1,2023,W4390135262,1.0
I28407311,I4210128584,1,1,2023,W4390135262,1.0
I28407311,I4210146430,1,1,2023,W4390135262,1.0
I28407311,I4210155937,1,1,2023,W4390135262,1.0
I28407311,I4210160376,1,1,2023,W4390135262,1.0
I28813325,I3130607311,1,1,2023,W4387817941,1.0
I2883434090,I39553462,1,1,2023,W4388979212,1.0
I2883434090,I73822459,1,1,2023,W4388979212,1.0
I28941729,I41073452,1,1,2023,W4361028617,1.0
I2898391981,I5124864,1,1,2023,W4379645258,1.0
I2898391981,I98358874,1,1,2023,W4379645258,1.0
I2898391981,I31512782,1,1,2023,W4385734232,1.0
I29045822,I4210088407,1,1,2023,W4388287351,1.0
I29045822,I4210121083,1,1,2023,W4388287351,1.0
I29045822,I4210130461,1,1,2023,W4388287351,1.0
I29045822,I4210142730,1,1,2023,W4388287351,1.0
I29045822,I4210150574,1,1,2023,W4388287351,1.0
I29045822,I45129253,1,1,2023,W4388287351,1.0
I29045822,I70931966,1,1,2023,W4388287351,1.0
I292141241,I40120149,1,1,2023,W4368362817,1.0
I292141241,I4210150093,1,1,2023,W4368362817,1.0
I292141241,I4210162189,1,1,2023,W4368362817,1.0
I292141241,I56590836,1,1,2023,W4368362817,1.0
I292141241,I80281795,1,1,2023,W4368362817,1.0
I292141241,I8204097,2,2,2023,W4368362817;W4386693657,0.5
I292141241,I872623138,1,1,2023,W4368362817,1.0
I292141241,I95457486,1,1,2023,W4368362817,1.0
I292141241,I98259816,1,1,2023,W4368362817,1.0
I292141241,I4403386549,1,1,2023,W4386693657,1.0
I292141241,I62916508,1,1,2023,W4386693657,1.0
I29365675,I4210152380,1,1,2023,W4389992156,1.0
I29607241,I4210152047,1,1,2023,W4383957026,1.0
I29607241,I63966007,1,1,2023,W4383957026,1.0
I29607241,I78577930,1,1,2023,W4383957026,1.0
I29607241,I40120149,1,1,2023,W4387633104,1.0
I29607241,I4210114522,1,1,2023,W4387633104,1.0
I29607241,I90669466,1,1,2023,W4387633104,1.0
I2961216182,I3018771216,1,1,2023,W4388347957,1.0
I2961216182,I4210094363,1,1,2023,W4388347957,1.0
I2961216182,I4210106397,1,1,2023,W4388347957,1.0
I2961216182,I4210114248,1,1,2023,W4388347957,1.0
I2961216182,I4210119117,1,1,2023,W4388347957,1.0
I2961216182,I4210143330,1,1,2023,W4388347957,1.0
I2961216182,I4210151091,1,1,2023,W4388347957,1.0
I2961216182,I4210153126,1,1,2023,W4388347957,1.0
I2961216182,I4210153139,1,1,2023,W4388347957,1.0
I2961216182,I4210156450,1,1,2023,W4388347957,1.0
I2961216182,I99464096,1,1,2023,W4388347957,1.0
I2961216182,I4210097846,1,1,2023,W4389685420,1.0
I2961216182,I4210152736,1,1,2023,W4389685420,1.0
I29698356,I4387154749,1,1,2023,W4363650973,1.0
I29698356,I76957882,1,1,2023,W4363650973,1.0
I29739308,I4210135132,1,1,2023,W4385654693,1.0
I29770179,I4210155320,1,1,2023,W4386122704,1.0
I29801172,I4210091234,1,1,2023,W4389671642,1.0
I29801172,I5681781,1,1,2023,W4389671642,1.0
I29801172,I81365321,1,1,2023,W4389671642,1.0
I29894533,I63169043,1,1,2023,W4387034760,1.0
I29955533,I32971472,1,1,2023,W4321022177,1.0
I29955533,I40120149,2,2,2023,W4321022177;W4381572755,0.5
I29955533,I4387155932,2,2,2023,W4321022177;W4381572755,0.5
I29955533,I9360294,2,2,2023,W4321022177;W4381572755,0.5
I29955533,I4210137306,2,2,2023,W4365794116;W4389403907,0.5
I29955533,I97018004,2,2,2023,W4365794116;W4389403907,0.5
I29955533,I57206974,2,2,2023,W4366425800;W4389403907,0.5
I29955533,I79576946,1,1,2023,W4366425800,1.0
I29955533,I40347166,1,1,2023,W4389403907,1.0
I29955533,I4210108999,1,1,2023,W4389403907,1.0
I29955533,I4210119109,1,1,2023,W4389403907,1.0
I29955533,I4210140380,1,1,2023,W4389403907,1.0
I29955533,I4210145102,1,1,2023,W4389403907,1.0
I29955533,I4210153792,1,1,2023,W4389403907,1.0
I29955533,I4210155092,1,1,2023,W4389403907,1.0
I29955533,I44829897,1,1,2023,W4389403907,1.0
I29955533,I51556381,1,1,2023,W4389403907,1.0
I29955533,I88874673,1,1,2023,W4389403907,1.0
I29955533,I90326151,1,1,2023,W4389403907,1.0
I29955533,I4210113369,1,1,2023,W4389520468,1.0
I29955533,I4210153682,1,1,2023,W4389520468,1.0
I29955533,I99065089,1,1,2023,W4389520468,1.0
I3017417437,I4210119991,1,1,2023,W4385260875,1.0
I3018134672,I4210108778,1,1,2023,W4387500346,1.0
I3018134672,I4210111460,1,1,2023,W4387500346,1.0
I3018134672,I4210162051,1,1,2023,W4387500346,1.0
I3018134672,I62916508,1,1,2023,W4387500346,1.0
I3018134672,I78650965,1,1,2023,W4387500346,1.0
I3018134672,I887968799,1,1,2023,W4387500346,1.0
I3018263800,I76130692,1,1,2023,W4390190100,1.0
I3018263800,I82880672,1,1,2023,W4390190100,1.0
I3018323443,I4210112646,1,1,2023,W4387046394,1.0
I3018323443,I4210112727,1,1,2023,W4387046394,1.0
I3018771216,I62916508,1,1,2023,W4377235854,1.0
I3018771216,I8204097,7,7,2023,W4377235854;W4378419607;W4381436420;W4386071957;W4386076371;W4387356888;W4389762775,0.14285714285714285
I3018771216,I926574661,1,1,2023,W4377235854,1.0
I3018771216,I4403386549,2,2,2023,W4378419607;W4387356888,0.5
I3018771216,I4210127509,2,2,2023,W4386071957;W4386076371,0.5
I3018771216,I4210087677,1,1,2023,W4387356888,1.0
I3018771216,I4210129183,1,1,2023,W4387356888,1.0
I3018771216,I4210094363,1,1,2023,W4388347957,1.0
I3018771216,I4210106397,1,1,2023,W4388347957,1.0
I3018771216,I4210114248,1,1,2023,W4388347957,1.0
I3018771216,I4210119117,1,1,2023,W4388347957,1.0
I3018771216,I4210143330,1,1,2023,W4388347957,1.0
I3018771216,I4210151091,1,1,2023,W4388347957,1.0
I3018771216,I4210153126,1,1,2023,W4388347957,1.0
I3018771216,I4210153139,1,1,2023,W4388347957,1.0
I3018771216,I4210156450,1,1,2023,W4388347957,1.0
I3018771216,I99464096,1,1,2023,W4388347957,1.0
I3019308854,I4210088910,1,1,2023,W4387026748,1.0
I3019308854,I4210145924,1,1,2023,W4387026748,1.0
I3019308854,I4210156221,1,1,2023,W4387026748,1.0
I3019308854,I74614422,1,1,2023,W4387026748,1.0
I3019415892,I913140155,2,2,2023,W4376866255;W4390191016,0.5
I3019423309,I31512782,1,1,2023,W4390873484,1.0
I3019523068,I99065089,1,1,2023,W4385570036,1.0
I3045169105,I82880672,1,1,2023,W4384345745,1.0
I3045169105,I4210092870,1,1,2023,W4388999655,1.0
I3045169105,I4210104064,1,1,2023,W4388999655,1.0
I3045169105,I35440088,1,1,2023,W4389430914,1.0
I3045169105,I40120149,1,1,2023,W4389430914,1.0
I3045169105,I4210103957,1,1,2023,W4389430914,1.0
I3045169105,I4210145292,1,1,2023,W4389430914,1.0
I3045169105,I4210164332,1,1,2023,W4389430914,1.0
I3045169105,I76130692,1,1,2023,W4389430914,1.0
I3045169105,I916048824,1,1,2023,W4389430914,1.0
I304852291,I4210087039,1,1,2023,W4383187389,1.0
I304852291,I4210100188,1,1,2023,W4383187389,1.0
I304852291,I4210125092,1,1,2023,W4383187389,1.0
I304852291,I4210125364,1,1,2023,W4383187389,1.0
I304852291,I4210129357,1,1,2023,W4383187389,1.0
I304852291,I4210140856,1,1,2023,W4383187389,1.0
I304852291,I4210141898,1,1,2023,W4383187389,1.0
I304852291,I4210147442,1,1,2023,W4383187389,1.0
I30771326,I4210108711,1,1,2023,W4386099715,1.0
I30809798,I4210095221,1,1,2023,W4323349483,1.0
I30809798,I4210112065,1,1,2023,W4323349483,1.0
I30809798,I4210121447,1,1,2023,W4323349483,1.0
I30809798,I4210127611,1,1,2023,W4323349483,1.0
I30809798,I4210135742,1,1,2023,W4323349483,1.0
I30809798,I4210137766,1,1,2023,W4323349483,1.0
I30809798,I4210157781,6,6,2023,W4323349483;W4362655923;W4385988359;W4387211900;W4387642400;W4389903841,0.16666666666666666
I30809798,I4210165038,1,1,2023,W4323349483,1.0
I30809798,I4210087915,4,4,2023,W4362655923;W4385988359;W4387642400;W4389903841,0.25
I30809798,I4210135459,6,6,2023,W4362655923;W4385988359;W4387211598;W4387211900;W4387642400;W4389903841,0.16666666666666666
I30809798,I87445476,2,2,2023,W4362655923;W4385988359,0.5
I30809798,I88830068,2,2,2023,W4362655923;W4385988359,0.5
I30809798,I4210153682,1,1,2023,W4386065402,1.0
I30809798,I4210125143,1,1,2023,W4387211598,1.0
I30809798,I4210100255,1,1,2023,W4387211900,1.0
I30809798,I4391012619,1,1,2023,W4387211900,1.0
I30809798,I4210146710,2,2,2023,W4387642400;W4389903841,0.5
I30809798,I38877650,1,1,2023,W4389903841,1.0
I30809798,I4210113369,1,1,2023,W4390873120,1.0
I30809798,I99065089,1,1,2023,W4390873120,1.0
I308392441,I95457486,1,1,2023,W4386072042,1.0
I308392441,I4210109586,1,1,2023,W4390873045,1.0
I31079310,I56306041,1,1,2023,W4389050043,1.0
I31079310,I84339108,1,1,2023,W4389050043,1.0
I31079310,I91633459,1,1,2023,W4389050043,1.0
I31151848,I4210137306,1,1,2023,W4389523893,1.0
I31151848,I66946132,1,1,2023,W4389523893,1.0
I3122748864,I39586589,2,2,2023,W4379416244;W4387379065,0.5
I3122748864,I864998749,1,1,2023,W4379416244,1.0
I3122748864,I4210134189,1,1,2023,W4387379065,1.0
I3122748864,I4387930215,1,1,2023,W4387379065,1.0
I3122748864,I55285296,1,1,2023,W4387379065,1.0
I3122748864,I56007636,1,1,2023,W4387379065,1.0
I3122748864,I60342839,1,1,2023,W4387379065,1.0
I3122748864,I68891433,1,1,2023,W4387379065,1.0
I3122748864,I79156528,1,1,2023,W4387379065,1.0
I3122748864,I931278978,1,1,2023,W4387379065,1.0
I3122748864,I931681460,1,1,2023,W4387379065,1.0
I3122748864,I96413208,1,1,2023,W4387379065,1.0
I3123915005,I84058292,1,1,2023,W4361004543,1.0
I3129555431,I4210117307,1,1,2023,W4389082615,1.0
I3129555431,I60668342,1,1,2023,W4389082615,1.0
I3130244785,I4210164424,3,3,2023,W4382181231;W4383711355;W4389237785,0.3333333333333333
I3130244785,I876193797,2,2,2023,W4383711355;W4389237785,0.5
I3130638677,I33256026,1,1,2023,W4389519188,1.0
I3130638677,I4210087053,1,1,2023,W4389519188,1.0
I3130638677,I4210108625,1,1,2023,W4389519188,1.0
I3130638677,I42934936,1,1,2023,W4389519188,1.0
I3130638677,I56085075,1,1,2023,W4389519188,1.0
I3130638677,I887064364,1,1,2023,W4389519188,1.0
I3130638677,I98677209,1,1,2023,W4389519188,1.0
I3131625388,I99065089,2,2,2023,W4385764101;W4387394600,0.5
I3131779051,I4210155527,1,1,2023,W4393072700,1.0
I3131870445,I4210152718,1,1,2023,W4388019161,1.0
I3131870445,I4387153068,1,1,2023,W4388019161,1.0
I3132180716,I97864281,1,1,2023,W4385423788,1.0
I3132710747,I4210144850,1,1,2023,W4389203637,1.0
I3133035077,I90023481,1,1,2023,W4386076190,1.0
I3133035077,I98285908,1,1,2023,W4386076190,1.0
I3133055985,I99065089,1,1,2023,W4382239946,1.0
I3133055985,I4210095624,1,1,2023,W4389519248,1.0
I3133055985,I76130692,1,1,2023,W4389519248,1.0
I3133055985,I4210094879,1,1,2023,W4404515031,1.0
I3133055985,I4210113369,1,1,2023,W4404515031,1.0
I3133055985,I74973139,1,1,2023,W4404515031,1.0
I3133184724,I4210119896,1,1,2023,W4383913712,1.0
I3133184724,I51601045,1,1,2023,W4383913712,1.0
I3133184724,I56590836,1,1,2023,W4383913712,1.0
I3133184724,I60733029,1,1,2023,W4383913712,1.0
I3133184724,I71052956,1,1,2023,W4383913712,1.0
I3133184724,I79619799,1,1,2023,W4383913712,1.0
I3133184724,I82284825,1,1,2023,W4383913712,1.0
I3133184724,I84884186,1,1,2023,W4383913712,1.0
I3148377317,I4210090250,1,1,2023,W4391341917,1.0
I3148377317,I4210117092,1,1,2023,W4391341917,1.0
I3148377317,I4210156156,1,1,2023,W4391341917,1.0
I3148377317,I67357951,1,1,2023,W4391341917,1.0
I31512782,I4210156583,1,1,2023,W4386066536,1.0
I31512782,I47720641,1,1,2023,W4386567020,1.0
I31512782,I90610280,1,1,2023,W4386567020,1.0
I31512782,I33256026,3,3,2023,W4389665935;W4389976991;W4390872151,0.3333333333333333
I31512782,I4210122262,2,2,2023,W4389665935;W4390872151,0.5
I315704651,I4210092744,1,1,2023,W4378905467,1.0
I315704651,I4210099977,1,1,2023,W4378905467,1.0
I315704651,I4210102999,1,1,2023,W4378905467,1.0
I315704651,I4210106352,1,1,2023,W4378905467,1.0
I315704651,I4210106526,1,1,2023,W4378905467,1.0
I315704651,I4210117555,1,1,2023,W4378905467,1.0
I315704651,I4210122844,1,1,2023,W4378905467,1.0
I315704651,I4210137309,1,1,2023,W4378905467,1.0
I315704651,I4210139347,1,1,2023,W4378905467,1.0
I315704651,I4210141715,1,1,2023,W4378905467,1.0
I315704651,I4210165038,1,1,2023,W4378905467,1.0
I315704651,I5023651,1,1,2023,W4378905467,1.0
I315704651,I59270414,1,1,2023,W4378905467,1.0
I315704651,I60200437,1,1,2023,W4378905467,1.0
I315704651,I865915315,1,1,2023,W4378905467,1.0
I315704651,I881766915,1,1,2023,W4378905467,1.0
I315704651,I887064364,1,1,2023,W4378905467,1.0
I315704651,I913481162,1,1,2023,W4378905467,1.0
I31721044,I63966007,1,1,2023,W4385381485,1.0
I31721044,I97018004,1,1,2023,W4385381485,1.0
I31746571,I42894916,1,1,2023,W4327810912,1.0
I31746571,I32394136,1,1,2023,W4360620450,1.0
I31746571,I36234482,1,1,2023,W4360620450,1.0
I31746571,I39586589,1,1,2023,W4360620450,1.0
I31746571,I4210131537,1,1,2023,W4360620450,1.0
I31746571,I4390039323,1,1,2023,W4360620450,1.0
I31746571,I4394709253,1,1,2023,W4360620450,1.0
I31746571,I44430492,1,1,2023,W4360620450,1.0
I31746571,I47818738,1,1,2023,W4360620450,1.0
I31746571,I55060895,1,1,2023,W4360620450,1.0
I31746571,I63098007,1,1,2023,W4360620450,1.0
I31746571,I68891433,1,1,2023,W4360620450,1.0
I31746571,I71052956,1,1,2023,W4360620450,1.0
I31746571,I78715868,1,1,2023,W4360620450,1.0
I31746571,I80281795,1,1,2023,W4360620450,1.0
I31746571,I91136226,1,1,2023,W4360620450,1.0
I31746571,I9300472,1,1,2023,W4360620450,1.0
I31746571,I931969281,1,1,2023,W4360620450,1.0
I31746571,I9360294,1,1,2023,W4360620450,1.0
I31746571,I98358874,1,1,2023,W4360620450,1.0
I31746571,I4210086892,1,1,2023,W4366778082,1.0
I31746571,I4210134421,1,1,2023,W4367359043,1.0
I31746571,I43406934,1,1,2023,W4385749731,1.0
I31746571,I94722563,1,1,2023,W4385749731,1.0
I31746571,I57206974,1,1,2023,W4388040405,1.0
I32038505,I35928602,1,1,2023,W4389201667,1.0
I32038505,I39854758,1,1,2023,W4389201667,1.0
I32038505,I4210152127,1,1,2023,W4389201667,1.0
I32038505,I91045830,1,1,2023,W4389201667,1.0
I32389192,I4210086892,1,1,2023,W4386638865,1.0
I32389192,I33858575,1,1,2023,W4389696050,1.0
I32389192,I40434647,1,1,2023,W4389696050,1.0
I32389192,I4210087936,1,1,2023,W4389696050,1.0
I32389192,I4210095594,1,1,2023,W4389696050,1.0
I32389192,I4210113179,1,1,2023,W4389696050,1.0
I32389192,I4210127871,1,1,2023,W4389696050,1.0
I32389192,I4210134505,1,1,2023,W4389696050,1.0
I32389192,I4210137813,1,1,2023,W4389696050,1.0
I32389192,I4210151290,1,1,2023,W4389696050,1.0
I32389192,I4210161436,1,1,2023,W4389696050,1.0
I32389192,I49828101,1,1,2023,W4389696050,1.0
I32389192,I51235708,1,1,2023,W4389696050,1.0
I32389192,I54316950,1,1,2023,W4389696050,1.0
I32389192,I73417466,1,1,2023,W4389696050,1.0
I32389192,I80810150,1,1,2023,W4389696050,1.0
I32389192,I83259278,1,1,2023,W4389696050,1.0
I32389192,I83816512,1,1,2023,W4389696050,1.0
I32389192,I85507684,1,1,2023,W4389696050,1.0
I32389192,I8636806,1,1,2023,W4389696050,1.0
I32394136,I36234482,1,1,2023,W4360620450,1.0
I32394136,I39586589,1,1,2023,W4360620450,1.0
I32394136,I4210131537,1,1,2023,W4360620450,1.0
I32394136,I4390039323,1,1,2023,W4360620450,1.0
I32394136,I4394709253,1,1,2023,W4360620450,1.0
I32394136,I44430492,1,1,2023,W4360620450,1.0
I32394136,I47818738,1,1,2023,W4360620450,1.0
I32394136,I55060895,1,1,2023,W4360620450,1.0
I32394136,I63098007,1,1,2023,W4360620450,1.0
I32394136,I68891433,1,1,2023,W4360620450,1.0
I32394136,I71052956,1,1,2023,W4360620450,1.0
I32394136,I78715868,1,1,2023,W4360620450,1.0
I32394136,I80281795,1,1,2023,W4360620450,1.0
I32394136,I91136226,1,1,2023,W4360620450,1.0
I32394136,I9300472,1,1,2023,W4360620450,1.0
I32394136,I931969281,1,1,2023,W4360620450,1.0
I32394136,I9360294,1,1,2023,W4360620450,1.0
I32394136,I98358874,1,1,2023,W4360620450,1.0
I32394136,I45084792,1,1,2023,W4388503650,1.0
I32394136,I96698942,1,1,2023,W4388503650,1.0
I32574673,I37461747,1,1,2023,W4388082355,1.0
I32574673,I4210111616,1,1,2023,W4388082355,1.0
I32574673,I75900474,1,1,2023,W4388082355,1.0
I32597200,I4210154218,1,1,2023,W4387299593,1.0
I32597200,I69552723,1,1,2023,W4387299593,1.0
I32881790,I39063666,1,1,2023,W4388811394,1.0
I32881790,I4210093292,1,1,2023,W4388811394,1.0
I32881790,I4210100188,1,1,2023,W4388811394,1.0
I32881790,I4210125092,1,1,2023,W4388811394,1.0
I32881790,I4210125364,1,1,2023,W4388811394,1.0
I32881790,I861853513,1,1,2023,W4388811394,1.0
I32971472,I40120149,3,3,2023,W4321022177;W4377078114;W4389267014,0.3333333333333333
I32971472,I4387155932,1,1,2023,W4321022177,1.0
I32971472,I9360294,3,3,2023,W4321022177;W4321074112;W4377078114,0.3333333333333333
I32971472,I91203450,1,1,2023,W4362569965,1.0
I32971472,I4210125326,1,1,2023,W4365143687,1.0
I32971472,I97018004,3,3,2023,W4365143687;W4385449797;W4389165073,0.3333333333333333
I32971472,I39343248,1,1,2023,W4384663549,1.0
I32971472,I4210101898,1,1,2023,W4384663549,1.0
I32971472,I78577930,2,2,2023,W4384663549;W4389523875,0.5
I32971472,I99065089,1,1,2023,W4386553577,1.0
I32971472,I4210131376,1,1,2023,W4386699758,1.0
I32971472,I35440088,1,1,2023,W4386791134,1.0
I32971472,I36788626,1,1,2023,W4386791134,1.0
I32971472,I4210099443,1,1,2023,W4386791134,1.0
I32971472,I4210102262,1,1,2023,W4386791134,1.0
I32971472,I5124864,1,1,2023,W4386791134,1.0
I32971472,I79576946,1,1,2023,W4386791134,1.0
I32971472,I922845939,1,1,2023,W4386791134,1.0
I32971472,I74775410,1,1,2023,W4387809804,1.0
I32971472,I42134832,1,1,2023,W4389165073,1.0
I32971472,I4210125878,1,1,2023,W4389267014,1.0
I32971472,I4210146410,1,1,2023,W4389267014,1.0
I32971472,I4210140341,1,1,2023,W4389523875,1.0
I32971472,I4210100255,1,1,2023,W4390874324,1.0
I32971472,I4391012619,1,1,2023,W4390874324,1.0
I33213144,I4210129924,1,1,2023,W4379514142,1.0
I33213144,I51504820,1,1,2023,W4386082956,1.0
I33213144,I4210087356,1,1,2023,W4387296387,1.0
I33213144,I4210087915,1,1,2023,W4387296387,1.0
I33213144,I4210120373,1,1,2023,W4387803927,1.0
I33213144,I4388482696,1,1,2023,W4387803927,1.0
I33213144,I98677209,1,1,2023,W4388277090,1.0
I33213144,I4210127875,1,1,2023,W4388725043,1.0
I33213144,I4390039331,1,1,2023,W4388725043,1.0
I33213144,I94062374,1,1,2023,W4388725043,1.0
I33256026,I4401726909,1,1,2023,W4317937814,1.0
I33256026,I51441396,1,1,2023,W4317937814,1.0
I33256026,I76198965,1,1,2023,W4317937814,1.0
I33256026,I926574661,1,1,2023,W4317937814,1.0
I33256026,I4210087053,1,1,2023,W4389519188,1.0
I33256026,I4210108625,1,1,2023,W4389519188,1.0
I33256026,I42934936,1,1,2023,W4389519188,1.0
I33256026,I56085075,1,1,2023,W4389519188,1.0
I33256026,I887064364,1,1,2023,W4389519188,1.0
I33256026,I98677209,1,1,2023,W4389519188,1.0
I33256026,I4210122262,2,2,2023,W4389665935;W4390872151,0.5
I33552525,I347237974,1,1,2023,W4386596968,1.0
I33585257,I4387155381,1,1,2023,W4389888164,1.0
I33800924,I55732556,1,1,2023,W4387639021,1.0
I33800924,I61641377,1,1,2023,W4387639021,1.0
I33849332,I6498739,1,1,2023,W4362653066,1.0
I33858575,I4210094747,1,1,2023,W4388237833,1.0
I33858575,I4210137409,1,1,2023,W4388237833,1.0
I33858575,I4210151342,1,1,2023,W4388237833,1.0
I33858575,I4210153031,1,1,2023,W4388237833,1.0
I33858575,I60134161,1,1,2023,W4388237833,1.0
I33858575,I74801974,1,1,2023,W4388237833,1.0
I33858575,I40434647,1,1,2023,W4389696050,1.0
I33858575,I4210087936,1,1,2023,W4389696050,1.0
I33858575,I4210095594,1,1,2023,W4389696050,1.0
I33858575,I4210113179,1,1,2023,W4389696050,1.0
I33858575,I4210127871,1,1,2023,W4389696050,1.0
I33858575,I4210134505,1,1,2023,W4389696050,1.0
I33858575,I4210137813,1,1,2023,W4389696050,1.0
I33858575,I4210151290,1,1,2023,W4389696050,1.0
I33858575,I4210161436,1,1,2023,W4389696050,1.0
I33858575,I49828101,1,1,2023,W4389696050,1.0
I33858575,I51235708,1,1,2023,W4389696050,1.0
I33858575,I54316950,1,1,2023,W4389696050,1.0
I33858575,I73417466,1,1,2023,W4389696050,1.0
I33858575,I80810150,1,1,2023,W4389696050,1.0
I33858575,I83259278,1,1,2023,W4389696050,1.0
I33858575,I83816512,1,1,2023,W4389696050,1.0
I33858575,I85507684,1,1,2023,W4389696050,1.0
I33858575,I8636806,1,1,2023,W4389696050,1.0
I34002243,I4210087436,1,1,2023,W4388821369,1.0
I34077533,I52357470,1,1,2023,W4385569985,1.0
I34352273,I4210087915,1,1,2023,W4386447283,1.0
I34352273,I4210117453,1,1,2023,W4386447283,1.0
I34352273,I4210161994,1,1,2023,W4386447283,1.0
I34352273,I4210164862,1,1,2023,W4386447283,1.0
I34478861,I4210150297,1,1,2023,W4390432273,1.0
I34809795,I4210114487,1,1,2023,W4366269319,1.0
I348769827,I4210089761,1,1,2023,W4388035208,1.0
I348769827,I47508984,1,1,2023,W4388035208,1.0
I348769827,I889458895,1,1,2023,W4388035208,1.0
I35440088,I41198531,1,1,2023,W4382317964,1.0
I35440088,I99464096,1,1,2023,W4385804996,1.0
I35440088,I4210164802,1,1,2023,W4386528681,1.0
I35440088,I36788626,1,1,2023,W4386791134,1.0
I35440088,I4210099443,1,1,2023,W4386791134,1.0
I35440088,I4210102262,1,1,2023,W4386791134,1.0
I35440088,I5124864,1,1,2023,W4386791134,1.0
I35440088,I79576946,1,1,2023,W4386791134,1.0
I35440088,I922845939,1,1,2023,W4386791134,1.0
I35440088,I40120149,2,2,2023,W4389430914;W4389519268,0.5
I35440088,I4210103957,1,1,2023,W4389430914,1.0
I35440088,I4210145292,1,1,2023,W4389430914,1.0
I35440088,I4210164332,1,1,2023,W4389430914,1.0
I35440088,I76130692,1,1,2023,W4389430914,1.0
I35440088,I916048824,1,1,2023,W4389430914,1.0
I35440088,I57206974,1,1,2023,W4389519222,1.0
I35440088,I87182695,1,1,2023,W4389519222,1.0
I35440088,I54157616,1,1,2023,W4389519268,1.0
I35440088,I63664421,1,1,2023,W4389519268,1.0
I35928602,I44461941,3,3,2023,W4383753323;W4387412926;W4392158858,0.3333333333333333
I35928602,I82497590,3,3,2023,W4383753323;W4387412926;W4392158858,0.3333333333333333
I35928602,I39854758,2,2,2023,W4389201667;W4390761031,0.5
I35928602,I4210152127,1,1,2023,W4389201667,1.0
I35928602,I91045830,1,1,2023,W4389201667,1.0
I36194607,I39422238,1,1,2023,W4380686968,1.0
I36194607,I40347166,1,1,2023,W4380686968,1.0
I36194607,I4210094653,1,1,2023,W4380686968,1.0
I36194607,I4210095073,1,1,2023,W4380686968,1.0
I36194607,I4210107755,1,1,2023,W4380686968,1.0
I36194607,I4210110490,1,1,2023,W4380686968,1.0
I36194607,I4210121988,1,1,2023,W4380686968,1.0
I36194607,I4210132596,1,1,2023,W4380686968,1.0
I36194607,I4210138199,1,1,2023,W4380686968,1.0
I36194607,I4210147263,1,1,2023,W4380686968,1.0
I36194607,I5023651,1,1,2023,W4380686968,1.0
I36194607,I5124864,1,1,2023,W4380686968,1.0
I36194607,I5388228,1,1,2023,W4380686968,1.0
I36194607,I54166199,1,1,2023,W4380686968,1.0
I36194607,I63966007,1,1,2023,W4380686968,1.0
I36194607,I95457486,1,1,2023,W4380686968,1.0
I36194607,I95674353,1,1,2023,W4380686968,1.0
I36234482,I39586589,1,1,2023,W4360620450,1.0
I36234482,I4210131537,1,1,2023,W4360620450,1.0
I36234482,I4390039323,1,1,2023,W4360620450,1.0
I36234482,I4394709253,1,1,2023,W4360620450,1.0
I36234482,I44430492,1,1,2023,W4360620450,1.0
I36234482,I47818738,1,1,2023,W4360620450,1.0
I36234482,I55060895,1,1,2023,W4360620450,1.0
I36234482,I63098007,1,1,2023,W4360620450,1.0
I36234482,I68891433,1,1,2023,W4360620450,1.0
I36234482,I71052956,1,1,2023,W4360620450,1.0
I36234482,I78715868,1,1,2023,W4360620450,1.0
I36234482,I80281795,1,1,2023,W4360620450,1.0
I36234482,I91136226,1,1,2023,W4360620450,1.0
I36234482,I9300472,1,1,2023,W4360620450,1.0
I36234482,I931969281,1,1,2023,W4360620450,1.0
I36234482,I9360294,1,1,2023,W4360620450,1.0
I36234482,I98358874,1,1,2023,W4360620450,1.0
I36234482,I4210111013,1,1,2023,W4372348574,1.0
I36234482,I4210120508,1,1,2023,W4372348574,1.0
I36234482,I4210125099,1,1,2023,W4372348574,1.0
I36234482,I40120149,1,1,2023,W4386697749,1.0
I36234482,I4210111135,1,1,2023,W4386697749,1.0
I36234482,I4210126452,1,1,2023,W4386697749,1.0
I36234482,I4210140114,1,1,2023,W4386697749,1.0
I36234482,I4210150574,1,1,2023,W4386697749,1.0
I36234482,I43439940,1,1,2023,W4386697749,1.0
I36234482,I45129253,1,1,2023,W4386697749,1.0
I36234482,I7882870,1,1,2023,W4386697749,1.0
I36234482,I79510175,1,1,2023,W4386697749,1.0
I36234482,I79619799,1,1,2023,W4386697749,1.0
I36234482,I84884186,1,1,2023,W4386697749,1.0
I36234482,I98677209,1,1,2023,W4386697749,1.0
I36234482,I4210100923,1,1,2023,W4388409187,1.0
I36234482,I56007636,1,1,2023,W4388409187,1.0
I36258959,I39422238,1,1,2023,W4321472314,1.0
I36258959,I4210155268,1,1,2023,W4321472314,1.0
I36258959,I82880672,1,1,2023,W4321472314,1.0
I36258959,I87216513,1,1,2023,W4321472314,1.0
I36258959,I99043593,1,1,2023,W4321472314,1.0
I36258959,I40120149,1,1,2023,W4380769213,1.0
I36258959,I4210142372,1,1,2023,W4380769213,1.0
I36258959,I63966007,1,1,2023,W4380769213,1.0
I36258959,I95457486,3,3,2023,W4380769213;W4387321091;W4389736946,0.3333333333333333
I36258959,I78577930,1,1,2023,W4383682897,1.0
I36258959,I97018004,5,5,2023,W4383682897;W4386572315;W4387321091;W4387378202;W4389736946,0.2
I36258959,I889458895,1,1,2023,W4386076256,1.0
I36258959,I869089601,1,1,2023,W4386081001,1.0
I36258959,I4210087915,1,1,2023,W4386572315,1.0
I36258959,I4210116917,1,1,2023,W4386572315,1.0
I36258959,I4210127055,1,1,2023,W4386572315,1.0
I36258959,I4210150574,1,1,2023,W4386572315,1.0
I36258959,I45129253,1,1,2023,W4386572315,1.0
I36258959,I51713134,1,1,2023,W4386572315,1.0
I36258959,I98704320,1,1,2023,W4386572315,1.0
I36258959,I5023651,1,1,2023,W4386592608,1.0
I36258959,I4210137306,1,1,2023,W4387378202,1.0
I36258959,I5124864,1,1,2023,W4388700091,1.0
I36258959,I4210113369,1,1,2023,W4389524372,1.0
I36258959,I4210114312,1,1,2023,W4389736946,1.0
I36258959,I4210164146,1,1,2023,W4389736946,1.0
I36258959,I66946132,1,1,2023,W4389736946,1.0
I36258959,I889937125,1,1,2023,W4389736946,1.0
I36399199,I9842412,3,3,2023,W4386758381;W4387968073;W4388145471,0.3333333333333333
I36721946,I4210105992,1,1,2023,W4376866715,1.0
I36721946,I4210152471,1,1,2023,W4376866715,1.0
I36788626,I4210132327,1,1,2023,W4382246105,1.0
I36788626,I4210151850,1,1,2023,W4385447813,1.0
I36788626,I4210157222,1,1,2023,W4385447813,1.0
I36788626,I79576946,2,2,2023,W4385447813;W4386791134,0.5
I36788626,I84340266,1,1,2023,W4385447813,1.0
I36788626,I97018004,1,1,2023,W4386076015,1.0
I36788626,I4210099443,1,1,2023,W4386791134,1.0
I36788626,I4210102262,1,1,2023,W4386791134,1.0
I36788626,I5124864,1,1,2023,W4386791134,1.0
I36788626,I922845939,1,1,2023,W4386791134,1.0
I36788626,I79272384,1,1,2023,W4387394580,1.0
I36788626,I4210155582,1,1,2023,W4389518708,1.0
I36788626,I5023651,1,1,2023,W4389518708,1.0
I36788626,I70931966,1,1,2023,W4389518708,1.0
I36788626,I83019370,1,1,2023,W4389518708,1.0
I36788626,I874792244,1,1,2023,W4389518708,1.0
I36788626,I4210093174,1,1,2023,W4392669797,1.0
I36788626,I4210120068,1,1,2023,W4392669797,1.0
I36788626,I4389424196,1,1,2023,W4392669797,1.0
I36788626,I45129253,1,1,2023,W4392669797,1.0
I36788626,I52357470,1,1,2023,W4392669797,1.0
I36788626,I68891433,1,1,2023,W4392669797,1.0
I36788626,I78577930,1,1,2023,W4392669797,1.0
I36788626,I99065089,1,1,2023,W4392669797,1.0
I368840534,I4210122954,1,1,2023,W4388333192,1.0
I36893310,I39854758,1,1,2023,W4321597163,1.0
I36893310,I4210106490,1,1,2023,W4321597163,1.0
I36893310,I63739035,1,1,2023,W4321597163,1.0
I37461747,I4210128585,1,1,2023,W3184934237,1.0
I37461747,I4210090176,1,1,2023,W4385638369,1.0
I37461747,I4210100255,1,1,2023,W4385638369,1.0
I37461747,I4210136497,1,1,2023,W4385638369,1.0
I37461747,I4210145761,1,1,2023,W4385638369,1.0
I37461747,I76130692,1,1,2023,W4385638369,1.0
I37461747,I78988378,1,1,2023,W4385638369,1.0
I37461747,I90610280,1,1,2023,W4385638369,1.0
I37461747,I99065089,1,1,2023,W4385638369,1.0
I37461747,I4210118728,2,2,2023,W4387250647;W4389610328,0.5
I37461747,I4210136793,1,1,2023,W4387682254,1.0
I37461747,I56934997,1,1,2023,W4387682254,1.0
I37461747,I82880672,2,2,2023,W4387682254;W4389520222,0.5
I37461747,I4210111616,1,1,2023,W4388082355,1.0
I37461747,I75900474,1,1,2023,W4388082355,1.0
I37461747,I41198531,1,1,2023,W4389664665,1.0
I37696226,I78577930,1,1,2023,W4388129991,1.0
I37696226,I822440,1,1,2023,W4388129991,1.0
I37796252,I91045830,2,2,2023,W4320008790;W4390357625,0.5
I37796252,I4210160793,1,1,2023,W4322618949,1.0
I37796252,I62853816,2,2,2023,W4361196935;W4378895141,0.5
I37796252,I92403157,2,2,2023,W4361196935;W4378895141,0.5
I37796252,I4210094879,1,1,2023,W4386608660,1.0
I37796252,I4210116219,1,1,2023,W4386608660,1.0
I37796252,I4210140243,1,1,2023,W4386608660,1.0
I37796252,I4210151021,1,1,2023,W4386608660,1.0
I37796252,I4391012619,1,1,2023,W4386608660,1.0
I37796252,I55769427,1,1,2023,W4386608660,1.0
I37796252,I859038795,1,1,2023,W4386608660,1.0
I37796252,I4210089772,1,1,2023,W4387162866,1.0
I37796252,I4210094930,1,1,2023,W4387162866,1.0
I37796252,I4210108887,1,1,2023,W4387162866,1.0
I37796252,I4210156165,1,1,2023,W4387162866,1.0
I37796252,I46305995,1,1,2023,W4387162866,1.0
I37796252,I79510175,1,1,2023,W4390357625,1.0
I37796252,I83740829,1,1,2023,W4390357625,1.0
I38706770,I4210159865,1,1,2023,W4391377921,1.0
I38877650,I4210087915,1,1,2023,W4389903841,1.0
I38877650,I4210135459,1,1,2023,W4389903841,1.0
I38877650,I4210146710,1,1,2023,W4389903841,1.0
I38877650,I4210157781,1,1,2023,W4389903841,1.0
I39063666,I4210093292,1,1,2023,W4388811394,1.0
I39063666,I4210100188,1,1,2023,W4388811394,1.0
I39063666,I4210125092,1,1,2023,W4388811394,1.0
I39063666,I4210125364,1,1,2023,W4388811394,1.0
I39063666,I861853513,1,1,2023,W4388811394,1.0
I3923682,I4210099586,1,1,2023,W4387426216,1.0
I3923682,I4210116924,2,2,2023,W4387426216;W4387967897,0.5
I3923682,I4210094879,1,1,2023,W4387969591,1.0
I39343248,I7877124,5,5,2023,W4362522726;W4378640065;W4388759569;W4388775426;W4389792145,0.2
I39343248,I4210113254,2,2,2023,W4366983955;W4378640065,0.5
I39343248,I5740404,2,2,2023,W4366983955;W4378640065,0.5
I39343248,I87710204,1,1,2023,W4366983955,1.0
I39343248,I91935597,1,1,2023,W4366983955,1.0
I39343248,I4210122818,1,1,2023,W4378640065,1.0
I39343248,I4210126298,1,1,2023,W4378640065,1.0
I39343248,I4210153043,1,1,2023,W4378640065,1.0
I39343248,I4210165067,1,1,2023,W4378640065,1.0
I39343248,I4210165424,1,1,2023,W4378640065,1.0
I39343248,I75951250,4,4,2023,W4378640065;W4388759569;W4388775426;W4389792145,0.25
I39343248,I4210101898,1,1,2023,W4384663549,1.0
I39343248,I78577930,1,1,2023,W4384663549,1.0
I39343248,I4210117750,1,1,2023,W4386321380,1.0
I39343248,I4210139777,1,1,2023,W4388759569,1.0
I39343248,I4210108778,2,2,2023,W4388775426;W4389792145,0.5
I39343248,I4210111460,2,2,2023,W4388775426;W4389792145,0.5
I39343248,I8087733,1,1,2023,W4388775426,1.0
I39343248,I887968799,2,2,2023,W4388775426;W4389792145,0.5
I39343248,I55952717,1,1,2023,W4389669106,1.0
I39343248,I4210088053,1,1,2023,W4389792145,1.0
I39343248,I4210090100,1,1,2023,W4389792145,1.0
I39343248,I4210094062,1,1,2023,W4389792145,1.0
I39343248,I4210162051,1,1,2023,W4389792145,1.0
I39343248,I4210165059,1,1,2023,W4389792145,1.0
I39343248,I78650965,1,1,2023,W4389792145,1.0
I39422238,I4210155268,1,1,2023,W4321472314,1.0
I39422238,I82880672,1,1,2023,W4321472314,1.0
I39422238,I87216513,1,1,2023,W4321472314,1.0
I39422238,I99043593,1,1,2023,W4321472314,1.0
I39422238,I40347166,1,1,2023,W4380686968,1.0
I39422238,I4210094653,1,1,2023,W4380686968,1.0
I39422238,I4210095073,1,1,2023,W4380686968,1.0
I39422238,I4210107755,1,1,2023,W4380686968,1.0
I39422238,I4210110490,1,1,2023,W4380686968,1.0
I39422238,I4210121988,1,1,2023,W4380686968,1.0
I39422238,I4210132596,1,1,2023,W4380686968,1.0
I39422238,I4210138199,1,1,2023,W4380686968,1.0
I39422238,I4210147263,1,1,2023,W4380686968,1.0
I39422238,I5023651,1,1,2023,W4380686968,1.0
I39422238,I5124864,1,1,2023,W4380686968,1.0
I39422238,I5388228,1,1,2023,W4380686968,1.0
I39422238,I54166199,1,1,2023,W4380686968,1.0
I39422238,I63966007,1,1,2023,W4380686968,1.0
I39422238,I95457486,1,1,2023,W4380686968,1.0
I39422238,I95674353,1,1,2023,W4380686968,1.0
I39422238,I4210114319,1,1,2023,W4386207798,1.0
I39422238,I70640408,1,1,2023,W4386207798,1.0
I39422238,I83909951,1,1,2023,W4386207798,1.0
I39422238,I90610280,1,1,2023,W4391094120,1.0
I39553462,I73822459,1,1,2023,W4388979212,1.0
I39555362,I51556381,1,1,2023,W4378390530,1.0
I39555362,I84392919,1,1,2023,W4378390530,1.0
I39555362,I87216513,1,1,2023,W4378390530,1.0
I39586589,I4210131537,1,1,2023,W4360620450,1.0
I39586589,I4390039323,1,1,2023,W4360620450,1.0
I39586589,I4394709253,1,1,2023,W4360620450,1.0
I39586589,I44430492,1,1,2023,W4360620450,1.0
I39586589,I47818738,1,1,2023,W4360620450,1.0
I39586589,I55060895,1,1,2023,W4360620450,1.0
I39586589,I63098007,1,1,2023,W4360620450,1.0
I39586589,I68891433,2,2,2023,W4360620450;W4387379065,0.5
I39586589,I71052956,1,1,2023,W4360620450,1.0
I39586589,I78715868,1,1,2023,W4360620450,1.0
I39586589,I80281795,1,1,2023,W4360620450,1.0
I39586589,I91136226,1,1,2023,W4360620450,1.0
I39586589,I9300472,1,1,2023,W4360620450,1.0
I39586589,I931969281,1,1,2023,W4360620450,1.0
I39586589,I9360294,1,1,2023,W4360620450,1.0
I39586589,I98358874,1,1,2023,W4360620450,1.0
I39586589,I864998749,1,1,2023,W4379416244,1.0
I39586589,I4210134189,1,1,2023,W4387379065,1.0
I39586589,I4387930215,1,1,2023,W4387379065,1.0
I39586589,I55285296,1,1,2023,W4387379065,1.0
I39586589,I56007636,1,1,2023,W4387379065,1.0
I39586589,I60342839,1,1,2023,W4387379065,1.0
I39586589,I79156528,1,1,2023,W4387379065,1.0
I39586589,I931278978,1,1,2023,W4387379065,1.0
I39586589,I931681460,1,1,2023,W4387379065,1.0
I39586589,I96413208,1,1,2023,W4387379065,1.0
I39804081,I52357470,1,1,2023,W4384918594,1.0
I39804081,I99065089,1,1,2023,W4384918594,1.0
I39804081,I41156924,1,1,2023,W4388002357,1.0
I39804081,I4210128584,1,1,2023,W4388002357,1.0
I39804081,I4210164802,1,1,2023,W4388002357,1.0
I39804081,I45129253,1,1,2023,W4388002357,1.0
I39804081,I70931966,1,1,2023,W4388002357,1.0
I39804081,I80281795,1,1,2023,W4388002357,1.0
I39804081,I95457486,1,1,2023,W4388002357,1.0
I39804081,I4210165912,1,1,2023,W4390873211,1.0
I39854758,I47605537,1,1,2023,W4318457133,1.0
I39854758,I889458895,1,1,2023,W4318457133,1.0
I39854758,I4210106490,1,1,2023,W4321597163,1.0
I39854758,I63739035,1,1,2023,W4321597163,1.0
I39854758,I4210152127,1,1,2023,W4389201667,1.0
I39854758,I91045830,1,1,2023,W4389201667,1.0
I40120149,I4387155932,3,3,2023,W4321022177;W4381572755;W4387508266,0.3333333333333333
I40120149,I9360294,4,4,2023,W4321022177;W4360957277;W4377078114;W4381572755,0.25
I40120149,I4210128154,1,1,2023,W4360762369,1.0
I40120149,I4210146975,1,1,2023,W4360957277,1.0
I40120149,I4210128584,1,1,2023,W4367188881,1.0
I40120149,I98677209,2,2,2023,W4367188881;W4386697749,0.5
I40120149,I4210150093,1,1,2023,W4368362817,1.0
I40120149,I4210162189,2,2,2023,W4368362817;W4388007286,0.5
I40120149,I56590836,2,2,2023,W4368362817;W4388007286,0.5
I40120149,I80281795,1,1,2023,W4368362817,1.0
I40120149,I8204097,1,1,2023,W4368362817,1.0
I40120149,I872623138,1,1,2023,W4368362817,1.0
I40120149,I95457486,2,2,2023,W4368362817;W4380769213,0.5
I40120149,I98259816,1,1,2023,W4368362817,1.0
I40120149,I4210156643,1,1,2023,W4376871976,1.0
I40120149,I4210142372,1,1,2023,W4380769213,1.0
I40120149,I63966007,1,1,2023,W4380769213,1.0
I40120149,I4210092957,1,1,2023,W4381547631,1.0
I40120149,I4210102012,1,1,2023,W4381547631,1.0
I40120149,I4210114115,1,1,2023,W4381547631,1.0
I40120149,I5626980,1,1,2023,W4381547631,1.0
I40120149,I4210153742,1,1,2023,W4384028668,1.0
I40120149,I4210099312,1,1,2023,W4385804776,1.0
I40120149,I4210111135,1,1,2023,W4386697749,1.0
I40120149,I4210126452,1,1,2023,W4386697749,1.0
I40120149,I4210140114,1,1,2023,W4386697749,1.0
I40120149,I4210150574,1,1,2023,W4386697749,1.0
I40120149,I43439940,1,1,2023,W4386697749,1.0
I40120149,I45129253,1,1,2023,W4386697749,1.0
I40120149,I7882870,1,1,2023,W4386697749,1.0
I40120149,I79510175,1,1,2023,W4386697749,1.0
I40120149,I79619799,1,1,2023,W4386697749,1.0
I40120149,I84884186,1,1,2023,W4386697749,1.0
I40120149,I4210133785,1,1,2023,W4386973901,1.0
I40120149,I47508984,1,1,2023,W4386973901,1.0
I40120149,I76835614,1,1,2023,W4386973901,1.0
I40120149,I889458895,1,1,2023,W4386973901,1.0
I40120149,I97018004,1,1,2023,W4386973901,1.0
I40120149,I4210134973,1,1,2023,W4387508266,1.0
I40120149,I51556381,1,1,2023,W4387508266,1.0
I40120149,I70931966,1,1,2023,W4387508266,1.0
I40120149,I4210114522,1,1,2023,W4387633104,1.0
I40120149,I90669466,1,1,2023,W4387633104,1.0
I40120149,I4210147381,1,1,2023,W4388007286,1.0
I40120149,I4210150290,1,1,2023,W4388007286,1.0
I40120149,I4210161256,1,1,2023,W4388625750,1.0
I40120149,I98251732,1,1,2023,W4388625750,1.0
I40120149,I4210125878,1,1,2023,W4389267014,1.0
I40120149,I4210146410,1,1,2023,W4389267014,1.0
I40120149,I4210103957,1,1,2023,W4389430914,1.0
I40120149,I4210145292,1,1,2023,W4389430914,1.0
I40120149,I4210164332,1,1,2023,W4389430914,1.0
I40120149,I76130692,1,1,2023,W4389430914,1.0
I40120149,I916048824,1,1,2023,W4389430914,1.0
I40120149,I54157616,1,1,2023,W4389519268,1.0
I40120149,I63664421,1,1,2023,W4389519268,1.0
I40120149,I4210088273,1,1,2023,W4389523833,1.0
I40120149,I4210167080,1,1,2023,W4389523833,1.0
I40120149,I4396570515,1,1,2023,W4389523833,1.0
I40246663,I4210089514,1,1,2023,W4384925410,1.0
I40246663,I4210156643,1,1,2023,W4384925410,1.0
I40347166,I63966007,3,3,2023,W4377000868;W4380686968;W4385671288,0.3333333333333333
I40347166,I4210094653,1,1,2023,W4380686968,1.0
I40347166,I4210095073,1,1,2023,W4380686968,1.0
I40347166,I4210107755,1,1,2023,W4380686968,1.0
I40347166,I4210110490,2,2,2023,W4380686968;W4385671288,0.5
I40347166,I4210121988,2,2,2023,W4380686968;W4385671288,0.5
I40347166,I4210132596,1,1,2023,W4380686968,1.0
I40347166,I4210138199,1,1,2023,W4380686968,1.0
I40347166,I4210147263,2,2,2023,W4380686968;W4385671288,0.5
I40347166,I5023651,2,2,2023,W4380686968;W4385671288,0.5
I40347166,I5124864,2,2,2023,W4380686968;W4385671288,0.5
I40347166,I5388228,2,2,2023,W4380686968;W4385671288,0.5
I40347166,I54166199,1,1,2023,W4380686968,1.0
I40347166,I95457486,3,3,2023,W4380686968;W4385671288;W4389686454,0.3333333333333333
I40347166,I95674353,2,2,2023,W4380686968;W4385671288,0.5
I40347166,I40695006,1,1,2023,W4385671288,1.0
I40347166,I4210149682,1,1,2023,W4385671288,1.0
I40347166,I78577930,1,1,2023,W4386331164,1.0
I40347166,I4210153468,1,1,2023,W4387606803,1.0
I40347166,I74973139,1,1,2023,W4387606803,1.0
I40347166,I86519309,1,1,2023,W4387606803,1.0
I40347166,I97018004,2,2,2023,W4387606803;W4389403907,0.5
I40347166,I4210140326,2,2,2023,W4387807178;W4387891433,0.5
I40347166,I47508984,1,1,2023,W4387807178,1.0
I40347166,I4210087915,1,1,2023,W4389205282,1.0
I40347166,I4210108999,1,1,2023,W4389403907,1.0
I40347166,I4210119109,1,1,2023,W4389403907,1.0
I40347166,I4210137306,1,1,2023,W4389403907,1.0
I40347166,I4210140380,1,1,2023,W4389403907,1.0
I40347166,I4210145102,1,1,2023,W4389403907,1.0
I40347166,I4210153792,1,1,2023,W4389403907,1.0
I40347166,I4210155092,1,1,2023,W4389403907,1.0
I40347166,I44829897,1,1,2023,W4389403907,1.0
I40347166,I51556381,1,1,2023,W4389403907,1.0
I40347166,I57206974,1,1,2023,W4389403907,1.0
I40347166,I88874673,1,1,2023,W4389403907,1.0
I40347166,I90326151,1,1,2023,W4389403907,1.0
I40347166,I4210126476,1,1,2023,W4389686454,1.0
I40347166,I4210127875,1,1,2023,W4389686454,1.0
I40347166,I66946132,1,1,2023,W4390872681,1.0
I40434647,I4210087936,1,1,2023,W4389696050,1.0
I40434647,I4210095594,1,1,2023,W4389696050,1.0
I40434647,I4210113179,1,1,2023,W4389696050,1.0
I40434647,I4210127871,1,1,2023,W4389696050,1.0
I40434647,I4210134505,1,1,2023,W4389696050,1.0
I40434647,I4210137813,1,1,2023,W4389696050,1.0
I40434647,I4210151290,1,1,2023,W4389696050,1.0
I40434647,I4210161436,1,1,2023,W4389696050,1.0
I40434647,I49828101,1,1,2023,W4389696050,1.0
I40434647,I51235708,1,1,2023,W4389696050,1.0
I40434647,I54316950,1,1,2023,W4389696050,1.0
I40434647,I73417466,1,1,2023,W4389696050,1.0
I40434647,I80810150,1,1,2023,W4389696050,1.0
I40434647,I83259278,1,1,2023,W4389696050,1.0
I40434647,I83816512,1,1,2023,W4389696050,1.0
I40434647,I85507684,1,1,2023,W4389696050,1.0
I40434647,I8636806,1,1,2023,W4389696050,1.0
I40542001,I4210153373,1,1,2023,W4387029265,1.0
I40695006,I4210110490,1,1,2023,W4385671288,1.0
I40695006,I4210121988,1,1,2023,W4385671288,1.0
I40695006,I4210147263,1,1,2023,W4385671288,1.0
I40695006,I4210149682,1,1,2023,W4385671288,1.0
I40695006,I5023651,1,1,2023,W4385671288,1.0
I40695006,I5124864,1,1,2023,W4385671288,1.0
I40695006,I5388228,1,1,2023,W4385671288,1.0
I40695006,I63966007,1,1,2023,W4385671288,1.0
I40695006,I95457486,1,1,2023,W4385671288,1.0
I40695006,I95674353,1,1,2023,W4385671288,1.0
I4092182,I4210123126,1,1,2023,W4317496742,1.0
I4092182,I4210116730,1,1,2023,W4324018677,1.0
I4092182,I4210127591,1,1,2023,W4324018677,1.0
I4092182,I4210129011,1,1,2023,W4324018677,1.0
I4092182,I74656192,1,1,2023,W4324018677,1.0
I41156924,I4210126461,1,1,2023,W4327981907,1.0
I41156924,I4210150450,1,1,2023,W4327981907,1.0
I41156924,I4210160517,1,1,2023,W4327981907,1.0
I41156924,I45935490,1,1,2023,W4327981907,1.0
I41156924,I52179390,1,1,2023,W4327981907,1.0
I41156924,I62912653,1,1,2023,W4327981907,1.0
I41156924,I80281795,2,2,2023,W4327981907;W4388002357,0.5
I41156924,I4210128584,1,1,2023,W4388002357,1.0
I41156924,I4210164802,1,1,2023,W4388002357,1.0
I41156924,I45129253,1,1,2023,W4388002357,1.0
I41156924,I70931966,1,1,2023,W4388002357,1.0
I41156924,I95457486,1,1,2023,W4388002357,1.0
I41173762,I4210147955,1,1,2023,W4389747902,1.0
I41198531,I4210112150,1,1,2023,W4377715513,1.0
I41198531,I4210136793,3,3,2023,W4377715513;W4380267320;W4386065752,0.3333333333333333
I41198531,I4210165038,2,2,2023,W4377715513;W4386065752,0.5
I41198531,I881766915,1,1,2023,W4380267320,1.0
I4210085920,I4210164150,2,2,2023,W4387164668;W4387211596,0.5
I4210086490,I4210096386,1,1,2023,W4385954435,1.0
I4210086490,I4577782,1,1,2023,W4385954435,1.0
I4210086892,I889458895,1,1,2023,W4366489368,1.0
I4210086933,I4387153466,1,1,2023,W4322492105,1.0
I4210086933,I57206974,2,2,2023,W4322492105;W4389796845,0.5
I4210087039,I4210100188,1,1,2023,W4383187389,1.0
I4210087039,I4210125092,1,1,2023,W4383187389,1.0
I4210087039,I4210125364,1,1,2023,W4383187389,1.0
I4210087039,I4210129357,1,1,2023,W4383187389,1.0
I4210087039,I4210140856,1,1,2023,W4383187389,1.0
I4210087039,I4210141898,1,1,2023,W4383187389,1.0
I4210087039,I4210147442,1,1,2023,W4383187389,1.0
I4210087053,I4210110431,1,1,2023,W4386568614,1.0
I4210087053,I4210164937,1,1,2023,W4386568614,1.0
I4210087053,I75951250,1,1,2023,W4386568614,1.0
I4210087053,I887064364,2,2,2023,W4386568614;W4389519188,0.5
I4210087053,I4210108625,1,1,2023,W4389519188,1.0
I4210087053,I42934936,1,1,2023,W4389519188,1.0
I4210087053,I56085075,1,1,2023,W4389519188,1.0
I4210087053,I98677209,1,1,2023,W4389519188,1.0
I4210087059,I4210157426,1,1,2023,W4389291038,1.0
I4210087059,I861853513,1,1,2023,W4389291038,1.0
I4210087327,I4210102371,1,1,2023,W4366234719,1.0
I4210087327,I4210126298,1,1,2023,W4366234719,1.0
I4210087327,I5740404,1,1,2023,W4366234719,1.0
I4210087327,I87710204,1,1,2023,W4366234719,1.0
I4210087356,I4210087915,1,1,2023,W4387296387,1.0
I4210087400,I4210102350,1,1,2023,W4385597618,1.0
I4210087400,I4210107779,1,1,2023,W4385597618,1.0
I4210087400,I4210129365,1,1,2023,W4385597618,1.0
I4210087400,I4210136522,1,1,2023,W4385597618,1.0
I4210087400,I4210151342,1,1,2023,W4385597618,1.0
I4210087454,I4210092449,1,1,2023,W4386935603,1.0
I4210087677,I4210129183,1,1,2023,W4387356888,1.0
I4210087677,I4403386549,1,1,2023,W4387356888,1.0
I4210087677,I8204097,1,1,2023,W4387356888,1.0
I4210087915,I4210135459,4,4,2023,W4362655923;W4385988359;W4387642400;W4389903841,0.25
I4210087915,I4210157781,4,4,2023,W4362655923;W4385988359;W4387642400;W4389903841,0.25
I4210087915,I87445476,2,2,2023,W4362655923;W4385988359,0.5
I4210087915,I88830068,2,2,2023,W4362655923;W4385988359,0.5
I4210087915,I4387153466,3,3,2023,W4366823941;W4386120650;W4389213050,0.3333333333333333
I4210087915,I78577930,2,2,2023,W4366823941;W4386120650,0.5
I4210087915,I86519309,2,2,2023,W4366823941;W4386120650,0.5
I4210087915,I4210101778,1,1,2023,W4378718543,1.0
I4210087915,I4210127693,1,1,2023,W4378718543,1.0
I4210087915,I4210146710,4,4,2023,W4378718543;W4384484700;W4387642400;W4389903841,0.25
I4210087915,I79576946,1,1,2023,W4378718543,1.0
I4210087915,I919571938,1,1,2023,W4378718543,1.0
I4210087915,I97018004,3,3,2023,W4378718543;W4386572315;W4388695129,0.3333333333333333
I4210087915,I48633490,1,1,2023,W4381480701,1.0
I4210087915,I4210096815,1,1,2023,W4386120650,1.0
I4210087915,I867280407,1,1,2023,W4386120650,1.0
I4210087915,I4210117453,1,1,2023,W4386447283,1.0
I4210087915,I4210161994,1,1,2023,W4386447283,1.0
I4210087915,I4210164862,1,1,2023,W4386447283,1.0
I4210087915,I4210116917,1,1,2023,W4386572315,1.0
I4210087915,I4210127055,3,3,2023,W4386572315;W4387211202;W4389213050,0.3333333333333333
I4210087915,I4210150574,1,1,2023,W4386572315,1.0
I4210087915,I45129253,1,1,2023,W4386572315,1.0
I4210087915,I51713134,1,1,2023,W4386572315,1.0
I4210087915,I98704320,1,1,2023,W4386572315,1.0
I4210087915,I4210134769,1,1,2023,W4388695129,1.0
I4210087915,I63966007,1,1,2023,W4389213050,1.0
I4210087915,I4210115081,1,1,2023,W4389740440,1.0
I4210087915,I4210155419,1,1,2023,W4389740440,1.0
I4210087915,I4210157861,1,1,2023,W4389740440,1.0
I4210087915,I90610280,1,1,2023,W4390347092,1.0
I4210087936,I4210095594,1,1,2023,W4389696050,1.0
I4210087936,I4210113179,1,1,2023,W4389696050,1.0
I4210087936,I4210127871,1,1,2023,W4389696050,1.0
I4210087936,I4210134505,1,1,2023,W4389696050,1.0
I4210087936,I4210137813,1,1,2023,W4389696050,1.0
I4210087936,I4210151290,1,1,2023,W4389696050,1.0
I4210087936,I4210161436,1,1,2023,W4389696050,1.0
I4210087936,I49828101,1,1,2023,W4389696050,1.0
I4210087936,I51235708,1,1,2023,W4389696050,1.0
I4210087936,I54316950,1,1,2023,W4389696050,1.0
I4210087936,I73417466,1,1,2023,W4389696050,1.0
I4210087936,I80810150,1,1,2023,W4389696050,1.0
I4210087936,I83259278,1,1,2023,W4389696050,1.0
I4210087936,I83816512,1,1,2023,W4389696050,1.0
I4210087936,I85507684,1,1,2023,W4389696050,1.0
I4210087936,I8636806,1,1,2023,W4389696050,1.0
I4210088053,I4210149747,1,1,2023,W4386735541,1.0
I4210088053,I4210090100,1,1,2023,W4389792145,1.0
I4210088053,I4210094062,1,1,2023,W4389792145,1.0
I4210088053,I4210108778,1,1,2023,W4389792145,1.0
I4210088053,I4210111460,1,1,2023,W4389792145,1.0
I4210088053,I4210162051,1,1,2023,W4389792145,1.0
I4210088053,I4210165059,1,1,2023,W4389792145,1.0
I4210088053,I75951250,1,1,2023,W4389792145,1.0
I4210088053,I78650965,1,1,2023,W4389792145,1.0
I4210088053,I7877124,1,1,2023,W4389792145,1.0
I4210088053,I887968799,1,1,2023,W4389792145,1.0
I4210088164,I4210093674,1,1,2023,W4383818954,1.0
I4210088164,I4210165038,1,1,2023,W4383818954,1.0
I4210088273,I4210120900,1,1,2023,W4318071656,1.0
I4210088273,I4210155268,1,1,2023,W4318071656,1.0
I4210088273,I95457486,1,1,2023,W4318071656,1.0
I4210088273,I4210167080,1,1,2023,W4389523833,1.0
I4210088273,I4396570515,1,1,2023,W4389523833,1.0
I4210088407,I4210121083,1,1,2023,W4388287351,1.0
I4210088407,I4210130461,1,1,2023,W4388287351,1.0
I4210088407,I4210142730,1,1,2023,W4388287351,1.0
I4210088407,I4210150574,1,1,2023,W4388287351,1.0
I4210088407,I45129253,1,1,2023,W4388287351,1.0
I4210088407,I70931966,1,1,2023,W4388287351,1.0
I4210088711,I4210137306,1,1,2023,W4360796875,1.0
I4210088711,I4210140341,1,1,2023,W4360796875,1.0
I4210088711,I74656192,1,1,2023,W4360796875,1.0
I4210088711,I74775410,1,1,2023,W4360796875,1.0
I4210088711,I8087733,1,1,2023,W4360796875,1.0
I4210088711,I97018004,1,1,2023,W4360796875,1.0
I4210088910,I4210156221,2,2,2023,W4380447240;W4387026748,0.5
I4210088910,I4210145924,1,1,2023,W4387026748,1.0
I4210088910,I74614422,1,1,2023,W4387026748,1.0
I4210089003,I4210104473,1,1,2023,W4389263544,1.0
I4210089003,I86987016,1,1,2023,W4389263544,1.0
I4210089514,I4210147433,1,1,2023,W4383105325,1.0
I4210089514,I4210156643,1,1,2023,W4384925410,1.0
I4210089607,I4210136457,1,1,2023,W4385682474,1.0
I4210089607,I74801974,2,2,2023,W4385682474;W4386596903,0.5
I4210089607,I98285908,1,1,2023,W4386071621,1.0
I4210089607,I98381234,1,1,2023,W4386071621,1.0
I4210089629,I84884186,1,1,2023,W4376114558,1.0
I4210089692,I4577782,1,1,2023,W4360980513,1.0
I4210089692,I887968799,1,1,2023,W4360980513,1.0
I4210089761,I4210114190,1,1,2023,W4386392961,1.0
I4210089761,I4210128910,1,1,2023,W4386392961,1.0
I4210089761,I4210132741,1,1,2023,W4386392961,1.0
I4210089761,I4210132906,1,1,2023,W4386392961,1.0
I4210089761,I4210154361,1,1,2023,W4386392961,1.0
I4210089761,I4210156804,1,1,2023,W4386392961,1.0
I4210089761,I4391012619,1,1,2023,W4386392961,1.0
I4210089761,I47508984,1,1,2023,W4388035208,1.0
I4210089761,I889458895,1,1,2023,W4388035208,1.0
I4210089772,I4210094930,1,1,2023,W4387162866,1.0
I4210089772,I4210108887,1,1,2023,W4387162866,1.0
I4210089772,I4210156165,1,1,2023,W4387162866,1.0
I4210089772,I46305995,1,1,2023,W4387162866,1.0
I4210089853,I4210128584,1,1,2023,W4390135262,1.0
I4210089853,I4210146430,1,1,2023,W4390135262,1.0
I4210089853,I4210155937,1,1,2023,W4390135262,1.0
I4210089853,I4210160376,1,1,2023,W4390135262,1.0
I4210089985,I4210121786,1,1,2023,W4386246854,1.0
I4210089985,I66946132,1,1,2023,W4390889782,1.0
I4210090013,I4210090411,1,1,2023,W4386200967,1.0
I4210090013,I4210096386,2,2,2023,W4386200967;W4390277067,0.5
I4210090013,I95457486,1,1,2023,W4386200967,1.0
I4210090013,I4210092922,1,1,2023,W4390277067,1.0
I4210090013,I4210109259,1,1,2023,W4390277067,1.0
I4210090013,I4210114445,1,1,2023,W4390277067,1.0
I4210090013,I4387153466,1,1,2023,W4390277067,1.0
I4210090013,I55302922,1,1,2023,W4390277067,1.0
I4210090100,I4210094062,1,1,2023,W4389792145,1.0
I4210090100,I4210108778,1,1,2023,W4389792145,1.0
I4210090100,I4210111460,1,1,2023,W4389792145,1.0
I4210090100,I4210162051,1,1,2023,W4389792145,1.0
I4210090100,I4210165059,1,1,2023,W4389792145,1.0
I4210090100,I75951250,1,1,2023,W4389792145,1.0
I4210090100,I78650965,1,1,2023,W4389792145,1.0
I4210090100,I7877124,1,1,2023,W4389792145,1.0
I4210090100,I887968799,1,1,2023,W4389792145,1.0
I4210090176,I4210100255,2,2,2023,W4385638369;W4387122971,0.5
I4210090176,I4210136497,1,1,2023,W4385638369,1.0
I4210090176,I4210145761,1,1,2023,W4385638369,1.0
I4210090176,I76130692,1,1,2023,W4385638369,1.0
I4210090176,I78988378,1,1,2023,W4385638369,1.0
I4210090176,I90610280,1,1,2023,W4385638369,1.0
I4210090176,I99065089,1,1,2023,W4385638369,1.0
I4210090176,I4210094879,2,2,2023,W4386071613;W4387122971,0.5
I4210090176,I4401726859,2,2,2023,W4386071613;W4389334989,0.5
I4210090176,I9796191,1,1,2023,W4386071613,1.0
I4210090176,I4210154505,1,1,2023,W4386158744,1.0
I4210090176,I4210095018,1,1,2023,W4387122971,1.0
I4210090176,I4210108629,1,1,2023,W4387122971,1.0
I4210090176,I4210112150,2,2,2023,W4387122971;W4389334989,0.5
I4210090176,I4210120485,1,1,2023,W4387122971,1.0
I4210090176,I4210165038,1,1,2023,W4387122971,1.0
I4210090176,I4210167311,1,1,2023,W4387122971,1.0
I4210090176,I91807558,1,1,2023,W4389334989,1.0
I4210090238,I4210099662,1,1,2023,W4366204241,1.0
I4210090250,I4210117092,1,1,2023,W4391341917,1.0
I4210090250,I4210156156,1,1,2023,W4391341917,1.0
I4210090250,I67357951,1,1,2023,W4391341917,1.0
I4210090317,I4210110459,1,1,2023,W4376570107,1.0
I4210090411,I4210092658,1,1,2023,W4385490607,1.0
I4210090411,I4210094983,1,1,2023,W4385490607,1.0
I4210090411,I4210110431,1,1,2023,W4385490607,1.0
I4210090411,I4210113297,2,2,2023,W4385490607;W4389727268,0.5
I4210090411,I4210113369,1,1,2023,W4385490607,1.0
I4210090411,I4210113480,1,1,2023,W4385490607,1.0
I4210090411,I4210127875,1,1,2023,W4385490607,1.0
I4210090411,I4210134579,1,1,2023,W4385490607,1.0
I4210090411,I4210135670,1,1,2023,W4385490607,1.0
I4210090411,I4210153546,1,1,2023,W4385490607,1.0
I4210090411,I4210155419,1,1,2023,W4385490607,1.0
I4210090411,I4210164802,1,1,2023,W4385490607,1.0
I4210090411,I4210164862,1,1,2023,W4385490607,1.0
I4210090411,I4387153999,1,1,2023,W4385490607,1.0
I4210090411,I57206974,1,1,2023,W4385490607,1.0
I4210090411,I63966007,1,1,2023,W4385490607,1.0
I4210090411,I70931966,1,1,2023,W4385490607,1.0
I4210090411,I74973139,1,1,2023,W4385490607,1.0
I4210090411,I887064364,1,1,2023,W4385490607,1.0
I4210090411,I97018004,1,1,2023,W4385490607,1.0
I4210090411,I4210096386,1,1,2023,W4386200967,1.0
I4210090411,I95457486,2,2,2023,W4386200967;W4388835050,0.5
I4210090411,I47508984,1,1,2023,W4388488609,1.0
I4210090411,I4210092408,1,1,2023,W4388835050,1.0
I4210090411,I4210118560,1,1,2023,W4388835050,1.0
I4210090411,I4210120221,1,1,2023,W4388835050,1.0
I4210090411,I4210139217,1,1,2023,W4388835050,1.0
I4210090411,I4210144566,1,1,2023,W4389727268,1.0
I4210091137,I86519309,1,1,2023,W4390273019,1.0
I4210091156,I4210100255,1,1,2023,W4386057769,1.0
I4210091156,I4210145761,1,1,2023,W4386057769,1.0
I4210091156,I4391012619,1,1,2023,W4386057769,1.0
I4210091156,I881766915,1,1,2023,W4386057769,1.0
I4210091234,I5681781,1,1,2023,W4389671642,1.0
I4210091234,I81365321,1,1,2023,W4389671642,1.0
I4210092050,I4210131232,1,1,2023,W4384470461,1.0
I4210092408,I4210118560,1,1,2023,W4388835050,1.0
I4210092408,I4210120221,1,1,2023,W4388835050,1.0
I4210092408,I4210139217,1,1,2023,W4388835050,1.0
I4210092408,I95457486,1,1,2023,W4388835050,1.0
I4210092658,I4210164862,2,2,2023,W4327909454;W4385490607,0.5
I4210092658,I97018004,2,2,2023,W4327909454;W4385490607,0.5
I4210092658,I98704320,1,1,2023,W4327909454,1.0
I4210092658,I4210094983,1,1,2023,W4385490607,1.0
I4210092658,I4210110431,1,1,2023,W4385490607,1.0
I4210092658,I4210113297,1,1,2023,W4385490607,1.0
I4210092658,I4210113369,1,1,2023,W4385490607,1.0
I4210092658,I4210113480,1,1,2023,W4385490607,1.0
I4210092658,I4210127875,1,1,2023,W4385490607,1.0
I4210092658,I4210134579,1,1,2023,W4385490607,1.0
I4210092658,I4210135670,1,1,2023,W4385490607,1.0
I4210092658,I4210153546,1,1,2023,W4385490607,1.0
I4210092658,I4210155419,1,1,2023,W4385490607,1.0
I4210092658,I4210164802,1,1,2023,W4385490607,1.0
I4210092658,I4387153999,1,1,2023,W4385490607,1.0
I4210092658,I57206974,1,1,2023,W4385490607,1.0
I4210092658,I63966007,1,1,2023,W4385490607,1.0
I4210092658,I70931966,1,1,2023,W4385490607,1.0
I4210092658,I74973139,1,1,2023,W4385490607,1.0
I4210092658,I887064364,1,1,2023,W4385490607,1.0
I4210092744,I4210099977,1,1,2023,W4378905467,1.0
I4210092744,I4210102999,1,1,2023,W4378905467,1.0
I4210092744,I4210106352,1,1,2023,W4378905467,1.0
I4210092744,I4210106526,1,1,2023,W4378905467,1.0
I4210092744,I4210117555,1,1,2023,W4378905467,1.0
I4210092744,I4210122844,1,1,2023,W4378905467,1.0
I4210092744,I4210137309,1,1,2023,W4378905467,1.0
I4210092744,I4210139347,1,1,2023,W4378905467,1.0
I4210092744,I4210141715,1,1,2023,W4378905467,1.0
I4210092744,I4210165038,1,1,2023,W4378905467,1.0
I4210092744,I5023651,1,1,2023,W4378905467,1.0
I4210092744,I59270414,1,1,2023,W4378905467,1.0
I4210092744,I60200437,1,1,2023,W4378905467,1.0
I4210092744,I865915315,1,1,2023,W4378905467,1.0
I4210092744,I881766915,1,1,2023,W4378905467,1.0
I4210092744,I887064364,1,1,2023,W4378905467,1.0
I4210092744,I913481162,1,1,2023,W4378905467,1.0
I4210092774,I4210097159,1,1,2023,W4322757547,1.0
I4210092774,I4210122116,1,1,2023,W4322757547,1.0
I4210092774,I4210127304,1,1,2023,W4322757547,1.0
I4210092841,I4210126310,1,1,2023,W4387811276,1.0
I4210092841,I4210145679,1,1,2023,W4387811276,1.0
I4210092852,I4210144839,1,1,2023,W4321504560,1.0
I4210092852,I92528248,1,1,2023,W4321504560,1.0
I4210092870,I76130692,1,1,2023,W4380987486,1.0
I4210092870,I83019370,1,1,2023,W4380987486,1.0
I4210092870,I4210104064,1,1,2023,W4388999655,1.0
I4210092922,I4210109259,7,7,2023,W4320709434;W4366368023;W4378232928;W4379094566;W4386772055;W4387014587;W4390277067,0.14285714285714285
I4210092922,I4210114445,7,7,2023,W4320709434;W4366368023;W4378232928;W4379094566;W4386772055;W4387014587;W4390277067,0.14285714285714285
I4210092922,I4387153466,6,6,2023,W4320709434;W4366368023;W4379094566;W4386772055;W4387014587;W4390277067,0.16666666666666666
I4210092922,I55302922,7,7,2023,W4320709434;W4366368023;W4378232928;W4379094566;W4386772055;W4387014587;W4390277067,0.14285714285714285
I4210092922,I94734805,3,3,2023,W4320709434;W4378232928;W4387014587,0.3333333333333333
I4210092922,I4210105967,1,1,2023,W4378232928,1.0
I4210092922,I91045830,1,1,2023,W4386772055,1.0
I4210092922,I4210096386,1,1,2023,W4390277067,1.0
I4210092957,I4210102012,1,1,2023,W4381547631,1.0
I4210092957,I4210114115,1,1,2023,W4381547631,1.0
I4210092957,I5626980,1,1,2023,W4381547631,1.0
I4210093006,I4210126829,1,1,2023,W4386117324,1.0
I4210093006,I56019348,1,1,2023,W4386117324,1.0
I4210093006,I68171755,1,1,2023,W4386117324,1.0
I4210093006,I92582371,1,1,2023,W4386117324,1.0
I4210093057,I4210146508,1,1,2023,W4384932191,1.0
I4210093174,I4210120068,1,1,2023,W4392669797,1.0
I4210093174,I4389424196,1,1,2023,W4392669797,1.0
I4210093174,I45129253,1,1,2023,W4392669797,1.0
I4210093174,I52357470,1,1,2023,W4392669797,1.0
I4210093174,I68891433,1,1,2023,W4392669797,1.0
I4210093174,I78577930,1,1,2023,W4392669797,1.0
I4210093174,I99065089,1,1,2023,W4392669797,1.0
I4210093292,I4210100188,1,1,2023,W4388811394,1.0
I4210093292,I4210125092,1,1,2023,W4388811394,1.0
I4210093292,I4210125364,1,1,2023,W4388811394,1.0
I4210093292,I861853513,1,1,2023,W4388811394,1.0
I4210093649,I4210134249,1,1,2023,W4385795849,1.0
I4210093665,I4391768151,1,1,2023,W4381104068,1.0
I4210093665,I917207718,1,1,2023,W4381104068,1.0
I4210093674,I4210165038,1,1,2023,W4383818954,1.0
I4210093674,I79619799,1,1,2023,W4388081044,1.0
I4210093896,I4210112252,1,1,2023,W4366750536,1.0
I4210093896,I4210129199,1,1,2023,W4366750536,1.0
I4210093896,I4210146690,1,1,2023,W4366750536,1.0
I4210093896,I85324120,1,1,2023,W4387326101,1.0
I4210093964,I4210123185,1,1,2023,W4390064615,1.0
I4210093964,I76130692,1,1,2023,W4390064615,1.0
I4210093981,I4210138501,1,1,2023,W4385748583,1.0
I4210093981,I4210149102,1,1,2023,W4385748583,1.0
I4210094062,I4210108778,1,1,2023,W4389792145,1.0
I4210094062,I4210111460,1,1,2023,W4389792145,1.0
I4210094062,I4210162051,1,1,2023,W4389792145,1.0
I4210094062,I4210165059,1,1,2023,W4389792145,1.0
I4210094062,I75951250,1,1,2023,W4389792145,1.0
I4210094062,I78650965,1,1,2023,W4389792145,1.0
I4210094062,I7877124,1,1,2023,W4389792145,1.0
I4210094062,I887968799,1,1,2023,W4389792145,1.0
I4210094363,I4210106397,1,1,2023,W4388347957,1.0
I4210094363,I4210114248,1,1,2023,W4388347957,1.0
I4210094363,I4210119117,1,1,2023,W4388347957,1.0
I4210094363,I4210143330,1,1,2023,W4388347957,1.0
I4210094363,I4210151091,1,1,2023,W4388347957,1.0
I4210094363,I4210153126,1,1,2023,W4388347957,1.0
I4210094363,I4210153139,1,1,2023,W4388347957,1.0
I4210094363,I4210156450,1,1,2023,W4388347957,1.0
I4210094363,I99464096,1,1,2023,W4388347957,1.0
I4210094653,I4210095073,1,1,2023,W4380686968,1.0
I4210094653,I4210107755,1,1,2023,W4380686968,1.0
I4210094653,I4210110490,1,1,2023,W4380686968,1.0
I4210094653,I4210121988,1,1,2023,W4380686968,1.0
I4210094653,I4210132596,1,1,2023,W4380686968,1.0
I4210094653,I4210138199,1,1,2023,W4380686968,1.0
I4210094653,I4210147263,1,1,2023,W4380686968,1.0
I4210094653,I5023651,1,1,2023,W4380686968,1.0
I4210094653,I5124864,1,1,2023,W4380686968,1.0
I4210094653,I5388228,1,1,2023,W4380686968,1.0
I4210094653,I54166199,1,1,2023,W4380686968,1.0
I4210094653,I63966007,1,1,2023,W4380686968,1.0
I4210094653,I95457486,1,1,2023,W4380686968,1.0
I4210094653,I95674353,1,1,2023,W4380686968,1.0
I4210094747,I4210137409,1,1,2023,W4388237833,1.0
I4210094747,I4210151342,1,1,2023,W4388237833,1.0
I4210094747,I4210153031,1,1,2023,W4388237833,1.0
I4210094747,I60134161,1,1,2023,W4388237833,1.0
I4210094747,I74801974,1,1,2023,W4388237833,1.0
I4210094879,I59028903,1,1,2023,W4320341494,1.0
I4210094879,I98301712,1,1,2023,W4320341494,1.0
I4210094879,I4210100255,2,2,2023,W4367595583;W4387122971,0.5
I4210094879,I4210165038,3,3,2023,W4367595583;W4387122971;W4391768897,0.3333333333333333
I4210094879,I57093077,1,1,2023,W4367595583,1.0
I4210094879,I4401726859,1,1,2023,W4386071613,1.0
I4210094879,I9796191,1,1,2023,W4386071613,1.0
I4210094879,I4210116219,1,1,2023,W4386608660,1.0
I4210094879,I4210140243,1,1,2023,W4386608660,1.0
I4210094879,I4210151021,1,1,2023,W4386608660,1.0
I4210094879,I4391012619,4,4,2023,W4386608660;W4391768478;W4391768897;W4391769682,0.25
I4210094879,I55769427,2,2,2023,W4386608660;W4390224967,0.5
I4210094879,I859038795,1,1,2023,W4386608660,1.0
I4210094879,I4210095018,1,1,2023,W4387122971,1.0
I4210094879,I4210108629,1,1,2023,W4387122971,1.0
I4210094879,I4210112150,2,2,2023,W4387122971;W4391768897,0.5
I4210094879,I4210120485,1,1,2023,W4387122971,1.0
I4210094879,I4210167311,1,1,2023,W4387122971,1.0
I4210094879,I99065089,1,1,2023,W4391769682,1.0
I4210094879,I4210113369,1,1,2023,W4404515031,1.0
I4210094879,I74973139,1,1,2023,W4404515031,1.0
I4210094930,I4210108887,1,1,2023,W4387162866,1.0
I4210094930,I4210156165,1,1,2023,W4387162866,1.0
I4210094930,I46305995,1,1,2023,W4387162866,1.0
I4210094983,I4210110431,1,1,2023,W4385490607,1.0
I4210094983,I4210113297,1,1,2023,W4385490607,1.0
I4210094983,I4210113369,1,1,2023,W4385490607,1.0
I4210094983,I4210113480,1,1,2023,W4385490607,1.0
I4210094983,I4210127875,1,1,2023,W4385490607,1.0
I4210094983,I4210134579,1,1,2023,W4385490607,1.0
I4210094983,I4210135670,1,1,2023,W4385490607,1.0
I4210094983,I4210153546,1,1,2023,W4385490607,1.0
I4210094983,I4210155419,1,1,2023,W4385490607,1.0
I4210094983,I4210164802,1,1,2023,W4385490607,1.0
I4210094983,I4210164862,1,1,2023,W4385490607,1.0
I4210094983,I4387153999,1,1,2023,W4385490607,1.0
I4210094983,I57206974,1,1,2023,W4385490607,1.0
I4210094983,I63966007,1,1,2023,W4385490607,1.0
I4210094983,I70931966,1,1,2023,W4385490607,1.0
I4210094983,I74973139,1,1,2023,W4385490607,1.0
I4210094983,I887064364,1,1,2023,W4385490607,1.0
I4210094983,I97018004,1,1,2023,W4385490607,1.0
I4210095018,I4210100255,1,1,2023,W4387122971,1.0
I4210095018,I4210108629,1,1,2023,W4387122971,1.0
I4210095018,I4210112150,1,1,2023,W4387122971,1.0
I4210095018,I4210120485,1,1,2023,W4387122971,1.0
I4210095018,I4210165038,1,1,2023,W4387122971,1.0
I4210095018,I4210167311,1,1,2023,W4387122971,1.0
I4210095073,I4210107755,1,1,2023,W4380686968,1.0
I4210095073,I4210110490,1,1,2023,W4380686968,1.0
I4210095073,I4210121988,1,1,2023,W4380686968,1.0
I4210095073,I4210132596,1,1,2023,W4380686968,1.0
I4210095073,I4210138199,1,1,2023,W4380686968,1.0
I4210095073,I4210147263,1,1,2023,W4380686968,1.0
I4210095073,I5023651,1,1,2023,W4380686968,1.0
I4210095073,I5124864,1,1,2023,W4380686968,1.0
I4210095073,I5388228,1,1,2023,W4380686968,1.0
I4210095073,I54166199,1,1,2023,W4380686968,1.0
I4210095073,I63966007,1,1,2023,W4380686968,1.0
I4210095073,I95457486,1,1,2023,W4380686968,1.0
I4210095073,I95674353,1,1,2023,W4380686968,1.0
I4210095140,I42934936,1,1,2023,W4387823534,1.0
I4210095140,I9224006,1,1,2023,W4387823534,1.0
I4210095140,I97018004,1,1,2023,W4387823534,1.0
I4210095221,I4210112065,1,1,2023,W4323349483,1.0
I4210095221,I4210121447,1,1,2023,W4323349483,1.0
I4210095221,I4210127611,1,1,2023,W4323349483,1.0
I4210095221,I4210135742,1,1,2023,W4323349483,1.0
I4210095221,I4210137766,1,1,2023,W4323349483,1.0
I4210095221,I4210157781,1,1,2023,W4323349483,1.0
I4210095221,I4210165038,1,1,2023,W4323349483,1.0
I4210095248,I4210108711,1,1,2023,W4386998832,1.0
I4210095248,I7877124,1,1,2023,W4386998832,1.0
I4210095248,I899635006,1,1,2023,W4386998832,1.0
I4210095297,I4210135439,1,1,2023,W4366113120,1.0
I4210095297,I82951845,3,3,2023,W4366113120;W4378981724;W4387272432,0.3333333333333333
I4210095297,I56590836,1,1,2023,W4378981724,1.0
I4210095297,I68891433,1,1,2023,W4378981724,1.0
I4210095594,I4210113179,1,1,2023,W4389696050,1.0
I4210095594,I4210127871,1,1,2023,W4389696050,1.0
I4210095594,I4210134505,1,1,2023,W4389696050,1.0
I4210095594,I4210137813,1,1,2023,W4389696050,1.0
I4210095594,I4210151290,1,1,2023,W4389696050,1.0
I4210095594,I4210161436,1,1,2023,W4389696050,1.0
I4210095594,I49828101,1,1,2023,W4389696050,1.0
I4210095594,I51235708,1,1,2023,W4389696050,1.0
I4210095594,I54316950,1,1,2023,W4389696050,1.0
I4210095594,I73417466,1,1,2023,W4389696050,1.0
I4210095594,I80810150,1,1,2023,W4389696050,1.0
I4210095594,I83259278,1,1,2023,W4389696050,1.0
I4210095594,I83816512,1,1,2023,W4389696050,1.0
I4210095594,I85507684,1,1,2023,W4389696050,1.0
I4210095594,I8636806,1,1,2023,W4389696050,1.0
I4210095597,I4517696,1,1,2023,W4379284826,1.0
I4210095624,I4210108985,1,1,2023,W4320914811,1.0
I4210095624,I45928872,2,2,2023,W4320914811;W4382998948,0.5
I4210095624,I63966007,1,1,2023,W4320914811,1.0
I4210095624,I99065089,1,1,2023,W4320914811,1.0
I4210095624,I4210096815,1,1,2023,W4382998948,1.0
I4210095624,I4388891891,1,1,2023,W4382998948,1.0
I4210095624,I75867142,1,1,2023,W4382998948,1.0
I4210095624,I867280407,1,1,2023,W4382998948,1.0
I4210095624,I4210142635,2,2,2023,W4386065764;W4388428086,0.5
I4210095624,I4210165038,3,3,2023,W4386065764;W4386076036;W4388428086,0.3333333333333333
I4210095624,I881766915,2,2,2023,W4386065764;W4388428086,0.5
I4210095624,I76130692,1,1,2023,W4389519248,1.0
I4210095915,I4210109141,1,1,2023,W4387665659,1.0
I4210095915,I4210115256,1,1,2023,W4387665659,1.0
I4210095915,I4210132604,1,1,2023,W4387665659,1.0
I4210095915,I83399316,1,1,2023,W4387665659,1.0
I4210096112,I4210142583,1,1,2023,W4386075993,1.0
I4210096112,I4210096394,1,1,2023,W4386350524,1.0
I4210096112,I4210116924,1,1,2023,W4386350524,1.0
I4210096112,I4210136188,1,1,2023,W4386350524,1.0
I4210096112,I4210159575,1,1,2023,W4386350524,1.0
I4210096250,I70931966,2,2,2023,W4385570792;W4389518784,0.5
I4210096250,I78988378,6,6,2023,W4385570792;W4385767932;W4389518784;W4389520779;W4389523832;W4389524458,0.16666666666666666
I4210096250,I82880672,1,1,2023,W4389524458,1.0
I4210096386,I4577782,1,1,2023,W4385954435,1.0
I4210096386,I95457486,1,1,2023,W4386200967,1.0
I4210096386,I4210118691,1,1,2023,W4388409567,1.0
I4210096386,I4403928327,1,1,2023,W4388409567,1.0
I4210096386,I64180646,1,1,2023,W4388409567,1.0
I4210096386,I64492213,1,1,2023,W4388409567,1.0
I4210096386,I4210109259,1,1,2023,W4390277067,1.0
I4210096386,I4210114445,1,1,2023,W4390277067,1.0
I4210096386,I4387153466,1,1,2023,W4390277067,1.0
I4210096386,I55302922,1,1,2023,W4390277067,1.0
I4210096394,I4210116924,1,1,2023,W4386350524,1.0
I4210096394,I4210136188,1,1,2023,W4386350524,1.0
I4210096394,I4210159575,1,1,2023,W4386350524,1.0
I4210096394,I5388228,1,1,2023,W4399146931,1.0
I4210096394,I55285296,1,1,2023,W4399146931,1.0
I4210096498,I4387153466,1,1,2023,W4366580365,1.0
I4210096498,I79576946,1,1,2023,W4366580365,1.0
I4210096815,I4388891891,1,1,2023,W4382998948,1.0
I4210096815,I45928872,1,1,2023,W4382998948,1.0
I4210096815,I75867142,1,1,2023,W4382998948,1.0
I4210096815,I867280407,2,2,2023,W4382998948;W4386120650,0.5
I4210096815,I4387153466,1,1,2023,W4386120650,1.0
I4210096815,I78577930,1,1,2023,W4386120650,1.0
I4210096815,I86519309,1,1,2023,W4386120650,1.0
I4210097159,I4210122116,1,1,2023,W4322757547,1.0
I4210097159,I4210127304,2,2,2023,W4322757547;W4388922836,0.5
I4210097159,I4210103535,1,1,2023,W4388922836,1.0
I4210097159,I4210105949,1,1,2023,W4388922836,1.0
I4210097159,I4210107668,1,1,2023,W4388922836,1.0
I4210097159,I4210112079,1,1,2023,W4388922836,1.0
I4210097159,I4210116917,1,1,2023,W4388922836,1.0
I4210097159,I4210126319,1,1,2023,W4388922836,1.0
I4210097159,I4210150574,1,1,2023,W4388922836,1.0
I4210097159,I4210155576,1,1,2023,W4388922836,1.0
I4210097159,I45129253,1,1,2023,W4388922836,1.0
I4210097159,I82880672,1,1,2023,W4388922836,1.0
I4210097159,I848706,1,1,2023,W4388922836,1.0
I4210097159,I98251732,1,1,2023,W4388922836,1.0
I4210097159,I98285908,1,1,2023,W4388922836,1.0
I4210097159,I99065089,1,1,2023,W4388922836,1.0
I4210097178,I4210103308,1,1,2023,W4389235056,1.0
I4210097178,I4210106036,1,1,2023,W4389235056,1.0
I4210097178,I4210107347,1,1,2023,W4389235056,1.0
I4210097178,I4210108108,1,1,2023,W4389235056,1.0
I4210097178,I4210113003,1,1,2023,W4389235056,1.0
I4210097178,I4210121117,1,1,2023,W4389235056,1.0
I4210097178,I4210124714,1,1,2023,W4389235056,1.0
I4210097178,I4210125326,1,1,2023,W4389235056,1.0
I4210097178,I4210157730,1,1,2023,W4389235056,1.0
I4210097178,I4389424196,1,1,2023,W4389235056,1.0
I4210097178,I47500176,1,1,2023,W4389235056,1.0
I4210097178,I5791819,1,1,2023,W4389235056,1.0
I4210097178,I61923386,1,1,2023,W4389235056,1.0
I4210097178,I80018011,1,1,2023,W4389235056,1.0
I4210097354,I51629411,1,1,2023,W4386466464,1.0
I4210097846,I4210152736,1,1,2023,W4389685420,1.0
I4210097899,I4210114445,1,1,2023,W4385476046,1.0
I4210097899,I52357470,1,1,2023,W4385476046,1.0
I4210098293,I4210153043,1,1,2023,W4385263677,1.0
I4210098320,I4210107347,1,1,2023,W4389937130,1.0
I4210098320,I4210108108,1,1,2023,W4389937130,1.0
I4210098320,I4210121117,1,1,2023,W4389937130,1.0
I4210098320,I4210125326,1,1,2023,W4389937130,1.0
I4210098320,I4389424196,1,1,2023,W4389937130,1.0
I4210098320,I47500176,1,1,2023,W4389937130,1.0
I4210098320,I5791819,1,1,2023,W4389937130,1.0
I4210098320,I61923386,1,1,2023,W4389937130,1.0
I4210098850,I4210121067,1,1,2023,W4367676590,1.0
I4210098850,I56590836,1,1,2023,W4367676590,1.0
I4210098931,I4210134579,1,1,2023,W4385653699,1.0
I4210098931,I63966007,1,1,2023,W4385653699,1.0
I4210099137,I4210153468,1,1,2023,W4360978668,1.0
I4210099137,I4402554038,1,1,2023,W4360978668,1.0
I4210099137,I4210118727,1,1,2023,W4387408850,1.0
I4210099236,I60922564,2,2,2023,W4389519446;W4389519518,0.5
I4210099443,I4210102262,1,1,2023,W4386791134,1.0
I4210099443,I5124864,1,1,2023,W4386791134,1.0
I4210099443,I79576946,1,1,2023,W4386791134,1.0
I4210099443,I922845939,1,1,2023,W4386791134,1.0
I4210099586,I889458895,1,1,2023,W4387210937,1.0
I4210099586,I4210116924,2,2,2023,W4387426216;W4388336515,0.5
I4210099842,I887968799,1,1,2023,W4389674125,1.0
I4210099977,I4210102999,1,1,2023,W4378905467,1.0
I4210099977,I4210106352,1,1,2023,W4378905467,1.0
I4210099977,I4210106526,1,1,2023,W4378905467,1.0
I4210099977,I4210117555,1,1,2023,W4378905467,1.0
I4210099977,I4210122844,1,1,2023,W4378905467,1.0
I4210099977,I4210137309,1,1,2023,W4378905467,1.0
I4210099977,I4210139347,1,1,2023,W4378905467,1.0
I4210099977,I4210141715,1,1,2023,W4378905467,1.0
I4210099977,I4210165038,1,1,2023,W4378905467,1.0
I4210099977,I5023651,1,1,2023,W4378905467,1.0
I4210099977,I59270414,1,1,2023,W4378905467,1.0
I4210099977,I60200437,1,1,2023,W4378905467,1.0
I4210099977,I865915315,1,1,2023,W4378905467,1.0
I4210099977,I881766915,1,1,2023,W4378905467,1.0
I4210099977,I887064364,1,1,2023,W4378905467,1.0
I4210099977,I913481162,1,1,2023,W4378905467,1.0
I4210100188,I4210125092,2,2,2023,W4383187389;W4388811394,0.5
I4210100188,I4210125364,2,2,2023,W4383187389;W4388811394,0.5
I4210100188,I4210129357,1,1,2023,W4383187389,1.0
I4210100188,I4210140856,1,1,2023,W4383187389,1.0
I4210100188,I4210141898,1,1,2023,W4383187389,1.0
I4210100188,I4210147442,1,1,2023,W4383187389,1.0
I4210100188,I861853513,1,1,2023,W4388811394,1.0
I4210100200,I4210144143,1,1,2023,W4388140453,1.0
I4210100202,I4390039307,1,1,2023,W4389070723,1.0
I4210100255,I4210114105,1,1,2023,W4322766882,1.0
I4210100255,I99065089,5,5,2023,W4322766882;W4366341968;W4385638369;W4386047807;W4389518895,0.2
I4210100255,I4210165038,6,6,2023,W4361029998;W4367595583;W4386918932;W4387122971;W4388853646;W4389524159,0.16666666666666666
I4210100255,I4210113369,1,1,2023,W4366341968,1.0
I4210100255,I4210122302,1,1,2023,W4366341968,1.0
I4210100255,I4391012619,13,13,2023,W4366341968;W4386057769;W4386075985;W4386918932;W4386973803;W4387211900;W4387225742;W4387580644;W4388936927;W4389474309;W4389518895;W4389524159;W4390874324,0.07692307692307693
I4210100255,I5388228,1,1,2023,W4366341968,1.0
I4210100255,I57093077,1,1,2023,W4367595583,1.0
I4210100255,I74973139,1,1,2023,W4384648322,1.0
I4210100255,I4210136497,1,1,2023,W4385638369,1.0
I4210100255,I4210145761,3,3,2023,W4385638369;W4386057769;W4386075985,0.3333333333333333
I4210100255,I76130692,3,3,2023,W4385638369;W4386076522;W4386973803,0.3333333333333333
I4210100255,I78988378,2,2,2023,W4385638369;W4386047807,0.5
I4210100255,I90610280,1,1,2023,W4385638369,1.0
I4210100255,I881766915,1,1,2023,W4386057769,1.0
I4210100255,I889458895,1,1,2023,W4386075985,1.0
I4210100255,I47720641,1,1,2023,W4386076522,1.0
I4210100255,I4210112150,3,3,2023,W4386918932;W4387122971;W4388853646,0.3333333333333333
I4210100255,I50760025,1,1,2023,W4386973803,1.0
I4210100255,I4210108629,1,1,2023,W4387122971,1.0
I4210100255,I4210120485,1,1,2023,W4387122971,1.0
I4210100255,I4210167311,1,1,2023,W4387122971,1.0
I4210100255,I4210135459,1,1,2023,W4387211900,1.0
I4210100255,I4210157781,1,1,2023,W4387211900,1.0
I4210100255,I4210128910,1,1,2023,W4387225742,1.0
I4210100255,I82880672,1,1,2023,W4388936927,1.0
I4210100255,I4210149102,1,1,2023,W4389474309,1.0
I4210100255,I80947539,1,1,2023,W4389474309,1.0
I4210100255,I4210133369,1,1,2023,W4389524159,1.0
I4210100286,I4210121800,1,1,2023,W4389132297,1.0
I4210100286,I4210145583,1,1,2023,W4389132297,1.0
I4210100286,I97018004,1,1,2023,W4389132297,1.0
I4210100430,I5124864,1,1,2023,W4390871846,1.0
I4210100468,I4210128276,1,1,2023,W4387327030,1.0
I4210100468,I4210138654,1,1,2023,W4387327030,1.0
I4210100468,I4387153495,1,1,2023,W4387327030,1.0
I4210100468,I71267560,1,1,2023,W4387327030,1.0
I4210100468,I872922937,1,1,2023,W4387327030,1.0
I4210100468,I8901234,1,1,2023,W4387327030,1.0
I4210100468,I900890020,1,1,2023,W4387327030,1.0
I4210100468,I4210137306,1,1,2023,W4388022708,1.0
I4210100468,I86519309,1,1,2023,W4388022708,1.0
I4210100468,I97018004,1,1,2023,W4388022708,1.0
I4210100923,I56007636,1,1,2023,W4388409187,1.0
I4210100923,I42934936,1,1,2023,W4389131500,1.0
I4210101049,I4210106489,1,1,2023,W4388496436,1.0
I4210101049,I4210140884,1,1,2023,W4388496436,1.0
I4210101049,I4210155647,1,1,2023,W4388496436,1.0
I4210101093,I43814544,1,1,2023,W4372184941,1.0
I4210101093,I4387154592,1,1,2023,W4390432359,1.0
I4210101093,I4387154816,1,1,2023,W4390432359,1.0
I4210101190,I4210137306,1,1,2023,W4384457683,1.0
I4210101190,I4210167126,1,1,2023,W4384457683,1.0
I4210101190,I4387154595,1,1,2023,W4384457683,1.0
I4210101190,I63966007,1,1,2023,W4384457683,1.0
I4210101190,I97018004,1,1,2023,W4384457683,1.0
I4210101680,I4210166946,1,1,2023,W4377010595,1.0
I4210101680,I47251452,1,1,2023,W4377010595,1.0
I4210101739,I4210108108,1,1,2023,W4382680046,1.0
I4210101739,I4210125326,1,1,2023,W4382680046,1.0
I4210101739,I47500176,1,1,2023,W4382680046,1.0
I4210101739,I5791819,1,1,2023,W4382680046,1.0
I4210101739,I61923386,1,1,2023,W4382680046,1.0
I4210101778,I4210127693,1,1,2023,W4378718543,1.0
I4210101778,I4210146710,1,1,2023,W4378718543,1.0
I4210101778,I79576946,1,1,2023,W4378718543,1.0
I4210101778,I919571938,1,1,2023,W4378718543,1.0
I4210101778,I97018004,1,1,2023,W4378718543,1.0
I4210101880,I90610280,1,1,2023,W4365421094,1.0
I4210101898,I78577930,1,1,2023,W4384663549,1.0
I4210102012,I4210114115,1,1,2023,W4381547631,1.0
I4210102012,I5626980,1,1,2023,W4381547631,1.0
I4210102099,I4210149146,1,1,2023,W4380685958,1.0
I4210102262,I5124864,1,1,2023,W4386791134,1.0
I4210102262,I79576946,1,1,2023,W4386791134,1.0
I4210102262,I922845939,1,1,2023,W4386791134,1.0
I4210102350,I4210107779,1,1,2023,W4385597618,1.0
I4210102350,I4210129365,1,1,2023,W4385597618,1.0
I4210102350,I4210136522,1,1,2023,W4385597618,1.0
I4210102350,I4210151342,1,1,2023,W4385597618,1.0
I4210102371,I4210126298,1,1,2023,W4366234719,1.0
I4210102371,I5740404,1,1,2023,W4366234719,1.0
I4210102371,I87710204,1,1,2023,W4366234719,1.0
I4210102458,I4210136793,1,1,2023,W4389524308,1.0
I4210102458,I4210159102,1,1,2023,W4389524308,1.0
I4210102840,I98381234,1,1,2023,W4391094158,1.0
I4210102999,I4210106352,1,1,2023,W4378905467,1.0
I4210102999,I4210106526,1,1,2023,W4378905467,1.0
I4210102999,I4210117555,1,1,2023,W4378905467,1.0
I4210102999,I4210122844,1,1,2023,W4378905467,1.0
I4210102999,I4210137309,1,1,2023,W4378905467,1.0
I4210102999,I4210139347,1,1,2023,W4378905467,1.0
I4210102999,I4210141715,1,1,2023,W4378905467,1.0
I4210102999,I4210165038,1,1,2023,W4378905467,1.0
I4210102999,I5023651,1,1,2023,W4378905467,1.0
I4210102999,I59270414,1,1,2023,W4378905467,1.0
I4210102999,I60200437,1,1,2023,W4378905467,1.0
I4210102999,I865915315,1,1,2023,W4378905467,1.0
I4210102999,I881766915,1,1,2023,W4378905467,1.0
I4210102999,I887064364,1,1,2023,W4378905467,1.0
I4210102999,I913481162,1,1,2023,W4378905467,1.0
I4210103308,I4210106036,1,1,2023,W4389235056,1.0
I4210103308,I4210107347,1,1,2023,W4389235056,1.0
I4210103308,I4210108108,1,1,2023,W4389235056,1.0
I4210103308,I4210113003,1,1,2023,W4389235056,1.0
I4210103308,I4210121117,1,1,2023,W4389235056,1.0
I4210103308,I4210124714,1,1,2023,W4389235056,1.0
I4210103308,I4210125326,1,1,2023,W4389235056,1.0
I4210103308,I4210157730,1,1,2023,W4389235056,1.0
I4210103308,I4389424196,1,1,2023,W4389235056,1.0
I4210103308,I47500176,1,1,2023,W4389235056,1.0
I4210103308,I5791819,1,1,2023,W4389235056,1.0
I4210103308,I61923386,1,1,2023,W4389235056,1.0
I4210103308,I80018011,1,1,2023,W4389235056,1.0
I4210103535,I4210105949,1,1,2023,W4388922836,1.0
I4210103535,I4210107668,1,1,2023,W4388922836,1.0
I4210103535,I4210112079,1,1,2023,W4388922836,1.0
I4210103535,I4210116917,1,1,2023,W4388922836,1.0
I4210103535,I4210126319,1,1,2023,W4388922836,1.0
I4210103535,I4210127304,1,1,2023,W4388922836,1.0
I4210103535,I4210150574,1,1,2023,W4388922836,1.0
I4210103535,I4210155576,1,1,2023,W4388922836,1.0
I4210103535,I45129253,1,1,2023,W4388922836,1.0
I4210103535,I82880672,1,1,2023,W4388922836,1.0
I4210103535,I848706,1,1,2023,W4388922836,1.0
I4210103535,I98251732,1,1,2023,W4388922836,1.0
I4210103535,I98285908,1,1,2023,W4388922836,1.0
I4210103535,I99065089,1,1,2023,W4388922836,1.0
I4210103794,I4210123992,1,1,2023,W4391128915,1.0
I4210103794,I4210141558,1,1,2023,W4391128915,1.0
I4210103794,I872719,1,1,2023,W4391128915,1.0
I4210103820,I78577930,1,1,2023,W4383682679,1.0
I4210103820,I54009628,1,1,2023,W4387835509,1.0
I4210103957,I4210145292,1,1,2023,W4389430914,1.0
I4210103957,I4210164332,1,1,2023,W4389430914,1.0
I4210103957,I76130692,1,1,2023,W4389430914,1.0
I4210103957,I916048824,1,1,2023,W4389430914,1.0
I4210103986,I4210136793,1,1,2023,W4365801687,1.0
I4210104233,I4210164386,1,1,2023,W4387394243,1.0
I4210104335,I48566637,1,1,2023,W4321377315,1.0
I4210104429,I4210119046,1,1,2023,W4389070894,1.0
I4210104429,I63966007,1,1,2023,W4389070894,1.0
I4210104429,I9360294,1,1,2023,W4389070894,1.0
I4210104473,I86987016,1,1,2023,W4389263544,1.0
I4210104954,I4210136793,1,1,2023,W4386352882,1.0
I4210104954,I4210166055,1,1,2023,W4386352882,1.0
I4210105015,I97018004,2,2,2023,W4385381606;W4385620388,0.5
I4210105229,I881766915,1,1,2023,W4390188013,1.0
I4210105595,I4210113369,1,1,2023,W4390873235,1.0
I4210105595,I4210137491,1,1,2023,W4390873235,1.0
I4210105595,I4210136793,1,1,2023,W4390873650,1.0
I4210105678,I4210164937,1,1,2023,W4361855702,1.0
I4210105678,I74973139,1,1,2023,W4389520524,1.0
I4210105785,I74973139,1,1,2023,W4389565714,1.0
I4210105806,I4210153550,1,1,2023,W4388975763,1.0
I4210105806,I76569877,1,1,2023,W4388975763,1.0
I4210105806,I91656880,1,1,2023,W4388975763,1.0
I4210105806,I99065089,1,1,2023,W4388975763,1.0
I4210105839,I4210131964,1,1,2023,W4387741388,1.0
I4210105949,I4210107668,1,1,2023,W4388922836,1.0
I4210105949,I4210112079,1,1,2023,W4388922836,1.0
I4210105949,I4210116917,1,1,2023,W4388922836,1.0
I4210105949,I4210126319,1,1,2023,W4388922836,1.0
I4210105949,I4210127304,1,1,2023,W4388922836,1.0
I4210105949,I4210150574,1,1,2023,W4388922836,1.0
I4210105949,I4210155576,1,1,2023,W4388922836,1.0
I4210105949,I45129253,1,1,2023,W4388922836,1.0
I4210105949,I82880672,1,1,2023,W4388922836,1.0
I4210105949,I848706,1,1,2023,W4388922836,1.0
I4210105949,I98251732,1,1,2023,W4388922836,1.0
I4210105949,I98285908,1,1,2023,W4388922836,1.0
I4210105949,I99065089,1,1,2023,W4388922836,1.0
I4210105967,I4210109259,1,1,2023,W4378232928,1.0
I4210105967,I4210114445,1,1,2023,W4378232928,1.0
I4210105967,I55302922,1,1,2023,W4378232928,1.0
I4210105967,I94734805,1,1,2023,W4378232928,1.0
I4210105992,I4210152471,1,1,2023,W4376866715,1.0
I4210106036,I4210107347,1,1,2023,W4389235056,1.0
I4210106036,I4210108108,1,1,2023,W4389235056,1.0
I4210106036,I4210113003,1,1,2023,W4389235056,1.0
I4210106036,I4210121117,1,1,2023,W4389235056,1.0
I4210106036,I4210124714,1,1,2023,W4389235056,1.0
I4210106036,I4210125326,1,1,2023,W4389235056,1.0
I4210106036,I4210157730,1,1,2023,W4389235056,1.0
I4210106036,I4389424196,1,1,2023,W4389235056,1.0
I4210106036,I47500176,1,1,2023,W4389235056,1.0
I4210106036,I5791819,1,1,2023,W4389235056,1.0
I4210106036,I61923386,1,1,2023,W4389235056,1.0
I4210106036,I80018011,1,1,2023,W4389235056,1.0
I4210106108,I87445476,1,1,2023,W4391043766,1.0
I4210106192,I8204097,1,1,2023,W4389672268,1.0
I4210106352,I4210106526,1,1,2023,W4378905467,1.0
I4210106352,I4210117555,1,1,2023,W4378905467,1.0
I4210106352,I4210122844,1,1,2023,W4378905467,1.0
I4210106352,I4210137309,1,1,2023,W4378905467,1.0
I4210106352,I4210139347,1,1,2023,W4378905467,1.0
I4210106352,I4210141715,1,1,2023,W4378905467,1.0
I4210106352,I4210165038,1,1,2023,W4378905467,1.0
I4210106352,I5023651,1,1,2023,W4378905467,1.0
I4210106352,I59270414,1,1,2023,W4378905467,1.0
I4210106352,I60200437,1,1,2023,W4378905467,1.0
I4210106352,I865915315,1,1,2023,W4378905467,1.0
I4210106352,I881766915,1,1,2023,W4378905467,1.0
I4210106352,I887064364,1,1,2023,W4378905467,1.0
I4210106352,I913481162,1,1,2023,W4378905467,1.0
I4210106397,I4210114248,1,1,2023,W4388347957,1.0
I4210106397,I4210119117,1,1,2023,W4388347957,1.0
I4210106397,I4210143330,1,1,2023,W4388347957,1.0
I4210106397,I4210151091,1,1,2023,W4388347957,1.0
I4210106397,I4210153126,1,1,2023,W4388347957,1.0
I4210106397,I4210153139,1,1,2023,W4388347957,1.0
I4210106397,I4210156450,1,1,2023,W4388347957,1.0
I4210106397,I99464096,1,1,2023,W4388347957,1.0
I4210106489,I4210140884,1,1,2023,W4388496436,1.0
I4210106489,I4210155647,1,1,2023,W4388496436,1.0
I4210106490,I63739035,1,1,2023,W4321597163,1.0
I4210106526,I4210117555,1,1,2023,W4378905467,1.0
I4210106526,I4210122844,1,1,2023,W4378905467,1.0
I4210106526,I4210137309,1,1,2023,W4378905467,1.0
I4210106526,I4210139347,1,1,2023,W4378905467,1.0
I4210106526,I4210141715,1,1,2023,W4378905467,1.0
I4210106526,I4210165038,1,1,2023,W4378905467,1.0
I4210106526,I5023651,1,1,2023,W4378905467,1.0
I4210106526,I59270414,1,1,2023,W4378905467,1.0
I4210106526,I60200437,1,1,2023,W4378905467,1.0
I4210106526,I865915315,1,1,2023,W4378905467,1.0
I4210106526,I881766915,1,1,2023,W4378905467,1.0
I4210106526,I887064364,1,1,2023,W4378905467,1.0
I4210106526,I913481162,1,1,2023,W4378905467,1.0
I4210107233,I98677209,1,1,2023,W4375869358,1.0
I4210107347,I4210108108,2,2,2023,W4389235056;W4389937130,0.5
I4210107347,I4210113003,1,1,2023,W4389235056,1.0
I4210107347,I4210121117,2,2,2023,W4389235056;W4389937130,0.5
I4210107347,I4210124714,1,1,2023,W4389235056,1.0
I4210107347,I4210125326,2,2,2023,W4389235056;W4389937130,0.5
I4210107347,I4210157730,1,1,2023,W4389235056,1.0
I4210107347,I4389424196,2,2,2023,W4389235056;W4389937130,0.5
I4210107347,I47500176,2,2,2023,W4389235056;W4389937130,0.5
I4210107347,I5791819,2,2,2023,W4389235056;W4389937130,0.5
I4210107347,I61923386,2,2,2023,W4389235056;W4389937130,0.5
I4210107347,I80018011,1,1,2023,W4389235056,1.0
I4210107518,I4210148693,2,2,2023,W4376142471;W4412463333,0.5
I4210107518,I5518804,2,2,2023,W4376142471;W4412463333,0.5
I4210107668,I4210112079,1,1,2023,W4388922836,1.0
I4210107668,I4210116917,1,1,2023,W4388922836,1.0
I4210107668,I4210126319,1,1,2023,W4388922836,1.0
I4210107668,I4210127304,1,1,2023,W4388922836,1.0
I4210107668,I4210150574,1,1,2023,W4388922836,1.0
I4210107668,I4210155576,1,1,2023,W4388922836,1.0
I4210107668,I45129253,1,1,2023,W4388922836,1.0
I4210107668,I82880672,1,1,2023,W4388922836,1.0
I4210107668,I848706,1,1,2023,W4388922836,1.0
I4210107668,I98251732,1,1,2023,W4388922836,1.0
I4210107668,I98285908,1,1,2023,W4388922836,1.0
I4210107668,I99065089,1,1,2023,W4388922836,1.0
I4210107755,I4210110490,1,1,2023,W4380686968,1.0
I4210107755,I4210121988,1,1,2023,W4380686968,1.0
I4210107755,I4210132596,1,1,2023,W4380686968,1.0
I4210107755,I4210138199,1,1,2023,W4380686968,1.0
I4210107755,I4210147263,1,1,2023,W4380686968,1.0
I4210107755,I5023651,1,1,2023,W4380686968,1.0
I4210107755,I5124864,1,1,2023,W4380686968,1.0
I4210107755,I5388228,1,1,2023,W4380686968,1.0
I4210107755,I54166199,1,1,2023,W4380686968,1.0
I4210107755,I63966007,1,1,2023,W4380686968,1.0
I4210107755,I95457486,1,1,2023,W4380686968,1.0
I4210107755,I95674353,1,1,2023,W4380686968,1.0
I4210107779,I4210129365,1,1,2023,W4385597618,1.0
I4210107779,I4210136522,1,1,2023,W4385597618,1.0
I4210107779,I4210151342,1,1,2023,W4385597618,1.0
I4210108087,I4210156054,1,1,2023,W4388823522,1.0
I4210108108,I4210125326,3,3,2023,W4382680046;W4389235056;W4389937130,0.3333333333333333
I4210108108,I47500176,3,3,2023,W4382680046;W4389235056;W4389937130,0.3333333333333333
I4210108108,I5791819,3,3,2023,W4382680046;W4389235056;W4389937130,0.3333333333333333
I4210108108,I61923386,3,3,2023,W4382680046;W4389235056;W4389937130,0.3333333333333333
I4210108108,I4210113003,1,1,2023,W4389235056,1.0
I4210108108,I4210121117,2,2,2023,W4389235056;W4389937130,0.5
I4210108108,I4210124714,1,1,2023,W4389235056,1.0
I4210108108,I4210157730,1,1,2023,W4389235056,1.0
I4210108108,I4389424196,2,2,2023,W4389235056;W4389937130,0.5
I4210108108,I80018011,1,1,2023,W4389235056,1.0
I4210108625,I4210110987,1,1,2023,W4366598511,1.0
I4210108625,I97018004,1,1,2023,W4366598511,1.0
I4210108625,I98677209,2,2,2023,W4366598511;W4389519188,0.5
I4210108625,I42934936,1,1,2023,W4389519188,1.0
I4210108625,I56085075,1,1,2023,W4389519188,1.0
I4210108625,I887064364,1,1,2023,W4389519188,1.0
I4210108629,I4210112150,1,1,2023,W4387122971,1.0
I4210108629,I4210120485,1,1,2023,W4387122971,1.0
I4210108629,I4210165038,1,1,2023,W4387122971,1.0
I4210108629,I4210167311,1,1,2023,W4387122971,1.0
I4210108711,I7877124,1,1,2023,W4386998832,1.0
I4210108711,I899635006,1,1,2023,W4386998832,1.0
I4210108778,I4210112872,1,1,2023,W4382678522,1.0
I4210108778,I4210129883,1,1,2023,W4382678522,1.0
I4210108778,I78650965,4,4,2023,W4382678522;W4387500346;W4387744047;W4389792145,0.25
I4210108778,I4210120689,1,1,2023,W4385272245,1.0
I4210108778,I4210111460,3,3,2023,W4387500346;W4388775426;W4389792145,0.3333333333333333
I4210108778,I4210162051,2,2,2023,W4387500346;W4389792145,0.5
I4210108778,I62916508,1,1,2023,W4387500346,1.0
I4210108778,I887968799,4,4,2023,W4387500346;W4387744047;W4388775426;W4389792145,0.25
I4210108778,I75951250,2,2,2023,W4388775426;W4389792145,0.5
I4210108778,I7877124,2,2,2023,W4388775426;W4389792145,0.5
I4210108778,I8087733,1,1,2023,W4388775426,1.0
I4210108778,I4210165059,1,1,2023,W4389792145,1.0
I4210108887,I4210156165,1,1,2023,W4387162866,1.0
I4210108887,I46305995,1,1,2023,W4387162866,1.0
I4210108985,I45928872,1,1,2023,W4320914811,1.0
I4210108985,I63966007,1,1,2023,W4320914811,1.0
I4210108985,I99065089,1,1,2023,W4320914811,1.0
I4210108999,I4210119109,1,1,2023,W4389403907,1.0
I4210108999,I4210137306,1,1,2023,W4389403907,1.0
I4210108999,I4210140380,1,1,2023,W4389403907,1.0
I4210108999,I4210145102,1,1,2023,W4389403907,1.0
I4210108999,I4210153792,1,1,2023,W4389403907,1.0
I4210108999,I4210155092,1,1,2023,W4389403907,1.0
I4210108999,I44829897,1,1,2023,W4389403907,1.0
I4210108999,I51556381,1,1,2023,W4389403907,1.0
I4210108999,I57206974,1,1,2023,W4389403907,1.0
I4210108999,I88874673,1,1,2023,W4389403907,1.0
I4210108999,I90326151,1,1,2023,W4389403907,1.0
I4210108999,I97018004,1,1,2023,W4389403907,1.0
I4210109141,I4210115256,1,1,2023,W4387665659,1.0
I4210109141,I4210132604,1,1,2023,W4387665659,1.0
I4210109141,I83399316,1,1,2023,W4387665659,1.0
I4210109259,I4210114445,7,7,2023,W4320709434;W4366368023;W4378232928;W4379094566;W4386772055;W4387014587;W4390277067,0.14285714285714285
I4210109259,I4387153466,6,6,2023,W4320709434;W4366368023;W4379094566;W4386772055;W4387014587;W4390277067,0.16666666666666666
I4210109259,I55302922,8,8,2023,W4320709434;W4366368023;W4378232928;W4378953660;W4379094566;W4386772055;W4387014587;W4390277067,0.125
I4210109259,I94734805,3,3,2023,W4320709434;W4378232928;W4387014587,0.3333333333333333
I4210109259,I91045830,1,1,2023,W4386772055,1.0
I4210109289,I57589565,1,1,2023,W4389946433,1.0
I4210109390,I4387153466,1,1,2023,W4384615843,1.0
I4210109390,I4210149717,1,1,2023,W4385374442,1.0
I4210109390,I66946132,1,1,2023,W4385374442,1.0
I4210109586,I4210152232,1,1,2023,W4389519187,1.0
I4210109586,I4210152536,1,1,2023,W4389519187,1.0
I4210109586,I4210155268,1,1,2023,W4389519187,1.0
I4210109586,I8826637,1,1,2023,W4389519187,1.0
I4210109586,I87182695,1,1,2023,W4390189088,1.0
I4210109712,I4210113480,1,1,2023,W4386180266,1.0
I4210109712,I74973139,1,1,2023,W4386180266,1.0
I4210109712,I4210121786,1,1,2023,W4386719008,1.0
I4210109911,I98704320,1,1,2023,W4386272462,1.0
I4210110242,I84027002,1,1,2023,W4378945377,1.0
I4210110242,I874055015,1,1,2023,W4378945377,1.0
I4210110431,I4210113297,1,1,2023,W4385490607,1.0
I4210110431,I4210113369,1,1,2023,W4385490607,1.0
I4210110431,I4210113480,1,1,2023,W4385490607,1.0
I4210110431,I4210127875,1,1,2023,W4385490607,1.0
I4210110431,I4210134579,1,1,2023,W4385490607,1.0
I4210110431,I4210135670,1,1,2023,W4385490607,1.0
I4210110431,I4210153546,1,1,2023,W4385490607,1.0
I4210110431,I4210155419,1,1,2023,W4385490607,1.0
I4210110431,I4210164802,1,1,2023,W4385490607,1.0
I4210110431,I4210164862,1,1,2023,W4385490607,1.0
I4210110431,I4387153999,1,1,2023,W4385490607,1.0
I4210110431,I57206974,1,1,2023,W4385490607,1.0
I4210110431,I63966007,1,1,2023,W4385490607,1.0
I4210110431,I70931966,1,1,2023,W4385490607,1.0
I4210110431,I74973139,1,1,2023,W4385490607,1.0
I4210110431,I887064364,2,2,2023,W4385490607;W4386568614,0.5
I4210110431,I97018004,1,1,2023,W4385490607,1.0
I4210110431,I4210164937,1,1,2023,W4386568614,1.0
I4210110431,I75951250,1,1,2023,W4386568614,1.0
I4210110442,I4210120242,2,2,2023,W4378771137;W4388108480,0.5
I4210110458,I4210137199,1,1,2023,W4366377770,1.0
I4210110490,I4210121988,2,2,2023,W4380686968;W4385671288,0.5
I4210110490,I4210132596,1,1,2023,W4380686968,1.0
I4210110490,I4210138199,1,1,2023,W4380686968,1.0
I4210110490,I4210147263,2,2,2023,W4380686968;W4385671288,0.5
I4210110490,I5023651,2,2,2023,W4380686968;W4385671288,0.5
I4210110490,I5124864,2,2,2023,W4380686968;W4385671288,0.5
I4210110490,I5388228,2,2,2023,W4380686968;W4385671288,0.5
I4210110490,I54166199,1,1,2023,W4380686968,1.0
I4210110490,I63966007,2,2,2023,W4380686968;W4385671288,0.5
I4210110490,I95457486,2,2,2023,W4380686968;W4385671288,0.5
I4210110490,I95674353,2,2,2023,W4380686968;W4385671288,0.5
I4210110490,I4210149682,1,1,2023,W4385671288,1.0
I4210110652,I74801974,1,1,2023,W4385571235,1.0
I4210110652,I98677209,1,1,2023,W4385571235,1.0
I4210110916,I4210136249,1,1,2023,W4389000927,1.0
I4210110987,I97018004,1,1,2023,W4366598511,1.0
I4210110987,I98677209,1,1,2023,W4366598511,1.0
I4210111013,I4210120508,1,1,2023,W4372348574,1.0
I4210111013,I4210125099,1,1,2023,W4372348574,1.0
I4210111135,I4210126452,1,1,2023,W4386697749,1.0
I4210111135,I4210140114,1,1,2023,W4386697749,1.0
I4210111135,I4210150574,1,1,2023,W4386697749,1.0
I4210111135,I43439940,1,1,2023,W4386697749,1.0
I4210111135,I45129253,2,2,2023,W4386697749;W4387211299,0.5
I4210111135,I7882870,1,1,2023,W4386697749,1.0
I4210111135,I79510175,1,1,2023,W4386697749,1.0
I4210111135,I79619799,1,1,2023,W4386697749,1.0
I4210111135,I84884186,1,1,2023,W4386697749,1.0
I4210111135,I98677209,1,1,2023,W4386697749,1.0
I4210111135,I4210151618,1,1,2023,W4387211299,1.0
I4210111179,I4210118951,1,1,2023,W4385774603,1.0
I4210111288,I4210114444,1,1,2023,W4392414327,1.0
I4210111325,I4210129200,1,1,2023,W4386384991,1.0
I4210111408,I4210158057,1,1,2023,W4362586487,1.0
I4210111408,I74319210,1,1,2023,W4362586487,1.0
I4210111408,I75535952,1,1,2023,W4362586487,1.0
I4210111460,I4210120689,1,1,2023,W4372336638,1.0
I4210111460,I4210126310,1,1,2023,W4372336638,1.0
I4210111460,I4210162051,3,3,2023,W4372336638;W4387500346;W4389792145,0.3333333333333333
I4210111460,I887968799,4,4,2023,W4372336638;W4387500346;W4388775426;W4389792145,0.25
I4210111460,I62916508,1,1,2023,W4387500346,1.0
I4210111460,I78650965,2,2,2023,W4387500346;W4389792145,0.5
I4210111460,I75951250,2,2,2023,W4388775426;W4389792145,0.5
I4210111460,I7877124,2,2,2023,W4388775426;W4389792145,0.5
I4210111460,I8087733,1,1,2023,W4388775426,1.0
I4210111460,I4210165059,1,1,2023,W4389792145,1.0
I4210111616,I75900474,1,1,2023,W4388082355,1.0
I4210112065,I4210121447,1,1,2023,W4323349483,1.0
I4210112065,I4210127611,1,1,2023,W4323349483,1.0
I4210112065,I4210135742,1,1,2023,W4323349483,1.0
I4210112065,I4210137766,1,1,2023,W4323349483,1.0
I4210112065,I4210157781,1,1,2023,W4323349483,1.0
I4210112065,I4210165038,1,1,2023,W4323349483,1.0
I4210112079,I4210116917,1,1,2023,W4388922836,1.0
I4210112079,I4210126319,1,1,2023,W4388922836,1.0
I4210112079,I4210127304,1,1,2023,W4388922836,1.0
I4210112079,I4210150574,1,1,2023,W4388922836,1.0
I4210112079,I4210155576,1,1,2023,W4388922836,1.0
I4210112079,I45129253,1,1,2023,W4388922836,1.0
I4210112079,I82880672,1,1,2023,W4388922836,1.0
I4210112079,I848706,1,1,2023,W4388922836,1.0
I4210112079,I98251732,1,1,2023,W4388922836,1.0
I4210112079,I98285908,1,1,2023,W4388922836,1.0
I4210112079,I99065089,1,1,2023,W4388922836,1.0
I4210112150,I4210136793,1,1,2023,W4377715513,1.0
I4210112150,I4210165038,7,7,2023,W4377715513;W4386066025;W4386918932;W4387122971;W4388428080;W4388853646;W4391768897,0.14285714285714285
I4210112150,I4210128818,1,1,2023,W4381327576,1.0
I4210112150,I45928872,1,1,2023,W4381327576,1.0
I4210112150,I76569877,1,1,2023,W4381327576,1.0
I4210112150,I881766915,2,2,2023,W4386066025;W4388428080,0.5
I4210112150,I98301712,2,2,2023,W4386066025;W4388428080,0.5
I4210112150,I4391012619,2,2,2023,W4386918932;W4391768897,0.5
I4210112150,I4210120485,1,1,2023,W4387122971,1.0
I4210112150,I4210167311,1,1,2023,W4387122971,1.0
I4210112150,I4401726859,1,1,2023,W4389334989,1.0
I4210112150,I91807558,1,1,2023,W4389334989,1.0
I4210112252,I4210129199,1,1,2023,W4366750536,1.0
I4210112252,I4210146690,1,1,2023,W4366750536,1.0
I4210112286,I57206974,1,1,2023,W4327550249,1.0
I4210112286,I63966007,1,1,2023,W4327550249,1.0
I4210112286,I97018004,1,1,2023,W4327550249,1.0
I4210112335,I63098007,1,1,2023,W4386421937,1.0
I4210112335,I91044093,1,1,2023,W4386421937,1.0
I4210112646,I4210112727,1,1,2023,W4387046394,1.0
I4210112872,I4210129883,1,1,2023,W4382678522,1.0
I4210112872,I78650965,1,1,2023,W4382678522,1.0
I4210113003,I4210121117,1,1,2023,W4389235056,1.0
I4210113003,I4210124714,1,1,2023,W4389235056,1.0
I4210113003,I4210125326,1,1,2023,W4389235056,1.0
I4210113003,I4210157730,1,1,2023,W4389235056,1.0
I4210113003,I4389424196,1,1,2023,W4389235056,1.0
I4210113003,I47500176,1,1,2023,W4389235056,1.0
I4210113003,I5791819,1,1,2023,W4389235056,1.0
I4210113003,I61923386,1,1,2023,W4389235056,1.0
I4210113003,I80018011,1,1,2023,W4389235056,1.0
I4210113179,I4210127871,1,1,2023,W4389696050,1.0
I4210113179,I4210134505,1,1,2023,W4389696050,1.0
I4210113179,I4210137813,1,1,2023,W4389696050,1.0
I4210113179,I4210151290,1,1,2023,W4389696050,1.0
I4210113179,I4210161436,1,1,2023,W4389696050,1.0
I4210113179,I49828101,1,1,2023,W4389696050,1.0
I4210113179,I51235708,1,1,2023,W4389696050,1.0
I4210113179,I54316950,1,1,2023,W4389696050,1.0
I4210113179,I73417466,1,1,2023,W4389696050,1.0
I4210113179,I80810150,1,1,2023,W4389696050,1.0
I4210113179,I83259278,1,1,2023,W4389696050,1.0
I4210113179,I83816512,1,1,2023,W4389696050,1.0
I4210113179,I85507684,1,1,2023,W4389696050,1.0
I4210113179,I8636806,1,1,2023,W4389696050,1.0
I4210113254,I4210113795,1,1,2023,W4363679378,1.0
I4210113254,I4210119234,1,1,2023,W4363679378,1.0
I4210113254,I4210126298,3,3,2023,W4363679378;W4367320668;W4378640065,0.3333333333333333
I4210113254,I4210153043,2,2,2023,W4363679378;W4378640065,0.5
I4210113254,I4210165067,2,2,2023,W4363679378;W4378640065,0.5
I4210113254,I5740404,7,7,2023,W4363679378;W4366241052;W4366983955;W4367320668;W4376613087;W4376871127;W4378640065,0.14285714285714285
I4210113254,I87710204,4,4,2023,W4363679378;W4366241052;W4366983955;W4367320668,0.25
I4210113254,I91935597,2,2,2023,W4366241052;W4366983955,0.5
I4210113254,I4210122818,1,1,2023,W4378640065,1.0
I4210113254,I4210165424,1,1,2023,W4378640065,1.0
I4210113254,I75951250,1,1,2023,W4378640065,1.0
I4210113254,I7877124,1,1,2023,W4378640065,1.0
I4210113297,I4210113369,1,1,2023,W4385490607,1.0
I4210113297,I4210113480,1,1,2023,W4385490607,1.0
I4210113297,I4210127875,1,1,2023,W4385490607,1.0
I4210113297,I4210134579,1,1,2023,W4385490607,1.0
I4210113297,I4210135670,1,1,2023,W4385490607,1.0
I4210113297,I4210153546,1,1,2023,W4385490607,1.0
I4210113297,I4210155419,1,1,2023,W4385490607,1.0
I4210113297,I4210164802,1,1,2023,W4385490607,1.0
I4210113297,I4210164862,1,1,2023,W4385490607,1.0
I4210113297,I4387153999,1,1,2023,W4385490607,1.0
I4210113297,I57206974,1,1,2023,W4385490607,1.0
I4210113297,I63966007,1,1,2023,W4385490607,1.0
I4210113297,I70931966,1,1,2023,W4385490607,1.0
I4210113297,I74973139,1,1,2023,W4385490607,1.0
I4210113297,I887064364,1,1,2023,W4385490607,1.0
I4210113297,I97018004,1,1,2023,W4385490607,1.0
I4210113297,I4210144566,1,1,2023,W4389727268,1.0
I4210113369,I4210122302,1,1,2023,W4366341968,1.0
I4210113369,I4391012619,1,1,2023,W4366341968,1.0
I4210113369,I5388228,1,1,2023,W4366341968,1.0
I4210113369,I99065089,6,6,2023,W4366341968;W4386076094;W4387609097;W4389520468;W4389523722;W4390873120,0.16666666666666666
I4210113369,I78988378,2,2,2023,W4375869257;W4389520538,0.5
I4210113369,I4210113480,1,1,2023,W4385490607,1.0
I4210113369,I4210127875,1,1,2023,W4385490607,1.0
I4210113369,I4210134579,1,1,2023,W4385490607,1.0
I4210113369,I4210135670,1,1,2023,W4385490607,1.0
I4210113369,I4210153546,1,1,2023,W4385490607,1.0
I4210113369,I4210155419,1,1,2023,W4385490607,1.0
I4210113369,I4210164802,1,1,2023,W4385490607,1.0
I4210113369,I4210164862,1,1,2023,W4385490607,1.0
I4210113369,I4387153999,1,1,2023,W4385490607,1.0
I4210113369,I57206974,1,1,2023,W4385490607,1.0
I4210113369,I63966007,1,1,2023,W4385490607,1.0
I4210113369,I70931966,1,1,2023,W4385490607,1.0
I4210113369,I74973139,2,2,2023,W4385490607;W4404515031,0.5
I4210113369,I887064364,1,1,2023,W4385490607,1.0
I4210113369,I97018004,1,1,2023,W4385490607,1.0
I4210113369,I4210128818,1,1,2023,W4385572142,1.0
I4210113369,I4210165038,1,1,2023,W4385572142,1.0
I4210113369,I87445476,3,3,2023,W4386076094;W4387609097;W4387968628,0.3333333333333333
I4210113369,I79891267,1,1,2023,W4387848774,1.0
I4210113369,I4210165726,1,1,2023,W4389518671,1.0
I4210113369,I4210153682,1,1,2023,W4389520468,1.0
I4210113369,I4210137491,1,1,2023,W4390873235,1.0
I4210113480,I99065089,2,2,2023,W4378806473;W4387023819,0.5
I4210113480,I4210127875,1,1,2023,W4385490607,1.0
I4210113480,I4210134579,1,1,2023,W4385490607,1.0
I4210113480,I4210135670,1,1,2023,W4385490607,1.0
I4210113480,I4210153546,1,1,2023,W4385490607,1.0
I4210113480,I4210155419,1,1,2023,W4385490607,1.0
I4210113480,I4210164802,1,1,2023,W4385490607,1.0
I4210113480,I4210164862,1,1,2023,W4385490607,1.0
I4210113480,I4387153999,1,1,2023,W4385490607,1.0
I4210113480,I57206974,1,1,2023,W4385490607,1.0
I4210113480,I63966007,1,1,2023,W4385490607,1.0
I4210113480,I70931966,1,1,2023,W4385490607,1.0
I4210113480,I74973139,4,4,2023,W4385490607;W4386083151;W4386180266;W4387023819,0.25
I4210113480,I887064364,1,1,2023,W4385490607,1.0
I4210113480,I97018004,1,1,2023,W4385490607,1.0
I4210113480,I4210144839,1,1,2023,W4386243148,1.0
I4210113480,I4210145812,1,1,2023,W4387023819,1.0
I4210113480,I78577930,1,1,2023,W4387023819,1.0
I4210113480,I4210164937,1,1,2023,W4389519448,1.0
I4210113480,I76130692,1,1,2023,W4389519982,1.0
I4210113480,I42934936,1,1,2023,W4389520065,1.0
I4210113520,I8204097,1,1,2023,W4386071831,1.0
I4210113520,I97018004,1,1,2023,W4386071831,1.0
I4210113795,I4210119234,1,1,2023,W4363679378,1.0
I4210113795,I4210126298,1,1,2023,W4363679378,1.0
I4210113795,I4210153043,1,1,2023,W4363679378,1.0
I4210113795,I4210165067,1,1,2023,W4363679378,1.0
I4210113795,I5740404,1,1,2023,W4363679378,1.0
I4210113795,I87710204,1,1,2023,W4363679378,1.0
I4210114105,I99065089,2,2,2023,W4322766882;W4390872231,0.5
I4210114105,I4210136793,1,1,2023,W4390872231,1.0
I4210114115,I5626980,1,1,2023,W4381547631,1.0
I4210114115,I4210145865,1,1,2023,W4382318938,1.0
I4210114157,I98704320,1,1,2023,W4389042140,1.0
I4210114190,I4210128910,1,1,2023,W4386392961,1.0
I4210114190,I4210132741,1,1,2023,W4386392961,1.0
I4210114190,I4210132906,1,1,2023,W4386392961,1.0
I4210114190,I4210154361,1,1,2023,W4386392961,1.0
I4210114190,I4210156804,1,1,2023,W4386392961,1.0
I4210114190,I4391012619,1,1,2023,W4386392961,1.0
I4210114248,I4210119117,1,1,2023,W4388347957,1.0
I4210114248,I4210143330,1,1,2023,W4388347957,1.0
I4210114248,I4210151091,1,1,2023,W4388347957,1.0
I4210114248,I4210153126,1,1,2023,W4388347957,1.0
I4210114248,I4210153139,1,1,2023,W4388347957,1.0
I4210114248,I4210156450,1,1,2023,W4388347957,1.0
I4210114248,I99464096,1,1,2023,W4388347957,1.0
I4210114312,I4210164146,1,1,2023,W4389736946,1.0
I4210114312,I66946132,1,1,2023,W4389736946,1.0
I4210114312,I889937125,1,1,2023,W4389736946,1.0
I4210114312,I95457486,1,1,2023,W4389736946,1.0
I4210114312,I97018004,1,1,2023,W4389736946,1.0
I4210114319,I70640408,1,1,2023,W4386207798,1.0
I4210114319,I83909951,1,1,2023,W4386207798,1.0
I4210114445,I4387153466,6,6,2023,W4320709434;W4366368023;W4379094566;W4386772055;W4387014587;W4390277067,0.16666666666666666
I4210114445,I55302922,7,7,2023,W4320709434;W4366368023;W4378232928;W4379094566;W4386772055;W4387014587;W4390277067,0.14285714285714285
I4210114445,I94734805,3,3,2023,W4320709434;W4378232928;W4387014587,0.3333333333333333
I4210114445,I52357470,2,2,2023,W4381853206;W4385476046,0.5
I4210114445,I91045830,1,1,2023,W4386772055,1.0
I4210114522,I8204097,1,1,2023,W4384023425,1.0
I4210114522,I90669466,1,1,2023,W4387633104,1.0
I4210114813,I4210128333,1,1,2023,W4378966181,1.0
I4210115081,I4210155419,1,1,2023,W4389740440,1.0
I4210115081,I4210157861,1,1,2023,W4389740440,1.0
I4210115082,I4210115097,1,1,2023,W4317952812,1.0
I4210115082,I4210160192,1,1,2023,W4317952812,1.0
I4210115082,I4210165024,1,1,2023,W4317952812,1.0
I4210115082,I45129253,1,1,2023,W4317952812,1.0
I4210115082,I47508984,1,1,2023,W4317952812,1.0
I4210115082,I71999127,1,1,2023,W4317952812,1.0
I4210115082,I84884186,1,1,2023,W4317952812,1.0
I4210115097,I4210160192,1,1,2023,W4317952812,1.0
I4210115097,I4210165024,1,1,2023,W4317952812,1.0
I4210115097,I45129253,1,1,2023,W4317952812,1.0
I4210115097,I47508984,1,1,2023,W4317952812,1.0
I4210115097,I71999127,1,1,2023,W4317952812,1.0
I4210115097,I84884186,1,1,2023,W4317952812,1.0
I4210115146,I74872605,1,1,2023,W4389933364,1.0
I4210115146,I867306930,1,1,2023,W4389933364,1.0
I4210115256,I4210132604,1,1,2023,W4387665659,1.0
I4210115256,I83399316,1,1,2023,W4387665659,1.0
I4210115556,I76569877,1,1,2023,W4388948873,1.0
I4210115556,I900890020,1,1,2023,W4388948873,1.0
I4210116219,I4210140243,1,1,2023,W4386608660,1.0
I4210116219,I4210151021,1,1,2023,W4386608660,1.0
I4210116219,I4391012619,1,1,2023,W4386608660,1.0
I4210116219,I55769427,1,1,2023,W4386608660,1.0
I4210116219,I859038795,1,1,2023,W4386608660,1.0
I4210116369,I98704320,1,1,2023,W4383500999,1.0
I4210116466,I4210123447,1,1,2023,W4380488316,1.0
I4210116649,I79189158,1,1,2023,W4388999266,1.0
I4210116730,I4210127591,1,1,2023,W4324018677,1.0
I4210116730,I4210129011,1,1,2023,W4324018677,1.0
I4210116730,I74656192,1,1,2023,W4324018677,1.0
I4210116741,I4210131167,1,1,2023,W4380997498,1.0
I4210116917,I4210117485,1,1,2023,W4384561707,1.0
I4210116917,I4210126319,4,4,2023,W4384561707;W4385227045;W4387496544;W4388922836,0.25
I4210116917,I4210161109,1,1,2023,W4384561707,1.0
I4210116917,I79619799,1,1,2023,W4384561707,1.0
I4210116917,I4210150261,1,1,2023,W4386110374,1.0
I4210116917,I4210127055,1,1,2023,W4386572315,1.0
I4210116917,I4210150574,2,2,2023,W4386572315;W4388922836,0.5
I4210116917,I45129253,2,2,2023,W4386572315;W4388922836,0.5
I4210116917,I51713134,1,1,2023,W4386572315,1.0
I4210116917,I97018004,1,1,2023,W4386572315,1.0
I4210116917,I98704320,1,1,2023,W4386572315,1.0
I4210116917,I4210146690,1,1,2023,W4387496544,1.0
I4210116917,I82880672,2,2,2023,W4387496544;W4388922836,0.5
I4210116917,I4210127304,1,1,2023,W4388922836,1.0
I4210116917,I4210155576,1,1,2023,W4388922836,1.0
I4210116917,I848706,1,1,2023,W4388922836,1.0
I4210116917,I98251732,1,1,2023,W4388922836,1.0
I4210116917,I98285908,1,1,2023,W4388922836,1.0
I4210116917,I99065089,1,1,2023,W4388922836,1.0
I4210116924,I4210136188,1,1,2023,W4386350524,1.0
I4210116924,I4210159575,1,1,2023,W4386350524,1.0
I4210116924,I86501945,1,1,2023,W4387624562,1.0
I4210116924,I99065089,2,2,2023,W4387624562;W4389519291,0.5
I4210117092,I4210156156,1,1,2023,W4391341917,1.0
I4210117092,I67357951,1,1,2023,W4391341917,1.0
I4210117172,I70983195,1,1,2023,W4366729084,1.0
I4210117172,I78577930,1,1,2023,W4366729084,1.0
I4210117307,I60668342,1,1,2023,W4389082615,1.0
I4210117453,I4210161994,1,1,2023,W4386447283,1.0
I4210117453,I4210164862,1,1,2023,W4386447283,1.0
I4210117485,I4210126319,1,1,2023,W4384561707,1.0
I4210117485,I4210161109,1,1,2023,W4384561707,1.0
I4210117485,I79619799,1,1,2023,W4384561707,1.0
I4210117555,I4210122844,1,1,2023,W4378905467,1.0
I4210117555,I4210137309,1,1,2023,W4378905467,1.0
I4210117555,I4210139347,1,1,2023,W4378905467,1.0
I4210117555,I4210141715,1,1,2023,W4378905467,1.0
I4210117555,I4210165038,1,1,2023,W4378905467,1.0
I4210117555,I5023651,1,1,2023,W4378905467,1.0
I4210117555,I59270414,1,1,2023,W4378905467,1.0
I4210117555,I60200437,1,1,2023,W4378905467,1.0
I4210117555,I865915315,1,1,2023,W4378905467,1.0
I4210117555,I881766915,1,1,2023,W4378905467,1.0
I4210117555,I887064364,1,1,2023,W4378905467,1.0
I4210117555,I913481162,1,1,2023,W4378905467,1.0
I4210118442,I4210141454,1,1,2023,W4321610465,1.0
I4210118442,I75951250,1,1,2023,W4321610465,1.0
I4210118442,I83041322,1,1,2023,W4321610465,1.0
I4210118560,I4210120221,1,1,2023,W4388835050,1.0
I4210118560,I4210139217,1,1,2023,W4388835050,1.0
I4210118560,I95457486,1,1,2023,W4388835050,1.0
I4210118691,I4403928327,1,1,2023,W4388409567,1.0
I4210118691,I64180646,1,1,2023,W4388409567,1.0
I4210118691,I64492213,1,1,2023,W4388409567,1.0
I4210118729,I4210154218,1,1,2023,W4390266739,1.0
I4210118729,I87482320,1,1,2023,W4390266739,1.0
I4210119046,I63966007,1,1,2023,W4389070894,1.0
I4210119046,I9360294,1,1,2023,W4389070894,1.0
I4210119109,I592451,1,1,2023,W4372319207,1.0
I4210119109,I4210137306,1,1,2023,W4389403907,1.0
I4210119109,I4210140380,1,1,2023,W4389403907,1.0
I4210119109,I4210145102,1,1,2023,W4389403907,1.0
I4210119109,I4210153792,1,1,2023,W4389403907,1.0
I4210119109,I4210155092,1,1,2023,W4389403907,1.0
I4210119109,I44829897,1,1,2023,W4389403907,1.0
I4210119109,I51556381,1,1,2023,W4389403907,1.0
I4210119109,I57206974,1,1,2023,W4389403907,1.0
I4210119109,I88874673,1,1,2023,W4389403907,1.0
I4210119109,I90326151,1,1,2023,W4389403907,1.0
I4210119109,I97018004,1,1,2023,W4389403907,1.0
I4210119117,I4210143330,1,1,2023,W4388347957,1.0
I4210119117,I4210151091,1,1,2023,W4388347957,1.0
I4210119117,I4210153126,1,1,2023,W4388347957,1.0
I4210119117,I4210153139,1,1,2023,W4388347957,1.0
I4210119117,I4210156450,1,1,2023,W4388347957,1.0
I4210119117,I99464096,1,1,2023,W4388347957,1.0
I4210119234,I4210126298,1,1,2023,W4363679378,1.0
I4210119234,I4210153043,1,1,2023,W4363679378,1.0
I4210119234,I4210165067,1,1,2023,W4363679378,1.0
I4210119234,I5740404,1,1,2023,W4363679378,1.0
I4210119234,I87710204,1,1,2023,W4363679378,1.0
I4210119607,I4210134591,1,1,2023,W4385570455,1.0
I4210119607,I4401726909,1,1,2023,W4385570455,1.0
I4210119607,I861853513,1,1,2023,W4385570455,1.0
I4210119607,I926574661,1,1,2023,W4385570455,1.0
I4210119896,I51601045,1,1,2023,W4383913712,1.0
I4210119896,I56590836,1,1,2023,W4383913712,1.0
I4210119896,I60733029,1,1,2023,W4383913712,1.0
I4210119896,I71052956,1,1,2023,W4383913712,1.0
I4210119896,I79619799,1,1,2023,W4383913712,1.0
I4210119896,I82284825,1,1,2023,W4383913712,1.0
I4210119896,I84884186,1,1,2023,W4383913712,1.0
I4210120068,I4389424196,1,1,2023,W4392669797,1.0
I4210120068,I45129253,1,1,2023,W4392669797,1.0
I4210120068,I52357470,1,1,2023,W4392669797,1.0
I4210120068,I68891433,1,1,2023,W4392669797,1.0
I4210120068,I78577930,1,1,2023,W4392669797,1.0
I4210120068,I99065089,1,1,2023,W4392669797,1.0
I4210120221,I4210139217,1,1,2023,W4388835050,1.0
I4210120221,I95457486,1,1,2023,W4388835050,1.0
I4210120373,I4388482696,1,1,2023,W4387803927,1.0
I4210120471,I4387152517,1,1,2023,W4390035079,1.0
I4210120471,I74973139,1,1,2023,W4390035079,1.0
I4210120485,I4210165038,1,1,2023,W4387122971,1.0
I4210120485,I4210167311,1,1,2023,W4387122971,1.0
I4210120508,I4210125099,1,1,2023,W4372348574,1.0
I4210120602,I57664883,1,1,2023,W4387005994,1.0
I4210120624,I56590836,2,2,2023,W4385459604;W4386730959,0.5
I4210120689,I4210126310,1,1,2023,W4372336638,1.0
I4210120689,I4210162051,1,1,2023,W4372336638,1.0
I4210120689,I887968799,1,1,2023,W4372336638,1.0
I4210120689,I62916508,1,1,2023,W4388376970,1.0
I4210120689,I7877124,1,1,2023,W4388376970,1.0
I4210120900,I4210155268,1,1,2023,W4318071656,1.0
I4210120900,I95457486,1,1,2023,W4318071656,1.0
I4210121067,I56590836,1,1,2023,W4367676590,1.0
I4210121083,I4210130461,1,1,2023,W4388287351,1.0
I4210121083,I4210142730,1,1,2023,W4388287351,1.0
I4210121083,I4210150574,1,1,2023,W4388287351,1.0
I4210121083,I45129253,1,1,2023,W4388287351,1.0
I4210121083,I70931966,1,1,2023,W4388287351,1.0
I4210121117,I53276908,1,1,2023,W4366083396,1.0
I4210121117,I4210124714,1,1,2023,W4389235056,1.0
I4210121117,I4210125326,2,2,2023,W4389235056;W4389937130,0.5
I4210121117,I4210157730,1,1,2023,W4389235056,1.0
I4210121117,I4389424196,2,2,2023,W4389235056;W4389937130,0.5
I4210121117,I47500176,2,2,2023,W4389235056;W4389937130,0.5
I4210121117,I5791819,2,2,2023,W4389235056;W4389937130,0.5
I4210121117,I61923386,2,2,2023,W4389235056;W4389937130,0.5
I4210121117,I80018011,1,1,2023,W4389235056,1.0
I4210121272,I4210148918,1,1,2023,W4381092249,1.0
I4210121447,I4210127611,1,1,2023,W4323349483,1.0
I4210121447,I4210135742,1,1,2023,W4323349483,1.0
I4210121447,I4210137766,1,1,2023,W4323349483,1.0
I4210121447,I4210157781,1,1,2023,W4323349483,1.0
I4210121447,I4210165038,1,1,2023,W4323349483,1.0
I4210121505,I4387153366,1,1,2023,W4382991888,1.0
I4210121647,I896114043,1,1,2023,W4380291947,1.0
I4210121771,I4210131893,1,1,2023,W4382652046,1.0
I4210121771,I87445476,1,1,2023,W4382652046,1.0
I4210121800,I4210145583,1,1,2023,W4389132297,1.0
I4210121800,I97018004,1,1,2023,W4389132297,1.0
I4210121988,I4210132596,1,1,2023,W4380686968,1.0
I4210121988,I4210138199,1,1,2023,W4380686968,1.0
I4210121988,I4210147263,2,2,2023,W4380686968;W4385671288,0.5
I4210121988,I5023651,2,2,2023,W4380686968;W4385671288,0.5
I4210121988,I5124864,2,2,2023,W4380686968;W4385671288,0.5
I4210121988,I5388228,2,2,2023,W4380686968;W4385671288,0.5
I4210121988,I54166199,1,1,2023,W4380686968,1.0
I4210121988,I63966007,2,2,2023,W4380686968;W4385671288,0.5
I4210121988,I95457486,2,2,2023,W4380686968;W4385671288,0.5
I4210121988,I95674353,2,2,2023,W4380686968;W4385671288,0.5
I4210121988,I4210149682,1,1,2023,W4385671288,1.0
I4210122016,I45129253,1,1,2023,W4387211845,1.0
I4210122116,I4210127304,1,1,2023,W4322757547,1.0
I4210122302,I4391012619,12,12,2023,W4366341968;W4386076060;W4386076222;W4386076508;W4386076529;W4386829267;W4389518935;W4389519488;W4390872147;W4390872366;W4390873752;W4390874002,0.08333333333333333
I4210122302,I5388228,1,1,2023,W4366341968,1.0
I4210122302,I99065089,3,3,2023,W4366341968;W4386076222;W4386076508,0.3333333333333333
I4210122302,I4210128910,1,1,2023,W4386076222,1.0
I4210122302,I4402554026,1,1,2023,W4386076222,1.0
I4210122302,I881766915,3,3,2023,W4386076222;W4390872147;W4390872366,0.3333333333333333
I4210122302,I86519309,1,1,2023,W4386076529,1.0
I4210122302,I4210159102,1,1,2023,W4390872147,1.0
I4210122302,I889458895,3,3,2023,W4390872147;W4390872366;W4390873752,0.3333333333333333
I4210122302,I4210145761,1,1,2023,W4390872366,1.0
I4210122302,I4210165038,1,1,2023,W4390872366,1.0
I4210122818,I4210126298,1,1,2023,W4378640065,1.0
I4210122818,I4210153043,1,1,2023,W4378640065,1.0
I4210122818,I4210165067,1,1,2023,W4378640065,1.0
I4210122818,I4210165424,1,1,2023,W4378640065,1.0
I4210122818,I5740404,1,1,2023,W4378640065,1.0
I4210122818,I75951250,1,1,2023,W4378640065,1.0
I4210122818,I7877124,1,1,2023,W4378640065,1.0
I4210122844,I4210137309,1,1,2023,W4378905467,1.0
I4210122844,I4210139347,1,1,2023,W4378905467,1.0
I4210122844,I4210141715,1,1,2023,W4378905467,1.0
I4210122844,I4210165038,1,1,2023,W4378905467,1.0
I4210122844,I5023651,1,1,2023,W4378905467,1.0
I4210122844,I59270414,1,1,2023,W4378905467,1.0
I4210122844,I60200437,1,1,2023,W4378905467,1.0
I4210122844,I865915315,1,1,2023,W4378905467,1.0
I4210122844,I881766915,1,1,2023,W4378905467,1.0
I4210122844,I887064364,1,1,2023,W4378905467,1.0
I4210122844,I913481162,1,1,2023,W4378905467,1.0
I4210122849,I83019370,1,1,2023,W4366735548,1.0
I4210122929,I4210162197,1,1,2023,W4386046428,1.0
I4210122929,I61628605,1,1,2023,W4386046428,1.0
I4210122929,I921990950,1,1,2023,W4386046428,1.0
I4210122929,I97018004,1,1,2023,W4386046428,1.0
I4210123185,I76130692,1,1,2023,W4390064615,1.0
I4210123352,I4210166206,1,1,2023,W4319777976,1.0
I4210123352,I4210153126,1,1,2023,W4366989525,1.0
I4210123992,I4210141558,1,1,2023,W4391128915,1.0
I4210123992,I872719,1,1,2023,W4391128915,1.0
I4210124208,I4210135161,1,1,2023,W4386729081,1.0
I4210124208,I48018076,1,1,2023,W4386729081,1.0
I4210124208,I79817857,1,1,2023,W4386729081,1.0
I4210124208,I93131583,1,1,2023,W4386729081,1.0
I4210124246,I4210160970,1,1,2023,W4390343169,1.0
I4210124714,I4210125326,1,1,2023,W4389235056,1.0
I4210124714,I4210157730,1,1,2023,W4389235056,1.0
I4210124714,I4389424196,1,1,2023,W4389235056,1.0
I4210124714,I47500176,1,1,2023,W4389235056,1.0
I4210124714,I5791819,1,1,2023,W4389235056,1.0
I4210124714,I61923386,1,1,2023,W4389235056,1.0
I4210124714,I80018011,1,1,2023,W4389235056,1.0
I4210124949,I99613584,1,1,2023,W4296965999,1.0
I4210124949,I99065089,1,1,2023,W4385571886,1.0
I4210124949,I4210162141,1,1,2023,W4388834665,1.0
I4210125013,I60053951,4,4,2023,W4381252132;W4382060832;W4388723259;W4390231192,0.25
I4210125092,I4210125364,2,2,2023,W4383187389;W4388811394,0.5
I4210125092,I4210129357,1,1,2023,W4383187389,1.0
I4210125092,I4210140856,1,1,2023,W4383187389,1.0
I4210125092,I4210141898,1,1,2023,W4383187389,1.0
I4210125092,I4210147442,1,1,2023,W4383187389,1.0
I4210125092,I861853513,1,1,2023,W4388811394,1.0
I4210125099,I55732556,1,1,2023,W4387602683,1.0
I4210125143,I4210135459,1,1,2023,W4387211598,1.0
I4210125326,I97018004,1,1,2023,W4365143687,1.0
I4210125326,I47500176,3,3,2023,W4382680046;W4389235056;W4389937130,0.3333333333333333
I4210125326,I5791819,3,3,2023,W4382680046;W4389235056;W4389937130,0.3333333333333333
I4210125326,I61923386,3,3,2023,W4382680046;W4389235056;W4389937130,0.3333333333333333
I4210125326,I4210157730,1,1,2023,W4389235056,1.0
I4210125326,I4389424196,2,2,2023,W4389235056;W4389937130,0.5
I4210125326,I80018011,1,1,2023,W4389235056,1.0
I4210125326,I530967,1,1,2023,W4389577465,1.0
I4210125364,I4210129357,1,1,2023,W4383187389,1.0
I4210125364,I4210140856,1,1,2023,W4383187389,1.0
I4210125364,I4210141898,1,1,2023,W4383187389,1.0
I4210125364,I4210147442,1,1,2023,W4383187389,1.0
I4210125364,I861853513,1,1,2023,W4388811394,1.0
I4210125787,I4210164937,1,1,2023,W4361289889,1.0
I4210125838,I4210141933,1,1,2023,W4386883058,1.0
I4210125878,I4210159968,1,1,2023,W4382053748,1.0
I4210125878,I69356397,1,1,2023,W4382053748,1.0
I4210125878,I4210146410,1,1,2023,W4389267014,1.0
I4210126298,I4210153043,2,2,2023,W4363679378;W4378640065,0.5
I4210126298,I4210165067,2,2,2023,W4363679378;W4378640065,0.5
I4210126298,I5740404,4,4,2023,W4363679378;W4366234719;W4367320668;W4378640065,0.25
I4210126298,I87710204,3,3,2023,W4363679378;W4366234719;W4367320668,0.3333333333333333
I4210126298,I4210165424,1,1,2023,W4378640065,1.0
I4210126298,I75951250,1,1,2023,W4378640065,1.0
I4210126298,I7877124,1,1,2023,W4378640065,1.0
I4210126298,I4210134769,1,1,2023,W4387747149,1.0
I4210126298,I4394709130,1,1,2023,W4387747149,1.0
I4210126298,I55769427,1,1,2023,W4387747149,1.0
I4210126298,I63135867,1,1,2023,W4387747149,1.0
I4210126310,I4210162051,1,1,2023,W4372336638,1.0
I4210126310,I887968799,1,1,2023,W4372336638,1.0
I4210126310,I4210145679,1,1,2023,W4387811276,1.0
I4210126319,I4210161109,1,1,2023,W4384561707,1.0
I4210126319,I79619799,1,1,2023,W4384561707,1.0
I4210126319,I4210146690,1,1,2023,W4387496544,1.0
I4210126319,I82880672,2,2,2023,W4387496544;W4388922836,0.5
I4210126319,I4210141097,1,1,2023,W4387764436,1.0
I4210126319,I4210127304,1,1,2023,W4388922836,1.0
I4210126319,I4210150574,1,1,2023,W4388922836,1.0
I4210126319,I4210155576,1,1,2023,W4388922836,1.0
I4210126319,I45129253,1,1,2023,W4388922836,1.0
I4210126319,I848706,1,1,2023,W4388922836,1.0
I4210126319,I98251732,1,1,2023,W4388922836,1.0
I4210126319,I98285908,1,1,2023,W4388922836,1.0
I4210126319,I99065089,1,1,2023,W4388922836,1.0
I4210126452,I4210140114,1,1,2023,W4386697749,1.0
I4210126452,I4210150574,1,1,2023,W4386697749,1.0
I4210126452,I43439940,1,1,2023,W4386697749,1.0
I4210126452,I45129253,1,1,2023,W4386697749,1.0
I4210126452,I7882870,1,1,2023,W4386697749,1.0
I4210126452,I79510175,1,1,2023,W4386697749,1.0
I4210126452,I79619799,1,1,2023,W4386697749,1.0
I4210126452,I84884186,1,1,2023,W4386697749,1.0
I4210126452,I98677209,1,1,2023,W4386697749,1.0
I4210126461,I4210150450,1,1,2023,W4327981907,1.0
I4210126461,I4210160517,1,1,2023,W4327981907,1.0
I4210126461,I45935490,1,1,2023,W4327981907,1.0
I4210126461,I52179390,1,1,2023,W4327981907,1.0
I4210126461,I62912653,1,1,2023,W4327981907,1.0
I4210126461,I80281795,1,1,2023,W4327981907,1.0
I4210126476,I95457486,4,4,2023,W4386902993;W4387393188;W4387406013;W4389686454,0.25
I4210126476,I4210127875,1,1,2023,W4389686454,1.0
I4210126580,I74801974,1,1,2023,W4386051124,1.0
I4210126670,I47508984,1,1,2023,W4367353919,1.0
I4210126829,I56019348,1,1,2023,W4386117324,1.0
I4210126829,I68171755,1,1,2023,W4386117324,1.0
I4210126829,I92582371,1,1,2023,W4386117324,1.0
I4210126926,I4210142152,1,1,2023,W4390058985,1.0
I4210127055,I4210150574,1,1,2023,W4386572315,1.0
I4210127055,I45129253,1,1,2023,W4386572315,1.0
I4210127055,I51713134,1,1,2023,W4386572315,1.0
I4210127055,I97018004,1,1,2023,W4386572315,1.0
I4210127055,I98704320,1,1,2023,W4386572315,1.0
I4210127055,I4387153466,1,1,2023,W4389213050,1.0
I4210127055,I63966007,1,1,2023,W4389213050,1.0
I4210127304,I4210150574,1,1,2023,W4388922836,1.0
I4210127304,I4210155576,1,1,2023,W4388922836,1.0
I4210127304,I45129253,1,1,2023,W4388922836,1.0
I4210127304,I82880672,1,1,2023,W4388922836,1.0
I4210127304,I848706,1,1,2023,W4388922836,1.0
I4210127304,I98251732,1,1,2023,W4388922836,1.0
I4210127304,I98285908,1,1,2023,W4388922836,1.0
I4210127304,I99065089,1,1,2023,W4388922836,1.0
I4210127509,I8204097,2,2,2023,W4386071957;W4386076371,0.5
I4210127509,I4210127875,1,1,2023,W4387937021,1.0
I4210127509,I4210164862,1,1,2023,W4387937021,1.0
I4210127558,I5681781,1,1,2023,W4313591672,1.0
I4210127591,I4210129011,1,1,2023,W4324018677,1.0
I4210127591,I74656192,1,1,2023,W4324018677,1.0
I4210127611,I4210135742,1,1,2023,W4323349483,1.0
I4210127611,I4210137766,1,1,2023,W4323349483,1.0
I4210127611,I4210157781,1,1,2023,W4323349483,1.0
I4210127611,I4210165038,1,1,2023,W4323349483,1.0
I4210127646,I4210133362,1,1,2023,W4366454938,1.0
I4210127646,I66946132,1,1,2023,W4366454938,1.0
I4210127646,I70983195,1,1,2023,W4366454938,1.0
I4210127646,I76903346,1,1,2023,W4366454938,1.0
I4210127693,I4210146710,1,1,2023,W4378718543,1.0
I4210127693,I79576946,1,1,2023,W4378718543,1.0
I4210127693,I919571938,1,1,2023,W4378718543,1.0
I4210127693,I97018004,1,1,2023,W4378718543,1.0
I4210127738,I4402554207,1,1,2023,W4387123795,1.0
I4210127871,I4210134505,1,1,2023,W4389696050,1.0
I4210127871,I4210137813,1,1,2023,W4389696050,1.0
I4210127871,I4210151290,1,1,2023,W4389696050,1.0
I4210127871,I4210161436,1,1,2023,W4389696050,1.0
I4210127871,I49828101,1,1,2023,W4389696050,1.0
I4210127871,I51235708,1,1,2023,W4389696050,1.0
I4210127871,I54316950,1,1,2023,W4389696050,1.0
I4210127871,I73417466,1,1,2023,W4389696050,1.0
I4210127871,I80810150,1,1,2023,W4389696050,1.0
I4210127871,I83259278,1,1,2023,W4389696050,1.0
I4210127871,I83816512,1,1,2023,W4389696050,1.0
I4210127871,I85507684,1,1,2023,W4389696050,1.0
I4210127871,I8636806,1,1,2023,W4389696050,1.0
I4210127875,I4210134579,1,1,2023,W4385490607,1.0
I4210127875,I4210135670,1,1,2023,W4385490607,1.0
I4210127875,I4210153546,1,1,2023,W4385490607,1.0
I4210127875,I4210155419,1,1,2023,W4385490607,1.0
I4210127875,I4210164802,1,1,2023,W4385490607,1.0
I4210127875,I4210164862,2,2,2023,W4385490607;W4387937021,0.5
I4210127875,I4387153999,1,1,2023,W4385490607,1.0
I4210127875,I57206974,1,1,2023,W4385490607,1.0
I4210127875,I63966007,1,1,2023,W4385490607,1.0
I4210127875,I70931966,1,1,2023,W4385490607,1.0
I4210127875,I74973139,1,1,2023,W4385490607,1.0
I4210127875,I887064364,1,1,2023,W4385490607,1.0
I4210127875,I97018004,2,2,2023,W4385490607;W4387211713,0.5
I4210127875,I4390039331,1,1,2023,W4388725043,1.0
I4210127875,I94062374,1,1,2023,W4388725043,1.0
I4210127875,I4401200273,1,1,2023,W4388927841,1.0
I4210127875,I55732556,1,1,2023,W4389166829,1.0
I4210127875,I95457486,1,1,2023,W4389686454,1.0
I4210128032,I4210153248,1,1,2023,W4379618854,1.0
I4210128276,I4210138654,1,1,2023,W4387327030,1.0
I4210128276,I4387153495,1,1,2023,W4387327030,1.0
I4210128276,I71267560,1,1,2023,W4387327030,1.0
I4210128276,I872922937,1,1,2023,W4387327030,1.0
I4210128276,I8901234,1,1,2023,W4387327030,1.0
I4210128276,I900890020,1,1,2023,W4387327030,1.0
I4210128483,I45129253,1,1,2023,W4382567298,1.0
I4210128483,I879689382,1,1,2023,W4382567298,1.0
I4210128584,I98677209,1,1,2023,W4367188881,1.0
I4210128584,I4210164802,1,1,2023,W4388002357,1.0
I4210128584,I45129253,1,1,2023,W4388002357,1.0
I4210128584,I70931966,1,1,2023,W4388002357,1.0
I4210128584,I80281795,1,1,2023,W4388002357,1.0
I4210128584,I95457486,1,1,2023,W4388002357,1.0
I4210128584,I4210146430,1,1,2023,W4390135262,1.0
I4210128584,I4210155937,1,1,2023,W4390135262,1.0
I4210128584,I4210160376,1,1,2023,W4390135262,1.0
I4210128585,I78577930,1,1,2023,W4385562710,1.0
I4210128628,I71920554,1,1,2023,W4390873784,1.0
I4210128801,I97018004,1,1,2023,W4384521943,1.0
I4210128801,I98358874,1,1,2023,W4388858734,1.0
I4210128801,I4210155268,1,1,2023,W4388858946,1.0
I4210128801,I91712215,1,1,2023,W4388886073,1.0
I4210128818,I45928872,1,1,2023,W4381327576,1.0
I4210128818,I76569877,1,1,2023,W4381327576,1.0
I4210128818,I4210165038,2,2,2023,W4385572142;W4388212670,0.5
I4210128818,I4210152474,1,1,2023,W4388212670,1.0
I4210128818,I99065089,1,1,2023,W4388212670,1.0
I4210128910,I4391012619,3,3,2023,W4386076222;W4386392961;W4387225742,0.3333333333333333
I4210128910,I4402554026,1,1,2023,W4386076222,1.0
I4210128910,I881766915,1,1,2023,W4386076222,1.0
I4210128910,I99065089,1,1,2023,W4386076222,1.0
I4210128910,I4210132741,1,1,2023,W4386392961,1.0
I4210128910,I4210132906,1,1,2023,W4386392961,1.0
I4210128910,I4210154361,1,1,2023,W4386392961,1.0
I4210128910,I4210156804,1,1,2023,W4386392961,1.0
I4210129011,I74656192,1,1,2023,W4324018677,1.0
I4210129183,I4403386549,1,1,2023,W4387356888,1.0
I4210129183,I8204097,1,1,2023,W4387356888,1.0
I4210129199,I4210146690,1,1,2023,W4366750536,1.0
I4210129357,I4210140856,1,1,2023,W4383187389,1.0
I4210129357,I4210141898,1,1,2023,W4383187389,1.0
I4210129357,I4210147442,1,1,2023,W4383187389,1.0
I4210129365,I4210136522,1,1,2023,W4385597618,1.0
I4210129365,I4210151342,1,1,2023,W4385597618,1.0
I4210129376,I4210145858,1,1,2023,W4362514526,1.0
I4210129405,I4210141868,1,1,2023,W4323050332,1.0
I4210129883,I78650965,1,1,2023,W4382678522,1.0
I4210130157,I45084792,1,1,2023,W4390873520,1.0
I4210130461,I4210142730,1,1,2023,W4388287351,1.0
I4210130461,I4210150574,1,1,2023,W4388287351,1.0
I4210130461,I45129253,1,1,2023,W4388287351,1.0
I4210130461,I70931966,1,1,2023,W4388287351,1.0
I4210130642,I4391767831,1,1,2023,W4387113757,1.0
I4210130642,I55732556,1,1,2023,W4387113757,1.0
I4210131058,I4210153126,1,1,2023,W4388896357,1.0
I4210131058,I5561750,1,1,2023,W4388896357,1.0
I4210131147,I4401726783,1,1,2023,W4391249774,1.0
I4210131271,I4210154606,1,1,2023,W4390298466,1.0
I4210131377,I4210141205,1,1,2023,W4381165906,1.0
I4210131377,I4210144697,1,1,2023,W4381165906,1.0
I4210131377,I4210157948,1,1,2023,W4381165906,1.0
I4210131377,I4210165745,1,1,2023,W4381165906,1.0
I4210131377,I4387152943,1,1,2023,W4381165906,1.0
I4210131377,I4387156329,1,1,2023,W4381165906,1.0
I4210131537,I4390039323,1,1,2023,W4360620450,1.0
I4210131537,I4394709253,1,1,2023,W4360620450,1.0
I4210131537,I44430492,1,1,2023,W4360620450,1.0
I4210131537,I47818738,1,1,2023,W4360620450,1.0
I4210131537,I55060895,1,1,2023,W4360620450,1.0
I4210131537,I63098007,1,1,2023,W4360620450,1.0
I4210131537,I68891433,1,1,2023,W4360620450,1.0
I4210131537,I71052956,1,1,2023,W4360620450,1.0
I4210131537,I78715868,1,1,2023,W4360620450,1.0
I4210131537,I80281795,1,1,2023,W4360620450,1.0
I4210131537,I91136226,1,1,2023,W4360620450,1.0
I4210131537,I9300472,1,1,2023,W4360620450,1.0
I4210131537,I931969281,1,1,2023,W4360620450,1.0
I4210131537,I9360294,1,1,2023,W4360620450,1.0
I4210131537,I98358874,1,1,2023,W4360620450,1.0
I4210131846,I79619799,1,1,2023,W4390874241,1.0
I4210131893,I87445476,1,1,2023,W4382652046,1.0
I4210132580,I897542642,1,1,2023,W4315498228,1.0
I4210132596,I4210138199,1,1,2023,W4380686968,1.0
I4210132596,I4210147263,1,1,2023,W4380686968,1.0
I4210132596,I5023651,1,1,2023,W4380686968,1.0
I4210132596,I5124864,1,1,2023,W4380686968,1.0
I4210132596,I5388228,1,1,2023,W4380686968,1.0
I4210132596,I54166199,1,1,2023,W4380686968,1.0
I4210132596,I63966007,1,1,2023,W4380686968,1.0
I4210132596,I95457486,1,1,2023,W4380686968,1.0
I4210132596,I95674353,1,1,2023,W4380686968,1.0
I4210132604,I83399316,1,1,2023,W4387665659,1.0
I4210132741,I4210132906,1,1,2023,W4386392961,1.0
I4210132741,I4210154361,1,1,2023,W4386392961,1.0
I4210132741,I4210156804,1,1,2023,W4386392961,1.0
I4210132741,I4391012619,1,1,2023,W4386392961,1.0
I4210132906,I4210154361,1,1,2023,W4386392961,1.0
I4210132906,I4210156804,1,1,2023,W4386392961,1.0
I4210132906,I4391012619,1,1,2023,W4386392961,1.0
I4210133362,I66946132,1,1,2023,W4366454938,1.0
I4210133362,I70983195,1,1,2023,W4366454938,1.0
I4210133362,I76903346,1,1,2023,W4366454938,1.0
I4210133369,I4210165038,1,1,2023,W4389524159,1.0
I4210133369,I4391012619,1,1,2023,W4389524159,1.0
I4210133505,I4210145761,1,1,2023,W4317654011,1.0
I4210133785,I47508984,1,1,2023,W4386973901,1.0
I4210133785,I76835614,1,1,2023,W4386973901,1.0
I4210133785,I889458895,1,1,2023,W4386973901,1.0
I4210133785,I97018004,1,1,2023,W4386973901,1.0
I4210134189,I4387930215,1,1,2023,W4387379065,1.0
I4210134189,I55285296,1,1,2023,W4387379065,1.0
I4210134189,I56007636,1,1,2023,W4387379065,1.0
I4210134189,I60342839,1,1,2023,W4387379065,1.0
I4210134189,I68891433,1,1,2023,W4387379065,1.0
I4210134189,I79156528,1,1,2023,W4387379065,1.0
I4210134189,I931278978,1,1,2023,W4387379065,1.0
I4210134189,I931681460,1,1,2023,W4387379065,1.0
I4210134189,I96413208,1,1,2023,W4387379065,1.0
I4210134201,I66752286,1,1,2023,W4385847487,1.0
I4210134505,I4210137813,1,1,2023,W4389696050,1.0
I4210134505,I4210151290,1,1,2023,W4389696050,1.0
I4210134505,I4210161436,1,1,2023,W4389696050,1.0
I4210134505,I49828101,1,1,2023,W4389696050,1.0
I4210134505,I51235708,1,1,2023,W4389696050,1.0
I4210134505,I54316950,1,1,2023,W4389696050,1.0
I4210134505,I73417466,1,1,2023,W4389696050,1.0
I4210134505,I80810150,1,1,2023,W4389696050,1.0
I4210134505,I83259278,1,1,2023,W4389696050,1.0
I4210134505,I83816512,1,1,2023,W4389696050,1.0
I4210134505,I85507684,1,1,2023,W4389696050,1.0
I4210134505,I8636806,1,1,2023,W4389696050,1.0
I4210134579,I4210135670,1,1,2023,W4385490607,1.0
I4210134579,I4210153546,1,1,2023,W4385490607,1.0
I4210134579,I4210155419,1,1,2023,W4385490607,1.0
I4210134579,I4210164802,1,1,2023,W4385490607,1.0
I4210134579,I4210164862,1,1,2023,W4385490607,1.0
I4210134579,I4387153999,1,1,2023,W4385490607,1.0
I4210134579,I57206974,1,1,2023,W4385490607,1.0
I4210134579,I63966007,2,2,2023,W4385490607;W4385653699,0.5
I4210134579,I70931966,1,1,2023,W4385490607,1.0
I4210134579,I74973139,1,1,2023,W4385490607,1.0
I4210134579,I887064364,1,1,2023,W4385490607,1.0
I4210134579,I97018004,1,1,2023,W4385490607,1.0
I4210134591,I4401726909,1,1,2023,W4385570455,1.0
I4210134591,I861853513,1,1,2023,W4385570455,1.0
I4210134591,I926574661,1,1,2023,W4385570455,1.0
I4210134754,I875944469,1,1,2023,W4391894693,1.0
I4210134769,I4394709130,1,1,2023,W4387747149,1.0
I4210134769,I55769427,1,1,2023,W4387747149,1.0
I4210134769,I63135867,1,1,2023,W4387747149,1.0
I4210134769,I97018004,1,1,2023,W4388695129,1.0
I4210134973,I4387155932,1,1,2023,W4387508266,1.0
I4210134973,I51556381,1,1,2023,W4387508266,1.0
I4210134973,I70931966,1,1,2023,W4387508266,1.0
I4210135161,I48018076,1,1,2023,W4386729081,1.0
I4210135161,I79817857,1,1,2023,W4386729081,1.0
I4210135161,I93131583,1,1,2023,W4386729081,1.0
I4210135422,I4210164937,1,1,2023,W4391054939,1.0
I4210135422,I99065089,1,1,2023,W4391054939,1.0
I4210135439,I82951845,1,1,2023,W4366113120,1.0
I4210135459,I4210157781,5,5,2023,W4362655923;W4385988359;W4387211900;W4387642400;W4389903841,0.2
I4210135459,I87445476,2,2,2023,W4362655923;W4385988359,0.5
I4210135459,I88830068,2,2,2023,W4362655923;W4385988359,0.5
I4210135459,I4210145761,1,1,2023,W4386076368,1.0
I4210135459,I82880672,1,1,2023,W4386076368,1.0
I4210135459,I4391012619,1,1,2023,W4387211900,1.0
I4210135459,I4210146710,2,2,2023,W4387642400;W4389903841,0.5
I4210135670,I4210153546,1,1,2023,W4385490607,1.0
I4210135670,I4210155419,1,1,2023,W4385490607,1.0
I4210135670,I4210164802,1,1,2023,W4385490607,1.0
I4210135670,I4210164862,1,1,2023,W4385490607,1.0
I4210135670,I4387153999,1,1,2023,W4385490607,1.0
I4210135670,I57206974,1,1,2023,W4385490607,1.0
I4210135670,I63966007,1,1,2023,W4385490607,1.0
I4210135670,I70931966,1,1,2023,W4385490607,1.0
I4210135670,I74973139,1,1,2023,W4385490607,1.0
I4210135670,I887064364,2,2,2023,W4385490607;W4385688511,0.5
I4210135670,I97018004,1,1,2023,W4385490607,1.0
I4210135670,I4210163196,1,1,2023,W4385688511,1.0
I4210135670,I51441396,1,1,2023,W4385688511,1.0
I4210135670,I76198965,1,1,2023,W4385688511,1.0
I4210135670,I926574661,1,1,2023,W4385688511,1.0
I4210135742,I4210137766,1,1,2023,W4323349483,1.0
I4210135742,I4210157781,1,1,2023,W4323349483,1.0
I4210135742,I4210165038,1,1,2023,W4323349483,1.0
I4210136188,I4210159575,1,1,2023,W4386350524,1.0
I4210136246,I4387153335,1,1,2023,W4360897523,1.0
I4210136294,I52357470,1,1,2023,W4390052440,1.0
I4210136294,I60997889,1,1,2023,W4390052440,1.0
I4210136294,I79576946,1,1,2023,W4390052440,1.0
I4210136294,I86519309,1,1,2023,W4390052440,1.0
I4210136376,I4210144804,1,1,2023,W4319322519,1.0
I4210136376,I4210150358,1,1,2023,W4319322519,1.0
I4210136376,I4387154989,1,1,2023,W4319322519,1.0
I4210136457,I74801974,1,1,2023,W4385682474,1.0
I4210136497,I4210145761,1,1,2023,W4385638369,1.0
I4210136497,I76130692,1,1,2023,W4385638369,1.0
I4210136497,I78988378,1,1,2023,W4385638369,1.0
I4210136497,I90610280,1,1,2023,W4385638369,1.0
I4210136497,I99065089,1,1,2023,W4385638369,1.0
I4210136522,I4210151342,1,1,2023,W4385597618,1.0
I4210136752,I4391768043,1,1,2023,W4385346108,1.0
I4210136752,I4800084,1,1,2023,W4385346108,1.0
I4210136793,I4210165038,3,3,2023,W4322730935;W4377715513;W4386065752,0.3333333333333333
I4210136793,I4391012619,1,1,2023,W4322730935,1.0
I4210136793,I881766915,1,1,2023,W4380267320,1.0
I4210136793,I56590836,1,1,2023,W4385572063,1.0
I4210136793,I62916508,1,1,2023,W4386075573,1.0
I4210136793,I90610280,1,1,2023,W4386075573,1.0
I4210136793,I4210166112,1,1,2023,W4386275830,1.0
I4210136793,I56934997,2,2,2023,W4386275830;W4387682254,0.5
I4210136793,I4210166055,1,1,2023,W4386352882,1.0
I4210136793,I4401726822,1,1,2023,W4387037106,1.0
I4210136793,I82880672,1,1,2023,W4387682254,1.0
I4210136793,I4210145761,1,1,2023,W4388692450,1.0
I4210136793,I4210159102,1,1,2023,W4389524308,1.0
I4210136793,I99065089,2,2,2023,W4390872231;W4390889802,0.5
I4210136793,I4210154505,1,1,2023,W4390874393,1.0
I4210137199,I4210165038,5,5,2023,W4386825420;W4386952228;W4387802152;W4388624446;W4390284969,0.2
I4210137199,I99041443,1,1,2023,W4390284969,1.0
I4210137306,I4210139231,1,1,2023,W4315606663,1.0
I4210137306,I4210147944,1,1,2023,W4315606663,1.0
I4210137306,I53107984,1,1,2023,W4315606663,1.0
I4210137306,I87216513,1,1,2023,W4315606663,1.0
I4210137306,I90523175,1,1,2023,W4315606663,1.0
I4210137306,I4210140341,1,1,2023,W4360796875,1.0
I4210137306,I74656192,1,1,2023,W4360796875,1.0
I4210137306,I74775410,1,1,2023,W4360796875,1.0
I4210137306,I8087733,1,1,2023,W4360796875,1.0
I4210137306,I97018004,14,14,2023,W4360796875;W4365794116;W4367311208;W4376637715;W4380303125;W4384457683;W4385948838;W4386333952;W4387378202;W4387821331;W4388022708;W4389403907;W4389917881;W4390340600,0.07142857142857142
I4210137306,I4210152177,2,2,2023,W4376637715;W4380303125,0.5
I4210137306,I4210167126,2,2,2023,W4384457683;W4389917881,0.5
I4210137306,I4387154595,1,1,2023,W4384457683,1.0
I4210137306,I63966007,2,2,2023,W4384457683;W4389917881,0.5
I4210137306,I86519309,1,1,2023,W4388022708,1.0
I4210137306,I4387154989,1,1,2023,W4388722291,1.0
I4210137306,I59130452,1,1,2023,W4388722291,1.0
I4210137306,I98704320,1,1,2023,W4388722291,1.0
I4210137306,I4210140380,1,1,2023,W4389403907,1.0
I4210137306,I4210145102,1,1,2023,W4389403907,1.0
I4210137306,I4210153792,1,1,2023,W4389403907,1.0
I4210137306,I4210155092,1,1,2023,W4389403907,1.0
I4210137306,I44829897,1,1,2023,W4389403907,1.0
I4210137306,I51556381,1,1,2023,W4389403907,1.0
I4210137306,I57206974,1,1,2023,W4389403907,1.0
I4210137306,I88874673,1,1,2023,W4389403907,1.0
I4210137306,I90326151,1,1,2023,W4389403907,1.0
I4210137306,I66946132,1,1,2023,W4389523893,1.0
I4210137309,I4210139347,1,1,2023,W4378905467,1.0
I4210137309,I4210141715,1,1,2023,W4378905467,1.0
I4210137309,I4210165038,1,1,2023,W4378905467,1.0
I4210137309,I5023651,1,1,2023,W4378905467,1.0
I4210137309,I59270414,1,1,2023,W4378905467,1.0
I4210137309,I60200437,1,1,2023,W4378905467,1.0
I4210137309,I865915315,1,1,2023,W4378905467,1.0
I4210137309,I881766915,1,1,2023,W4378905467,1.0
I4210137309,I887064364,1,1,2023,W4378905467,1.0
I4210137309,I913481162,1,1,2023,W4378905467,1.0
I4210137409,I4210151342,1,1,2023,W4388237833,1.0
I4210137409,I4210153031,1,1,2023,W4388237833,1.0
I4210137409,I60134161,1,1,2023,W4388237833,1.0
I4210137409,I74801974,1,1,2023,W4388237833,1.0
I4210137491,I50760025,1,1,2023,W4317616042,1.0
I4210137766,I4210157781,1,1,2023,W4323349483,1.0
I4210137766,I4210165038,1,1,2023,W4323349483,1.0
I4210137766,I4391012619,1,1,2023,W4386076403,1.0
I4210137766,I76130692,1,1,2023,W4386076403,1.0
I4210137813,I4210151290,1,1,2023,W4389696050,1.0
I4210137813,I4210161436,1,1,2023,W4389696050,1.0
I4210137813,I49828101,1,1,2023,W4389696050,1.0
I4210137813,I51235708,1,1,2023,W4389696050,1.0
I4210137813,I54316950,1,1,2023,W4389696050,1.0
I4210137813,I73417466,1,1,2023,W4389696050,1.0
I4210137813,I80810150,1,1,2023,W4389696050,1.0
I4210137813,I83259278,1,1,2023,W4389696050,1.0
I4210137813,I83816512,1,1,2023,W4389696050,1.0
I4210137813,I85507684,1,1,2023,W4389696050,1.0
I4210137813,I8636806,1,1,2023,W4389696050,1.0
I4210137873,I48379061,1,1,2023,W4377695098,1.0
I4210137873,I60668342,2,2,2023,W4377695098;W4387430183,0.5
I4210137873,I67009956,2,2,2023,W4377695098;W4387430183,0.5
I4210137873,I887968799,2,2,2023,W4377695098;W4387430183,0.5
I4210138199,I4210147263,1,1,2023,W4380686968,1.0
I4210138199,I5023651,1,1,2023,W4380686968,1.0
I4210138199,I5124864,1,1,2023,W4380686968,1.0
I4210138199,I5388228,1,1,2023,W4380686968,1.0
I4210138199,I54166199,1,1,2023,W4380686968,1.0
I4210138199,I63966007,1,1,2023,W4380686968,1.0
I4210138199,I95457486,1,1,2023,W4380686968,1.0
I4210138199,I95674353,1,1,2023,W4380686968,1.0
I4210138501,I4210149102,1,1,2023,W4385748583,1.0
I4210138519,I51556381,1,1,2023,W4390315357,1.0
I4210138519,I60205797,1,1,2023,W4390315357,1.0
I4210138519,I74973139,1,1,2023,W4390315357,1.0
I4210138519,I84392919,1,1,2023,W4390315357,1.0
I4210138632,I57206974,1,1,2023,W4382998379,1.0
I4210138632,I78577930,2,2,2023,W4382998379;W4382998416,0.5
I4210138632,I57093077,1,1,2023,W4382998416,1.0
I4210138654,I4387153495,1,1,2023,W4387327030,1.0
I4210138654,I71267560,1,1,2023,W4387327030,1.0
I4210138654,I872922937,1,1,2023,W4387327030,1.0
I4210138654,I8901234,1,1,2023,W4387327030,1.0
I4210138654,I900890020,1,1,2023,W4387327030,1.0
I4210139217,I95457486,1,1,2023,W4388835050,1.0
I4210139231,I4210147944,1,1,2023,W4315606663,1.0
I4210139231,I53107984,1,1,2023,W4315606663,1.0
I4210139231,I87216513,1,1,2023,W4315606663,1.0
I4210139231,I90523175,1,1,2023,W4315606663,1.0
I4210139347,I4210141715,1,1,2023,W4378905467,1.0
I4210139347,I4210165038,1,1,2023,W4378905467,1.0
I4210139347,I5023651,1,1,2023,W4378905467,1.0
I4210139347,I59270414,1,1,2023,W4378905467,1.0
I4210139347,I60200437,1,1,2023,W4378905467,1.0
I4210139347,I865915315,1,1,2023,W4378905467,1.0
I4210139347,I881766915,1,1,2023,W4378905467,1.0
I4210139347,I887064364,1,1,2023,W4378905467,1.0
I4210139347,I913481162,1,1,2023,W4378905467,1.0
I4210139483,I98702875,1,1,2023,W4323892465,1.0
I4210139618,I66867065,1,1,2023,W4391377904,1.0
I4210139777,I75951250,1,1,2023,W4388759569,1.0
I4210139777,I7877124,1,1,2023,W4388759569,1.0
I4210140114,I4210150574,1,1,2023,W4386697749,1.0
I4210140114,I43439940,1,1,2023,W4386697749,1.0
I4210140114,I45129253,1,1,2023,W4386697749,1.0
I4210140114,I7882870,1,1,2023,W4386697749,1.0
I4210140114,I79510175,1,1,2023,W4386697749,1.0
I4210140114,I79619799,1,1,2023,W4386697749,1.0
I4210140114,I84884186,1,1,2023,W4386697749,1.0
I4210140114,I98677209,1,1,2023,W4386697749,1.0
I4210140243,I4210151021,1,1,2023,W4386608660,1.0
I4210140243,I4391012619,1,1,2023,W4386608660,1.0
I4210140243,I55769427,1,1,2023,W4386608660,1.0
I4210140243,I859038795,1,1,2023,W4386608660,1.0
I4210140258,I94951947,1,1,2023,W4386475157,1.0
I4210140326,I47508984,1,1,2023,W4387807178,1.0
I4210140341,I74656192,1,1,2023,W4360796875,1.0
I4210140341,I74775410,1,1,2023,W4360796875,1.0
I4210140341,I8087733,1,1,2023,W4360796875,1.0
I4210140341,I97018004,1,1,2023,W4360796875,1.0
I4210140341,I45129253,1,1,2023,W4385570569,1.0
I4210140341,I889458895,1,1,2023,W4385570594,1.0
I4210140341,I55732556,2,2,2023,W4385572634;W4386566763,0.5
I4210140341,I78577930,1,1,2023,W4389523875,1.0
I4210140341,I4210164937,1,1,2023,W4390873086,1.0
I4210140341,I5388228,1,1,2023,W4390873086,1.0
I4210140379,I76569877,1,1,2023,W4360615980,1.0
I4210140380,I4210145102,1,1,2023,W4389403907,1.0
I4210140380,I4210153792,1,1,2023,W4389403907,1.0
I4210140380,I4210155092,1,1,2023,W4389403907,1.0
I4210140380,I44829897,1,1,2023,W4389403907,1.0
I4210140380,I51556381,1,1,2023,W4389403907,1.0
I4210140380,I57206974,1,1,2023,W4389403907,1.0
I4210140380,I88874673,1,1,2023,W4389403907,1.0
I4210140380,I90326151,1,1,2023,W4389403907,1.0
I4210140380,I97018004,1,1,2023,W4389403907,1.0
I4210140515,I85430964,1,1,2023,W4376870832,1.0
I4210140515,I91656880,1,1,2023,W4376870832,1.0
I4210140856,I4210141898,1,1,2023,W4383187389,1.0
I4210140856,I4210147442,1,1,2023,W4383187389,1.0
I4210140884,I4210149717,1,1,2023,W4386423073,1.0
I4210140884,I4210155647,1,1,2023,W4388496436,1.0
I4210141030,I4210147079,1,1,2023,W4323359744,1.0
I4210141030,I97018004,1,1,2023,W4323359744,1.0
I4210141205,I4210144697,1,1,2023,W4381165906,1.0
I4210141205,I4210157948,1,1,2023,W4381165906,1.0
I4210141205,I4210165745,1,1,2023,W4381165906,1.0
I4210141205,I4387152943,1,1,2023,W4381165906,1.0
I4210141205,I4387156329,1,1,2023,W4381165906,1.0
I4210141454,I75951250,1,1,2023,W4321610465,1.0
I4210141454,I83041322,1,1,2023,W4321610465,1.0
I4210141558,I872719,1,1,2023,W4391128915,1.0
I4210141667,I4210145659,1,1,2023,W4379052868,1.0
I4210141715,I4210165038,1,1,2023,W4378905467,1.0
I4210141715,I5023651,1,1,2023,W4378905467,1.0
I4210141715,I59270414,1,1,2023,W4378905467,1.0
I4210141715,I60200437,1,1,2023,W4378905467,1.0
I4210141715,I865915315,1,1,2023,W4378905467,1.0
I4210141715,I881766915,1,1,2023,W4378905467,1.0
I4210141715,I887064364,1,1,2023,W4378905467,1.0
I4210141715,I913481162,1,1,2023,W4378905467,1.0
I4210141898,I4210147442,1,1,2023,W4383187389,1.0
I4210142044,I86467917,1,1,2023,W4391092830,1.0
I4210142109,I55732556,1,1,2023,W4327860966,1.0
I4210142109,I96062909,1,1,2023,W4327860966,1.0
I4210142254,I4210160189,1,1,2023,W4385800714,1.0
I4210142362,I55892964,1,1,2023,W4389975480,1.0
I4210142372,I63966007,1,1,2023,W4380769213,1.0
I4210142372,I95457486,1,1,2023,W4380769213,1.0
I4210142395,I5400463,1,1,2023,W4383860339,1.0
I4210142478,I889458895,1,1,2023,W4386305288,1.0
I4210142583,I62916508,1,1,2023,W4390871736,1.0
I4210142635,I4210165038,2,2,2023,W4386065764;W4388428086,0.5
I4210142635,I881766915,2,2,2023,W4386065764;W4388428086,0.5
I4210142730,I4210150574,1,1,2023,W4388287351,1.0
I4210142730,I45129253,1,1,2023,W4388287351,1.0
I4210142730,I70931966,1,1,2023,W4388287351,1.0
I4210143330,I4210151091,1,1,2023,W4388347957,1.0
I4210143330,I4210153126,1,1,2023,W4388347957,1.0
I4210143330,I4210153139,1,1,2023,W4388347957,1.0
I4210143330,I4210156450,1,1,2023,W4388347957,1.0
I4210143330,I99464096,1,1,2023,W4388347957,1.0
I4210144697,I4210157948,1,1,2023,W4381165906,1.0
I4210144697,I4210165745,1,1,2023,W4381165906,1.0
I4210144697,I4387152943,1,1,2023,W4381165906,1.0
I4210144697,I4387156329,1,1,2023,W4381165906,1.0
I4210144755,I887064364,1,1,2023,W4388455152,1.0
I4210144804,I4210150358,1,1,2023,W4319322519,1.0
I4210144804,I4387154989,1,1,2023,W4319322519,1.0
I4210144839,I92528248,2,2,2023,W4321504560;W4382631598,0.5
I4210144839,I79765343,1,1,2023,W4380985699,1.0
I4210144839,I60342839,1,1,2023,W4382631598,1.0
I4210145006,I4210162646,2,2,2023,W4387232172;W4387236571,0.5
I4210145006,I4210164233,2,2,2023,W4387232172;W4387236571,0.5
I4210145006,I4389424196,2,2,2023,W4387232172;W4387236571,0.5
I4210145102,I4210165912,1,1,2023,W4385804983,1.0
I4210145102,I4210153792,1,1,2023,W4389403907,1.0
I4210145102,I4210155092,1,1,2023,W4389403907,1.0
I4210145102,I44829897,1,1,2023,W4389403907,1.0
I4210145102,I51556381,1,1,2023,W4389403907,1.0
I4210145102,I57206974,1,1,2023,W4389403907,1.0
I4210145102,I88874673,1,1,2023,W4389403907,1.0
I4210145102,I90326151,1,1,2023,W4389403907,1.0
I4210145102,I97018004,1,1,2023,W4389403907,1.0
I4210145203,I91935597,1,1,2023,W4316814893,1.0
I4210145292,I4210164332,1,1,2023,W4389430914,1.0
I4210145292,I76130692,1,1,2023,W4389430914,1.0
I4210145292,I916048824,1,1,2023,W4389430914,1.0
I4210145378,I4210166399,1,1,2023,W4361204756,1.0
I4210145378,I97018004,1,1,2023,W4361204756,1.0
I4210145543,I4210153211,1,1,2023,W4381743186,1.0
I4210145543,I544936282,1,1,2023,W4381743186,1.0
I4210145583,I97018004,1,1,2023,W4389132297,1.0
I4210145761,I4210165038,4,4,2023,W4380629073;W4385801140;W4390872366;W4390872822,0.25
I4210145761,I889458895,3,3,2023,W4380629073;W4386075985;W4390872366,0.3333333333333333
I4210145761,I98251732,1,1,2023,W4380629073,1.0
I4210145761,I45928872,1,1,2023,W4384642600,1.0
I4210145761,I76130692,1,1,2023,W4385638369,1.0
I4210145761,I78988378,1,1,2023,W4385638369,1.0
I4210145761,I90610280,1,1,2023,W4385638369,1.0
I4210145761,I99065089,1,1,2023,W4385638369,1.0
I4210145761,I82880672,2,2,2023,W4385801140;W4386076368,0.5
I4210145761,I4391012619,3,3,2023,W4386057769;W4386075985;W4390872366,0.3333333333333333
I4210145761,I881766915,2,2,2023,W4386057769;W4390872366,0.5
I4210145761,I6469544,1,1,2023,W4390872822,1.0
I4210145812,I74973139,1,1,2023,W4387023819,1.0
I4210145812,I78577930,1,1,2023,W4387023819,1.0
I4210145812,I99065089,1,1,2023,W4387023819,1.0
I4210145924,I4210156221,1,1,2023,W4387026748,1.0
I4210145924,I74614422,1,1,2023,W4387026748,1.0
I4210146430,I4210155937,1,1,2023,W4390135262,1.0
I4210146430,I4210160376,1,1,2023,W4390135262,1.0
I4210146690,I82880672,1,1,2023,W4387496544,1.0
I4210146710,I79576946,1,1,2023,W4378718543,1.0
I4210146710,I919571938,1,1,2023,W4378718543,1.0
I4210146710,I97018004,1,1,2023,W4378718543,1.0
I4210146710,I4210157781,2,2,2023,W4387642400;W4389903841,0.5
I4210146975,I9360294,1,1,2023,W4360957277,1.0
I4210146979,I5400463,2,2,2023,W4383737134;W4388725733,0.5
I4210147079,I97018004,1,1,2023,W4323359744,1.0
I4210147194,I80611190,1,1,2023,W4393058982,1.0
I4210147263,I5023651,2,2,2023,W4380686968;W4385671288,0.5
I4210147263,I5124864,2,2,2023,W4380686968;W4385671288,0.5
I4210147263,I5388228,2,2,2023,W4380686968;W4385671288,0.5
I4210147263,I54166199,1,1,2023,W4380686968,1.0
I4210147263,I63966007,2,2,2023,W4380686968;W4385671288,0.5
I4210147263,I95457486,2,2,2023,W4380686968;W4385671288,0.5
I4210147263,I95674353,2,2,2023,W4380686968;W4385671288,0.5
I4210147263,I4210149682,1,1,2023,W4385671288,1.0
I4210147381,I4210150290,1,1,2023,W4388007286,1.0
I4210147381,I4210162189,1,1,2023,W4388007286,1.0
I4210147381,I56590836,1,1,2023,W4388007286,1.0
I4210147944,I53107984,1,1,2023,W4315606663,1.0
I4210147944,I87216513,1,1,2023,W4315606663,1.0
I4210147944,I90523175,1,1,2023,W4315606663,1.0
I4210148186,I5023651,1,1,2023,W4386242327,1.0
I4210148356,I4210151833,1,1,2023,W4387780733,1.0
I4210148356,I887064364,1,1,2023,W4387780733,1.0
I4210148560,I4210157875,1,1,2023,W4387717533,1.0
I4210148693,I5518804,2,2,2023,W4376142471;W4412463333,0.5
I4210149102,I4391012619,1,1,2023,W4389474309,1.0
I4210149102,I80947539,1,1,2023,W4389474309,1.0
I4210149618,I63966007,1,1,2023,W4385314048,1.0
I4210149618,I889458895,1,1,2023,W4385314048,1.0
I4210149682,I5023651,1,1,2023,W4385671288,1.0
I4210149682,I5124864,1,1,2023,W4385671288,1.0
I4210149682,I5388228,1,1,2023,W4385671288,1.0
I4210149682,I63966007,1,1,2023,W4385671288,1.0
I4210149682,I95457486,1,1,2023,W4385671288,1.0
I4210149682,I95674353,1,1,2023,W4385671288,1.0
I4210149713,I4210150976,1,1,2023,W4386250819,1.0
I4210149713,I4210151020,1,1,2023,W4386250819,1.0
I4210149713,I44635919,1,1,2023,W4386250819,1.0
I4210149717,I66946132,1,1,2023,W4385374442,1.0
I4210150093,I4210162189,1,1,2023,W4368362817,1.0
I4210150093,I56590836,1,1,2023,W4368362817,1.0
I4210150093,I80281795,1,1,2023,W4368362817,1.0
I4210150093,I8204097,1,1,2023,W4368362817,1.0
I4210150093,I872623138,1,1,2023,W4368362817,1.0
I4210150093,I95457486,1,1,2023,W4368362817,1.0
I4210150093,I98259816,1,1,2023,W4368362817,1.0
I4210150290,I4210162189,1,1,2023,W4388007286,1.0
I4210150290,I56590836,1,1,2023,W4388007286,1.0
I4210150358,I4387154989,1,1,2023,W4319322519,1.0
I4210150450,I4210160517,1,1,2023,W4327981907,1.0
I4210150450,I45935490,1,1,2023,W4327981907,1.0
I4210150450,I52179390,1,1,2023,W4327981907,1.0
I4210150450,I62912653,1,1,2023,W4327981907,1.0
I4210150450,I80281795,1,1,2023,W4327981907,1.0
I4210150574,I45129253,4,4,2023,W4386572315;W4386697749;W4388287351;W4388922836,0.25
I4210150574,I51713134,1,1,2023,W4386572315,1.0
I4210150574,I97018004,1,1,2023,W4386572315,1.0
I4210150574,I98704320,1,1,2023,W4386572315,1.0
I4210150574,I43439940,1,1,2023,W4386697749,1.0
I4210150574,I7882870,1,1,2023,W4386697749,1.0
I4210150574,I79510175,1,1,2023,W4386697749,1.0
I4210150574,I79619799,1,1,2023,W4386697749,1.0
I4210150574,I84884186,1,1,2023,W4386697749,1.0
I4210150574,I98677209,1,1,2023,W4386697749,1.0
I4210150574,I70931966,1,1,2023,W4388287351,1.0
I4210150574,I4210155576,1,1,2023,W4388922836,1.0
I4210150574,I82880672,1,1,2023,W4388922836,1.0
I4210150574,I848706,1,1,2023,W4388922836,1.0
I4210150574,I98251732,1,1,2023,W4388922836,1.0
I4210150574,I98285908,1,1,2023,W4388922836,1.0
I4210150574,I99065089,1,1,2023,W4388922836,1.0
I4210150771,I52357470,1,1,2023,W4390874280,1.0
I4210150976,I4210151020,2,2,2023,W4386250786;W4386250819,0.5
I4210150976,I44635919,2,2,2023,W4386250786;W4386250819,0.5
I4210151020,I44635919,2,2,2023,W4386250786;W4386250819,0.5
I4210151021,I4391012619,1,1,2023,W4386608660,1.0
I4210151021,I55769427,1,1,2023,W4386608660,1.0
I4210151021,I859038795,1,1,2023,W4386608660,1.0
I4210151091,I4210153126,1,1,2023,W4388347957,1.0
I4210151091,I4210153139,1,1,2023,W4388347957,1.0
I4210151091,I4210156450,1,1,2023,W4388347957,1.0
I4210151091,I99464096,1,1,2023,W4388347957,1.0
I4210151290,I4210161436,1,1,2023,W4389696050,1.0
I4210151290,I49828101,1,1,2023,W4389696050,1.0
I4210151290,I51235708,1,1,2023,W4389696050,1.0
I4210151290,I54316950,1,1,2023,W4389696050,1.0
I4210151290,I73417466,1,1,2023,W4389696050,1.0
I4210151290,I80810150,1,1,2023,W4389696050,1.0
I4210151290,I83259278,1,1,2023,W4389696050,1.0
I4210151290,I83816512,1,1,2023,W4389696050,1.0
I4210151290,I85507684,1,1,2023,W4389696050,1.0
I4210151290,I8636806,1,1,2023,W4389696050,1.0
I4210151342,I4210153031,1,1,2023,W4388237833,1.0
I4210151342,I60134161,1,1,2023,W4388237833,1.0
I4210151342,I74801974,1,1,2023,W4388237833,1.0
I4210151375,I4210167039,1,1,2023,W4319300680,1.0
I4210151375,I4387153096,1,1,2023,W4319300680,1.0
I4210151378,I82462995,1,1,2023,W4323848232,1.0
I4210151378,I93131583,1,1,2023,W4323848232,1.0
I4210151458,I4210162141,1,1,2023,W4382239980,1.0
I4210151458,I4210164937,1,1,2023,W4389520391,1.0
I4210151618,I45129253,1,1,2023,W4387211299,1.0
I4210151627,I95457486,1,1,2023,W4386225154,1.0
I4210151833,I4387152927,1,1,2023,W4360806508,1.0
I4210151833,I865915315,1,1,2023,W4360806508,1.0
I4210151833,I887064364,2,2,2023,W4360806508;W4387780733,0.5
I4210151850,I4210157222,1,1,2023,W4385447813,1.0
I4210151850,I79576946,1,1,2023,W4385447813,1.0
I4210151850,I84340266,1,1,2023,W4385447813,1.0
I4210152047,I63966007,1,1,2023,W4383957026,1.0
I4210152047,I78577930,1,1,2023,W4383957026,1.0
I4210152127,I91045830,1,1,2023,W4389201667,1.0
I4210152177,I97018004,2,2,2023,W4376637715;W4380303125,0.5
I4210152232,I4210152536,1,1,2023,W4389519187,1.0
I4210152232,I4210155268,1,1,2023,W4389519187,1.0
I4210152232,I8826637,1,1,2023,W4389519187,1.0
I4210152474,I4210165038,1,1,2023,W4388212670,1.0
I4210152474,I99065089,1,1,2023,W4388212670,1.0
I4210152536,I4210155268,1,1,2023,W4389519187,1.0
I4210152536,I8826637,1,1,2023,W4389519187,1.0
I4210152718,I4387153068,1,1,2023,W4388019161,1.0
I4210153031,I60134161,1,1,2023,W4388237833,1.0
I4210153031,I74801974,1,1,2023,W4388237833,1.0
I4210153043,I4210165067,2,2,2023,W4363679378;W4378640065,0.5
I4210153043,I5740404,2,2,2023,W4363679378;W4378640065,0.5
I4210153043,I87710204,1,1,2023,W4363679378,1.0
I4210153043,I4210165424,1,1,2023,W4378640065,1.0
I4210153043,I75951250,1,1,2023,W4378640065,1.0
I4210153043,I7877124,1,1,2023,W4378640065,1.0
I4210153126,I4210153139,1,1,2023,W4388347957,1.0
I4210153126,I4210156450,1,1,2023,W4388347957,1.0
I4210153126,I99464096,1,1,2023,W4388347957,1.0
I4210153126,I5561750,1,1,2023,W4388896357,1.0
I4210153139,I4210156450,1,1,2023,W4388347957,1.0
I4210153139,I99464096,1,1,2023,W4388347957,1.0
I4210153211,I544936282,1,1,2023,W4381743186,1.0
I4210153274,I4210163399,1,1,2023,W4385302680,1.0
I4210153468,I4402554038,2,2,2023,W4360978668;W4382656966,0.5
I4210153468,I6059380,1,1,2023,W4366547999,1.0
I4210153468,I78577930,1,1,2023,W4366547999,1.0
I4210153468,I74973139,1,1,2023,W4387606803,1.0
I4210153468,I86519309,1,1,2023,W4387606803,1.0
I4210153468,I97018004,1,1,2023,W4387606803,1.0
I4210153546,I4210155419,1,1,2023,W4385490607,1.0
I4210153546,I4210164802,1,1,2023,W4385490607,1.0
I4210153546,I4210164862,1,1,2023,W4385490607,1.0
I4210153546,I4387153999,2,2,2023,W4385490607;W4387390369,0.5
I4210153546,I57206974,2,2,2023,W4385490607;W4387390369,0.5
I4210153546,I63966007,1,1,2023,W4385490607,1.0
I4210153546,I70931966,1,1,2023,W4385490607,1.0
I4210153546,I74973139,1,1,2023,W4385490607,1.0
I4210153546,I887064364,1,1,2023,W4385490607,1.0
I4210153546,I97018004,1,1,2023,W4385490607,1.0
I4210153550,I76569877,1,1,2023,W4388975763,1.0
I4210153550,I91656880,1,1,2023,W4388975763,1.0
I4210153550,I99065089,1,1,2023,W4388975763,1.0
I4210153682,I99065089,1,1,2023,W4389520468,1.0
I4210153777,I66946132,1,1,2023,W4389519884,1.0
I4210153792,I4210155092,1,1,2023,W4389403907,1.0
I4210153792,I44829897,1,1,2023,W4389403907,1.0
I4210153792,I51556381,1,1,2023,W4389403907,1.0
I4210153792,I57206974,1,1,2023,W4389403907,1.0
I4210153792,I88874673,1,1,2023,W4389403907,1.0
I4210153792,I90326151,1,1,2023,W4389403907,1.0
I4210153792,I97018004,1,1,2023,W4389403907,1.0
I4210154111,I4387153539,1,1,2023,W4388834475,1.0
I4210154218,I69552723,1,1,2023,W4387299593,1.0
I4210154218,I87482320,1,1,2023,W4390266739,1.0
I4210154224,I98285908,1,1,2023,W4385269969,1.0
I4210154361,I4210156804,1,1,2023,W4386392961,1.0
I4210154361,I4391012619,1,1,2023,W4386392961,1.0
I4210154887,I73142707,1,1,2023,W4388650545,1.0
I4210155092,I44829897,1,1,2023,W4389403907,1.0
I4210155092,I51556381,1,1,2023,W4389403907,1.0
I4210155092,I57206974,1,1,2023,W4389403907,1.0
I4210155092,I88874673,1,1,2023,W4389403907,1.0
I4210155092,I90326151,1,1,2023,W4389403907,1.0
I4210155092,I97018004,1,1,2023,W4389403907,1.0
I4210155268,I95457486,1,1,2023,W4318071656,1.0
I4210155268,I82880672,1,1,2023,W4321472314,1.0
I4210155268,I87216513,1,1,2023,W4321472314,1.0
I4210155268,I99043593,1,1,2023,W4321472314,1.0
I4210155268,I86519309,1,1,2023,W4385572201,1.0
I4210155268,I8826637,1,1,2023,W4389519187,1.0
I4210155350,I4392021250,1,1,2023,W4387415166,1.0
I4210155399,I861853513,1,1,2023,W4387491382,1.0
I4210155410,I75357094,1,1,2023,W4385548927,1.0
I4210155410,I91807558,1,1,2023,W4385548927,1.0
I4210155419,I4210164802,1,1,2023,W4385490607,1.0
I4210155419,I4210164862,1,1,2023,W4385490607,1.0
I4210155419,I4387153999,1,1,2023,W4385490607,1.0
I4210155419,I57206974,1,1,2023,W4385490607,1.0
I4210155419,I63966007,1,1,2023,W4385490607,1.0
I4210155419,I70931966,1,1,2023,W4385490607,1.0
I4210155419,I74973139,1,1,2023,W4385490607,1.0
I4210155419,I887064364,1,1,2023,W4385490607,1.0
I4210155419,I97018004,1,1,2023,W4385490607,1.0
I4210155419,I4210157861,1,1,2023,W4389740440,1.0
I4210155576,I45129253,1,1,2023,W4388922836,1.0
I4210155576,I82880672,1,1,2023,W4388922836,1.0
I4210155576,I848706,1,1,2023,W4388922836,1.0
I4210155576,I98251732,1,1,2023,W4388922836,1.0
I4210155576,I98285908,1,1,2023,W4388922836,1.0
I4210155576,I99065089,1,1,2023,W4388922836,1.0
I4210155582,I5023651,2,2,2023,W4389518708;W4389524193,0.5
I4210155582,I70931966,1,1,2023,W4389518708,1.0
I4210155582,I83019370,1,1,2023,W4389518708,1.0
I4210155582,I874792244,1,1,2023,W4389518708,1.0
I4210155582,I74973139,1,1,2023,W4389524193,1.0
I4210155607,I48430043,1,1,2023,W4388416602,1.0
I4210155937,I4210160376,1,1,2023,W4390135262,1.0
I4210156156,I67357951,1,1,2023,W4391341917,1.0
I4210156165,I46305995,1,1,2023,W4387162866,1.0
I4210156221,I91712215,1,1,2023,W4385569970,1.0
I4210156221,I74614422,1,1,2023,W4387026748,1.0
I4210156404,I4210165038,2,2,2023,W4389520142;W4399119527,0.5
I4210156450,I99464096,1,1,2023,W4388347957,1.0
I4210156583,I59553526,1,1,2023,W4389514989,1.0
I4210156583,I97018004,1,1,2023,W4389636360,1.0
I4210156804,I4391012619,1,1,2023,W4386392961,1.0
I4210157222,I79576946,1,1,2023,W4385447813,1.0
I4210157222,I84340266,1,1,2023,W4385447813,1.0
I4210157426,I4210159968,1,1,2023,W4386142022,1.0
I4210157426,I52590639,1,1,2023,W4386142022,1.0
I4210157426,I67357951,1,1,2023,W4386142022,1.0
I4210157426,I74796645,1,1,2023,W4386142022,1.0
I4210157426,I861853513,2,2,2023,W4386142022;W4389291038,0.5
I4210157642,I76569877,1,1,2023,W4323922772,1.0
I4210157730,I4389424196,1,1,2023,W4389235056,1.0
I4210157730,I47500176,1,1,2023,W4389235056,1.0
I4210157730,I5791819,1,1,2023,W4389235056,1.0
I4210157730,I61923386,1,1,2023,W4389235056,1.0
I4210157730,I80018011,1,1,2023,W4389235056,1.0
I4210157781,I4210165038,1,1,2023,W4323349483,1.0
I4210157781,I87445476,2,2,2023,W4362655923;W4385988359,0.5
I4210157781,I88830068,2,2,2023,W4362655923;W4385988359,0.5
I4210157781,I4391012619,1,1,2023,W4387211900,1.0
I4210157890,I51556381,1,1,2023,W4378640177,1.0
I4210157948,I4210165745,1,1,2023,W4381165906,1.0
I4210157948,I4387152943,1,1,2023,W4381165906,1.0
I4210157948,I4387156329,1,1,2023,W4381165906,1.0
I4210158057,I74319210,1,1,2023,W4362586487,1.0
I4210158057,I75535952,1,1,2023,W4362586487,1.0
I4210158057,I932239252,1,1,2023,W4386984123,1.0
I4210159102,I4391012619,2,2,2023,W4389764468;W4390872147,0.5
I4210159102,I78988378,1,1,2023,W4389764468,1.0
I4210159102,I889458895,2,2,2023,W4389764468;W4390872147,0.5
I4210159102,I99065089,1,1,2023,W4389764468,1.0
I4210159102,I881766915,1,1,2023,W4390872147,1.0
I4210159102,I47508984,1,1,2023,W4390872725,1.0
I4210159937,I51713134,1,1,2023,W4367368990,1.0
I4210159968,I69356397,2,2,2023,W4382053748;W4385814146,0.5
I4210159968,I52590639,1,1,2023,W4386142022,1.0
I4210159968,I67357951,1,1,2023,W4386142022,1.0
I4210159968,I74796645,1,1,2023,W4386142022,1.0
I4210159968,I861853513,1,1,2023,W4386142022,1.0
I4210160192,I4210165024,1,1,2023,W4317952812,1.0
I4210160192,I45129253,1,1,2023,W4317952812,1.0
I4210160192,I47508984,1,1,2023,W4317952812,1.0
I4210160192,I71999127,1,1,2023,W4317952812,1.0
I4210160192,I84884186,1,1,2023,W4317952812,1.0
I4210160517,I45935490,1,1,2023,W4327981907,1.0
I4210160517,I52179390,1,1,2023,W4327981907,1.0
I4210160517,I62912653,1,1,2023,W4327981907,1.0
I4210160517,I80281795,1,1,2023,W4327981907,1.0
I4210160793,I4210165038,1,1,2023,W4390100481,1.0
I4210161109,I79619799,1,1,2023,W4384561707,1.0
I4210161256,I98251732,1,1,2023,W4388625750,1.0
I4210161436,I49828101,1,1,2023,W4389696050,1.0
I4210161436,I51235708,1,1,2023,W4389696050,1.0
I4210161436,I54316950,1,1,2023,W4389696050,1.0
I4210161436,I73417466,1,1,2023,W4389696050,1.0
I4210161436,I80810150,1,1,2023,W4389696050,1.0
I4210161436,I83259278,1,1,2023,W4389696050,1.0
I4210161436,I83816512,1,1,2023,W4389696050,1.0
I4210161436,I85507684,1,1,2023,W4389696050,1.0
I4210161436,I8636806,1,1,2023,W4389696050,1.0
I4210161460,I58236372,1,1,2023,W4381512789,1.0
I4210161460,I4210164802,1,1,2023,W4387195417,1.0
I4210161471,I76130692,1,1,2023,W4384807951,1.0
I4210161528,I889458895,1,1,2023,W4387226011,1.0
I4210161994,I4210164862,1,1,2023,W4386447283,1.0
I4210162051,I887968799,3,3,2023,W4372336638;W4387500346;W4389792145,0.3333333333333333
I4210162051,I62916508,1,1,2023,W4387500346,1.0
I4210162051,I78650965,2,2,2023,W4387500346;W4389792145,0.5
I4210162051,I4210165059,1,1,2023,W4389792145,1.0
I4210162051,I75951250,1,1,2023,W4389792145,1.0
I4210162051,I7877124,1,1,2023,W4389792145,1.0
I4210162189,I56590836,2,2,2023,W4368362817;W4388007286,0.5
I4210162189,I80281795,1,1,2023,W4368362817,1.0
I4210162189,I8204097,1,1,2023,W4368362817,1.0
I4210162189,I872623138,1,1,2023,W4368362817,1.0
I4210162189,I95457486,1,1,2023,W4368362817,1.0
I4210162189,I98259816,1,1,2023,W4368362817,1.0
I4210162197,I61628605,1,1,2023,W4386046428,1.0
I4210162197,I921990950,1,1,2023,W4386046428,1.0
I4210162197,I97018004,1,1,2023,W4386046428,1.0
I4210162646,I4210164233,2,2,2023,W4387232172;W4387236571,0.5
I4210162646,I4389424196,2,2,2023,W4387232172;W4387236571,0.5
I4210163196,I51441396,1,1,2023,W4385688511,1.0
I4210163196,I76198965,1,1,2023,W4385688511,1.0
I4210163196,I887064364,1,1,2023,W4385688511,1.0
I4210163196,I926574661,1,1,2023,W4385688511,1.0
I4210164146,I66946132,1,1,2023,W4389736946,1.0
I4210164146,I889937125,1,1,2023,W4389736946,1.0
I4210164146,I95457486,1,1,2023,W4389736946,1.0
I4210164146,I97018004,1,1,2023,W4389736946,1.0
I4210164233,I4389424196,2,2,2023,W4387232172;W4387236571,0.5
I4210164332,I76130692,1,1,2023,W4389430914,1.0
I4210164332,I916048824,1,1,2023,W4389430914,1.0
I4210164424,I876193797,2,2,2023,W4383711355;W4389237785,0.5
I4210164802,I4210164862,1,1,2023,W4385490607,1.0
I4210164802,I4387153999,1,1,2023,W4385490607,1.0
I4210164802,I57206974,1,1,2023,W4385490607,1.0
I4210164802,I63966007,1,1,2023,W4385490607,1.0
I4210164802,I70931966,3,3,2023,W4385490607;W4388002357;W4388008069,0.3333333333333333
I4210164802,I74973139,1,1,2023,W4385490607,1.0
I4210164802,I887064364,1,1,2023,W4385490607,1.0
I4210164802,I97018004,1,1,2023,W4385490607,1.0
I4210164802,I45129253,1,1,2023,W4388002357,1.0
I4210164802,I80281795,1,1,2023,W4388002357,1.0
I4210164802,I95457486,2,2,2023,W4388002357;W4388008069,0.5
I4210164862,I97018004,3,3,2023,W4327909454;W4377966413;W4385490607,0.3333333333333333
I4210164862,I98704320,1,1,2023,W4327909454,1.0
I4210164862,I4387153999,1,1,2023,W4385490607,1.0
I4210164862,I57206974,1,1,2023,W4385490607,1.0
I4210164862,I63966007,1,1,2023,W4385490607,1.0
I4210164862,I70931966,1,1,2023,W4385490607,1.0
I4210164862,I74973139,1,1,2023,W4385490607,1.0
I4210164862,I887064364,1,1,2023,W4385490607,1.0
I4210164937,I45129253,3,3,2023,W4365601419;W4387773936;W4389983866,0.3333333333333333
I4210164937,I74973139,2,2,2023,W4365601419;W4366732882,0.5
I4210164937,I84218800,1,1,2023,W4384345635,1.0
I4210164937,I78988378,1,1,2023,W4386075767,1.0
I4210164937,I78577930,1,1,2023,W4386076027,1.0
I4210164937,I75951250,1,1,2023,W4386568614,1.0
I4210164937,I887064364,1,1,2023,W4386568614,1.0
I4210164937,I95457486,2,2,2023,W4389165057;W4389519108,0.5
I4210164937,I68891433,1,1,2023,W4389519108,1.0
I4210164937,I98677209,1,1,2023,W4389983866,1.0
I4210164937,I5388228,1,1,2023,W4390873086,1.0
I4210164937,I99065089,1,1,2023,W4391054939,1.0
I4210165024,I45129253,1,1,2023,W4317952812,1.0
I4210165024,I47508984,1,1,2023,W4317952812,1.0
I4210165024,I71999127,1,1,2023,W4317952812,1.0
I4210165024,I84884186,1,1,2023,W4317952812,1.0
I4210165038,I4391012619,5,5,2023,W4322730935;W4386918932;W4389524159;W4390872366;W4391768897,0.2
I4210165038,I57093077,1,1,2023,W4367595583,1.0
I4210165038,I5023651,1,1,2023,W4378905467,1.0
I4210165038,I59270414,1,1,2023,W4378905467,1.0
I4210165038,I60200437,1,1,2023,W4378905467,1.0
I4210165038,I865915315,1,1,2023,W4378905467,1.0
I4210165038,I881766915,6,6,2023,W4378905467;W4386065764;W4386066025;W4388428080;W4388428086;W4390872366,0.16666666666666666
I4210165038,I887064364,1,1,2023,W4378905467,1.0
I4210165038,I913481162,1,1,2023,W4378905467,1.0
I4210165038,I889458895,2,2,2023,W4380629073;W4390872366,0.5
I4210165038,I98251732,1,1,2023,W4380629073,1.0
I4210165038,I82880672,2,2,2023,W4385801140;W4388483128,0.5
I4210165038,I98301712,2,2,2023,W4386066025;W4388428080,0.5
I4210165038,I4210167311,1,1,2023,W4387122971,1.0
I4210165038,I99065089,2,2,2023,W4387968686;W4388212670,0.5
I4210165038,I99041443,1,1,2023,W4390284969,1.0
I4210165038,I6469544,1,1,2023,W4390872822,1.0
I4210165038,I76130692,1,1,2023,W4390872876,1.0
I4210165059,I75951250,1,1,2023,W4389792145,1.0
I4210165059,I78650965,1,1,2023,W4389792145,1.0
I4210165059,I7877124,1,1,2023,W4389792145,1.0
I4210165059,I887968799,1,1,2023,W4389792145,1.0
I4210165067,I5740404,2,2,2023,W4363679378;W4378640065,0.5
I4210165067,I87710204,1,1,2023,W4363679378,1.0
I4210165067,I4210165424,1,1,2023,W4378640065,1.0
I4210165067,I75951250,1,1,2023,W4378640065,1.0
I4210165067,I7877124,1,1,2023,W4378640065,1.0
I4210165424,I5740404,1,1,2023,W4378640065,1.0
I4210165424,I75951250,1,1,2023,W4378640065,1.0
I4210165424,I7877124,1,1,2023,W4378640065,1.0
I4210165745,I4387152943,1,1,2023,W4381165906,1.0
I4210165745,I4387156329,1,1,2023,W4381165906,1.0
I4210166029,I4387152983,1,1,2023,W4372348374,1.0
I4210166112,I56934997,1,1,2023,W4386275830,1.0
I4210166399,I97018004,1,1,2023,W4361204756,1.0
I4210166566,I74801974,1,1,2023,W4387042024,1.0
I4210166615,I43439940,1,1,2023,W4384069115,1.0
I4210166615,I99682543,1,1,2023,W4387793519,1.0
I4210166741,I73142707,1,1,2023,W4386729952,1.0
I4210166741,I98358874,1,1,2023,W4386729952,1.0
I4210166946,I47251452,1,1,2023,W4377010595,1.0
I4210167039,I4387153096,1,1,2023,W4319300680,1.0
I4210167080,I4396570515,1,1,2023,W4389523833,1.0
I4210167126,I4387154595,1,1,2023,W4384457683,1.0
I4210167126,I63966007,2,2,2023,W4384457683;W4389917881,0.5
I4210167126,I97018004,2,2,2023,W4384457683;W4389917881,0.5
I42134832,I97018004,1,1,2023,W4389165073,1.0
I42894916,I51556381,1,1,2023,W4388483049,1.0
I42894916,I79891267,1,1,2023,W4388483049,1.0
I42894916,I881766915,1,1,2023,W4388483049,1.0
I42894916,I53592917,2,2,2023,W4388483380;W4390051886,0.5
I42934936,I9224006,1,1,2023,W4387823534,1.0
I42934936,I97018004,1,1,2023,W4387823534,1.0
I42934936,I56085075,1,1,2023,W4389519188,1.0
I42934936,I887064364,1,1,2023,W4389519188,1.0
I42934936,I98677209,1,1,2023,W4389519188,1.0
I43406934,I94722563,1,1,2023,W4385749731,1.0
I43439940,I51601045,1,1,2023,W4322755662,1.0
I43439940,I887968799,1,1,2023,W4322755662,1.0
I43439940,I45129253,1,1,2023,W4386697749,1.0
I43439940,I7882870,1,1,2023,W4386697749,1.0
I43439940,I79510175,1,1,2023,W4386697749,1.0
I43439940,I79619799,1,1,2023,W4386697749,1.0
I43439940,I84884186,1,1,2023,W4386697749,1.0
I43439940,I98677209,1,1,2023,W4386697749,1.0
I4387152206,I45294948,1,1,2023,W4386211085,1.0
I4387152206,I61923386,1,1,2023,W4386211085,1.0
I4387152206,I63739035,1,1,2023,W4386211085,1.0
I4387152517,I74973139,1,1,2023,W4390035079,1.0
I4387152927,I865915315,1,1,2023,W4360806508,1.0
I4387152927,I887064364,1,1,2023,W4360806508,1.0
I4387152943,I4387156329,1,1,2023,W4381165906,1.0
I4387153077,I70640408,1,1,2023,W4388858816,1.0
I4387153386,I74973139,1,1,2023,W4382567209,1.0
I4387153386,I91136226,1,1,2023,W4382567209,1.0
I4387153386,I94658018,1,1,2023,W4382567209,1.0
I4387153466,I75917431,1,1,2023,W4313453247,1.0
I4387153466,I55302922,6,6,2023,W4320709434;W4366368023;W4379094566;W4386772055;W4387014587;W4390277067,0.16666666666666666
I4387153466,I94734805,2,2,2023,W4320709434;W4387014587,0.5
I4387153466,I57206974,1,1,2023,W4322492105,1.0
I4387153466,I79576946,1,1,2023,W4366580365,1.0
I4387153466,I78577930,2,2,2023,W4366823941;W4386120650,0.5
I4387153466,I86519309,2,2,2023,W4366823941;W4386120650,0.5
I4387153466,I867280407,1,1,2023,W4386120650,1.0
I4387153466,I91045830,1,1,2023,W4386772055,1.0
I4387153466,I63966007,1,1,2023,W4389213050,1.0
I4387153495,I71267560,1,1,2023,W4387327030,1.0
I4387153495,I872922937,1,1,2023,W4387327030,1.0
I4387153495,I8901234,1,1,2023,W4387327030,1.0
I4387153495,I900890020,1,1,2023,W4387327030,1.0
I4387153999,I57206974,2,2,2023,W4385490607;W4387390369,0.5
I4387153999,I63966007,1,1,2023,W4385490607,1.0
I4387153999,I70931966,1,1,2023,W4385490607,1.0
I4387153999,I74973139,1,1,2023,W4385490607,1.0
I4387153999,I887064364,1,1,2023,W4385490607,1.0
I4387153999,I97018004,1,1,2023,W4385490607,1.0
I4387154592,I4387154816,1,1,2023,W4390432359,1.0
I4387154595,I63966007,1,1,2023,W4384457683,1.0
I4387154595,I97018004,1,1,2023,W4384457683,1.0
I4387154749,I76957882,1,1,2023,W4363650973,1.0
I4387154989,I59130452,1,1,2023,W4388722291,1.0
I4387154989,I98704320,1,1,2023,W4388722291,1.0
I4387155932,I9360294,2,2,2023,W4321022177;W4381572755,0.5
I4387155932,I51556381,1,1,2023,W4387508266,1.0
I4387155932,I70931966,1,1,2023,W4387508266,1.0
I4387156409,I98358874,1,1,2023,W4384520874,1.0
I4387930215,I55285296,1,1,2023,W4387379065,1.0
I4387930215,I56007636,1,1,2023,W4387379065,1.0
I4387930215,I60342839,1,1,2023,W4387379065,1.0
I4387930215,I68891433,1,1,2023,W4387379065,1.0
I4387930215,I79156528,1,1,2023,W4387379065,1.0
I4387930215,I931278978,1,1,2023,W4387379065,1.0
I4387930215,I931681460,1,1,2023,W4387379065,1.0
I4387930215,I96413208,1,1,2023,W4387379065,1.0
I4388891792,I44265643,1,1,2023,W4317541737,1.0
I4388891891,I45928872,1,1,2023,W4382998948,1.0
I4388891891,I75867142,1,1,2023,W4382998948,1.0
I4388891891,I867280407,2,2,2023,W4382998948;W4387757480,0.5
I4389424196,I47500176,2,2,2023,W4389235056;W4389937130,0.5
I4389424196,I5791819,2,2,2023,W4389235056;W4389937130,0.5
I4389424196,I61923386,2,2,2023,W4389235056;W4389937130,0.5
I4389424196,I80018011,1,1,2023,W4389235056,1.0
I4389424196,I45129253,1,1,2023,W4392669797,1.0
I4389424196,I52357470,1,1,2023,W4392669797,1.0
I4389424196,I68891433,1,1,2023,W4392669797,1.0
I4389424196,I78577930,1,1,2023,W4392669797,1.0
I4389424196,I99065089,1,1,2023,W4392669797,1.0
I4390039323,I4394709253,1,1,2023,W4360620450,1.0
I4390039323,I44430492,1,1,2023,W4360620450,1.0
I4390039323,I47818738,1,1,2023,W4360620450,1.0
I4390039323,I55060895,1,1,2023,W4360620450,1.0
I4390039323,I63098007,1,1,2023,W4360620450,1.0
I4390039323,I68891433,1,1,2023,W4360620450,1.0
I4390039323,I71052956,1,1,2023,W4360620450,1.0
I4390039323,I78715868,1,1,2023,W4360620450,1.0
I4390039323,I80281795,1,1,2023,W4360620450,1.0
I4390039323,I91136226,1,1,2023,W4360620450,1.0
I4390039323,I9300472,1,1,2023,W4360620450,1.0
I4390039323,I931969281,1,1,2023,W4360620450,1.0
I4390039323,I9360294,1,1,2023,W4360620450,1.0
I4390039323,I98358874,1,1,2023,W4360620450,1.0
I4390039331,I94062374,1,1,2023,W4388725043,1.0
I4391012619,I5388228,1,1,2023,W4366341968,1.0
I4391012619,I99065089,6,6,2023,W4366341968;W4386076222;W4386076508;W4389518895;W4389764468;W4391769682,0.16666666666666666
I4391012619,I881766915,4,4,2023,W4386057769;W4386076222;W4390872147;W4390872366,0.25
I4391012619,I889458895,5,5,2023,W4386075985;W4389764468;W4390872147;W4390872366;W4390873752,0.2
I4391012619,I4402554026,1,1,2023,W4386076222,1.0
I4391012619,I76130692,2,2,2023,W4386076403;W4386973803,0.5
I4391012619,I86519309,1,1,2023,W4386076529,1.0
I4391012619,I55769427,1,1,2023,W4386608660,1.0
I4391012619,I859038795,1,1,2023,W4386608660,1.0
I4391012619,I50760025,1,1,2023,W4386973803,1.0
I4391012619,I82880672,1,1,2023,W4388936927,1.0
I4391012619,I80947539,1,1,2023,W4389474309,1.0
I4391012619,I78988378,1,1,2023,W4389764468,1.0
I4391767831,I55732556,1,1,2023,W4387113757,1.0
I4391768043,I4800084,1,1,2023,W4385346108,1.0
I4391768102,I5681781,1,1,2023,W4322743583,1.0
I4391768102,I82951845,1,1,2023,W4322743583,1.0
I4391768151,I917207718,2,2,2023,W4381104068;W4387628939,0.5
I4391768151,I63966007,1,1,2023,W4387628939,1.0
I4392021234,I60053951,1,1,2023,W4382136016,1.0
I43922553,I98301712,1,1,2023,W4386075639,1.0
I4392738276,I62916508,1,1,2023,W4390874627,1.0
I4392738276,I82880672,1,1,2023,W4390874627,1.0
I4394709130,I55769427,1,1,2023,W4387747149,1.0
I4394709130,I63135867,1,1,2023,W4387747149,1.0
I4394709253,I44430492,1,1,2023,W4360620450,1.0
I4394709253,I47818738,1,1,2023,W4360620450,1.0
I4394709253,I55060895,1,1,2023,W4360620450,1.0
I4394709253,I63098007,1,1,2023,W4360620450,1.0
I4394709253,I68891433,1,1,2023,W4360620450,1.0
I4394709253,I71052956,1,1,2023,W4360620450,1.0
I4394709253,I78715868,1,1,2023,W4360620450,1.0
I4394709253,I80281795,1,1,2023,W4360620450,1.0
I4394709253,I91136226,1,1,2023,W4360620450,1.0
I4394709253,I9300472,1,1,2023,W4360620450,1.0
I4394709253,I931969281,1,1,2023,W4360620450,1.0
I4394709253,I9360294,1,1,2023,W4360620450,1.0
I4394709253,I98358874,1,1,2023,W4360620450,1.0
I4401726859,I9796191,1,1,2023,W4386071613,1.0
I4401726859,I91807558,1,1,2023,W4389334989,1.0
I4401726859,I98301712,1,1,2023,W4389506861,1.0
I4401726909,I51441396,1,1,2023,W4317937814,1.0
I4401726909,I76198965,1,1,2023,W4317937814,1.0
I4401726909,I926574661,2,2,2023,W4317937814;W4385570455,0.5
I4401726909,I861853513,1,1,2023,W4385570455,1.0
I4401726920,I99065089,1,1,2023,W4321766409,1.0
I4402554026,I881766915,1,1,2023,W4386076222,1.0
I4402554026,I99065089,1,1,2023,W4386076222,1.0
I4403386549,I8204097,3,3,2023,W4378419607;W4386693657;W4387356888,0.3333333333333333
I4403386549,I62916508,1,1,2023,W4386693657,1.0
I4403928327,I64180646,1,1,2023,W4388409567,1.0
I4403928327,I64492213,1,1,2023,W4388409567,1.0
I44430492,I47818738,1,1,2023,W4360620450,1.0
I44430492,I55060895,1,1,2023,W4360620450,1.0
I44430492,I63098007,1,1,2023,W4360620450,1.0
I44430492,I68891433,1,1,2023,W4360620450,1.0
I44430492,I71052956,1,1,2023,W4360620450,1.0
I44430492,I78715868,1,1,2023,W4360620450,1.0
I44430492,I80281795,1,1,2023,W4360620450,1.0
I44430492,I91136226,1,1,2023,W4360620450,1.0
I44430492,I9300472,1,1,2023,W4360620450,1.0
I44430492,I931969281,1,1,2023,W4360620450,1.0
I44430492,I9360294,1,1,2023,W4360620450,1.0
I44430492,I98358874,1,1,2023,W4360620450,1.0
I44461941,I82497590,3,3,2023,W4383753323;W4387412926;W4392158858,0.3333333333333333
I44829897,I51556381,1,1,2023,W4389403907,1.0
I44829897,I57206974,1,1,2023,W4389403907,1.0
I44829897,I88874673,1,1,2023,W4389403907,1.0
I44829897,I90326151,1,1,2023,W4389403907,1.0
I44829897,I97018004,1,1,2023,W4389403907,1.0
I45084792,I96698942,1,1,2023,W4388503650,1.0
I45129253,I47508984,1,1,2023,W4317952812,1.0
I45129253,I71999127,1,1,2023,W4317952812,1.0
I45129253,I84884186,2,2,2023,W4317952812;W4386697749,0.5
I45129253,I74973139,1,1,2023,W4365601419,1.0
I45129253,I879689382,1,1,2023,W4382567298,1.0
I45129253,I51713134,1,1,2023,W4386572315,1.0
I45129253,I97018004,1,1,2023,W4386572315,1.0
I45129253,I98704320,1,1,2023,W4386572315,1.0
I45129253,I7882870,1,1,2023,W4386697749,1.0
I45129253,I79510175,1,1,2023,W4386697749,1.0
I45129253,I79619799,1,1,2023,W4386697749,1.0
I45129253,I98677209,2,2,2023,W4386697749;W4389983866,0.5
I45129253,I70931966,2,2,2023,W4388002357;W4388287351,0.5
I45129253,I80281795,1,1,2023,W4388002357,1.0
I45129253,I95457486,1,1,2023,W4388002357,1.0
I45129253,I82880672,1,1,2023,W4388922836,1.0
I45129253,I848706,1,1,2023,W4388922836,1.0
I45129253,I98251732,1,1,2023,W4388922836,1.0
I45129253,I98285908,1,1,2023,W4388922836,1.0
I45129253,I99065089,2,2,2023,W4388922836;W4392669797,0.5
I45129253,I52357470,1,1,2023,W4392669797,1.0
I45129253,I68891433,1,1,2023,W4392669797,1.0
I45129253,I78577930,1,1,2023,W4392669797,1.0
I45294948,I61923386,1,1,2023,W4386211085,1.0
I45294948,I63739035,1,1,2023,W4386211085,1.0
I45438204,I8078737,1,1,2023,W4384788104,1.0
I4577782,I887968799,1,1,2023,W4360980513,1.0
I45928872,I63966007,1,1,2023,W4320914811,1.0
I45928872,I99065089,1,1,2023,W4320914811,1.0
I45928872,I76569877,1,1,2023,W4381327576,1.0
I45928872,I75867142,1,1,2023,W4382998948,1.0
I45928872,I867280407,1,1,2023,W4382998948,1.0
I45928872,I82880672,1,1,2023,W4385681340,1.0
I45928872,I47720641,1,1,2023,W4385982225,1.0
I45928872,I90610280,2,2,2023,W4385982225;W4389524329,0.5
I45928872,I76130692,1,1,2023,W4389520406,1.0
I45935490,I52179390,1,1,2023,W4327981907,1.0
I45935490,I62912653,1,1,2023,W4327981907,1.0
I45935490,I80281795,1,1,2023,W4327981907,1.0
I46000314,I46017,1,1,2023,W4385379547,1.0
I4626487,I5847235,1,1,2023,W4328124430,1.0
I464993,I79516672,1,1,2023,W4388025354,1.0
I46597724,I63966007,1,1,2023,W4379520927,1.0
I47164929,I72264486,3,3,2023,W4380989166;W4382280195;W4386838079,0.3333333333333333
I47164929,I82952536,1,1,2023,W4386838079,1.0
I47500176,I5791819,3,3,2023,W4382680046;W4389235056;W4389937130,0.3333333333333333
I47500176,I61923386,3,3,2023,W4382680046;W4389235056;W4389937130,0.3333333333333333
I47500176,I80018011,1,1,2023,W4389235056,1.0
I47508984,I71999127,1,1,2023,W4317952812,1.0
I47508984,I84884186,1,1,2023,W4317952812,1.0
I47508984,I76835614,1,1,2023,W4386973901,1.0
I47508984,I889458895,2,2,2023,W4386973901;W4388035208,0.5
I47508984,I97018004,1,1,2023,W4386973901,1.0
I47605537,I889458895,2,2,2023,W4318457133;W4386428294,0.5
I47720641,I90610280,3,3,2023,W4385982225;W4386076109;W4386567020,0.3333333333333333
I47720641,I76130692,1,1,2023,W4386076522,1.0
I47818738,I55060895,1,1,2023,W4360620450,1.0
I47818738,I63098007,1,1,2023,W4360620450,1.0
I47818738,I68891433,1,1,2023,W4360620450,1.0
I47818738,I71052956,1,1,2023,W4360620450,1.0
I47818738,I78715868,1,1,2023,W4360620450,1.0
I47818738,I80281795,1,1,2023,W4360620450,1.0
I47818738,I91136226,1,1,2023,W4360620450,1.0
I47818738,I9300472,1,1,2023,W4360620450,1.0
I47818738,I931969281,1,1,2023,W4360620450,1.0
I47818738,I9360294,1,1,2023,W4360620450,1.0
I47818738,I98358874,1,1,2023,W4360620450,1.0
I47838141,I52357470,1,1,2023,W4392025629,1.0
I4800084,I66867065,1,1,2023,W4385570088,1.0
I4800084,I79891267,2,2,2023,W4385570088;W4389524317,0.5
I48018076,I79817857,1,1,2023,W4386729081,1.0
I48018076,I93131583,1,1,2023,W4386729081,1.0
I48018076,I59805279,1,1,2023,W4389524379,1.0
I48018076,I97018004,1,1,2023,W4389524379,1.0
I48379061,I60668342,1,1,2023,W4377695098,1.0
I48379061,I67009956,1,1,2023,W4377695098,1.0
I48379061,I887968799,1,1,2023,W4377695098,1.0
I4921948,I97018004,1,1,2023,W4389795202,1.0
I49828101,I51235708,1,1,2023,W4389696050,1.0
I49828101,I54316950,1,1,2023,W4389696050,1.0
I49828101,I73417466,1,1,2023,W4389696050,1.0
I49828101,I80810150,1,1,2023,W4389696050,1.0
I49828101,I83259278,1,1,2023,W4389696050,1.0
I49828101,I83816512,1,1,2023,W4389696050,1.0
I49828101,I85507684,1,1,2023,W4389696050,1.0
I49828101,I8636806,1,1,2023,W4389696050,1.0
I5023651,I59270414,1,1,2023,W4378905467,1.0
I5023651,I60200437,1,1,2023,W4378905467,1.0
I5023651,I865915315,1,1,2023,W4378905467,1.0
I5023651,I881766915,1,1,2023,W4378905467,1.0
I5023651,I887064364,1,1,2023,W4378905467,1.0
I5023651,I913481162,1,1,2023,W4378905467,1.0
I5023651,I5124864,2,2,2023,W4380686968;W4385671288,0.5
I5023651,I5388228,2,2,2023,W4380686968;W4385671288,0.5
I5023651,I54166199,1,1,2023,W4380686968,1.0
I5023651,I63966007,2,2,2023,W4380686968;W4385671288,0.5
I5023651,I95457486,2,2,2023,W4380686968;W4385671288,0.5
I5023651,I95674353,2,2,2023,W4380686968;W4385671288,0.5
I5023651,I70931966,1,1,2023,W4389518708,1.0
I5023651,I83019370,1,1,2023,W4389518708,1.0
I5023651,I874792244,1,1,2023,W4389518708,1.0
I5023651,I74973139,1,1,2023,W4389524193,1.0
I5023651,I80180929,1,1,2023,W4389606799,1.0
I50760025,I66906201,1,1,2023,W4381487463,1.0
I50760025,I52357470,1,1,2023,W4381930847,1.0
I50760025,I867280407,1,1,2023,W4381930847,1.0
I50760025,I76130692,1,1,2023,W4386973803,1.0
I51158804,I71270174,1,1,2023,W4385755118,1.0
I51158804,I82951845,1,1,2023,W4388691793,1.0
I51235708,I54316950,1,1,2023,W4389696050,1.0
I51235708,I73417466,1,1,2023,W4389696050,1.0
I51235708,I80810150,1,1,2023,W4389696050,1.0
I51235708,I83259278,1,1,2023,W4389696050,1.0
I51235708,I83816512,1,1,2023,W4389696050,1.0
I51235708,I85507684,1,1,2023,W4389696050,1.0
I51235708,I8636806,1,1,2023,W4389696050,1.0
I5124864,I98358874,1,1,2023,W4379645258,1.0
I5124864,I5388228,2,2,2023,W4380686968;W4385671288,0.5
I5124864,I54166199,1,1,2023,W4380686968,1.0
I5124864,I63966007,2,2,2023,W4380686968;W4385671288,0.5
I5124864,I95457486,2,2,2023,W4380686968;W4385671288,0.5
I5124864,I95674353,2,2,2023,W4380686968;W4385671288,0.5
I5124864,I62916508,1,1,2023,W4383377279,1.0
I5124864,I79576946,1,1,2023,W4386791134,1.0
I5124864,I922845939,1,1,2023,W4386791134,1.0
I5124864,I913481162,1,1,2023,W4389616438,1.0
I51441396,I76198965,2,2,2023,W4317937814;W4385688511,0.5
I51441396,I926574661,2,2,2023,W4317937814;W4385688511,0.5
I51441396,I887064364,1,1,2023,W4385688511,1.0
I51556381,I84392919,2,2,2023,W4378390530;W4390315357,0.5
I51556381,I87216513,1,1,2023,W4378390530,1.0
I51556381,I70931966,1,1,2023,W4387508266,1.0
I51556381,I79891267,1,1,2023,W4388483049,1.0
I51556381,I881766915,1,1,2023,W4388483049,1.0
I51556381,I57206974,1,1,2023,W4389403907,1.0
I51556381,I88874673,1,1,2023,W4389403907,1.0
I51556381,I90326151,1,1,2023,W4389403907,1.0
I51556381,I97018004,1,1,2023,W4389403907,1.0
I51556381,I60205797,1,1,2023,W4390315357,1.0
I51556381,I74973139,1,1,2023,W4390315357,1.0
I51601045,I887968799,1,1,2023,W4322755662,1.0
I51601045,I56590836,1,1,2023,W4383913712,1.0
I51601045,I60733029,1,1,2023,W4383913712,1.0
I51601045,I71052956,1,1,2023,W4383913712,1.0
I51601045,I79619799,1,1,2023,W4383913712,1.0
I51601045,I82284825,1,1,2023,W4383913712,1.0
I51601045,I84884186,1,1,2023,W4383913712,1.0
I51601045,I82880672,1,1,2023,W4386161583,1.0
I51601045,I66867065,1,1,2023,W4387211424,1.0
I51601045,I96062909,1,1,2023,W4389273449,1.0
I51601045,I98461037,1,1,2023,W4389273449,1.0
I51713134,I97018004,1,1,2023,W4386572315,1.0
I51713134,I98704320,1,1,2023,W4386572315,1.0
I52099693,I52158045,1,1,2023,W4385776110,1.0
I52099693,I98677209,1,1,2023,W4385776110,1.0
I52158045,I98677209,2,2,2023,W4385738962;W4385776110,0.5
I52170813,I74973139,2,2,2023,W4389519449;W4389523509,0.5
I52170813,I62916508,1,1,2023,W4389523509,1.0
I52179390,I62912653,1,1,2023,W4327981907,1.0
I52179390,I80281795,1,1,2023,W4327981907,1.0
I52357470,I867280407,1,1,2023,W4381930847,1.0
I52357470,I99065089,2,2,2023,W4384918594;W4392669797,0.5
I52357470,I60997889,1,1,2023,W4390052440,1.0
I52357470,I79576946,1,1,2023,W4390052440,1.0
I52357470,I86519309,1,1,2023,W4390052440,1.0
I52357470,I68891433,1,1,2023,W4392669797,1.0
I52357470,I78577930,1,1,2023,W4392669797,1.0
I52590639,I67357951,1,1,2023,W4386142022,1.0
I52590639,I74796645,1,1,2023,W4386142022,1.0
I52590639,I861853513,1,1,2023,W4386142022,1.0
I53107984,I87216513,1,1,2023,W4315606663,1.0
I53107984,I90523175,1,1,2023,W4315606663,1.0
I53118340,I80693520,1,1,2023,W4380272592,1.0
I53118340,I87339560,1,1,2023,W4380272592,1.0
I5388228,I57206974,1,1,2023,W4319996831,1.0
I5388228,I99065089,1,1,2023,W4366341968,1.0
I5388228,I54166199,1,1,2023,W4380686968,1.0
I5388228,I63966007,2,2,2023,W4380686968;W4385671288,0.5
I5388228,I95457486,2,2,2023,W4380686968;W4385671288,0.5
I5388228,I95674353,2,2,2023,W4380686968;W4385671288,0.5
I5388228,I86519309,1,1,2023,W4387617694,1.0
I5388228,I97018004,1,1,2023,W4387617694,1.0
I5388228,I55285296,1,1,2023,W4399146931,1.0
I54157616,I63664421,1,1,2023,W4389519268,1.0
I54166199,I63966007,1,1,2023,W4380686968,1.0
I54166199,I95457486,1,1,2023,W4380686968,1.0
I54166199,I95674353,1,1,2023,W4380686968,1.0
I54316950,I73417466,1,1,2023,W4389696050,1.0
I54316950,I80810150,1,1,2023,W4389696050,1.0
I54316950,I83259278,1,1,2023,W4389696050,1.0
I54316950,I83816512,1,1,2023,W4389696050,1.0
I54316950,I85507684,1,1,2023,W4389696050,1.0
I54316950,I8636806,1,1,2023,W4389696050,1.0
I55060895,I63098007,1,1,2023,W4360620450,1.0
I55060895,I68891433,1,1,2023,W4360620450,1.0
I55060895,I71052956,1,1,2023,W4360620450,1.0
I55060895,I78715868,1,1,2023,W4360620450,1.0
I55060895,I80281795,1,1,2023,W4360620450,1.0
I55060895,I91136226,1,1,2023,W4360620450,1.0
I55060895,I9300472,1,1,2023,W4360620450,1.0
I55060895,I931969281,1,1,2023,W4360620450,1.0
I55060895,I9360294,1,1,2023,W4360620450,1.0
I55060895,I98358874,1,1,2023,W4360620450,1.0
I55285296,I56007636,1,1,2023,W4387379065,1.0
I55285296,I60342839,1,1,2023,W4387379065,1.0
I55285296,I68891433,1,1,2023,W4387379065,1.0
I55285296,I79156528,1,1,2023,W4387379065,1.0
I55285296,I931278978,1,1,2023,W4387379065,1.0
I55285296,I931681460,1,1,2023,W4387379065,1.0
I55285296,I96413208,1,1,2023,W4387379065,1.0
I55302922,I94734805,3,3,2023,W4320709434;W4378232928;W4387014587,0.3333333333333333
I55302922,I91045830,1,1,2023,W4386772055,1.0
I5561750,I93131583,2,2,2023,W4376126328;W4379057711,0.5
I5561750,I66514158,1,1,2023,W4380290798,1.0
I55732556,I96062909,1,1,2023,W4327860966,1.0
I55732556,I61641377,1,1,2023,W4387639021,1.0
I55769427,I63966007,1,1,2023,W4367186868,1.0
I55769427,I859038795,1,1,2023,W4386608660,1.0
I55769427,I63135867,1,1,2023,W4387747149,1.0
I56007636,I60342839,1,1,2023,W4387379065,1.0
I56007636,I68891433,1,1,2023,W4387379065,1.0
I56007636,I79156528,1,1,2023,W4387379065,1.0
I56007636,I931278978,1,1,2023,W4387379065,1.0
I56007636,I931681460,1,1,2023,W4387379065,1.0
I56007636,I96413208,1,1,2023,W4387379065,1.0
I56019348,I68171755,1,1,2023,W4386117324,1.0
I56019348,I92582371,1,1,2023,W4386117324,1.0
I56085075,I887064364,1,1,2023,W4389519188,1.0
I56085075,I98677209,1,1,2023,W4389519188,1.0
I56303344,I70387731,1,1,2023,W4382372079,1.0
I56306041,I84339108,1,1,2023,W4389050043,1.0
I56306041,I91633459,1,1,2023,W4389050043,1.0
I56590836,I80281795,1,1,2023,W4368362817,1.0
I56590836,I8204097,1,1,2023,W4368362817,1.0
I56590836,I872623138,1,1,2023,W4368362817,1.0
I56590836,I95457486,1,1,2023,W4368362817,1.0
I56590836,I98259816,1,1,2023,W4368362817,1.0
I56590836,I68891433,1,1,2023,W4378981724,1.0
I56590836,I82951845,1,1,2023,W4378981724,1.0
I56590836,I60733029,1,1,2023,W4383913712,1.0
I56590836,I71052956,1,1,2023,W4383913712,1.0
I56590836,I79619799,1,1,2023,W4383913712,1.0
I56590836,I82284825,1,1,2023,W4383913712,1.0
I56590836,I84884186,1,1,2023,W4383913712,1.0
I5681781,I82951845,1,1,2023,W4322743583,1.0
I5681781,I78577930,1,1,2023,W4388994251,1.0
I5681781,I81365321,1,1,2023,W4389671642,1.0
I56934997,I82880672,1,1,2023,W4387682254,1.0
I57093077,I84339108,1,1,2023,W4322617812,1.0
I57093077,I96413208,1,1,2023,W4322617812,1.0
I57093077,I78577930,1,1,2023,W4382998416,1.0
I57206974,I63966007,2,2,2023,W4327550249;W4385490607,0.5
I57206974,I97018004,3,3,2023,W4327550249;W4385490607;W4389403907,0.3333333333333333
I57206974,I79576946,1,1,2023,W4366425800,1.0
I57206974,I78577930,2,2,2023,W4382998379;W4388994228,0.5
I57206974,I70931966,1,1,2023,W4385490607,1.0
I57206974,I74973139,1,1,2023,W4385490607,1.0
I57206974,I887064364,1,1,2023,W4385490607,1.0
I57206974,I63190737,1,1,2023,W4385801432,1.0
I57206974,I66946132,3,3,2023,W4385801729;W4386076098;W4387560543,0.3333333333333333
I57206974,I88874673,1,1,2023,W4389403907,1.0
I57206974,I90326151,1,1,2023,W4389403907,1.0
I57206974,I87182695,1,1,2023,W4389519222,1.0
I57206974,I95457486,1,1,2023,W4390872297,1.0
I5740404,I87710204,5,5,2023,W4363679378;W4366234719;W4366241052;W4366983955;W4367320668,0.2
I5740404,I91935597,2,2,2023,W4366241052;W4366983955,0.5
I5740404,I75951250,1,1,2023,W4378640065,1.0
I5740404,I7877124,1,1,2023,W4378640065,1.0
I5791819,I61923386,3,3,2023,W4382680046;W4389235056;W4389937130,0.3333333333333333
I5791819,I80018011,1,1,2023,W4389235056,1.0
I59028903,I98301712,1,1,2023,W4320341494,1.0
I59130452,I98704320,1,1,2023,W4388722291,1.0
I59270414,I60200437,1,1,2023,W4378905467,1.0
I59270414,I865915315,1,1,2023,W4378905467,1.0
I59270414,I881766915,1,1,2023,W4378905467,1.0
I59270414,I887064364,1,1,2023,W4378905467,1.0
I59270414,I913481162,1,1,2023,W4378905467,1.0
I59805279,I97018004,1,1,2023,W4389524379,1.0
I5996616,I82904351,1,1,2023,W4389385057,1.0
I60053951,I86987016,1,1,2023,W4378650062,1.0
I60134161,I74801974,1,1,2023,W4388237833,1.0
I60200437,I865915315,1,1,2023,W4378905467,1.0
I60200437,I881766915,1,1,2023,W4378905467,1.0
I60200437,I887064364,1,1,2023,W4378905467,1.0
I60200437,I913481162,1,1,2023,W4378905467,1.0
I60205797,I9927081,1,1,2023,W4323033692,1.0
I60205797,I74973139,1,1,2023,W4390315357,1.0
I60205797,I84392919,1,1,2023,W4390315357,1.0
I60342839,I92528248,1,1,2023,W4382631598,1.0
I60342839,I68891433,1,1,2023,W4387379065,1.0
I60342839,I79156528,1,1,2023,W4387379065,1.0
I60342839,I931278978,1,1,2023,W4387379065,1.0
I60342839,I931681460,1,1,2023,W4387379065,1.0
I60342839,I96413208,1,1,2023,W4387379065,1.0
I6059380,I78577930,1,1,2023,W4366547999,1.0
I60668342,I67009956,2,2,2023,W4377695098;W4387430183,0.5
I60668342,I887968799,2,2,2023,W4377695098;W4387430183,0.5
I60733029,I71052956,1,1,2023,W4383913712,1.0
I60733029,I79619799,1,1,2023,W4383913712,1.0
I60733029,I82284825,1,1,2023,W4383913712,1.0
I60733029,I84884186,1,1,2023,W4383913712,1.0
I60922564,I74973139,1,1,2023,W4390872671,1.0
I60997889,I79576946,1,1,2023,W4390052440,1.0
I60997889,I86519309,1,1,2023,W4390052440,1.0
I61628605,I921990950,1,1,2023,W4386046428,1.0
I61628605,I97018004,1,1,2023,W4386046428,1.0
I61923386,I63739035,1,1,2023,W4386211085,1.0
I61923386,I80018011,1,1,2023,W4389235056,1.0
I62853816,I92403157,2,2,2023,W4361196935;W4378895141,0.5
I62912653,I80281795,1,1,2023,W4327981907,1.0
I62916508,I8204097,4,4,2023,W4323655724;W4377235854;W4386693657;W4390190127,0.25
I62916508,I926574661,1,1,2023,W4377235854,1.0
I62916508,I71920554,1,1,2023,W4385275714,1.0
I62916508,I90610280,1,1,2023,W4386075573,1.0
I62916508,I78650965,1,1,2023,W4387500346,1.0
I62916508,I887968799,1,1,2023,W4387500346,1.0
I62916508,I7877124,1,1,2023,W4388376970,1.0
I62916508,I884043246,1,1,2023,W4388470120,1.0
I62916508,I74973139,1,1,2023,W4389523509,1.0
I62916508,I82880672,1,1,2023,W4390874627,1.0
I63098007,I68891433,1,1,2023,W4360620450,1.0
I63098007,I71052956,1,1,2023,W4360620450,1.0
I63098007,I78715868,1,1,2023,W4360620450,1.0
I63098007,I80281795,1,1,2023,W4360620450,1.0
I63098007,I91136226,1,1,2023,W4360620450,1.0
I63098007,I9300472,1,1,2023,W4360620450,1.0
I63098007,I931969281,1,1,2023,W4360620450,1.0
I63098007,I9360294,1,1,2023,W4360620450,1.0
I63098007,I98358874,1,1,2023,W4360620450,1.0
I63098007,I91044093,1,1,2023,W4386421937,1.0
I63135867,I92156820,2,2,2023,W4385441896;W4388824938,0.5
I63190737,I97018004,1,1,2023,W4387460165,1.0
I63843962,I73142707,1,1,2023,W4383498485,1.0
I63966007,I99065089,2,2,2023,W3139080614;W4320914811,0.5
I63966007,I97018004,6,6,2023,W4327550249;W4384457683;W4385381485;W4385490607;W4386758232;W4389917881,0.16666666666666666
I63966007,I95457486,3,3,2023,W4380686968;W4380769213;W4385671288,0.3333333333333333
I63966007,I95674353,2,2,2023,W4380686968;W4385671288,0.5
I63966007,I78577930,1,1,2023,W4383957026,1.0
I63966007,I889458895,2,2,2023,W4385314048;W4389518901,0.5
I63966007,I70931966,1,1,2023,W4385490607,1.0
I63966007,I74973139,2,2,2023,W4385490607;W4386758232,0.5
I63966007,I887064364,1,1,2023,W4385490607,1.0
I63966007,I917207718,1,1,2023,W4387628939,1.0
I63966007,I9360294,1,1,2023,W4389070894,1.0
I63966007,I87182695,1,1,2023,W4390871724,1.0
I64180646,I64492213,1,1,2023,W4388409567,1.0
I64449678,I83791580,1,1,2023,W4388578232,1.0
I66862912,I82509713,1,1,2023,W4385769673,1.0
I66867065,I79891267,2,2,2023,W4385570088;W4385681711,0.5
I66867065,I87445476,1,1,2023,W4385681711,1.0
I66946132,I70983195,1,1,2023,W4366454938,1.0
I66946132,I76903346,1,1,2023,W4366454938,1.0
I66946132,I99065089,1,1,2023,W4387954093,1.0
I66946132,I889937125,1,1,2023,W4389736946,1.0
I66946132,I95457486,1,1,2023,W4389736946,1.0
I66946132,I97018004,1,1,2023,W4389736946,1.0
I66946132,I74973139,1,1,2023,W4390874089,1.0
I67009956,I887968799,2,2,2023,W4377695098;W4387430183,0.5
I67357951,I74796645,1,1,2023,W4386142022,1.0
I67357951,I861853513,1,1,2023,W4386142022,1.0
I67900169,I89015989,1,1,2023,W4387211904,1.0
I68171755,I92582371,1,1,2023,W4386117324,1.0
I68891433,I71052956,1,1,2023,W4360620450,1.0
I68891433,I78715868,1,1,2023,W4360620450,1.0
I68891433,I80281795,1,1,2023,W4360620450,1.0
I68891433,I91136226,1,1,2023,W4360620450,1.0
I68891433,I9300472,1,1,2023,W4360620450,1.0
I68891433,I931969281,1,1,2023,W4360620450,1.0
I68891433,I9360294,1,1,2023,W4360620450,1.0
I68891433,I98358874,1,1,2023,W4360620450,1.0
I68891433,I82951845,1,1,2023,W4378981724,1.0
I68891433,I79156528,1,1,2023,W4387379065,1.0
I68891433,I931278978,1,1,2023,W4387379065,1.0
I68891433,I931681460,1,1,2023,W4387379065,1.0
I68891433,I96413208,1,1,2023,W4387379065,1.0
I68891433,I95457486,1,1,2023,W4389519108,1.0
I68891433,I78577930,1,1,2023,W4392669797,1.0
I68891433,I99065089,1,1,2023,W4392669797,1.0
I69356397,I76130692,1,1,2023,W4386071498,1.0
I70451448,I884043246,1,1,2023,W4389986031,1.0
I70593384,I78650965,2,2,2023,W4382118328;W4383428262,0.5
I70640408,I83909951,1,1,2023,W4386207798,1.0
I70931966,I74973139,1,1,2023,W4385490607,1.0
I70931966,I887064364,1,1,2023,W4385490607,1.0
I70931966,I97018004,1,1,2023,W4385490607,1.0
I70931966,I78988378,2,2,2023,W4385570792;W4389518784,0.5
I70931966,I80281795,1,1,2023,W4388002357,1.0
I70931966,I95457486,2,2,2023,W4388002357;W4388008069,0.5
I70931966,I83019370,1,1,2023,W4389518708,1.0
I70931966,I874792244,1,1,2023,W4389518708,1.0
I70983195,I76903346,1,1,2023,W4366454938,1.0
I70983195,I78577930,1,1,2023,W4366729084,1.0
I71052956,I78715868,1,1,2023,W4360620450,1.0
I71052956,I80281795,1,1,2023,W4360620450,1.0
I71052956,I91136226,1,1,2023,W4360620450,1.0
I71052956,I9300472,1,1,2023,W4360620450,1.0
I71052956,I931969281,1,1,2023,W4360620450,1.0
I71052956,I9360294,1,1,2023,W4360620450,1.0
I71052956,I98358874,1,1,2023,W4360620450,1.0
I71052956,I79619799,1,1,2023,W4383913712,1.0
I71052956,I82284825,1,1,2023,W4383913712,1.0
I71052956,I84884186,1,1,2023,W4383913712,1.0
I71209653,I78577930,1,1,2023,W4379959055,1.0
I71209653,I97018004,1,1,2023,W4379959055,1.0
I71267560,I872922937,1,1,2023,W4387327030,1.0
I71267560,I8901234,1,1,2023,W4387327030,1.0
I71267560,I900890020,1,1,2023,W4387327030,1.0
I71637028,I73417466,1,1,2023,W4387431938,1.0
I71675930,I9927081,2,2,2023,W4327520012;W4327522280,0.5
I71999127,I84884186,1,1,2023,W4317952812,1.0
I72264486,I82952536,1,1,2023,W4386838079,1.0
I73142707,I98358874,1,1,2023,W4386729952,1.0
I73417466,I80810150,1,1,2023,W4389696050,1.0
I73417466,I83259278,1,1,2023,W4389696050,1.0
I73417466,I83816512,1,1,2023,W4389696050,1.0
I73417466,I85507684,1,1,2023,W4389696050,1.0
I73417466,I8636806,1,1,2023,W4389696050,1.0
I74319210,I75535952,1,1,2023,W4362586487,1.0
I74656192,I74775410,1,1,2023,W4360796875,1.0
I74656192,I8087733,1,1,2023,W4360796875,1.0
I74656192,I97018004,1,1,2023,W4360796875,1.0
I74775410,I8087733,1,1,2023,W4360796875,1.0
I74775410,I97018004,1,1,2023,W4360796875,1.0
I74775410,I91045830,1,1,2023,W4390043316,1.0
I74775410,I98677209,1,1,2023,W4390043316,1.0
I74796645,I861853513,1,1,2023,W4386142022,1.0
I74801974,I98677209,1,1,2023,W4385571235,1.0
I74872605,I867306930,1,1,2023,W4389933364,1.0
I74973139,I91136226,1,1,2023,W4382567209,1.0
I74973139,I94658018,1,1,2023,W4382567209,1.0
I74973139,I83467386,1,1,2023,W4383652235,1.0
I74973139,I98358874,1,1,2023,W4383652235,1.0
I74973139,I887064364,1,1,2023,W4385490607,1.0
I74973139,I97018004,3,3,2023,W4385490607;W4386758232;W4387606803,0.3333333333333333
I74973139,I99065089,3,3,2023,W4386076425;W4387023819;W4390874260,0.3333333333333333
I74973139,I78577930,1,1,2023,W4387023819,1.0
I74973139,I86519309,1,1,2023,W4387606803,1.0
I74973139,I84392919,1,1,2023,W4390315357,1.0
I74973139,I95457486,1,1,2023,W4390873372,1.0
I75059550,I76130692,1,1,2023,W4388501573,1.0
I75357094,I91807558,1,1,2023,W4385548927,1.0
I75381157,I88830068,1,1,2023,W4315479125,1.0
I75381157,I91600406,1,1,2023,W4315479125,1.0
I75867142,I867280407,1,1,2023,W4382998948,1.0
I75951250,I83041322,1,1,2023,W4321610465,1.0
I75951250,I7877124,4,4,2023,W4378640065;W4388759569;W4388775426;W4389792145,0.25
I75951250,I887064364,1,1,2023,W4386568614,1.0
I75951250,I8087733,1,1,2023,W4388775426,1.0
I75951250,I887968799,2,2,2023,W4388775426;W4389792145,0.5
I75951250,I78650965,1,1,2023,W4389792145,1.0
I76130692,I98301712,1,1,2023,W4323797084,1.0
I76130692,I83019370,1,1,2023,W4380987486,1.0
I76130692,I82880672,2,2,2023,W4385152034;W4390190100,0.5
I76130692,I78988378,1,1,2023,W4385638369,1.0
I76130692,I90610280,1,1,2023,W4385638369,1.0
I76130692,I99065089,2,2,2023,W4385638369;W4389520675,0.5
I76130692,I80947539,1,1,2023,W4388189152,1.0
I76130692,I916048824,1,1,2023,W4389430914,1.0
I76130692,I79891267,1,1,2023,W4390872115,1.0
I76134821,I86987016,1,1,2023,W4385664477,1.0
I76134821,I96673099,1,1,2023,W4385664477,1.0
I76198965,I926574661,2,2,2023,W4317937814;W4385688511,0.5
I76198965,I887064364,1,1,2023,W4385688511,1.0
I76569877,I900890020,1,1,2023,W4388948873,1.0
I76569877,I91656880,1,1,2023,W4388975763,1.0
I76569877,I99065089,1,1,2023,W4388975763,1.0
I76835614,I889458895,1,1,2023,W4386973901,1.0
I76835614,I97018004,1,1,2023,W4386973901,1.0
I78577930,I86519309,2,2,2023,W4366823941;W4386120650,0.5
I78577930,I97018004,5,5,2023,W4379959055;W4383682897;W4387993482;W4388720459;W4389667233,0.2
I78577930,I859038795,1,1,2023,W4380887490,1.0
I78577930,I79576946,1,1,2023,W4385848332,1.0
I78577930,I867280407,1,1,2023,W4386120650,1.0
I78577930,I99065089,2,2,2023,W4387023819;W4392669797,0.5
I78577930,I822440,1,1,2023,W4388129991,1.0
I78650965,I887968799,3,3,2023,W4387500346;W4387744047;W4389792145,0.3333333333333333
I78650965,I7877124,1,1,2023,W4389792145,1.0
I78715868,I80281795,1,1,2023,W4360620450,1.0
I78715868,I91136226,1,1,2023,W4360620450,1.0
I78715868,I9300472,1,1,2023,W4360620450,1.0
I78715868,I931969281,1,1,2023,W4360620450,1.0
I78715868,I9360294,1,1,2023,W4360620450,1.0
I78715868,I98358874,1,1,2023,W4360620450,1.0
I7877124,I899635006,1,1,2023,W4386998832,1.0
I7877124,I8087733,1,1,2023,W4388775426,1.0
I7877124,I887968799,2,2,2023,W4388775426;W4389792145,0.5
I7882870,I79510175,1,1,2023,W4386697749,1.0
I7882870,I79619799,1,1,2023,W4386697749,1.0
I7882870,I84884186,1,1,2023,W4386697749,1.0
I7882870,I98677209,1,1,2023,W4386697749,1.0
I78988378,I889458895,2,2,2023,W4367672073;W4389764468,0.5
I78988378,I90610280,1,1,2023,W4385638369,1.0
I78988378,I99065089,4,4,2023,W4385638369;W4386047807;W4388708748;W4389764468,0.25
I78988378,I82880672,1,1,2023,W4389524458,1.0
I79156528,I931278978,1,1,2023,W4387379065,1.0
I79156528,I931681460,1,1,2023,W4387379065,1.0
I79156528,I96413208,1,1,2023,W4387379065,1.0
I79510175,I927504317,2,2,2023,W4383503489;W4386076617,0.5
I79510175,I79619799,1,1,2023,W4386697749,1.0
I79510175,I84884186,1,1,2023,W4386697749,1.0
I79510175,I98677209,1,1,2023,W4386697749,1.0
I79510175,I83740829,1,1,2023,W4390357625,1.0
I79510175,I91045830,1,1,2023,W4390357625,1.0
I79516672,I82571370,1,1,2023,W4386458312,1.0
I79516672,I94511900,1,1,2023,W4386458312,1.0
I79576946,I82783531,1,1,2023,W4375850424,1.0
I79576946,I919571938,1,1,2023,W4378718543,1.0
I79576946,I97018004,1,1,2023,W4378718543,1.0
I79576946,I84340266,1,1,2023,W4385447813,1.0
I79576946,I922845939,1,1,2023,W4386791134,1.0
I79576946,I86519309,1,1,2023,W4390052440,1.0
I79619799,I82284825,1,1,2023,W4383913712,1.0
I79619799,I84884186,2,2,2023,W4383913712;W4386697749,0.5
I79619799,I98677209,1,1,2023,W4386697749,1.0
I79817857,I91044093,1,1,2023,W4379410101,1.0
I79817857,I93131583,1,1,2023,W4386729081,1.0
I79891267,I87445476,1,1,2023,W4385681711,1.0
I79891267,I881766915,1,1,2023,W4388483049,1.0
I80281795,I91136226,1,1,2023,W4360620450,1.0
I80281795,I9300472,1,1,2023,W4360620450,1.0
I80281795,I931969281,1,1,2023,W4360620450,1.0
I80281795,I9360294,1,1,2023,W4360620450,1.0
I80281795,I98358874,1,1,2023,W4360620450,1.0
I80281795,I8204097,1,1,2023,W4368362817,1.0
I80281795,I872623138,1,1,2023,W4368362817,1.0
I80281795,I95457486,2,2,2023,W4368362817;W4388002357,0.5
I80281795,I98259816,1,1,2023,W4368362817,1.0
I80693520,I87339560,1,1,2023,W4380272592,1.0
I80810150,I83259278,1,1,2023,W4389696050,1.0
I80810150,I83816512,1,1,2023,W4389696050,1.0
I80810150,I85507684,1,1,2023,W4389696050,1.0
I80810150,I8636806,1,1,2023,W4389696050,1.0
I8087733,I97018004,1,1,2023,W4360796875,1.0
I8087733,I95793202,1,1,2023,W4361021364,1.0
I8087733,I887968799,1,1,2023,W4388775426,1.0
I8204097,I872623138,1,1,2023,W4368362817,1.0
I8204097,I95457486,1,1,2023,W4368362817,1.0
I8204097,I98259816,1,1,2023,W4368362817,1.0
I8204097,I926574661,1,1,2023,W4377235854,1.0
I8204097,I97018004,1,1,2023,W4386071831,1.0
I82284825,I84884186,1,1,2023,W4383913712,1.0
I82462995,I93131583,1,1,2023,W4323848232,1.0
I82571370,I94511900,1,1,2023,W4386458312,1.0
I82767444,I97750245,1,1,2023,W4377291442,1.0
I82880672,I87216513,1,1,2023,W4321472314,1.0
I82880672,I99043593,1,1,2023,W4321472314,1.0
I82880672,I848706,1,1,2023,W4388922836,1.0
I82880672,I98251732,1,1,2023,W4388922836,1.0
I82880672,I98285908,1,1,2023,W4388922836,1.0
I82880672,I99065089,1,1,2023,W4388922836,1.0
I82880672,I98301712,1,1,2023,W4390873319,1.0
I83019370,I874792244,1,1,2023,W4389518708,1.0
I83259278,I83816512,1,1,2023,W4389696050,1.0
I83259278,I85507684,1,1,2023,W4389696050,1.0
I83259278,I8636806,1,1,2023,W4389696050,1.0
I83467386,I98358874,1,1,2023,W4383652235,1.0
I83740829,I91045830,1,1,2023,W4390357625,1.0
I83816512,I85507684,1,1,2023,W4389696050,1.0
I83816512,I8636806,1,1,2023,W4389696050,1.0
I84027002,I874055015,1,1,2023,W4378945377,1.0
I84027002,I8408910,1,1,2023,W4389618734,1.0
I84339108,I96413208,1,1,2023,W4322617812,1.0
I84339108,I91633459,1,1,2023,W4389050043,1.0
I84392919,I9927081,2,2,2023,W4323033814;W4382654294,0.5
I84392919,I87216513,1,1,2023,W4378390530,1.0
I84653119,I86519309,1,1,2023,W4389520295,1.0
I848706,I98251732,1,1,2023,W4388922836,1.0
I848706,I98285908,1,1,2023,W4388922836,1.0
I848706,I99065089,1,1,2023,W4388922836,1.0
I84884186,I98677209,1,1,2023,W4386697749,1.0
I85430964,I91656880,1,1,2023,W4376870832,1.0
I85507684,I8636806,1,1,2023,W4389696050,1.0
I859038795,I863896202,1,1,2023,W4385805046,1.0
I861853513,I98677209,1,1,2023,W4376643691,1.0
I861853513,I926574661,1,1,2023,W4385570455,1.0
I86501945,I99065089,1,1,2023,W4387624562,1.0
I86519309,I87182695,1,1,2023,W4385571667,1.0
I86519309,I867280407,1,1,2023,W4386120650,1.0
I86519309,I97018004,3,3,2023,W4387606803;W4387617694;W4388022708,0.3333333333333333
I865915315,I887064364,2,2,2023,W4360806508;W4378905467,0.5
I865915315,I881766915,1,1,2023,W4378905467,1.0
I865915315,I913481162,1,1,2023,W4378905467,1.0
I86987016,I96673099,1,1,2023,W4385664477,1.0
I87182695,I97018004,1,1,2023,W4381889417,1.0
I87216513,I90523175,1,1,2023,W4315606663,1.0
I87216513,I99043593,1,1,2023,W4321472314,1.0
I872623138,I95457486,1,1,2023,W4368362817,1.0
I872623138,I98259816,1,1,2023,W4368362817,1.0
I872922937,I8901234,1,1,2023,W4387327030,1.0
I872922937,I900890020,1,1,2023,W4387327030,1.0
I87445476,I88830068,2,2,2023,W4362655923;W4385988359,0.5
I87445476,I99065089,2,2,2023,W4386076094;W4387609097,0.5
I875944469,I885392262,1,1,2023,W4319082636,1.0
I87710204,I91935597,2,2,2023,W4366241052;W4366983955,0.5
I881766915,I887064364,1,1,2023,W4378905467,1.0
I881766915,I913481162,1,1,2023,W4378905467,1.0
I881766915,I98301712,2,2,2023,W4386066025;W4388428080,0.5
I881766915,I99065089,1,1,2023,W4386076222,1.0
I881766915,I889458895,2,2,2023,W4390872147;W4390872366,0.5
I881766915,I95457486,1,1,2023,W4390874074,1.0
I887064364,I913481162,1,1,2023,W4378905467,1.0
I887064364,I97018004,1,1,2023,W4385490607,1.0
I887064364,I926574661,1,1,2023,W4385688511,1.0
I887064364,I98677209,1,1,2023,W4389519188,1.0
I88830068,I91600406,1,1,2023,W4315479125,1.0
I88874673,I90326151,1,1,2023,W4389403907,1.0
I88874673,I97018004,1,1,2023,W4389403907,1.0
I889458895,I95457486,1,1,2023,W4319300158,1.0
I889458895,I98251732,1,1,2023,W4380629073,1.0
I889458895,I97018004,1,1,2023,W4386973901,1.0
I889458895,I99065089,3,3,2023,W4387968981;W4389611357;W4389764468,0.3333333333333333
I889937125,I95457486,1,1,2023,W4389736946,1.0
I889937125,I97018004,1,1,2023,W4389736946,1.0
I8901234,I900890020,1,1,2023,W4387327030,1.0
I90023481,I98285908,1,1,2023,W4386076190,1.0
I901861585,I97018004,1,1,2023,W4384455669,1.0
I90326151,I97018004,1,1,2023,W4389403907,1.0
I90610280,I99065089,1,1,2023,W4385638369,1.0
I90610280,I98301712,1,1,2023,W4390874394,1.0
I91044093,I9927081,1,1,2023,W4386076520,1.0
I91045830,I98677209,1,1,2023,W4390043316,1.0
I91136226,I9300472,1,1,2023,W4360620450,1.0
I91136226,I931969281,1,1,2023,W4360620450,1.0
I91136226,I9360294,1,1,2023,W4360620450,1.0
I91136226,I98358874,1,1,2023,W4360620450,1.0
I91136226,I94658018,1,1,2023,W4382567209,1.0
I91656880,I99065089,1,1,2023,W4388975763,1.0
I919571938,I97018004,1,1,2023,W4378718543,1.0
I921990950,I97018004,1,1,2023,W4386046428,1.0
I9224006,I97018004,1,1,2023,W4387823534,1.0
I9300472,I931969281,1,1,2023,W4360620450,1.0
I9300472,I9360294,1,1,2023,W4360620450,1.0
I9300472,I98358874,1,1,2023,W4360620450,1.0
I931278978,I931681460,1,1,2023,W4387379065,1.0
I931278978,I96413208,1,1,2023,W4387379065,1.0
I931681460,I96413208,1,1,2023,W4387379065,1.0
I931969281,I9360294,1,1,2023,W4360620450,1.0
I931969281,I98358874,1,1,2023,W4360620450,1.0
I93320256,I98865867,1,1,2023,W4379386617,1.0
I9360294,I98358874,1,1,2023,W4360620450,1.0
I94722563,I98381234,1,1,2023,W4380993308,1.0
I95457486,I98259816,1,1,2023,W4368362817,1.0
I95457486,I95674353,2,2,2023,W4380686968;W4385671288,0.5
I95457486,I97018004,3,3,2023,W4387321091;W4388458590;W4389736946,0.3333333333333333
I96062909,I98461037,1,1,2023,W4389273449,1.0
I97018004,I98704320,2,2,2023,W4327909454;W4386572315,0.5
I97018004,I98677209,1,1,2023,W4366598511,1.0
I97018004,I99464096,1,1,2023,W4390872991,1.0
I98251732,I98285908,1,1,2023,W4388922836,1.0
I98251732,I99065089,1,1,2023,W4388922836,1.0
I98285908,I98381234,1,1,2023,W4386071621,1.0
I98285908,I99065089,1,1,2023,W4388922836,1.0
I98677209,I99043593,1,1,2023,W4389519585,1.0
