source,target,weight,work_count,years,work_ids,distance
I100005738,I86519309,1,1,2024,W4405130811,1.0
I100005738,I91203450,1,1,2024,W4405130811,1.0
I100005738,I162577319,1,1,2024,W4405944507,1.0
I100005738,I4210110242,1,1,2024,W4405944507,1.0
I100005738,I4210118244,1,1,2024,W4405944507,1.0
I100066346,I183874917,1,1,2024,W4394769544,1.0
I100066346,I3020504353,1,1,2024,W4396832714,1.0
I100191712,I103635307,1,1,2024,W4390943000,1.0
I100191712,I161318765,1,1,2024,W4390943000,1.0
I100205273,I79238269,1,1,2024,W4403500927,1.0
I100288624,I184983240,1,1,2024,W4405194283,1.0
I100288624,I19820366,1,1,2024,W4405194283,1.0
I100288624,I23923803,1,1,2024,W4405194283,1.0
I100288624,I2799300731,1,1,2024,W4405194283,1.0
I100288624,I4210112230,1,1,2024,W4405194283,1.0
I100288624,I4210128584,1,1,2024,W4405194283,1.0
I100288624,I4210139738,1,1,2024,W4405194283,1.0
I10052268,I154425047,1,1,2024,W4391399751,1.0
I10052268,I158552681,1,1,2024,W4391399751,1.0
I10052268,I4210164862,1,1,2024,W4391399751,1.0
I10052268,I92869138,1,1,2024,W4391399751,1.0
I10052268,RAW_XAI,1,1,2024,W4391399751,1.0
I10052268,I155781252,1,1,2024,W4399177300,1.0
I10052268,I30667456,1,1,2024,W4399177300,1.0
I10052268,I79940851,1,1,2024,W4399177300,1.0
I100532134,I106785703,1,1,2024,W4389834551,1.0
I100532134,I113428412,1,1,2024,W4389834551,1.0
I100532134,I1294671590,1,1,2024,W4389834551,1.0
I100532134,I4210101573,1,1,2024,W4389834551,1.0
I100532134,I4210104430,1,1,2024,W4389834551,1.0
I100532134,I4210144566,1,1,2024,W4389834551,1.0
I100532134,I899635006,1,1,2024,W4389834551,1.0
I100538780,I14303183,1,1,2024,W4404549793,1.0
I10091056,I146500386,2,2,2024,W4392621058;W4396700254,0.5
I10091056,I91947458,1,1,2024,W4392621058,1.0
I10091056,I137975476,1,1,2024,W4396700254,1.0
I100930933,I1351752,1,1,2024,W4390748754,1.0
I100930933,I154130895,2,2,2024,W4390985631;W4392564669,0.5
I100930933,I60205797,3,3,2024,W4390985631;W4392564669;W4401379837,0.3333333333333333
I100930933,I9927081,2,2,2024,W4390985631;W4401379837,0.5
I100930933,I185261750,1,1,2024,W4392564669,1.0
I100930933,I2799376586,1,1,2024,W4392564669,1.0
I100930933,I181231927,1,1,2024,W4399925880,1.0
I100930933,I32971472,1,1,2024,W4399925880,1.0
I100930933,I84392919,1,1,2024,W4401379837,1.0
I100930933,I135140700,1,1,2024,W4402713326,1.0
I100930933,I180519160,1,1,2024,W4402713326,1.0
I100930933,I1850255,1,1,2024,W4402713326,1.0
I100930933,I20089843,1,1,2024,W4402713326,1.0
I100930933,I29955533,1,1,2024,W4402713326,1.0
I100930933,I39343248,1,1,2024,W4402713326,1.0
I100930933,I40120149,1,1,2024,W4402713326,1.0
I100930933,I4210090411,1,1,2024,W4402713326,1.0
I100930933,I4210113297,1,1,2024,W4402713326,1.0
I100930933,I4210119286,1,1,2024,W4402713326,1.0
I100930933,I4210120221,1,1,2024,W4402713326,1.0
I100930933,I4210143272,1,1,2024,W4402713326,1.0
I100930933,I4210164149,1,1,2024,W4402713326,1.0
I100930933,I42934936,1,1,2024,W4402713326,1.0
I100930933,I4387154616,1,1,2024,W4402713326,1.0
I100930933,I45129253,1,1,2024,W4402713326,1.0
I100930933,I4923324,1,1,2024,W4402713326,1.0
I100930933,I63966007,1,1,2024,W4402713326,1.0
I100930933,I74973139,1,1,2024,W4402713326,1.0
I100930933,I97018004,1,1,2024,W4402713326,1.0
I100930933,I98259816,1,1,2024,W4402713326,1.0
I100930933,I123534392,1,1,2024,W4405861053,1.0
I100930933,I28022161,1,1,2024,W4405861053,1.0
I100930933,I55240360,1,1,2024,W4405861053,1.0
I100930933,I87482320,1,1,2024,W4405861053,1.0
I101155339,I4575257,1,1,2024,W4395020691,1.0
I101407740,I110360157,2,2,2024,W4399306094;W4401884437,0.5
I101407740,I74319210,1,1,2024,W4399306094,1.0
I101407740,I3132999081,1,1,2024,W4401884437,1.0
I102064193,I4210120624,1,1,2024,W4391296423,1.0
I102064193,I56590836,1,1,2024,W4391296423,1.0
I102064193,I138689650,1,1,2024,W4394932409,1.0
I102064193,I79940851,1,1,2024,W4394932409,1.0
I102134673,I145872427,1,1,2024,W4390880024,1.0
I102134673,I2802934949,1,1,2024,W4390880024,1.0
I102134673,I4210089303,1,1,2024,W4390880024,1.0
I102134673,I4210109357,1,1,2024,W4390880024,1.0
I102134673,I4210113480,1,1,2024,W4403649914,1.0
I102149020,I118347636,1,1,2024,W4396833368,1.0
I102149020,I6059380,1,1,2024,W4396833368,1.0
I102248843,I146655781,1,1,2024,W4393239266,1.0
I102248843,I180519160,1,1,2024,W4393239266,1.0
I102248843,I193531525,1,1,2024,W4393239266,1.0
I102248843,I204205638,1,1,2024,W4393239266,1.0
I102248843,I31746571,1,1,2024,W4393239266,1.0
I102248843,I5023651,1,1,2024,W4393239266,1.0
I102248843,I913958620,1,1,2024,W4393239266,1.0
I102272798,I111979921,1,1,2024,W4392109933,1.0
I102272798,I154425047,1,1,2024,W4392109933,1.0
I102272798,I180242103,1,1,2024,W4392109933,1.0
I102272798,I193531525,1,1,2024,W4392109933,1.0
I102272798,I241749,1,1,2024,W4392109933,1.0
I102272798,I40120149,1,1,2024,W4392109933,1.0
I102272798,I44430492,1,1,2024,W4392109933,1.0
I102272798,I5023651,1,1,2024,W4392109933,1.0
I102272798,I56590836,1,1,2024,W4392109933,1.0
I102272798,I68666633,1,1,2024,W4392109933,1.0
I102272798,I79576946,1,1,2024,W4392109933,1.0
I102322142,I193531525,1,1,2024,W4391176904,1.0
I102322142,I1316902750,1,1,2024,W4393029086,1.0
I102322142,I1326872476,1,1,2024,W4393029086,1.0
I102322142,I1327163397,1,1,2024,W4393029086,1.0
I102322142,I140172145,1,1,2024,W4393029086,1.0
I102322142,I162281398,1,1,2024,W4393029086,1.0
I102322142,I174216632,1,1,2024,W4393029086,1.0
I102322142,I181697535,1,1,2024,W4393029086,1.0
I102322142,I79576946,1,1,2024,W4393029086,1.0
I102322142,I83041322,1,1,2024,W4393029086,1.0
I102322142,I98704320,1,1,2024,W4393029086,1.0
I102322142,I152815399,1,1,2024,W4396832474,1.0
I102322142,I205783295,1,1,2024,W4396832474,1.0
I102322142,I4210110987,1,1,2024,W4396832474,1.0
I102322142,I4210142372,1,1,2024,W4396832474,1.0
I102322142,I4210167254,1,1,2024,W4396832474,1.0
I102322142,I83467386,1,1,2024,W4396832474,1.0
I102322142,I86519309,1,1,2024,W4396832474,1.0
I102322142,I1291425158,1,1,2024,W4402997354,1.0
I102322142,I197347611,1,1,2024,W4402997354,1.0
I102322142,I4210090411,1,1,2024,W4402997354,1.0
I102322142,I4210113297,1,1,2024,W4402997354,1.0
I102322142,I4210161460,1,1,2024,W4402997354,1.0
I102322142,I180670191,1,1,2024,W4404306028,1.0
I102322142,I27837315,1,1,2024,W4404306028,1.0
I102322142,I4210106675,1,1,2024,W4404306028,1.0
I102322142,I4210114445,1,1,2024,W4404306028,1.0
I102322142,I4210157890,1,1,2024,W4404306028,1.0
I102322142,I57206974,1,1,2024,W4404306028,1.0
I102322142,I76134821,1,1,2024,W4404306028,1.0
I102335020,I202697423,1,1,2024,W4392736278,1.0
I102335020,I54009628,1,1,2024,W4401821760,1.0
I102335020,I7877124,1,1,2024,W4401821760,1.0
I102345215,I193114190,1,1,2024,W4393930843,1.0
I102345215,I31595395,1,1,2024,W4393930843,1.0
I102398690,I1311060795,1,1,2024,W4396748050,1.0
I102398690,I2801628138,1,1,2024,W4396748050,1.0
I102398690,I39586589,1,1,2024,W4396748050,1.0
I102398690,I4210102606,1,1,2024,W4396748050,1.0
I102398690,I4210110652,1,1,2024,W4396748050,1.0
I102398690,I4210116924,1,1,2024,W4396748050,1.0
I102607778,I157773358,1,1,2024,W4392693709,1.0
I102607778,I180726961,1,1,2024,W4392693709,1.0
I102607778,I19820366,1,1,2024,W4392693709,1.0
I102607778,I4210112150,1,1,2024,W4392693709,1.0
I102893293,I4210099699,1,1,2024,W4401398523,1.0
I103163165,I1289243028,1,1,2024,W4390941520,1.0
I103163165,I82497590,1,1,2024,W4390941520,1.0
I103163165,I110092051,1,1,2024,W4396806295,1.0
I103163165,I113508548,1,1,2024,W4402118358,1.0
I103163165,I17301866,1,1,2024,W4402118358,1.0
I103163165,I392282,1,1,2024,W4402118358,1.0
I103163165,I63135867,1,1,2024,W4402118358,1.0
I103320735,I124601658,1,1,2024,W4396670539,1.0
I103320735,I192455969,1,1,2024,W4396670539,1.0
I103320735,I83816512,1,1,2024,W4396670539,1.0
I103434671,I106118109,1,1,2024,W4395667411,1.0
I103434671,I28022161,1,1,2024,W4395667411,1.0
I103434671,I141591182,1,1,2024,W4401069994,1.0
I103434671,I41173762,1,1,2024,W4401069994,1.0
I103434671,I4210147955,1,1,2024,W4401069994,1.0
I103434671,I46080048,1,1,2024,W4401069994,1.0
I103434671,I173029219,1,1,2024,W4402772412,1.0
I103434671,I902853133,1,1,2024,W4402772412,1.0
I103531236,I126307644,1,1,2024,W4393952013,1.0
I103531236,I1293309919,1,1,2024,W4393952013,1.0
I103531236,I1341030882,1,1,2024,W4393952013,1.0
I103531236,I4210142479,1,1,2024,W4393952013,1.0
I103531236,I4210164166,1,1,2024,W4393952013,1.0
I103531236,I139264467,1,1,2024,W4399563352,1.0
I103531236,I130769515,1,1,2024,W4403638699,1.0
I103531236,I91045830,1,1,2024,W4403638699,1.0
I103635307,I161318765,2,2,2024,W4390943000;W4401043174,0.5
I103635307,I4210164937,1,1,2024,W4401043174,1.0
I103635307,I4210143370,1,1,2024,W4401386758,1.0
I103635307,I97018004,1,1,2024,W4401386758,1.0
I103737770,I39063666,2,2,2024,W4392623241;W4401108337,0.5
I104628220,I1289784979,1,1,2024,W4399347607,1.0
I104628220,I1325675289,1,1,2024,W4399347607,1.0
I104628220,I177877127,1,1,2024,W4399347607,1.0
I104628220,I201448701,1,1,2024,W4399347607,1.0
I104628220,I4210126452,1,1,2024,W4399347607,1.0
I104628220,I4210150574,1,1,2024,W4399347607,1.0
I104628220,I45129253,1,1,2024,W4399347607,1.0
I105036370,I4210128490,1,1,2024,W4392015344,1.0
I105036370,I4210137263,1,1,2024,W4392015344,1.0
I105036370,I4210143795,1,1,2024,W4392015344,1.0
I105036370,I91136226,1,1,2024,W4402640274,1.0
I105086349,I135905480,1,1,2024,W4394740284,1.0
I105086349,I180726961,1,1,2024,W4394740284,1.0
I105086349,I3923682,1,1,2024,W4394740284,1.0
I105086349,I4210124531,1,1,2024,W4394740284,1.0
I105086349,I4210141719,1,1,2024,W4394740284,1.0
I105086349,I4210145330,1,1,2024,W4394740284,1.0
I105086349,I4210153519,1,1,2024,W4394740284,1.0
I105086349,I4392738115,1,1,2024,W4394740284,1.0
I105086349,I76214153,1,1,2024,W4394740284,1.0
I105126617,I111950717,1,1,2024,W4393854652,1.0
I105126617,I4400573310,1,1,2024,W4393854652,1.0
I105126617,I76130692,3,3,2024,W4393854652;W4397049712;W4402451527,0.3333333333333333
I105126617,I126520041,1,1,2024,W4397049712,1.0
I105126617,I195460627,1,1,2024,W4397049712,1.0
I105126617,I28257850,1,1,2024,W4397049712,1.0
I105126617,I55285296,1,1,2024,W4397049712,1.0
I105126617,I92403157,1,1,2024,W4397049712,1.0
I105126617,I109935558,1,1,2024,W4402451527,1.0
I105126617,I19820366,1,1,2024,W4402451527,1.0
I105126617,I4210137199,1,1,2024,W4402451527,1.0
I105126617,I82880672,1,1,2024,W4404343884,1.0
I10535382,I158842170,1,1,2024,W4392909319,1.0
I10535382,I149594827,1,1,2024,W4393159397,1.0
I10535382,I157773358,1,1,2024,W4402952331,1.0
I10535382,I87445476,1,1,2024,W4402952331,1.0
I106118109,I1283613182,1,1,2024,W4391377263,1.0
I106118109,I142444530,1,1,2024,W4391377263,1.0
I106118109,I177909021,1,1,2024,W4391377263,1.0
I106118109,I17974374,1,1,2024,W4391377263,1.0
I106118109,I204881574,1,1,2024,W4391377263,1.0
I106118109,I83019370,1,1,2024,W4391377263,1.0
I106118109,I879563668,1,1,2024,W4391377263,1.0
I106118109,I28022161,1,1,2024,W4395667411,1.0
I106165777,I4210167018,1,1,2024,W4400181807,1.0
I106165777,I891191580,1,1,2024,W4400181807,1.0
I106165777,I1335321130,1,1,2024,W4401397240,1.0
I106165777,I136199984,1,1,2024,W4401397240,1.0
I106165777,I165733156,1,1,2024,W4401397240,1.0
I106165777,I185103710,1,1,2024,W4401397240,1.0
I106165777,I186143895,1,1,2024,W4401397240,1.0
I106165777,I2802423016,1,1,2024,W4401397240,1.0
I106165777,I4210087915,1,1,2024,W4401397240,1.0
I106165777,I4210101778,1,1,2024,W4401397240,1.0
I106165777,I4210127693,1,1,2024,W4401397240,1.0
I106165777,I4210146710,1,1,2024,W4401397240,1.0
I106165777,I79576946,1,1,2024,W4401397240,1.0
I106165777,I919571938,1,1,2024,W4401397240,1.0
I106165777,I97018004,1,1,2024,W4401397240,1.0
I106165777,I108103353,1,1,2024,W4402128637,1.0
I106165777,I170201317,1,1,2024,W4402128637,1.0
I106165777,I170486558,1,1,2024,W4402128637,1.0
I106165777,I200650556,1,1,2024,W4402128637,1.0
I106165777,I204136569,1,1,2024,W4402128637,1.0
I106165777,I204778367,1,1,2024,W4402128637,1.0
I106165777,I45129253,1,1,2024,W4402128637,1.0
I106165777,I98381234,1,1,2024,W4402128637,1.0
I106165777,I66946132,1,1,2024,W4402727895,1.0
I106165777,I145311948,1,1,2024,W4402728164,1.0
I106165777,I185261750,1,1,2024,W4402728164,1.0
I106165777,I78577930,1,1,2024,W4402754181,1.0
I106165777,I1289243028,1,1,2024,W4403371192,1.0
I106165777,I205640436,1,1,2024,W4403371192,1.0
I106165777,I31746571,1,1,2024,W4403371192,1.0
I106165777,I40120149,1,1,2024,W4403371192,1.0
I106296451,I128649747,1,1,2024,W4405832618,1.0
I106296451,I183935753,1,1,2024,W4405832618,1.0
I106296451,I27837315,1,1,2024,W4405832618,1.0
I10660446,I189210763,1,1,2024,W4405754093,1.0
I106785703,I113428412,1,1,2024,W4389834551,1.0
I106785703,I1294671590,4,4,2024,W4389834551;W4393906060;W4401378300;W4402715806,0.25
I106785703,I4210101573,1,1,2024,W4389834551,1.0
I106785703,I4210104430,1,1,2024,W4389834551,1.0
I106785703,I4210144566,1,1,2024,W4389834551,1.0
I106785703,I899635006,4,4,2024,W4389834551;W4393906060;W4401378300;W4402715806,0.25
I106785703,I161878677,1,1,2024,W4393906060,1.0
I106785703,I165368041,2,2,2024,W4393906060;W4401378300,0.5
I106785703,I188329596,1,1,2024,W4393906060,1.0
I106785703,I19820366,3,3,2024,W4393906060;W4401378300;W4402715806,0.3333333333333333
I106785703,I25217355,1,1,2024,W4393906060,1.0
I106785703,I2801798921,2,2,2024,W4393906060;W4401378300,0.5
I106785703,I31746571,1,1,2024,W4393906060,1.0
I106785703,I4210101348,3,3,2024,W4393906060;W4401378300;W4402715806,0.3333333333333333
I106785703,I4210137199,3,3,2024,W4393906060;W4401378300;W4402715806,0.3333333333333333
I106785703,I4210148560,2,2,2024,W4393906060;W4401378300,0.5
I106785703,I4210149092,3,3,2024,W4393906060;W4401378300;W4402715806,0.3333333333333333
I106785703,I4210165038,2,2,2024,W4393906060;W4401378300,0.5
I106785703,I62916508,1,1,2024,W4393906060,1.0
I106785703,I74801974,2,2,2024,W4393906060;W4401378300,0.5
I106785703,I76569877,1,1,2024,W4393906060,1.0
I106785703,I80606768,1,1,2024,W4393906060,1.0
I106785703,I152031979,1,1,2024,W4401378300,1.0
I106785703,I3124059619,1,1,2024,W4401378300,1.0
I106938459,I168635309,2,2,2024,W4391940856;W4392691776,0.5
I106938459,I79891267,1,1,2024,W4391940856,1.0
I106938459,I185261750,1,1,2024,W4392691776,1.0
I106938459,I2801862477,1,1,2024,W4392691776,1.0
I107139065,I107639228,1,1,2024,W4392365769,1.0
I107139065,I4210161134,1,1,2024,W4392365769,1.0
I107326029,I116660002,1,1,2024,W4393231947,1.0
I107326029,I47508984,1,1,2024,W4393231947,1.0
I107606265,I1283280774,5,5,2024,W4392947521;W4392947532;W4399567248;W4402220065;W4405545714,0.2
I107606265,I136199984,7,7,2024,W4392947521;W4392947532;W4399567248;W4402220065;W4402827768;W4405328867;W4405545714,0.14285714285714285
I107606265,I2801851002,5,5,2024,W4392947521;W4392947532;W4399567248;W4402220065;W4405545714,0.2
I107606265,I4210087915,5,5,2024,W4392947521;W4392947532;W4399567248;W4402220065;W4405328867,0.2
I107606265,I4210092658,4,4,2024,W4392947521;W4392947532;W4399567248;W4402827768,0.25
I107606265,I4210117453,3,3,2024,W4392947521;W4392947532;W4402220065,0.3333333333333333
I107606265,I4210134579,5,5,2024,W4392947521;W4392947532;W4399567248;W4402220065;W4402827768,0.2
I107606265,I4210155419,1,1,2024,W4392947521,1.0
I107606265,I63966007,5,5,2024,W4392947521;W4392947532;W4399567248;W4402220065;W4405328867,0.2
I107606265,I2802841970,2,2,2024,W4392947532;W4399567248,0.5
I107606265,I4210125099,1,1,2024,W4399567248,1.0
I107606265,I4921948,1,1,2024,W4399567248,1.0
I107606265,I108688024,1,1,2024,W4402220065,1.0
I107606265,I1282927834,1,1,2024,W4402220065,1.0
I107606265,I157773358,1,1,2024,W4402220065,1.0
I107606265,I158842170,1,1,2024,W4402220065,1.0
I107606265,I2250653659,1,1,2024,W4402220065,1.0
I107606265,I24185976,1,1,2024,W4402220065,1.0
I107606265,I3018397418,1,1,2024,W4402220065,1.0
I107606265,I4210104539,1,1,2024,W4402220065,1.0
I107606265,I4210128921,1,1,2024,W4402220065,1.0
I107606265,I4210146711,1,1,2024,W4402220065,1.0
I107606265,I4210154480,1,1,2024,W4402220065,1.0
I107606265,I4210158968,1,1,2024,W4402220065,1.0
I107606265,I4210162753,1,1,2024,W4402220065,1.0
I107606265,I79576946,1,1,2024,W4402220065,1.0
I107606265,I97018004,3,3,2024,W4402220065;W4402827768;W4405545714,0.3333333333333333
I107606265,I1320796813,1,1,2024,W4402827768,1.0
I107606265,I4210111958,1,1,2024,W4402827768,1.0
I107606265,I4210164862,1,1,2024,W4402827768,1.0
I107606265,I98704320,1,1,2024,W4402827768,1.0
I107606265,I1290206253,1,1,2024,W4405328867,1.0
I107606265,I4210149717,1,1,2024,W4405328867,1.0
I107606265,I165524941,1,1,2024,W4405545714,1.0
I107606265,I183935753,1,1,2024,W4405545714,1.0
I107606265,I3018134672,1,1,2024,W4405545714,1.0
I107606265,I4210110987,1,1,2024,W4405545714,1.0
I107606265,I4210157861,1,1,2024,W4405545714,1.0
I107606265,I47508984,1,1,2024,W4405545714,1.0
I107606265,I62916508,1,1,2024,W4405545714,1.0
I107639228,I4210161134,1,1,2024,W4392365769,1.0
I107639228,I4210089985,1,1,2024,W4393147025,1.0
I107639228,I152815399,1,1,2024,W4393904462,1.0
I107639228,I4210167254,1,1,2024,W4393904462,1.0
I107639228,I63966007,1,1,2024,W4393904462,1.0
I107639228,I121934306,1,1,2024,W4396632259,1.0
I107639228,I1282311441,1,1,2024,W4396632259,1.0
I107639228,I136199984,1,1,2024,W4396632259,1.0
I107639228,I52357470,1,1,2024,W4396632259,1.0
I107639228,I36258959,1,1,2024,W4396832024,1.0
I107639228,I157725225,2,2,2024,W4396833486;W4402915290,0.5
I107639228,I889458895,1,1,2024,W4396945188,1.0
I107639228,I4210113369,1,1,2024,W4399121418,1.0
I107639228,I99065089,1,1,2024,W4399121418,1.0
I107639228,I130769515,1,1,2024,W4399668074,1.0
I107639228,I63169043,1,1,2024,W4399668074,1.0
I107639228,I162868743,1,1,2024,W4401751023,1.0
I107639228,I36399199,1,1,2024,W4401751023,1.0
I107639228,I188538660,1,1,2024,W4402928893,1.0
I107639228,I59411706,1,1,2024,W4402928893,1.0
I107639228,I116953780,1,1,2024,W4403424095,1.0
I107639228,I168719708,1,1,2024,W4403424095,1.0
I107639228,I185492890,1,1,2024,W4403424095,1.0
I107639228,I76130692,1,1,2024,W4403424095,1.0
I107639228,I130701444,1,1,2024,W4404058379,1.0
I107639228,I180726961,1,1,2024,W4404058379,1.0
I107639228,I2800444561,1,1,2024,W4404058379,1.0
I107639228,I205783295,1,1,2024,W4404840050,1.0
I107639228,I170897317,1,1,2024,W4405183113,1.0
I107639228,I186143895,1,1,2024,W4405183113,1.0
I107639228,I47720641,1,1,2024,W4405183113,1.0
I107672454,I1290206253,2,2,2024,W4393904418;W4404587114,0.5
I107672454,I175594653,1,1,2024,W4393904418,1.0
I107672454,I205783295,2,2,2024,W4393904418;W4404587114,0.5
I107672454,I27504731,2,2,2024,W4393904418;W4404587114,0.5
I107672454,I36258959,2,2,2024,W4393904418;W4404587114,0.5
I107672454,I45129253,2,2,2024,W4393904418;W4404587114,0.5
I107672454,I63966007,2,2,2024,W4393904418;W4404587114,0.5
I107672454,I27804330,1,1,2024,W4404587114,1.0
I108103353,I170201317,1,1,2024,W4402128637,1.0
I108103353,I170486558,1,1,2024,W4402128637,1.0
I108103353,I200650556,1,1,2024,W4402128637,1.0
I108103353,I204136569,1,1,2024,W4402128637,1.0
I108103353,I204778367,1,1,2024,W4402128637,1.0
I108103353,I45129253,1,1,2024,W4402128637,1.0
I108103353,I98381234,1,1,2024,W4402128637,1.0
I108108428,I2803065428,2,2,2024,W4390708138;W4390880284,0.5
I108108428,I1330342723,1,1,2024,W4390880284,1.0
I108108428,I25399158,1,1,2024,W4390880284,1.0
I108108428,I4210140007,1,1,2024,W4390880284,1.0
I108108428,I89226531,1,1,2024,W4404823208,1.0
I108403487,I35440088,1,1,2024,W4393160302,1.0
I108468826,I859038795,1,1,2024,W4400646216,1.0
I108468826,I24185976,1,1,2024,W4402769683,1.0
I108468826,I4210125143,1,1,2024,W4402769683,1.0
I108468826,I115475287,1,1,2024,W4405441352,1.0
I108468826,I44265643,1,1,2024,W4405441352,1.0
I108688024,I1294606314,1,1,2024,W4390577395,1.0
I108688024,I145311948,1,1,2024,W4390577395,1.0
I108688024,I157773358,2,2,2024,W4390577395;W4402220065,0.5
I108688024,I172675005,1,1,2024,W4390577395,1.0
I108688024,I177725633,1,1,2024,W4390577395,1.0
I108688024,I183067930,2,2,2024,W4390577395;W4391509875,0.5
I108688024,I2251586001,1,1,2024,W4390577395,1.0
I108688024,I2799299286,2,2,2024,W4390577395;W4391509875,0.5
I108688024,I2799853436,1,1,2024,W4390577395,1.0
I108688024,I33849332,1,1,2024,W4390577395,1.0
I108688024,I4210100255,1,1,2024,W4390577395,1.0
I108688024,I4210106442,1,1,2024,W4390577395,1.0
I108688024,I4210116869,2,2,2024,W4390577395;W4391509875,0.5
I108688024,I4210116917,2,2,2024,W4390577395;W4391509875,0.5
I108688024,I4210124134,1,1,2024,W4390577395,1.0
I108688024,I4210128921,2,2,2024,W4390577395;W4402220065,0.5
I108688024,I4210144482,1,1,2024,W4390577395,1.0
I108688024,I4210153550,2,2,2024,W4390577395;W4391509875,0.5
I108688024,I47508984,1,1,2024,W4390577395,1.0
I108688024,I99065089,2,2,2024,W4390577395;W4391509875,0.5
I108688024,I165932596,1,1,2024,W4391509875,1.0
I108688024,I4210128175,1,1,2024,W4391509875,1.0
I108688024,I1282927834,1,1,2024,W4402220065,1.0
I108688024,I1283280774,1,1,2024,W4402220065,1.0
I108688024,I136199984,1,1,2024,W4402220065,1.0
I108688024,I158842170,1,1,2024,W4402220065,1.0
I108688024,I2250653659,1,1,2024,W4402220065,1.0
I108688024,I24185976,1,1,2024,W4402220065,1.0
I108688024,I2801851002,1,1,2024,W4402220065,1.0
I108688024,I3018397418,1,1,2024,W4402220065,1.0
I108688024,I4210087915,1,1,2024,W4402220065,1.0
I108688024,I4210104539,1,1,2024,W4402220065,1.0
I108688024,I4210117453,1,1,2024,W4402220065,1.0
I108688024,I4210134579,1,1,2024,W4402220065,1.0
I108688024,I4210146711,1,1,2024,W4402220065,1.0
I108688024,I4210154480,1,1,2024,W4402220065,1.0
I108688024,I4210158968,1,1,2024,W4402220065,1.0
I108688024,I4210162753,1,1,2024,W4402220065,1.0
I108688024,I63966007,1,1,2024,W4402220065,1.0
I108688024,I79576946,1,1,2024,W4402220065,1.0
I108688024,I97018004,1,1,2024,W4402220065,1.0
I108754898,I153718931,1,1,2024,W4402350363,1.0
I108754898,I4210087059,1,1,2024,W4402350363,1.0
I108904480,I186272606,1,1,2024,W4399070603,1.0
I108904480,I32399674,1,1,2024,W4399070603,1.0
I108904480,I4210119246,1,1,2024,W4399070603,1.0
I108904480,I4210152380,1,1,2024,W4399070603,1.0
I109173049,I319874951,1,1,2024,W4399300622,1.0
I109173049,I79619799,1,1,2024,W4399300622,1.0
I109173049,I1118541,1,1,2024,W4404006088,1.0
I109173049,I122346577,1,1,2024,W4404006088,1.0
I109297418,I143914637,1,1,2024,W4393870488,1.0
I109297418,I162720556,1,1,2024,W4393870488,1.0
I109689652,I141445968,1,1,2024,W4401413802,1.0
I109689652,I145847075,1,1,2024,W4401413802,1.0
I109689652,I146655781,1,1,2024,W4401413802,1.0
I109689652,I47508984,1,1,2024,W4401413802,1.0
I109689652,I94518387,1,1,2024,W4401413802,1.0
I109736498,I4210099137,1,1,2024,W4398757454,1.0
I109736498,I4210164802,1,1,2024,W4398757454,1.0
I109736498,I4210167196,1,1,2024,W4398757454,1.0
I109736498,I5023651,1,1,2024,W4398757454,1.0
I109736498,I1294671590,1,1,2024,W4399922932,1.0
I109736498,I148283060,1,1,2024,W4399922932,1.0
I109736498,I188538660,1,1,2024,W4399922932,1.0
I109736498,I20089843,1,1,2024,W4399922932,1.0
I109736498,I204730241,1,1,2024,W4399922932,1.0
I109736498,I241749,1,1,2024,W4399922932,1.0
I109736498,I2738703131,1,1,2024,W4399922932,1.0
I109736498,I277688954,1,1,2024,W4399922932,1.0
I109736498,I4210086977,1,1,2024,W4399922932,1.0
I109736498,I4210128565,1,1,2024,W4399922932,1.0
I109736498,I4210153546,1,1,2024,W4399922932,1.0
I109736498,I4387153999,1,1,2024,W4399922932,1.0
I109736498,I57206974,1,1,2024,W4399922932,1.0
I109736498,I185261750,2,2,2024,W4400201634;W4405737927,0.5
I109736498,I4210088955,1,1,2024,W4400201634,1.0
I109736498,I4210127509,2,2,2024,W4400201634;W4405737927,0.5
I109736498,I98251732,1,1,2024,W4400201634,1.0
I109736498,I204337017,1,1,2024,W4405737927,1.0
I109935558,I4210101660,1,1,2024,W4393388987,1.0
I109935558,I4210164142,1,1,2024,W4393388987,1.0
I109935558,I4400573310,1,1,2024,W4400484392,1.0
I109935558,I6469544,1,1,2024,W4400484392,1.0
I109935558,I76130692,3,3,2024,W4400484392;W4402451527;W4403753254,0.3333333333333333
I109935558,I19820366,1,1,2024,W4402451527,1.0
I109935558,I4210137199,1,1,2024,W4402451527,1.0
I109954829,I158716096,4,4,2024,W4391071102;W4392297482;W4399365539;W4405237100,0.25
I110092051,I121980950,1,1,2024,W4390984237,1.0
I110092051,I165638839,1,1,2024,W4390984237,1.0
I110181903,I24943067,1,1,2024,W4403760963,1.0
I110181903,I3923682,1,1,2024,W4403760963,1.0
I110181903,I74973139,1,1,2024,W4403760963,1.0
I110200422,I33213144,1,1,2024,W4399367209,1.0
I110200422,I97018004,1,1,2024,W4399367209,1.0
I110200422,I1298354342,1,1,2024,W4401098740,1.0
I110200422,I146165071,1,1,2024,W4401098740,1.0
I110217816,I124633538,1,1,2024,W4402164968,1.0
I110217816,I12832649,1,1,2024,W4402164968,1.0
I110273157,I4210131147,1,1,2024,W4399372338,1.0
I110273157,I4401726783,1,1,2024,W4399372338,1.0
I110273157,I2803058125,1,1,2024,W4402916417,1.0
I110325482,I130238516,1,1,2024,W4404195142,1.0
I110325482,I2799477901,1,1,2024,W4404195142,1.0
I110360157,I168719708,1,1,2024,W4394828356,1.0
I110360157,I200650556,1,1,2024,W4394828356,1.0
I110360157,I33586908,1,1,2024,W4394828356,1.0
I110360157,I4210131147,1,1,2024,W4394828356,1.0
I110360157,I4401726783,1,1,2024,W4394828356,1.0
I110360157,I48890080,1,1,2024,W4394828356,1.0
I110360157,I74319210,3,3,2024,W4394828356;W4399306094;W4399770196,0.3333333333333333
I110360157,I876193797,1,1,2024,W4394828356,1.0
I110360157,I158708052,1,1,2024,W4399770196,1.0
I110360157,I165831266,1,1,2024,W4399770196,1.0
I110360157,I2799452066,1,1,2024,W4399770196,1.0
I110360157,I56306041,1,1,2024,W4399770196,1.0
I110360157,I60054993,1,1,2024,W4399770196,1.0
I110360157,I91633459,1,1,2024,W4399770196,1.0
I110360157,I3132999081,1,1,2024,W4401884437,1.0
I110360157,I12079687,1,1,2024,W4404193027,1.0
I110360157,I4210149275,1,1,2024,W4404193027,1.0
I110378019,I142024983,1,1,2024,W4391808470,1.0
I110378019,I53620714,1,1,2024,W4391808470,1.0
I110378019,I85507684,1,1,2024,W4391808470,1.0
I110440473,I25254941,1,1,2024,W4401893254,1.0
I110440473,I3133090473,1,1,2024,W4401893254,1.0
I110440473,I88830068,1,1,2024,W4401893254,1.0
I110736937,I132976966,1,1,2024,W4398144060,1.0
I110736937,I154526488,1,1,2024,W4398144060,1.0
I110736937,I161046081,1,1,2024,W4398144060,1.0
I110736937,I180297670,1,1,2024,W4398144060,1.0
I110736937,I197681013,1,1,2024,W4398144060,1.0
I110736937,I204730241,1,1,2024,W4398144060,1.0
I110736937,I39804081,1,1,2024,W4398144060,1.0
I110736937,I4210091279,1,1,2024,W4398144060,1.0
I110736937,I4210091437,1,1,2024,W4398144060,1.0
I110736937,I4210097159,1,1,2024,W4398144060,1.0
I110736937,I4387154308,1,1,2024,W4398144060,1.0
I110736937,I4394709234,1,1,2024,W4398144060,1.0
I110930757,I158867519,1,1,2024,W4404070313,1.0
I111088046,I12912129,3,3,2024,W4392213660;W4396819036;W4400771722,0.3333333333333333
I111088046,I203172682,1,1,2024,W4392213660,1.0
I111088046,I33434090,2,2,2024,W4398765017;W4401432779,0.5
I111088046,I170201317,2,2,2024,W4399876352;W4403649762,0.5
I111088046,I4210134769,1,1,2024,W4399876352,1.0
I111088046,I74973139,2,2,2024,W4399876352;W4402666241,0.5
I111088046,I97018004,2,2,2024,W4399876352;W4400771722,0.5
I111088046,I178169726,1,1,2024,W4400771722,1.0
I111088046,I57206974,1,1,2024,W4400771722,1.0
I111088046,I58610484,1,1,2024,W4400771722,1.0
I111088046,I59553526,1,1,2024,W4400771722,1.0
I111088046,I1286490081,1,1,2024,W4401432779,1.0
I111088046,I204465549,1,1,2024,W4402666241,1.0
I111088046,I4210121988,1,1,2024,W4402666241,1.0
I111088046,I84218800,1,1,2024,W4402666241,1.0
I111088046,I1291425158,1,1,2024,W4404965692,1.0
I111088046,I16391192,1,1,2024,W4404965692,1.0
I111088046,I174306211,1,1,2024,W4404965692,1.0
I111088046,I4210117425,1,1,2024,W4404965692,1.0
I111088046,I53964585,1,1,2024,W4404965692,1.0
I111088046,I1290206253,1,1,2024,W4405464828,1.0
I111088046,I136199984,1,1,2024,W4405464828,1.0
I11123151,I27804330,1,1,2024,W4405675222,1.0
I111381250,I162868743,1,1,2024,W4395052272,1.0
I111381250,I200296433,1,1,2024,W4395052272,1.0
I111381250,I20231570,1,1,2024,W4395052272,1.0
I111381250,I4210100255,1,1,2024,W4395052272,1.0
I111381250,I4210124809,1,1,2024,W4395052272,1.0
I111381250,I4210130930,1,1,2024,W4395052272,1.0
I111381250,I4210141942,1,1,2024,W4395052272,1.0
I111381250,I4210157729,1,1,2024,W4395052272,1.0
I111381250,I82880672,1,1,2024,W4395052272,1.0
I111398093,I126596746,1,1,2024,W4399035759,1.0
I111398093,I34250744,1,1,2024,W4399035759,1.0
I111398093,I4210101585,1,1,2024,W4399035759,1.0
I111398093,I25169866,1,1,2024,W4402474423,1.0
I111398093,I4210108537,1,1,2024,W4402474423,1.0
I111455621,I2800359653,1,1,2024,W4403687074,1.0
I111455621,I57206974,1,1,2024,W4403687074,1.0
I111483173,I1294671590,1,1,2024,W4395695883,1.0
I111483173,I1326498283,1,1,2024,W4395695883,1.0
I111483173,I20231570,3,3,2024,W4395695883;W4401417236;W4405933357,0.3333333333333333
I111483173,I2802519937,1,1,2024,W4395695883,1.0
I111483173,I4210139461,1,1,2024,W4395695883,1.0
I111483173,I4210090971,1,1,2024,W4401417236,1.0
I111483173,I4210122302,1,1,2024,W4401417236,1.0
I111483173,I4391012619,1,1,2024,W4401417236,1.0
I111483173,I20089843,1,1,2024,W4405933357,1.0
I111483173,I4210141176,1,1,2024,W4405933357,1.0
I111483173,I4210148632,1,1,2024,W4405933357,1.0
I111483173,I76130692,1,1,2024,W4405933357,1.0
I111483173,I97018004,1,1,2024,W4405933357,1.0
I111599522,I168719708,1,1,2024,W4390537445,1.0
I111599522,I111950717,1,1,2024,W4391753194,1.0
I1118541,I130343225,1,1,2024,W4392139984,1.0
I1118541,I49185572,1,1,2024,W4392139984,1.0
I1118541,I84339108,1,1,2024,W4392139984,1.0
I1118541,I122346577,1,1,2024,W4404006088,1.0
I111950717,I204512498,2,2,2024,W4392247448;W4405268957,0.5
I111950717,I87445476,1,1,2024,W4392247448,1.0
I111950717,I143868143,1,1,2024,W4393234434,1.0
I111950717,I151746483,1,1,2024,W4393234434,1.0
I111950717,I172675005,1,1,2024,W4393234434,1.0
I111950717,I19820366,1,1,2024,W4393234434,1.0
I111950717,I4210112150,1,1,2024,W4393234434,1.0
I111950717,I4400573310,1,1,2024,W4393854652,1.0
I111950717,I76130692,1,1,2024,W4393854652,1.0
I111950717,I75689368,1,1,2024,W4401203583,1.0
I111950717,I37987034,1,1,2024,W4402709450,1.0
I111950717,I139660479,1,1,2024,W4405268957,1.0
I111950717,I157773358,1,1,2024,W4405268957,1.0
I111950717,I200296433,1,1,2024,W4405268957,1.0
I111950717,I20231570,1,1,2024,W4405268957,1.0
I111950717,I27781120,1,1,2024,W4405268957,1.0
I111950717,I40120149,1,1,2024,W4405268957,1.0
I111950717,I4210086933,1,1,2024,W4405268957,1.0
I111950717,I4210086973,1,1,2024,W4405268957,1.0
I111950717,I4210090512,1,1,2024,W4405268957,1.0
I111950717,I4210096587,1,1,2024,W4405268957,1.0
I111950717,I4210097354,1,1,2024,W4405268957,1.0
I111950717,I4210105182,1,1,2024,W4405268957,1.0
I111950717,I4210122949,1,1,2024,W4405268957,1.0
I111950717,I4210123185,1,1,2024,W4405268957,1.0
I111950717,I4210128921,1,1,2024,W4405268957,1.0
I111950717,I4210146711,1,1,2024,W4405268957,1.0
I111950717,I4210147381,1,1,2024,W4405268957,1.0
I111950717,I4210153856,1,1,2024,W4405268957,1.0
I111950717,I4210154142,1,1,2024,W4405268957,1.0
I111950717,I4210160507,1,1,2024,W4405268957,1.0
I111950717,I58200834,1,1,2024,W4405268957,1.0
I111950717,I92039509,1,1,2024,W4405268957,1.0
I111966504,I4210116646,1,1,2024,W4392858628,1.0
I111979921,I204250578,2,2,2024,W4391421475;W4401539500,0.5
I111979921,I33434090,1,1,2024,W4391421475,1.0
I111979921,I1324252669,1,1,2024,W4391589803,1.0
I111979921,I197854408,1,1,2024,W4391589803,1.0
I111979921,I1282105669,1,1,2024,W4391821797,1.0
I111979921,I157725225,1,1,2024,W4391821797,1.0
I111979921,I39422238,1,1,2024,W4391821797,1.0
I111979921,I40347166,1,1,2024,W4391821797,1.0
I111979921,I154425047,1,1,2024,W4392109933,1.0
I111979921,I180242103,1,1,2024,W4392109933,1.0
I111979921,I193531525,1,1,2024,W4392109933,1.0
I111979921,I241749,1,1,2024,W4392109933,1.0
I111979921,I40120149,1,1,2024,W4392109933,1.0
I111979921,I44430492,1,1,2024,W4392109933,1.0
I111979921,I5023651,1,1,2024,W4392109933,1.0
I111979921,I56590836,1,1,2024,W4392109933,1.0
I111979921,I68666633,1,1,2024,W4392109933,1.0
I111979921,I79576946,1,1,2024,W4392109933,1.0
I111979921,I4210089162,1,1,2024,W4393529891,1.0
I111979921,I2801410363,1,1,2024,W4395014896,1.0
I111979921,I59553526,1,1,2024,W4395014896,1.0
I111979921,I205783295,1,1,2024,W4400734098,1.0
I111979921,I97018004,1,1,2024,W4400734098,1.0
I111979921,I4210151799,1,1,2024,W4400823526,1.0
I111979921,I126520041,1,1,2024,W4401539500,1.0
I111979921,I2802730090,1,1,2024,W4401539500,1.0
I111979921,I32971472,1,1,2024,W4401539500,1.0
I111979921,I4210100400,1,1,2024,W4401539500,1.0
I111979921,I4210147348,1,1,2024,W4401539500,1.0
I111979921,I58956616,1,1,2024,W4401539500,1.0
I111979921,I887064364,1,1,2024,W4401926094,1.0
I111979921,I1343180700,1,1,2024,W4405488864,1.0
I112048516,I1290206253,1,1,2024,W4398183095,1.0
I112048516,I1291425158,1,1,2024,W4398183095,1.0
I112048516,I1308683654,1,1,2024,W4398183095,1.0
I112048516,I1318687432,1,1,2024,W4398183095,1.0
I112048516,I136199984,1,1,2024,W4398183095,1.0
I112048516,I148283060,1,1,2024,W4398183095,1.0
I112048516,I27837315,1,1,2024,W4398183095,1.0
I112048516,I2800156163,1,1,2024,W4398183095,1.0
I112048516,I2801081054,1,1,2024,W4398183095,1.0
I112048516,I2801851002,1,1,2024,W4398183095,1.0
I112048516,I4210119109,1,1,2024,W4398183095,1.0
I112048516,I4400600948,1,1,2024,W4398183095,1.0
I112048516,I62916508,1,1,2024,W4398183095,1.0
I112048516,I63966007,1,1,2024,W4398183095,1.0
I112048516,I74973139,1,1,2024,W4398183095,1.0
I112048516,I78577930,1,1,2024,W4398183095,1.0
I112048516,I79576946,1,1,2024,W4398183095,1.0
I112048516,I86519309,1,1,2024,W4398183095,1.0
I112048516,I95457486,1,1,2024,W4398183095,1.0
I112048516,I97018004,1,1,2024,W4398183095,1.0
I112260969,I185261750,1,1,2024,W4399866885,1.0
I112260969,I4210157790,1,1,2024,W4399866885,1.0
I112475681,I121980950,1,1,2024,W4403513981,1.0
I112475681,I142606810,1,1,2024,W4403513981,1.0
I112475681,I4210119109,1,1,2024,W4403513981,1.0
I112475681,I52669646,1,1,2024,W4403513981,1.0
I112982808,I4210163116,1,1,2024,W4392944048,1.0
I112982808,I63327873,1,1,2024,W4392944048,1.0
I113306721,I125602781,1,1,2024,W4393317046,1.0
I113306721,I137975476,1,1,2024,W4393317046,1.0
I113306721,I163770644,1,1,2024,W4393317046,1.0
I113306721,I203951103,1,1,2024,W4393317046,1.0
I113306721,I205349734,1,1,2024,W4393317046,1.0
I113306721,I22299242,1,1,2024,W4393317046,1.0
I113306721,I34077901,1,1,2024,W4393317046,1.0
I113306721,I4210122547,1,1,2024,W4393317046,1.0
I113306721,I4210141669,1,1,2024,W4393317046,1.0
I113306721,I4210157775,1,1,2024,W4393317046,1.0
I113306721,I4387152983,1,1,2024,W4393317046,1.0
I113306721,I60134161,1,1,2024,W4393317046,1.0
I113306721,I74801974,1,1,2024,W4393317046,1.0
I113306721,I98285908,1,1,2024,W4393317046,1.0
I113389987,I24943067,1,1,2024,W4394870153,1.0
I113428412,I1294671590,1,1,2024,W4389834551,1.0
I113428412,I4210101573,1,1,2024,W4389834551,1.0
I113428412,I4210104430,1,1,2024,W4389834551,1.0
I113428412,I4210144566,1,1,2024,W4389834551,1.0
I113428412,I899635006,1,1,2024,W4389834551,1.0
I113508548,I196699116,1,1,2024,W4393253100,1.0
I113508548,I392282,2,2,2024,W4393253100;W4402118358,0.5
I113508548,I17301866,1,1,2024,W4402118358,1.0
I113508548,I63135867,1,1,2024,W4402118358,1.0
I113940042,I157725225,1,1,2024,W4392972103,1.0
I113940042,I183067930,1,1,2024,W4392972103,1.0
I113940042,I19820366,1,1,2024,W4392972103,1.0
I113940042,I2802974365,1,1,2024,W4392972103,1.0
I113940042,I4210090176,1,1,2024,W4392972103,1.0
I113940042,I4210101410,1,1,2024,W4392972103,1.0
I113940042,I4210123185,1,1,2024,W4392972103,1.0
I113940042,I4210165038,1,1,2024,W4392972103,1.0
I113940042,I76130692,1,1,2024,W4392972103,1.0
I113940042,I24943067,1,1,2024,W4403095455,1.0
I113940042,I4210099446,1,1,2024,W4403095455,1.0
I113940042,I4210127074,1,1,2024,W4403095455,1.0
I113940042,I4210128175,1,1,2024,W4403095455,1.0
I113940042,I4210159575,1,1,2024,W4403095455,1.0
I113940042,I887968799,1,1,2024,W4403168650,1.0
I113940042,I90090648,1,1,2024,W4403168650,1.0
I113940042,I176790772,1,1,2024,W4405717791,1.0
I113940042,I82880672,1,1,2024,W4405717791,1.0
I113979032,I1316535847,1,1,2024,W4391069701,1.0
I113979032,I136199984,1,1,2024,W4391069701,1.0
I113979032,I4210131804,1,1,2024,W4391069701,1.0
I113979032,I75747061,1,1,2024,W4391069701,1.0
I114017466,I4210162190,1,1,2024,W4393148721,1.0
I114017466,I4210166206,1,1,2024,W4393148721,1.0
I114017466,I146655781,1,1,2024,W4393864550,1.0
I114017466,I172675005,2,2,2024,W4393864550;W4399527299,0.5
I114017466,I200769079,1,1,2024,W4393864550,1.0
I114017466,I848706,1,1,2024,W4393864550,1.0
I114017466,I126520041,1,1,2024,W4399061921,1.0
I114017466,I4210135670,1,1,2024,W4399061921,1.0
I114017466,I4210137491,1,1,2024,W4399061921,1.0
I114017466,I887064364,1,1,2024,W4399061921,1.0
I114017466,I170238339,1,1,2024,W4399527299,1.0
I114017466,I82497590,1,1,2024,W4399527299,1.0
I114017466,I160993911,1,1,2024,W4401074745,1.0
I114027177,I132976966,1,1,2024,W4392343921,1.0
I114027177,I180297670,1,1,2024,W4392343921,1.0
I114027177,I201448701,1,1,2024,W4398245384,1.0
I114027177,I4210089486,1,1,2024,W4398245384,1.0
I114027177,I4210156221,1,1,2024,W4399117902,1.0
I114027177,I901861585,1,1,2024,W4401276433,1.0
I114027177,I169335092,1,1,2024,W4401759841,1.0
I114027177,I1333535994,1,1,2024,W4402671543,1.0
I114027177,I2801851002,1,1,2024,W4402952420,1.0
I114027177,I55732556,1,1,2024,W4402952420,1.0
I114027177,I63966007,1,1,2024,W4402952420,1.0
I114027177,I87216513,1,1,2024,W4402952420,1.0
I114027177,I1283280774,2,2,2024,W4403090811;W4403112661,0.5
I114027177,I182212641,2,2,2024,W4403090811;W4403112661,0.5
I114027177,I4210152518,1,1,2024,W4403112661,1.0
I114027177,I4210154111,1,1,2024,W4403112661,1.0
I114027177,I74786994,1,1,2024,W4403112661,1.0
I114027177,I137902535,1,1,2024,W4405079624,1.0
I114027177,I4210166946,1,1,2024,W4405079624,1.0
I11406153,I19820366,1,1,2024,W4402727142,1.0
I11406153,I4210122302,1,1,2024,W4402727142,1.0
I11406153,I4210139598,1,1,2024,W4402727142,1.0
I11406153,I4210145761,1,1,2024,W4402727142,1.0
I11406153,I4391012619,1,1,2024,W4402727142,1.0
I11406153,I881766915,1,1,2024,W4402727142,1.0
I11406153,I889458895,1,1,2024,W4402727142,1.0
I114090438,I149704539,1,1,2024,W4398202008,1.0
I114090438,I131729948,1,1,2024,W4403626237,1.0
I114090438,I180923762,1,1,2024,W4403626237,1.0
I114090438,I223822909,1,1,2024,W4403626237,1.0
I114090438,I2802164966,1,1,2024,W4403626237,1.0
I114090438,I2802619606,1,1,2024,W4403626237,1.0
I114090438,I4210111460,1,1,2024,W4403626237,1.0
I114090438,I4210120689,1,1,2024,W4403626237,1.0
I114090438,I4210124799,1,1,2024,W4403626237,1.0
I114090438,I4210132578,1,1,2024,W4403626237,1.0
I114090438,I4210148371,1,1,2024,W4403626237,1.0
I114090438,I4210153755,1,1,2024,W4403626237,1.0
I114090438,I4210162051,1,1,2024,W4403626237,1.0
I114090438,I62916508,1,1,2024,W4403626237,1.0
I114129787,I4210135449,1,1,2024,W4392904241,1.0
I114395901,I1298353152,1,1,2024,W4390880765,1.0
I114395901,I4210099336,1,1,2024,W4390880765,1.0
I114395901,I207123951,1,1,2024,W4400181815,1.0
I114395901,I158743462,1,1,2024,W4402512478,1.0
I114395901,I197347611,1,1,2024,W4402512478,1.0
I114395901,I4210104741,1,1,2024,W4402512478,1.0
I114395901,I4210139533,1,1,2024,W4402512478,1.0
I114457229,I4210092839,1,1,2024,W4398201968,1.0
I114457229,I4210161256,1,1,2024,W4398201968,1.0
I114457229,I76214153,1,1,2024,W4398201968,1.0
I114457229,I98251732,1,1,2024,W4398201968,1.0
I114457229,I2801935854,1,1,2024,W4400720716,1.0
I114457229,I62916508,2,2,2024,W4400720716;W4404764563,0.5
I114457229,I91203450,1,1,2024,W4400720716,1.0
I114457229,I4210090769,1,1,2024,W4402225385,1.0
I114457229,I4210131846,1,1,2024,W4402225385,1.0
I114457229,I125680101,1,1,2024,W4404764563,1.0
I114457229,I130701444,1,1,2024,W4404764563,1.0
I114457229,I142263535,1,1,2024,W4404764563,1.0
I114457229,I145597306,1,1,2024,W4404764563,1.0
I114457229,I150468666,1,1,2024,W4404764563,1.0
I114457229,I16835326,1,1,2024,W4404764563,1.0
I114457229,I168864056,1,1,2024,W4404764563,1.0
I114457229,I170658231,1,1,2024,W4404764563,1.0
I114457229,I1850255,1,1,2024,W4404764563,1.0
I114457229,I197323543,1,1,2024,W4404764563,1.0
I114457229,I20089843,1,1,2024,W4404764563,1.0
I114457229,I202697423,1,1,2024,W4404764563,1.0
I114457229,I204337017,1,1,2024,W4404764563,1.0
I114457229,I2184545,1,1,2024,W4404764563,1.0
I114457229,I241749,1,1,2024,W4404764563,1.0
I114457229,I27804330,1,1,2024,W4404764563,1.0
I114457229,I2802640592,1,1,2024,W4404764563,1.0
I114457229,I32597200,1,1,2024,W4404764563,1.0
I114457229,I32971472,1,1,2024,W4404764563,1.0
I114457229,I36234482,1,1,2024,W4404764563,1.0
I114457229,I40120149,1,1,2024,W4404764563,1.0
I114457229,I4210094062,1,1,2024,W4404764563,1.0
I114457229,I4210098931,1,1,2024,W4404764563,1.0
I114457229,I4210126907,1,1,2024,W4404764563,1.0
I114457229,I4210128584,1,1,2024,W4404764563,1.0
I114457229,I4210130445,1,1,2024,W4404764563,1.0
I114457229,I4210134158,1,1,2024,W4404764563,1.0
I114457229,I4210134550,1,1,2024,W4404764563,1.0
I114457229,I4210143801,1,1,2024,W4404764563,1.0
I114457229,I4210144746,1,1,2024,W4404764563,1.0
I114457229,I4210157294,1,1,2024,W4404764563,1.0
I114457229,I4210158500,1,1,2024,W4404764563,1.0
I114457229,I4387152376,1,1,2024,W4404764563,1.0
I114457229,I44260953,1,1,2024,W4404764563,1.0
I114457229,I45129253,1,1,2024,W4404764563,1.0
I114457229,I57206974,1,1,2024,W4404764563,1.0
I114457229,I63966007,1,1,2024,W4404764563,1.0
I114457229,I78757542,1,1,2024,W4404764563,1.0
I114457229,I79576946,1,1,2024,W4404764563,1.0
I114457229,I8087733,1,1,2024,W4404764563,1.0
I114457229,I8204097,1,1,2024,W4404764563,1.0
I114457229,I91727514,1,1,2024,W4404764563,1.0
I114457229,I97565354,1,1,2024,W4404764563,1.0
I114457229,I98677209,1,1,2024,W4404764563,1.0
I114493937,I119443389,1,1,2024,W4400195897,1.0
I114531698,I203951103,1,1,2024,W4390578006,1.0
I114531698,I4210113480,1,1,2024,W4393146641,1.0
I114531698,I1315852903,1,1,2024,W4399615879,1.0
I114531698,I183067930,1,1,2024,W4399615879,1.0
I114531698,I19820366,1,1,2024,W4399615879,1.0
I114531698,I200845125,1,1,2024,W4399615879,1.0
I114531698,I4210126580,1,1,2024,W4399615879,1.0
I114531698,I4210152758,1,1,2024,W4399615879,1.0
I114531698,I4391012619,1,1,2024,W4399615879,1.0
I114531698,I142108993,1,1,2024,W4401975604,1.0
I114531698,I150744194,1,1,2024,W4401975604,1.0
I114531698,I20231570,1,1,2024,W4401975604,1.0
I114531698,I223464139,1,1,2024,W4401975604,1.0
I114531698,I99464096,1,1,2024,W4401975604,1.0
I114772536,I162577319,1,1,2024,W4399577572,1.0
I114772536,I79891267,1,1,2024,W4399577572,1.0
I114772536,I881766915,1,1,2024,W4399577572,1.0
I114832834,I142078773,1,1,2024,W4394627652,1.0
I114832834,I19820366,1,1,2024,W4394627652,1.0
I114832834,I36399199,1,1,2024,W4394627652,1.0
I114832834,I4210113480,1,1,2024,W4394627652,1.0
I114832834,I4210165038,1,1,2024,W4394627652,1.0
I114832834,I90610280,1,1,2024,W4394627652,1.0
I114972647,I117222138,1,1,2024,W4390509863,1.0
I114972647,I161913731,1,1,2024,W4390509863,1.0
I114972647,I8033065,1,1,2024,W4390509863,1.0
I114972647,I47818738,1,1,2024,W4405508981,1.0
I115209984,I118501908,1,1,2024,W4406419344,1.0
I115209984,I1340753257,1,1,2024,W4406419344,1.0
I115209984,I153845743,1,1,2024,W4406419344,1.0
I115209984,I4210116466,1,1,2024,W4406419344,1.0
I115209984,I4210123447,1,1,2024,W4406419344,1.0
I115212828,I21193070,1,1,2024,W4404822966,1.0
I115212828,I84218800,1,1,2024,W4404822966,1.0
I115212828,I99065089,1,1,2024,W4404822966,1.0
I115228651,I162827531,1,1,2024,W4390511840,1.0
I115228651,I172675005,7,7,2024,W4390511840;W4393152558;W4401110399;W4401416311;W4402704606;W4402715906;W4404238463,0.14285714285714285
I115228651,I4210123095,1,1,2024,W4390511840,1.0
I115228651,I57206974,1,1,2024,W4393152558,1.0
I115228651,I66867065,1,1,2024,W4393152558,1.0
I115228651,I1324925910,1,1,2024,W4395471118,1.0
I115228651,I183067930,2,2,2024,W4395471118;W4402704606,0.5
I115228651,I2250653659,2,2,2024,W4395471118;W4402716423,0.5
I115228651,I3005327000,8,8,2024,W4395471118;W4402704606;W4402715906;W4402716423;W4402753822;W4404238463;W4404914305;W4406461891,0.125
I115228651,I37461747,1,1,2024,W4395471118,1.0
I115228651,I14243506,1,1,2024,W4401110399,1.0
I115228651,I3045169105,1,1,2024,W4401416311,1.0
I115228651,I165932596,3,3,2024,W4402716423;W4403649703;W4404914305,0.3333333333333333
I115228651,I24943067,1,1,2024,W4402716423,1.0
I115228651,I4210116924,1,1,2024,W4402753822,1.0
I115228651,I90610280,1,1,2024,W4402753822,1.0
I115228651,I24185976,1,1,2024,W4402753981,1.0
I115228651,I3004594783,2,2,2024,W4402753981;W4403649703,0.5
I115228651,I32394136,1,1,2024,W4402753981,1.0
I115228651,I2799299286,1,1,2024,W4403649703,1.0
I115228651,I4210116917,1,1,2024,W4403649703,1.0
I115228651,I139024713,1,1,2024,W4404238463,1.0
I115228651,I139759216,1,1,2024,W4404238463,1.0
I115228651,I194450716,1,1,2024,W4404238463,1.0
I115228651,I4210134929,1,1,2024,W4404238463,1.0
I115228651,I889458895,1,1,2024,W4404238463,1.0
I115228651,I82880672,1,1,2024,W4404914305,1.0
I115304662,I11986463,1,1,2024,W4404413033,1.0
I115304662,I4210108266,1,1,2024,W4404413033,1.0
I115304662,I83816512,1,1,2024,W4404413033,1.0
I115475287,I1174212,1,1,2024,W4398141811,1.0
I115475287,I130769515,1,1,2024,W4398141811,1.0
I115475287,I150468666,1,1,2024,W4398141811,1.0
I115475287,I165143802,1,1,2024,W4398141811,1.0
I115475287,I36234482,1,1,2024,W4398141811,1.0
I115475287,I91045830,1,1,2024,W4398141811,1.0
I115475287,I44265643,1,1,2024,W4405441352,1.0
I115498069,I190930483,1,1,2024,W4401633394,1.0
I115498069,I203765153,1,1,2024,W4401633394,1.0
I115498069,I32915989,1,1,2024,W4401633394,1.0
I115498069,I4210092806,1,1,2024,W4401633394,1.0
I115498069,I4210103779,1,1,2024,W4401633394,1.0
I115498069,I4210160792,1,1,2024,W4401633394,1.0
I116067653,I4210127055,1,1,2024,W4399423681,1.0
I116067653,I861853513,1,1,2024,W4401332735,1.0
I116067653,I4210124318,1,1,2024,W4403878419,1.0
I116067653,I82284825,1,1,2024,W4403878419,1.0
I116067653,I25217355,1,1,2024,W4404065223,1.0
I116067653,I4210123352,1,1,2024,W4404065223,1.0
I116121188,I129604602,1,1,2024,W4393160294,1.0
I116631150,I139264467,1,1,2024,W4394597984,1.0
I116631150,I193775966,1,1,2024,W4394597984,1.0
I116631150,I40542001,1,1,2024,W4394597984,1.0
I116631150,I48566637,1,1,2024,W4394597984,1.0
I116660002,I47508984,2,2,2024,W4393231947;W4400955756,0.5
I116660002,I138898306,1,1,2024,W4400955756,1.0
I116660002,I13955877,1,1,2024,W4400955756,1.0
I116660002,I16391192,1,1,2024,W4400955756,1.0
I116660002,I2799807261,1,1,2024,W4400955756,1.0
I116660002,I2801151526,1,1,2024,W4400955756,1.0
I116660002,I4210125051,1,1,2024,W4400955756,1.0
I116660002,I4210140243,1,1,2024,W4400955756,1.0
I116660002,I91203450,1,1,2024,W4400955756,1.0
I116953780,I4210099069,1,1,2024,W4391232716,1.0
I116953780,I51622183,1,1,2024,W4391232716,1.0
I116953780,I4210095624,1,1,2024,W4392910559,1.0
I116953780,I24943067,2,2,2024,W4393159172;W4405640204,0.5
I116953780,I4210136431,1,1,2024,W4396527538,1.0
I116953780,I1292974536,1,1,2024,W4396869735,1.0
I116953780,I194450716,1,1,2024,W4396869735,1.0
I116953780,I4210153682,1,1,2024,W4396869735,1.0
I116953780,I150229711,1,1,2024,W4399347896,1.0
I116953780,I4210136793,1,1,2024,W4399347896,1.0
I116953780,I201726411,1,1,2024,W4401717638,1.0
I116953780,I19820366,2,2,2024,W4401878930;W4405640204,0.5
I116953780,I200769079,1,1,2024,W4401878930,1.0
I116953780,I201448701,1,1,2024,W4401878930,1.0
I116953780,I4210112150,1,1,2024,W4401878930,1.0
I116953780,I889458895,1,1,2024,W4401878930,1.0
I116953780,I168719708,1,1,2024,W4403424095,1.0
I116953780,I185492890,1,1,2024,W4403424095,1.0
I116953780,I76130692,2,2,2024,W4403424095;W4404525423,0.5
I116953780,I183067930,1,1,2024,W4404525423,1.0
I116953780,I4210097066,1,1,2024,W4404525423,1.0
I116953780,I4210100029,1,1,2024,W4404525423,1.0
I116953780,I4210105785,1,1,2024,W4404525423,1.0
I116953780,I4210123185,1,1,2024,W4404525423,1.0
I116953780,I4210128175,1,1,2024,W4404525423,1.0
I116953780,I4210160344,1,1,2024,W4404525423,1.0
I116953780,I4210160507,1,1,2024,W4404525423,1.0
I116953780,I4210166576,1,1,2024,W4404525423,1.0
I116953780,I83519826,1,1,2024,W4404525423,1.0
I116953780,I154093214,1,1,2024,W4405234363,1.0
I116953780,I24185976,1,1,2024,W4405234363,1.0
I116953780,I2802734952,1,1,2024,W4405234363,1.0
I116953780,I4210089761,1,1,2024,W4405234363,1.0
I116953780,I1300757298,1,1,2024,W4405640204,1.0
I116953780,I151727225,1,1,2024,W4405640204,1.0
I116953780,I222723317,1,1,2024,W4405640204,1.0
I116953780,I4210100255,1,1,2024,W4405640204,1.0
I116953780,I4210156404,1,1,2024,W4405640204,1.0
I116953780,I4210165038,1,1,2024,W4405640204,1.0
I116953780,I4391012619,1,1,2024,W4405640204,1.0
I11701301,I14243506,1,1,2024,W4390600121,1.0
I11701301,I16365422,1,1,2024,W4390692489,1.0
I11701301,I172675005,1,1,2024,W4390692489,1.0
I11701301,I37796252,1,1,2024,W4390692489,1.0
I11701301,I4210123185,1,1,2024,W4390692489,1.0
I11701301,I56590836,2,2,2024,W4390692489;W4393177791,0.5
I11701301,I140172145,1,1,2024,W4393177791,1.0
I11701301,I200769079,2,2,2024,W4393177791;W4394938913,0.5
I11701301,I20089843,1,1,2024,W4393177791,1.0
I11701301,I889458895,1,1,2024,W4393177791,1.0
I11701301,I163340411,1,1,2024,W4394938913,1.0
I11701301,I167027274,1,1,2024,W4394938913,1.0
I11701301,I4210114891,1,1,2024,W4394938913,1.0
I11701301,I4210128615,1,1,2024,W4394938913,1.0
I117222138,I161913731,1,1,2024,W4390509863,1.0
I117222138,I8033065,1,1,2024,W4390509863,1.0
I117222138,I193260172,1,1,2024,W4401095464,1.0
I117222138,I3132564352,1,1,2024,W4401095464,1.0
I1174212,I45928872,1,1,2024,W4391429431,1.0
I1174212,I2800817003,5,5,2024,W4393145940;W4401167572;W4402703082;W4402754104;W4404037751,0.2
I1174212,I1342924430,1,1,2024,W4396899513,1.0
I1174212,I39063666,1,1,2024,W4396899513,1.0
I1174212,I45084792,1,1,2024,W4396899513,1.0
I1174212,I130769515,1,1,2024,W4398141811,1.0
I1174212,I150468666,1,1,2024,W4398141811,1.0
I1174212,I165143802,1,1,2024,W4398141811,1.0
I1174212,I36234482,1,1,2024,W4398141811,1.0
I1174212,I91045830,2,2,2024,W4398141811;W4401863166,0.5
I1174212,I136199984,1,1,2024,W4400678448,1.0
I1174212,I24603500,1,1,2024,W4400678448,1.0
I1174212,I63966007,2,2,2024,W4400678448;W4403716942,0.5
I1174212,I52357470,1,1,2024,W4401635364,1.0
I1174212,I70931966,1,1,2024,W4401750600,1.0
I1174212,I124055696,1,1,2024,W4401815218,1.0
I1174212,I135310074,2,2,2024,W4401815218;W4404037751,0.5
I1174212,I157725225,1,1,2024,W4401815218,1.0
I1174212,I3197470489,1,1,2024,W4401815218,1.0
I1174212,I40120149,1,1,2024,W4401815218,1.0
I1174212,I4210096592,1,1,2024,W4401815218,1.0
I1174212,I4210099336,1,1,2024,W4401815218,1.0
I1174212,I4210113480,1,1,2024,W4401815218,1.0
I1174212,I4210119109,1,1,2024,W4401815218,1.0
I1174212,I4210119138,1,1,2024,W4401815218,1.0
I1174212,I66946132,1,1,2024,W4401815218,1.0
I1174212,I68891433,1,1,2024,W4401815218,1.0
I1174212,I74973139,3,3,2024,W4401815218;W4401863166;W4402703082,0.3333333333333333
I1174212,I97018004,1,1,2024,W4401815218,1.0
I1174212,RAW_META,1,1,2024,W4401815218,1.0
I1174212,I183067930,1,1,2024,W4401857637,1.0
I1174212,I76130692,2,2,2024,W4401857637;W4401863166,0.5
I1174212,I183874917,1,1,2024,W4401863166,1.0
I1174212,I186143895,1,1,2024,W4401863166,1.0
I1174212,I204250578,1,1,2024,W4401863166,1.0
I1174212,I165932596,1,1,2024,W4402351990,1.0
I1174212,I174104030,1,1,2024,W4402351990,1.0
I1174212,I205783295,2,2,2024,W4402351990;W4402909345,0.5
I1174212,I4210092791,1,1,2024,W4402351990,1.0
I1174212,I4391768151,1,1,2024,W4402703082,1.0
I1174212,I1291425158,1,1,2024,W4402754104,1.0
I1174212,I241749,1,1,2024,W4402754104,1.0
I1174212,I36258959,1,1,2024,W4402754104,1.0
I1174212,I6902469,1,1,2024,W4402754104,1.0
I1174212,I1314596251,1,1,2024,W4402909345,1.0
I1174212,I1316902750,1,1,2024,W4402909345,1.0
I1174212,I170201317,1,1,2024,W4402909345,1.0
I1174212,I4210128526,1,1,2024,W4402909345,1.0
I1174212,I4210134769,1,1,2024,W4402909345,1.0
I1174212,I4387153466,1,1,2024,W4402909345,1.0
I1174212,I919571938,1,1,2024,W4402909345,1.0
I1174212,I177877127,1,1,2024,W4403716942,1.0
I1174212,I2799971621,1,1,2024,W4403716942,1.0
I1174212,I3019271933,1,1,2024,W4403716942,1.0
I1174212,I4210086947,1,1,2024,W4403716942,1.0
I1174212,I84218800,1,1,2024,W4404037751,1.0
I1174212,RAW_NVIDIA,1,1,2024,W4404037751,1.0
I1174212,I4210087747,1,1,2024,W4409762247,1.0
I117532281,I4210098034,1,1,2024,W4393405390,1.0
I117532281,I58200834,1,1,2024,W4393405390,1.0
I117532281,I129604602,1,1,2024,W4400663251,1.0
I117532281,I204824540,1,1,2024,W4400663251,1.0
I117532281,I2250653659,1,1,2024,W4400663251,1.0
I117532281,I5681781,1,1,2024,W4400663251,1.0
I117965899,I138006243,2,2,2024,W4393147876;W4401682166,0.5
I117965899,I4210092569,1,1,2024,W4393147876,1.0
I117965899,I81365321,1,1,2024,W4393147876,1.0
I117965899,I201448701,1,1,2024,W4400526349,1.0
I117965899,I204512498,1,1,2024,W4400526349,1.0
I117965899,I63135867,1,1,2024,W4400526349,1.0
I117965899,I6469544,1,1,2024,W4400526349,1.0
I117965899,I82880672,1,1,2024,W4400526349,1.0
I117965899,I1331384533,1,1,2024,W4401682166,1.0
I117965899,I1343551460,1,1,2024,W4401682166,1.0
I117965899,I4390039246,1,1,2024,W4401682166,1.0
I117965899,I79576946,1,1,2024,W4401682166,1.0
I117965899,I149594827,1,1,2024,W4404856308,1.0
I117965899,I168719708,1,1,2024,W4404856308,1.0
I117965899,I177725633,1,1,2024,W4404856308,1.0
I117965899,I19820366,1,1,2024,W4404856308,1.0
I117965899,I204983213,1,1,2024,W4404856308,1.0
I117965899,I4210105229,1,1,2024,W4404856308,1.0
I117965899,I4210128910,1,1,2024,W4404856308,1.0
I117965899,I4210137146,1,1,2024,W4404856308,1.0
I118019719,I166337079,1,1,2024,W4405315556,1.0
I118019719,I66752286,1,1,2024,W4405315556,1.0
I118118575,I145311948,1,1,2024,W4390490761,1.0
I118118575,I165733156,1,1,2024,W4390490761,1.0
I118118575,I183067930,1,1,2024,W4390490761,1.0
I118118575,I4210090176,1,1,2024,W4390490761,1.0
I118118575,I47251452,1,1,2024,W4390490761,1.0
I118118575,I98301712,1,1,2024,W4390490761,1.0
I118118575,I1291425158,1,1,2024,W4396832402,1.0
I118118575,I130769515,1,1,2024,W4396832402,1.0
I118118575,I130785548,1,1,2024,W4396832402,1.0
I118118575,I180437899,1,1,2024,W4396832402,1.0
I118118575,I4210113316,1,1,2024,W4396832402,1.0
I118118575,I78577930,1,1,2024,W4396832402,1.0
I118347636,I5681781,2,2,2024,W4393154152;W4394625619,0.5
I118347636,I165779595,1,1,2024,W4394586040,1.0
I118347636,I177877127,1,1,2024,W4394586040,1.0
I118347636,I4210127558,1,1,2024,W4394625619,1.0
I118347636,I7495430,1,1,2024,W4394625619,1.0
I118347636,I6059380,1,1,2024,W4396833368,1.0
I118347636,I1292875679,1,1,2024,W4401478064,1.0
I118347636,I2801453606,1,1,2024,W4401478064,1.0
I118347636,I31746571,2,2,2024,W4401478064;W4402988549,0.5
I118347636,I4210142128,1,1,2024,W4401478064,1.0
I118347636,I42894916,1,1,2024,W4401478064,1.0
I118347636,I153230381,1,1,2024,W4402988549,1.0
I118347636,I181547552,1,1,2024,W4402988549,1.0
I118347636,I99043593,1,1,2024,W4402988549,1.0
I118347636,I130438778,1,1,2024,W4405865448,1.0
I118347636,I146620803,1,1,2024,W4405865448,1.0
I118347636,I4210123185,1,1,2024,W4405865448,1.0
I118347636,I881766915,1,1,2024,W4405865448,1.0
I118373667,I157485424,1,1,2024,W4396831955,1.0
I118373667,I193352282,1,1,2024,W4396831955,1.0
I118501908,I173089394,1,1,2024,W4404781168,1.0
I118501908,I1340753257,1,1,2024,W4406419344,1.0
I118501908,I153845743,1,1,2024,W4406419344,1.0
I118501908,I4210116466,1,1,2024,W4406419344,1.0
I118501908,I4210123447,1,1,2024,W4406419344,1.0
I118564535,I161046081,1,1,2024,W4390645866,1.0
I118564535,I2801240073,1,1,2024,W4390645866,1.0
I118564535,I12708293,1,1,2024,W4399702760,1.0
I118564535,I202697423,1,1,2024,W4399702760,1.0
I118564535,I202963720,1,1,2024,W4399702760,1.0
I118564535,I25974101,1,1,2024,W4399702760,1.0
I118564535,I2799884508,1,1,2024,W4399702760,1.0
I118564535,I2801112126,2,2,2024,W4399702760;W4402373303,0.5
I118564535,I35440088,1,1,2024,W4402373303,1.0
I118564535,I4210126328,1,1,2024,W4402373303,1.0
I118564535,I4210137807,1,1,2024,W4402373303,1.0
I118564535,I62318514,1,1,2024,W4402373303,1.0
I118564535,I76134821,1,1,2024,W4402373303,1.0
I118564535,I97565354,1,1,2024,W4402373303,1.0
I118564535,I130929987,1,1,2024,W4404228387,1.0
I118564535,I149218525,1,1,2024,W4404228387,1.0
I118564535,I16391192,1,1,2024,W4404228387,1.0
I118564535,I180670191,1,1,2024,W4404228387,1.0
I118564535,I200207707,1,1,2024,W4404228387,1.0
I118564535,I2800098698,1,1,2024,W4404228387,1.0
I118564535,I4210096780,1,1,2024,W4404228387,1.0
I118564535,I4210102047,1,1,2024,W4404228387,1.0
I118564535,I4210106256,1,1,2024,W4404228387,1.0
I118564535,I4210137384,1,1,2024,W4404228387,1.0
I118590987,I158239267,1,1,2024,W4403192861,1.0
I118590987,I165390105,1,1,2024,W4403192861,1.0
I118590987,I17533244,1,1,2024,W4403192861,1.0
I118692353,I47508984,1,1,2024,W4394597549,1.0
I11893660,I4210120602,1,1,2024,W4390987311,1.0
I11923345,I188760350,1,1,2024,W4391072501,1.0
I11923345,I205274468,1,1,2024,W4391072501,1.0
I11923345,I219388962,1,1,2024,W4391072501,1.0
I11923345,I686019,2,2,2024,W4391072501;W4404481617,0.5
I11923345,I121345201,1,1,2024,W4404481617,1.0
I11923345,I141596103,1,1,2024,W4404481617,1.0
I11923345,I4210164862,1,1,2024,W4404481617,1.0
I119234918,I2802694670,1,1,2024,W4403757891,1.0
I119234918,I859038795,1,1,2024,W4403757891,1.0
I119241673,I169541294,1,1,2024,W4403791323,1.0
I119241673,I205640436,1,1,2024,W4403791323,1.0
I119241673,I4210087596,1,1,2024,W4403791323,1.0
I119241673,I56590836,1,1,2024,W4403791323,1.0
I119273862,I139660479,1,1,2024,W4393220219,1.0
I119273862,I155093810,1,1,2024,W4393220219,1.0
I119273862,I170215575,1,1,2024,W4393220219,1.0
I119273862,I4210110723,1,1,2024,W4393220219,1.0
I11932220,I157725225,1,1,2024,W4403022254,1.0
I11932220,I172675005,1,1,2024,W4403022254,1.0
I11932220,I6289922,1,1,2024,W4403022254,1.0
I11932220,I76130692,1,1,2024,W4403022254,1.0
I11932220,I78715868,1,1,2024,W4403022254,1.0
I11932220,I123044942,1,1,2024,W4404349757,1.0
I11932220,I25217355,1,1,2024,W4404349757,1.0
I11932220,I39343248,1,1,2024,W4404349757,1.0
I11932220,I55952717,1,1,2024,W4404349757,1.0
I11932220,I57206974,1,1,2024,W4404349757,1.0
I11932220,I919571938,1,1,2024,W4404349757,1.0
I119439378,I60342839,1,1,2024,W4399292151,1.0
I119439378,I193223587,1,1,2024,W4404459777,1.0
I119439378,I2277624104,1,1,2024,W4404459777,1.0
I119439378,I4210088115,1,1,2024,W4404459777,1.0
I119443389,I45438204,1,1,2024,W4396722571,1.0
I119474363,I184558857,1,1,2024,W4391644905,1.0
I119474363,I190082696,1,1,2024,W4391644905,1.0
I119474363,I244572783,1,1,2024,W4391644905,1.0
I119474363,I2802506851,1,1,2024,W4391644905,1.0
I119474363,I39586589,1,1,2024,W4391644905,1.0
I119474363,I56007636,1,1,2024,W4391644905,1.0
I11957088,I14243506,1,1,2024,W4402265709,1.0
I11957088,I157485424,1,1,2024,W4402265709,1.0
I119744171,I21173400,1,1,2024,W4399303707,1.0
I119744171,I4210165529,1,1,2024,W4399303707,1.0
I119744171,I4626487,1,1,2024,W4399303707,1.0
I119744171,I931278978,1,1,2024,W4399303707,1.0
I11983389,I71422933,1,1,2024,W4399681501,1.0
I11983389,I71637028,1,1,2024,W4399681501,1.0
I11983389,I91136226,1,1,2024,W4399681501,1.0
I11986463,I4210108266,1,1,2024,W4404413033,1.0
I11986463,I83816512,1,1,2024,W4404413033,1.0
I119939252,I68891433,1,1,2024,W4401720547,1.0
I120250893,I4210086933,1,1,2024,W4395662771,1.0
I120250893,I57206974,2,2,2024,W4395662771;W4403447496,0.5
I120250893,I929597975,1,1,2024,W4406208034,1.0
I12079687,I4210149275,1,1,2024,W4404193027,1.0
I12113309,I200719446,1,1,2024,W4393119218,1.0
I121345201,I141596103,1,1,2024,W4404481617,1.0
I121345201,I4210164862,1,1,2024,W4404481617,1.0
I121345201,I686019,1,1,2024,W4404481617,1.0
I12138139,I1295876152,1,1,2024,W4399480372,1.0
I12138139,I1343551460,1,1,2024,W4399480372,1.0
I12138139,I2801572250,1,1,2024,W4399480372,1.0
I12138139,I4210146710,1,1,2024,W4399480372,1.0
I12138139,I86519309,1,1,2024,W4399480372,1.0
I12138139,I919571938,1,1,2024,W4399480372,1.0
I121748325,I243381257,1,1,2024,W4399985145,1.0
I121748325,I4210106641,1,1,2024,W4405207655,1.0
I121748325,I4210148941,1,1,2024,W4405207655,1.0
I121748325,I83816512,1,1,2024,W4405207655,1.0
I121748325,I84339108,1,1,2024,W4405207655,1.0
I12176630,I3129799171,1,1,2024,W4397043564,1.0
I12176630,I4210122158,1,1,2024,W4397043564,1.0
I12176630,I4210130532,1,1,2024,W4397043564,1.0
I121797337,I126520041,1,1,2024,W4400527101,1.0
I121797337,I154099455,2,2,2024,W4400527101;W4412130408,0.5
I121797337,I165932596,1,1,2024,W4400527101,1.0
I121797337,I887064364,1,1,2024,W4402716039,1.0
I121797337,I14243506,1,1,2024,W4405612257,1.0
I121797337,I157773358,1,1,2024,W4405612257,1.0
I121797337,I168879160,1,1,2024,W4405612257,1.0
I121797337,I183067930,1,1,2024,W4405612257,1.0
I121797337,I200769079,1,1,2024,W4405612257,1.0
I121797337,I210716285,1,1,2024,W4405612257,1.0
I121797337,I3133055985,1,1,2024,W4405612257,1.0
I121797337,I76130692,1,1,2024,W4405612257,1.0
I121797337,I72816309,1,1,2024,W4412130408,1.0
I121934306,I63966007,1,1,2024,W4391629229,1.0
I121934306,I1282311441,1,1,2024,W4396632259,1.0
I121934306,I136199984,1,1,2024,W4396632259,1.0
I121934306,I52357470,1,1,2024,W4396632259,1.0
I121980950,I165638839,1,1,2024,W4390984237,1.0
I121980950,I142606810,1,1,2024,W4403513981,1.0
I121980950,I4210119109,1,1,2024,W4403513981,1.0
I121980950,I52669646,1,1,2024,W4403513981,1.0
I121980950,I60205797,1,1,2024,W4407951611,1.0
I122140584,I2699952,1,1,2024,W4396608701,1.0
I122140584,I40034438,1,1,2024,W4396608701,1.0
I122140584,I4210120221,1,1,2024,W4396608701,1.0
I122140584,I4210142934,1,1,2024,W4396608701,1.0
I122140584,I52977244,1,1,2024,W4396608701,1.0
I122140584,I904495901,1,1,2024,W4396608701,1.0
I123044942,I25217355,1,1,2024,W4404349757,1.0
I123044942,I39343248,1,1,2024,W4404349757,1.0
I123044942,I55952717,1,1,2024,W4404349757,1.0
I123044942,I57206974,1,1,2024,W4404349757,1.0
I123044942,I919571938,1,1,2024,W4404349757,1.0
I12315562,I70983195,1,1,2024,W4393003817,1.0
I123387679,I161593684,1,1,2024,W4394009782,1.0
I123387679,I4210100612,1,1,2024,W4400267741,1.0
I123387679,I1316535847,1,1,2024,W4403878225,1.0
I123387679,I1342360035,1,1,2024,W4403878225,1.0
I123387679,I136199984,1,1,2024,W4403878225,1.0
I123387679,I2799725268,1,1,2024,W4403878225,1.0
I123387679,I28407311,1,1,2024,W4403878225,1.0
I123387679,I897542642,1,1,2024,W4403878225,1.0
I123387679,I134085113,1,1,2024,W4404887651,1.0
I123387679,I136830121,1,1,2024,W4404887651,1.0
I123387679,I193260172,1,1,2024,W4404887651,1.0
I123387679,I202735123,1,1,2024,W4404887651,1.0
I123387679,I4387154453,1,1,2024,W4404887651,1.0
I123387679,I98298690,1,1,2024,W4404887651,1.0
I123431417,I177725633,1,1,2024,W4405079446,1.0
I123431417,I2799299286,1,1,2024,W4405079446,1.0
I123431417,I40120149,1,1,2024,W4405079446,1.0
I123431417,I4210116917,1,1,2024,W4405079446,1.0
I123431417,I4210153550,1,1,2024,W4405079446,1.0
I123431417,I47508984,1,1,2024,W4405079446,1.0
I123431417,I99065089,1,1,2024,W4405079446,1.0
I123443094,I1283613182,1,1,2024,W4405264387,1.0
I123443094,I879563668,1,1,2024,W4405264387,1.0
I123534392,I162577319,2,2,2024,W4400009090;W4402193259,0.5
I123534392,I173911158,2,2,2024,W4400009090;W4402193259,0.5
I123534392,I201384688,2,2,2024,W4400009090;W4402193259,0.5
I123534392,I79817857,2,2,2024,W4400009090;W4402193259,0.5
I123534392,I91044093,2,2,2024,W4400009090;W4402193259,0.5
I123534392,I28022161,1,1,2024,W4405861053,1.0
I123534392,I55240360,1,1,2024,W4405861053,1.0
I123534392,I87482320,1,1,2024,W4405861053,1.0
I123565023,I55060895,1,1,2024,W4394675339,1.0
I123565023,I60488453,1,1,2024,W4394675339,1.0
I123565023,I92864154,1,1,2024,W4394675339,1.0
I123900574,I130701444,1,1,2024,W4392427708,1.0
I123900574,I157485424,1,1,2024,W4392427708,1.0
I123900574,I1306409833,1,1,2024,W4403923215,1.0
I123900574,I139264467,1,1,2024,W4403923215,1.0
I123900574,I74973139,1,1,2024,W4403923215,1.0
I123946342,I130701444,1,1,2024,W4402776116,1.0
I123946342,I134446601,1,1,2024,W4402776116,1.0
I123946342,I4210109586,1,1,2024,W4402776116,1.0
I123946342,I95457486,1,1,2024,W4402776116,1.0
I123946342,RAW_META,1,1,2024,W4402776116,1.0
I124055696,I2802567020,1,1,2024,W4392359953,1.0
I124055696,I2802709434,1,1,2024,W4392359953,1.0
I124055696,I96673099,1,1,2024,W4392359953,1.0
I124055696,I149704539,1,1,2024,W4400659622,1.0
I124055696,I74653059,1,1,2024,W4400659622,1.0
I124055696,I135310074,1,1,2024,W4401815218,1.0
I124055696,I157725225,1,1,2024,W4401815218,1.0
I124055696,I3197470489,1,1,2024,W4401815218,1.0
I124055696,I40120149,3,3,2024,W4401815218;W4404070753;W4404333646,0.3333333333333333
I124055696,I4210096592,1,1,2024,W4401815218,1.0
I124055696,I4210099336,1,1,2024,W4401815218,1.0
I124055696,I4210113480,1,1,2024,W4401815218,1.0
I124055696,I4210119109,1,1,2024,W4401815218,1.0
I124055696,I4210119138,1,1,2024,W4401815218,1.0
I124055696,I66946132,1,1,2024,W4401815218,1.0
I124055696,I68891433,1,1,2024,W4401815218,1.0
I124055696,I74973139,1,1,2024,W4401815218,1.0
I124055696,I97018004,2,2,2024,W4401815218;W4404070753,0.5
I124055696,RAW_META,1,1,2024,W4401815218,1.0
I124055696,I165932596,2,2,2024,W4404070753;W4404333646,0.5
I124055696,I241749,2,2,2024,W4404070753;W4404333646,0.5
I124055696,I2801239119,1,1,2024,W4404070753,1.0
I124055696,I56590836,1,1,2024,W4404070753,1.0
I124055696,I136199984,1,1,2024,W4404333646,1.0
I124055696,I4210166406,1,1,2024,W4404333646,1.0
I12411659,I4210114506,1,1,2024,W4404851714,1.0
I12411659,I4210144367,1,1,2024,W4404851714,1.0
I12411659,I55712492,1,1,2024,W4404851714,1.0
I124227911,I16391192,2,2,2024,W4399977125;W4400083046,0.5
I124227911,I2800586481,1,1,2024,W4399977125,1.0
I124227911,I98704320,2,2,2024,W4399977125;W4400083046,0.5
I124227911,I2799810450,1,1,2024,W4400083046,1.0
I124227911,I2799899409,1,1,2024,W4400083046,1.0
I124246371,I183935753,1,1,2024,W4402882689,1.0
I124246371,I4210086892,1,1,2024,W4402882689,1.0
I124246371,I4210119896,1,1,2024,W4402882689,1.0
I124246371,I52099693,1,1,2024,W4402882689,1.0
I124601658,I131729948,1,1,2024,W4392782765,1.0
I124601658,I4210098325,1,1,2024,W4392782765,1.0
I124601658,I4210129405,1,1,2024,W4392782765,1.0
I124601658,I192455969,1,1,2024,W4396670539,1.0
I124601658,I83816512,1,1,2024,W4396670539,1.0
I124633538,I193775966,1,1,2024,W4401248262,1.0
I124633538,I878022262,1,1,2024,W4401248262,1.0
I124633538,I12832649,1,1,2024,W4402164968,1.0
I12524447,I127328727,1,1,2024,W4392564384,1.0
I12524447,I196272386,1,1,2024,W4392564384,1.0
I125602781,I137975476,1,1,2024,W4393317046,1.0
I125602781,I163770644,1,1,2024,W4393317046,1.0
I125602781,I203951103,1,1,2024,W4393317046,1.0
I125602781,I205349734,1,1,2024,W4393317046,1.0
I125602781,I22299242,1,1,2024,W4393317046,1.0
I125602781,I34077901,1,1,2024,W4393317046,1.0
I125602781,I4210122547,1,1,2024,W4393317046,1.0
I125602781,I4210141669,1,1,2024,W4393317046,1.0
I125602781,I4210157775,1,1,2024,W4393317046,1.0
I125602781,I4387152983,1,1,2024,W4393317046,1.0
I125602781,I60134161,1,1,2024,W4393317046,1.0
I125602781,I74801974,1,1,2024,W4393317046,1.0
I125602781,I98285908,1,1,2024,W4393317046,1.0
I125671874,I23923803,1,1,2024,W4402544033,1.0
I125671874,I4210099570,1,1,2024,W4402544033,1.0
I125671874,I98677209,1,1,2024,W4402544033,1.0
I125680101,I190082696,1,1,2024,W4399364896,1.0
I125680101,I4210128584,2,2,2024,W4399364896;W4404764563,0.5
I125680101,I241749,2,2,2024,W4403279656;W4404764563,0.5
I125680101,I130701444,1,1,2024,W4404764563,1.0
I125680101,I142263535,1,1,2024,W4404764563,1.0
I125680101,I145597306,1,1,2024,W4404764563,1.0
I125680101,I150468666,1,1,2024,W4404764563,1.0
I125680101,I16835326,1,1,2024,W4404764563,1.0
I125680101,I168864056,1,1,2024,W4404764563,1.0
I125680101,I170658231,1,1,2024,W4404764563,1.0
I125680101,I1850255,1,1,2024,W4404764563,1.0
I125680101,I197323543,1,1,2024,W4404764563,1.0
I125680101,I20089843,1,1,2024,W4404764563,1.0
I125680101,I202697423,1,1,2024,W4404764563,1.0
I125680101,I204337017,1,1,2024,W4404764563,1.0
I125680101,I2184545,1,1,2024,W4404764563,1.0
I125680101,I27804330,1,1,2024,W4404764563,1.0
I125680101,I2802640592,1,1,2024,W4404764563,1.0
I125680101,I32597200,1,1,2024,W4404764563,1.0
I125680101,I32971472,1,1,2024,W4404764563,1.0
I125680101,I36234482,1,1,2024,W4404764563,1.0
I125680101,I40120149,1,1,2024,W4404764563,1.0
I125680101,I4210094062,1,1,2024,W4404764563,1.0
I125680101,I4210098931,1,1,2024,W4404764563,1.0
I125680101,I4210126907,1,1,2024,W4404764563,1.0
I125680101,I4210130445,1,1,2024,W4404764563,1.0
I125680101,I4210134158,1,1,2024,W4404764563,1.0
I125680101,I4210134550,1,1,2024,W4404764563,1.0
I125680101,I4210143801,1,1,2024,W4404764563,1.0
I125680101,I4210144746,1,1,2024,W4404764563,1.0
I125680101,I4210157294,1,1,2024,W4404764563,1.0
I125680101,I4210158500,1,1,2024,W4404764563,1.0
I125680101,I4387152376,1,1,2024,W4404764563,1.0
I125680101,I44260953,1,1,2024,W4404764563,1.0
I125680101,I45129253,1,1,2024,W4404764563,1.0
I125680101,I57206974,1,1,2024,W4404764563,1.0
I125680101,I62916508,1,1,2024,W4404764563,1.0
I125680101,I63966007,1,1,2024,W4404764563,1.0
I125680101,I78757542,1,1,2024,W4404764563,1.0
I125680101,I79576946,1,1,2024,W4404764563,1.0
I125680101,I8087733,1,1,2024,W4404764563,1.0
I125680101,I8204097,1,1,2024,W4404764563,1.0
I125680101,I91727514,1,1,2024,W4404764563,1.0
I125680101,I97565354,1,1,2024,W4404764563,1.0
I125680101,I98677209,1,1,2024,W4404764563,1.0
I125749732,I2800925808,1,1,2024,W4390919625,1.0
I125749732,I1325899441,1,1,2024,W4391109864,1.0
I125749732,I185261750,2,2,2024,W4391109864;W4392407790,0.5
I125749732,I32971472,1,1,2024,W4391109864,1.0
I125749732,I4210127509,1,1,2024,W4391109864,1.0
I125749732,I57206974,1,1,2024,W4391109864,1.0
I125749732,I154130895,1,1,2024,W4392407790,1.0
I125749732,I4210096417,1,1,2024,W4392407790,1.0
I125749732,I4210128594,1,1,2024,W4392407790,1.0
I125749732,I138006243,1,1,2024,W4392755271,1.0
I125749732,I141945490,1,1,2024,W4392755271,1.0
I125749732,I155660961,1,1,2024,W4392755271,1.0
I125749732,I183935753,1,1,2024,W4392755271,1.0
I125749732,I194028371,1,1,2024,W4392755271,1.0
I125749732,I2801970007,1,1,2024,W4392755271,1.0
I125749732,I33213144,1,1,2024,W4392755271,1.0
I125749732,I78577930,1,1,2024,W4392755271,1.0
I125749732,I79576946,1,1,2024,W4392755271,1.0
I125749732,I921990950,1,1,2024,W4392755271,1.0
I125749732,I98704320,1,1,2024,W4392755271,1.0
I125749732,I99464096,1,1,2024,W4392755271,1.0
I125749732,I18014758,1,1,2024,W4402742293,1.0
I125749732,I4210101778,1,1,2024,W4402742293,1.0
I125749732,I4210133173,1,1,2024,W4402742293,1.0
I125749732,I5023651,1,1,2024,W4402742293,1.0
I125749732,I530967,1,1,2024,W4404021177,1.0
I125749732,I84524832,1,1,2024,W4404021177,1.0
I125839683,I50632499,1,1,2024,W4391359239,1.0
I125839683,I4210165038,1,1,2024,W4400132236,1.0
I125839683,I47720641,1,1,2024,W4400132236,1.0
I125839683,I86987016,1,1,2024,W4400132236,1.0
I125839683,I162868743,1,1,2024,W4400487853,1.0
I125839683,I183067930,1,1,2024,W4400487853,1.0
I125839683,I204778367,1,1,2024,W4400487853,1.0
I125839683,I20942203,1,1,2024,W4400487853,1.0
I125839683,I881766915,1,1,2024,W4400487853,1.0
I125839683,I28290843,1,1,2024,W4400679943,1.0
I125839683,I98381234,1,1,2024,W4400679943,1.0
I125839683,I126520041,2,2,2024,W4400905853;W4404914624,0.5
I125839683,I25254941,1,1,2024,W4400905853,1.0
I125839683,I25757504,1,1,2024,W4402467765,1.0
I125839683,I4210146077,1,1,2024,W4402467765,1.0
I125839683,I99065089,1,1,2024,W4402467765,1.0
I125839683,I889458895,1,1,2024,W4402753813,1.0
I125839683,I157773358,1,1,2024,W4403182640,1.0
I125839683,I158842170,1,1,2024,W4403182640,1.0
I125839683,I19820366,1,1,2024,W4403182640,1.0
I125839683,I21193070,1,1,2024,W4403182640,1.0
I125839683,I4210112150,1,1,2024,W4403182640,1.0
I125839683,I63072094,1,1,2024,W4403182640,1.0
I125839683,I1294606314,1,1,2024,W4403650311,1.0
I125839683,I183519381,2,2,2024,W4403650311;W4403650520,0.5
I125839683,I4210087691,1,1,2024,W4403650520,1.0
I125839683,I4210126463,1,1,2024,W4403650520,1.0
I125839683,I47508984,1,1,2024,W4403650520,1.0
I125839683,I142415962,1,1,2024,W4404914624,1.0
I125839683,I16365422,1,1,2024,W4404914624,1.0
I125904092,I148099405,1,1,2024,W4403626180,1.0
I125904092,I87445476,1,1,2024,W4403626180,1.0
I125934054,I145311948,1,1,2024,W4400446121,1.0
I125934054,I2799853436,1,1,2024,W4400446121,1.0
I125934054,I4210126375,1,1,2024,W4400446121,1.0
I12607205,I32597200,1,1,2024,W4400011483,1.0
I126131087,I168719708,1,1,2024,W4396653761,1.0
I126131087,I24027795,1,1,2024,W4396653761,1.0
I126131087,I28777354,1,1,2024,W4396653761,1.0
I126131087,I4210100923,1,1,2024,W4396653761,1.0
I126131087,I4210144925,1,1,2024,W4396653761,1.0
I126131087,I56306041,1,1,2024,W4396653761,1.0
I126145234,I2801281511,1,1,2024,W4399869780,1.0
I126145234,I4210110125,1,1,2024,W4399869780,1.0
I126145234,I4210111298,1,1,2024,W4399869780,1.0
I126145234,I65446980,1,1,2024,W4399869780,1.0
I12615008,I141568987,1,1,2024,W4391935121,1.0
I12615008,I180726961,1,1,2024,W4391935121,1.0
I12615008,I19820366,1,1,2024,W4391935121,1.0
I12615008,I25757504,1,1,2024,W4391935121,1.0
I12615008,I4210136793,1,1,2024,W4391935121,1.0
I12615008,I96908189,1,1,2024,W4391935121,1.0
I126231945,I26771391,1,1,2024,W4400241315,1.0
I126231945,I878213199,1,1,2024,W4400241315,1.0
I126231945,I47508984,1,1,2024,W4402753616,1.0
I126307644,I1293309919,1,1,2024,W4393952013,1.0
I126307644,I1341030882,1,1,2024,W4393952013,1.0
I126307644,I4210142479,1,1,2024,W4393952013,1.0
I126307644,I4210164166,1,1,2024,W4393952013,1.0
I126345244,I1306409833,1,1,2024,W4404889690,1.0
I126345244,I157725225,1,1,2024,W4404889690,1.0
I126345244,I193775966,1,1,2024,W4404889690,1.0
I126345244,I4210115399,1,1,2024,W4404889690,1.0
I126350171,I1338503839,1,1,2024,W4396889891,1.0
I126350171,I195740183,1,1,2024,W4396889891,1.0
I126350171,I70983195,1,1,2024,W4396889891,1.0
I126350171,I52179390,1,1,2024,W4403296982,1.0
I126350171,I99043593,1,1,2024,W4403296982,1.0
I126477371,I127336678,1,1,2024,W4393621326,1.0
I126477371,I153718931,1,1,2024,W4393621326,1.0
I126477371,I3121676899,1,1,2024,W4393621326,1.0
I126520041,I165932596,4,4,2024,W4392271057;W4400527101;W4400531852;W4402727205,0.25
I126520041,I21642278,1,1,2024,W4392543406,1.0
I126520041,I308837,5,5,2024,W4392543406;W4393160060;W4403839062;W4404356490;W4405596328,0.2
I126520041,I79619799,1,1,2024,W4392558382,1.0
I126520041,I92403157,3,3,2024,W4392558382;W4397049712;W4404955137,0.3333333333333333
I126520041,I4210164937,1,1,2024,W4393149035,1.0
I126520041,I129604602,1,1,2024,W4393153655,1.0
I126520041,I4210122302,3,3,2024,W4393153655;W4393154149;W4402727851,0.3333333333333333
I126520041,I4391012619,5,5,2024,W4393153655;W4393154149;W4400532459;W4402713111;W4402727851,0.2
I126520041,I201448701,1,1,2024,W4393160811,1.0
I126520041,I4210136859,1,1,2024,W4393236851,1.0
I126520041,I88830068,1,1,2024,W4393236851,1.0
I126520041,I16365422,5,5,2024,W4396612946;W4403792222;W4404628885;W4404914624;W4405303762,0.2
I126520041,I200769079,6,6,2024,W4396723256;W4400118952;W4400532459;W4401834466;W4401863429;W4403791697,0.16666666666666666
I126520041,I4210157345,3,3,2024,W4396723256;W4401834466;W4403791697,0.3333333333333333
I126520041,I889458895,7,7,2024,W4396723256;W4400531852;W4400532459;W4401834466;W4401863429;W4402713111;W4403791697,0.14285714285714285
I126520041,I4210136793,1,1,2024,W4396757568,1.0
I126520041,I195460627,1,1,2024,W4397049712,1.0
I126520041,I28257850,1,1,2024,W4397049712,1.0
I126520041,I55285296,1,1,2024,W4397049712,1.0
I126520041,I76130692,1,1,2024,W4397049712,1.0
I126520041,I4210135670,1,1,2024,W4399061921,1.0
I126520041,I4210137491,1,1,2024,W4399061921,1.0
I126520041,I887064364,1,1,2024,W4399061921,1.0
I126520041,I150229711,1,1,2024,W4400118952,1.0
I126520041,I4210100255,1,1,2024,W4400118952,1.0
I126520041,I168719708,2,2,2024,W4400525231;W4404239715,0.5
I126520041,I2250653659,4,4,2024,W4400525231;W4404239715;W4404356490;W4405596328,0.25
I126520041,I3045169105,1,1,2024,W4400525231,1.0
I126520041,I87445476,1,1,2024,W4400525231,1.0
I126520041,I154099455,1,1,2024,W4400527101,1.0
I126520041,I14243506,1,1,2024,W4400531852,1.0
I126520041,I56590836,1,1,2024,W4400531852,1.0
I126520041,I4210159029,2,2,2024,W4400532459;W4403791697,0.5
I126520041,I19820366,5,5,2024,W4400580599;W4403275125;W4403791697;W4403839062;W4405596328,0.2
I126520041,I4210112150,1,1,2024,W4400580599,1.0
I126520041,I4401726859,1,1,2024,W4400580599,1.0
I126520041,I25254941,1,1,2024,W4400905853,1.0
I126520041,I204250578,1,1,2024,W4401539500,1.0
I126520041,I2802730090,1,1,2024,W4401539500,1.0
I126520041,I32971472,1,1,2024,W4401539500,1.0
I126520041,I4210100400,1,1,2024,W4401539500,1.0
I126520041,I4210147348,1,1,2024,W4401539500,1.0
I126520041,I58956616,1,1,2024,W4401539500,1.0
I126520041,I98301712,1,1,2024,W4401863429,1.0
I126520041,I4210154427,1,1,2024,W4402702958,1.0
I126520041,I5388228,1,1,2024,W4402702958,1.0
I126520041,I177725633,1,1,2024,W4402713111,1.0
I126520041,I881766915,3,3,2024,W4402713111;W4404356490;W4405596328,0.3333333333333333
I126520041,I99065089,3,3,2024,W4402713111;W4402753641;W4403791697,0.3333333333333333
I126520041,I4210113369,2,2,2024,W4402716173;W4402904066,0.5
I126520041,I183067930,1,1,2024,W4402753641,1.0
I126520041,I36258959,1,1,2024,W4402753641,1.0
I126520041,I172675005,2,2,2024,W4402754224;W4403674578,0.5
I126520041,I47508984,1,1,2024,W4403069431,1.0
I126520041,I13591777,1,1,2024,W4403275125,1.0
I126520041,I4210123377,1,1,2024,W4403275125,1.0
I126520041,I4210145761,1,1,2024,W4403275125,1.0
I126520041,I47251452,1,1,2024,W4403275125,1.0
I126520041,I58200834,1,1,2024,W4403275125,1.0
I126520041,I4210111959,1,1,2024,W4403560390,1.0
I126520041,I4210117825,1,1,2024,W4403560390,1.0
I126520041,I78988378,1,1,2024,W4403560390,1.0
I126520041,I2250955327,2,2,2024,W4403674578;W4405527282,0.5
I126520041,I4210128818,1,1,2024,W4403791697,1.0
I126520041,I82880672,1,1,2024,W4403791697,1.0
I126520041,I2801577699,1,1,2024,W4403839062,1.0
I126520041,I2802939634,1,1,2024,W4403839062,1.0
I126520041,I4210106933,1,1,2024,W4403839062,1.0
I126520041,I4210108629,1,1,2024,W4403839062,1.0
I126520041,I4210156165,1,1,2024,W4403839062,1.0
I126520041,I4210165038,1,1,2024,W4403839062,1.0
I126520041,I79891267,1,1,2024,W4403841656,1.0
I126520041,I4210091609,1,1,2024,W4404239715,1.0
I126520041,I142415962,1,1,2024,W4404914624,1.0
I126520041,I20231570,1,1,2024,W4404955137,1.0
I126520041,I4210090176,1,1,2024,W4404955137,1.0
I126520041,I4401726770,1,1,2024,W4404955137,1.0
I126520041,I141945490,1,1,2024,W4405303762,1.0
I126520041,I4210160618,1,1,2024,W4405527282,1.0
I126520041,I4210094879,1,1,2024,W4405596328,1.0
I126520041,I4210132948,1,1,2024,W4405596328,1.0
I126596746,I34250744,1,1,2024,W4399035759,1.0
I126596746,I4210101585,1,1,2024,W4399035759,1.0
I126744593,I1315496137,1,1,2024,W4392191246,1.0
I126744593,I132053463,1,1,2024,W4392191246,1.0
I126744593,I1334819555,1,1,2024,W4392191246,1.0
I126744593,I166722992,1,1,2024,W4392191246,1.0
I126744593,I2802835388,1,1,2024,W4392191246,1.0
I126744593,I3019586173,1,1,2024,W4392191246,1.0
I126744593,I40347166,1,1,2024,W4392191246,1.0
I126744593,I4210086933,1,1,2024,W4392191246,1.0
I126744593,I4210125099,1,1,2024,W4392191246,1.0
I126744593,I4210127401,1,1,2024,W4392191246,1.0
I126744593,I4210158428,1,1,2024,W4392191246,1.0
I126744593,I921990950,1,1,2024,W4392191246,1.0
I126744593,I97018004,1,1,2024,W4392191246,1.0
I126744593,I98285908,1,1,2024,W4392191246,1.0
I126744593,I4210087915,1,1,2024,W4394013694,1.0
I126820664,I1292966370,1,1,2024,W4390723916,1.0
I126820664,I4210110987,1,1,2024,W4390723916,1.0
I126820664,I4210115892,1,1,2024,W4390723916,1.0
I126820664,I909854389,1,1,2024,W4390723916,1.0
I12708293,I202697423,1,1,2024,W4399702760,1.0
I12708293,I202963720,1,1,2024,W4399702760,1.0
I12708293,I25974101,1,1,2024,W4399702760,1.0
I12708293,I2799884508,1,1,2024,W4399702760,1.0
I12708293,I2801112126,1,1,2024,W4399702760,1.0
I127328727,I196272386,1,1,2024,W4392564384,1.0
I127336678,I153718931,1,1,2024,W4393621326,1.0
I127336678,I3121676899,1,1,2024,W4393621326,1.0
I127462306,I36234482,1,1,2024,W4401016871,1.0
I127462306,I4210136757,1,1,2024,W4401016871,1.0
I1279858714,I1292020679,1,1,2024,W4400047099,1.0
I1279858714,I32971472,1,1,2024,W4400047099,1.0
I1279858714,I4210137306,1,1,2024,W4400047099,1.0
I1279858714,I97018004,1,1,2024,W4400047099,1.0
I1280339224,I67900169,1,1,2024,W4404993326,1.0
I1281027232,I1326872476,1,1,2024,W4393215948,1.0
I1281027232,I181697535,1,1,2024,W4393215948,1.0
I1281027232,I32971472,1,1,2024,W4393215948,1.0
I1281027232,I4210117211,1,1,2024,W4393215948,1.0
I1281412581,I919620872,1,1,2024,W4391925599,1.0
I1281504905,I1283280774,1,1,2024,W4391691195,1.0
I1281504905,I136199984,1,1,2024,W4391691195,1.0
I1281504905,I48633490,1,1,2024,W4391691195,1.0
I1281661879,I1332387789,1,1,2024,W4404850869,1.0
I1281661879,I25399158,1,1,2024,W4404850869,1.0
I1281661879,I4210134607,1,1,2024,W4404850869,1.0
I1281704429,I2802619606,1,1,2024,W4400324908,1.0
I1281704429,I3018134672,1,1,2024,W4400324908,1.0
I1281704429,I47508984,1,1,2024,W4400324908,1.0
I1281704429,I62916508,1,1,2024,W4400324908,1.0
I1281704429,I8204097,1,1,2024,W4400324908,1.0
I1282070171,I136199984,1,1,2024,W4399995547,1.0
I1282105669,I157725225,1,1,2024,W4391821797,1.0
I1282105669,I39422238,1,1,2024,W4391821797,1.0
I1282105669,I40347166,2,2,2024,W4391821797;W4404961535,0.5
I1282105669,I32597200,1,1,2024,W4393055385,1.0
I1282105669,I4210137306,1,1,2024,W4393055385,1.0
I1282105669,I97018004,1,1,2024,W4393055385,1.0
I1282105669,I155173764,1,1,2024,W4399757647,1.0
I1282105669,I1289243028,1,1,2024,W4404080871,1.0
I1282105669,I1297288678,1,1,2024,W4404961535,1.0
I1282105669,I1330989302,1,1,2024,W4404961535,1.0
I1282105669,I188538660,1,1,2024,W4404961535,1.0
I1282105669,I21449261,1,1,2024,W4404961535,1.0
I1282105669,I35440088,1,1,2024,W4404961535,1.0
I1282105669,I4210105402,1,1,2024,W4404961535,1.0
I1282105669,I4210125814,1,1,2024,W4404961535,1.0
I1282105669,I4210126328,1,1,2024,W4404961535,1.0
I1282105669,I4210145784,1,1,2024,W4404961535,1.0
I1282105669,I4210166615,1,1,2024,W4404961535,1.0
I1282105669,I47099075,1,1,2024,W4404961535,1.0
I1282105669,I5124864,1,1,2024,W4404961535,1.0
I1282105669,I92507152,1,1,2024,W4404961535,1.0
I1282311441,I86501945,1,1,2024,W4392248134,1.0
I1282311441,I136199984,1,1,2024,W4396632259,1.0
I1282311441,I52357470,1,1,2024,W4396632259,1.0
I1282776028,I4577782,1,1,2024,W4403622041,1.0
I1282927834,I34931013,1,1,2024,W4390571745,1.0
I1282927834,I45129253,1,1,2024,W4390571745,1.0
I1282927834,I887064364,1,1,2024,W4390571745,1.0
I1282927834,I2800154431,2,2,2024,W4393471205;W4394763201,0.5
I1282927834,I36234482,1,1,2024,W4393471205,1.0
I1282927834,I1315708478,1,1,2024,W4396494945,1.0
I1282927834,I161318765,1,1,2024,W4396494945,1.0
I1282927834,I180670191,1,1,2024,W4396494945,1.0
I1282927834,I4210141674,1,1,2024,W4396494945,1.0
I1282927834,I1283280774,1,1,2024,W4402220065,1.0
I1282927834,I136199984,1,1,2024,W4402220065,1.0
I1282927834,I157773358,1,1,2024,W4402220065,1.0
I1282927834,I158842170,1,1,2024,W4402220065,1.0
I1282927834,I2250653659,1,1,2024,W4402220065,1.0
I1282927834,I24185976,1,1,2024,W4402220065,1.0
I1282927834,I2801851002,1,1,2024,W4402220065,1.0
I1282927834,I3018397418,1,1,2024,W4402220065,1.0
I1282927834,I4210087915,1,1,2024,W4402220065,1.0
I1282927834,I4210104539,1,1,2024,W4402220065,1.0
I1282927834,I4210117453,1,1,2024,W4402220065,1.0
I1282927834,I4210128921,1,1,2024,W4402220065,1.0
I1282927834,I4210134579,1,1,2024,W4402220065,1.0
I1282927834,I4210146711,1,1,2024,W4402220065,1.0
I1282927834,I4210154480,1,1,2024,W4402220065,1.0
I1282927834,I4210158968,1,1,2024,W4402220065,1.0
I1282927834,I4210162753,1,1,2024,W4402220065,1.0
I1282927834,I63966007,1,1,2024,W4402220065,1.0
I1282927834,I79576946,1,1,2024,W4402220065,1.0
I1282927834,I97018004,1,1,2024,W4402220065,1.0
I12832649,I141962983,1,1,2024,W4396817358,1.0
I12832649,I41198531,1,1,2024,W4396817358,1.0
I12832649,I131729948,2,2,2024,W4398165744;W4401361663,0.5
I1283280774,I1288882113,5,5,2024,W4390745503;W4392704071;W4393961018;W4395067201;W4404946452,0.2
I1283280774,I136199984,18,18,2024,W4390745503;W4391691195;W4392704071;W4392850630;W4392947521;W4392947532;W4393961018;W4394858800;W4395067201;W4395067526;W4399567248;W4399738410;W4400362569;W4400937555;W4402220065;W4404018000;W4404946452;W4405545714,0.05555555555555555
I1283280774,I34352273,3,3,2024,W4390745503;W4392850630;W4404946452,0.3333333333333333
I1283280774,I4210117453,7,7,2024,W4390745503;W4392850630;W4392947521;W4392947532;W4395067201;W4402220065;W4404946452,0.14285714285714285
I1283280774,I4210161994,4,4,2024,W4390745503;W4392850630;W4395067201;W4404946452,0.25
I1283280774,I4210164862,2,2,2024,W4390745503;W4392850630,0.5
I1283280774,I48633490,6,6,2024,W4390745503;W4391691195;W4392850630;W4399738410;W4401422445;W4404946452,0.16666666666666666
I1283280774,I1294278766,1,1,2024,W4392704071,1.0
I1283280774,I1335321130,2,2,2024,W4392704071;W4404946452,0.5
I1283280774,I180670191,3,3,2024,W4392704071;W4394858800;W4404946452,0.3333333333333333
I1283280774,I4210150980,2,2,2024,W4392704071;W4404946452,0.5
I1283280774,I204337017,1,1,2024,W4392850630,1.0
I1283280774,I2802335433,1,1,2024,W4392850630,1.0
I1283280774,I2801851002,6,6,2024,W4392947521;W4392947532;W4399567248;W4402220065;W4404946452;W4405545714,0.16666666666666666
I1283280774,I4210087915,4,4,2024,W4392947521;W4392947532;W4399567248;W4402220065,0.25
I1283280774,I4210092658,4,4,2024,W4392947521;W4392947532;W4399567248;W4400937555,0.25
I1283280774,I4210134579,4,4,2024,W4392947521;W4392947532;W4399567248;W4402220065,0.25
I1283280774,I4210155419,1,1,2024,W4392947521,1.0
I1283280774,I63966007,5,5,2024,W4392947521;W4392947532;W4395067201;W4399567248;W4402220065,0.2
I1283280774,I2802841970,2,2,2024,W4392947532;W4399567248,0.5
I1283280774,I2801543288,1,1,2024,W4393961018,1.0
I1283280774,I1330342723,1,1,2024,W4394858800,1.0
I1283280774,I204465549,1,1,2024,W4394858800,1.0
I1283280774,I2799503643,1,1,2024,W4394858800,1.0
I1283280774,I2800403580,1,1,2024,W4394858800,1.0
I1283280774,I4210110664,1,1,2024,W4394858800,1.0
I1283280774,I4210149000,1,1,2024,W4394858800,1.0
I1283280774,I4210150894,1,1,2024,W4394858800,1.0
I1283280774,I55302922,1,1,2024,W4394858800,1.0
I1283280774,I63190737,1,1,2024,W4394858800,1.0
I1283280774,I1316535847,1,1,2024,W4395067201,1.0
I1283280774,I135310074,1,1,2024,W4395067201,1.0
I1283280774,I2800191616,1,1,2024,W4395067201,1.0
I1283280774,I32971472,2,2,2024,W4395067201;W4395067526,0.5
I1283280774,I15196421,1,1,2024,W4395067526,1.0
I1283280774,I162714631,1,1,2024,W4395067526,1.0
I1283280774,I170201317,1,1,2024,W4395067526,1.0
I1283280774,I201448701,1,1,2024,W4395067526,1.0
I1283280774,I58956616,1,1,2024,W4395067526,1.0
I1283280774,I919571938,1,1,2024,W4395067526,1.0
I1283280774,I4210125099,1,1,2024,W4399567248,1.0
I1283280774,I4921948,1,1,2024,W4399567248,1.0
I1283280774,I181190671,1,1,2024,W4400362569,1.0
I1283280774,I183519381,1,1,2024,W4400362569,1.0
I1283280774,I4210119028,1,1,2024,W4400362569,1.0
I1283280774,I71920554,1,1,2024,W4400362569,1.0
I1283280774,I1290206253,1,1,2024,W4401422445,1.0
I1283280774,I157773358,1,1,2024,W4402220065,1.0
I1283280774,I158842170,1,1,2024,W4402220065,1.0
I1283280774,I2250653659,1,1,2024,W4402220065,1.0
I1283280774,I24185976,1,1,2024,W4402220065,1.0
I1283280774,I3018397418,1,1,2024,W4402220065,1.0
I1283280774,I4210104539,1,1,2024,W4402220065,1.0
I1283280774,I4210128921,1,1,2024,W4402220065,1.0
I1283280774,I4210146711,1,1,2024,W4402220065,1.0
I1283280774,I4210154480,1,1,2024,W4402220065,1.0
I1283280774,I4210158968,1,1,2024,W4402220065,1.0
I1283280774,I4210162753,1,1,2024,W4402220065,1.0
I1283280774,I79576946,1,1,2024,W4402220065,1.0
I1283280774,I97018004,2,2,2024,W4402220065;W4405545714,0.5
I1283280774,I182212641,2,2,2024,W4403090811;W4403112661,0.5
I1283280774,I4210152518,1,1,2024,W4403112661,1.0
I1283280774,I4210154111,1,1,2024,W4403112661,1.0
I1283280774,I74786994,1,1,2024,W4403112661,1.0
I1283280774,I1325899441,1,1,2024,W4404018000,1.0
I1283280774,I185261750,1,1,2024,W4404018000,1.0
I1283280774,I2802581871,1,1,2024,W4404018000,1.0
I1283280774,I2802948906,1,1,2024,W4404018000,1.0
I1283280774,I4210109586,1,1,2024,W4404018000,1.0
I1283280774,I4210110987,2,2,2024,W4404018000;W4405545714,0.5
I1283280774,I4210127509,1,1,2024,W4404018000,1.0
I1283280774,I4210158898,1,1,2024,W4404018000,1.0
I1283280774,I98677209,1,1,2024,W4404018000,1.0
I1283280774,I1334819555,1,1,2024,W4404946452,1.0
I1283280774,I36788626,1,1,2024,W4404946452,1.0
I1283280774,I165524941,1,1,2024,W4405545714,1.0
I1283280774,I183935753,1,1,2024,W4405545714,1.0
I1283280774,I3018134672,1,1,2024,W4405545714,1.0
I1283280774,I4210157861,1,1,2024,W4405545714,1.0
I1283280774,I47508984,1,1,2024,W4405545714,1.0
I1283280774,I62916508,1,1,2024,W4405545714,1.0
I1283473643,I4210130200,1,1,2024,W4402671610,1.0
I1283473643,I74973139,1,1,2024,W4402671610,1.0
I1283613182,I142444530,1,1,2024,W4391377263,1.0
I1283613182,I177909021,1,1,2024,W4391377263,1.0
I1283613182,I17974374,1,1,2024,W4391377263,1.0
I1283613182,I204881574,1,1,2024,W4391377263,1.0
I1283613182,I83019370,1,1,2024,W4391377263,1.0
I1283613182,I879563668,2,2,2024,W4391377263;W4405264387,0.5
I1284598098,I4210126476,2,2,2024,W4391470407;W4403213735,0.5
I1284598098,I95457486,3,3,2024,W4391470407;W4402217583;W4403213735,0.3333333333333333
I1284598098,I97018004,1,1,2024,W4391470407,1.0
I1284598098,I134446601,1,1,2024,W4402217583,1.0
I1284598098,I201448701,1,1,2024,W4402217583,1.0
I1284598098,I20231570,1,1,2024,W4402217583,1.0
I1284598098,I58610484,1,1,2024,W4402217583,1.0
I1284598098,I2801248553,1,1,2024,W4403213735,1.0
I1285013897,I5124864,1,1,2024,W4391561379,1.0
I1285013897,I76198965,2,2,2024,W4391561379;W4405616956,0.5
I1285013897,I1343180700,1,1,2024,W4405616956,1.0
I1285013897,I39343248,1,1,2024,W4405616956,1.0
I1285013897,I4210110490,1,1,2024,W4405616956,1.0
I1285204247,I4210149307,1,1,2024,W4393268644,1.0
I1285204247,I63135867,1,1,2024,W4393268644,1.0
I1285204247,I130238516,1,1,2024,W4402814550,1.0
I1285204247,I145311948,1,1,2024,W4402814550,1.0
I1285204247,I153297377,1,1,2024,W4402814550,1.0
I1285204247,I2799853436,1,1,2024,W4402814550,1.0
I1285204247,I2800138454,1,1,2024,W4402814550,1.0
I1285204247,I2800468613,1,1,2024,W4402814550,1.0
I1285204247,I2802882910,1,1,2024,W4402814550,1.0
I1285204247,I4210125713,1,1,2024,W4402814550,1.0
I1285204247,I4210132242,1,1,2024,W4402814550,1.0
I1285204247,I4210135252,1,1,2024,W4402814550,1.0
I1285204247,I63190737,1,1,2024,W4402814550,1.0
I1285204247,I901861585,1,1,2024,W4402814550,1.0
I1285399213,I129604602,1,1,2024,W4392658848,1.0
I1285399213,I200769079,1,1,2024,W4392658848,1.0
I1285399213,I2802091258,1,1,2024,W4392658848,1.0
I1285399213,I4210119130,1,1,2024,W4392658848,1.0
I1285399213,I889458895,1,1,2024,W4392658848,1.0
I1285985921,I181046868,1,1,2024,W4401591651,1.0
I1285985921,I40120149,1,1,2024,W4401591651,1.0
I1285985921,I4210146410,1,1,2024,W4401591651,1.0
I1286353243,I18014758,1,1,2024,W4400819112,1.0
I1286353243,I4210103820,1,1,2024,W4400819112,1.0
I1286353243,I4210104522,1,1,2024,W4400819112,1.0
I1286490081,I33434090,1,1,2024,W4401432779,1.0
I128649747,I183935753,1,1,2024,W4405832618,1.0
I128649747,I27837315,1,1,2024,W4405832618,1.0
I12870472,I24027795,1,1,2024,W4391482743,1.0
I12870472,I169199633,2,2,2024,W4404474946;W4404789409,0.5
I12870472,I4210102384,2,2,2024,W4404474946;W4404789409,0.5
I1287896540,I78577930,1,1,2024,W4392153984,1.0
I1287896540,I97018004,1,1,2024,W4392153984,1.0
I1288882113,I136199984,7,7,2024,W4390745503;W4392704071;W4393961018;W4395067201;W4402055147;W4404946452;W4405763549,0.14285714285714285
I1288882113,I34352273,2,2,2024,W4390745503;W4404946452,0.5
I1288882113,I4210117453,3,3,2024,W4390745503;W4395067201;W4404946452,0.3333333333333333
I1288882113,I4210161994,3,3,2024,W4390745503;W4395067201;W4404946452,0.3333333333333333
I1288882113,I4210164862,1,1,2024,W4390745503,1.0
I1288882113,I48633490,2,2,2024,W4390745503;W4404946452,0.5
I1288882113,I1294278766,1,1,2024,W4392704071,1.0
I1288882113,I1335321130,2,2,2024,W4392704071;W4404946452,0.5
I1288882113,I180670191,2,2,2024,W4392704071;W4404946452,0.5
I1288882113,I4210150980,2,2,2024,W4392704071;W4404946452,0.5
I1288882113,I2801543288,1,1,2024,W4393961018,1.0
I1288882113,I1316535847,1,1,2024,W4395067201,1.0
I1288882113,I135310074,2,2,2024,W4395067201;W4405763549,0.5
I1288882113,I2800191616,1,1,2024,W4395067201,1.0
I1288882113,I32971472,2,2,2024,W4395067201;W4402055147,0.5
I1288882113,I63966007,1,1,2024,W4395067201,1.0
I1288882113,I4210107844,1,1,2024,W4400036248,1.0
I1288882113,I4210144576,1,1,2024,W4400036248,1.0
I1288882113,I182534213,1,1,2024,W4402055147,1.0
I1288882113,I4210094406,1,1,2024,W4402055147,1.0
I1288882113,I4210103180,1,1,2024,W4402055147,1.0
I1288882113,I4210111164,1,1,2024,W4402055147,1.0
I1288882113,I4210125590,1,1,2024,W4402055147,1.0
I1288882113,I4210158373,1,1,2024,W4402055147,1.0
I1288882113,I47508984,1,1,2024,W4402055147,1.0
I1288882113,I91123046,1,1,2024,W4402055147,1.0
I1288882113,I1334819555,1,1,2024,W4404946452,1.0
I1288882113,I2801851002,1,1,2024,W4404946452,1.0
I1288882113,I36788626,1,1,2024,W4404946452,1.0
I1288882113,I170201317,1,1,2024,W4405763549,1.0
I1288882113,I25217355,1,1,2024,W4405763549,1.0
I1288882113,I27837315,1,1,2024,W4405763549,1.0
I1288882113,I35961687,1,1,2024,W4405763549,1.0
I1288882113,I4210091499,1,1,2024,W4405763549,1.0
I1288882113,I4210114445,1,1,2024,W4405763549,1.0
I1288882113,I4210128618,1,1,2024,W4405763549,1.0
I1288882113,I4210148284,1,1,2024,W4405763549,1.0
I1288882113,I4210150261,1,1,2024,W4405763549,1.0
I1288882113,I4210153126,1,1,2024,W4405763549,1.0
I1288882113,I60053951,1,1,2024,W4405763549,1.0
I1288882113,I867280407,1,1,2024,W4405763549,1.0
I1289243028,I82497590,1,1,2024,W4390941520,1.0
I1289243028,I205640436,1,1,2024,W4403371192,1.0
I1289243028,I31746571,1,1,2024,W4403371192,1.0
I1289243028,I40120149,1,1,2024,W4403371192,1.0
I1289243028,I4210137977,1,1,2024,W4405387414,1.0
I1289784979,I1325675289,2,2,2024,W4396746678;W4399347607,0.5
I1289784979,I4210088407,1,1,2024,W4396746678,1.0
I1289784979,I4210150574,2,2,2024,W4396746678;W4399347607,0.5
I1289784979,I45129253,2,2,2024,W4396746678;W4399347607,0.5
I1289784979,I177877127,1,1,2024,W4399347607,1.0
I1289784979,I201448701,1,1,2024,W4399347607,1.0
I1289784979,I4210126452,1,1,2024,W4399347607,1.0
I1289910757,I244572783,1,1,2024,W4398768358,1.0
I1289910757,I68891433,2,2,2024,W4398768358;W4403556859,0.5
I1289910757,I158867519,1,1,2024,W4403556859,1.0
I1289910757,I94722563,1,1,2024,W4403556859,1.0
I1289910757,I98358874,1,1,2024,W4403556859,1.0
I1290206253,I20231570,1,1,2024,W4391558438,1.0
I1290206253,I4210113369,2,2,2024,W4391558438;W4399175313,0.5
I1290206253,I4210116924,2,2,2024,W4391558438;W4401176373,0.5
I1290206253,I76569877,1,1,2024,W4391558438,1.0
I1290206253,I1325899441,1,1,2024,W4392168151,1.0
I1290206253,I185261750,3,3,2024,W4392168151;W4396833177;W4398766485,0.3333333333333333
I1290206253,I4210127509,1,1,2024,W4392168151,1.0
I1290206253,I4401726785,1,1,2024,W4392297945,1.0
I1290206253,I27837315,2,2,2024,W4392484243;W4398183095,0.5
I1290206253,I4210121786,1,1,2024,W4392484243,1.0
I1290206253,I175594653,1,1,2024,W4393904418,1.0
I1290206253,I205783295,4,4,2024,W4393904418;W4396863502;W4399251710;W4404587114,0.25
I1290206253,I27504731,2,2,2024,W4393904418;W4404587114,0.5
I1290206253,I36258959,3,3,2024,W4393904418;W4400878080;W4404587114,0.3333333333333333
I1290206253,I45129253,2,2,2024,W4393904418;W4404587114,0.5
I1290206253,I63966007,5,5,2024,W4393904418;W4398183095;W4399849668;W4404587114;W4405328867,0.2
I1290206253,I201448701,5,5,2024,W4395106452;W4398201291;W4401863388;W4404460707;W4405669265,0.2
I1290206253,I58610484,3,3,2024,W4395106452;W4400526908;W4401176373,0.3333333333333333
I1290206253,I99065089,2,2,2024,W4396568157;W4405003117,0.5
I1290206253,I4210094076,1,1,2024,W4396606797,1.0
I1290206253,I4210124436,1,1,2024,W4396606797,1.0
I1290206253,I4210159031,1,1,2024,W4396606797,1.0
I1290206253,I4210105678,1,1,2024,W4396681775,1.0
I1290206253,I20089843,1,1,2024,W4396802056,1.0
I1290206253,I4210153468,2,2,2024,W4396802056;W4400526908,0.5
I1290206253,I165799507,1,1,2024,W4396833067,1.0
I1290206253,I154130895,1,1,2024,W4396833177,1.0
I1290206253,I1291425158,2,2,2024,W4398183095;W4401863475,0.5
I1290206253,I1308683654,1,1,2024,W4398183095,1.0
I1290206253,I1318687432,1,1,2024,W4398183095,1.0
I1290206253,I136199984,5,5,2024,W4398183095;W4398766485;W4403813762;W4405328867;W4405464828,0.2
I1290206253,I148283060,1,1,2024,W4398183095,1.0
I1290206253,I2800156163,1,1,2024,W4398183095,1.0
I1290206253,I2801081054,1,1,2024,W4398183095,1.0
I1290206253,I2801851002,1,1,2024,W4398183095,1.0
I1290206253,I4210119109,1,1,2024,W4398183095,1.0
I1290206253,I4400600948,1,1,2024,W4398183095,1.0
I1290206253,I62916508,1,1,2024,W4398183095,1.0
I1290206253,I74973139,2,2,2024,W4398183095;W4400582732,0.5
I1290206253,I78577930,1,1,2024,W4398183095,1.0
I1290206253,I79576946,2,2,2024,W4398183095;W4400878080,0.5
I1290206253,I86519309,1,1,2024,W4398183095,1.0
I1290206253,I95457486,1,1,2024,W4398183095,1.0
I1290206253,I97018004,3,3,2024,W4398183095;W4401176373;W4403813762,0.3333333333333333
I1290206253,I196272386,3,3,2024,W4398201291;W4404460707;W4405669265,0.3333333333333333
I1290206253,I2801670537,3,3,2024,W4398201291;W4404460707;W4405669265,0.3333333333333333
I1290206253,I4210118837,2,2,2024,W4398201291;W4404460707,0.5
I1290206253,I4210133796,1,1,2024,W4398201291,1.0
I1290206253,I4210156829,1,1,2024,W4398201291,1.0
I1290206253,I4210164937,2,2,2024,W4398201291;W4404460707,0.5
I1290206253,I169222155,1,1,2024,W4398766485,1.0
I1290206253,I39422238,1,1,2024,W4398766485,1.0
I1290206253,I4210087915,2,2,2024,W4398766485;W4405328867,0.5
I1290206253,I4210159521,1,1,2024,W4398766485,1.0
I1290206253,I87208437,1,1,2024,W4398766485,1.0
I1290206253,I130701444,1,1,2024,W4399175313,1.0
I1290206253,I4210125051,1,1,2024,W4399175313,1.0
I1290206253,I27804330,2,2,2024,W4399251710;W4404587114,0.5
I1290206253,I4210137115,1,1,2024,W4399251710,1.0
I1290206253,I139264467,1,1,2024,W4399849668,1.0
I1290206253,I4210124949,2,2,2024,W4400484653;W4400484665,0.5
I1290206253,I72951846,1,1,2024,W4400484653,1.0
I1290206253,RAW_MICROSOFT,2,2,2024,W4400484665;W4400526908,0.5
I1290206253,I4402554038,1,1,2024,W4400526908,1.0
I1290206253,I1334819555,1,1,2024,W4400889241,1.0
I1290206253,I162884033,1,1,2024,W4400889241,1.0
I1290206253,I4210123059,1,1,2024,W4400889241,1.0
I1290206253,I5388228,1,1,2024,W4400889241,1.0
I1290206253,I1743320,1,1,2024,W4401176373,1.0
I1290206253,I40347166,1,1,2024,W4401176373,1.0
I1290206253,I48633490,1,1,2024,W4401422445,1.0
I1290206253,I1342911587,1,1,2024,W4401863475,1.0
I1290206253,I4210116723,1,1,2024,W4403277141,1.0
I1290206253,I1316535847,1,1,2024,W4403813762,1.0
I1290206253,I1343052199,1,1,2024,W4403813762,1.0
I1290206253,I204866599,1,1,2024,W4403813762,1.0
I1290206253,I4210119250,1,1,2024,W4403813762,1.0
I1290206253,I4210135252,1,1,2024,W4403813762,1.0
I1290206253,I4210137306,1,1,2024,W4403813762,1.0
I1290206253,I4210138309,1,1,2024,W4403813762,1.0
I1290206253,I154570441,1,1,2024,W4405003117,1.0
I1290206253,I183067930,1,1,2024,W4405003117,1.0
I1290206253,I4210145118,1,1,2024,W4405003117,1.0
I1290206253,I4210149717,1,1,2024,W4405328867,1.0
I1290206253,I129604602,1,1,2024,W4405844927,1.0
I1290206253,I40120149,1,1,2024,W4405844927,1.0
I1290206253,I4210108985,1,1,2024,W4405844927,1.0
I1290206253,I71920554,1,1,2024,W4405844927,1.0
I12912129,I189731429,2,2,2024,W4391407102;W4391417542,0.5
I12912129,I86519309,1,1,2024,W4391407102,1.0
I12912129,I70571728,1,1,2024,W4391417542,1.0
I12912129,I203172682,1,1,2024,W4392213660,1.0
I12912129,I133738476,1,1,2024,W4392503764,1.0
I12912129,I165799507,3,3,2024,W4392503764;W4396832466;W4396919238,0.3333333333333333
I12912129,I201448701,1,1,2024,W4392503764,1.0
I12912129,I63966007,3,3,2024,W4392503764;W4396919238;W4404198594,0.3333333333333333
I12912129,I97018004,2,2,2024,W4392503764;W4400771722,0.5
I12912129,I1299303238,1,1,2024,W4394688596,1.0
I12912129,I170201317,1,1,2024,W4394688596,1.0
I12912129,I200719446,1,1,2024,W4394688596,1.0
I12912129,I205783295,1,1,2024,W4394688596,1.0
I12912129,I2799503643,1,1,2024,W4394688596,1.0
I12912129,I4210109390,1,1,2024,W4394688596,1.0
I12912129,I4387153466,1,1,2024,W4394688596,1.0
I12912129,I78577930,2,2,2024,W4394688596;W4399184154,0.5
I12912129,I79576946,1,1,2024,W4394688596,1.0
I12912129,I901861585,1,1,2024,W4394688596,1.0
I12912129,I91203450,1,1,2024,W4394688596,1.0
I12912129,I1291425158,2,2,2024,W4396832416;W4402951694,0.5
I12912129,I74973139,2,2,2024,W4396832466;W4404966084,0.5
I12912129,I212119943,1,1,2024,W4396833393,1.0
I12912129,I2802805919,1,1,2024,W4396833393,1.0
I12912129,I27837315,1,1,2024,W4396919238,1.0
I12912129,I86755215,1,1,2024,W4396919238,1.0
I12912129,I16269868,1,1,2024,W4399184154,1.0
I12912129,I165075387,1,1,2024,W4399184154,1.0
I12912129,I24943067,1,1,2024,W4399184154,1.0
I12912129,I178169726,1,1,2024,W4400771722,1.0
I12912129,I57206974,1,1,2024,W4400771722,1.0
I12912129,I58610484,1,1,2024,W4400771722,1.0
I12912129,I59553526,1,1,2024,W4400771722,1.0
I12912129,RAW_STABILITY_AI,1,1,2024,W4402951694,1.0
I12912129,I887968799,1,1,2024,W4402997235,1.0
I12912129,I200769079,1,1,2024,W4403562282,1.0
I12912129,I205274468,1,1,2024,W4403562282,1.0
I12912129,I889458895,1,1,2024,W4403562282,1.0
I12912129,I2250653659,1,1,2024,W4404420676,1.0
I12912129,I76130692,1,1,2024,W4404420676,1.0
I12912129,I145311948,1,1,2024,W4404769982,1.0
I12912129,I6059380,1,1,2024,W4404769982,1.0
I12912129,I24603500,1,1,2024,W4404915720,1.0
I1291425158,I185261750,2,2,2024,W4391335180;W4400267690,0.5
I1291425158,I135310074,1,1,2024,W4393002303,1.0
I1291425158,I140172145,1,1,2024,W4393002303,1.0
I1291425158,I165733156,2,2,2024,W4393002303;W4400525589,0.5
I1291425158,I172675005,1,1,2024,W4393002303,1.0
I1291425158,I36234482,1,1,2024,W4393002303,1.0
I1291425158,I63190737,1,1,2024,W4393002303,1.0
I1291425158,I97018004,6,6,2024,W4393002303;W4395703652;W4396512602;W4398183095;W4402890475;W4403990754,0.16666666666666666
I1291425158,I134446601,3,3,2024,W4393064140;W4396512602;W4396833729,0.3333333333333333
I1291425158,I95457486,5,5,2024,W4393064140;W4393153278;W4396512602;W4396833729;W4398183095,0.2
I1291425158,I24603500,1,1,2024,W4393153278,1.0
I1291425158,I4210109586,1,1,2024,W4393153278,1.0
I1291425158,I86519309,4,4,2024,W4393153278;W4398183095;W4402753623;W4402890475,0.25
I1291425158,I180670191,1,1,2024,W4393376341,1.0
I1291425158,I53964585,3,3,2024,W4393376341;W4396512602;W4404965692,0.3333333333333333
I1291425158,I74973139,3,3,2024,W4394745423;W4398183095;W4404002657,0.3333333333333333
I1291425158,I20089843,2,2,2024,W4395703652;W4402890475,0.5
I1291425158,I4210145583,1,1,2024,W4395703652,1.0
I1291425158,I4210145812,1,1,2024,W4395703652,1.0
I1291425158,I16391192,2,2,2024,W4396512602;W4404965692,0.5
I1291425158,I3018771216,1,1,2024,W4396512602,1.0
I1291425158,I36788626,1,1,2024,W4396512602,1.0
I1291425158,I4210099236,1,1,2024,W4396512602,1.0
I1291425158,I4210142583,1,1,2024,W4396512602,1.0
I1291425158,I71920554,1,1,2024,W4396512602,1.0
I1291425158,I8204097,1,1,2024,W4396512602,1.0
I1291425158,I201448701,2,2,2024,W4396831879;W4402754165,0.5
I1291425158,I130769515,1,1,2024,W4396832402,1.0
I1291425158,I130785548,1,1,2024,W4396832402,1.0
I1291425158,I180437899,1,1,2024,W4396832402,1.0
I1291425158,I4210113316,1,1,2024,W4396832402,1.0
I1291425158,I78577930,2,2,2024,W4396832402;W4398183095,0.5
I1291425158,I59897056,1,1,2024,W4396833364,1.0
I1291425158,I1297971548,1,1,2024,W4396833729,1.0
I1291425158,I168719708,1,1,2024,W4396833729,1.0
I1291425158,I1308683654,1,1,2024,W4398183095,1.0
I1291425158,I1318687432,1,1,2024,W4398183095,1.0
I1291425158,I136199984,2,2,2024,W4398183095;W4402748869,0.5
I1291425158,I148283060,1,1,2024,W4398183095,1.0
I1291425158,I27837315,2,2,2024,W4398183095;W4402754274,0.5
I1291425158,I2800156163,1,1,2024,W4398183095,1.0
I1291425158,I2801081054,1,1,2024,W4398183095,1.0
I1291425158,I2801851002,2,2,2024,W4398183095;W4399363470,0.5
I1291425158,I4210119109,1,1,2024,W4398183095,1.0
I1291425158,I4400600948,1,1,2024,W4398183095,1.0
I1291425158,I62916508,1,1,2024,W4398183095,1.0
I1291425158,I63966007,3,3,2024,W4398183095;W4402726899;W4402748869,0.3333333333333333
I1291425158,I79576946,1,1,2024,W4398183095,1.0
I1291425158,I202697423,1,1,2024,W4399363470,1.0
I1291425158,I40120149,2,2,2024,W4399363470;W4402772409,0.5
I1291425158,I4210113297,4,4,2024,W4399363470;W4402997354;W4403680773;W4404518333,0.25
I1291425158,I45129253,2,2,2024,W4399363470;W4404518333,0.5
I1291425158,RAW_COHERE,1,1,2024,W4399363470,1.0
I1291425158,I2801919071,1,1,2024,W4400267690,1.0
I1291425158,I36258959,2,2,2024,W4400267690;W4402754104,0.5
I1291425158,I51556381,1,1,2024,W4400525589,1.0
I1291425158,I4210090411,8,8,2024,W4401166641;W4402716198;W4402727587;W4402774090;W4402997354;W4403680773;W4404518333;W4404518650,0.125
I1291425158,I1342911587,1,1,2024,W4401863475,1.0
I1291425158,I4210117425,2,2,2024,W4402670821;W4404965692,0.5
I1291425158,I98677209,1,1,2024,W4402716224,1.0
I1291425158,RAW_STABILITY_AI,2,2,2024,W4402716224;W4402951694,0.5
I1291425158,I1306409833,1,1,2024,W4402727250,1.0
I1291425158,I2800935791,2,2,2024,W4402727250;W4402904227,0.5
I1291425158,I1316535847,1,1,2024,W4402748869,1.0
I1291425158,I154425047,1,1,2024,W4402748869,1.0
I1291425158,I241749,1,1,2024,W4402754104,1.0
I1291425158,I2800817003,1,1,2024,W4402754104,1.0
I1291425158,I6902469,1,1,2024,W4402754104,1.0
I1291425158,I156087764,1,1,2024,W4402772409,1.0
I1291425158,I183067930,1,1,2024,W4402890475,1.0
I1291425158,I4210127875,1,1,2024,W4402890475,1.0
I1291425158,I4577782,1,1,2024,W4402890475,1.0
I1291425158,I197347611,1,1,2024,W4402997354,1.0
I1291425158,I4210161460,1,1,2024,W4402997354,1.0
I1291425158,I74801974,1,1,2024,W4403448419,1.0
I1291425158,RAW_META,1,1,2024,W4403448419,1.0
I1291425158,I130701444,1,1,2024,W4403990754,1.0
I1291425158,I200769079,1,1,2024,W4404002657,1.0
I1291425158,I157725225,1,1,2024,W4404132493,1.0
I1291425158,I174306211,1,1,2024,W4404965692,1.0
I129162050,I51195161,1,1,2024,W4403881724,1.0
I1291836623,I2801816099,2,2,2024,W4390919701;W4398190964,0.5
I1291836623,I1325899441,1,1,2024,W4398190964,1.0
I1291836623,I153718931,1,1,2024,W4398190964,1.0
I1291836623,I185261750,1,1,2024,W4398190964,1.0
I1291836623,I2801845744,1,1,2024,W4398190964,1.0
I1292020679,I32971472,1,1,2024,W4400047099,1.0
I1292020679,I4210137306,1,1,2024,W4400047099,1.0
I1292020679,I97018004,1,1,2024,W4400047099,1.0
I1292859797,I2252078561,1,1,2024,W4391682754,1.0
I1292859797,I2799419483,1,1,2024,W4391682754,1.0
I1292859797,I4210164802,1,1,2024,W4391682754,1.0
I1292859797,I4210167039,1,1,2024,W4391682754,1.0
I1292859797,I5023651,1,1,2024,W4391682754,1.0
I1292875679,I42894916,6,6,2024,W4391235307;W4399528049;W4399531121;W4401478064;W4401719266;W4404355908,0.16666666666666666
I1292875679,I74899385,1,1,2024,W4391235307,1.0
I1292875679,I129604602,1,1,2024,W4400082006,1.0
I1292875679,I195740183,1,1,2024,W4400082006,1.0
I1292875679,I31746571,2,2,2024,W4400082006;W4401478064,0.5
I1292875679,I92446798,1,1,2024,W4400082006,1.0
I1292875679,I2801453606,1,1,2024,W4401478064,1.0
I1292875679,I4210142128,1,1,2024,W4401478064,1.0
I1292966370,I4210110987,1,1,2024,W4390723916,1.0
I1292966370,I4210115892,1,1,2024,W4390723916,1.0
I1292966370,I909854389,1,1,2024,W4390723916,1.0
I1292974536,I194450716,1,1,2024,W4396869735,1.0
I1292974536,I4210153682,1,1,2024,W4396869735,1.0
I1293309919,I1341030882,1,1,2024,W4393952013,1.0
I1293309919,I4210142479,1,1,2024,W4393952013,1.0
I1293309919,I4210164166,1,1,2024,W4393952013,1.0
I1293718874,I148366613,1,1,2024,W4392164233,1.0
I1293718874,I152743029,1,1,2024,W4392164233,1.0
I1293718874,I184693016,1,1,2024,W4392164233,1.0
I1293718874,I2803004286,1,1,2024,W4392164233,1.0
I1293718874,I4210091201,1,1,2024,W4392164233,1.0
I1293718874,I4210093006,1,1,2024,W4392164233,1.0
I1293718874,I4210093821,1,1,2024,W4392164233,1.0
I1293718874,I4210097658,1,1,2024,W4392164233,1.0
I1293718874,I4210126829,1,1,2024,W4392164233,1.0
I1293718874,I4210136334,1,1,2024,W4392164233,1.0
I1293718874,I4210152230,1,1,2024,W4392164233,1.0
I1293718874,I4210162359,1,1,2024,W4392164233,1.0
I1293718874,I64723972,1,1,2024,W4392164233,1.0
I1293718874,I68171755,1,1,2024,W4392164233,1.0
I1293718874,I98298690,1,1,2024,W4392164233,1.0
I1294278766,I1335321130,1,1,2024,W4392704071,1.0
I1294278766,I136199984,1,1,2024,W4392704071,1.0
I1294278766,I180670191,1,1,2024,W4392704071,1.0
I1294278766,I4210150980,1,1,2024,W4392704071,1.0
I1294350288,I86987016,1,1,2024,W4394862611,1.0
I1294504835,I130785548,1,1,2024,W4395055639,1.0
I1294504835,I82495205,1,1,2024,W4395055639,1.0
I1294606314,I145311948,1,1,2024,W4390577395,1.0
I1294606314,I157773358,2,2,2024,W4390577395;W4404759772,0.5
I1294606314,I172675005,1,1,2024,W4390577395,1.0
I1294606314,I177725633,2,2,2024,W4390577395;W4404759772,0.5
I1294606314,I183067930,2,2,2024,W4390577395;W4391225179,0.5
I1294606314,I2251586001,1,1,2024,W4390577395,1.0
I1294606314,I2799299286,3,3,2024,W4390577395;W4391225179;W4404759772,0.3333333333333333
I1294606314,I2799853436,1,1,2024,W4390577395,1.0
I1294606314,I33849332,1,1,2024,W4390577395,1.0
I1294606314,I4210100255,1,1,2024,W4390577395,1.0
I1294606314,I4210106442,1,1,2024,W4390577395,1.0
I1294606314,I4210116869,1,1,2024,W4390577395,1.0
I1294606314,I4210116917,3,3,2024,W4390577395;W4391225179;W4404759772,0.3333333333333333
I1294606314,I4210124134,1,1,2024,W4390577395,1.0
I1294606314,I4210128921,1,1,2024,W4390577395,1.0
I1294606314,I4210144482,1,1,2024,W4390577395,1.0
I1294606314,I4210153550,3,3,2024,W4390577395;W4391225179;W4404759772,0.3333333333333333
I1294606314,I47508984,2,2,2024,W4390577395;W4404759772,0.5
I1294606314,I99065089,3,3,2024,W4390577395;W4391225179;W4404759772,0.3333333333333333
I1294606314,I165932596,2,2,2024,W4391225179;W4404759772,0.5
I1294606314,I27837315,1,1,2024,W4391225179,1.0
I1294606314,I2800810863,1,1,2024,W4391225179,1.0
I1294606314,I2801766832,1,1,2024,W4391225179,1.0
I1294606314,I4210116924,1,1,2024,W4391225179,1.0
I1294606314,I4210126319,1,1,2024,W4391225179,1.0
I1294606314,I4210135742,1,1,2024,W4391225179,1.0
I1294606314,I4210142044,1,1,2024,W4391225179,1.0
I1294606314,I82880672,1,1,2024,W4391225179,1.0
I1294606314,I889458895,1,1,2024,W4391225179,1.0
I1294606314,I183519381,3,3,2024,W4403650311;W4404759772;W4405063711,0.3333333333333333
I1294606314,I139660479,1,1,2024,W4404759772,1.0
I1294606314,I17721919,2,2,2024,W4404759772;W4405063711,0.5
I1294606314,I183935753,1,1,2024,W4404759772,1.0
I1294606314,I20231570,1,1,2024,W4404759772,1.0
I1294606314,I4210091706,1,1,2024,W4404759772,1.0
I1294606314,I4210110199,1,1,2024,W4404759772,1.0
I1294606314,I4210121771,1,1,2024,W4404759772,1.0
I1294606314,I4210132355,2,2,2024,W4404759772;W4405063711,0.5
I1294606314,I4210133003,1,1,2024,W4404759772,1.0
I1294606314,I4210133785,1,1,2024,W4404759772,1.0
I1294606314,I4210159865,1,1,2024,W4404759772,1.0
I1294606314,I53411278,1,1,2024,W4404759772,1.0
I1294606314,I189210763,1,1,2024,W4405063711,1.0
I1294606314,I4210135888,1,1,2024,W4405063711,1.0
I1294606314,I4210156168,1,1,2024,W4405063711,1.0
I1294671590,I4210095474,1,1,2024,W4386437472,1.0
I1294671590,I4210129145,1,1,2024,W4386437472,1.0
I1294671590,I4387154995,1,1,2024,W4386437472,1.0
I1294671590,I4210101573,1,1,2024,W4389834551,1.0
I1294671590,I4210104430,1,1,2024,W4389834551,1.0
I1294671590,I4210144566,1,1,2024,W4389834551,1.0
I1294671590,I899635006,4,4,2024,W4389834551;W4393906060;W4401378300;W4402715806,0.25
I1294671590,I142476485,2,2,2024,W4390947766;W4402716161,0.5
I1294671590,I193662353,1,1,2024,W4390947766,1.0
I1294671590,I205092303,1,1,2024,W4390947766,1.0
I1294671590,I4210137396,1,1,2024,W4390947766,1.0
I1294671590,I84009706,1,1,2024,W4390947766,1.0
I1294671590,I143002897,1,1,2024,W4392904968,1.0
I1294671590,I4210114274,1,1,2024,W4392904968,1.0
I1294671590,I4210100283,1,1,2024,W4393259614,1.0
I1294671590,I4210138704,1,1,2024,W4393259614,1.0
I1294671590,I68947357,1,1,2024,W4393259614,1.0
I1294671590,I161878677,1,1,2024,W4393906060,1.0
I1294671590,I165368041,2,2,2024,W4393906060;W4401378300,0.5
I1294671590,I188329596,1,1,2024,W4393906060,1.0
I1294671590,I19820366,3,3,2024,W4393906060;W4401378300;W4402715806,0.3333333333333333
I1294671590,I25217355,1,1,2024,W4393906060,1.0
I1294671590,I2801798921,2,2,2024,W4393906060;W4401378300,0.5
I1294671590,I31746571,1,1,2024,W4393906060,1.0
I1294671590,I4210101348,3,3,2024,W4393906060;W4401378300;W4402715806,0.3333333333333333
I1294671590,I4210137199,3,3,2024,W4393906060;W4401378300;W4402715806,0.3333333333333333
I1294671590,I4210148560,2,2,2024,W4393906060;W4401378300,0.5
I1294671590,I4210149092,3,3,2024,W4393906060;W4401378300;W4402715806,0.3333333333333333
I1294671590,I4210165038,2,2,2024,W4393906060;W4401378300,0.5
I1294671590,I62916508,1,1,2024,W4393906060,1.0
I1294671590,I74801974,2,2,2024,W4393906060;W4401378300,0.5
I1294671590,I76569877,1,1,2024,W4393906060,1.0
I1294671590,I80606768,1,1,2024,W4393906060,1.0
I1294671590,I194210350,1,1,2024,W4394596498,1.0
I1294671590,I4210139483,1,1,2024,W4394596498,1.0
I1294671590,I98702875,1,1,2024,W4394596498,1.0
I1294671590,I150229711,1,1,2024,W4395056684,1.0
I1294671590,I19894307,1,1,2024,W4395056684,1.0
I1294671590,I4210101743,1,1,2024,W4395056684,1.0
I1294671590,I1326498283,1,1,2024,W4395695883,1.0
I1294671590,I20231570,1,1,2024,W4395695883,1.0
I1294671590,I2802519937,1,1,2024,W4395695883,1.0
I1294671590,I4210139461,2,2,2024,W4395695883;W4402716161,0.5
I1294671590,I151746483,1,1,2024,W4396828482,1.0
I1294671590,I185261750,1,1,2024,W4396828482,1.0
I1294671590,I2279609970,1,1,2024,W4396828482,1.0
I1294671590,I2801862477,1,1,2024,W4396828482,1.0
I1294671590,I7454413,1,1,2024,W4396828482,1.0
I1294671590,I148283060,1,1,2024,W4399922932,1.0
I1294671590,I188538660,1,1,2024,W4399922932,1.0
I1294671590,I20089843,1,1,2024,W4399922932,1.0
I1294671590,I204730241,3,3,2024,W4399922932;W4402511767;W4404448333,0.3333333333333333
I1294671590,I241749,1,1,2024,W4399922932,1.0
I1294671590,I2738703131,1,1,2024,W4399922932,1.0
I1294671590,I277688954,3,3,2024,W4399922932;W4400142550;W4402511767,0.3333333333333333
I1294671590,I4210086977,1,1,2024,W4399922932,1.0
I1294671590,I4210128565,1,1,2024,W4399922932,1.0
I1294671590,I4210153546,1,1,2024,W4399922932,1.0
I1294671590,I4387153999,1,1,2024,W4399922932,1.0
I1294671590,I57206974,1,1,2024,W4399922932,1.0
I1294671590,I152031979,1,1,2024,W4401378300,1.0
I1294671590,I3124059619,1,1,2024,W4401378300,1.0
I1294671590,I154526488,1,1,2024,W4402511767,1.0
I1294671590,I2801843802,1,1,2024,W4402511767,1.0
I1294671590,I4210103698,1,1,2024,W4402511767,1.0
I1294671590,I4210107720,1,1,2024,W4402511767,1.0
I1294671590,I4210141964,1,1,2024,W4402511767,1.0
I1294671590,I4387152683,1,1,2024,W4402511767,1.0
I1294671590,I195460627,1,1,2024,W4402716161,1.0
I1294671590,I4210165912,1,1,2024,W4402716161,1.0
I1294671590,I56435720,1,1,2024,W4403489014,1.0
I1294671590,I142631665,1,1,2024,W4403636136,1.0
I1294671590,I2746051580,2,2,2024,W4403636136;W4404448333,0.5
I1294671590,I29607241,2,2,2024,W4403636136;W4404448333,0.5
I1294671590,I4210152518,1,1,2024,W4403636136,1.0
I1294671590,I4210154111,1,1,2024,W4403636136,1.0
I1294671590,I39804081,1,1,2024,W4404448333,1.0
I1294671590,I4210091437,1,1,2024,W4404448333,1.0
I1294671590,I4210103330,1,1,2024,W4404448333,1.0
I1294671590,I4210156583,1,1,2024,W4404448333,1.0
I1294671590,I71209653,1,1,2024,W4404448333,1.0
I1295876152,I1343551460,1,1,2024,W4399480372,1.0
I1295876152,I2801572250,1,1,2024,W4399480372,1.0
I1295876152,I4210146710,1,1,2024,W4399480372,1.0
I1295876152,I86519309,1,1,2024,W4399480372,1.0
I1295876152,I919571938,1,1,2024,W4399480372,1.0
I129604602,I139024713,4,4,2024,W4390828922;W4400228959;W4402350838;W4402473949,0.25
I129604602,I141945490,1,1,2024,W4390828922,1.0
I129604602,I151746483,2,2,2024,W4390828922;W4400228959,0.5
I129604602,I152815399,4,4,2024,W4390828922;W4400228959;W4402350838;W4402473949,0.25
I129604602,I172675005,6,6,2024,W4390828922;W4392543779;W4399344797;W4400228959;W4402350838;W4402473949,0.16666666666666666
I129604602,I180726961,1,1,2024,W4390828922,1.0
I129604602,I20089843,2,2,2024,W4390828922;W4400228959,0.5
I129604602,I35928602,1,1,2024,W4390828922,1.0
I129604602,I44461941,2,2,2024,W4390828922;W4400228959,0.5
I129604602,I82497590,2,2,2024,W4390828922;W4400228959,0.5
I129604602,I848706,4,4,2024,W4390828922;W4400228959;W4402350838;W4402473949,0.25
I129604602,I14243506,1,1,2024,W4392543779,1.0
I129604602,I204983213,1,1,2024,W4392543779,1.0
I129604602,I4210116924,2,2,2024,W4392543779;W4400228959,0.5
I129604602,I76130692,2,2,2024,W4392543779;W4396904350,0.5
I129604602,I200769079,1,1,2024,W4392658848,1.0
I129604602,I2802091258,1,1,2024,W4392658848,1.0
I129604602,I4210119130,1,1,2024,W4392658848,1.0
I129604602,I889458895,4,4,2024,W4392658848;W4401386967;W4402350838;W4402473949,0.25
I129604602,I143593769,1,1,2024,W4392748121,1.0
I129604602,I183067930,1,1,2024,W4392748121,1.0
I129604602,I4210100255,1,1,2024,W4392748121,1.0
I129604602,I4391012619,2,2,2024,W4392748121;W4393153655,0.5
I129604602,I4210122302,1,1,2024,W4393153655,1.0
I129604602,I136199984,1,1,2024,W4396832002,1.0
I129604602,I2801851002,1,1,2024,W4396832002,1.0
I129604602,I157773358,1,1,2024,W4396904350,1.0
I129604602,I168719708,1,1,2024,W4396904350,1.0
I129604602,I200296433,1,1,2024,W4396904350,1.0
I129604602,I24943067,1,1,2024,W4396904350,1.0
I129604602,I2801703238,1,1,2024,W4396904350,1.0
I129604602,I4210096354,1,1,2024,W4396904350,1.0
I129604602,I4210100650,1,1,2024,W4396904350,1.0
I129604602,I4210114506,1,1,2024,W4396904350,1.0
I129604602,I4210158318,1,1,2024,W4396904350,1.0
I129604602,I45928872,1,1,2024,W4396904350,1.0
I129604602,I37461747,1,1,2024,W4399344797,1.0
I129604602,I4210118728,1,1,2024,W4399344797,1.0
I129604602,I195740183,1,1,2024,W4400082006,1.0
I129604602,I31746571,2,2,2024,W4400082006;W4405760810,0.5
I129604602,I92446798,1,1,2024,W4400082006,1.0
I129604602,I139759216,2,2,2024,W4400228959;W4402350838,0.5
I129604602,I204824540,1,1,2024,W4400663251,1.0
I129604602,I2250653659,1,1,2024,W4400663251,1.0
I129604602,I5681781,1,1,2024,W4400663251,1.0
I129604602,I17389662,1,1,2024,W4401056196,1.0
I129604602,I205783295,1,1,2024,W4401056196,1.0
I129604602,I55732556,1,1,2024,W4401056196,1.0
I129604602,I4210115038,1,1,2024,W4401386967,1.0
I129604602,I154099455,1,1,2024,W4403421327,1.0
I129604602,I2801356230,1,1,2024,W4405760810,1.0
I129604602,I40120149,1,1,2024,W4405844927,1.0
I129604602,I4210108985,1,1,2024,W4405844927,1.0
I129604602,I71920554,1,1,2024,W4405844927,1.0
I129643931,I4387153049,1,1,2024,W4400412143,1.0
I129672417,I34002243,1,1,2024,W4392183453,1.0
I129672417,I4210114577,1,1,2024,W4392183453,1.0
I1296812847,I1321305853,1,1,2024,W4402275888,1.0
I1296812847,I20089843,1,1,2024,W4402275888,1.0
I1296812847,I4210105678,1,1,2024,W4402275888,1.0
I1296812847,I4210164937,1,1,2024,W4402275888,1.0
I1296812847,I63966007,1,1,2024,W4402275888,1.0
I1296812847,I79576946,1,1,2024,W4402275888,1.0
I129708740,I20231570,1,1,2024,W4402408693,1.0
I129708740,I2802939634,1,1,2024,W4402408693,1.0
I129708740,I4210088547,1,1,2024,W4402408693,1.0
I129708740,I4210101382,1,1,2024,W4402408693,1.0
I129708740,I4210121761,1,1,2024,W4402408693,1.0
I129708740,I4210162172,1,1,2024,W4402408693,1.0
I129708740,I4210162420,1,1,2024,W4402408693,1.0
I129708740,I167027274,1,1,2024,W4403446944,1.0
I129708740,I4210136793,1,1,2024,W4403446944,1.0
I129708740,I48780066,1,1,2024,W4403446944,1.0
I1297288678,I1330989302,1,1,2024,W4404961535,1.0
I1297288678,I188538660,1,1,2024,W4404961535,1.0
I1297288678,I21449261,1,1,2024,W4404961535,1.0
I1297288678,I35440088,1,1,2024,W4404961535,1.0
I1297288678,I40347166,1,1,2024,W4404961535,1.0
I1297288678,I4210105402,1,1,2024,W4404961535,1.0
I1297288678,I4210125814,1,1,2024,W4404961535,1.0
I1297288678,I4210126328,1,1,2024,W4404961535,1.0
I1297288678,I4210145784,1,1,2024,W4404961535,1.0
I1297288678,I4210166615,1,1,2024,W4404961535,1.0
I1297288678,I47099075,1,1,2024,W4404961535,1.0
I1297288678,I5124864,1,1,2024,W4404961535,1.0
I1297288678,I92507152,1,1,2024,W4404961535,1.0
I1297363086,I185261750,1,1,2024,W4391738137,1.0
I1297363086,I2801572250,1,1,2024,W4391738137,1.0
I1297363086,I2802423016,1,1,2024,W4391738137,1.0
I1297363086,I4210146710,1,1,2024,W4391738137,1.0
I129774422,I142617266,1,1,2024,W4398243240,1.0
I129774422,I154338468,1,1,2024,W4398243240,1.0
I129774422,I185261750,1,1,2024,W4398243240,1.0
I129774422,I2972652528,1,1,2024,W4398243240,1.0
I129774422,I3125347698,1,1,2024,W4398243240,1.0
I129774422,I4210121775,1,1,2024,W4398243240,1.0
I129774422,I4210166741,1,1,2024,W4398243240,1.0
I129774422,I62318514,1,1,2024,W4398243240,1.0
I129774422,I99682543,1,1,2024,W4398243240,1.0
I129774422,I154570441,1,1,2024,W4399156767,1.0
I129774422,I165779595,1,1,2024,W4401009855,1.0
I129774422,I39343248,1,1,2024,W4401009855,1.0
I129774422,I62916508,1,1,2024,W4401009855,1.0
I1297971548,I134446601,2,2,2024,W4396833729;W4403334020,0.5
I1297971548,I168719708,1,1,2024,W4396833729,1.0
I1297971548,I95457486,2,2,2024,W4396833729;W4403334020,0.5
I1297971548,I4210159579,1,1,2024,W4403334020,1.0
I1297971548,I70931966,1,1,2024,W4403334020,1.0
I1298353152,I4210099336,1,1,2024,W4390880765,1.0
I1298353152,I143302722,1,1,2024,W4404644641,1.0
I1298354342,I146165071,1,1,2024,W4401098740,1.0
I1299218025,I1299303238,1,1,2024,W4400921803,1.0
I1299218025,I136199984,1,1,2024,W4400921803,1.0
I1299218025,I170201317,1,1,2024,W4400921803,1.0
I1299218025,I205783295,1,1,2024,W4400921803,1.0
I1299218025,I2800548410,1,1,2024,W4400921803,1.0
I1299218025,I36258959,1,1,2024,W4400921803,1.0
I1299218025,I4210087915,1,1,2024,W4400921803,1.0
I1299218025,I4210134769,1,1,2024,W4400921803,1.0
I1299218025,I4210139686,1,1,2024,W4400921803,1.0
I1299218025,I4210153792,1,1,2024,W4400921803,1.0
I1299218025,I4210155647,1,1,2024,W4400921803,1.0
I1299218025,I4387153466,1,1,2024,W4400921803,1.0
I1299218025,I4388891891,1,1,2024,W4400921803,1.0
I1299218025,I57206974,1,1,2024,W4400921803,1.0
I1299218025,I58956616,1,1,2024,W4400921803,1.0
I1299218025,I79620101,1,1,2024,W4400921803,1.0
I1299218025,I867280407,1,1,2024,W4400921803,1.0
I1299303238,I4210109390,6,6,2024,W4366563389;W4391292768;W4393094733;W4394688596;W4401793114;W4404486407,0.16666666666666666
I1299303238,I32971472,3,3,2024,W4391292768;W4393094733;W4400657362,0.3333333333333333
I1299303238,I4210093798,1,1,2024,W4391292768,1.0
I1299303238,I201193091,1,1,2024,W4393094733,1.0
I1299303238,I4210149691,1,1,2024,W4393094733,1.0
I1299303238,I919571938,1,1,2024,W4393094733,1.0
I1299303238,I170201317,3,3,2024,W4394688596;W4400921803;W4404486407,0.3333333333333333
I1299303238,I200719446,1,1,2024,W4394688596,1.0
I1299303238,I205783295,3,3,2024,W4394688596;W4400921803;W4401793114,0.3333333333333333
I1299303238,I2799503643,1,1,2024,W4394688596,1.0
I1299303238,I4387153466,3,3,2024,W4394688596;W4400921803;W4401793114,0.3333333333333333
I1299303238,I78577930,2,2,2024,W4394688596;W4401793114,0.5
I1299303238,I79576946,1,1,2024,W4394688596,1.0
I1299303238,I901861585,1,1,2024,W4394688596,1.0
I1299303238,I91203450,1,1,2024,W4394688596,1.0
I1299303238,I1323843004,1,1,2024,W4394845024,1.0
I1299303238,I135310074,1,1,2024,W4394845024,1.0
I1299303238,I185261750,1,1,2024,W4394845024,1.0
I1299303238,I4210140884,4,4,2024,W4394845024;W4399958056;W4400657362;W4404486407,0.25
I1299303238,I4210141342,1,1,2024,W4394845024,1.0
I1299303238,I4391768120,1,1,2024,W4394845024,1.0
I1299303238,I4210155647,2,2,2024,W4399958056;W4400921803,0.5
I1299303238,I200296433,1,1,2024,W4400657362,1.0
I1299303238,I3045169105,1,1,2024,W4400657362,1.0
I1299303238,I37461747,1,1,2024,W4400657362,1.0
I1299303238,I4210140357,1,1,2024,W4400657362,1.0
I1299303238,I4210149717,2,2,2024,W4400657362;W4404486407,0.5
I1299303238,I136199984,1,1,2024,W4400921803,1.0
I1299303238,I2800548410,1,1,2024,W4400921803,1.0
I1299303238,I36258959,1,1,2024,W4400921803,1.0
I1299303238,I4210087915,1,1,2024,W4400921803,1.0
I1299303238,I4210134769,1,1,2024,W4400921803,1.0
I1299303238,I4210139686,1,1,2024,W4400921803,1.0
I1299303238,I4210153792,1,1,2024,W4400921803,1.0
I1299303238,I4388891891,1,1,2024,W4400921803,1.0
I1299303238,I57206974,1,1,2024,W4400921803,1.0
I1299303238,I58956616,1,1,2024,W4400921803,1.0
I1299303238,I79620101,1,1,2024,W4400921803,1.0
I1299303238,I867280407,1,1,2024,W4400921803,1.0
I1299303238,I201448701,1,1,2024,W4401793114,1.0
I1299303238,I63966007,1,1,2024,W4401793114,1.0
I1299303238,I129975664,1,1,2024,W4404486407,1.0
I1299303238,I157725225,1,1,2024,W4404486407,1.0
I1299303238,I66946132,1,1,2024,W4404486407,1.0
I129975664,I189731429,1,1,2024,W4391316987,1.0
I129975664,I157725225,1,1,2024,W4404486407,1.0
I129975664,I170201317,1,1,2024,W4404486407,1.0
I129975664,I4210109390,1,1,2024,W4404486407,1.0
I129975664,I4210140884,1,1,2024,W4404486407,1.0
I129975664,I4210149717,1,1,2024,W4404486407,1.0
I129975664,I66946132,1,1,2024,W4404486407,1.0
I1300757298,I151727225,1,1,2024,W4405640204,1.0
I1300757298,I19820366,1,1,2024,W4405640204,1.0
I1300757298,I222723317,1,1,2024,W4405640204,1.0
I1300757298,I24943067,1,1,2024,W4405640204,1.0
I1300757298,I4210100255,1,1,2024,W4405640204,1.0
I1300757298,I4210156404,1,1,2024,W4405640204,1.0
I1300757298,I4210165038,1,1,2024,W4405640204,1.0
I1300757298,I4391012619,1,1,2024,W4405640204,1.0
I1301102746,I151746483,1,1,2024,W4391878439,1.0
I1301102746,I185261750,1,1,2024,W4391878439,1.0
I1301102746,I29045822,1,1,2024,W4391878439,1.0
I1301102746,I4210121083,1,1,2024,W4391878439,1.0
I1301102746,I4210130461,1,1,2024,W4391878439,1.0
I1301102746,I4210141135,1,1,2024,W4391878439,1.0
I1301102746,I4210142730,1,1,2024,W4391878439,1.0
I1301102746,I45129253,1,1,2024,W4391878439,1.0
I1301102746,I5023651,1,1,2024,W4391878439,1.0
I1301102746,I70931966,1,1,2024,W4391878439,1.0
I130238516,I1341412227,1,1,2024,W4390571036,1.0
I130238516,I144112489,1,1,2024,W4390571036,1.0
I130238516,I4210092658,1,1,2024,W4390571036,1.0
I130238516,I4210104429,1,1,2024,W4390571036,1.0
I130238516,I4210158702,1,1,2024,W4390571036,1.0
I130238516,I5124864,1,1,2024,W4390571036,1.0
I130238516,I63966007,1,1,2024,W4390571036,1.0
I130238516,I32971472,1,1,2024,W4399317253,1.0
I130238516,I919571938,1,1,2024,W4399317253,1.0
I130238516,I145311948,1,1,2024,W4402814550,1.0
I130238516,I153297377,1,1,2024,W4402814550,1.0
I130238516,I2799853436,1,1,2024,W4402814550,1.0
I130238516,I2800138454,1,1,2024,W4402814550,1.0
I130238516,I2800468613,1,1,2024,W4402814550,1.0
I130238516,I2802882910,1,1,2024,W4402814550,1.0
I130238516,I4210125713,1,1,2024,W4402814550,1.0
I130238516,I4210132242,1,1,2024,W4402814550,1.0
I130238516,I4210135252,1,1,2024,W4402814550,1.0
I130238516,I63190737,1,1,2024,W4402814550,1.0
I130238516,I901861585,1,1,2024,W4402814550,1.0
I130238516,I200769079,1,1,2024,W4403334501,1.0
I130238516,I2801851002,1,1,2024,W4403334501,1.0
I130238516,I36258959,1,1,2024,W4403334501,1.0
I130238516,I4210101327,1,1,2024,W4403334501,1.0
I130238516,I2799477901,1,1,2024,W4404195142,1.0
I1302611135,I145897649,1,1,2024,W4399247252,1.0
I1303153112,I161318765,1,1,2024,W4402987506,1.0
I130343225,I49185572,1,1,2024,W4392139984,1.0
I130343225,I84339108,1,1,2024,W4392139984,1.0
I1303691731,I16835326,1,1,2024,W4397003633,1.0
I1303691731,I223822909,2,2,2024,W4397003633;W4402713323,0.5
I1303691731,I2802164966,2,2,2024,W4397003633;W4402713323,0.5
I1303691731,I34809795,1,1,2024,W4397003633,1.0
I1303691731,I4210108778,1,1,2024,W4397003633,1.0
I1303691731,I4210111460,2,2,2024,W4397003633;W4402713323,0.5
I1303691731,I4210156450,2,2,2024,W4397003633;W4402713323,0.5
I1303691731,I887968799,1,1,2024,W4397003633,1.0
I1303691731,I17937529,1,1,2024,W4402713323,1.0
I1303691731,I200332995,1,1,2024,W4402713323,1.0
I1303691731,I2799391451,1,1,2024,W4402713323,1.0
I1303691731,I4210086407,1,1,2024,W4402713323,1.0
I1303691731,I4210120689,1,1,2024,W4402713323,1.0
I1303691731,I4210126310,1,1,2024,W4402713323,1.0
I1303691731,I4210161917,1,1,2024,W4402713323,1.0
I1303691731,I4210162051,1,1,2024,W4402713323,1.0
I1304082316,I166416128,1,1,2024,W4399372400,1.0
I1304082316,I2802705668,1,1,2024,W4399372400,1.0
I1304085615,I204250578,1,1,2024,W4390561626,1.0
I1304085615,I4210127875,1,1,2024,W4390561626,1.0
I1304085615,I145311948,1,1,2024,W4402703034,1.0
I1304085615,I160992636,1,1,2024,W4402703034,1.0
I1304132090,I31512782,1,1,2024,W4402753875,1.0
I1304132090,I62916508,1,1,2024,W4402753875,1.0
I1304256225,I135310074,1,1,2024,W4401448427,1.0
I130438778,I172675005,1,1,2024,W4401628481,1.0
I130438778,I173759888,1,1,2024,W4401628481,1.0
I130438778,I49934816,1,1,2024,W4401628481,1.0
I130438778,I59433898,1,1,2024,W4401628481,1.0
I130438778,I76569877,1,1,2024,W4401628481,1.0
I130438778,I881766915,2,2,2024,W4401628481;W4405865448,0.5
I130438778,I146620803,1,1,2024,W4405865448,1.0
I130438778,I4210123185,1,1,2024,W4405865448,1.0
I1305001552,I165733156,1,1,2024,W4390697894,1.0
I1305444813,I157725225,1,1,2024,W4405179243,1.0
I1305444813,I161318765,1,1,2024,W4405179243,1.0
I1305444813,I4210155268,1,1,2024,W4405179243,1.0
I1305444813,I78577930,1,1,2024,W4405179243,1.0
I1305996414,I183935753,1,1,2024,W4403069260,1.0
I1305996414,I2802619606,2,2,2024,W4403069260;W4403204536,0.5
I1305996414,I3018134672,2,2,2024,W4403069260;W4403204536,0.5
I1305996414,I4210113347,2,2,2024,W4403069260;W4403204536,0.5
I1305996414,I4210129763,1,1,2024,W4403069260,1.0
I1305996414,I47508984,1,1,2024,W4403069260,1.0
I1305996414,I62916508,2,2,2024,W4403069260;W4403204536,0.5
I1305996414,I1850255,1,1,2024,W4403204536,1.0
I1305996414,I202697423,1,1,2024,W4403204536,1.0
I1305996414,I2802542264,1,1,2024,W4403204536,1.0
I1306409833,I170897317,1,1,2024,W4392904059,1.0
I1306409833,I4210089985,1,1,2024,W4392904059,1.0
I1306409833,I4210164937,1,1,2024,W4392904059,1.0
I1306409833,I145311948,1,1,2024,W4394597971,1.0
I1306409833,I154570441,1,1,2024,W4396812217,1.0
I1306409833,I4210099137,1,1,2024,W4396812217,1.0
I1306409833,I1343180700,1,1,2024,W4399528455,1.0
I1306409833,I97018004,2,2,2024,W4399528455;W4402753913,0.5
I1306409833,I157725225,2,2,2024,W4400580465;W4404889690,0.5
I1306409833,I74973139,3,3,2024,W4400580465;W4403923215;W4404965672,0.3333333333333333
I1306409833,I59553526,1,1,2024,W4402660144,1.0
I1306409833,I162827531,1,1,2024,W4402684052,1.0
I1306409833,I185261750,1,1,2024,W4402716373,1.0
I1306409833,I2800935791,1,1,2024,W4402727250,1.0
I1306409833,I130701444,1,1,2024,W4402727471,1.0
I1306409833,I157485424,1,1,2024,W4402753715,1.0
I1306409833,I4210099236,1,1,2024,W4402753715,1.0
I1306409833,I172675005,1,1,2024,W4402753913,1.0
I1306409833,I177725633,1,1,2024,W4402753913,1.0
I1306409833,I62916508,1,1,2024,W4402753935,1.0
I1306409833,I40120149,1,1,2024,W4402754188,1.0
I1306409833,I139264467,1,1,2024,W4403923215,1.0
I1306409833,I200769079,1,1,2024,W4404613153,1.0
I1306409833,I4210123185,1,1,2024,W4404613153,1.0
I1306409833,I76130692,1,1,2024,W4404613153,1.0
I1306409833,I193775966,2,2,2024,W4404693162;W4404889690,0.5
I1306409833,I66946132,1,1,2024,W4404693162,1.0
I1306409833,I4210115399,1,1,2024,W4404889690,1.0
I1306409833,I58610484,1,1,2024,W4404965672,1.0
I130692619,I94575722,1,1,2024,W4394967854,1.0
I130701444,I51556381,1,1,2024,W4390491274,1.0
I130701444,I157485424,1,1,2024,W4392427708,1.0
I130701444,I161318765,1,1,2024,W4392935324,1.0
I130701444,I63966007,2,2,2024,W4392935324;W4404764563,0.5
I130701444,I86519309,4,4,2024,W4392935324;W4402704640;W4402727926;W4402916987,0.25
I130701444,I162577319,1,1,2024,W4396912489,1.0
I130701444,I193531525,1,1,2024,W4396912489,1.0
I130701444,I57206974,2,2,2024,W4396912489;W4404764563,0.5
I130701444,I4210113369,1,1,2024,W4399175313,1.0
I130701444,I4210125051,1,1,2024,W4399175313,1.0
I130701444,I4388482740,1,1,2024,W4400412195,1.0
I130701444,I150468666,2,2,2024,W4400936896;W4404764563,0.5
I130701444,I170897317,1,1,2024,W4400936896,1.0
I130701444,I180670191,1,1,2024,W4400936896,1.0
I130701444,I76766440,1,1,2024,W4400936896,1.0
I130701444,I859038795,1,1,2024,W4402703121,1.0
I130701444,I193223587,1,1,2024,W4402704640,1.0
I130701444,I99065089,2,2,2024,W4402727505;W4402727926,0.5
I130701444,I134446601,1,1,2024,W4402776116,1.0
I130701444,I4210109586,1,1,2024,W4402776116,1.0
I130701444,I95457486,1,1,2024,W4402776116,1.0
I130701444,RAW_META,1,1,2024,W4402776116,1.0
I130701444,I157725225,1,1,2024,W4403587166,1.0
I130701444,I4210114444,1,1,2024,W4403587166,1.0
I130701444,I74973139,1,1,2024,W4403680687,1.0
I130701444,I97018004,2,2,2024,W4403680687;W4403990754,0.5
I130701444,I180726961,1,1,2024,W4404058379,1.0
I130701444,I2800444561,1,1,2024,W4404058379,1.0
I130701444,I154570441,1,1,2024,W4404134026,1.0
I130701444,I151746483,1,1,2024,W4404545360,1.0
I130701444,I200769079,1,1,2024,W4404545360,1.0
I130701444,I4210090411,1,1,2024,W4404545360,1.0
I130701444,I4210113297,1,1,2024,W4404545360,1.0
I130701444,I142263535,1,1,2024,W4404764563,1.0
I130701444,I145597306,1,1,2024,W4404764563,1.0
I130701444,I16835326,1,1,2024,W4404764563,1.0
I130701444,I168864056,1,1,2024,W4404764563,1.0
I130701444,I170658231,1,1,2024,W4404764563,1.0
I130701444,I1850255,1,1,2024,W4404764563,1.0
I130701444,I197323543,1,1,2024,W4404764563,1.0
I130701444,I20089843,1,1,2024,W4404764563,1.0
I130701444,I202697423,1,1,2024,W4404764563,1.0
I130701444,I204337017,1,1,2024,W4404764563,1.0
I130701444,I2184545,1,1,2024,W4404764563,1.0
I130701444,I241749,1,1,2024,W4404764563,1.0
I130701444,I27804330,1,1,2024,W4404764563,1.0
I130701444,I2802640592,1,1,2024,W4404764563,1.0
I130701444,I32597200,1,1,2024,W4404764563,1.0
I130701444,I32971472,1,1,2024,W4404764563,1.0
I130701444,I36234482,1,1,2024,W4404764563,1.0
I130701444,I40120149,1,1,2024,W4404764563,1.0
I130701444,I4210094062,1,1,2024,W4404764563,1.0
I130701444,I4210098931,1,1,2024,W4404764563,1.0
I130701444,I4210126907,1,1,2024,W4404764563,1.0
I130701444,I4210128584,1,1,2024,W4404764563,1.0
I130701444,I4210130445,1,1,2024,W4404764563,1.0
I130701444,I4210134158,1,1,2024,W4404764563,1.0
I130701444,I4210134550,1,1,2024,W4404764563,1.0
I130701444,I4210143801,1,1,2024,W4404764563,1.0
I130701444,I4210144746,1,1,2024,W4404764563,1.0
I130701444,I4210157294,1,1,2024,W4404764563,1.0
I130701444,I4210158500,1,1,2024,W4404764563,1.0
I130701444,I4387152376,1,1,2024,W4404764563,1.0
I130701444,I44260953,1,1,2024,W4404764563,1.0
I130701444,I45129253,1,1,2024,W4404764563,1.0
I130701444,I62916508,1,1,2024,W4404764563,1.0
I130701444,I78757542,1,1,2024,W4404764563,1.0
I130701444,I79576946,1,1,2024,W4404764563,1.0
I130701444,I8087733,1,1,2024,W4404764563,1.0
I130701444,I8204097,1,1,2024,W4404764563,1.0
I130701444,I91727514,1,1,2024,W4404764563,1.0
I130701444,I97565354,1,1,2024,W4404764563,1.0
I130701444,I98677209,1,1,2024,W4404764563,1.0
I130701444,I1343180700,1,1,2024,W4406266037,1.0
I130701444,I27837315,1,1,2024,W4406266037,1.0
I130769515,I180670191,1,1,2024,W4392223038,1.0
I130769515,I205783295,1,1,2024,W4392271267,1.0
I130769515,I130785548,2,2,2024,W4392737179;W4396832402,0.5
I130769515,I4210096345,1,1,2024,W4393161236,1.0
I130769515,I4400573310,1,1,2024,W4393161236,1.0
I130769515,I52357470,1,1,2024,W4393161236,1.0
I130769515,I76130692,1,1,2024,W4393161236,1.0
I130769515,I33213144,1,1,2024,W4394591980,1.0
I130769515,I59553526,1,1,2024,W4394591980,1.0
I130769515,I180437899,1,1,2024,W4396832402,1.0
I130769515,I4210113316,1,1,2024,W4396832402,1.0
I130769515,I78577930,1,1,2024,W4396832402,1.0
I130769515,I150468666,1,1,2024,W4398141811,1.0
I130769515,I165143802,1,1,2024,W4398141811,1.0
I130769515,I36234482,1,1,2024,W4398141811,1.0
I130769515,I91045830,2,2,2024,W4398141811;W4403638699,0.5
I130769515,I29078338,1,1,2024,W4399587643,1.0
I130769515,I861853513,1,1,2024,W4399587643,1.0
I130769515,I63169043,1,1,2024,W4399668074,1.0
I130769515,I201448701,1,1,2024,W4400121375,1.0
I130769515,I40347166,1,1,2024,W4400121375,1.0
I130769515,I4210127875,1,1,2024,W4400121375,1.0
I130769515,I58610484,1,1,2024,W4400121375,1.0
I130769515,I196345858,1,1,2024,W4400275494,1.0
I130769515,I167056439,1,1,2024,W4400998898,1.0
I130769515,I20581793,1,1,2024,W4400998898,1.0
I130769515,I4210131537,1,1,2024,W4400998898,1.0
I130769515,I63098007,1,1,2024,W4400998898,1.0
I130769515,I170164250,1,1,2024,W4402659120,1.0
I130769515,I188538660,1,1,2024,W4402659120,1.0
I130769515,I165932596,1,1,2024,W4403905010,1.0
I130769515,I99065089,1,1,2024,W4403905010,1.0
I130769515,I157725225,1,1,2024,W4404131920,1.0
I130769515,I92403157,1,1,2024,W4405016500,1.0
I130769515,I200769079,1,1,2024,W4405107907,1.0
I130769515,I4210123185,1,1,2024,W4405107907,1.0
I130785548,I82495205,1,1,2024,W4395055639,1.0
I130785548,I180437899,1,1,2024,W4396832402,1.0
I130785548,I4210113316,1,1,2024,W4396832402,1.0
I130785548,I78577930,1,1,2024,W4396832402,1.0
I130828816,I193700539,1,1,2024,W4394580124,1.0
I130828816,I45129253,1,1,2024,W4394580124,1.0
I130828816,I185163786,1,1,2024,W4401798175,1.0
I130828816,I139322472,1,1,2024,W4404756518,1.0
I130828816,I166337079,1,1,2024,W4404756518,1.0
I130828816,I2799858192,1,1,2024,W4404756518,1.0
I130828816,I75390827,1,1,2024,W4404756518,1.0
I130828816,I173207729,1,1,2024,W4405760394,1.0
I130828816,I4210120792,1,1,2024,W4405760394,1.0
I1308683654,I1318687432,1,1,2024,W4398183095,1.0
I1308683654,I136199984,1,1,2024,W4398183095,1.0
I1308683654,I148283060,1,1,2024,W4398183095,1.0
I1308683654,I27837315,1,1,2024,W4398183095,1.0
I1308683654,I2800156163,1,1,2024,W4398183095,1.0
I1308683654,I2801081054,1,1,2024,W4398183095,1.0
I1308683654,I2801851002,1,1,2024,W4398183095,1.0
I1308683654,I4210119109,1,1,2024,W4398183095,1.0
I1308683654,I4400600948,1,1,2024,W4398183095,1.0
I1308683654,I62916508,1,1,2024,W4398183095,1.0
I1308683654,I63966007,1,1,2024,W4398183095,1.0
I1308683654,I74973139,1,1,2024,W4398183095,1.0
I1308683654,I78577930,1,1,2024,W4398183095,1.0
I1308683654,I79576946,1,1,2024,W4398183095,1.0
I1308683654,I86519309,1,1,2024,W4398183095,1.0
I1308683654,I95457486,1,1,2024,W4398183095,1.0
I1308683654,I97018004,1,1,2024,W4398183095,1.0
I130929987,I149218525,1,1,2024,W4404228387,1.0
I130929987,I16391192,1,1,2024,W4404228387,1.0
I130929987,I180670191,1,1,2024,W4404228387,1.0
I130929987,I200207707,1,1,2024,W4404228387,1.0
I130929987,I2800098698,1,1,2024,W4404228387,1.0
I130929987,I4210096780,1,1,2024,W4404228387,1.0
I130929987,I4210102047,1,1,2024,W4404228387,1.0
I130929987,I4210106256,1,1,2024,W4404228387,1.0
I130929987,I4210137384,1,1,2024,W4404228387,1.0
I1310019138,I154057602,1,1,2024,W4402190386,1.0
I1310342693,I138873065,1,1,2024,W4394879936,1.0
I1310342693,I4210086933,1,1,2024,W4394879936,1.0
I1310342693,I4210122485,1,1,2024,W4394879936,1.0
I1310342693,I57206974,1,1,2024,W4394879936,1.0
I1311060795,I2801628138,1,1,2024,W4396748050,1.0
I1311060795,I39586589,1,1,2024,W4396748050,1.0
I1311060795,I4210102606,1,1,2024,W4396748050,1.0
I1311060795,I4210110652,1,1,2024,W4396748050,1.0
I1311060795,I4210116924,1,1,2024,W4396748050,1.0
I1311688040,I161318765,2,2,2024,W4391979508;W4403886275,0.5
I1311688040,I172675005,1,1,2024,W4391979508,1.0
I1311688040,I200769079,2,2,2024,W4391979508;W4403886275,0.5
I1311688040,I58610484,1,1,2024,W4392240262,1.0
I1311688040,I74775410,1,1,2024,W4392240262,1.0
I1311688040,I91045830,1,1,2024,W4392240262,1.0
I1311688040,I2800288331,1,1,2024,W4392736665,1.0
I1311688040,I2801652627,1,1,2024,W4392736665,1.0
I1311688040,I4210100468,1,1,2024,W4392736665,1.0
I1311688040,I4210110664,1,1,2024,W4392736665,1.0
I1311688040,I4210162743,1,1,2024,W4392736665,1.0
I1311688040,I4210164862,1,1,2024,W4392736665,1.0
I1311688040,I86519309,1,1,2024,W4392736665,1.0
I1311688040,I97018004,2,2,2024,W4392736665;W4395453679,0.5
I1311688040,I132153292,1,1,2024,W4393146352,1.0
I1311688040,I238035932,1,1,2024,W4393146352,1.0
I1311688040,I145311948,1,1,2024,W4394862910,1.0
I1311688040,I16733864,1,1,2024,W4394862910,1.0
I1311688040,I4210098776,1,1,2024,W4394862910,1.0
I1311688040,I4210099336,1,1,2024,W4394862910,1.0
I1311688040,I60134161,1,1,2024,W4394862910,1.0
I1311688040,I14243506,1,1,2024,W4394994587,1.0
I1311688040,I168719708,1,1,2024,W4394994587,1.0
I1311688040,I170215575,1,1,2024,W4394994587,1.0
I1311688040,I87216513,1,1,2024,W4394994587,1.0
I1311688040,I201448701,1,1,2024,W4395453679,1.0
I1311688040,I3143470655,1,1,2024,W4395453679,1.0
I1311688040,I76130692,1,1,2024,W4396735838,1.0
I1311688040,I219193219,1,1,2024,W4400582613,1.0
I1311688040,I51556381,1,1,2024,W4400582613,1.0
I1311688040,I27837315,1,1,2024,W4402753283,1.0
I1311688040,I74973139,1,1,2024,W4403886275,1.0
I1311688040,I889458895,1,1,2024,W4403886275,1.0
I1311688040,I4210156496,1,1,2024,W4404545451,1.0
I1311921367,I219193219,1,1,2024,W4402703012,1.0
I1311921367,I4210105678,1,1,2024,W4402703012,1.0
I131249849,I203172682,1,1,2024,W4394769552,1.0
I131359167,I212220629,1,1,2024,W4405236731,1.0
I131359167,I91450128,1,1,2024,W4405236731,1.0
I1314135232,I52357470,2,2,2024,W4399440075;W4399803017,0.5
I131434179,I19820366,1,1,2024,W4399442007,1.0
I131434179,I3018771216,1,1,2024,W4399442007,1.0
I131434179,I30809798,1,1,2024,W4399442007,1.0
I131434179,I4210112820,1,1,2024,W4399442007,1.0
I131434179,I4210123185,1,1,2024,W4399442007,1.0
I131434179,I4210165038,1,1,2024,W4399442007,1.0
I131434179,I76130692,1,1,2024,W4399442007,1.0
I131434179,I8204097,1,1,2024,W4399442007,1.0
I1314596251,I136199984,1,1,2024,W4392563930,1.0
I1314596251,I157536573,1,1,2024,W4392563930,1.0
I1314596251,I4210134534,1,1,2024,W4392563930,1.0
I1314596251,I98704320,1,1,2024,W4392563930,1.0
I1314596251,I1316902750,1,1,2024,W4402909345,1.0
I1314596251,I170201317,1,1,2024,W4402909345,1.0
I1314596251,I205783295,1,1,2024,W4402909345,1.0
I1314596251,I4210128526,1,1,2024,W4402909345,1.0
I1314596251,I4210134769,1,1,2024,W4402909345,1.0
I1314596251,I4387153466,1,1,2024,W4402909345,1.0
I1314596251,I919571938,1,1,2024,W4402909345,1.0
I1315279114,I69356397,1,1,2024,W4400985339,1.0
I1315496137,I132053463,1,1,2024,W4392191246,1.0
I1315496137,I1334819555,1,1,2024,W4392191246,1.0
I1315496137,I166722992,1,1,2024,W4392191246,1.0
I1315496137,I2802835388,1,1,2024,W4392191246,1.0
I1315496137,I3019586173,1,1,2024,W4392191246,1.0
I1315496137,I40347166,1,1,2024,W4392191246,1.0
I1315496137,I4210086933,1,1,2024,W4392191246,1.0
I1315496137,I4210125099,1,1,2024,W4392191246,1.0
I1315496137,I4210127401,1,1,2024,W4392191246,1.0
I1315496137,I4210158428,1,1,2024,W4392191246,1.0
I1315496137,I921990950,1,1,2024,W4392191246,1.0
I1315496137,I97018004,1,1,2024,W4392191246,1.0
I1315496137,I98285908,1,1,2024,W4392191246,1.0
I1315649409,I4210090411,1,1,2024,W4400451184,1.0
I1315649409,I4210113297,1,1,2024,W4400451184,1.0
I1315649409,I4210127875,1,1,2024,W4404821554,1.0
I1315649409,I62916508,1,1,2024,W4404821554,1.0
I1315708478,I161318765,1,1,2024,W4396494945,1.0
I1315708478,I180670191,1,1,2024,W4396494945,1.0
I1315708478,I4210141674,1,1,2024,W4396494945,1.0
I1315852903,I183067930,1,1,2024,W4399615879,1.0
I1315852903,I19820366,1,1,2024,W4399615879,1.0
I1315852903,I200845125,1,1,2024,W4399615879,1.0
I1315852903,I4210126580,1,1,2024,W4399615879,1.0
I1315852903,I4210152758,1,1,2024,W4399615879,1.0
I1315852903,I4391012619,1,1,2024,W4399615879,1.0
I1316064682,I51556381,1,1,2024,W4396734745,1.0
I1316535847,I136199984,7,7,2024,W4390970405;W4391069701;W4395067201;W4402748869;W4403813762;W4403843885;W4403878225,0.14285714285714285
I1316535847,I141930137,1,1,2024,W4390970405,1.0
I1316535847,I150468666,1,1,2024,W4390970405,1.0
I1316535847,I154130895,1,1,2024,W4390970405,1.0
I1316535847,I154425047,2,2,2024,W4390970405;W4402748869,0.5
I1316535847,I200166805,1,1,2024,W4390970405,1.0
I1316535847,I23923803,1,1,2024,W4390970405,1.0
I1316535847,I2800548410,1,1,2024,W4390970405,1.0
I1316535847,I2801418622,1,1,2024,W4390970405,1.0
I1316535847,I33213144,1,1,2024,W4390970405,1.0
I1316535847,I4210159873,1,1,2024,W4390970405,1.0
I1316535847,I62916508,1,1,2024,W4390970405,1.0
I1316535847,I63966007,3,3,2024,W4390970405;W4395067201;W4402748869,0.3333333333333333
I1316535847,I97018004,2,2,2024,W4390970405;W4403813762,0.5
I1316535847,I4210131804,1,1,2024,W4391069701,1.0
I1316535847,I75747061,1,1,2024,W4391069701,1.0
I1316535847,I135310074,1,1,2024,W4395067201,1.0
I1316535847,I2800191616,1,1,2024,W4395067201,1.0
I1316535847,I32971472,1,1,2024,W4395067201,1.0
I1316535847,I4210117453,1,1,2024,W4395067201,1.0
I1316535847,I4210161994,1,1,2024,W4395067201,1.0
I1316535847,I1343052199,1,1,2024,W4403813762,1.0
I1316535847,I204866599,1,1,2024,W4403813762,1.0
I1316535847,I4210119250,1,1,2024,W4403813762,1.0
I1316535847,I4210135252,1,1,2024,W4403813762,1.0
I1316535847,I4210137306,1,1,2024,W4403813762,1.0
I1316535847,I4210138309,1,1,2024,W4403813762,1.0
I1316535847,I183935753,1,1,2024,W4403843885,1.0
I1316535847,I1342360035,1,1,2024,W4403878225,1.0
I1316535847,I2799725268,1,1,2024,W4403878225,1.0
I1316535847,I28407311,1,1,2024,W4403878225,1.0
I1316535847,I897542642,1,1,2024,W4403878225,1.0
I1316902750,I181547552,1,1,2024,W4391308235,1.0
I1316902750,I185261750,1,1,2024,W4391308235,1.0
I1316902750,I4210147586,1,1,2024,W4391308235,1.0
I1316902750,I47818738,1,1,2024,W4391308235,1.0
I1316902750,I1326872476,1,1,2024,W4393029086,1.0
I1316902750,I1327163397,1,1,2024,W4393029086,1.0
I1316902750,I140172145,1,1,2024,W4393029086,1.0
I1316902750,I162281398,1,1,2024,W4393029086,1.0
I1316902750,I174216632,1,1,2024,W4393029086,1.0
I1316902750,I181697535,1,1,2024,W4393029086,1.0
I1316902750,I79576946,1,1,2024,W4393029086,1.0
I1316902750,I83041322,1,1,2024,W4393029086,1.0
I1316902750,I98704320,1,1,2024,W4393029086,1.0
I1316902750,I176601375,1,1,2024,W4396918564,1.0
I1316902750,I183935753,1,1,2024,W4396918564,1.0
I1316902750,I139660479,1,1,2024,W4402053335,1.0
I1316902750,I162868743,1,1,2024,W4402053335,1.0
I1316902750,I16391192,2,2,2024,W4402053335;W4404167537,0.5
I1316902750,I16609230,2,2,2024,W4402053335;W4404167537,0.5
I1316902750,I173759888,1,1,2024,W4402053335,1.0
I1316902750,I36373038,2,2,2024,W4402053335;W4404167537,0.5
I1316902750,I4210098034,1,1,2024,W4402053335,1.0
I1316902750,I4210130649,2,2,2024,W4402053335;W4404167537,0.5
I1316902750,I4210140884,2,2,2024,W4402053335;W4404167537,0.5
I1316902750,I4210159865,1,1,2024,W4402053335,1.0
I1316902750,I58956616,2,2,2024,W4402053335;W4404167537,0.5
I1316902750,I170201317,1,1,2024,W4402909345,1.0
I1316902750,I205783295,1,1,2024,W4402909345,1.0
I1316902750,I4210128526,1,1,2024,W4402909345,1.0
I1316902750,I4210134769,1,1,2024,W4402909345,1.0
I1316902750,I4387153466,1,1,2024,W4402909345,1.0
I1316902750,I919571938,1,1,2024,W4402909345,1.0
I1316902750,I197251160,1,1,2024,W4404167537,1.0
I1316902750,I4210114115,1,1,2024,W4404167537,1.0
I1316902750,I4210158374,1,1,2024,W4404167537,1.0
I1316902750,I4210167297,1,1,2024,W4404167537,1.0
I1316902750,I95240055,1,1,2024,W4404167537,1.0
I131729948,I4210098325,1,1,2024,W4392782765,1.0
I131729948,I4210129405,1,1,2024,W4392782765,1.0
I131729948,I180923762,1,1,2024,W4403626237,1.0
I131729948,I223822909,1,1,2024,W4403626237,1.0
I131729948,I2802164966,1,1,2024,W4403626237,1.0
I131729948,I2802619606,1,1,2024,W4403626237,1.0
I131729948,I4210111460,1,1,2024,W4403626237,1.0
I131729948,I4210120689,1,1,2024,W4403626237,1.0
I131729948,I4210124799,1,1,2024,W4403626237,1.0
I131729948,I4210132578,1,1,2024,W4403626237,1.0
I131729948,I4210148371,1,1,2024,W4403626237,1.0
I131729948,I4210153755,1,1,2024,W4403626237,1.0
I131729948,I4210162051,1,1,2024,W4403626237,1.0
I131729948,I62916508,1,1,2024,W4403626237,1.0
I1317621060,I166337079,1,1,2024,W4394923525,1.0
I1317621060,I2800403580,1,1,2024,W4394923525,1.0
I1317621060,I859038795,1,1,2024,W4394923525,1.0
I1317635190,I241749,1,1,2024,W4402827393,1.0
I1317635190,I2802641067,1,1,2024,W4402827393,1.0
I1317635190,I4210131846,1,1,2024,W4402827393,1.0
I1317635190,I60053951,1,1,2024,W4402827393,1.0
I131827901,I39063666,1,1,2024,W4404965874,1.0
I1318643470,I200296433,1,1,2024,W4402667172,1.0
I1318643470,I2801228662,1,1,2024,W4402667172,1.0
I1318643470,I4210129222,1,1,2024,W4402667172,1.0
I1318643470,I4210163933,1,1,2024,W4402667172,1.0
I1318643470,I47720641,1,1,2024,W4402667172,1.0
I1318687432,I136199984,1,1,2024,W4398183095,1.0
I1318687432,I148283060,1,1,2024,W4398183095,1.0
I1318687432,I27837315,1,1,2024,W4398183095,1.0
I1318687432,I2800156163,1,1,2024,W4398183095,1.0
I1318687432,I2801081054,1,1,2024,W4398183095,1.0
I1318687432,I2801851002,1,1,2024,W4398183095,1.0
I1318687432,I4210119109,1,1,2024,W4398183095,1.0
I1318687432,I4400600948,1,1,2024,W4398183095,1.0
I1318687432,I62916508,1,1,2024,W4398183095,1.0
I1318687432,I63966007,1,1,2024,W4398183095,1.0
I1318687432,I74973139,1,1,2024,W4398183095,1.0
I1318687432,I78577930,1,1,2024,W4398183095,1.0
I1318687432,I79576946,1,1,2024,W4398183095,1.0
I1318687432,I86519309,1,1,2024,W4398183095,1.0
I1318687432,I95457486,1,1,2024,W4398183095,1.0
I1318687432,I97018004,1,1,2024,W4398183095,1.0
I1320320070,I2801851002,1,1,2024,W4394890393,1.0
I1320320070,I36258959,2,2,2024,W4394890393;W4403420208,0.5
I1320320070,I4210137306,2,2,2024,W4394890393;W4403420208,0.5
I1320320070,I4210149736,1,1,2024,W4394890393,1.0
I1320320070,I97018004,2,2,2024,W4394890393;W4403420208,0.5
I1320320070,I136199984,1,1,2024,W4403420208,1.0
I1320320070,I2800935791,1,1,2024,W4403420208,1.0
I132053463,I1334819555,1,1,2024,W4392191246,1.0
I132053463,I166722992,1,1,2024,W4392191246,1.0
I132053463,I2802835388,1,1,2024,W4392191246,1.0
I132053463,I3019586173,1,1,2024,W4392191246,1.0
I132053463,I40347166,1,1,2024,W4392191246,1.0
I132053463,I4210086933,1,1,2024,W4392191246,1.0
I132053463,I4210125099,1,1,2024,W4392191246,1.0
I132053463,I4210127401,1,1,2024,W4392191246,1.0
I132053463,I4210158428,1,1,2024,W4392191246,1.0
I132053463,I921990950,1,1,2024,W4392191246,1.0
I132053463,I97018004,1,1,2024,W4392191246,1.0
I132053463,I98285908,1,1,2024,W4392191246,1.0
I1320796813,I16391192,2,2,2024,W4394943312;W4401063128,0.5
I1320796813,I2799810450,2,2,2024,W4394943312;W4401063128,0.5
I1320796813,I98704320,3,3,2024,W4394943312;W4401063128;W4402827768,0.3333333333333333
I1320796813,I161318765,1,1,2024,W4401063128,1.0
I1320796813,I4210111958,2,2,2024,W4401063128;W4402827768,0.5
I1320796813,I136199984,1,1,2024,W4402827768,1.0
I1320796813,I4210092658,1,1,2024,W4402827768,1.0
I1320796813,I4210134579,1,1,2024,W4402827768,1.0
I1320796813,I4210164862,1,1,2024,W4402827768,1.0
I1320796813,I97018004,1,1,2024,W4402827768,1.0
I1320796813,I1351752,1,1,2024,W4403880728,1.0
I1320796813,I205783295,1,1,2024,W4403880728,1.0
I1320796813,I4210144145,1,1,2024,W4403880728,1.0
I132118926,I182212641,1,1,2024,W4402777332,1.0
I1321296531,I170201317,1,1,2024,W4393335480,1.0
I1321296531,I185261750,1,1,2024,W4393335480,1.0
I1321296531,I204250578,1,1,2024,W4393335480,1.0
I1321296531,I204866599,1,1,2024,W4393335480,1.0
I1321296531,I4210140627,1,1,2024,W4393335480,1.0
I1321296531,I4210140791,1,1,2024,W4393335480,1.0
I1321296531,I97018004,1,1,2024,W4393335480,1.0
I1321305853,I20089843,1,1,2024,W4402275888,1.0
I1321305853,I4210105678,1,1,2024,W4402275888,1.0
I1321305853,I4210164937,1,1,2024,W4402275888,1.0
I1321305853,I63966007,1,1,2024,W4402275888,1.0
I1321305853,I79576946,1,1,2024,W4402275888,1.0
I1321305853,I136199984,1,1,2024,W4404033890,1.0
I1321305853,I200719446,1,1,2024,W4404033890,1.0
I1321305853,I4210134579,1,1,2024,W4404033890,1.0
I1321305853,I77793887,1,1,2024,W4404033890,1.0
I1321430492,I180670191,1,1,2024,W4400594521,1.0
I132153292,I238035932,1,1,2024,W4393146352,1.0
I132153292,I165998391,1,1,2024,W4394984866,1.0
I132153292,I170979836,1,1,2024,W4394984866,1.0
I132153292,I7882870,1,1,2024,W4394984866,1.0
I1322300227,I4210106192,1,1,2024,W4402917142,1.0
I132286405,I143302722,1,1,2024,W4399248247,1.0
I132286405,I25010766,1,1,2024,W4399248247,1.0
I132286405,I4387153143,1,1,2024,W4399248247,1.0
I132286405,I50627504,1,1,2024,W4399248247,1.0
I132286405,I74796645,1,1,2024,W4399248247,1.0
I132286405,I75357094,1,1,2024,W4399248247,1.0
I1323252656,I151727225,1,1,2024,W4394572371,1.0
I1323252656,I172780181,1,1,2024,W4394572371,1.0
I1323252656,I200777214,1,1,2024,W4394572371,1.0
I1323252656,I890469752,1,1,2024,W4394572371,1.0
I1323252656,I142024983,1,1,2024,W4396948360,1.0
I1323252656,I28022161,1,1,2024,W4396948360,1.0
I1323252656,I33849332,1,1,2024,W4396948360,1.0
I1323252656,I68649149,1,1,2024,W4396948360,1.0
I1323252656,I4210113480,1,1,2024,W4402816839,1.0
I132369690,I14116566,1,1,2024,W4399121560,1.0
I132369690,I20231570,1,1,2024,W4399121560,1.0
I132369690,I205237279,1,1,2024,W4399121560,1.0
I132369690,I4210139473,1,1,2024,W4399121560,1.0
I132369690,I4210165038,1,1,2024,W4399121560,1.0
I1323778983,I32971472,1,1,2024,W4391922002,1.0
I1323778983,I40120149,1,1,2024,W4391922002,1.0
I1323778983,I4210102044,1,1,2024,W4391922002,1.0
I1323778983,I4210117499,1,1,2024,W4391922002,1.0
I1323778983,I4210146410,1,1,2024,W4391922002,1.0
I1323778983,I57206974,1,1,2024,W4391922002,1.0
I1323778983,I91045830,1,1,2024,W4391922002,1.0
I1323778983,I98704320,1,1,2024,W4391922002,1.0
I1323843004,I135310074,1,1,2024,W4394845024,1.0
I1323843004,I185261750,1,1,2024,W4394845024,1.0
I1323843004,I4210140884,1,1,2024,W4394845024,1.0
I1323843004,I4210141342,1,1,2024,W4394845024,1.0
I1323843004,I4391768120,1,1,2024,W4394845024,1.0
I1324252669,I197854408,1,1,2024,W4391589803,1.0
I1324252669,I177639307,1,1,2024,W4402509548,1.0
I1324252669,I4210108209,1,1,2024,W4402509548,1.0
I1324252669,I98677209,1,1,2024,W4402509548,1.0
I1324925910,I183067930,1,1,2024,W4395471118,1.0
I1324925910,I2250653659,1,1,2024,W4395471118,1.0
I1324925910,I3005327000,1,1,2024,W4395471118,1.0
I1324925910,I37461747,1,1,2024,W4395471118,1.0
I1325675289,I4210088407,1,1,2024,W4396746678,1.0
I1325675289,I4210150574,4,4,2024,W4396746678;W4399347607;W4402926912;W4405533687,0.25
I1325675289,I45129253,4,4,2024,W4396746678;W4399347607;W4402926912;W4405533687,0.25
I1325675289,I177877127,1,1,2024,W4399347607,1.0
I1325675289,I201448701,1,1,2024,W4399347607,1.0
I1325675289,I4210126452,1,1,2024,W4399347607,1.0
I1325675289,I4210131026,2,2,2024,W4402926912;W4405533687,0.5
I1325675289,I165932596,1,1,2024,W4405533687,1.0
I1325675289,I2799299286,1,1,2024,W4405533687,1.0
I1325675289,I4210116917,1,1,2024,W4405533687,1.0
I1325675289,I4210126319,1,1,2024,W4405533687,1.0
I1325675289,I4210153550,1,1,2024,W4405533687,1.0
I1325675289,I82880672,1,1,2024,W4405533687,1.0
I1325675289,I99065089,1,1,2024,W4405533687,1.0
I1325886976,I40120149,1,1,2024,W4393148063,1.0
I1325886976,I4403386549,1,1,2024,W4393148063,1.0
I1325886976,I8204097,1,1,2024,W4393148063,1.0
I1325886976,I51629411,1,1,2024,W4403577807,1.0
I1325899441,I185261750,8,8,2024,W4390705006;W4391109864;W4392168151;W4398190964;W4399774223;W4399781895;W4403350553;W4404018000,0.125
I1325899441,I2802654988,3,3,2024,W4390705006;W4399774223;W4399781895,0.3333333333333333
I1325899441,I32971472,2,2,2024,W4391109864;W4403862062,0.5
I1325899441,I4210127509,6,6,2024,W4391109864;W4392168151;W4399774223;W4403350553;W4403862062;W4404018000,0.16666666666666666
I1325899441,I57206974,1,1,2024,W4391109864,1.0
I1325899441,I153718931,1,1,2024,W4398190964,1.0
I1325899441,I2801816099,1,1,2024,W4398190964,1.0
I1325899441,I2801845744,2,2,2024,W4398190964;W4399781895,0.5
I1325899441,I4210147079,1,1,2024,W4399774223,1.0
I1325899441,I136199984,2,2,2024,W4399781895;W4404018000,0.5
I1325899441,I4210087915,1,1,2024,W4399781895,1.0
I1325899441,I192455969,1,1,2024,W4403350553,1.0
I1325899441,I39965400,1,1,2024,W4403350553,1.0
I1325899441,I4210151462,1,1,2024,W4403350553,1.0
I1325899441,I78577930,1,1,2024,W4403350553,1.0
I1325899441,I2799838188,1,1,2024,W4403862062,1.0
I1325899441,I4210117418,1,1,2024,W4403862062,1.0
I1325899441,I2802581871,1,1,2024,W4404018000,1.0
I1325899441,I2802948906,1,1,2024,W4404018000,1.0
I1325899441,I4210109586,1,1,2024,W4404018000,1.0
I1325899441,I4210110987,1,1,2024,W4404018000,1.0
I1325899441,I4210158898,1,1,2024,W4404018000,1.0
I1325899441,I98677209,1,1,2024,W4404018000,1.0
I1326498283,I20231570,1,1,2024,W4395695883,1.0
I1326498283,I2802519937,1,1,2024,W4395695883,1.0
I1326498283,I4210139461,1,1,2024,W4395695883,1.0
I1326872476,I1327163397,1,1,2024,W4393029086,1.0
I1326872476,I140172145,1,1,2024,W4393029086,1.0
I1326872476,I162281398,1,1,2024,W4393029086,1.0
I1326872476,I174216632,1,1,2024,W4393029086,1.0
I1326872476,I181697535,2,2,2024,W4393029086;W4393215948,0.5
I1326872476,I79576946,1,1,2024,W4393029086,1.0
I1326872476,I83041322,1,1,2024,W4393029086,1.0
I1326872476,I98704320,1,1,2024,W4393029086,1.0
I1326872476,I32971472,1,1,2024,W4393215948,1.0
I1326872476,I4210117211,1,1,2024,W4393215948,1.0
I1327163397,I140172145,1,1,2024,W4393029086,1.0
I1327163397,I162281398,1,1,2024,W4393029086,1.0
I1327163397,I174216632,1,1,2024,W4393029086,1.0
I1327163397,I181697535,1,1,2024,W4393029086,1.0
I1327163397,I79576946,1,1,2024,W4393029086,1.0
I1327163397,I83041322,1,1,2024,W4393029086,1.0
I1327163397,I98704320,1,1,2024,W4393029086,1.0
I1327163397,I157349981,1,1,2024,W4403648106,1.0
I1327163397,I180664298,1,1,2024,W4403648106,1.0
I1327163397,I24027795,1,1,2024,W4403648106,1.0
I1327163397,I33213144,1,1,2024,W4403648106,1.0
I1327163397,I40253897,1,1,2024,W4403648106,1.0
I1327163397,I56590836,1,1,2024,W4403648106,1.0
I1327237609,I36152291,1,1,2024,W4392869480,1.0
I1327576362,I145608581,1,1,2024,W4392630848,1.0
I1327576362,I149218525,1,1,2024,W4392630848,1.0
I1327576362,I27804330,1,1,2024,W4392630848,1.0
I1327576362,I32971472,1,1,2024,W4392630848,1.0
I1327576362,I66514158,1,1,2024,W4392630848,1.0
I132806614,I32762134,2,2,2024,W4393235577;W4401974878,0.5
I132806614,I60342839,1,1,2024,W4393235577,1.0
I132976966,I180297670,3,3,2024,W4392343921;W4398144060;W4399812563,0.3333333333333333
I132976966,I154526488,1,1,2024,W4398144060,1.0
I132976966,I161046081,1,1,2024,W4398144060,1.0
I132976966,I197681013,1,1,2024,W4398144060,1.0
I132976966,I204730241,1,1,2024,W4398144060,1.0
I132976966,I39804081,1,1,2024,W4398144060,1.0
I132976966,I4210091279,1,1,2024,W4398144060,1.0
I132976966,I4210091437,1,1,2024,W4398144060,1.0
I132976966,I4210097159,1,1,2024,W4398144060,1.0
I132976966,I4387154308,1,1,2024,W4398144060,1.0
I132976966,I4394709234,1,1,2024,W4398144060,1.0
I1330342723,I25399158,2,2,2024,W4390880284;W4392597393,0.5
I1330342723,I2803065428,1,1,2024,W4390880284,1.0
I1330342723,I4210140007,2,2,2024,W4390880284;W4392597393,0.5
I1330342723,I2802423016,1,1,2024,W4391823231,1.0
I1330342723,I4210125099,2,2,2024,W4391823231;W4393855378,0.5
I1330342723,I4210146710,2,2,2024,W4394855484;W4398223047,0.5
I1330342723,I136199984,1,1,2024,W4394858800,1.0
I1330342723,I180670191,1,1,2024,W4394858800,1.0
I1330342723,I204465549,1,1,2024,W4394858800,1.0
I1330342723,I2799503643,1,1,2024,W4394858800,1.0
I1330342723,I2800403580,1,1,2024,W4394858800,1.0
I1330342723,I4210110664,1,1,2024,W4394858800,1.0
I1330342723,I4210149000,1,1,2024,W4394858800,1.0
I1330342723,I4210150894,1,1,2024,W4394858800,1.0
I1330342723,I55302922,1,1,2024,W4394858800,1.0
I1330342723,I63190737,1,1,2024,W4394858800,1.0
I1330693074,I135310074,2,2,2024,W4394948163;W4400529373,0.5
I1330693074,I158842170,1,1,2024,W4402716046,1.0
I1330693074,I200769079,1,1,2024,W4402716046,1.0
I1330693074,I145311948,1,1,2024,W4402985132,1.0
I1330693074,I157725225,1,1,2024,W4402985132,1.0
I1330693074,I161318765,1,1,2024,W4402985132,1.0
I1330693074,I16269868,1,1,2024,W4402985132,1.0
I1330693074,I27837315,1,1,2024,W4402985132,1.0
I1330693074,I4391012619,1,1,2024,W4402985132,1.0
I1330693074,I74775410,1,1,2024,W4402985132,1.0
I1330693074,I74973139,1,1,2024,W4402985132,1.0
I1330693074,I80626142,1,1,2024,W4402985132,1.0
I1330989302,I188538660,1,1,2024,W4404961535,1.0
I1330989302,I21449261,1,1,2024,W4404961535,1.0
I1330989302,I35440088,1,1,2024,W4404961535,1.0
I1330989302,I40347166,1,1,2024,W4404961535,1.0
I1330989302,I4210105402,1,1,2024,W4404961535,1.0
I1330989302,I4210125814,1,1,2024,W4404961535,1.0
I1330989302,I4210126328,1,1,2024,W4404961535,1.0
I1330989302,I4210145784,1,1,2024,W4404961535,1.0
I1330989302,I4210166615,1,1,2024,W4404961535,1.0
I1330989302,I47099075,1,1,2024,W4404961535,1.0
I1330989302,I5124864,1,1,2024,W4404961535,1.0
I1330989302,I92507152,1,1,2024,W4404961535,1.0
I1331384533,I1343551460,1,1,2024,W4401682166,1.0
I1331384533,I138006243,1,1,2024,W4401682166,1.0
I1331384533,I4390039246,1,1,2024,W4401682166,1.0
I1331384533,I79576946,1,1,2024,W4401682166,1.0
I1332387789,I25399158,1,1,2024,W4404850869,1.0
I1332387789,I4210134607,1,1,2024,W4404850869,1.0
I1334627681,I204250578,1,1,2024,W4404590987,1.0
I1334627681,I4210151352,1,1,2024,W4404590987,1.0
I1334627681,I51556381,1,1,2024,W4404590987,1.0
I1334627681,I84218800,1,1,2024,W4404590987,1.0
I1334819555,I166722992,1,1,2024,W4392191246,1.0
I1334819555,I2802835388,1,1,2024,W4392191246,1.0
I1334819555,I3019586173,1,1,2024,W4392191246,1.0
I1334819555,I40347166,1,1,2024,W4392191246,1.0
I1334819555,I4210086933,1,1,2024,W4392191246,1.0
I1334819555,I4210125099,1,1,2024,W4392191246,1.0
I1334819555,I4210127401,1,1,2024,W4392191246,1.0
I1334819555,I4210158428,1,1,2024,W4392191246,1.0
I1334819555,I921990950,1,1,2024,W4392191246,1.0
I1334819555,I97018004,1,1,2024,W4392191246,1.0
I1334819555,I98285908,1,1,2024,W4392191246,1.0
I1334819555,I162884033,1,1,2024,W4400889241,1.0
I1334819555,I4210123059,1,1,2024,W4400889241,1.0
I1334819555,I5388228,1,1,2024,W4400889241,1.0
I1334819555,I145673806,1,1,2024,W4404523737,1.0
I1334819555,I42405503,1,1,2024,W4404523737,1.0
I1334819555,I96636082,1,1,2024,W4404523737,1.0
I1334819555,I1335321130,1,1,2024,W4404946452,1.0
I1334819555,I136199984,1,1,2024,W4404946452,1.0
I1334819555,I180670191,1,1,2024,W4404946452,1.0
I1334819555,I2801851002,1,1,2024,W4404946452,1.0
I1334819555,I34352273,1,1,2024,W4404946452,1.0
I1334819555,I36788626,1,1,2024,W4404946452,1.0
I1334819555,I4210117453,1,1,2024,W4404946452,1.0
I1334819555,I4210150980,1,1,2024,W4404946452,1.0
I1334819555,I4210161994,1,1,2024,W4404946452,1.0
I1334819555,I48633490,1,1,2024,W4404946452,1.0
I1335113835,I202697423,1,1,2024,W4403488216,1.0
I1335113835,I28166907,1,1,2024,W4403488216,1.0
I133529467,I28290843,1,1,2024,W4404136417,1.0
I133529467,I40120149,1,1,2024,W4404136417,1.0
I133529467,I4210100468,1,1,2024,W4404136417,1.0
I133529467,I4210146410,1,1,2024,W4404136417,1.0
I1335321130,I136199984,3,3,2024,W4392704071;W4401397240;W4404946452,0.3333333333333333
I1335321130,I180670191,2,2,2024,W4392704071;W4404946452,0.5
I1335321130,I4210150980,2,2,2024,W4392704071;W4404946452,0.5
I1335321130,I165733156,1,1,2024,W4401397240,1.0
I1335321130,I185103710,1,1,2024,W4401397240,1.0
I1335321130,I186143895,1,1,2024,W4401397240,1.0
I1335321130,I2802423016,1,1,2024,W4401397240,1.0
I1335321130,I4210087915,1,1,2024,W4401397240,1.0
I1335321130,I4210101778,1,1,2024,W4401397240,1.0
I1335321130,I4210127693,1,1,2024,W4401397240,1.0
I1335321130,I4210146710,1,1,2024,W4401397240,1.0
I1335321130,I79576946,1,1,2024,W4401397240,1.0
I1335321130,I919571938,1,1,2024,W4401397240,1.0
I1335321130,I97018004,1,1,2024,W4401397240,1.0
I1335321130,I2799503643,1,1,2024,W4402358523,1.0
I1335321130,I78577930,1,1,2024,W4402358523,1.0
I1335321130,I2801851002,1,1,2024,W4404946452,1.0
I1335321130,I34352273,1,1,2024,W4404946452,1.0
I1335321130,I36788626,1,1,2024,W4404946452,1.0
I1335321130,I4210117453,1,1,2024,W4404946452,1.0
I1335321130,I4210161994,1,1,2024,W4404946452,1.0
I1335321130,I48633490,1,1,2024,W4404946452,1.0
I1336096307,I4210088410,1,1,2024,W4394865839,1.0
I1336096307,I4210125976,1,1,2024,W4394865839,1.0
I1336096307,I4210155268,1,1,2024,W4394865839,1.0
I1336096307,I66946132,1,1,2024,W4394865839,1.0
I133731052,I4387155832,1,1,2024,W4392662613,1.0
I133731052,I63190737,1,1,2024,W4392662613,1.0
I133731052,I98381234,1,1,2024,W4392662613,1.0
I133731052,I2800394112,1,1,2024,W4403332065,1.0
I133731052,I4210128584,1,1,2024,W4403332065,1.0
I133731052,I4210140036,1,1,2024,W4403332065,1.0
I133731052,I9927081,1,1,2024,W4403332065,1.0
I133738476,I165799507,1,1,2024,W4392503764,1.0
I133738476,I201448701,1,1,2024,W4392503764,1.0
I133738476,I63966007,1,1,2024,W4392503764,1.0
I133738476,I97018004,1,1,2024,W4392503764,1.0
I133738476,I166722992,1,1,2024,W4399326970,1.0
I133738476,I177605424,1,1,2024,W4399326970,1.0
I133738476,I24603500,1,1,2024,W4399326970,1.0
I133738476,I4210090056,1,1,2024,W4399326970,1.0
I1338503839,I195740183,1,1,2024,W4396889891,1.0
I1338503839,I70983195,1,1,2024,W4396889891,1.0
I133868755,I24943067,1,1,2024,W4396936305,1.0
I133868755,I32971472,1,1,2024,W4396936305,1.0
I133868755,I4210093194,1,1,2024,W4396936305,1.0
I133868755,I4210100255,1,1,2024,W4396936305,1.0
I133868755,I4210128910,1,1,2024,W4396936305,1.0
I133868755,I4391012619,1,1,2024,W4396936305,1.0
I1339471597,I141810926,1,1,2024,W4399211335,1.0
I1339471597,I142444530,1,1,2024,W4399211335,1.0
I1339471597,I32971472,1,1,2024,W4399211335,1.0
I1339471597,I4210163047,1,1,2024,W4399211335,1.0
I1340753257,I153845743,1,1,2024,W4406419344,1.0
I1340753257,I4210116466,1,1,2024,W4406419344,1.0
I1340753257,I4210123447,1,1,2024,W4406419344,1.0
I1340755506,I185261750,1,1,2024,W4405728682,1.0
I1340755506,I2802289008,1,1,2024,W4405728682,1.0
I134085113,I136830121,1,1,2024,W4404887651,1.0
I134085113,I193260172,1,1,2024,W4404887651,1.0
I134085113,I202735123,1,1,2024,W4404887651,1.0
I134085113,I4387154453,1,1,2024,W4404887651,1.0
I134085113,I98298690,1,1,2024,W4404887651,1.0
I1341030882,I4210142479,1,1,2024,W4393952013,1.0
I1341030882,I4210164166,1,1,2024,W4393952013,1.0
I134113660,I290598920,1,1,2024,W4401175810,1.0
I1341412227,I144112489,1,1,2024,W4390571036,1.0
I1341412227,I4210092658,1,1,2024,W4390571036,1.0
I1341412227,I4210104429,1,1,2024,W4390571036,1.0
I1341412227,I4210158702,1,1,2024,W4390571036,1.0
I1341412227,I5124864,1,1,2024,W4390571036,1.0
I1341412227,I63966007,3,3,2024,W4390571036;W4401414087;W4401415431,0.3333333333333333
I1341412227,I4210131585,1,1,2024,W4394733201,1.0
I1341412227,I84500057,1,1,2024,W4394733201,1.0
I134161618,I47519274,1,1,2024,W4400438713,1.0
I1342360035,I136199984,1,1,2024,W4403878225,1.0
I1342360035,I2799725268,1,1,2024,W4403878225,1.0
I1342360035,I28407311,1,1,2024,W4403878225,1.0
I1342360035,I897542642,1,1,2024,W4403878225,1.0
I1342911587,I87182695,1,1,2024,W4393160423,1.0
I1342924430,I39063666,1,1,2024,W4396899513,1.0
I1342924430,I45084792,1,1,2024,W4396899513,1.0
I1343052199,I136199984,1,1,2024,W4403813762,1.0
I1343052199,I204866599,1,1,2024,W4403813762,1.0
I1343052199,I4210119250,1,1,2024,W4403813762,1.0
I1343052199,I4210135252,1,1,2024,W4403813762,1.0
I1343052199,I4210137306,1,1,2024,W4403813762,1.0
I1343052199,I4210138309,1,1,2024,W4403813762,1.0
I1343052199,I97018004,1,1,2024,W4403813762,1.0
I1343180700,I97018004,1,1,2024,W4399528455,1.0
I1343180700,I55732556,3,3,2024,W4402816547;W4402961748;W4404199593,0.3333333333333333
I1343180700,I87216513,1,1,2024,W4402959574,1.0
I1343180700,I201448701,1,1,2024,W4402961748,1.0
I1343180700,I4210136376,1,1,2024,W4402961748,1.0
I1343180700,I4387154989,1,1,2024,W4402961748,1.0
I1343180700,I58610484,1,1,2024,W4402961748,1.0
I1343180700,I79272384,1,1,2024,W4402961748,1.0
I1343180700,I39343248,1,1,2024,W4405616956,1.0
I1343180700,I4210110490,1,1,2024,W4405616956,1.0
I1343180700,I76198965,1,1,2024,W4405616956,1.0
I1343180700,I27837315,1,1,2024,W4406266037,1.0
I1343551460,I2801572250,1,1,2024,W4399480372,1.0
I1343551460,I4210146710,1,1,2024,W4399480372,1.0
I1343551460,I86519309,1,1,2024,W4399480372,1.0
I1343551460,I919571938,1,1,2024,W4399480372,1.0
I1343551460,I138006243,1,1,2024,W4401682166,1.0
I1343551460,I4390039246,1,1,2024,W4401682166,1.0
I1343551460,I79576946,1,1,2024,W4401682166,1.0
I1343573832,I136199984,1,1,2024,W4392867353,1.0
I1343573832,I4210092499,1,1,2024,W4392867353,1.0
I1343573832,I91045830,1,1,2024,W4392867353,1.0
I1343871089,I4210127218,1,1,2024,W4400734331,1.0
I1343871089,I4210127875,1,1,2024,W4400734331,1.0
I1343871089,I162714631,1,1,2024,W4402543881,1.0
I1343871089,I175594653,1,1,2024,W4402543881,1.0
I1343871089,I27804330,1,1,2024,W4402543881,1.0
I134446601,I95457486,10,10,2024,W4393064140;W4394625791;W4396512602;W4396833729;W4400085332;W4402217583;W4402753507;W4402754023;W4402776116;W4403334020,0.1
I134446601,I197347611,1,1,2024,W4394625791,1.0
I134446601,I60922564,1,1,2024,W4394625791,1.0
I134446601,I16391192,1,1,2024,W4396512602,1.0
I134446601,I3018771216,1,1,2024,W4396512602,1.0
I134446601,I36788626,1,1,2024,W4396512602,1.0
I134446601,I4210099236,1,1,2024,W4396512602,1.0
I134446601,I4210142583,1,1,2024,W4396512602,1.0
I134446601,I53964585,1,1,2024,W4396512602,1.0
I134446601,I71920554,1,1,2024,W4396512602,1.0
I134446601,I8204097,1,1,2024,W4396512602,1.0
I134446601,I97018004,1,1,2024,W4396512602,1.0
I134446601,I168719708,1,1,2024,W4396833729,1.0
I134446601,I308392441,1,1,2024,W4400315206,1.0
I134446601,I4210137306,1,1,2024,W4400315206,1.0
I134446601,I201448701,1,1,2024,W4402217583,1.0
I134446601,I20231570,1,1,2024,W4402217583,1.0
I134446601,I58610484,1,1,2024,W4402217583,1.0
I134446601,I57206974,1,1,2024,W4402754023,1.0
I134446601,I4210109586,1,1,2024,W4402776116,1.0
I134446601,RAW_META,1,1,2024,W4402776116,1.0
I134446601,I4210159579,1,1,2024,W4403334020,1.0
I134446601,I70931966,1,1,2024,W4403334020,1.0
I13469542,I183638586,1,1,2024,W4402050440,1.0
I13469542,I27483092,1,1,2024,W4402050440,1.0
I134820265,I159948400,1,1,2024,W4401857337,1.0
I134820265,I4210108985,1,1,2024,W4401857337,1.0
I134820265,I4210131846,1,1,2024,W4401857337,1.0
I134820265,I45129253,1,1,2024,W4401857337,1.0
I134820265,I87216513,1,1,2024,W4401857337,1.0
I134820265,I99065089,1,1,2024,W4401857337,1.0
I134841294,I151013683,1,1,2024,W4400915837,1.0
I134841294,I26080491,1,1,2024,W4400915837,1.0
I134841294,I4210120169,1,1,2024,W4400915837,1.0
I13511017,I9224006,1,1,2024,W4393085940,1.0
I135140700,I149899117,1,1,2024,W4391564343,1.0
I135140700,I170658231,1,1,2024,W4391564343,1.0
I135140700,I205023500,1,1,2024,W4391564343,1.0
I135140700,I40347166,1,1,2024,W4391564343,1.0
I135140700,I4210136328,1,1,2024,W4391564343,1.0
I135140700,I4210144755,1,1,2024,W4391564343,1.0
I135140700,I913958620,1,1,2024,W4391564343,1.0
I135140700,I180519160,1,1,2024,W4402713326,1.0
I135140700,I1850255,1,1,2024,W4402713326,1.0
I135140700,I20089843,1,1,2024,W4402713326,1.0
I135140700,I29955533,1,1,2024,W4402713326,1.0
I135140700,I39343248,1,1,2024,W4402713326,1.0
I135140700,I40120149,1,1,2024,W4402713326,1.0
I135140700,I4210090411,1,1,2024,W4402713326,1.0
I135140700,I4210113297,1,1,2024,W4402713326,1.0
I135140700,I4210119286,1,1,2024,W4402713326,1.0
I135140700,I4210120221,1,1,2024,W4402713326,1.0
I135140700,I4210143272,1,1,2024,W4402713326,1.0
I135140700,I4210164149,1,1,2024,W4402713326,1.0
I135140700,I42934936,1,1,2024,W4402713326,1.0
I135140700,I4387154616,1,1,2024,W4402713326,1.0
I135140700,I45129253,1,1,2024,W4402713326,1.0
I135140700,I4923324,1,1,2024,W4402713326,1.0
I135140700,I63966007,1,1,2024,W4402713326,1.0
I135140700,I74973139,1,1,2024,W4402713326,1.0
I135140700,I97018004,1,1,2024,W4402713326,1.0
I135140700,I98259816,1,1,2024,W4402713326,1.0
I1351752,I142207940,1,1,2024,W4401497789,1.0
I1351752,I161318765,1,1,2024,W4401497789,1.0
I1351752,I4210135521,1,1,2024,W4401497789,1.0
I1351752,I47508984,1,1,2024,W4401497789,1.0
I1351752,I205783295,1,1,2024,W4403880728,1.0
I1351752,I4210144145,1,1,2024,W4403880728,1.0
I135310074,I97018004,5,5,2024,W4390975590;W4393002303;W4400136387;W4401815218;W4404654684,0.2
I135310074,I140172145,1,1,2024,W4393002303,1.0
I135310074,I165733156,1,1,2024,W4393002303,1.0
I135310074,I172675005,1,1,2024,W4393002303,1.0
I135310074,I36234482,1,1,2024,W4393002303,1.0
I135310074,I63190737,1,1,2024,W4393002303,1.0
I135310074,I185261750,1,1,2024,W4394845024,1.0
I135310074,I4210140884,1,1,2024,W4394845024,1.0
I135310074,I4210141342,1,1,2024,W4394845024,1.0
I135310074,I4391768120,1,1,2024,W4394845024,1.0
I135310074,I136199984,2,2,2024,W4395067201;W4405763549,0.5
I135310074,I2800191616,1,1,2024,W4395067201,1.0
I135310074,I32971472,1,1,2024,W4395067201,1.0
I135310074,I4210117453,1,1,2024,W4395067201,1.0
I135310074,I4210161994,1,1,2024,W4395067201,1.0
I135310074,I63966007,1,1,2024,W4395067201,1.0
I135310074,I219193219,1,1,2024,W4399208444,1.0
I135310074,I24185976,1,1,2024,W4399208444,1.0
I135310074,I68986083,1,1,2024,W4399208444,1.0
I135310074,I2800288331,1,1,2024,W4400136387,1.0
I135310074,I4210100468,1,1,2024,W4400136387,1.0
I135310074,I4210137306,1,1,2024,W4400136387,1.0
I135310074,I157725225,1,1,2024,W4401815218,1.0
I135310074,I3197470489,1,1,2024,W4401815218,1.0
I135310074,I40120149,1,1,2024,W4401815218,1.0
I135310074,I4210096592,1,1,2024,W4401815218,1.0
I135310074,I4210099336,1,1,2024,W4401815218,1.0
I135310074,I4210113480,1,1,2024,W4401815218,1.0
I135310074,I4210119109,1,1,2024,W4401815218,1.0
I135310074,I4210119138,1,1,2024,W4401815218,1.0
I135310074,I66946132,1,1,2024,W4401815218,1.0
I135310074,I68891433,1,1,2024,W4401815218,1.0
I135310074,I74973139,1,1,2024,W4401815218,1.0
I135310074,RAW_META,1,1,2024,W4401815218,1.0
I135310074,I161318765,1,1,2024,W4402716307,1.0
I135310074,I4210164937,1,1,2024,W4402727764,1.0
I135310074,I2800817003,1,1,2024,W4404037751,1.0
I135310074,I84218800,1,1,2024,W4404037751,1.0
I135310074,RAW_NVIDIA,1,1,2024,W4404037751,1.0
I135310074,I27837315,2,2,2024,W4404654684;W4405763549,0.5
I135310074,I4210127875,1,1,2024,W4404654684,1.0
I135310074,I170201317,1,1,2024,W4405763549,1.0
I135310074,I25217355,1,1,2024,W4405763549,1.0
I135310074,I35961687,1,1,2024,W4405763549,1.0
I135310074,I4210091499,1,1,2024,W4405763549,1.0
I135310074,I4210114445,1,1,2024,W4405763549,1.0
I135310074,I4210128618,1,1,2024,W4405763549,1.0
I135310074,I4210148284,1,1,2024,W4405763549,1.0
I135310074,I4210150261,1,1,2024,W4405763549,1.0
I135310074,I4210153126,1,1,2024,W4405763549,1.0
I135310074,I60053951,1,1,2024,W4405763549,1.0
I135310074,I867280407,1,1,2024,W4405763549,1.0
I135836153,I183067930,1,1,2024,W4405094704,1.0
I135836153,I9224756,1,1,2024,W4405094704,1.0
I135905480,I180726961,1,1,2024,W4394740284,1.0
I135905480,I3923682,1,1,2024,W4394740284,1.0
I135905480,I4210124531,1,1,2024,W4394740284,1.0
I135905480,I4210141719,1,1,2024,W4394740284,1.0
I135905480,I4210145330,1,1,2024,W4394740284,1.0
I135905480,I4210153519,1,1,2024,W4394740284,1.0
I135905480,I4392738115,1,1,2024,W4394740284,1.0
I135905480,I76214153,1,1,2024,W4394740284,1.0
I13591777,I67001856,1,1,2024,W4401503235,1.0
I13591777,I19820366,1,1,2024,W4403275125,1.0
I13591777,I4210123377,1,1,2024,W4403275125,1.0
I13591777,I4210145761,1,1,2024,W4403275125,1.0
I13591777,I47251452,1,1,2024,W4403275125,1.0
I13591777,I58200834,1,1,2024,W4403275125,1.0
I136199984,I34352273,3,3,2024,W4390745503;W4392850630;W4404946452,0.3333333333333333
I136199984,I4210117453,7,7,2024,W4390745503;W4392850630;W4392947521;W4392947532;W4395067201;W4402220065;W4404946452,0.14285714285714285
I136199984,I4210161994,4,4,2024,W4390745503;W4392850630;W4395067201;W4404946452,0.25
I136199984,I4210164862,3,3,2024,W4390745503;W4392850630;W4402827768,0.3333333333333333
I136199984,I48633490,5,5,2024,W4390745503;W4391691195;W4392850630;W4399738410;W4404946452,0.2
I136199984,I2801851002,11,11,2024,W4390940540;W4392667162;W4392947521;W4392947532;W4395959984;W4396832002;W4398183095;W4399567248;W4402220065;W4404946452;W4405545714,0.09090909090909091
I136199984,I63966007,13,13,2024,W4390940540;W4390970405;W4392667162;W4392947521;W4392947532;W4395067201;W4398183095;W4399567248;W4400678448;W4402220065;W4402748869;W4404927449;W4405328867,0.07692307692307693
I136199984,I95457486,3,3,2024,W4390940540;W4398183095;W4399912477,0.3333333333333333
I136199984,I141930137,3,3,2024,W4390970405;W4395026179;W4399737726,0.3333333333333333
I136199984,I150468666,2,2,2024,W4390970405;W4399912477,0.5
I136199984,I154130895,1,1,2024,W4390970405,1.0
I136199984,I154425047,2,2,2024,W4390970405;W4402748869,0.5
I136199984,I200166805,1,1,2024,W4390970405,1.0
I136199984,I23923803,1,1,2024,W4390970405,1.0
I136199984,I2800548410,2,2,2024,W4390970405;W4400921803,0.5
I136199984,I2801418622,1,1,2024,W4390970405,1.0
I136199984,I33213144,1,1,2024,W4390970405,1.0
I136199984,I4210159873,1,1,2024,W4390970405,1.0
I136199984,I62916508,3,3,2024,W4390970405;W4398183095;W4405545714,0.3333333333333333
I136199984,I97018004,12,12,2024,W4390970405;W4392739577;W4395026179;W4398183095;W4399737726;W4399912477;W4401397240;W4402220065;W4402827768;W4403420208;W4403813762;W4405545714,0.08333333333333333
I136199984,I4210131804,1,1,2024,W4391069701,1.0
I136199984,I75747061,1,1,2024,W4391069701,1.0
I136199984,I157536573,1,1,2024,W4392563930,1.0
I136199984,I4210134534,1,1,2024,W4392563930,1.0
I136199984,I98704320,2,2,2024,W4392563930;W4402827768,0.5
I136199984,I180670191,5,5,2024,W4392704071;W4394858800;W4395026179;W4399737726;W4404946452,0.2
I136199984,I4210150980,2,2,2024,W4392704071;W4404946452,0.5
I136199984,I4210087915,15,15,2024,W4392739577;W4392947521;W4392947532;W4396999789;W4398766485;W4399567248;W4399781895;W4399912477;W4400921803;W4401397240;W4401413870;W4401863940;W4402220065;W4403705814;W4405328867,0.06666666666666667
I136199984,I921990950,1,1,2024,W4392739577,1.0
I136199984,I204337017,1,1,2024,W4392850630,1.0
I136199984,I2802335433,1,1,2024,W4392850630,1.0
I136199984,I4210092499,1,1,2024,W4392867353,1.0
I136199984,I91045830,1,1,2024,W4392867353,1.0
I136199984,I4210092658,5,5,2024,W4392947521;W4392947532;W4399567248;W4400937555;W4402827768,0.2
I136199984,I4210134579,6,6,2024,W4392947521;W4392947532;W4399567248;W4402220065;W4402827768;W4404033890,0.16666666666666666
I136199984,I4210155419,1,1,2024,W4392947521,1.0
I136199984,I2802841970,2,2,2024,W4392947532;W4399567248,0.5
I136199984,I157485424,2,2,2024,W4393158423;W4403705814,0.5
I136199984,I4210099236,1,1,2024,W4393158423,1.0
I136199984,I4210145411,1,1,2024,W4393158423,1.0
I136199984,I60922564,1,1,2024,W4393158423,1.0
I136199984,I168719708,1,1,2024,W4393181728,1.0
I136199984,I2250653659,2,2,2024,W4393181728;W4402220065,0.5
I136199984,I4210162314,1,1,2024,W4393181728,1.0
I136199984,I2801543288,1,1,2024,W4393961018,1.0
I136199984,I204465549,1,1,2024,W4394858800,1.0
I136199984,I2799503643,1,1,2024,W4394858800,1.0
I136199984,I2800403580,1,1,2024,W4394858800,1.0
I136199984,I4210110664,1,1,2024,W4394858800,1.0
I136199984,I4210149000,1,1,2024,W4394858800,1.0
I136199984,I4210150894,1,1,2024,W4394858800,1.0
I136199984,I55302922,1,1,2024,W4394858800,1.0
I136199984,I63190737,1,1,2024,W4394858800,1.0
I136199984,I152815399,2,2,2024,W4395026179;W4399737726,0.5
I136199984,I157582758,2,2,2024,W4395026179;W4399737726,0.5
I136199984,I165932596,3,3,2024,W4395026179;W4399737726;W4404333646,0.3333333333333333
I136199984,I173093425,2,2,2024,W4395026179;W4399737726,0.5
I136199984,I2251586001,2,2,2024,W4395026179;W4399737726,0.5
I136199984,I2799299286,2,2,2024,W4395026179;W4399737726,0.5
I136199984,I2799333108,2,2,2024,W4395026179;W4399737726,0.5
I136199984,I2803209242,2,2,2024,W4395026179;W4399737726,0.5
I136199984,I3020100970,2,2,2024,W4395026179;W4399737726,0.5
I136199984,I40120149,3,3,2024,W4395026179;W4399737726;W4404333646,0.3333333333333333
I136199984,I4210105015,2,2,2024,W4395026179;W4399737726,0.5
I136199984,I4210116208,1,1,2024,W4395026179,1.0
I136199984,I4210116917,2,2,2024,W4395026179;W4399737726,0.5
I136199984,I4210126319,2,2,2024,W4395026179;W4399737726,0.5
I136199984,I4210137145,2,2,2024,W4395026179;W4399737726,0.5
I136199984,I4210137306,3,3,2024,W4395026179;W4403420208;W4403813762,0.3333333333333333
I136199984,I4210146690,1,1,2024,W4395026179,1.0
I136199984,I4210150290,2,2,2024,W4395026179;W4399737726,0.5
I136199984,I4210162189,2,2,2024,W4395026179;W4399737726,0.5
I136199984,I61628605,1,1,2024,W4395026179,1.0
I136199984,I2800191616,1,1,2024,W4395067201,1.0
I136199984,I32971472,3,3,2024,W4395067201;W4395067526;W4402055147,0.3333333333333333
I136199984,I15196421,1,1,2024,W4395067526,1.0
I136199984,I162714631,1,1,2024,W4395067526,1.0
I136199984,I170201317,3,3,2024,W4395067526;W4400921803;W4405763549,0.3333333333333333
I136199984,I201448701,2,2,2024,W4395067526;W4399912477,0.5
I136199984,I58956616,2,2,2024,W4395067526;W4400921803,0.5
I136199984,I919571938,2,2,2024,W4395067526;W4401397240,0.5
I136199984,I4210106258,1,1,2024,W4395959984,1.0
I136199984,I52357470,1,1,2024,W4396632259,1.0
I136199984,I183697816,1,1,2024,W4396832720,1.0
I136199984,I185261750,4,4,2024,W4396832720;W4398766485;W4399781895;W4404018000,0.25
I136199984,I83328450,1,1,2024,W4396832720,1.0
I136199984,I198357462,1,1,2024,W4396999789,1.0
I136199984,I20231570,1,1,2024,W4396999789,1.0
I136199984,I4210093964,1,1,2024,W4396999789,1.0
I136199984,I4210133846,1,1,2024,W4396999789,1.0
I136199984,I148283060,1,1,2024,W4398183095,1.0
I136199984,I27837315,2,2,2024,W4398183095;W4405763549,0.5
I136199984,I2800156163,1,1,2024,W4398183095,1.0
I136199984,I2801081054,1,1,2024,W4398183095,1.0
I136199984,I4210119109,1,1,2024,W4398183095,1.0
I136199984,I4400600948,1,1,2024,W4398183095,1.0
I136199984,I74973139,1,1,2024,W4398183095,1.0
I136199984,I78577930,1,1,2024,W4398183095,1.0
I136199984,I79576946,3,3,2024,W4398183095;W4401397240;W4402220065,0.3333333333333333
I136199984,I86519309,1,1,2024,W4398183095,1.0
I136199984,I169222155,1,1,2024,W4398766485,1.0
I136199984,I39422238,1,1,2024,W4398766485,1.0
I136199984,I4210159521,1,1,2024,W4398766485,1.0
I136199984,I87208437,1,1,2024,W4398766485,1.0
I136199984,I4210125099,1,1,2024,W4399567248,1.0
I136199984,I4921948,1,1,2024,W4399567248,1.0
I136199984,I2801845744,1,1,2024,W4399781895,1.0
I136199984,I2802654988,1,1,2024,W4399781895,1.0
I136199984,I181190671,1,1,2024,W4400362569,1.0
I136199984,I183519381,1,1,2024,W4400362569,1.0
I136199984,I4210119028,1,1,2024,W4400362569,1.0
I136199984,I71920554,1,1,2024,W4400362569,1.0
I136199984,I24603500,1,1,2024,W4400678448,1.0
I136199984,I205783295,1,1,2024,W4400921803,1.0
I136199984,I36258959,2,2,2024,W4400921803;W4403420208,0.5
I136199984,I4210134769,1,1,2024,W4400921803,1.0
I136199984,I4210139686,1,1,2024,W4400921803,1.0
I136199984,I4210153792,1,1,2024,W4400921803,1.0
I136199984,I4210155647,1,1,2024,W4400921803,1.0
I136199984,I4387153466,1,1,2024,W4400921803,1.0
I136199984,I4388891891,1,1,2024,W4400921803,1.0
I136199984,I57206974,1,1,2024,W4400921803,1.0
I136199984,I79620101,1,1,2024,W4400921803,1.0
I136199984,I867280407,2,2,2024,W4400921803;W4405763549,0.5
I136199984,I4210109911,1,1,2024,W4401075780,1.0
I136199984,I165733156,1,1,2024,W4401397240,1.0
I136199984,I185103710,1,1,2024,W4401397240,1.0
I136199984,I186143895,1,1,2024,W4401397240,1.0
I136199984,I2802423016,1,1,2024,W4401397240,1.0
I136199984,I4210101778,1,1,2024,W4401397240,1.0
I136199984,I4210127693,1,1,2024,W4401397240,1.0
I136199984,I4210146710,1,1,2024,W4401397240,1.0
I136199984,I4210127055,1,1,2024,W4401413870,1.0
I136199984,I4210095624,1,1,2024,W4401863940,1.0
I136199984,I4210108985,1,1,2024,W4401863940,1.0
I136199984,I45928872,1,1,2024,W4401863940,1.0
I136199984,I182534213,1,1,2024,W4402055147,1.0
I136199984,I4210094406,1,1,2024,W4402055147,1.0
I136199984,I4210103180,1,1,2024,W4402055147,1.0
I136199984,I4210111164,1,1,2024,W4402055147,1.0
I136199984,I4210125590,1,1,2024,W4402055147,1.0
I136199984,I4210158373,1,1,2024,W4402055147,1.0
I136199984,I47508984,2,2,2024,W4402055147;W4405545714,0.5
I136199984,I91123046,1,1,2024,W4402055147,1.0
I136199984,I183067930,1,1,2024,W4402134103,1.0
I136199984,I19820366,1,1,2024,W4402134103,1.0
I136199984,I4210136793,1,1,2024,W4402134103,1.0
I136199984,I4210145761,1,1,2024,W4402134103,1.0
I136199984,I4210165038,1,1,2024,W4402134103,1.0
I136199984,I157773358,1,1,2024,W4402220065,1.0
I136199984,I158842170,1,1,2024,W4402220065,1.0
I136199984,I24185976,1,1,2024,W4402220065,1.0
I136199984,I3018397418,1,1,2024,W4402220065,1.0
I136199984,I4210104539,1,1,2024,W4402220065,1.0
I136199984,I4210128921,1,1,2024,W4402220065,1.0
I136199984,I4210146711,1,1,2024,W4402220065,1.0
I136199984,I4210154480,1,1,2024,W4402220065,1.0
I136199984,I4210158968,1,1,2024,W4402220065,1.0
I136199984,I4210162753,1,1,2024,W4402220065,1.0
I136199984,I4210111958,1,1,2024,W4402827768,1.0
I136199984,I2800935791,1,1,2024,W4403420208,1.0
I136199984,I193775966,1,1,2024,W4403705814,1.0
I136199984,I2799970807,1,1,2024,W4403705814,1.0
I136199984,I4210144108,1,1,2024,W4403705814,1.0
I136199984,I4210160791,1,1,2024,W4403705814,1.0
I136199984,I204866599,1,1,2024,W4403813762,1.0
I136199984,I4210119250,1,1,2024,W4403813762,1.0
I136199984,I4210135252,1,1,2024,W4403813762,1.0
I136199984,I4210138309,1,1,2024,W4403813762,1.0
I136199984,I183935753,2,2,2024,W4403843885;W4405545714,0.5
I136199984,I2799725268,1,1,2024,W4403878225,1.0
I136199984,I28407311,1,1,2024,W4403878225,1.0
I136199984,I897542642,1,1,2024,W4403878225,1.0
I136199984,I2802581871,1,1,2024,W4404018000,1.0
I136199984,I2802948906,1,1,2024,W4404018000,1.0
I136199984,I4210109586,1,1,2024,W4404018000,1.0
I136199984,I4210110987,2,2,2024,W4404018000;W4405545714,0.5
I136199984,I4210127509,1,1,2024,W4404018000,1.0
I136199984,I4210158898,1,1,2024,W4404018000,1.0
I136199984,I98677209,1,1,2024,W4404018000,1.0
I136199984,I200719446,1,1,2024,W4404033890,1.0
I136199984,I77793887,1,1,2024,W4404033890,1.0
I136199984,I193374721,1,1,2024,W4404220193,1.0
I136199984,I241749,1,1,2024,W4404333646,1.0
I136199984,I4210166406,1,1,2024,W4404333646,1.0
I136199984,I4210124175,1,1,2024,W4404927449,1.0
I136199984,I4210160315,1,1,2024,W4404927449,1.0
I136199984,I59553526,1,1,2024,W4404927449,1.0
I136199984,I36788626,1,1,2024,W4404946452,1.0
I136199984,I4210149717,1,1,2024,W4405328867,1.0
I136199984,I165524941,1,1,2024,W4405545714,1.0
I136199984,I3018134672,1,1,2024,W4405545714,1.0
I136199984,I4210157861,1,1,2024,W4405545714,1.0
I136199984,I25217355,1,1,2024,W4405763549,1.0
I136199984,I35961687,1,1,2024,W4405763549,1.0
I136199984,I4210091499,1,1,2024,W4405763549,1.0
I136199984,I4210114445,1,1,2024,W4405763549,1.0
I136199984,I4210128618,1,1,2024,W4405763549,1.0
I136199984,I4210148284,1,1,2024,W4405763549,1.0
I136199984,I4210150261,1,1,2024,W4405763549,1.0
I136199984,I4210153126,1,1,2024,W4405763549,1.0
I136199984,I60053951,1,1,2024,W4405763549,1.0
I136830121,I193260172,1,1,2024,W4404887651,1.0
I136830121,I202735123,1,1,2024,W4404887651,1.0
I136830121,I4387154453,1,1,2024,W4404887651,1.0
I136830121,I98298690,1,1,2024,W4404887651,1.0
I137407579,I142899784,1,1,2024,W4399300649,1.0
I137853757,I4210127325,1,1,2024,W4401691715,1.0
I137867983,I76130692,1,1,2024,W4403182498,1.0
I137902535,I36258959,1,1,2024,W4392564671,1.0
I137902535,I32971472,1,1,2024,W4393143570,1.0
I137902535,I172675005,1,1,2024,W4399116883,1.0
I137902535,I76569877,1,1,2024,W4399116883,1.0
I137902535,I80611190,1,1,2024,W4399116883,1.0
I137902535,I87216513,1,1,2024,W4399116883,1.0
I137902535,I4210149777,1,1,2024,W4403768626,1.0
I137902535,I888729015,1,1,2024,W4403768626,1.0
I137902535,I4210166946,1,1,2024,W4405079624,1.0
I137975476,I163770644,1,1,2024,W4393317046,1.0
I137975476,I203951103,1,1,2024,W4393317046,1.0
I137975476,I205349734,1,1,2024,W4393317046,1.0
I137975476,I22299242,1,1,2024,W4393317046,1.0
I137975476,I34077901,1,1,2024,W4393317046,1.0
I137975476,I4210122547,1,1,2024,W4393317046,1.0
I137975476,I4210141669,1,1,2024,W4393317046,1.0
I137975476,I4210157775,1,1,2024,W4393317046,1.0
I137975476,I4387152983,1,1,2024,W4393317046,1.0
I137975476,I60134161,1,1,2024,W4393317046,1.0
I137975476,I74801974,1,1,2024,W4393317046,1.0
I137975476,I98285908,1,1,2024,W4393317046,1.0
I137975476,I146500386,1,1,2024,W4396700254,1.0
I138006243,I141945490,1,1,2024,W4392755271,1.0
I138006243,I155660961,1,1,2024,W4392755271,1.0
I138006243,I183935753,1,1,2024,W4392755271,1.0
I138006243,I194028371,1,1,2024,W4392755271,1.0
I138006243,I2801970007,1,1,2024,W4392755271,1.0
I138006243,I33213144,1,1,2024,W4392755271,1.0
I138006243,I78577930,1,1,2024,W4392755271,1.0
I138006243,I79576946,2,2,2024,W4392755271;W4401682166,0.5
I138006243,I921990950,1,1,2024,W4392755271,1.0
I138006243,I98704320,1,1,2024,W4392755271,1.0
I138006243,I99464096,1,1,2024,W4392755271,1.0
I138006243,I4210092569,1,1,2024,W4393147876,1.0
I138006243,I81365321,1,1,2024,W4393147876,1.0
I138006243,I223532165,1,1,2024,W4396986140,1.0
I138006243,I84218800,1,1,2024,W4399206598,1.0
I138006243,I4390039246,1,1,2024,W4401682166,1.0
I138006243,I165733156,1,1,2024,W4403935384,1.0
I138006243,I20089843,1,1,2024,W4410954143,1.0
I138564716,I185163786,1,1,2024,W4400189100,1.0
I138564716,I76571253,1,1,2024,W4400189100,1.0
I138622004,I76214153,1,1,2024,W4393949013,1.0
I138622004,I94518387,1,1,2024,W4393949013,1.0
I138689650,I79940851,1,1,2024,W4394932409,1.0
I138873065,I4210086933,1,1,2024,W4394879936,1.0
I138873065,I4210122485,1,1,2024,W4394879936,1.0
I138873065,I57206974,1,1,2024,W4394879936,1.0
I138898306,I13955877,1,1,2024,W4400955756,1.0
I138898306,I16391192,1,1,2024,W4400955756,1.0
I138898306,I2799807261,1,1,2024,W4400955756,1.0
I138898306,I2801151526,1,1,2024,W4400955756,1.0
I138898306,I4210125051,1,1,2024,W4400955756,1.0
I138898306,I4210140243,1,1,2024,W4400955756,1.0
I138898306,I47508984,1,1,2024,W4400955756,1.0
I138898306,I91203450,1,1,2024,W4400955756,1.0
I138925566,I15766117,1,1,2024,W4392196220,1.0
I138925566,I166825849,1,1,2024,W4392196220,1.0
I138925566,I176453806,1,1,2024,W4392196220,1.0
I138925566,I179225836,1,1,2024,W4392196220,1.0
I138925566,I8087733,1,1,2024,W4392196220,1.0
I138925566,I86695891,1,1,2024,W4392196220,1.0
I139024713,I141945490,1,1,2024,W4390828922,1.0
I139024713,I151746483,7,7,2024,W4390828922;W4392309314;W4392796562;W4394994526;W4400228959;W4400644893;W4401326099,0.14285714285714285
I139024713,I152815399,9,9,2024,W4390828922;W4392796562;W4396817538;W4400228959;W4401113704;W4401326099;W4401878796;W4402350838;W4402473949,0.1111111111111111
I139024713,I172675005,16,16,2024,W4390828922;W4392309314;W4392796562;W4394994526;W4396817538;W4400228959;W4400644893;W4400933825;W4401070271;W4401113704;W4401326099;W4401634168;W4401878796;W4402350838;W4402473949;W4404238463,0.0625
I139024713,I180726961,1,1,2024,W4390828922,1.0
I139024713,I20089843,3,3,2024,W4390828922;W4394994526;W4400228959,0.3333333333333333
I139024713,I35928602,1,1,2024,W4390828922,1.0
I139024713,I44461941,2,2,2024,W4390828922;W4400228959,0.5
I139024713,I82497590,4,4,2024,W4390828922;W4392796562;W4400228959;W4401878796,0.25
I139024713,I848706,7,7,2024,W4390828922;W4396817538;W4400228959;W4401326099;W4401878796;W4402350838;W4402473949,0.14285714285714285
I139024713,I204512498,1,1,2024,W4392309314,1.0
I139024713,I55712492,1,1,2024,W4392309314,1.0
I139024713,I6469544,1,1,2024,W4392309314,1.0
I139024713,I21193070,2,2,2024,W4394994526;W4396817538,0.5
I139024713,I4210113480,1,1,2024,W4396596847,1.0
I139024713,I9842412,3,3,2024,W4396596847;W4400933825;W4401634168,0.3333333333333333
I139024713,I139759216,6,6,2024,W4396817538;W4400228959;W4400644893;W4401113704;W4402350838;W4404238463,0.16666666666666666
I139024713,I150229711,1,1,2024,W4396817538,1.0
I139024713,I881766915,1,1,2024,W4396817538,1.0
I139024713,I4210116924,1,1,2024,W4400228959,1.0
I139024713,I177725633,1,1,2024,W4400644893,1.0
I139024713,I7882870,1,1,2024,W4401070271,1.0
I139024713,I889458895,6,6,2024,W4401070271;W4401326099;W4402350838;W4402473949;W4404238463;W4404906917,0.16666666666666666
I139024713,I4210155350,1,1,2024,W4401113704,1.0
I139024713,I4392021250,1,1,2024,W4401113704,1.0
I139024713,I200769079,2,2,2024,W4401326099;W4401878796,0.5
I139024713,I5343935,1,1,2024,W4401634168,1.0
I139024713,I194450716,1,1,2024,W4404238463,1.0
I139024713,I3005327000,1,1,2024,W4404238463,1.0
I139024713,I4210134929,1,1,2024,W4404238463,1.0
I139024713,I145311948,1,1,2024,W4404906917,1.0
I139024713,I2799853436,1,1,2024,W4404906917,1.0
I139024713,I4210102840,1,1,2024,W4404906917,1.0
I139025015,I165390105,1,1,2024,W4393864720,1.0
I139025015,I83467386,1,1,2024,W4399205374,1.0
I139264467,I193775966,1,1,2024,W4394597984,1.0
I139264467,I40542001,1,1,2024,W4394597984,1.0
I139264467,I48566637,1,1,2024,W4394597984,1.0
I139264467,I95457486,1,1,2024,W4394862786,1.0
I139264467,I63966007,1,1,2024,W4399849668,1.0
I139264467,I157485424,1,1,2024,W4400524753,1.0
I139264467,I164389053,1,1,2024,W4400524753,1.0
I139264467,I4210088923,1,1,2024,W4400524753,1.0
I139264467,I168719708,1,1,2024,W4403041070,1.0
I139264467,I197347611,2,2,2024,W4403041070;W4403476510,0.5
I139264467,I4210092510,1,1,2024,W4403041070,1.0
I139264467,I4210123907,1,1,2024,W4403041070,1.0
I139264467,I4210160144,1,1,2024,W4403041070,1.0
I139264467,I87111246,1,1,2024,W4403041070,1.0
I139264467,I158743462,1,1,2024,W4403476510,1.0
I139264467,I17301866,1,1,2024,W4403476510,1.0
I139264467,I74973139,1,1,2024,W4403923215,1.0
I139322472,I143923087,1,1,2024,W4401065614,1.0
I139322472,I148158369,1,1,2024,W4401065614,1.0
I139322472,I65079550,1,1,2024,W4401065614,1.0
I139322472,I177725633,1,1,2024,W4401077562,1.0
I139322472,I4210110242,1,1,2024,W4401077562,1.0
I139322472,I4400600917,1,1,2024,W4401077562,1.0
I139322472,I55712492,1,1,2024,W4401077562,1.0
I139322472,I66867065,1,1,2024,W4401077562,1.0
I139322472,I166337079,1,1,2024,W4404756518,1.0
I139322472,I2799858192,1,1,2024,W4404756518,1.0
I139322472,I75390827,1,1,2024,W4404756518,1.0
I13955877,I2799530024,1,1,2024,W4393148622,1.0
I13955877,RAW_NVIDIA,1,1,2024,W4393148622,1.0
I13955877,I16391192,2,2,2024,W4393318738;W4400955756,0.5
I13955877,I2799810450,1,1,2024,W4393318738,1.0
I13955877,I98704320,1,1,2024,W4393318738,1.0
I13955877,I2799807261,1,1,2024,W4400955756,1.0
I13955877,I2801151526,1,1,2024,W4400955756,1.0
I13955877,I4210125051,1,1,2024,W4400955756,1.0
I13955877,I4210140243,1,1,2024,W4400955756,1.0
I13955877,I47508984,1,1,2024,W4400955756,1.0
I13955877,I91203450,1,1,2024,W4400955756,1.0
I13955877,I164950643,1,1,2024,W4402754016,1.0
I139660479,I155093810,1,1,2024,W4393220219,1.0
I139660479,I170215575,1,1,2024,W4393220219,1.0
I139660479,I4210110723,1,1,2024,W4393220219,1.0
I139660479,I154099455,1,1,2024,W4396655986,1.0
I139660479,I16609230,4,4,2024,W4396655986;W4402053335;W4402674165;W4403330442,0.25
I139660479,I168879160,1,1,2024,W4396655986,1.0
I139660479,I34949971,1,1,2024,W4396655986,1.0
I139660479,I4391767752,1,1,2024,W4396655986,1.0
I139660479,I44445938,1,1,2024,W4396655986,1.0
I139660479,I55712492,1,1,2024,W4396655986,1.0
I139660479,I71920554,1,1,2024,W4396655986,1.0
I139660479,I76130692,1,1,2024,W4396655986,1.0
I139660479,I4210095908,1,1,2024,W4396767585,1.0
I139660479,I183519381,2,2,2024,W4399478575;W4404759772,0.5
I139660479,I200296433,2,2,2024,W4399478575;W4405268957,0.5
I139660479,I20231570,4,4,2024,W4399478575;W4400061043;W4404759772;W4405268957,0.25
I139660479,I2802957242,1,1,2024,W4399478575,1.0
I139660479,I39343248,1,1,2024,W4399478575,1.0
I139660479,I4210113795,1,1,2024,W4399478575,1.0
I139660479,I4210119234,1,1,2024,W4399478575,1.0
I139660479,I4210126517,1,1,2024,W4399478575,1.0
I139660479,I4210144384,1,1,2024,W4399478575,1.0
I139660479,I4210156804,1,1,2024,W4399478575,1.0
I139660479,I5740404,1,1,2024,W4399478575,1.0
I139660479,I75951250,1,1,2024,W4399478575,1.0
I139660479,I7877124,1,1,2024,W4399478575,1.0
I139660479,I150229711,1,1,2024,W4400061043,1.0
I139660479,I155781252,1,1,2024,W4400061043,1.0
I139660479,I17747738,1,1,2024,W4400061043,1.0
I139660479,I19820366,1,1,2024,W4400061043,1.0
I139660479,I4210112820,1,1,2024,W4400061043,1.0
I139660479,I4210123686,1,1,2024,W4400061043,1.0
I139660479,I162868743,1,1,2024,W4402053335,1.0
I139660479,I16391192,1,1,2024,W4402053335,1.0
I139660479,I173759888,1,1,2024,W4402053335,1.0
I139660479,I36373038,1,1,2024,W4402053335,1.0
I139660479,I4210098034,1,1,2024,W4402053335,1.0
I139660479,I4210130649,1,1,2024,W4402053335,1.0
I139660479,I4210140884,1,1,2024,W4402053335,1.0
I139660479,I4210159865,2,2,2024,W4402053335;W4404759772,0.5
I139660479,I58956616,1,1,2024,W4402053335,1.0
I139660479,I149594827,1,1,2024,W4402674165,1.0
I139660479,I2801798921,1,1,2024,W4402674165,1.0
I139660479,I4210148560,1,1,2024,W4402674165,1.0
I139660479,I56934997,1,1,2024,W4402674165,1.0
I139660479,I4210150398,1,1,2024,W4403561329,1.0
I139660479,I4210153856,3,3,2024,W4403561329;W4405268957;W4405568301,0.3333333333333333
I139660479,I157773358,3,3,2024,W4404759772;W4405268957;W4405568301,0.3333333333333333
I139660479,I165932596,2,2,2024,W4404759772;W4405568301,0.5
I139660479,I17721919,1,1,2024,W4404759772,1.0
I139660479,I177725633,2,2,2024,W4404759772;W4405568301,0.5
I139660479,I183935753,1,1,2024,W4404759772,1.0
I139660479,I2799299286,2,2,2024,W4404759772;W4405568301,0.5
I139660479,I4210091706,1,1,2024,W4404759772,1.0
I139660479,I4210110199,1,1,2024,W4404759772,1.0
I139660479,I4210116917,1,1,2024,W4404759772,1.0
I139660479,I4210121771,1,1,2024,W4404759772,1.0
I139660479,I4210132355,1,1,2024,W4404759772,1.0
I139660479,I4210133003,1,1,2024,W4404759772,1.0
I139660479,I4210133785,1,1,2024,W4404759772,1.0
I139660479,I4210153550,1,1,2024,W4404759772,1.0
I139660479,I47508984,1,1,2024,W4404759772,1.0
I139660479,I53411278,1,1,2024,W4404759772,1.0
I139660479,I99065089,1,1,2024,W4404759772,1.0
I139660479,I204512498,1,1,2024,W4405268957,1.0
I139660479,I27781120,1,1,2024,W4405268957,1.0
I139660479,I40120149,1,1,2024,W4405268957,1.0
I139660479,I4210086933,1,1,2024,W4405268957,1.0
I139660479,I4210086973,1,1,2024,W4405268957,1.0
I139660479,I4210090512,1,1,2024,W4405268957,1.0
I139660479,I4210096587,1,1,2024,W4405268957,1.0
I139660479,I4210097354,1,1,2024,W4405268957,1.0
I139660479,I4210105182,1,1,2024,W4405268957,1.0
I139660479,I4210122949,1,1,2024,W4405268957,1.0
I139660479,I4210123185,1,1,2024,W4405268957,1.0
I139660479,I4210128921,1,1,2024,W4405268957,1.0
I139660479,I4210146711,1,1,2024,W4405268957,1.0
I139660479,I4210147381,1,1,2024,W4405268957,1.0
I139660479,I4210154142,1,1,2024,W4405268957,1.0
I139660479,I4210160507,1,1,2024,W4405268957,1.0
I139660479,I58200834,1,1,2024,W4405268957,1.0
I139660479,I92039509,1,1,2024,W4405268957,1.0
I139660479,I156144747,1,1,2024,W4405568301,1.0
I139660479,I197869895,1,1,2024,W4405568301,1.0
I139660479,I24185976,1,1,2024,W4405568301,1.0
I139660479,I32574673,1,1,2024,W4405568301,1.0
I139660479,I3923682,1,1,2024,W4405568301,1.0
I139660479,I4210115456,1,1,2024,W4405568301,1.0
I139660479,I4210132813,1,1,2024,W4405568301,1.0
I139660479,I4210136596,1,1,2024,W4405568301,1.0
I139660479,I4210154929,1,1,2024,W4405568301,1.0
I139759216,I5388228,1,1,2024,W4390590848,1.0
I139759216,I75689368,1,1,2024,W4390590848,1.0
I139759216,I4210100255,1,1,2024,W4393148016,1.0
I139759216,I152815399,5,5,2024,W4396782906;W4396817538;W4400228959;W4401113704;W4402350838,0.2
I139759216,I200769079,2,2,2024,W4396782906;W4401247174,0.5
I139759216,I20089843,2,2,2024,W4396782906;W4400228959,0.5
I139759216,I4210113480,1,1,2024,W4396782906,1.0
I139759216,I150229711,1,1,2024,W4396817538,1.0
I139759216,I172675005,6,6,2024,W4396817538;W4400228959;W4400644893;W4401113704;W4402350838;W4404238463,0.16666666666666666
I139759216,I21193070,1,1,2024,W4396817538,1.0
I139759216,I848706,3,3,2024,W4396817538;W4400228959;W4402350838,0.3333333333333333
I139759216,I881766915,1,1,2024,W4396817538,1.0
I139759216,I4210147892,1,1,2024,W4399206078,1.0
I139759216,I45129253,2,2,2024,W4399206078;W4400184706,0.5
I139759216,I143804889,1,1,2024,W4400184706,1.0
I139759216,I151746483,3,3,2024,W4400184706;W4400228959;W4400644893,0.3333333333333333
I139759216,I26415053,1,1,2024,W4400184706,1.0
I139759216,I79619799,1,1,2024,W4400184706,1.0
I139759216,I4210116924,1,1,2024,W4400228959,1.0
I139759216,I44461941,1,1,2024,W4400228959,1.0
I139759216,I82497590,1,1,2024,W4400228959,1.0
I139759216,I177725633,2,2,2024,W4400644893;W4402169037,0.5
I139759216,I4210155350,1,1,2024,W4401113704,1.0
I139759216,I4392021250,1,1,2024,W4401113704,1.0
I139759216,I17442442,1,1,2024,W4401247174,1.0
I139759216,I82880672,1,1,2024,W4401357939,1.0
I139759216,I39422238,1,1,2024,W4402169037,1.0
I139759216,I99065089,3,3,2024,W4402169037;W4402349737;W4404594861,0.3333333333333333
I139759216,I4210136246,1,1,2024,W4402347025,1.0
I139759216,I4387153335,1,1,2024,W4402347025,1.0
I139759216,I20231570,5,5,2024,W4402349737;W4402684283;W4402727730;W4404862388;W4405717632,0.2
I139759216,I4210141942,1,1,2024,W4402349737,1.0
I139759216,I889458895,3,3,2024,W4402350838;W4402727730;W4404238463,0.3333333333333333
I139759216,I194450716,1,1,2024,W4404238463,1.0
I139759216,I3005327000,1,1,2024,W4404238463,1.0
I139759216,I4210134929,1,1,2024,W4404238463,1.0
I139759216,I157725225,1,1,2024,W4404594861,1.0
I139759216,I161222507,1,1,2024,W4404594861,1.0
I139759216,I4210138083,1,1,2024,W4404594861,1.0
I139759216,I57206974,1,1,2024,W4404594861,1.0
I139759216,I74973139,1,1,2024,W4404594861,1.0
I139759216,I78988378,1,1,2024,W4404594861,1.0
I139759216,I14916453,1,1,2024,W4405022378,1.0
I139759216,I16295237,1,1,2024,W4405022378,1.0
I139759216,I24185976,1,1,2024,W4405022378,1.0
I139759216,I2800091995,1,1,2024,W4405022378,1.0
I139759216,I58956616,1,1,2024,W4405022378,1.0
I139759216,I4210128818,1,1,2024,W4405717632,1.0
I13985625,I2799293361,1,1,2024,W4390645384,1.0
I13985625,I80947539,1,1,2024,W4390645384,1.0
I139924743,I162608824,1,1,2024,W4391078387,1.0
I139924743,I168719708,1,1,2024,W4391078387,1.0
I139924743,I169381384,1,1,2024,W4391078387,1.0
I139924743,I184942183,1,1,2024,W4391078387,1.0
I139924743,I200650556,1,1,2024,W4391078387,1.0
I139924743,I24603500,1,1,2024,W4391078387,1.0
I139924743,I39854758,1,1,2024,W4391078387,1.0
I139924743,I4210109447,1,1,2024,W4391078387,1.0
I139924743,I67415387,1,1,2024,W4391078387,1.0
I139924743,I74656192,1,1,2024,W4391078387,1.0
I140172145,I148283060,1,1,2024,W4391387740,1.0
I140172145,I157582758,1,1,2024,W4391387740,1.0
I140172145,I175234967,1,1,2024,W4391387740,1.0
I140172145,I177877127,1,1,2024,W4391387740,1.0
I140172145,I205640436,1,1,2024,W4391387740,1.0
I140172145,I2800419323,1,1,2024,W4391387740,1.0
I140172145,I2801351171,1,1,2024,W4391387740,1.0
I140172145,I4210115256,1,1,2024,W4391387740,1.0
I140172145,I4387155440,1,1,2024,W4391387740,1.0
I140172145,I51713134,1,1,2024,W4391387740,1.0
I140172145,I165733156,1,1,2024,W4393002303,1.0
I140172145,I172675005,1,1,2024,W4393002303,1.0
I140172145,I36234482,1,1,2024,W4393002303,1.0
I140172145,I63190737,1,1,2024,W4393002303,1.0
I140172145,I97018004,1,1,2024,W4393002303,1.0
I140172145,I162281398,1,1,2024,W4393029086,1.0
I140172145,I174216632,1,1,2024,W4393029086,1.0
I140172145,I181697535,1,1,2024,W4393029086,1.0
I140172145,I79576946,1,1,2024,W4393029086,1.0
I140172145,I83041322,1,1,2024,W4393029086,1.0
I140172145,I98704320,1,1,2024,W4393029086,1.0
I140172145,I200769079,1,1,2024,W4393177791,1.0
I140172145,I20089843,1,1,2024,W4393177791,1.0
I140172145,I56590836,1,1,2024,W4393177791,1.0
I140172145,I889458895,1,1,2024,W4393177791,1.0
I140172145,I219193219,1,1,2024,W4396832192,1.0
I140172145,I204465549,1,1,2024,W4401351748,1.0
I140172145,I4210118410,1,1,2024,W4401351748,1.0
I140172145,I4210163477,1,1,2024,W4401351748,1.0
I140172145,I5388228,1,1,2024,W4401351748,1.0
I141103825,I4210145761,1,1,2024,W4393148052,1.0
I141103825,I82880672,1,1,2024,W4393148052,1.0
I14116566,I20231570,1,1,2024,W4399121560,1.0
I14116566,I205237279,1,1,2024,W4399121560,1.0
I14116566,I4210139473,1,1,2024,W4399121560,1.0
I14116566,I4210165038,1,1,2024,W4399121560,1.0
I141301092,I163340411,1,1,2024,W4391740763,1.0
I141301092,I19820366,1,1,2024,W4391740763,1.0
I141301092,I4210152758,1,1,2024,W4391740763,1.0
I141301092,I4210160793,1,1,2024,W4391740763,1.0
I141301092,I4391768180,1,1,2024,W4391740763,1.0
I141301092,I99065089,1,1,2024,W4391740763,1.0
I141445968,I145847075,1,1,2024,W4401413802,1.0
I141445968,I146655781,1,1,2024,W4401413802,1.0
I141445968,I47508984,1,1,2024,W4401413802,1.0
I141445968,I94518387,1,1,2024,W4401413802,1.0
I141568987,I180726961,1,1,2024,W4391935121,1.0
I141568987,I19820366,1,1,2024,W4391935121,1.0
I141568987,I25757504,1,1,2024,W4391935121,1.0
I141568987,I4210136793,1,1,2024,W4391935121,1.0
I141568987,I96908189,1,1,2024,W4391935121,1.0
I141568987,I4210086892,2,2,2024,W4392977114;W4400772824,0.5
I141568987,I20231570,1,1,2024,W4396832517,1.0
I141568987,I205274468,1,1,2024,W4396832517,1.0
I141568987,I172675005,1,1,2024,W4401770219,1.0
I141568987,I177725633,1,1,2024,W4402753596,1.0
I141568987,I4210099586,1,1,2024,W4402753596,1.0
I141568987,I4210116924,1,1,2024,W4402753596,1.0
I141584323,I59433898,1,1,2024,W4400418528,1.0
I141591182,I41173762,1,1,2024,W4401069994,1.0
I141591182,I4210147955,1,1,2024,W4401069994,1.0
I141591182,I46080048,1,1,2024,W4401069994,1.0
I141596103,I4210096499,1,1,2024,W4403317622,1.0
I141596103,I83816512,1,1,2024,W4403425554,1.0
I141596103,I4210164862,1,1,2024,W4404481617,1.0
I141596103,I686019,1,1,2024,W4404481617,1.0
I141649914,I157773358,1,1,2024,W4390970420,1.0
I141649914,I19820366,1,1,2024,W4393145111,1.0
I141649914,I4210145761,1,1,2024,W4393145111,1.0
I141649914,I4210120015,1,1,2024,W4400062042,1.0
I141649914,I94624287,1,1,2024,W4400062042,1.0
I141720752,I84884186,1,1,2024,W4402036612,1.0
I141810926,I142444530,1,1,2024,W4399211335,1.0
I141810926,I32971472,1,1,2024,W4399211335,1.0
I141810926,I4210163047,1,1,2024,W4399211335,1.0
I141930137,I150468666,1,1,2024,W4390970405,1.0
I141930137,I154130895,1,1,2024,W4390970405,1.0
I141930137,I154425047,1,1,2024,W4390970405,1.0
I141930137,I200166805,1,1,2024,W4390970405,1.0
I141930137,I23923803,1,1,2024,W4390970405,1.0
I141930137,I2800548410,1,1,2024,W4390970405,1.0
I141930137,I2801418622,1,1,2024,W4390970405,1.0
I141930137,I33213144,1,1,2024,W4390970405,1.0
I141930137,I4210159873,1,1,2024,W4390970405,1.0
I141930137,I62916508,1,1,2024,W4390970405,1.0
I141930137,I63966007,1,1,2024,W4390970405,1.0
I141930137,I97018004,3,3,2024,W4390970405;W4395026179;W4399737726,0.3333333333333333
I141930137,I152815399,2,2,2024,W4395026179;W4399737726,0.5
I141930137,I157582758,2,2,2024,W4395026179;W4399737726,0.5
I141930137,I165932596,2,2,2024,W4395026179;W4399737726,0.5
I141930137,I173093425,2,2,2024,W4395026179;W4399737726,0.5
I141930137,I180670191,2,2,2024,W4395026179;W4399737726,0.5
I141930137,I2251586001,2,2,2024,W4395026179;W4399737726,0.5
I141930137,I2799299286,2,2,2024,W4395026179;W4399737726,0.5
I141930137,I2799333108,2,2,2024,W4395026179;W4399737726,0.5
I141930137,I2803209242,2,2,2024,W4395026179;W4399737726,0.5
I141930137,I3020100970,2,2,2024,W4395026179;W4399737726,0.5
I141930137,I40120149,2,2,2024,W4395026179;W4399737726,0.5
I141930137,I4210105015,2,2,2024,W4395026179;W4399737726,0.5
I141930137,I4210116208,1,1,2024,W4395026179,1.0
I141930137,I4210116917,2,2,2024,W4395026179;W4399737726,0.5
I141930137,I4210126319,2,2,2024,W4395026179;W4399737726,0.5
I141930137,I4210137145,2,2,2024,W4395026179;W4399737726,0.5
I141930137,I4210137306,1,1,2024,W4395026179,1.0
I141930137,I4210146690,1,1,2024,W4395026179,1.0
I141930137,I4210150290,2,2,2024,W4395026179;W4399737726,0.5
I141930137,I4210162189,2,2,2024,W4395026179;W4399737726,0.5
I141930137,I61628605,1,1,2024,W4395026179,1.0
I141945490,I151746483,1,1,2024,W4390828922,1.0
I141945490,I152815399,1,1,2024,W4390828922,1.0
I141945490,I172675005,1,1,2024,W4390828922,1.0
I141945490,I180726961,2,2,2024,W4390828922;W4400447774,0.5
I141945490,I20089843,1,1,2024,W4390828922,1.0
I141945490,I35928602,2,2,2024,W4390828922;W4403297896,0.5
I141945490,I44461941,1,1,2024,W4390828922,1.0
I141945490,I82497590,1,1,2024,W4390828922,1.0
I141945490,I848706,1,1,2024,W4390828922,1.0
I141945490,I155660961,1,1,2024,W4392755271,1.0
I141945490,I183935753,1,1,2024,W4392755271,1.0
I141945490,I194028371,1,1,2024,W4392755271,1.0
I141945490,I2801970007,1,1,2024,W4392755271,1.0
I141945490,I33213144,1,1,2024,W4392755271,1.0
I141945490,I78577930,1,1,2024,W4392755271,1.0
I141945490,I79576946,2,2,2024,W4392755271;W4403990800,0.5
I141945490,I921990950,1,1,2024,W4392755271,1.0
I141945490,I98704320,1,1,2024,W4392755271,1.0
I141945490,I99464096,1,1,2024,W4392755271,1.0
I141945490,I16391192,1,1,2024,W4400582082,1.0
I141945490,I18014758,1,1,2024,W4400582082,1.0
I141945490,I4210099137,1,1,2024,W4400582082,1.0
I141945490,RAW_NVIDIA,1,1,2024,W4400582082,1.0
I141945490,I204722609,1,1,2024,W4403063141,1.0
I141945490,I180857899,1,1,2024,W4403091357,1.0
I141945490,I185261750,1,1,2024,W4403091357,1.0
I141945490,I2803004491,1,1,2024,W4403091357,1.0
I141945490,I4432739,1,1,2024,W4403091357,1.0
I141945490,I160992636,1,1,2024,W4403990800,1.0
I141945490,I188497080,1,1,2024,W4403990800,1.0
I141945490,I4210127509,1,1,2024,W4403990800,1.0
I141945490,I16365422,1,1,2024,W4405303762,1.0
I141962983,I41198531,1,1,2024,W4396817358,1.0
I141962983,I146620803,1,1,2024,W4400493343,1.0
I141962983,I157725225,1,1,2024,W4400493343,1.0
I141962983,I165799507,1,1,2024,W4400493343,1.0
I141962983,I4210158318,1,1,2024,W4400493343,1.0
I141962983,I76130692,1,1,2024,W4400493343,1.0
I141962983,I97018004,1,1,2024,W4400493343,1.0
I141962983,I24943067,1,1,2024,W4400529738,1.0
I141988045,I180949307,1,1,2024,W4405741365,1.0
I141988045,I4210124331,1,1,2024,W4405741365,1.0
I141988045,I91044093,1,1,2024,W4405741365,1.0
I142024983,I53620714,1,1,2024,W4391808470,1.0
I142024983,I85507684,1,1,2024,W4391808470,1.0
I142024983,I28022161,1,1,2024,W4396948360,1.0
I142024983,I33849332,1,1,2024,W4396948360,1.0
I142024983,I68649149,1,1,2024,W4396948360,1.0
I142078773,I19820366,3,3,2024,W4394627652;W4399379055;W4402716100,0.3333333333333333
I142078773,I36399199,1,1,2024,W4394627652,1.0
I142078773,I4210113480,1,1,2024,W4394627652,1.0
I142078773,I4210165038,2,2,2024,W4394627652;W4399379055,0.5
I142078773,I90610280,1,1,2024,W4394627652,1.0
I142078773,I4210090176,1,1,2024,W4399379055,1.0
I142078773,I4210120842,1,1,2024,W4399379055,1.0
I142078773,I889458895,1,1,2024,W4402716100,1.0
I142108993,I150744194,1,1,2024,W4401975604,1.0
I142108993,I20231570,1,1,2024,W4401975604,1.0
I142108993,I223464139,1,1,2024,W4401975604,1.0
I142108993,I99464096,1,1,2024,W4401975604,1.0
I142204992,I160968435,1,1,2024,W4396957946,1.0
I142204992,I207789805,1,1,2024,W4396957946,1.0
I142204992,I45129253,1,1,2024,W4396957946,1.0
I142204992,I76571253,1,1,2024,W4396957946,1.0
I142207940,I161318765,1,1,2024,W4401497789,1.0
I142207940,I4210135521,1,1,2024,W4401497789,1.0
I142207940,I47508984,1,1,2024,W4401497789,1.0
I142263535,I20231570,1,1,2024,W4399310710,1.0
I142263535,I145597306,1,1,2024,W4404764563,1.0
I142263535,I150468666,1,1,2024,W4404764563,1.0
I142263535,I16835326,1,1,2024,W4404764563,1.0
I142263535,I168864056,1,1,2024,W4404764563,1.0
I142263535,I170658231,1,1,2024,W4404764563,1.0
I142263535,I1850255,1,1,2024,W4404764563,1.0
I142263535,I197323543,1,1,2024,W4404764563,1.0
I142263535,I20089843,1,1,2024,W4404764563,1.0
I142263535,I202697423,1,1,2024,W4404764563,1.0
I142263535,I204337017,1,1,2024,W4404764563,1.0
I142263535,I2184545,1,1,2024,W4404764563,1.0
I142263535,I241749,1,1,2024,W4404764563,1.0
I142263535,I27804330,1,1,2024,W4404764563,1.0
I142263535,I2802640592,1,1,2024,W4404764563,1.0
I142263535,I32597200,1,1,2024,W4404764563,1.0
I142263535,I32971472,1,1,2024,W4404764563,1.0
I142263535,I36234482,1,1,2024,W4404764563,1.0
I142263535,I40120149,1,1,2024,W4404764563,1.0
I142263535,I4210094062,1,1,2024,W4404764563,1.0
I142263535,I4210098931,1,1,2024,W4404764563,1.0
I142263535,I4210126907,1,1,2024,W4404764563,1.0
I142263535,I4210128584,1,1,2024,W4404764563,1.0
I142263535,I4210130445,1,1,2024,W4404764563,1.0
I142263535,I4210134158,1,1,2024,W4404764563,1.0
I142263535,I4210134550,1,1,2024,W4404764563,1.0
I142263535,I4210143801,1,1,2024,W4404764563,1.0
I142263535,I4210144746,1,1,2024,W4404764563,1.0
I142263535,I4210157294,1,1,2024,W4404764563,1.0
I142263535,I4210158500,1,1,2024,W4404764563,1.0
I142263535,I4387152376,1,1,2024,W4404764563,1.0
I142263535,I44260953,1,1,2024,W4404764563,1.0
I142263535,I45129253,1,1,2024,W4404764563,1.0
I142263535,I57206974,1,1,2024,W4404764563,1.0
I142263535,I62916508,1,1,2024,W4404764563,1.0
I142263535,I63966007,1,1,2024,W4404764563,1.0
I142263535,I78757542,1,1,2024,W4404764563,1.0
I142263535,I79576946,1,1,2024,W4404764563,1.0
I142263535,I8087733,1,1,2024,W4404764563,1.0
I142263535,I8204097,1,1,2024,W4404764563,1.0
I142263535,I91727514,1,1,2024,W4404764563,1.0
I142263535,I97565354,1,1,2024,W4404764563,1.0
I142263535,I98677209,1,1,2024,W4404764563,1.0
I142415962,I16365422,1,1,2024,W4404914624,1.0
I14243506,I181326427,2,2,2024,W4390563409;W4392612897,0.5
I14243506,I188935350,1,1,2024,W4390563409,1.0
I14243506,I70908550,1,1,2024,W4390563409,1.0
I14243506,I150744194,1,1,2024,W4392384703,1.0
I14243506,I172675005,6,6,2024,W4392543779;W4393763811;W4401110399;W4402392501;W4402727642;W4403938642,0.16666666666666666
I14243506,I204983213,5,5,2024,W4392543779;W4393763811;W4400146581;W4402727642;W4403841616,0.2
I14243506,I4210116924,2,2,2024,W4392543779;W4393763811,0.5
I14243506,I76130692,5,5,2024,W4392543779;W4396758918;W4402727558;W4403938642;W4405612257,0.2
I14243506,I154130895,1,1,2024,W4392612897,1.0
I14243506,I157773358,5,5,2024,W4392984569;W4393105094;W4396605652;W4402727270;W4405612257,0.2
I14243506,I191208505,1,1,2024,W4393105094,1.0
I14243506,I4210136793,1,1,2024,W4393105094,1.0
I14243506,I150468666,1,1,2024,W4393277515,1.0
I14243506,I87216513,2,2,2024,W4393277515;W4394994587,0.5
I14243506,I98301712,2,2,2024,W4393277515;W4401857375,0.5
I14243506,I177725633,1,1,2024,W4393763811,1.0
I14243506,I177877127,1,1,2024,W4394969094,1.0
I14243506,I188329596,1,1,2024,W4394969094,1.0
I14243506,I31746571,1,1,2024,W4394969094,1.0
I14243506,I168719708,2,2,2024,W4394994587;W4401656479,0.5
I14243506,I170215575,1,1,2024,W4394994587,1.0
I14243506,I231293419,1,1,2024,W4396758918,1.0
I14243506,I4400573310,1,1,2024,W4396758918,1.0
I14243506,I187400657,1,1,2024,W4399120818,1.0
I14243506,I201537933,1,1,2024,W4399120818,1.0
I14243506,I20231570,1,1,2024,W4399120818,1.0
I14243506,I4394709157,1,1,2024,W4399120818,1.0
I14243506,I182722699,1,1,2024,W4399324078,1.0
I14243506,I165932596,4,4,2024,W4400531852;W4401857375;W4402392501;W4402727642,0.25
I14243506,I56590836,2,2,2024,W4400531852;W4402665833,0.5
I14243506,I889458895,1,1,2024,W4400531852,1.0
I14243506,I36399199,1,1,2024,W4401656479,1.0
I14243506,I4210131537,1,1,2024,W4401945042,1.0
I14243506,I4210131919,1,1,2024,W4401945042,1.0
I14243506,I157485424,1,1,2024,W4402265709,1.0
I14243506,I4210162190,1,1,2024,W4402289032,1.0
I14243506,I204512498,1,1,2024,W4402335868,1.0
I14243506,I204831749,1,1,2024,W4402335868,1.0
I14243506,I47720641,1,1,2024,W4402665833,1.0
I14243506,I79891267,1,1,2024,W4402665833,1.0
I14243506,I82880672,1,1,2024,W4402665833,1.0
I14243506,I165488957,1,1,2024,W4402727270,1.0
I14243506,I66867065,1,1,2024,W4402727270,1.0
I14243506,I4210164937,1,1,2024,W4402727558,1.0
I14243506,I200769079,2,2,2024,W4403070039;W4405612257,0.5
I14243506,I87445476,1,1,2024,W4403070039,1.0
I14243506,I4210088567,1,1,2024,W4403775576,1.0
I14243506,I149594827,1,1,2024,W4403938642,1.0
I14243506,I180726961,1,1,2024,W4403938642,1.0
I14243506,I205640436,1,1,2024,W4403977290,1.0
I14243506,I2799714274,1,1,2024,W4403977290,1.0
I14243506,I4210152878,1,1,2024,W4403977290,1.0
I14243506,I4391012619,1,1,2024,W4403977290,1.0
I14243506,I28407311,1,1,2024,W4405257814,1.0
I14243506,I40963666,1,1,2024,W4405257814,1.0
I14243506,I158708052,1,1,2024,W4405494298,1.0
I14243506,I28777354,1,1,2024,W4405494298,1.0
I14243506,I55913730,1,1,2024,W4405494298,1.0
I14243506,I168879160,1,1,2024,W4405612257,1.0
I14243506,I183067930,1,1,2024,W4405612257,1.0
I14243506,I210716285,1,1,2024,W4405612257,1.0
I14243506,I3133055985,1,1,2024,W4405612257,1.0
I142444530,I177909021,1,1,2024,W4391377263,1.0
I142444530,I17974374,1,1,2024,W4391377263,1.0
I142444530,I204881574,1,1,2024,W4391377263,1.0
I142444530,I83019370,1,1,2024,W4391377263,1.0
I142444530,I879563668,1,1,2024,W4391377263,1.0
I142444530,I2802730090,1,1,2024,W4395050972,1.0
I142444530,I32971472,2,2,2024,W4395050972;W4399211335,0.5
I142444530,I4210163047,1,1,2024,W4399211335,1.0
I14245010,I169109204,1,1,2024,W4405566537,1.0
I142476485,I193662353,1,1,2024,W4390947766,1.0
I142476485,I205092303,1,1,2024,W4390947766,1.0
I142476485,I4210137396,1,1,2024,W4390947766,1.0
I142476485,I84009706,1,1,2024,W4390947766,1.0
I142476485,I195460627,1,1,2024,W4402716161,1.0
I142476485,I4210139461,1,1,2024,W4402716161,1.0
I142476485,I4210165912,1,1,2024,W4402716161,1.0
I142606810,I4210119109,1,1,2024,W4403513981,1.0
I142606810,I52669646,1,1,2024,W4403513981,1.0
I142617266,I28710699,1,1,2024,W4398182557,1.0
I142617266,I8901234,1,1,2024,W4398182557,1.0
I142617266,I154338468,1,1,2024,W4398243240,1.0
I142617266,I185261750,1,1,2024,W4398243240,1.0
I142617266,I2972652528,1,1,2024,W4398243240,1.0
I142617266,I3125347698,1,1,2024,W4398243240,1.0
I142617266,I4210121775,1,1,2024,W4398243240,1.0
I142617266,I4210166741,1,1,2024,W4398243240,1.0
I142617266,I62318514,1,1,2024,W4398243240,1.0
I142617266,I99682543,1,1,2024,W4398243240,1.0
I142631665,I2746051580,1,1,2024,W4403636136,1.0
I142631665,I29607241,1,1,2024,W4403636136,1.0
I142631665,I4210152518,1,1,2024,W4403636136,1.0
I142631665,I4210154111,1,1,2024,W4403636136,1.0
I142740786,I181391015,1,1,2024,W4392764290,1.0
I142740786,I1850255,1,1,2024,W4392764290,1.0
I142740786,I4210095520,1,1,2024,W4392764290,1.0
I142879360,I2801317318,1,1,2024,W4400098873,1.0
I142879360,I4210137306,1,1,2024,W4400098873,1.0
I142879360,I4210141030,1,1,2024,W4400098873,1.0
I142879360,I4210147079,1,1,2024,W4400098873,1.0
I142879360,I97018004,1,1,2024,W4400098873,1.0
I142974352,I200769079,1,1,2024,W4399665712,1.0
I142974352,I76569877,1,1,2024,W4399665712,1.0
I143002897,I4210114274,1,1,2024,W4392904968,1.0
I143288331,I176453806,1,1,2024,W4399667220,1.0
I143288331,I4210089242,1,1,2024,W4399667220,1.0
I143288331,I44260953,1,1,2024,W4399667220,1.0
I143302722,I25010766,1,1,2024,W4399248247,1.0
I143302722,I4387153143,1,1,2024,W4399248247,1.0
I143302722,I50627504,1,1,2024,W4399248247,1.0
I143302722,I74796645,2,2,2024,W4399248247;W4400070936,0.5
I143302722,I75357094,1,1,2024,W4399248247,1.0
I143302722,I165932596,1,1,2024,W4400070936,1.0
I143302722,I172675005,1,1,2024,W4400070936,1.0
I143302722,I251738,1,1,2024,W4400070936,1.0
I143302722,I4210113480,1,1,2024,W4400070936,1.0
I143302722,I67031392,1,1,2024,W4400070936,1.0
I143302722,I67357951,1,1,2024,W4400070936,1.0
I143302722,I164936912,1,1,2024,W4402691957,1.0
I143302722,I170164250,1,1,2024,W4402691957,1.0
I143302722,I250520410,1,1,2024,W4402691957,1.0
I143302722,I82495205,1,1,2024,W4402691957,1.0
I143593769,I183935753,1,1,2024,W4391578784,1.0
I143593769,I183067930,1,1,2024,W4392748121,1.0
I143593769,I4210100255,1,1,2024,W4392748121,1.0
I143593769,I4391012619,1,1,2024,W4392748121,1.0
I143593769,I3133055985,1,1,2024,W4394589826,1.0
I143593769,I4210131712,1,1,2024,W4394589826,1.0
I143593769,I24943067,1,1,2024,W4395003782,1.0
I143804889,I151746483,1,1,2024,W4400184706,1.0
I143804889,I26415053,1,1,2024,W4400184706,1.0
I143804889,I45129253,1,1,2024,W4400184706,1.0
I143804889,I79619799,1,1,2024,W4400184706,1.0
I143868143,I19820366,2,2,2024,W4390905041;W4393234434,0.5
I143868143,I4210112150,2,2,2024,W4390905041;W4393234434,0.5
I143868143,I151746483,1,1,2024,W4393234434,1.0
I143868143,I172675005,1,1,2024,W4393234434,1.0
I143868143,I150229711,1,1,2024,W4396893400,1.0
I143868143,I16365422,1,1,2024,W4396893400,1.0
I143868143,I74801974,1,1,2024,W4396893400,1.0
I143868143,I28777354,1,1,2024,W4404563606,1.0
I143914637,I162720556,1,1,2024,W4393870488,1.0
I143923087,I193260172,1,1,2024,W4393305381,1.0
I143923087,I2799651553,1,1,2024,W4393305381,1.0
I143923087,I29891158,1,1,2024,W4393305381,1.0
I143923087,I54459138,1,1,2024,W4393305381,1.0
I143923087,I148158369,1,1,2024,W4401065614,1.0
I143923087,I65079550,1,1,2024,W4401065614,1.0
I143923087,I181085462,1,1,2024,W4403656932,1.0
I143923087,I4210103989,1,1,2024,W4403656932,1.0
I14396692,I161296585,1,1,2024,W4404515436,1.0
I14396692,I74801974,1,1,2024,W4404515436,1.0
I144112489,I4210092658,1,1,2024,W4390571036,1.0
I144112489,I4210104429,1,1,2024,W4390571036,1.0
I144112489,I4210158702,1,1,2024,W4390571036,1.0
I144112489,I5124864,1,1,2024,W4390571036,1.0
I144112489,I63966007,1,1,2024,W4390571036,1.0
I144648426,I181046868,1,1,2024,W4403968870,1.0
I144648426,I204778367,1,1,2024,W4403968870,1.0
I144648426,I4210096312,1,1,2024,W4403968870,1.0
I145311948,I165733156,1,1,2024,W4390490761,1.0
I145311948,I183067930,3,3,2024,W4390490761;W4390577395;W4404480093,0.3333333333333333
I145311948,I4210090176,1,1,2024,W4390490761,1.0
I145311948,I47251452,1,1,2024,W4390490761,1.0
I145311948,I98301712,1,1,2024,W4390490761,1.0
I145311948,I157773358,1,1,2024,W4390577395,1.0
I145311948,I172675005,1,1,2024,W4390577395,1.0
I145311948,I177725633,1,1,2024,W4390577395,1.0
I145311948,I2251586001,1,1,2024,W4390577395,1.0
I145311948,I2799299286,1,1,2024,W4390577395,1.0
I145311948,I2799853436,5,5,2024,W4390577395;W4393397034;W4400446121;W4402814550;W4404906917,0.2
I145311948,I33849332,1,1,2024,W4390577395,1.0
I145311948,I4210100255,1,1,2024,W4390577395,1.0
I145311948,I4210106442,1,1,2024,W4390577395,1.0
I145311948,I4210116869,1,1,2024,W4390577395,1.0
I145311948,I4210116917,1,1,2024,W4390577395,1.0
I145311948,I4210124134,1,1,2024,W4390577395,1.0
I145311948,I4210128921,1,1,2024,W4390577395,1.0
I145311948,I4210144482,1,1,2024,W4390577395,1.0
I145311948,I4210153550,1,1,2024,W4390577395,1.0
I145311948,I47508984,1,1,2024,W4390577395,1.0
I145311948,I99065089,1,1,2024,W4390577395,1.0
I145311948,I2802946424,1,1,2024,W4391986699,1.0
I145311948,I926137907,1,1,2024,W4391986699,1.0
I145311948,I150209017,1,1,2024,W4391994222,1.0
I145311948,I4210105015,1,1,2024,W4391994222,1.0
I145311948,I4210114444,1,1,2024,W4391994222,1.0
I145311948,I4210127121,1,1,2024,W4391994222,1.0
I145311948,I4210139617,1,1,2024,W4391994222,1.0
I145311948,I97018004,3,3,2024,W4391994222;W4393397034;W4402996603,0.3333333333333333
I145311948,I32971472,1,1,2024,W4392633891,1.0
I145311948,I204866599,1,1,2024,W4393397034,1.0
I145311948,I4210103836,1,1,2024,W4393397034,1.0
I145311948,I57206974,1,1,2024,W4393397034,1.0
I145311948,I59553526,1,1,2024,W4393397034,1.0
I145311948,I79576946,1,1,2024,W4393397034,1.0
I145311948,I16733864,1,1,2024,W4394862910,1.0
I145311948,I4210098776,1,1,2024,W4394862910,1.0
I145311948,I4210099336,1,1,2024,W4394862910,1.0
I145311948,I60134161,1,1,2024,W4394862910,1.0
I145311948,I4210153468,1,1,2024,W4396832250,1.0
I145311948,I4210126375,1,1,2024,W4400446121,1.0
I145311948,I170897317,1,1,2024,W4402264152,1.0
I145311948,I160992636,1,1,2024,W4402703034,1.0
I145311948,I185261750,1,1,2024,W4402728164,1.0
I145311948,I47720641,1,1,2024,W4402776403,1.0
I145311948,I153297377,1,1,2024,W4402814550,1.0
I145311948,I2800138454,1,1,2024,W4402814550,1.0
I145311948,I2800468613,1,1,2024,W4402814550,1.0
I145311948,I2802882910,1,1,2024,W4402814550,1.0
I145311948,I4210125713,1,1,2024,W4402814550,1.0
I145311948,I4210132242,1,1,2024,W4402814550,1.0
I145311948,I4210135252,1,1,2024,W4402814550,1.0
I145311948,I63190737,1,1,2024,W4402814550,1.0
I145311948,I901861585,1,1,2024,W4402814550,1.0
I145311948,I157725225,1,1,2024,W4402985132,1.0
I145311948,I161318765,1,1,2024,W4402985132,1.0
I145311948,I16269868,1,1,2024,W4402985132,1.0
I145311948,I27837315,1,1,2024,W4402985132,1.0
I145311948,I4391012619,2,2,2024,W4402985132;W4404480093,0.5
I145311948,I74775410,1,1,2024,W4402985132,1.0
I145311948,I74973139,1,1,2024,W4402985132,1.0
I145311948,I80626142,2,2,2024,W4402985132;W4404480093,0.5
I145311948,I223532165,1,1,2024,W4403984627,1.0
I145311948,I27804330,1,1,2024,W4404480093,1.0
I145311948,I6059380,1,1,2024,W4404769982,1.0
I145311948,I4210102840,1,1,2024,W4404906917,1.0
I145311948,I889458895,1,1,2024,W4404906917,1.0
I145597306,I150468666,1,1,2024,W4404764563,1.0
I145597306,I16835326,1,1,2024,W4404764563,1.0
I145597306,I168864056,1,1,2024,W4404764563,1.0
I145597306,I170658231,1,1,2024,W4404764563,1.0
I145597306,I1850255,1,1,2024,W4404764563,1.0
I145597306,I197323543,1,1,2024,W4404764563,1.0
I145597306,I20089843,1,1,2024,W4404764563,1.0
I145597306,I202697423,1,1,2024,W4404764563,1.0
I145597306,I204337017,1,1,2024,W4404764563,1.0
I145597306,I2184545,1,1,2024,W4404764563,1.0
I145597306,I241749,1,1,2024,W4404764563,1.0
I145597306,I27804330,1,1,2024,W4404764563,1.0
I145597306,I2802640592,1,1,2024,W4404764563,1.0
I145597306,I32597200,1,1,2024,W4404764563,1.0
I145597306,I32971472,1,1,2024,W4404764563,1.0
I145597306,I36234482,1,1,2024,W4404764563,1.0
I145597306,I40120149,1,1,2024,W4404764563,1.0
I145597306,I4210094062,1,1,2024,W4404764563,1.0
I145597306,I4210098931,1,1,2024,W4404764563,1.0
I145597306,I4210126907,1,1,2024,W4404764563,1.0
I145597306,I4210128584,1,1,2024,W4404764563,1.0
I145597306,I4210130445,1,1,2024,W4404764563,1.0
I145597306,I4210134158,1,1,2024,W4404764563,1.0
I145597306,I4210134550,1,1,2024,W4404764563,1.0
I145597306,I4210143801,1,1,2024,W4404764563,1.0
I145597306,I4210144746,1,1,2024,W4404764563,1.0
I145597306,I4210157294,1,1,2024,W4404764563,1.0
I145597306,I4210158500,1,1,2024,W4404764563,1.0
I145597306,I4387152376,1,1,2024,W4404764563,1.0
I145597306,I44260953,1,1,2024,W4404764563,1.0
I145597306,I45129253,1,1,2024,W4404764563,1.0
I145597306,I57206974,1,1,2024,W4404764563,1.0
I145597306,I62916508,1,1,2024,W4404764563,1.0
I145597306,I63966007,1,1,2024,W4404764563,1.0
I145597306,I78757542,1,1,2024,W4404764563,1.0
I145597306,I79576946,1,1,2024,W4404764563,1.0
I145597306,I8087733,1,1,2024,W4404764563,1.0
I145597306,I8204097,1,1,2024,W4404764563,1.0
I145597306,I91727514,1,1,2024,W4404764563,1.0
I145597306,I97565354,1,1,2024,W4404764563,1.0
I145597306,I98677209,1,1,2024,W4404764563,1.0
I145608581,I149218525,1,1,2024,W4392630848,1.0
I145608581,I27804330,1,1,2024,W4392630848,1.0
I145608581,I32971472,1,1,2024,W4392630848,1.0
I145608581,I66514158,1,1,2024,W4392630848,1.0
I145673806,I42405503,1,1,2024,W4404523737,1.0
I145673806,I96636082,1,1,2024,W4404523737,1.0
I145847075,I183067930,1,1,2024,W4396561228,1.0
I145847075,I200296433,1,1,2024,W4396561228,1.0
I145847075,I4210120929,1,1,2024,W4396561228,1.0
I145847075,I4210126592,1,1,2024,W4396561228,1.0
I145847075,I4210135742,1,1,2024,W4396561228,1.0
I145847075,I58200834,1,1,2024,W4396561228,1.0
I145847075,I146655781,1,1,2024,W4401413802,1.0
I145847075,I47508984,1,1,2024,W4401413802,1.0
I145847075,I94518387,1,1,2024,W4401413802,1.0
I145847075,I891191580,1,1,2024,W4405740130,1.0
I145872427,I2802934949,3,3,2024,W4390880024;W4396510754;W4402441766,0.3333333333333333
I145872427,I4210089303,1,1,2024,W4390880024,1.0
I145872427,I4210109357,2,2,2024,W4390880024;W4402441766,0.5
I145872427,I4210135670,1,1,2024,W4392487838,1.0
I145872427,I887064364,1,1,2024,W4392487838,1.0
I145872427,I4210095212,1,1,2024,W4396510754,1.0
I145872427,I57201433,1,1,2024,W4396510754,1.0
I145894827,I71052956,1,1,2024,W4395063502,1.0
I145894827,I9360294,1,1,2024,W4395063502,1.0
I145894827,I27837315,1,1,2024,W4395064833,1.0
I145894827,I4210111179,1,1,2024,W4395064833,1.0
I145894827,I4210136150,1,1,2024,W4395064833,1.0
I145894827,I181514455,1,1,2024,W4402976435,1.0
I146071755,I146613903,1,1,2024,W4403904079,1.0
I146071755,I181679659,1,1,2024,W4403904079,1.0
I146071755,I255234318,1,1,2024,W4403904079,1.0
I146071755,I49185572,1,1,2024,W4403904079,1.0
I146087005,I185261750,1,1,2024,W4401880391,1.0
I146087005,I2135383,1,1,2024,W4401880391,1.0
I146367977,I15873915,1,1,2024,W4401898127,1.0
I146367977,I160993911,1,1,2024,W4401898127,1.0
I146367977,I171256487,1,1,2024,W4401898127,1.0
I146367977,I191420491,1,1,2024,W4401898127,1.0
I146367977,I4387156470,1,1,2024,W4401898127,1.0
I146367977,I4401041618,1,1,2024,W4401898127,1.0
I146367977,I91633459,1,1,2024,W4401898127,1.0
I146367977,I48714440,1,1,2024,W4404083992,1.0
I146416000,I150468666,1,1,2024,W4391790090,1.0
I146416000,I51556381,1,1,2024,W4391790090,1.0
I146496621,I197347611,1,1,2024,W4391011766,1.0
I146500386,I91947458,1,1,2024,W4392621058,1.0
I146500386,I159385669,2,2,2024,W4392702964;W4396831262,0.5
I146500386,I4210109338,3,3,2024,W4392702964;W4396746469;W4396831262,0.3333333333333333
I146500386,I79072001,1,1,2024,W4396831262,1.0
I146613903,I181679659,1,1,2024,W4403904079,1.0
I146613903,I255234318,1,1,2024,W4403904079,1.0
I146613903,I49185572,1,1,2024,W4403904079,1.0
I146620803,I157725225,1,1,2024,W4400493343,1.0
I146620803,I165799507,1,1,2024,W4400493343,1.0
I146620803,I4210158318,1,1,2024,W4400493343,1.0
I146620803,I76130692,1,1,2024,W4400493343,1.0
I146620803,I97018004,1,1,2024,W4400493343,1.0
I146620803,I34574549,1,1,2024,W4401515033,1.0
I146620803,I66867065,1,1,2024,W4401515033,1.0
I146620803,I4210153668,1,1,2024,W4403084628,1.0
I146620803,I49645291,1,1,2024,W4403084628,1.0
I146620803,I4210123185,1,1,2024,W4405865448,1.0
I146620803,I881766915,1,1,2024,W4405865448,1.0
I146655781,I180519160,1,1,2024,W4393239266,1.0
I146655781,I193531525,1,1,2024,W4393239266,1.0
I146655781,I204205638,1,1,2024,W4393239266,1.0
I146655781,I31746571,1,1,2024,W4393239266,1.0
I146655781,I5023651,1,1,2024,W4393239266,1.0
I146655781,I913958620,1,1,2024,W4393239266,1.0
I146655781,I172675005,1,1,2024,W4393864550,1.0
I146655781,I200769079,1,1,2024,W4393864550,1.0
I146655781,I848706,1,1,2024,W4393864550,1.0
I146655781,I28407311,1,1,2024,W4399750638,1.0
I146655781,I4210155350,1,1,2024,W4399750638,1.0
I146655781,I899635006,1,1,2024,W4399750638,1.0
I146655781,I99464096,1,1,2024,W4399750638,1.0
I146655781,I69356397,1,1,2024,W4401171937,1.0
I146655781,I81365321,1,1,2024,W4401171937,1.0
I146655781,I47508984,1,1,2024,W4401413802,1.0
I146655781,I94518387,1,1,2024,W4401413802,1.0
I146655781,I205274468,1,1,2024,W4403863507,1.0
I146655781,I28615091,1,1,2024,W4403863507,1.0
I146655781,I40542001,1,1,2024,W4403863507,1.0
I146655781,I4921948,1,1,2024,W4403863507,1.0
I146824383,I4210113495,1,1,2024,W4392863142,1.0
I146977602,I84524832,1,1,2024,W4403708960,1.0
I148099254,I152031979,1,1,2024,W4391062409,1.0
I148099254,I153512688,1,1,2024,W4391062409,1.0
I148099405,I87445476,1,1,2024,W4403626180,1.0
I148128674,I150229711,1,1,2024,W4402774696,1.0
I148128674,I28290843,1,1,2024,W4402774696,1.0
I148158369,I65079550,1,1,2024,W4401065614,1.0
I148283060,I157582758,1,1,2024,W4391387740,1.0
I148283060,I175234967,1,1,2024,W4391387740,1.0
I148283060,I177877127,1,1,2024,W4391387740,1.0
I148283060,I205640436,1,1,2024,W4391387740,1.0
I148283060,I2800419323,1,1,2024,W4391387740,1.0
I148283060,I2801351171,1,1,2024,W4391387740,1.0
I148283060,I4210115256,1,1,2024,W4391387740,1.0
I148283060,I4387155440,1,1,2024,W4391387740,1.0
I148283060,I51713134,1,1,2024,W4391387740,1.0
I148283060,I4210151627,1,1,2024,W4391449390,1.0
I148283060,I95457486,3,3,2024,W4391449390;W4391836235;W4398183095,0.3333333333333333
I148283060,I27837315,1,1,2024,W4398183095,1.0
I148283060,I2800156163,1,1,2024,W4398183095,1.0
I148283060,I2801081054,1,1,2024,W4398183095,1.0
I148283060,I2801851002,1,1,2024,W4398183095,1.0
I148283060,I4210119109,1,1,2024,W4398183095,1.0
I148283060,I4400600948,1,1,2024,W4398183095,1.0
I148283060,I62916508,1,1,2024,W4398183095,1.0
I148283060,I63966007,1,1,2024,W4398183095,1.0
I148283060,I74973139,1,1,2024,W4398183095,1.0
I148283060,I78577930,1,1,2024,W4398183095,1.0
I148283060,I79576946,1,1,2024,W4398183095,1.0
I148283060,I86519309,1,1,2024,W4398183095,1.0
I148283060,I97018004,1,1,2024,W4398183095,1.0
I148283060,I188538660,1,1,2024,W4399922932,1.0
I148283060,I20089843,1,1,2024,W4399922932,1.0
I148283060,I204730241,1,1,2024,W4399922932,1.0
I148283060,I241749,1,1,2024,W4399922932,1.0
I148283060,I2738703131,1,1,2024,W4399922932,1.0
I148283060,I277688954,1,1,2024,W4399922932,1.0
I148283060,I4210086977,1,1,2024,W4399922932,1.0
I148283060,I4210128565,1,1,2024,W4399922932,1.0
I148283060,I4210153546,1,1,2024,W4399922932,1.0
I148283060,I4387153999,1,1,2024,W4399922932,1.0
I148283060,I57206974,1,1,2024,W4399922932,1.0
I148366613,I152743029,1,1,2024,W4392164233,1.0
I148366613,I184693016,1,1,2024,W4392164233,1.0
I148366613,I2803004286,1,1,2024,W4392164233,1.0
I148366613,I4210091201,1,1,2024,W4392164233,1.0
I148366613,I4210093006,1,1,2024,W4392164233,1.0
I148366613,I4210093821,1,1,2024,W4392164233,1.0
I148366613,I4210097658,1,1,2024,W4392164233,1.0
I148366613,I4210126829,1,1,2024,W4392164233,1.0
I148366613,I4210136334,1,1,2024,W4392164233,1.0
I148366613,I4210152230,1,1,2024,W4392164233,1.0
I148366613,I4210162359,1,1,2024,W4392164233,1.0
I148366613,I64723972,1,1,2024,W4392164233,1.0
I148366613,I68171755,1,1,2024,W4392164233,1.0
I148366613,I98298690,1,1,2024,W4392164233,1.0
I148366613,I16733864,1,1,2024,W4402753737,1.0
I148366613,I194450716,1,1,2024,W4402753737,1.0
I148366613,I4210136497,1,1,2024,W4402753737,1.0
I148366613,I59460038,1,1,2024,W4403692901,1.0
I148366613,I75430998,1,1,2024,W4403692901,1.0
I148366613,I877107187,1,1,2024,W4403692901,1.0
I14894300,I90610280,1,1,2024,W4392878547,1.0
I14916453,I16295237,1,1,2024,W4405022378,1.0
I14916453,I24185976,1,1,2024,W4405022378,1.0
I14916453,I2800091995,1,1,2024,W4405022378,1.0
I14916453,I58956616,1,1,2024,W4405022378,1.0
I149218525,I27804330,1,1,2024,W4392630848,1.0
I149218525,I32971472,1,1,2024,W4392630848,1.0
I149218525,I66514158,2,2,2024,W4392630848;W4406458045,0.5
I149218525,I16391192,1,1,2024,W4404228387,1.0
I149218525,I180670191,1,1,2024,W4404228387,1.0
I149218525,I200207707,1,1,2024,W4404228387,1.0
I149218525,I2800098698,1,1,2024,W4404228387,1.0
I149218525,I4210096780,1,1,2024,W4404228387,1.0
I149218525,I4210102047,1,1,2024,W4404228387,1.0
I149218525,I4210106256,1,1,2024,W4404228387,1.0
I149218525,I4210137384,1,1,2024,W4404228387,1.0
I149218525,I45542416,1,1,2024,W4405109555,1.0
I149251103,I871049931,1,1,2024,W4391045702,1.0
I149313025,I4210146682,1,1,2024,W4403076929,1.0
I149594827,I16609230,2,2,2024,W4399154557;W4402674165,0.5
I149594827,I202334528,1,1,2024,W4399206013,1.0
I149594827,I87445476,1,1,2024,W4402124974,1.0
I149594827,I2801798921,1,1,2024,W4402674165,1.0
I149594827,I4210148560,1,1,2024,W4402674165,1.0
I149594827,I56934997,1,1,2024,W4402674165,1.0
I149594827,I172675005,2,2,2024,W4403792379;W4403938642,0.5
I149594827,I180726961,1,1,2024,W4403938642,1.0
I149594827,I76130692,1,1,2024,W4403938642,1.0
I149594827,I4210100278,1,1,2024,W4404520795,1.0
I149594827,I150229711,1,1,2024,W4404627796,1.0
I149594827,I151746483,1,1,2024,W4404627796,1.0
I149594827,I168719708,1,1,2024,W4404856308,1.0
I149594827,I177725633,1,1,2024,W4404856308,1.0
I149594827,I19820366,1,1,2024,W4404856308,1.0
I149594827,I204983213,1,1,2024,W4404856308,1.0
I149594827,I4210105229,1,1,2024,W4404856308,1.0
I149594827,I4210128910,1,1,2024,W4404856308,1.0
I149594827,I4210137146,1,1,2024,W4404856308,1.0
I149704539,I193775966,1,1,2024,W4392902679,1.0
I149704539,I98381234,1,1,2024,W4392902679,1.0
I149704539,I4210120242,1,1,2024,W4394949392,1.0
I149704539,I86467917,1,1,2024,W4394949392,1.0
I149704539,I56590836,1,1,2024,W4399203757,1.0
I149704539,I74653059,1,1,2024,W4400659622,1.0
I149899117,I170658231,1,1,2024,W4391564343,1.0
I149899117,I205023500,1,1,2024,W4391564343,1.0
I149899117,I40347166,1,1,2024,W4391564343,1.0
I149899117,I4210136328,1,1,2024,W4391564343,1.0
I149899117,I4210144755,1,1,2024,W4391564343,1.0
I149899117,I913958620,1,1,2024,W4391564343,1.0
I150209017,I4210105015,1,1,2024,W4391994222,1.0
I150209017,I4210114444,1,1,2024,W4391994222,1.0
I150209017,I4210127121,1,1,2024,W4391994222,1.0
I150209017,I4210139617,1,1,2024,W4391994222,1.0
I150209017,I97018004,1,1,2024,W4391994222,1.0
I150229711,I31683504,1,1,2024,W4391287688,1.0
I150229711,I79891267,1,1,2024,W4391287688,1.0
I150229711,I158842170,1,1,2024,W4392001696,1.0
I150229711,I194450716,1,1,2024,W4392001696,1.0
I150229711,I204512498,1,1,2024,W4392001696,1.0
I150229711,I6469544,1,1,2024,W4392001696,1.0
I150229711,I200769079,2,2,2024,W4392645473;W4400118952,0.5
I150229711,I24185976,2,2,2024,W4392645473;W4404722383,0.5
I150229711,I4401726805,3,3,2024,W4392645473;W4402753965;W4404722383,0.3333333333333333
I150229711,I19894307,1,1,2024,W4395056684,1.0
I150229711,I4210101743,1,1,2024,W4395056684,1.0
I150229711,I152815399,2,2,2024,W4396817538;W4403770717,0.5
I150229711,I172675005,1,1,2024,W4396817538,1.0
I150229711,I21193070,1,1,2024,W4396817538,1.0
I150229711,I848706,1,1,2024,W4396817538,1.0
I150229711,I881766915,1,1,2024,W4396817538,1.0
I150229711,I16365422,1,1,2024,W4396893400,1.0
I150229711,I74801974,1,1,2024,W4396893400,1.0
I150229711,I4210136793,1,1,2024,W4399347896,1.0
I150229711,I4800084,4,4,2024,W4399680845;W4402703070;W4402753965;W4404722383,0.25
I150229711,I74413500,1,1,2024,W4399680845,1.0
I150229711,I96749437,1,1,2024,W4399680845,1.0
I150229711,I155781252,1,1,2024,W4400061043,1.0
I150229711,I17747738,1,1,2024,W4400061043,1.0
I150229711,I19820366,1,1,2024,W4400061043,1.0
I150229711,I20231570,1,1,2024,W4400061043,1.0
I150229711,I4210112820,1,1,2024,W4400061043,1.0
I150229711,I4210123686,1,1,2024,W4400061043,1.0
I150229711,I4210100255,1,1,2024,W4400118952,1.0
I150229711,I99065089,1,1,2024,W4402262438,1.0
I150229711,I165733156,1,1,2024,W4402701904,1.0
I150229711,I17145004,1,1,2024,W4402701904,1.0
I150229711,I30809798,1,1,2024,W4402701904,1.0
I150229711,I4210135459,1,1,2024,W4402701904,1.0
I150229711,I4210157781,1,1,2024,W4402701904,1.0
I150229711,I4210120419,1,1,2024,W4402703070,1.0
I150229711,I4210109870,1,1,2024,W4402753965,1.0
I150229711,I3133055985,1,1,2024,W4402754083,1.0
I150229711,I76130692,1,1,2024,W4402754083,1.0
I150229711,I28290843,1,1,2024,W4402774696,1.0
I150229711,I56590836,1,1,2024,W4403770717,1.0
I150229711,I67415387,1,1,2024,W4403770717,1.0
I150229711,I151746483,1,1,2024,W4404627796,1.0
I150229711,I183067930,1,1,2024,W4404722383,1.0
I150468666,I154130895,1,1,2024,W4390970405,1.0
I150468666,I154425047,1,1,2024,W4390970405,1.0
I150468666,I200166805,1,1,2024,W4390970405,1.0
I150468666,I23923803,1,1,2024,W4390970405,1.0
I150468666,I2800548410,1,1,2024,W4390970405,1.0
I150468666,I2801418622,1,1,2024,W4390970405,1.0
I150468666,I33213144,1,1,2024,W4390970405,1.0
I150468666,I4210159873,1,1,2024,W4390970405,1.0
I150468666,I62916508,2,2,2024,W4390970405;W4404764563,0.5
I150468666,I63966007,2,2,2024,W4390970405;W4404764563,0.5
I150468666,I97018004,2,2,2024,W4390970405;W4399912477,0.5
I150468666,I51556381,1,1,2024,W4391790090,1.0
I150468666,I200719446,1,1,2024,W4392162026,1.0
I150468666,I901861585,1,1,2024,W4392162026,1.0
I150468666,I87216513,1,1,2024,W4393277515,1.0
I150468666,I98301712,1,1,2024,W4393277515,1.0
I150468666,I165143802,1,1,2024,W4398141811,1.0
I150468666,I36234482,2,2,2024,W4398141811;W4404764563,0.5
I150468666,I91045830,1,1,2024,W4398141811,1.0
I150468666,I201448701,1,1,2024,W4399912477,1.0
I150468666,I4210087915,1,1,2024,W4399912477,1.0
I150468666,I95457486,1,1,2024,W4399912477,1.0
I150468666,I170897317,1,1,2024,W4400936896,1.0
I150468666,I180670191,1,1,2024,W4400936896,1.0
I150468666,I76766440,1,1,2024,W4400936896,1.0
I150468666,I16835326,1,1,2024,W4404764563,1.0
I150468666,I168864056,1,1,2024,W4404764563,1.0
I150468666,I170658231,1,1,2024,W4404764563,1.0
I150468666,I1850255,1,1,2024,W4404764563,1.0
I150468666,I197323543,1,1,2024,W4404764563,1.0
I150468666,I20089843,1,1,2024,W4404764563,1.0
I150468666,I202697423,1,1,2024,W4404764563,1.0
I150468666,I204337017,1,1,2024,W4404764563,1.0
I150468666,I2184545,1,1,2024,W4404764563,1.0
I150468666,I241749,1,1,2024,W4404764563,1.0
I150468666,I27804330,1,1,2024,W4404764563,1.0
I150468666,I2802640592,1,1,2024,W4404764563,1.0
I150468666,I32597200,1,1,2024,W4404764563,1.0
I150468666,I32971472,1,1,2024,W4404764563,1.0
I150468666,I40120149,1,1,2024,W4404764563,1.0
I150468666,I4210094062,1,1,2024,W4404764563,1.0
I150468666,I4210098931,1,1,2024,W4404764563,1.0
I150468666,I4210126907,1,1,2024,W4404764563,1.0
I150468666,I4210128584,1,1,2024,W4404764563,1.0
I150468666,I4210130445,1,1,2024,W4404764563,1.0
I150468666,I4210134158,1,1,2024,W4404764563,1.0
I150468666,I4210134550,1,1,2024,W4404764563,1.0
I150468666,I4210143801,1,1,2024,W4404764563,1.0
I150468666,I4210144746,1,1,2024,W4404764563,1.0
I150468666,I4210157294,1,1,2024,W4404764563,1.0
I150468666,I4210158500,1,1,2024,W4404764563,1.0
I150468666,I4387152376,1,1,2024,W4404764563,1.0
I150468666,I44260953,1,1,2024,W4404764563,1.0
I150468666,I45129253,1,1,2024,W4404764563,1.0
I150468666,I57206974,1,1,2024,W4404764563,1.0
I150468666,I78757542,1,1,2024,W4404764563,1.0
I150468666,I79576946,1,1,2024,W4404764563,1.0
I150468666,I8087733,1,1,2024,W4404764563,1.0
I150468666,I8204097,1,1,2024,W4404764563,1.0
I150468666,I91727514,1,1,2024,W4404764563,1.0
I150468666,I97565354,1,1,2024,W4404764563,1.0
I150468666,I98677209,1,1,2024,W4404764563,1.0
I150744194,I59725666,1,1,2024,W4400688542,1.0
I150744194,I20231570,1,1,2024,W4401975604,1.0
I150744194,I223464139,1,1,2024,W4401975604,1.0
I150744194,I99464096,1,1,2024,W4401975604,1.0
I150807315,I4210151929,1,1,2024,W4401799498,1.0
I150807315,I4210165264,1,1,2024,W4401799498,1.0
I150807315,I98381234,2,2,2024,W4401799498;W4404815343,0.5
I150807315,I151075929,1,1,2024,W4403232538,1.0
I150807315,I19820366,1,1,2024,W4403232538,1.0
I150807315,I4210088738,1,1,2024,W4403232538,1.0
I150807315,I4210097554,1,1,2024,W4403232538,1.0
I150913223,I33339663,1,1,2024,W4394938439,1.0
I150913223,I63920570,1,1,2024,W4394938439,1.0
I151013683,I26080491,1,1,2024,W4400915837,1.0
I151013683,I4210120169,1,1,2024,W4400915837,1.0
I151075929,I19820366,1,1,2024,W4403232538,1.0
I151075929,I4210088738,1,1,2024,W4403232538,1.0
I151075929,I4210097554,1,1,2024,W4403232538,1.0
I151201029,I56858762,1,1,2024,W4400526077,1.0
I151201029,I44504214,1,1,2024,W4402157666,1.0
I151221077,I172675005,1,1,2024,W4400111281,1.0
I151727225,I172780181,1,1,2024,W4394572371,1.0
I151727225,I200777214,1,1,2024,W4394572371,1.0
I151727225,I890469752,1,1,2024,W4394572371,1.0
I151727225,I19820366,1,1,2024,W4405640204,1.0
I151727225,I222723317,1,1,2024,W4405640204,1.0
I151727225,I24943067,1,1,2024,W4405640204,1.0
I151727225,I4210100255,1,1,2024,W4405640204,1.0
I151727225,I4210156404,1,1,2024,W4405640204,1.0
I151727225,I4210165038,1,1,2024,W4405640204,1.0
I151727225,I4391012619,1,1,2024,W4405640204,1.0
I151746483,I152815399,4,4,2024,W4390828922;W4392796562;W4400228959;W4401326099,0.25
I151746483,I172675005,8,8,2024,W4390828922;W4392309314;W4392796562;W4393234434;W4394994526;W4400228959;W4400644893;W4401326099,0.125
I151746483,I180726961,1,1,2024,W4390828922,1.0
I151746483,I20089843,3,3,2024,W4390828922;W4394994526;W4400228959,0.3333333333333333
I151746483,I35928602,1,1,2024,W4390828922,1.0
I151746483,I44461941,2,2,2024,W4390828922;W4400228959,0.5
I151746483,I82497590,3,3,2024,W4390828922;W4392796562;W4400228959,0.3333333333333333
I151746483,I848706,3,3,2024,W4390828922;W4400228959;W4401326099,0.3333333333333333
I151746483,I185261750,2,2,2024,W4391878439;W4396828482,0.5
I151746483,I29045822,1,1,2024,W4391878439,1.0
I151746483,I4210121083,1,1,2024,W4391878439,1.0
I151746483,I4210130461,1,1,2024,W4391878439,1.0
I151746483,I4210141135,1,1,2024,W4391878439,1.0
I151746483,I4210142730,1,1,2024,W4391878439,1.0
I151746483,I45129253,3,3,2024,W4391878439;W4394716098;W4400184706,0.3333333333333333
I151746483,I5023651,1,1,2024,W4391878439,1.0
I151746483,I70931966,1,1,2024,W4391878439,1.0
I151746483,I204512498,1,1,2024,W4392309314,1.0
I151746483,I55712492,1,1,2024,W4392309314,1.0
I151746483,I6469544,1,1,2024,W4392309314,1.0
I151746483,I19820366,1,1,2024,W4393234434,1.0
I151746483,I4210112150,1,1,2024,W4393234434,1.0
I151746483,I4210095624,1,1,2024,W4394593186,1.0
I151746483,I57206974,1,1,2024,W4394593186,1.0
I151746483,I165524941,1,1,2024,W4394716098,1.0
I151746483,I4210151618,1,1,2024,W4394716098,1.0
I151746483,I98640878,1,1,2024,W4394716098,1.0
I151746483,I21193070,1,1,2024,W4394994526,1.0
I151746483,I157773358,1,1,2024,W4396785978,1.0
I151746483,I2279609970,1,1,2024,W4396828482,1.0
I151746483,I2801862477,1,1,2024,W4396828482,1.0
I151746483,I7454413,1,1,2024,W4396828482,1.0
I151746483,I26415053,1,1,2024,W4400184706,1.0
I151746483,I79619799,1,1,2024,W4400184706,1.0
I151746483,I4210116924,1,1,2024,W4400228959,1.0
I151746483,I177725633,1,1,2024,W4400644893,1.0
I151746483,I200769079,2,2,2024,W4401326099;W4404545360,0.5
I151746483,I889458895,1,1,2024,W4401326099,1.0
I151746483,I67031392,1,1,2024,W4402722068,1.0
I151746483,I4210090411,1,1,2024,W4404545360,1.0
I151746483,I4210113297,1,1,2024,W4404545360,1.0
I15196421,I162714631,1,1,2024,W4395067526,1.0
I15196421,I170201317,1,1,2024,W4395067526,1.0
I15196421,I201448701,1,1,2024,W4395067526,1.0
I15196421,I32971472,1,1,2024,W4395067526,1.0
I15196421,I58956616,1,1,2024,W4395067526,1.0
I15196421,I919571938,1,1,2024,W4395067526,1.0
I15196421,I3130430780,1,1,2024,W4404040240,1.0
I15196421,I903955410,1,1,2024,W4404040240,1.0
I152031979,I153512688,1,1,2024,W4391062409,1.0
I152031979,I87445476,1,1,2024,W4399665388,1.0
I152031979,I165368041,1,1,2024,W4401378300,1.0
I152031979,I19820366,1,1,2024,W4401378300,1.0
I152031979,I2801798921,1,1,2024,W4401378300,1.0
I152031979,I3124059619,1,1,2024,W4401378300,1.0
I152031979,I4210101348,1,1,2024,W4401378300,1.0
I152031979,I4210137199,1,1,2024,W4401378300,1.0
I152031979,I4210148560,1,1,2024,W4401378300,1.0
I152031979,I4210149092,1,1,2024,W4401378300,1.0
I152031979,I4210165038,1,1,2024,W4401378300,1.0
I152031979,I74801974,1,1,2024,W4401378300,1.0
I152031979,I899635006,1,1,2024,W4401378300,1.0
I152269853,I154099455,1,1,2024,W4393159973,1.0
I152269853,I15823474,1,1,2024,W4393159973,1.0
I152743029,I184693016,1,1,2024,W4392164233,1.0
I152743029,I2803004286,1,1,2024,W4392164233,1.0
I152743029,I4210091201,1,1,2024,W4392164233,1.0
I152743029,I4210093006,1,1,2024,W4392164233,1.0
I152743029,I4210093821,1,1,2024,W4392164233,1.0
I152743029,I4210097658,1,1,2024,W4392164233,1.0
I152743029,I4210126829,1,1,2024,W4392164233,1.0
I152743029,I4210136334,1,1,2024,W4392164233,1.0
I152743029,I4210152230,1,1,2024,W4392164233,1.0
I152743029,I4210162359,1,1,2024,W4392164233,1.0
I152743029,I64723972,1,1,2024,W4392164233,1.0
I152743029,I68171755,1,1,2024,W4392164233,1.0
I152743029,I98298690,1,1,2024,W4392164233,1.0
I152815399,I172675005,12,12,2024,W4390828922;W4392796562;W4396817538;W4400228959;W4401113704;W4401326099;W4401878796;W4402228253;W4402350838;W4402473949;W4402660150;W4402727910,0.08333333333333333
I152815399,I180726961,1,1,2024,W4390828922,1.0
I152815399,I20089843,3,3,2024,W4390828922;W4396782906;W4400228959,0.3333333333333333
I152815399,I35928602,1,1,2024,W4390828922,1.0
I152815399,I44461941,2,2,2024,W4390828922;W4400228959,0.5
I152815399,I82497590,4,4,2024,W4390828922;W4392796562;W4400228959;W4401878796,0.25
I152815399,I848706,7,7,2024,W4390828922;W4396817538;W4400228959;W4401326099;W4401878796;W4402350838;W4402473949,0.14285714285714285
I152815399,I4210167254,2,2,2024,W4393904462;W4396832474,0.5
I152815399,I63966007,1,1,2024,W4393904462,1.0
I152815399,I157582758,2,2,2024,W4395026179;W4399737726,0.5
I152815399,I165932596,3,3,2024,W4395026179;W4399665798;W4399737726,0.3333333333333333
I152815399,I173093425,2,2,2024,W4395026179;W4399737726,0.5
I152815399,I180670191,2,2,2024,W4395026179;W4399737726,0.5
I152815399,I2251586001,2,2,2024,W4395026179;W4399737726,0.5
I152815399,I2799299286,2,2,2024,W4395026179;W4399737726,0.5
I152815399,I2799333108,2,2,2024,W4395026179;W4399737726,0.5
I152815399,I2803209242,2,2,2024,W4395026179;W4399737726,0.5
I152815399,I3020100970,2,2,2024,W4395026179;W4399737726,0.5
I152815399,I40120149,2,2,2024,W4395026179;W4399737726,0.5
I152815399,I4210105015,2,2,2024,W4395026179;W4399737726,0.5
I152815399,I4210116208,1,1,2024,W4395026179,1.0
I152815399,I4210116917,2,2,2024,W4395026179;W4399737726,0.5
I152815399,I4210126319,2,2,2024,W4395026179;W4399737726,0.5
I152815399,I4210137145,2,2,2024,W4395026179;W4399737726,0.5
I152815399,I4210137306,1,1,2024,W4395026179,1.0
I152815399,I4210146690,1,1,2024,W4395026179,1.0
I152815399,I4210150290,2,2,2024,W4395026179;W4399737726,0.5
I152815399,I4210162189,2,2,2024,W4395026179;W4399737726,0.5
I152815399,I61628605,1,1,2024,W4395026179,1.0
I152815399,I97018004,2,2,2024,W4395026179;W4399737726,0.5
I152815399,I200769079,3,3,2024,W4396782906;W4401326099;W4401878796,0.3333333333333333
I152815399,I4210113480,1,1,2024,W4396782906,1.0
I152815399,I21193070,1,1,2024,W4396817538,1.0
I152815399,I881766915,1,1,2024,W4396817538,1.0
I152815399,I205783295,1,1,2024,W4396832474,1.0
I152815399,I4210110987,1,1,2024,W4396832474,1.0
I152815399,I4210142372,1,1,2024,W4396832474,1.0
I152815399,I83467386,1,1,2024,W4396832474,1.0
I152815399,I86519309,1,1,2024,W4396832474,1.0
I152815399,I157725225,1,1,2024,W4399665798,1.0
I152815399,I76130692,2,2,2024,W4399665798;W4402727910,0.5
I152815399,I76569877,1,1,2024,W4399665798,1.0
I152815399,I4210116924,1,1,2024,W4400228959,1.0
I152815399,I74973139,1,1,2024,W4400648761,1.0
I152815399,I4210155350,1,1,2024,W4401113704,1.0
I152815399,I4392021250,1,1,2024,W4401113704,1.0
I152815399,I889458895,3,3,2024,W4401326099;W4402350838;W4402473949,0.3333333333333333
I152815399,I251738,1,1,2024,W4402228253,1.0
I152815399,I2800857658,1,1,2024,W4402228253,1.0
I152815399,I4210121405,1,1,2024,W4402228253,1.0
I152815399,I74796645,1,1,2024,W4402228253,1.0
I152815399,I241749,1,1,2024,W4402727910,1.0
I152815399,I4210095624,1,1,2024,W4402727910,1.0
I152815399,I99065089,1,1,2024,W4402727910,1.0
I152815399,I67415387,4,4,2024,W4402773331;W4403770717;W4403886057;W4405126070,0.25
I152815399,I4210158570,1,1,2024,W4403182870,1.0
I152815399,I170201317,1,1,2024,W4403487183,1.0
I152815399,I98358874,1,1,2024,W4403487183,1.0
I152815399,I56590836,1,1,2024,W4403770717,1.0
I152815399,I24943067,1,1,2024,W4404722485,1.0
I153230381,I181547552,5,5,2024,W4401965902;W4402253265;W4402988549;W4403637939;W4403638035,0.2
I153230381,I4210153760,1,1,2024,W4401965902,1.0
I153230381,I31746571,1,1,2024,W4402988549,1.0
I153230381,I99043593,1,1,2024,W4402988549,1.0
I153230381,I24943067,1,1,2024,W4403488282,1.0
I153230381,I2802974365,1,1,2024,W4403488282,1.0
I153230381,I4210164150,1,1,2024,W4403488282,1.0
I153230381,I97018004,2,2,2024,W4403637939;W4403638035,0.5
I153297377,I2799853436,1,1,2024,W4402814550,1.0
I153297377,I2800138454,1,1,2024,W4402814550,1.0
I153297377,I2800468613,1,1,2024,W4402814550,1.0
I153297377,I2802882910,1,1,2024,W4402814550,1.0
I153297377,I4210125713,1,1,2024,W4402814550,1.0
I153297377,I4210132242,1,1,2024,W4402814550,1.0
I153297377,I4210135252,1,1,2024,W4402814550,1.0
I153297377,I63190737,1,1,2024,W4402814550,1.0
I153297377,I901861585,1,1,2024,W4402814550,1.0
I153648349,I181647926,1,1,2024,W4396807129,1.0
I153648349,I193662353,1,1,2024,W4396807129,1.0
I153648349,I36234482,1,1,2024,W4396807129,1.0
I153648349,I4210160053,1,1,2024,W4396807129,1.0
I153648349,I43439940,1,1,2024,W4396807129,1.0
I153648349,I79510175,1,1,2024,W4396807129,1.0
I153648349,I98677209,1,1,2024,W4396807129,1.0
I153648349,I185163786,1,1,2024,W4400984562,1.0
I153648349,I4210152006,1,1,2024,W4400984562,1.0
I153648349,I69356397,1,1,2024,W4400984562,1.0
I153718931,I82880672,1,1,2024,W4392678259,1.0
I153718931,I3121676899,1,1,2024,W4393621326,1.0
I153718931,I185261750,1,1,2024,W4398190964,1.0
I153718931,I2801816099,1,1,2024,W4398190964,1.0
I153718931,I2801845744,1,1,2024,W4398190964,1.0
I153718931,I192455969,1,1,2024,W4399577082,1.0
I153718931,I170558118,1,1,2024,W4401995305,1.0
I153718931,I28777354,1,1,2024,W4401995305,1.0
I153718931,I33585257,1,1,2024,W4401995305,1.0
I153718931,I4210087059,1,1,2024,W4402350363,1.0
I153718931,I172675005,1,1,2024,W4403122878,1.0
I153718931,I4210113480,1,1,2024,W4403122878,1.0
I153845743,I4210116466,1,1,2024,W4406419344,1.0
I153845743,I4210123447,1,1,2024,W4406419344,1.0
I153976015,I160993911,1,1,2024,W4402547381,1.0
I154093214,I24185976,1,1,2024,W4405234363,1.0
I154093214,I2802734952,1,1,2024,W4405234363,1.0
I154093214,I4210089761,1,1,2024,W4405234363,1.0
I154099455,I57093077,1,1,2024,W4392208038,1.0
I154099455,I2250653659,2,2,2024,W4393147800;W4396844100,0.5
I154099455,I177725633,2,2,2024,W4393149664;W4404644013,0.5
I154099455,I889458895,1,1,2024,W4393149664,1.0
I154099455,I91045830,1,1,2024,W4393149664,1.0
I154099455,I4210090176,1,1,2024,W4393156804,1.0
I154099455,I4210165038,1,1,2024,W4393156804,1.0
I154099455,I52357470,1,1,2024,W4393156804,1.0
I154099455,I99065089,1,1,2024,W4393156804,1.0
I154099455,I15823474,1,1,2024,W4393159973,1.0
I154099455,I16609230,1,1,2024,W4396655986,1.0
I154099455,I168879160,1,1,2024,W4396655986,1.0
I154099455,I34949971,1,1,2024,W4396655986,1.0
I154099455,I4391767752,1,1,2024,W4396655986,1.0
I154099455,I44445938,1,1,2024,W4396655986,1.0
I154099455,I55712492,1,1,2024,W4396655986,1.0
I154099455,I71920554,1,1,2024,W4396655986,1.0
I154099455,I76130692,1,1,2024,W4396655986,1.0
I154099455,I183067930,1,1,2024,W4396722127,1.0
I154099455,I4210086194,1,1,2024,W4396722127,1.0
I154099455,I4210160507,1,1,2024,W4396722127,1.0
I154099455,I20231570,2,2,2024,W4399563687;W4400582609,0.5
I154099455,I36788626,1,1,2024,W4399563687,1.0
I154099455,I4210107260,1,1,2024,W4399563687,1.0
I154099455,I165932596,1,1,2024,W4400527101,1.0
I154099455,I168719708,2,2,2024,W4400582609;W4404644013,0.5
I154099455,I82880672,1,1,2024,W4400582609,1.0
I154099455,I2277624104,1,1,2024,W4402816865,1.0
I154099455,I4210122302,1,1,2024,W4402816865,1.0
I154099455,I4391012619,1,1,2024,W4402816865,1.0
I154099455,I72816309,1,1,2024,W4412130408,1.0
I154130895,I154425047,1,1,2024,W4390970405,1.0
I154130895,I200166805,1,1,2024,W4390970405,1.0
I154130895,I23923803,1,1,2024,W4390970405,1.0
I154130895,I2800548410,1,1,2024,W4390970405,1.0
I154130895,I2801418622,1,1,2024,W4390970405,1.0
I154130895,I33213144,1,1,2024,W4390970405,1.0
I154130895,I4210159873,1,1,2024,W4390970405,1.0
I154130895,I62916508,1,1,2024,W4390970405,1.0
I154130895,I63966007,1,1,2024,W4390970405,1.0
I154130895,I97018004,1,1,2024,W4390970405,1.0
I154130895,I60205797,2,2,2024,W4390985631;W4392564669,0.5
I154130895,I9927081,2,2,2024,W4390985631;W4400267611,0.5
I154130895,I185261750,3,3,2024,W4392407790;W4392564669;W4396833177,0.3333333333333333
I154130895,I4210096417,1,1,2024,W4392407790,1.0
I154130895,I4210128594,1,1,2024,W4392407790,1.0
I154130895,I2799376586,1,1,2024,W4392564669,1.0
I154130895,I181326427,1,1,2024,W4392612897,1.0
I154130895,I94722563,1,1,2024,W4400267611,1.0
I154130895,I39854758,1,1,2024,W4400936112,1.0
I154338468,I185261750,1,1,2024,W4398243240,1.0
I154338468,I2972652528,1,1,2024,W4398243240,1.0
I154338468,I3125347698,1,1,2024,W4398243240,1.0
I154338468,I4210121775,1,1,2024,W4398243240,1.0
I154338468,I4210166741,1,1,2024,W4398243240,1.0
I154338468,I62318514,1,1,2024,W4398243240,1.0
I154338468,I99682543,1,1,2024,W4398243240,1.0
I154425047,I200166805,1,1,2024,W4390970405,1.0
I154425047,I23923803,1,1,2024,W4390970405,1.0
I154425047,I2800548410,1,1,2024,W4390970405,1.0
I154425047,I2801418622,1,1,2024,W4390970405,1.0
I154425047,I33213144,1,1,2024,W4390970405,1.0
I154425047,I4210159873,1,1,2024,W4390970405,1.0
I154425047,I62916508,1,1,2024,W4390970405,1.0
I154425047,I63966007,2,2,2024,W4390970405;W4402748869,0.5
I154425047,I97018004,1,1,2024,W4390970405,1.0
I154425047,I78577930,1,1,2024,W4391220979,1.0
I154425047,I95457486,1,1,2024,W4391220979,1.0
I154425047,I4210123976,1,1,2024,W4391227797,1.0
I154425047,I95634034,1,1,2024,W4391227797,1.0
I154425047,I158552681,1,1,2024,W4391399751,1.0
I154425047,I4210164862,1,1,2024,W4391399751,1.0
I154425047,I92869138,1,1,2024,W4391399751,1.0
I154425047,RAW_XAI,1,1,2024,W4391399751,1.0
I154425047,I180242103,1,1,2024,W4392109933,1.0
I154425047,I193531525,1,1,2024,W4392109933,1.0
I154425047,I241749,1,1,2024,W4392109933,1.0
I154425047,I40120149,1,1,2024,W4392109933,1.0
I154425047,I44430492,1,1,2024,W4392109933,1.0
I154425047,I5023651,1,1,2024,W4392109933,1.0
I154425047,I56590836,1,1,2024,W4392109933,1.0
I154425047,I68666633,1,1,2024,W4392109933,1.0
I154425047,I79576946,1,1,2024,W4392109933,1.0
I154425047,I219193219,1,1,2024,W4392619076,1.0
I154425047,I74801974,2,2,2024,W4392619076;W4401414318,0.5
I154425047,I46247651,1,1,2024,W4394745212,1.0
I154425047,I60158472,1,1,2024,W4394745212,1.0
I154425047,I5124864,1,1,2024,W4401414318,1.0
I154425047,I200252411,1,1,2024,W4405618562,1.0
I154425047,I4210085968,1,1,2024,W4405618562,1.0
I154526488,I2279609970,1,1,2024,W4396722287,1.0
I154526488,I2800921988,1,1,2024,W4396722287,1.0
I154526488,I3018718406,1,1,2024,W4396722287,1.0
I154526488,I4210098046,1,1,2024,W4396722287,1.0
I154526488,I4210131356,1,1,2024,W4396722287,1.0
I154526488,I84218800,1,1,2024,W4396722287,1.0
I154526488,I161046081,1,1,2024,W4398144060,1.0
I154526488,I180297670,1,1,2024,W4398144060,1.0
I154526488,I197681013,1,1,2024,W4398144060,1.0
I154526488,I204730241,2,2,2024,W4398144060;W4402511767,0.5
I154526488,I39804081,1,1,2024,W4398144060,1.0
I154526488,I4210091279,1,1,2024,W4398144060,1.0
I154526488,I4210091437,1,1,2024,W4398144060,1.0
I154526488,I4210097159,2,2,2024,W4398144060;W4398203672,0.5
I154526488,I4387154308,1,1,2024,W4398144060,1.0
I154526488,I4394709234,1,1,2024,W4398144060,1.0
I154526488,I201841394,1,1,2024,W4398203672,1.0
I154526488,I4210119095,1,1,2024,W4398203672,1.0
I154526488,I277688954,1,1,2024,W4402511767,1.0
I154526488,I2801843802,1,1,2024,W4402511767,1.0
I154526488,I4210103698,1,1,2024,W4402511767,1.0
I154526488,I4210107720,1,1,2024,W4402511767,1.0
I154526488,I4210141964,1,1,2024,W4402511767,1.0
I154526488,I4387152683,1,1,2024,W4402511767,1.0
I154549908,I2799725622,1,1,2024,W4404125029,1.0
I154549908,I4210099336,1,1,2024,W4404125029,1.0
I154570441,I19820366,1,1,2024,W4393149283,1.0
I154570441,I47720641,1,1,2024,W4393149283,1.0
I154570441,I223822909,1,1,2024,W4393160097,1.0
I154570441,I4210099137,1,1,2024,W4396812217,1.0
I154570441,I183067930,1,1,2024,W4405003117,1.0
I154570441,I4210145118,1,1,2024,W4405003117,1.0
I154570441,I99065089,1,1,2024,W4405003117,1.0
I154757721,I4210156054,2,2,2024,W4401171110;W4402218089,0.5
I154757721,I55952717,2,2,2024,W4401171110;W4402218089,0.5
I154757721,I4210112527,1,1,2024,W4402218089,1.0
I154757721,I74801974,1,1,2024,W4402218089,1.0
I154864474,I16733864,1,1,2024,W4393972877,1.0
I154864474,I74801974,1,1,2024,W4393972877,1.0
I155093810,I170215575,1,1,2024,W4393220219,1.0
I155093810,I4210110723,1,1,2024,W4393220219,1.0
I155173764,I170201317,1,1,2024,W4391614156,1.0
I155173764,I4210155268,1,1,2024,W4403586916,1.0
I155173764,I5388228,1,1,2024,W4405185373,1.0
I155660961,I183935753,1,1,2024,W4392755271,1.0
I155660961,I194028371,1,1,2024,W4392755271,1.0
I155660961,I2801970007,1,1,2024,W4392755271,1.0
I155660961,I33213144,1,1,2024,W4392755271,1.0
I155660961,I78577930,1,1,2024,W4392755271,1.0
I155660961,I79576946,1,1,2024,W4392755271,1.0
I155660961,I921990950,1,1,2024,W4392755271,1.0
I155660961,I98704320,1,1,2024,W4392755271,1.0
I155660961,I99464096,1,1,2024,W4392755271,1.0
I155660961,I56085075,2,2,2024,W4394894101;W4404509460,0.5
I155671955,I157485424,1,1,2024,W4401277224,1.0
I155671955,I24456540,1,1,2024,W4401277224,1.0
I155671955,I2801036362,1,1,2024,W4401277224,1.0
I155765044,I32021983,1,1,2024,W4393176674,1.0
I155765044,I4210085968,1,1,2024,W4393176674,1.0
I155781252,I30667456,1,1,2024,W4399177300,1.0
I155781252,I79940851,1,1,2024,W4399177300,1.0
I155781252,I17747738,1,1,2024,W4400061043,1.0
I155781252,I19820366,1,1,2024,W4400061043,1.0
I155781252,I20231570,1,1,2024,W4400061043,1.0
I155781252,I4210112820,1,1,2024,W4400061043,1.0
I155781252,I4210123686,1,1,2024,W4400061043,1.0
I156087764,I40120149,1,1,2024,W4402772409,1.0
I156144747,I157773358,1,1,2024,W4405568301,1.0
I156144747,I165932596,1,1,2024,W4405568301,1.0
I156144747,I177725633,1,1,2024,W4405568301,1.0
I156144747,I197869895,1,1,2024,W4405568301,1.0
I156144747,I24185976,1,1,2024,W4405568301,1.0
I156144747,I2799299286,1,1,2024,W4405568301,1.0
I156144747,I32574673,1,1,2024,W4405568301,1.0
I156144747,I3923682,1,1,2024,W4405568301,1.0
I156144747,I4210115456,1,1,2024,W4405568301,1.0
I156144747,I4210132813,1,1,2024,W4405568301,1.0
I156144747,I4210136596,1,1,2024,W4405568301,1.0
I156144747,I4210153856,1,1,2024,W4405568301,1.0
I156144747,I4210154929,1,1,2024,W4405568301,1.0
I156144747,I164213776,1,1,2024,W4405895871,1.0
I156144747,I183067930,1,1,2024,W4405895871,1.0
I156144747,I183935753,1,1,2024,W4405895871,1.0
I156144747,I4210090971,1,1,2024,W4405895871,1.0
I156144747,I66867065,1,1,2024,W4405895871,1.0
I156216236,I4210092650,1,1,2024,W4391697005,1.0
I156216236,I204824540,1,1,2024,W4399660853,1.0
I156983542,I4210149477,1,1,2024,W4400198346,1.0
I156983542,I85507684,1,1,2024,W4400198346,1.0
I157153078,I194348271,1,1,2024,W4391603456,1.0
I157153078,I5100685,1,1,2024,W4391603456,1.0
I157153078,I66752286,1,1,2024,W4391603456,1.0
I157349981,I180664298,1,1,2024,W4403648106,1.0
I157349981,I24027795,1,1,2024,W4403648106,1.0
I157349981,I33213144,1,1,2024,W4403648106,1.0
I157349981,I40253897,1,1,2024,W4403648106,1.0
I157349981,I56590836,1,1,2024,W4403648106,1.0
I157386601,I178450904,1,1,2024,W4395483946,1.0
I157386601,I3129379329,1,1,2024,W4395483946,1.0
I157392197,I169335092,2,2,2024,W4397029882;W4401509761,0.5
I157392197,I91044093,2,2,2024,W4397029882;W4401509761,0.5
I157394403,I91045830,1,1,2024,W4400444056,1.0
I157485424,I185261750,1,1,2024,W4391890455,1.0
I157485424,I17145004,1,1,2024,W4393034826,1.0
I157485424,I4210099236,6,6,2024,W4393147133;W4393158423;W4402733583;W4402753715;W4404782438;W4404782689,0.16666666666666666
I157485424,I4210145411,1,1,2024,W4393158423,1.0
I157485424,I60922564,4,4,2024,W4393158423;W4396833227;W4396833505;W4401863964,0.25
I157485424,I2802835388,1,1,2024,W4396827139,1.0
I157485424,I2803058125,1,1,2024,W4396827139,1.0
I157485424,I9323808,1,1,2024,W4396827139,1.0
I157485424,I9927081,1,1,2024,W4396827139,1.0
I157485424,I193352282,1,1,2024,W4396831955,1.0
I157485424,I97018004,1,1,2024,W4396832972,1.0
I157485424,I77079311,1,1,2024,W4396833227,1.0
I157485424,I164389053,1,1,2024,W4400524753,1.0
I157485424,I4210088923,1,1,2024,W4400524753,1.0
I157485424,I24456540,1,1,2024,W4401277224,1.0
I157485424,I2801036362,1,1,2024,W4401277224,1.0
I157485424,I3130020584,1,1,2024,W4402716309,1.0
I157485424,I193775966,1,1,2024,W4403705814,1.0
I157485424,I2799970807,1,1,2024,W4403705814,1.0
I157485424,I4210087915,1,1,2024,W4403705814,1.0
I157485424,I4210144108,1,1,2024,W4403705814,1.0
I157485424,I4210160791,1,1,2024,W4403705814,1.0
I157536573,I4210134534,1,1,2024,W4392563930,1.0
I157536573,I98704320,1,1,2024,W4392563930,1.0
I157582758,I165932596,3,3,2024,W4390921272;W4395026179;W4399737726,0.3333333333333333
I157582758,I180670191,3,3,2024,W4390921272;W4395026179;W4399737726,0.3333333333333333
I157582758,I2251586001,3,3,2024,W4390921272;W4395026179;W4399737726,0.3333333333333333
I157582758,I2799299286,3,3,2024,W4390921272;W4395026179;W4399737726,0.3333333333333333
I157582758,I4210097409,1,1,2024,W4390921272,1.0
I157582758,I4210116917,3,3,2024,W4390921272;W4395026179;W4399737726,0.3333333333333333
I157582758,I4210126319,3,3,2024,W4390921272;W4395026179;W4399737726,0.3333333333333333
I157582758,I4210146998,1,1,2024,W4390921272,1.0
I157582758,I97018004,3,3,2024,W4390921272;W4395026179;W4399737726,0.3333333333333333
I157582758,I175234967,1,1,2024,W4391387740,1.0
I157582758,I177877127,1,1,2024,W4391387740,1.0
I157582758,I205640436,1,1,2024,W4391387740,1.0
I157582758,I2800419323,1,1,2024,W4391387740,1.0
I157582758,I2801351171,1,1,2024,W4391387740,1.0
I157582758,I4210115256,1,1,2024,W4391387740,1.0
I157582758,I4387155440,1,1,2024,W4391387740,1.0
I157582758,I51713134,1,1,2024,W4391387740,1.0
I157582758,I173093425,2,2,2024,W4395026179;W4399737726,0.5
I157582758,I2799333108,2,2,2024,W4395026179;W4399737726,0.5
I157582758,I2803209242,2,2,2024,W4395026179;W4399737726,0.5
I157582758,I3020100970,2,2,2024,W4395026179;W4399737726,0.5
I157582758,I40120149,2,2,2024,W4395026179;W4399737726,0.5
I157582758,I4210105015,2,2,2024,W4395026179;W4399737726,0.5
I157582758,I4210116208,1,1,2024,W4395026179,1.0
I157582758,I4210137145,2,2,2024,W4395026179;W4399737726,0.5
I157582758,I4210137306,1,1,2024,W4395026179,1.0
I157582758,I4210146690,1,1,2024,W4395026179,1.0
I157582758,I4210150290,2,2,2024,W4395026179;W4399737726,0.5
I157582758,I4210162189,2,2,2024,W4395026179;W4399737726,0.5
I157582758,I61628605,1,1,2024,W4395026179,1.0
I157614274,I185492890,1,1,2024,W4394857881,1.0
I157614274,I190632392,1,1,2024,W4394857881,1.0
I157614274,I26092322,1,1,2024,W4394857881,1.0
I157638225,I165932596,2,2,2024,W4390771941;W4404575410,0.5
I157638225,I82284825,1,1,2024,W4404575410,1.0
I15766117,I166825849,1,1,2024,W4392196220,1.0
I15766117,I176453806,1,1,2024,W4392196220,1.0
I15766117,I179225836,1,1,2024,W4392196220,1.0
I15766117,I8087733,1,1,2024,W4392196220,1.0
I15766117,I86695891,1,1,2024,W4392196220,1.0
I15766328,I4210117018,1,1,2024,W4392126434,1.0
I157725225,I16820183,2,2,2024,W4391098193;W4392509585,0.5
I157725225,I4210123409,1,1,2024,W4391098193,1.0
I157725225,I4210127938,1,1,2024,W4391098193,1.0
I157725225,I4210146710,1,1,2024,W4391098193,1.0
I157725225,I39422238,3,3,2024,W4391821797;W4392509585;W4399389941,0.3333333333333333
I157725225,I40347166,2,2,2024,W4391821797;W4402042869,0.5
I157725225,I183067930,3,3,2024,W4392972103;W4400648858;W4403760728,0.3333333333333333
I157725225,I19820366,1,1,2024,W4392972103,1.0
I157725225,I2802974365,1,1,2024,W4392972103,1.0
I157725225,I4210090176,1,1,2024,W4392972103,1.0
I157725225,I4210101410,1,1,2024,W4392972103,1.0
I157725225,I4210123185,1,1,2024,W4392972103,1.0
I157725225,I4210165038,1,1,2024,W4392972103,1.0
I157725225,I76130692,4,4,2024,W4392972103;W4399665798;W4400493343;W4403022254,0.25
I157725225,I219193219,3,3,2024,W4394595621;W4394862623;W4402727014,0.3333333333333333
I157725225,I51556381,3,3,2024,W4394595621;W4394862623;W4402727014,0.3333333333333333
I157725225,I2250653659,2,2,2024,W4394862623;W4402727014,0.5
I157725225,I57206974,2,2,2024,W4394862623;W4404594861,0.5
I157725225,I165932596,3,3,2024,W4394946189;W4399665798;W4402042869,0.3333333333333333
I157725225,I20231570,1,1,2024,W4394946189,1.0
I157725225,I4210113369,1,1,2024,W4394946189,1.0
I157725225,I4210164937,1,1,2024,W4394946189,1.0
I157725225,I47720641,1,1,2024,W4394946189,1.0
I157725225,RAW_MICROSOFT,1,1,2024,W4394946189,1.0
I157725225,I73417466,1,1,2024,W4399389941,1.0
I157725225,I76569877,1,1,2024,W4399665798,1.0
I157725225,I201448701,1,1,2024,W4400076448,1.0
I157725225,I165799507,1,1,2024,W4400493343,1.0
I157725225,I4210158318,1,1,2024,W4400493343,1.0
I157725225,I97018004,2,2,2024,W4400493343;W4401815218,0.5
I157725225,I74973139,4,4,2024,W4400580465;W4401815218;W4402985132;W4404594861,0.25
I157725225,I161318765,4,4,2024,W4400648858;W4402985132;W4403760728;W4405179243,0.25
I157725225,I166416128,2,2,2024,W4400648858;W4403760728,0.5
I157725225,I2802705668,2,2,2024,W4400648858;W4403760728,0.5
I157725225,I3197470489,1,1,2024,W4401815218,1.0
I157725225,I40120149,1,1,2024,W4401815218,1.0
I157725225,I4210096592,1,1,2024,W4401815218,1.0
I157725225,I4210099336,1,1,2024,W4401815218,1.0
I157725225,I4210113480,1,1,2024,W4401815218,1.0
I157725225,I4210119109,1,1,2024,W4401815218,1.0
I157725225,I4210119138,1,1,2024,W4401815218,1.0
I157725225,I66946132,2,2,2024,W4401815218;W4404486407,0.5
I157725225,I68891433,1,1,2024,W4401815218,1.0
I157725225,RAW_META,1,1,2024,W4401815218,1.0
I157725225,I86519309,1,1,2024,W4402042869,1.0
I157725225,I95457486,1,1,2024,W4402042869,1.0
I157725225,I4210141470,1,1,2024,W4402727014,1.0
I157725225,I4210107260,1,1,2024,W4402915908,1.0
I157725225,I16269868,1,1,2024,W4402985132,1.0
I157725225,I27837315,1,1,2024,W4402985132,1.0
I157725225,I4391012619,1,1,2024,W4402985132,1.0
I157725225,I74775410,1,1,2024,W4402985132,1.0
I157725225,I80626142,1,1,2024,W4402985132,1.0
I157725225,I172675005,1,1,2024,W4403022254,1.0
I157725225,I6289922,1,1,2024,W4403022254,1.0
I157725225,I78715868,1,1,2024,W4403022254,1.0
I157725225,I4210114444,1,1,2024,W4403587166,1.0
I157725225,I170201317,1,1,2024,W4404486407,1.0
I157725225,I4210109390,1,1,2024,W4404486407,1.0
I157725225,I4210140884,1,1,2024,W4404486407,1.0
I157725225,I4210149717,1,1,2024,W4404486407,1.0
I157725225,I161222507,1,1,2024,W4404594861,1.0
I157725225,I4210138083,1,1,2024,W4404594861,1.0
I157725225,I78988378,1,1,2024,W4404594861,1.0
I157725225,I99065089,1,1,2024,W4404594861,1.0
I157725225,I193775966,1,1,2024,W4404889690,1.0
I157725225,I4210115399,1,1,2024,W4404889690,1.0
I157725225,I4210155268,1,1,2024,W4405179243,1.0
I157725225,I78577930,1,1,2024,W4405179243,1.0
I157773358,I172675005,1,1,2024,W4390577395,1.0
I157773358,I177725633,5,5,2024,W4390577395;W4393149022;W4400583111;W4404759772;W4405568301,0.2
I157773358,I183067930,2,2,2024,W4390577395;W4405612257,0.5
I157773358,I2251586001,1,1,2024,W4390577395,1.0
I157773358,I2799299286,3,3,2024,W4390577395;W4404759772;W4405568301,0.3333333333333333
I157773358,I2799853436,1,1,2024,W4390577395,1.0
I157773358,I33849332,1,1,2024,W4390577395,1.0
I157773358,I4210100255,2,2,2024,W4390577395;W4393149022,0.5
I157773358,I4210106442,1,1,2024,W4390577395,1.0
I157773358,I4210116869,1,1,2024,W4390577395,1.0
I157773358,I4210116917,2,2,2024,W4390577395;W4404759772,0.5
I157773358,I4210124134,1,1,2024,W4390577395,1.0
I157773358,I4210128921,4,4,2024,W4390577395;W4392703844;W4402220065;W4405268957,0.25
I157773358,I4210144482,1,1,2024,W4390577395,1.0
I157773358,I4210153550,2,2,2024,W4390577395;W4404759772,0.5
I157773358,I47508984,2,2,2024,W4390577395;W4404759772,0.5
I157773358,I99065089,3,3,2024,W4390577395;W4404759772;W4405740139,0.3333333333333333
I157773358,I4210136793,5,5,2024,W4391345293;W4393105094;W4400819283;W4402754220;W4405796591,0.2
I157773358,I180726961,2,2,2024,W4392693709;W4403770038,0.5
I157773358,I19820366,2,2,2024,W4392693709;W4403182640,0.5
I157773358,I4210112150,2,2,2024,W4392693709;W4403182640,0.5
I157773358,I191208505,1,1,2024,W4393105094,1.0
I157773358,I204983213,2,2,2024,W4393147158;W4403770038,0.5
I157773358,I86987016,1,1,2024,W4393147158,1.0
I157773358,I4391012619,1,1,2024,W4393149022,1.0
I157773358,I168719708,1,1,2024,W4396904350,1.0
I157773358,I200296433,2,2,2024,W4396904350;W4405268957,0.5
I157773358,I24943067,1,1,2024,W4396904350,1.0
I157773358,I2801703238,1,1,2024,W4396904350,1.0
I157773358,I4210096354,1,1,2024,W4396904350,1.0
I157773358,I4210100650,1,1,2024,W4396904350,1.0
I157773358,I4210114506,1,1,2024,W4396904350,1.0
I157773358,I4210158318,1,1,2024,W4396904350,1.0
I157773358,I45928872,2,2,2024,W4396904350;W4405740139,0.5
I157773358,I76130692,2,2,2024,W4396904350;W4405612257,0.5
I157773358,I201459984,1,1,2024,W4400391719,1.0
I157773358,I4210149618,1,1,2024,W4400391719,1.0
I157773358,I4210116924,1,1,2024,W4400583111,1.0
I157773358,I2250653659,3,3,2024,W4400819283;W4402220065;W4403770038,0.3333333333333333
I157773358,I158842170,2,2,2024,W4402220065;W4403182640,0.5
I157773358,I24185976,2,2,2024,W4402220065;W4405568301,0.5
I157773358,I2801851002,1,1,2024,W4402220065,1.0
I157773358,I3018397418,1,1,2024,W4402220065,1.0
I157773358,I4210087915,1,1,2024,W4402220065,1.0
I157773358,I4210104539,1,1,2024,W4402220065,1.0
I157773358,I4210117453,1,1,2024,W4402220065,1.0
I157773358,I4210134579,1,1,2024,W4402220065,1.0
I157773358,I4210146711,2,2,2024,W4402220065;W4405268957,0.5
I157773358,I4210154480,1,1,2024,W4402220065,1.0
I157773358,I4210158968,1,1,2024,W4402220065,1.0
I157773358,I4210162753,1,1,2024,W4402220065,1.0
I157773358,I63966007,1,1,2024,W4402220065,1.0
I157773358,I79576946,1,1,2024,W4402220065,1.0
I157773358,I97018004,1,1,2024,W4402220065,1.0
I157773358,I20231570,4,4,2024,W4402704513;W4402754220;W4404759772;W4405268957,0.25
I157773358,I165488957,1,1,2024,W4402727270,1.0
I157773358,I66867065,1,1,2024,W4402727270,1.0
I157773358,I4210118629,1,1,2024,W4402754220,1.0
I157773358,I87445476,1,1,2024,W4402952331,1.0
I157773358,I21193070,1,1,2024,W4403182640,1.0
I157773358,I63072094,1,1,2024,W4403182640,1.0
I157773358,I200769079,2,2,2024,W4403770038;W4405612257,0.5
I157773358,I881766915,1,1,2024,W4403770038,1.0
I157773358,I165932596,2,2,2024,W4404759772;W4405568301,0.5
I157773358,I17721919,1,1,2024,W4404759772,1.0
I157773358,I183519381,1,1,2024,W4404759772,1.0
I157773358,I183935753,1,1,2024,W4404759772,1.0
I157773358,I4210091706,1,1,2024,W4404759772,1.0
I157773358,I4210110199,1,1,2024,W4404759772,1.0
I157773358,I4210121771,1,1,2024,W4404759772,1.0
I157773358,I4210132355,1,1,2024,W4404759772,1.0
I157773358,I4210133003,1,1,2024,W4404759772,1.0
I157773358,I4210133785,1,1,2024,W4404759772,1.0
I157773358,I4210159865,1,1,2024,W4404759772,1.0
I157773358,I53411278,1,1,2024,W4404759772,1.0
I157773358,I204512498,1,1,2024,W4405268957,1.0
I157773358,I27781120,1,1,2024,W4405268957,1.0
I157773358,I40120149,1,1,2024,W4405268957,1.0
I157773358,I4210086933,1,1,2024,W4405268957,1.0
I157773358,I4210086973,1,1,2024,W4405268957,1.0
I157773358,I4210090512,1,1,2024,W4405268957,1.0
I157773358,I4210096587,1,1,2024,W4405268957,1.0
I157773358,I4210097354,1,1,2024,W4405268957,1.0
I157773358,I4210105182,1,1,2024,W4405268957,1.0
I157773358,I4210122949,1,1,2024,W4405268957,1.0
I157773358,I4210123185,1,1,2024,W4405268957,1.0
I157773358,I4210147381,1,1,2024,W4405268957,1.0
I157773358,I4210153856,2,2,2024,W4405268957;W4405568301,0.5
I157773358,I4210154142,1,1,2024,W4405268957,1.0
I157773358,I4210160507,1,1,2024,W4405268957,1.0
I157773358,I58200834,1,1,2024,W4405268957,1.0
I157773358,I92039509,1,1,2024,W4405268957,1.0
I157773358,I197869895,1,1,2024,W4405568301,1.0
I157773358,I32574673,1,1,2024,W4405568301,1.0
I157773358,I3923682,1,1,2024,W4405568301,1.0
I157773358,I4210115456,1,1,2024,W4405568301,1.0
I157773358,I4210132813,1,1,2024,W4405568301,1.0
I157773358,I4210136596,1,1,2024,W4405568301,1.0
I157773358,I4210154929,1,1,2024,W4405568301,1.0
I157773358,I168879160,1,1,2024,W4405612257,1.0
I157773358,I210716285,1,1,2024,W4405612257,1.0
I157773358,I3133055985,1,1,2024,W4405612257,1.0
I157773358,I889458895,1,1,2024,W4405740139,1.0
I158239267,I165390105,1,1,2024,W4403192861,1.0
I158239267,I17533244,1,1,2024,W4403192861,1.0
I158338959,I4210091240,1,1,2024,W4403213841,1.0
I158338959,I4210110242,1,1,2024,W4403213841,1.0
I158338959,I4210134705,1,1,2024,W4403213841,1.0
I158338959,I56306041,1,1,2024,W4403213841,1.0
I158338959,I85461943,1,1,2024,W4403213841,1.0
I158338959,I8977528,1,1,2024,W4403213841,1.0
I158552681,I4210164862,1,1,2024,W4391399751,1.0
I158552681,I92869138,1,1,2024,W4391399751,1.0
I158552681,RAW_XAI,1,1,2024,W4391399751,1.0
I158708052,I2802209374,1,1,2024,W4393195007,1.0
I158708052,I165831266,1,1,2024,W4399770196,1.0
I158708052,I2799452066,1,1,2024,W4399770196,1.0
I158708052,I56306041,1,1,2024,W4399770196,1.0
I158708052,I60054993,1,1,2024,W4399770196,1.0
I158708052,I74319210,1,1,2024,W4399770196,1.0
I158708052,I91633459,1,1,2024,W4399770196,1.0
I158708052,I28777354,1,1,2024,W4405494298,1.0
I158708052,I55913730,1,1,2024,W4405494298,1.0
I15873915,I160993911,1,1,2024,W4401898127,1.0
I15873915,I171256487,1,1,2024,W4401898127,1.0
I15873915,I191420491,1,1,2024,W4401898127,1.0
I15873915,I4387156470,1,1,2024,W4401898127,1.0
I15873915,I4401041618,1,1,2024,W4401898127,1.0
I15873915,I91633459,1,1,2024,W4401898127,1.0
I158743462,I197347611,2,2,2024,W4402512478;W4403476510,0.5
I158743462,I4210104741,1,1,2024,W4402512478,1.0
I158743462,I4210139533,1,1,2024,W4402512478,1.0
I158743462,I17301866,1,1,2024,W4403476510,1.0
I158809036,I204983213,1,1,2024,W4400275793,1.0
I158809036,I27357992,1,1,2024,W4400275793,1.0
I158842170,I194450716,1,1,2024,W4392001696,1.0
I158842170,I204512498,1,1,2024,W4392001696,1.0
I158842170,I6469544,1,1,2024,W4392001696,1.0
I158842170,I191208505,1,1,2024,W4392931438,1.0
I158842170,I2250653659,1,1,2024,W4402220065,1.0
I158842170,I24185976,1,1,2024,W4402220065,1.0
I158842170,I2801851002,1,1,2024,W4402220065,1.0
I158842170,I3018397418,1,1,2024,W4402220065,1.0
I158842170,I4210087915,1,1,2024,W4402220065,1.0
I158842170,I4210104539,1,1,2024,W4402220065,1.0
I158842170,I4210117453,1,1,2024,W4402220065,1.0
I158842170,I4210128921,1,1,2024,W4402220065,1.0
I158842170,I4210134579,1,1,2024,W4402220065,1.0
I158842170,I4210146711,1,1,2024,W4402220065,1.0
I158842170,I4210154480,1,1,2024,W4402220065,1.0
I158842170,I4210158968,1,1,2024,W4402220065,1.0
I158842170,I4210162753,1,1,2024,W4402220065,1.0
I158842170,I63966007,1,1,2024,W4402220065,1.0
I158842170,I79576946,1,1,2024,W4402220065,1.0
I158842170,I97018004,1,1,2024,W4402220065,1.0
I158842170,I200769079,1,1,2024,W4402716046,1.0
I158842170,I19820366,1,1,2024,W4403182640,1.0
I158842170,I21193070,1,1,2024,W4403182640,1.0
I158842170,I4210112150,1,1,2024,W4403182640,1.0
I158842170,I63072094,1,1,2024,W4403182640,1.0
I158842170,I4210118977,1,1,2024,W4403684713,1.0
I158842170,I4210120648,1,1,2024,W4403684713,1.0
I158842170,I4210127658,1,1,2024,W4403684713,1.0
I158842170,I4210135994,1,1,2024,W4403684713,1.0
I158842170,I172675005,1,1,2024,W4403780662,1.0
I158842170,I2250955327,1,1,2024,W4403780662,1.0
I158842170,I90610280,1,1,2024,W4405429558,1.0
I158867519,I68891433,1,1,2024,W4403556859,1.0
I158867519,I94722563,1,1,2024,W4403556859,1.0
I158867519,I98358874,1,1,2024,W4403556859,1.0
I159176309,I2801876189,1,1,2024,W4393972605,1.0
I159176309,I4210143371,1,1,2024,W4393972605,1.0
I159176309,I193223587,1,1,2024,W4398143508,1.0
I159176309,I20089843,1,1,2024,W4398143508,1.0
I159176309,I30771326,1,1,2024,W4398143508,1.0
I159176309,I4210108711,2,2,2024,W4398143508;W4403827866,0.5
I159176309,I55143463,1,1,2024,W4398143508,1.0
I159176309,I201537933,1,1,2024,W4403827866,1.0
I159176309,I4210093896,1,1,2024,W4403827866,1.0
I159176309,I4210138310,1,1,2024,W4403827866,1.0
I159176309,I884043246,1,1,2024,W4404789553,1.0
I159176309,I9927081,1,1,2024,W4405974256,1.0
I159385669,I4210109338,2,2,2024,W4392702964;W4396831262,0.5
I159385669,I79072001,1,1,2024,W4396831262,1.0
I159385669,I165932596,1,1,2024,W4400414272,1.0
I159385669,I22299242,1,1,2024,W4400414272,1.0
I159385669,I4210126319,1,1,2024,W4400414272,1.0
I159948400,I2799424032,1,1,2024,W4394771753,1.0
I159948400,I2801239119,1,1,2024,W4394771753,1.0
I159948400,I4210162753,1,1,2024,W4394771753,1.0
I159948400,I56590836,1,1,2024,W4394771753,1.0
I159948400,I39422238,2,2,2024,W4401709416;W4403499178,0.5
I159948400,I4210122543,2,2,2024,W4401709416;W4403499178,0.5
I159948400,I4210164332,1,1,2024,W4401709416,1.0
I159948400,I4210108985,1,1,2024,W4401857337,1.0
I159948400,I4210131846,1,1,2024,W4401857337,1.0
I159948400,I45129253,1,1,2024,W4401857337,1.0
I159948400,I87216513,1,1,2024,W4401857337,1.0
I159948400,I99065089,1,1,2024,W4401857337,1.0
I160856358,I180242103,1,1,2024,W4392506950,1.0
I160856358,I57093077,2,2,2024,W4392506950;W4394981780,0.5
I160856358,I36258959,2,2,2024,W4401043418;W4403603479,0.5
I160856358,I887064364,1,1,2024,W4402567607,1.0
I160968435,I207789805,1,1,2024,W4396957946,1.0
I160968435,I45129253,1,1,2024,W4396957946,1.0
I160968435,I76571253,1,1,2024,W4396957946,1.0
I160992636,I188497080,1,1,2024,W4403990800,1.0
I160992636,I4210127509,1,1,2024,W4403990800,1.0
I160992636,I79576946,1,1,2024,W4403990800,1.0
I160993911,I165779595,1,1,2024,W4396822039,1.0
I160993911,I183935753,1,1,2024,W4396822039,1.0
I160993911,I82951845,1,1,2024,W4396822039,1.0
I160993911,I98677209,1,1,2024,W4396822039,1.0
I160993911,I171256487,1,1,2024,W4401898127,1.0
I160993911,I191420491,1,1,2024,W4401898127,1.0
I160993911,I4387156470,1,1,2024,W4401898127,1.0
I160993911,I4401041618,1,1,2024,W4401898127,1.0
I160993911,I91633459,1,1,2024,W4401898127,1.0
I160993911,I53620714,1,1,2024,W4402241636,1.0
I160993911,I78577930,1,1,2024,W4402241636,1.0
I161046081,I2801240073,2,2,2024,W4390645866;W4397021297,0.5
I161046081,I180297670,1,1,2024,W4398144060,1.0
I161046081,I197681013,1,1,2024,W4398144060,1.0
I161046081,I204730241,1,1,2024,W4398144060,1.0
I161046081,I39804081,1,1,2024,W4398144060,1.0
I161046081,I4210091279,1,1,2024,W4398144060,1.0
I161046081,I4210091437,1,1,2024,W4398144060,1.0
I161046081,I4210097159,1,1,2024,W4398144060,1.0
I161046081,I4387154308,1,1,2024,W4398144060,1.0
I161046081,I4394709234,1,1,2024,W4398144060,1.0
I161057412,I51556381,1,1,2024,W4405400150,1.0
I161057412,I51601045,1,1,2024,W4405400150,1.0
I161057412,I63772739,1,1,2024,W4405400150,1.0
I161057412,I96062909,1,1,2024,W4405400150,1.0
I161057412,I98461037,1,1,2024,W4405400150,1.0
I161106909,I5388228,1,1,2024,W4391790155,1.0
I161222507,I4210138083,1,1,2024,W4404594861,1.0
I161222507,I57206974,1,1,2024,W4404594861,1.0
I161222507,I74973139,1,1,2024,W4404594861,1.0
I161222507,I78988378,1,1,2024,W4404594861,1.0
I161222507,I99065089,1,1,2024,W4404594861,1.0
I161296585,I74801974,1,1,2024,W4404515436,1.0
I161318765,I172675005,1,1,2024,W4391979508,1.0
I161318765,I200769079,2,2,2024,W4391979508;W4403886275,0.5
I161318765,I187400657,1,1,2024,W4392645685,1.0
I161318765,I191208505,1,1,2024,W4392645685,1.0
I161318765,I2803209242,1,1,2024,W4392645685,1.0
I161318765,I37987034,1,1,2024,W4392645685,1.0
I161318765,I4210121678,1,1,2024,W4392645685,1.0
I161318765,I63966007,1,1,2024,W4392935324,1.0
I161318765,I86519309,1,1,2024,W4392935324,1.0
I161318765,I180670191,1,1,2024,W4396494945,1.0
I161318765,I4210141674,1,1,2024,W4396494945,1.0
I161318765,I166416128,2,2,2024,W4400648858;W4403760728,0.5
I161318765,I183067930,2,2,2024,W4400648858;W4403760728,0.5
I161318765,I2802705668,2,2,2024,W4400648858;W4403760728,0.5
I161318765,I4210164937,1,1,2024,W4401043174,1.0
I161318765,I16391192,1,1,2024,W4401063128,1.0
I161318765,I2799810450,1,1,2024,W4401063128,1.0
I161318765,I4210111958,1,1,2024,W4401063128,1.0
I161318765,I98704320,1,1,2024,W4401063128,1.0
I161318765,I4210135521,1,1,2024,W4401497789,1.0
I161318765,I47508984,1,1,2024,W4401497789,1.0
I161318765,I16269868,1,1,2024,W4402985132,1.0
I161318765,I27837315,1,1,2024,W4402985132,1.0
I161318765,I4391012619,1,1,2024,W4402985132,1.0
I161318765,I74775410,1,1,2024,W4402985132,1.0
I161318765,I74973139,2,2,2024,W4402985132;W4403886275,0.5
I161318765,I80626142,1,1,2024,W4402985132,1.0
I161318765,I889458895,1,1,2024,W4403886275,1.0
I161318765,I4210155268,1,1,2024,W4405179243,1.0
I161318765,I78577930,1,1,2024,W4405179243,1.0
I161346416,I191208505,2,2,2024,W4390537496;W4400877590,0.5
I161346416,I4210131167,1,1,2024,W4390537496,1.0
I161346416,I4210139142,1,1,2024,W4390537496,1.0
I161346416,I4210156034,1,1,2024,W4390537496,1.0
I161346416,I75867142,1,1,2024,W4392207893,1.0
I161346416,I41198531,1,1,2024,W4400877590,1.0
I161856759,I180437899,1,1,2024,W4396528861,1.0
I161856759,I5023651,1,1,2024,W4403850457,1.0
I161856759,I60158472,1,1,2024,W4403850457,1.0
I161878677,I165368041,1,1,2024,W4393906060,1.0
I161878677,I188329596,1,1,2024,W4393906060,1.0
I161878677,I19820366,1,1,2024,W4393906060,1.0
I161878677,I25217355,1,1,2024,W4393906060,1.0
I161878677,I2801798921,1,1,2024,W4393906060,1.0
I161878677,I31746571,1,1,2024,W4393906060,1.0
I161878677,I4210101348,1,1,2024,W4393906060,1.0
I161878677,I4210137199,1,1,2024,W4393906060,1.0
I161878677,I4210148560,1,1,2024,W4393906060,1.0
I161878677,I4210149092,1,1,2024,W4393906060,1.0
I161878677,I4210165038,1,1,2024,W4393906060,1.0
I161878677,I62916508,1,1,2024,W4393906060,1.0
I161878677,I74801974,1,1,2024,W4393906060,1.0
I161878677,I76569877,1,1,2024,W4393906060,1.0
I161878677,I80606768,1,1,2024,W4393906060,1.0
I161878677,I899635006,1,1,2024,W4393906060,1.0
I161878677,I4210127611,1,1,2024,W4399917506,1.0
I161878677,I76134821,1,1,2024,W4399917506,1.0
I161913731,I8033065,1,1,2024,W4390509863,1.0
I162281398,I174216632,1,1,2024,W4393029086,1.0
I162281398,I181697535,1,1,2024,W4393029086,1.0
I162281398,I79576946,1,1,2024,W4393029086,1.0
I162281398,I83041322,1,1,2024,W4393029086,1.0
I162281398,I98704320,1,1,2024,W4393029086,1.0
I162290304,I177639307,1,1,2024,W4401374389,1.0
I162290304,I200777214,1,1,2024,W4401374389,1.0
I162290304,I25217355,1,1,2024,W4401374389,1.0
I162290304,I2801852214,1,1,2024,W4401374389,1.0
I162290304,I93860229,1,1,2024,W4401374389,1.0
I162577319,I193531525,1,1,2024,W4396912489,1.0
I162577319,I57206974,1,1,2024,W4396912489,1.0
I162577319,I79891267,1,1,2024,W4399577572,1.0
I162577319,I881766915,1,1,2024,W4399577572,1.0
I162577319,I173911158,2,2,2024,W4400009090;W4402193259,0.5
I162577319,I201384688,2,2,2024,W4400009090;W4402193259,0.5
I162577319,I79817857,2,2,2024,W4400009090;W4402193259,0.5
I162577319,I91044093,2,2,2024,W4400009090;W4402193259,0.5
I162577319,I183067930,1,1,2024,W4401863300,1.0
I162577319,I45928872,1,1,2024,W4401863300,1.0
I162577319,I3131625388,1,1,2024,W4404371545,1.0
I162577319,I99065089,1,1,2024,W4404371545,1.0
I162577319,I4210110242,1,1,2024,W4405944507,1.0
I162577319,I4210118244,1,1,2024,W4405944507,1.0
I162608824,I168719708,1,1,2024,W4391078387,1.0
I162608824,I169381384,1,1,2024,W4391078387,1.0
I162608824,I184942183,1,1,2024,W4391078387,1.0
I162608824,I200650556,1,1,2024,W4391078387,1.0
I162608824,I24603500,1,1,2024,W4391078387,1.0
I162608824,I39854758,1,1,2024,W4391078387,1.0
I162608824,I4210109447,1,1,2024,W4391078387,1.0
I162608824,I67415387,1,1,2024,W4391078387,1.0
I162608824,I74656192,1,1,2024,W4391078387,1.0
I16269868,I4210121988,1,1,2024,W4391556516,1.0
I16269868,I165075387,1,1,2024,W4399184154,1.0
I16269868,I24943067,1,1,2024,W4399184154,1.0
I16269868,I78577930,1,1,2024,W4399184154,1.0
I16269868,I27837315,1,1,2024,W4402985132,1.0
I16269868,I4391012619,1,1,2024,W4402985132,1.0
I16269868,I74775410,1,1,2024,W4402985132,1.0
I16269868,I74973139,1,1,2024,W4402985132,1.0
I16269868,I80626142,1,1,2024,W4402985132,1.0
I162714631,I170201317,1,1,2024,W4395067526,1.0
I162714631,I201448701,2,2,2024,W4395067526;W4404518541,0.5
I162714631,I32971472,1,1,2024,W4395067526,1.0
I162714631,I58956616,1,1,2024,W4395067526,1.0
I162714631,I919571938,1,1,2024,W4395067526,1.0
I162714631,I175594653,1,1,2024,W4402543881,1.0
I162714631,I27804330,1,1,2024,W4402543881,1.0
I162827531,I172675005,1,1,2024,W4390511840,1.0
I162827531,I4210123095,1,1,2024,W4390511840,1.0
I162838928,I4210124028,1,1,2024,W4402050919,1.0
I162838928,I882009436,1,1,2024,W4402050919,1.0
I16285277,I267592682,1,1,2024,W4395065007,1.0
I162868743,I17145004,1,1,2024,W4390603585,1.0
I162868743,I4210100255,3,3,2024,W4390603585;W4395052272;W4402400123,0.3333333333333333
I162868743,I4391012619,1,1,2024,W4390603585,1.0
I162868743,I890469752,1,1,2024,W4390603585,1.0
I162868743,I19820366,1,1,2024,W4392543511,1.0
I162868743,I4210094879,1,1,2024,W4392543511,1.0
I162868743,I59028903,1,1,2024,W4392543511,1.0
I162868743,I881766915,2,2,2024,W4392543511;W4400487853,0.5
I162868743,I2250955327,1,1,2024,W4394963598,1.0
I162868743,I4210159968,1,1,2024,W4394963598,1.0
I162868743,I4210160618,1,1,2024,W4394963598,1.0
I162868743,I83467386,1,1,2024,W4394963598,1.0
I162868743,I200296433,2,2,2024,W4395052272;W4402400123,0.5
I162868743,I20231570,2,2,2024,W4395052272;W4402400123,0.5
I162868743,I4210124809,1,1,2024,W4395052272,1.0
I162868743,I4210130930,1,1,2024,W4395052272,1.0
I162868743,I4210141942,2,2,2024,W4395052272;W4402400123,0.5
I162868743,I4210157729,1,1,2024,W4395052272,1.0
I162868743,I82880672,1,1,2024,W4395052272,1.0
I162868743,I56007636,1,1,2024,W4399947010,1.0
I162868743,I183067930,1,1,2024,W4400487853,1.0
I162868743,I204778367,1,1,2024,W4400487853,1.0
I162868743,I20942203,1,1,2024,W4400487853,1.0
I162868743,I21193070,1,1,2024,W4400818936,1.0
I162868743,I99065089,1,1,2024,W4400818936,1.0
I162868743,I36399199,1,1,2024,W4401751023,1.0
I162868743,I16391192,1,1,2024,W4402053335,1.0
I162868743,I16609230,1,1,2024,W4402053335,1.0
I162868743,I173759888,1,1,2024,W4402053335,1.0
I162868743,I36373038,1,1,2024,W4402053335,1.0
I162868743,I4210098034,1,1,2024,W4402053335,1.0
I162868743,I4210130649,1,1,2024,W4402053335,1.0
I162868743,I4210140884,1,1,2024,W4402053335,1.0
I162868743,I4210159865,1,1,2024,W4402053335,1.0
I162868743,I58956616,1,1,2024,W4402053335,1.0
I162868743,I16365422,1,1,2024,W4402400123,1.0
I162868743,I200769079,1,1,2024,W4402400123,1.0
I162868743,I4210136246,1,1,2024,W4402400123,1.0
I162868743,I4210136793,1,1,2024,W4402400123,1.0
I162868743,I4387153335,1,1,2024,W4402400123,1.0
I162868743,I71052956,1,1,2024,W4402400123,1.0
I162868743,I889458895,1,1,2024,W4402400123,1.0
I162868743,I2250653659,1,1,2024,W4402781001,1.0
I162868743,I177738480,1,1,2024,W4404643622,1.0
I162868743,I4210159102,1,1,2024,W4405007735,1.0
I162884033,I193775966,1,1,2024,W4391176372,1.0
I162884033,I197347611,1,1,2024,W4391176372,1.0
I162884033,I2799970807,1,1,2024,W4391176372,1.0
I162884033,I4210123059,1,1,2024,W4400889241,1.0
I162884033,I5388228,1,1,2024,W4400889241,1.0
I16295237,I24185976,1,1,2024,W4405022378,1.0
I16295237,I2800091995,1,1,2024,W4405022378,1.0
I16295237,I58956616,1,1,2024,W4405022378,1.0
I163151501,I98677209,1,1,2024,W4392595892,1.0
I163151501,I204983213,1,1,2024,W4399527328,1.0
I163151501,I2802390878,1,1,2024,W4399527328,1.0
I163151501,I4210098734,1,1,2024,W4399527328,1.0
I163151501,I4210165038,1,1,2024,W4399527328,1.0
I163151501,I50760025,1,1,2024,W4399527328,1.0
I163151501,I76130692,1,1,2024,W4399527328,1.0
I163151501,I99065089,1,1,2024,W4399527328,1.0
I163340411,I19820366,1,1,2024,W4391740763,1.0
I163340411,I4210152758,1,1,2024,W4391740763,1.0
I163340411,I4210160793,1,1,2024,W4391740763,1.0
I163340411,I4391768180,1,1,2024,W4391740763,1.0
I163340411,I99065089,1,1,2024,W4391740763,1.0
I163340411,I167027274,1,1,2024,W4394938913,1.0
I163340411,I200769079,2,2,2024,W4394938913;W4401929513,0.5
I163340411,I4210114891,1,1,2024,W4394938913,1.0
I163340411,I4210128615,1,1,2024,W4394938913,1.0
I163340411,I889458895,1,1,2024,W4401929513,1.0
I163340411,I41198531,1,1,2024,W4402569092,1.0
I163340411,I4210120238,1,1,2024,W4402569092,1.0
I163340411,I79510175,1,1,2024,W4402878610,1.0
I16365422,I172675005,2,2,2024,W4390692489;W4402704511,0.5
I16365422,I37796252,1,1,2024,W4390692489,1.0
I16365422,I4210123185,1,1,2024,W4390692489,1.0
I16365422,I56590836,1,1,2024,W4390692489,1.0
I16365422,I74801974,1,1,2024,W4396893400,1.0
I16365422,I200296433,1,1,2024,W4402400123,1.0
I16365422,I200769079,1,1,2024,W4402400123,1.0
I16365422,I20231570,1,1,2024,W4402400123,1.0
I16365422,I4210100255,1,1,2024,W4402400123,1.0
I16365422,I4210136246,1,1,2024,W4402400123,1.0
I16365422,I4210136793,1,1,2024,W4402400123,1.0
I16365422,I4210141942,1,1,2024,W4402400123,1.0
I16365422,I4387153335,1,1,2024,W4402400123,1.0
I16365422,I71052956,1,1,2024,W4402400123,1.0
I16365422,I889458895,1,1,2024,W4402400123,1.0
I16365422,I24943067,1,1,2024,W4402704511,1.0
I16365422,I53486688,1,1,2024,W4402704511,1.0
I16365422,I4210156165,1,1,2024,W4402753751,1.0
I163753206,I4210097538,1,1,2024,W4401313935,1.0
I163753206,I4210135908,1,1,2024,W4401313935,1.0
I163770644,I203951103,1,1,2024,W4393317046,1.0
I163770644,I205349734,1,1,2024,W4393317046,1.0
I163770644,I22299242,1,1,2024,W4393317046,1.0
I163770644,I34077901,1,1,2024,W4393317046,1.0
I163770644,I4210122547,1,1,2024,W4393317046,1.0
I163770644,I4210141669,1,1,2024,W4393317046,1.0
I163770644,I4210157775,1,1,2024,W4393317046,1.0
I163770644,I4387152983,1,1,2024,W4393317046,1.0
I163770644,I60134161,1,1,2024,W4393317046,1.0
I163770644,I74801974,1,1,2024,W4393317046,1.0
I163770644,I98285908,1,1,2024,W4393317046,1.0
I16391192,I2799810450,9,9,2024,W4391953174;W4393318738;W4394943312;W4400083046;W4401063128;W4402037259;W4402782525;W4402960879;W4403583423,0.1111111111111111
I16391192,I98704320,8,8,2024,W4393318738;W4394943312;W4399977125;W4400083046;W4401063128;W4402037259;W4402782525;W4403583423,0.125
I16391192,I174306211,2,2,2024,W4394767601;W4404965692,0.5
I16391192,I201448701,1,1,2024,W4394767601,1.0
I16391192,I2799807261,2,2,2024,W4394767601;W4400955756,0.5
I16391192,I2802336062,1,1,2024,W4394767601,1.0
I16391192,I2802866506,1,1,2024,W4394767601,1.0
I16391192,I3018163063,1,1,2024,W4394767601,1.0
I16391192,I3131873961,1,1,2024,W4394767601,1.0
I16391192,I3018771216,1,1,2024,W4396512602,1.0
I16391192,I36788626,1,1,2024,W4396512602,1.0
I16391192,I4210099236,1,1,2024,W4396512602,1.0
I16391192,I4210142583,2,2,2024,W4396512602;W4405003032,0.5
I16391192,I53964585,2,2,2024,W4396512602;W4404965692,0.5
I16391192,I71920554,1,1,2024,W4396512602,1.0
I16391192,I8204097,1,1,2024,W4396512602,1.0
I16391192,I95457486,1,1,2024,W4396512602,1.0
I16391192,I97018004,1,1,2024,W4396512602,1.0
I16391192,I2800586481,1,1,2024,W4399977125,1.0
I16391192,I2799899409,1,1,2024,W4400083046,1.0
I16391192,I18014758,1,1,2024,W4400582082,1.0
I16391192,I4210099137,1,1,2024,W4400582082,1.0
I16391192,RAW_NVIDIA,3,3,2024,W4400582082;W4400818431;W4404965485,0.3333333333333333
I16391192,I197251160,3,3,2024,W4400582159;W4404167537;W4404965624,0.3333333333333333
I16391192,I4210117425,3,3,2024,W4400582159;W4404965624;W4404965692,0.3333333333333333
I16391192,I4210101321,1,1,2024,W4400818431,1.0
I16391192,I2801151526,1,1,2024,W4400955756,1.0
I16391192,I4210125051,1,1,2024,W4400955756,1.0
I16391192,I4210140243,1,1,2024,W4400955756,1.0
I16391192,I47508984,1,1,2024,W4400955756,1.0
I16391192,I91203450,1,1,2024,W4400955756,1.0
I16391192,I4210111958,2,2,2024,W4401063128;W4403583423,0.5
I16391192,I4210141777,1,1,2024,W4402037259,1.0
I16391192,I16609230,2,2,2024,W4402053335;W4404167537,0.5
I16391192,I173759888,1,1,2024,W4402053335,1.0
I16391192,I36373038,2,2,2024,W4402053335;W4404167537,0.5
I16391192,I4210098034,1,1,2024,W4402053335,1.0
I16391192,I4210130649,2,2,2024,W4402053335;W4404167537,0.5
I16391192,I4210140884,2,2,2024,W4402053335;W4404167537,0.5
I16391192,I4210159865,1,1,2024,W4402053335,1.0
I16391192,I58956616,2,2,2024,W4402053335;W4404167537,0.5
I16391192,I4210125099,1,1,2024,W4403583423,1.0
I16391192,I4210114115,1,1,2024,W4404167537,1.0
I16391192,I4210158374,1,1,2024,W4404167537,1.0
I16391192,I4210167297,1,1,2024,W4404167537,1.0
I16391192,I95240055,1,1,2024,W4404167537,1.0
I16391192,I180670191,1,1,2024,W4404228387,1.0
I16391192,I200207707,1,1,2024,W4404228387,1.0
I16391192,I2800098698,1,1,2024,W4404228387,1.0
I16391192,I4210096780,1,1,2024,W4404228387,1.0
I16391192,I4210102047,1,1,2024,W4404228387,1.0
I16391192,I4210106256,1,1,2024,W4404228387,1.0
I16391192,I4210137384,1,1,2024,W4404228387,1.0
I16391192,I21196054,1,1,2024,W4404566604,1.0
I16391192,I4210091634,1,1,2024,W4404566604,1.0
I16391192,I4210094983,1,1,2024,W4404566604,1.0
I16391192,I4210143281,1,1,2024,W4404566604,1.0
I16391192,I4210093787,1,1,2024,W4404965624,1.0
I16391192,I4210127875,1,1,2024,W4405003184,1.0
I164213776,I183067930,1,1,2024,W4405895871,1.0
I164213776,I183935753,1,1,2024,W4405895871,1.0
I164213776,I4210090971,1,1,2024,W4405895871,1.0
I164213776,I66867065,1,1,2024,W4405895871,1.0
I164389053,I4210088923,1,1,2024,W4400524753,1.0
I164936912,I170164250,1,1,2024,W4402691957,1.0
I164936912,I250520410,1,1,2024,W4402691957,1.0
I164936912,I82495205,1,1,2024,W4402691957,1.0
I165028127,I24541011,1,1,2024,W4398175922,1.0
I165028127,I2801624344,1,1,2024,W4398175922,1.0
I165028127,I4210105394,1,1,2024,W4398175922,1.0
I165028127,I4210130191,1,1,2024,W4398175922,1.0
I165028127,I58956616,1,1,2024,W4398175922,1.0
I165075387,I24943067,1,1,2024,W4399184154,1.0
I165075387,I78577930,1,1,2024,W4399184154,1.0
I165143802,I200719446,1,1,2024,W4390808973,1.0
I165143802,I4210089144,1,1,2024,W4390808973,1.0
I165143802,I4210110752,1,1,2024,W4390808973,1.0
I165143802,I4210120493,1,1,2024,W4390808973,1.0
I165143802,I4210161407,1,1,2024,W4390808973,1.0
I165143802,I4387154205,1,1,2024,W4390808973,1.0
I165143802,I8204097,1,1,2024,W4390808973,1.0
I165143802,I4210089726,1,1,2024,W4396745117,1.0
I165143802,I36234482,1,1,2024,W4398141811,1.0
I165143802,I91045830,1,1,2024,W4398141811,1.0
I165368041,I19820366,3,3,2024,W4392900447;W4393906060;W4401378300,0.3333333333333333
I165368041,I4210137199,3,3,2024,W4392900447;W4393906060;W4401378300,0.3333333333333333
I165368041,I4210165038,3,3,2024,W4392900447;W4393906060;W4401378300,0.3333333333333333
I165368041,I74801974,3,3,2024,W4392900447;W4393906060;W4401378300,0.3333333333333333
I165368041,I76569877,2,2,2024,W4392900447;W4393906060,0.5
I165368041,I899635006,3,3,2024,W4392900447;W4393906060;W4401378300,0.3333333333333333
I165368041,I188329596,1,1,2024,W4393906060,1.0
I165368041,I25217355,1,1,2024,W4393906060,1.0
I165368041,I2801798921,2,2,2024,W4393906060;W4401378300,0.5
I165368041,I31746571,1,1,2024,W4393906060,1.0
I165368041,I4210101348,2,2,2024,W4393906060;W4401378300,0.5
I165368041,I4210148560,2,2,2024,W4393906060;W4401378300,0.5
I165368041,I4210149092,2,2,2024,W4393906060;W4401378300,0.5
I165368041,I62916508,1,1,2024,W4393906060,1.0
I165368041,I80606768,1,1,2024,W4393906060,1.0
I165368041,I3124059619,1,1,2024,W4401378300,1.0
I165390105,I17533244,1,1,2024,W4403192861,1.0
I165488957,I66867065,1,1,2024,W4402727270,1.0
I165524941,I183935753,2,2,2024,W4392373674;W4405545714,0.5
I165524941,I200166805,1,1,2024,W4392373674,1.0
I165524941,I4210111135,1,1,2024,W4392373674,1.0
I165524941,I4210119896,1,1,2024,W4392373674,1.0
I165524941,I4210126463,1,1,2024,W4392373674,1.0
I165524941,I45129253,2,2,2024,W4392373674;W4394716098,0.5
I165524941,I4210151618,1,1,2024,W4394716098,1.0
I165524941,I98640878,1,1,2024,W4394716098,1.0
I165524941,I2801851002,1,1,2024,W4405545714,1.0
I165524941,I3018134672,1,1,2024,W4405545714,1.0
I165524941,I4210110987,1,1,2024,W4405545714,1.0
I165524941,I4210157861,1,1,2024,W4405545714,1.0
I165524941,I47508984,1,1,2024,W4405545714,1.0
I165524941,I62916508,1,1,2024,W4405545714,1.0
I165524941,I97018004,1,1,2024,W4405545714,1.0
I165526535,I4210146544,1,1,2024,W4391898739,1.0
I165526535,I99065089,1,1,2024,W4403576883,1.0
I165556055,I921990950,1,1,2024,W4391367909,1.0
I165556055,I97018004,1,1,2024,W4391367909,1.0
I165678365,I4387154627,1,1,2024,W4403102581,1.0
I165678365,I45129253,1,1,2024,W4403102581,1.0
I165678365,I91136226,1,1,2024,W4403102581,1.0
I165733156,I183067930,2,2,2024,W4390490761;W4402582321,0.5
I165733156,I4210090176,1,1,2024,W4390490761,1.0
I165733156,I47251452,1,1,2024,W4390490761,1.0
I165733156,I98301712,1,1,2024,W4390490761,1.0
I165733156,I17301866,1,1,2024,W4391321490,1.0
I165733156,I172675005,1,1,2024,W4393002303,1.0
I165733156,I36234482,1,1,2024,W4393002303,1.0
I165733156,I63190737,1,1,2024,W4393002303,1.0
I165733156,I97018004,2,2,2024,W4393002303;W4401397240,0.5
I165733156,I3124059619,1,1,2024,W4399914797,1.0
I165733156,I86519309,2,2,2024,W4399914797;W4404481310,0.5
I165733156,I51556381,2,2,2024,W4400525589;W4404481310,0.5
I165733156,I185103710,1,1,2024,W4401397240,1.0
I165733156,I186143895,1,1,2024,W4401397240,1.0
I165733156,I2802423016,1,1,2024,W4401397240,1.0
I165733156,I4210087915,1,1,2024,W4401397240,1.0
I165733156,I4210101778,1,1,2024,W4401397240,1.0
I165733156,I4210127693,1,1,2024,W4401397240,1.0
I165733156,I4210146710,1,1,2024,W4401397240,1.0
I165733156,I79576946,1,1,2024,W4401397240,1.0
I165733156,I919571938,1,1,2024,W4401397240,1.0
I165733156,I30809798,2,2,2024,W4402582321;W4402701904,0.5
I165733156,I4210135459,2,2,2024,W4402582321;W4402701904,0.5
I165733156,I4210157781,2,2,2024,W4402582321;W4402701904,0.5
I165733156,I17145004,2,2,2024,W4402701904;W4405660551,0.5
I165733156,I88830068,1,1,2024,W4405660551,1.0
I165779595,I56590836,1,1,2024,W4392445354,1.0
I165779595,I82951845,3,3,2024,W4392972228;W4396822039;W4399805847,0.3333333333333333
I165779595,I177877127,1,1,2024,W4394586040,1.0
I165779595,I60922564,1,1,2024,W4396219010,1.0
I165779595,I183935753,1,1,2024,W4396822039,1.0
I165779595,I98677209,1,1,2024,W4396822039,1.0
I165779595,I39343248,1,1,2024,W4401009855,1.0
I165779595,I62916508,1,1,2024,W4401009855,1.0
I165779595,I4210163543,1,1,2024,W4402423206,1.0
I165779595,I186903577,1,1,2024,W4402457600,1.0
I165779595,I39333907,1,1,2024,W4402457600,1.0
I165799507,I201448701,1,1,2024,W4392503764,1.0
I165799507,I63966007,2,2,2024,W4392503764;W4396919238,0.5
I165799507,I97018004,2,2,2024,W4392503764;W4400493343,0.5
I165799507,I74973139,1,1,2024,W4396832466,1.0
I165799507,I27837315,1,1,2024,W4396919238,1.0
I165799507,I86755215,1,1,2024,W4396919238,1.0
I165799507,I4210158318,1,1,2024,W4400493343,1.0
I165799507,I76130692,1,1,2024,W4400493343,1.0
I165799507,I204250578,1,1,2024,W4402770330,1.0
I165799507,I4210164937,1,1,2024,W4402770330,1.0
I165799507,I52357470,1,1,2024,W4402770330,1.0
I165831266,I2799452066,1,1,2024,W4399770196,1.0
I165831266,I56306041,1,1,2024,W4399770196,1.0
I165831266,I60054993,1,1,2024,W4399770196,1.0
I165831266,I74319210,1,1,2024,W4399770196,1.0
I165831266,I91633459,1,1,2024,W4399770196,1.0
I165932596,I180670191,3,3,2024,W4390921272;W4395026179;W4399737726,0.3333333333333333
I165932596,I2251586001,3,3,2024,W4390921272;W4395026179;W4399737726,0.3333333333333333
I165932596,I2799299286,9,9,2024,W4390921272;W4391225179;W4391509875;W4395026179;W4399737726;W4403649703;W4404759772;W4405533687;W4405568301,0.1111111111111111
I165932596,I4210097409,1,1,2024,W4390921272,1.0
I165932596,I4210116917,8,8,2024,W4390921272;W4391225179;W4391509875;W4395026179;W4399737726;W4403649703;W4404759772;W4405533687,0.125
I165932596,I4210126319,6,6,2024,W4390921272;W4391225179;W4395026179;W4399737726;W4400414272;W4405533687,0.16666666666666666
I165932596,I4210146998,1,1,2024,W4390921272,1.0
I165932596,I97018004,4,4,2024,W4390921272;W4395026179;W4399737726;W4404070753,0.25
I165932596,I183067930,2,2,2024,W4391225179;W4391509875,0.5
I165932596,I27837315,1,1,2024,W4391225179,1.0
I165932596,I2800810863,1,1,2024,W4391225179,1.0
I165932596,I2801766832,1,1,2024,W4391225179,1.0
I165932596,I4210116924,2,2,2024,W4391225179;W4404844643,0.5
I165932596,I4210135742,1,1,2024,W4391225179,1.0
I165932596,I4210142044,1,1,2024,W4391225179,1.0
I165932596,I4210153550,4,4,2024,W4391225179;W4391509875;W4404759772;W4405533687,0.25
I165932596,I82880672,3,3,2024,W4391225179;W4404914305;W4405533687,0.3333333333333333
I165932596,I889458895,4,4,2024,W4391225179;W4392366650;W4400531852;W4403062944,0.25
I165932596,I99065089,6,6,2024,W4391225179;W4391509875;W4402727405;W4403905010;W4404759772;W4405533687,0.16666666666666666
I165932596,I4210116869,1,1,2024,W4391509875,1.0
I165932596,I4210128175,1,1,2024,W4391509875,1.0
I165932596,I4210096592,1,1,2024,W4391724785,1.0
I165932596,I56590836,3,3,2024,W4391724785;W4400531852;W4404070753,0.3333333333333333
I165932596,I177725633,7,7,2024,W4392366650;W4392579942;W4403062944;W4404759772;W4404844643;W4405568301;W4414360897,0.14285714285714285
I165932596,I4210113369,2,2,2024,W4392366650;W4394946189,0.5
I165932596,I4210122016,2,2,2024,W4392579942;W4403062944,0.5
I165932596,I45129253,3,3,2024,W4392579942;W4403062944;W4405533687,0.3333333333333333
I165932596,I19820366,2,2,2024,W4393160654;W4414360897,0.5
I165932596,I4210090176,2,2,2024,W4393160654;W4401863513,0.5
I165932596,I4210165038,2,2,2024,W4393160654;W4401863513,0.5
I165932596,I3129773123,1,1,2024,W4393170828,1.0
I165932596,I67357951,2,2,2024,W4393170828;W4400070936,0.5
I165932596,I74796645,4,4,2024,W4393170828;W4394564352;W4400070936;W4401730946,0.25
I165932596,I172675005,4,4,2024,W4393216547;W4400070936;W4402392501;W4402727642,0.25
I165932596,I20231570,2,2,2024,W4394946189;W4404759772,0.5
I165932596,I4210164937,1,1,2024,W4394946189,1.0
I165932596,I47720641,1,1,2024,W4394946189,1.0
I165932596,RAW_MICROSOFT,1,1,2024,W4394946189,1.0
I165932596,I173093425,2,2,2024,W4395026179;W4399737726,0.5
I165932596,I2799333108,2,2,2024,W4395026179;W4399737726,0.5
I165932596,I2803209242,2,2,2024,W4395026179;W4399737726,0.5
I165932596,I3020100970,2,2,2024,W4395026179;W4399737726,0.5
I165932596,I40120149,4,4,2024,W4395026179;W4399737726;W4404070753;W4404333646,0.25
I165932596,I4210105015,2,2,2024,W4395026179;W4399737726,0.5
I165932596,I4210116208,1,1,2024,W4395026179,1.0
I165932596,I4210137145,2,2,2024,W4395026179;W4399737726,0.5
I165932596,I4210137306,1,1,2024,W4395026179,1.0
I165932596,I4210146690,1,1,2024,W4395026179,1.0
I165932596,I4210150290,2,2,2024,W4395026179;W4399737726,0.5
I165932596,I4210162189,2,2,2024,W4395026179;W4399737726,0.5
I165932596,I61628605,1,1,2024,W4395026179,1.0
I165932596,I17145004,1,1,2024,W4396735245,1.0
I165932596,I21193070,1,1,2024,W4396735245,1.0
I165932596,I4210095624,1,1,2024,W4396735245,1.0
I165932596,I76130692,2,2,2024,W4399665798;W4401754921,0.5
I165932596,I76569877,1,1,2024,W4399665798,1.0
I165932596,I251738,1,1,2024,W4400070936,1.0
I165932596,I4210113480,1,1,2024,W4400070936,1.0
I165932596,I67031392,1,1,2024,W4400070936,1.0
I165932596,I22299242,1,1,2024,W4400414272,1.0
I165932596,I4210162141,1,1,2024,W4401730946,1.0
I165932596,I60587646,1,1,2024,W4401730946,1.0
I165932596,I98301712,1,1,2024,W4401857375,1.0
I165932596,I40347166,1,1,2024,W4402042869,1.0
I165932596,I86519309,1,1,2024,W4402042869,1.0
I165932596,I95457486,1,1,2024,W4402042869,1.0
I165932596,I174104030,1,1,2024,W4402351990,1.0
I165932596,I205783295,1,1,2024,W4402351990,1.0
I165932596,I4210092791,1,1,2024,W4402351990,1.0
I165932596,I2250653659,1,1,2024,W4402716423,1.0
I165932596,I24943067,1,1,2024,W4402716423,1.0
I165932596,I3005327000,2,2,2024,W4402716423;W4404914305,0.5
I165932596,I204983213,1,1,2024,W4402727642,1.0
I165932596,I4210105229,1,1,2024,W4403062944,1.0
I165932596,I3004594783,1,1,2024,W4403649703,1.0
I165932596,I241749,2,2,2024,W4404070753;W4404333646,0.5
I165932596,I2801239119,1,1,2024,W4404070753,1.0
I165932596,I4210166406,1,1,2024,W4404333646,1.0
I165932596,I82284825,1,1,2024,W4404575410,1.0
I165932596,I17721919,1,1,2024,W4404759772,1.0
I165932596,I183519381,1,1,2024,W4404759772,1.0
I165932596,I183935753,1,1,2024,W4404759772,1.0
I165932596,I4210091706,1,1,2024,W4404759772,1.0
I165932596,I4210110199,1,1,2024,W4404759772,1.0
I165932596,I4210121771,1,1,2024,W4404759772,1.0
I165932596,I4210132355,1,1,2024,W4404759772,1.0
I165932596,I4210133003,1,1,2024,W4404759772,1.0
I165932596,I4210133785,1,1,2024,W4404759772,1.0
I165932596,I4210159865,1,1,2024,W4404759772,1.0
I165932596,I47508984,1,1,2024,W4404759772,1.0
I165932596,I53411278,1,1,2024,W4404759772,1.0
I165932596,I168719708,1,1,2024,W4404844643,1.0
I165932596,I92403157,1,1,2024,W4404844643,1.0
I165932596,I2802614804,1,1,2024,W4404884950,1.0
I165932596,I4210109338,1,1,2024,W4404884950,1.0
I165932596,I4210131026,1,1,2024,W4405533687,1.0
I165932596,I4210150574,1,1,2024,W4405533687,1.0
I165932596,I197869895,1,1,2024,W4405568301,1.0
I165932596,I24185976,1,1,2024,W4405568301,1.0
I165932596,I32574673,1,1,2024,W4405568301,1.0
I165932596,I3923682,1,1,2024,W4405568301,1.0
I165932596,I4210115456,1,1,2024,W4405568301,1.0
I165932596,I4210132813,1,1,2024,W4405568301,1.0
I165932596,I4210136596,1,1,2024,W4405568301,1.0
I165932596,I4210153856,1,1,2024,W4405568301,1.0
I165932596,I4210154929,1,1,2024,W4405568301,1.0
I165932596,I4210123185,1,1,2024,W4414360897,1.0
I165932596,I4210145761,1,1,2024,W4414360897,1.0
I165932596,I4391012619,1,1,2024,W4414360897,1.0
I165998391,I170979836,1,1,2024,W4394984866,1.0
I165998391,I7882870,1,1,2024,W4394984866,1.0
I16609230,I170215575,1,1,2024,W4393147944,1.0
I16609230,I168879160,1,1,2024,W4396655986,1.0
I16609230,I34949971,1,1,2024,W4396655986,1.0
I16609230,I4391767752,1,1,2024,W4396655986,1.0
I16609230,I44445938,1,1,2024,W4396655986,1.0
I16609230,I55712492,2,2,2024,W4396655986;W4403612632,0.5
I16609230,I71920554,1,1,2024,W4396655986,1.0
I16609230,I76130692,1,1,2024,W4396655986,1.0
I16609230,I4210096063,1,1,2024,W4400094413,1.0
I16609230,I4210101969,1,1,2024,W4400094413,1.0
I16609230,I56590836,1,1,2024,W4401636497,1.0
I16609230,I173759888,1,1,2024,W4402053335,1.0
I16609230,I36373038,2,2,2024,W4402053335;W4404167537,0.5
I16609230,I4210098034,1,1,2024,W4402053335,1.0
I16609230,I4210130649,2,2,2024,W4402053335;W4404167537,0.5
I16609230,I4210140884,2,2,2024,W4402053335;W4404167537,0.5
I16609230,I4210159865,1,1,2024,W4402053335,1.0
I16609230,I58956616,2,2,2024,W4402053335;W4404167537,0.5
I16609230,I191208505,1,1,2024,W4402587212,1.0
I16609230,I2801798921,1,1,2024,W4402674165,1.0
I16609230,I4210148560,1,1,2024,W4402674165,1.0
I16609230,I56934997,1,1,2024,W4402674165,1.0
I16609230,I19820366,1,1,2024,W4403612632,1.0
I16609230,I33213144,1,1,2024,W4403612632,1.0
I16609230,I4210165038,1,1,2024,W4403612632,1.0
I16609230,I197251160,1,1,2024,W4404167537,1.0
I16609230,I4210114115,1,1,2024,W4404167537,1.0
I16609230,I4210158374,1,1,2024,W4404167537,1.0
I16609230,I4210167297,1,1,2024,W4404167537,1.0
I16609230,I95240055,1,1,2024,W4404167537,1.0
I166182418,I170583851,1,1,2024,W4402311284,1.0
I166182418,I2800249161,1,1,2024,W4402311284,1.0
I166182418,I385303915,1,1,2024,W4402311284,1.0
I166182418,I4210105686,1,1,2024,W4402311284,1.0
I166182418,I4210117106,1,1,2024,W4402311284,1.0
I166337079,I2800403580,1,1,2024,W4394923525,1.0
I166337079,I859038795,1,1,2024,W4394923525,1.0
I166337079,I71052956,1,1,2024,W4396573434,1.0
I166337079,I180670191,1,1,2024,W4403090726,1.0
I166337079,I208626154,1,1,2024,W4403090726,1.0
I166337079,I2801851002,1,1,2024,W4403090726,1.0
I166337079,I40120149,1,1,2024,W4403090726,1.0
I166337079,I45129253,1,1,2024,W4403090726,1.0
I166337079,I5023651,1,1,2024,W4403090726,1.0
I166337079,I2799858192,1,1,2024,W4404756518,1.0
I166337079,I75390827,1,1,2024,W4404756518,1.0
I166337079,I66752286,1,1,2024,W4405315556,1.0
I166416128,I2802705668,3,3,2024,W4399372400;W4400648858;W4403760728,0.3333333333333333
I166416128,I183067930,2,2,2024,W4400648858;W4403760728,0.5
I166644833,I202697423,1,1,2024,W4392562062,1.0
I166644833,I2801851002,1,1,2024,W4392562062,1.0
I166644833,I4210119109,1,1,2024,W4392562062,1.0
I166644833,I47508984,1,1,2024,W4392562062,1.0
I166644833,I74801974,1,1,2024,W4392562062,1.0
I166644833,I74973139,1,1,2024,W4392562062,1.0
I166722992,I2802835388,1,1,2024,W4392191246,1.0
I166722992,I3019586173,1,1,2024,W4392191246,1.0
I166722992,I40347166,1,1,2024,W4392191246,1.0
I166722992,I4210086933,1,1,2024,W4392191246,1.0
I166722992,I4210125099,1,1,2024,W4392191246,1.0
I166722992,I4210127401,1,1,2024,W4392191246,1.0
I166722992,I4210158428,1,1,2024,W4392191246,1.0
I166722992,I921990950,1,1,2024,W4392191246,1.0
I166722992,I97018004,1,1,2024,W4392191246,1.0
I166722992,I98285908,1,1,2024,W4392191246,1.0
I166722992,I177605424,1,1,2024,W4399326970,1.0
I166722992,I24603500,1,1,2024,W4399326970,1.0
I166722992,I4210090056,1,1,2024,W4399326970,1.0
I166825849,I176453806,1,1,2024,W4392196220,1.0
I166825849,I179225836,1,1,2024,W4392196220,1.0
I166825849,I8087733,1,1,2024,W4392196220,1.0
I166825849,I86695891,1,1,2024,W4392196220,1.0
I167027274,I200769079,1,1,2024,W4394938913,1.0
I167027274,I4210114891,1,1,2024,W4394938913,1.0
I167027274,I4210128615,1,1,2024,W4394938913,1.0
I167027274,I4210136793,1,1,2024,W4403446944,1.0
I167027274,I48780066,1,1,2024,W4403446944,1.0
I167056439,I20581793,1,1,2024,W4400998898,1.0
I167056439,I4210131537,1,1,2024,W4400998898,1.0
I167056439,I63098007,1,1,2024,W4400998898,1.0
I16733864,I4210113480,1,1,2024,W4392902623,1.0
I16733864,I74973139,1,1,2024,W4392902623,1.0
I16733864,I74801974,1,1,2024,W4393972877,1.0
I16733864,I4210098776,1,1,2024,W4394862910,1.0
I16733864,I4210099336,1,1,2024,W4394862910,1.0
I16733864,I60134161,1,1,2024,W4394862910,1.0
I16733864,I194450716,1,1,2024,W4402753737,1.0
I16733864,I4210136497,1,1,2024,W4402753737,1.0
I16733864,I4210127875,1,1,2024,W4404198601,1.0
I16820183,I4210123409,1,1,2024,W4391098193,1.0
I16820183,I4210127938,1,1,2024,W4391098193,1.0
I16820183,I4210146710,1,1,2024,W4391098193,1.0
I16820183,I39422238,1,1,2024,W4392509585,1.0
I16820183,I193531525,1,1,2024,W4402080492,1.0
I16820183,I2799587377,1,1,2024,W4402080492,1.0
I16835326,I223822909,2,2,2024,W4397003633;W4404584849,0.5
I16835326,I2802164966,2,2,2024,W4397003633;W4404584849,0.5
I16835326,I34809795,1,1,2024,W4397003633,1.0
I16835326,I4210108778,2,2,2024,W4397003633;W4404584849,0.5
I16835326,I4210111460,2,2,2024,W4397003633;W4404584849,0.5
I16835326,I4210156450,2,2,2024,W4397003633;W4404584849,0.5
I16835326,I887968799,1,1,2024,W4397003633,1.0
I16835326,I4210120689,1,1,2024,W4404584849,1.0
I16835326,I78650965,1,1,2024,W4404584849,1.0
I16835326,I168864056,1,1,2024,W4404764563,1.0
I16835326,I170658231,1,1,2024,W4404764563,1.0
I16835326,I1850255,1,1,2024,W4404764563,1.0
I16835326,I197323543,1,1,2024,W4404764563,1.0
I16835326,I20089843,1,1,2024,W4404764563,1.0
I16835326,I202697423,1,1,2024,W4404764563,1.0
I16835326,I204337017,1,1,2024,W4404764563,1.0
I16835326,I2184545,1,1,2024,W4404764563,1.0
I16835326,I241749,1,1,2024,W4404764563,1.0
I16835326,I27804330,1,1,2024,W4404764563,1.0
I16835326,I2802640592,1,1,2024,W4404764563,1.0
I16835326,I32597200,1,1,2024,W4404764563,1.0
I16835326,I32971472,1,1,2024,W4404764563,1.0
I16835326,I36234482,1,1,2024,W4404764563,1.0
I16835326,I40120149,1,1,2024,W4404764563,1.0
I16835326,I4210094062,1,1,2024,W4404764563,1.0
I16835326,I4210098931,1,1,2024,W4404764563,1.0
I16835326,I4210126907,1,1,2024,W4404764563,1.0
I16835326,I4210128584,1,1,2024,W4404764563,1.0
I16835326,I4210130445,1,1,2024,W4404764563,1.0
I16835326,I4210134158,1,1,2024,W4404764563,1.0
I16835326,I4210134550,1,1,2024,W4404764563,1.0
I16835326,I4210143801,1,1,2024,W4404764563,1.0
I16835326,I4210144746,1,1,2024,W4404764563,1.0
I16835326,I4210157294,1,1,2024,W4404764563,1.0
I16835326,I4210158500,1,1,2024,W4404764563,1.0
I16835326,I4387152376,1,1,2024,W4404764563,1.0
I16835326,I44260953,1,1,2024,W4404764563,1.0
I16835326,I45129253,1,1,2024,W4404764563,1.0
I16835326,I57206974,1,1,2024,W4404764563,1.0
I16835326,I62916508,1,1,2024,W4404764563,1.0
I16835326,I63966007,1,1,2024,W4404764563,1.0
I16835326,I78757542,1,1,2024,W4404764563,1.0
I16835326,I79576946,1,1,2024,W4404764563,1.0
I16835326,I8087733,1,1,2024,W4404764563,1.0
I16835326,I8204097,1,1,2024,W4404764563,1.0
I16835326,I91727514,1,1,2024,W4404764563,1.0
I16835326,I97565354,1,1,2024,W4404764563,1.0
I16835326,I98677209,1,1,2024,W4404764563,1.0
I168635309,I31746571,3,3,2024,W4391681217;W4392405447;W4392544408,0.3333333333333333
I168635309,I57206974,3,3,2024,W4391681217;W4392405447;W4392544408,0.3333333333333333
I168635309,I79891267,1,1,2024,W4391940856,1.0
I168635309,I91045830,1,1,2024,W4392405447,1.0
I168635309,I185261750,1,1,2024,W4392691776,1.0
I168635309,I2801862477,1,1,2024,W4392691776,1.0
I168635309,I4210123235,1,1,2024,W4400484629,1.0
I168635309,I2802127220,1,1,2024,W4402164554,1.0
I168719708,I169381384,1,1,2024,W4391078387,1.0
I168719708,I184942183,1,1,2024,W4391078387,1.0
I168719708,I200650556,2,2,2024,W4391078387;W4394828356,0.5
I168719708,I24603500,1,1,2024,W4391078387,1.0
I168719708,I39854758,1,1,2024,W4391078387,1.0
I168719708,I4210109447,1,1,2024,W4391078387,1.0
I168719708,I67415387,1,1,2024,W4391078387,1.0
I168719708,I74656192,1,1,2024,W4391078387,1.0
I168719708,I2250955327,1,1,2024,W4392384596,1.0
I168719708,I2250653659,3,3,2024,W4393181728;W4400525231;W4404239715,0.3333333333333333
I168719708,I4210162314,1,1,2024,W4393181728,1.0
I168719708,I33586908,1,1,2024,W4394828356,1.0
I168719708,I4210131147,1,1,2024,W4394828356,1.0
I168719708,I4401726783,1,1,2024,W4394828356,1.0
I168719708,I48890080,1,1,2024,W4394828356,1.0
I168719708,I74319210,1,1,2024,W4394828356,1.0
I168719708,I876193797,1,1,2024,W4394828356,1.0
I168719708,I170215575,1,1,2024,W4394994587,1.0
I168719708,I87216513,1,1,2024,W4394994587,1.0
I168719708,I24027795,1,1,2024,W4396653761,1.0
I168719708,I28777354,1,1,2024,W4396653761,1.0
I168719708,I4210100923,1,1,2024,W4396653761,1.0
I168719708,I4210144925,1,1,2024,W4396653761,1.0
I168719708,I56306041,1,1,2024,W4396653761,1.0
I168719708,I95457486,1,1,2024,W4396833729,1.0
I168719708,I200296433,1,1,2024,W4396904350,1.0
I168719708,I24943067,1,1,2024,W4396904350,1.0
I168719708,I2801703238,1,1,2024,W4396904350,1.0
I168719708,I4210096354,1,1,2024,W4396904350,1.0
I168719708,I4210100650,1,1,2024,W4396904350,1.0
I168719708,I4210114506,1,1,2024,W4396904350,1.0
I168719708,I4210158318,1,1,2024,W4396904350,1.0
I168719708,I45928872,1,1,2024,W4396904350,1.0
I168719708,I76130692,2,2,2024,W4396904350;W4403424095,0.5
I168719708,I23923803,1,1,2024,W4399266905,1.0
I168719708,I31669788,1,1,2024,W4399266905,1.0
I168719708,I4210089887,1,1,2024,W4399266905,1.0
I168719708,I47508984,1,1,2024,W4399266905,1.0
I168719708,I87445476,3,3,2024,W4399266905;W4400525231;W4401863560,0.3333333333333333
I168719708,I93860229,1,1,2024,W4399266905,1.0
I168719708,I3045169105,2,2,2024,W4400525231;W4401863560,0.5
I168719708,I20231570,1,1,2024,W4400582609,1.0
I168719708,I82880672,1,1,2024,W4400582609,1.0
I168719708,I172675005,2,2,2024,W4401110423;W4405908042,0.5
I168719708,I36399199,1,1,2024,W4401656479,1.0
I168719708,I194450716,1,1,2024,W4401863560,1.0
I168719708,I200769079,1,1,2024,W4401863560,1.0
I168719708,I52099693,1,1,2024,W4401863560,1.0
I168719708,I889458895,1,1,2024,W4401863560,1.0
I168719708,I197347611,1,1,2024,W4403041070,1.0
I168719708,I4210092510,1,1,2024,W4403041070,1.0
I168719708,I4210123907,1,1,2024,W4403041070,1.0
I168719708,I4210160144,1,1,2024,W4403041070,1.0
I168719708,I87111246,1,1,2024,W4403041070,1.0
I168719708,I185492890,1,1,2024,W4403424095,1.0
I168719708,I4210091609,1,1,2024,W4404239715,1.0
I168719708,I177725633,3,3,2024,W4404644013;W4404844643;W4404856308,0.3333333333333333
I168719708,I4210116924,1,1,2024,W4404844643,1.0
I168719708,I92403157,1,1,2024,W4404844643,1.0
I168719708,I19820366,1,1,2024,W4404856308,1.0
I168719708,I204983213,1,1,2024,W4404856308,1.0
I168719708,I4210105229,1,1,2024,W4404856308,1.0
I168719708,I4210128910,1,1,2024,W4404856308,1.0
I168719708,I4210137146,1,1,2024,W4404856308,1.0
I168864056,I170658231,1,1,2024,W4404764563,1.0
I168864056,I1850255,1,1,2024,W4404764563,1.0
I168864056,I197323543,1,1,2024,W4404764563,1.0
I168864056,I20089843,1,1,2024,W4404764563,1.0
I168864056,I202697423,1,1,2024,W4404764563,1.0
I168864056,I204337017,1,1,2024,W4404764563,1.0
I168864056,I2184545,1,1,2024,W4404764563,1.0
I168864056,I241749,1,1,2024,W4404764563,1.0
I168864056,I27804330,1,1,2024,W4404764563,1.0
I168864056,I2802640592,1,1,2024,W4404764563,1.0
I168864056,I32597200,1,1,2024,W4404764563,1.0
I168864056,I32971472,1,1,2024,W4404764563,1.0
I168864056,I36234482,1,1,2024,W4404764563,1.0
I168864056,I40120149,1,1,2024,W4404764563,1.0
I168864056,I4210094062,1,1,2024,W4404764563,1.0
I168864056,I4210098931,1,1,2024,W4404764563,1.0
I168864056,I4210126907,1,1,2024,W4404764563,1.0
I168864056,I4210128584,1,1,2024,W4404764563,1.0
I168864056,I4210130445,1,1,2024,W4404764563,1.0
I168864056,I4210134158,1,1,2024,W4404764563,1.0
I168864056,I4210134550,1,1,2024,W4404764563,1.0
I168864056,I4210143801,1,1,2024,W4404764563,1.0
I168864056,I4210144746,1,1,2024,W4404764563,1.0
I168864056,I4210157294,1,1,2024,W4404764563,1.0
I168864056,I4210158500,1,1,2024,W4404764563,1.0
I168864056,I4387152376,1,1,2024,W4404764563,1.0
I168864056,I44260953,1,1,2024,W4404764563,1.0
I168864056,I45129253,1,1,2024,W4404764563,1.0
I168864056,I57206974,1,1,2024,W4404764563,1.0
I168864056,I62916508,1,1,2024,W4404764563,1.0
I168864056,I63966007,1,1,2024,W4404764563,1.0
I168864056,I78757542,1,1,2024,W4404764563,1.0
I168864056,I79576946,1,1,2024,W4404764563,1.0
I168864056,I8087733,1,1,2024,W4404764563,1.0
I168864056,I8204097,1,1,2024,W4404764563,1.0
I168864056,I91727514,1,1,2024,W4404764563,1.0
I168864056,I97565354,1,1,2024,W4404764563,1.0
I168864056,I98677209,1,1,2024,W4404764563,1.0
I168879160,I2250653659,1,1,2024,W4393156194,1.0
I168879160,I78988378,1,1,2024,W4393156194,1.0
I168879160,I34949971,1,1,2024,W4396655986,1.0
I168879160,I4391767752,1,1,2024,W4396655986,1.0
I168879160,I44445938,1,1,2024,W4396655986,1.0
I168879160,I55712492,1,1,2024,W4396655986,1.0
I168879160,I71920554,1,1,2024,W4396655986,1.0
I168879160,I76130692,3,3,2024,W4396655986;W4404641323;W4405612257,0.3333333333333333
I168879160,I23923803,1,1,2024,W4399136397,1.0
I168879160,I4210089887,1,1,2024,W4399136397,1.0
I168879160,I47508984,1,1,2024,W4399136397,1.0
I168879160,I4210134579,1,1,2024,W4403987450,1.0
I168879160,I69356397,1,1,2024,W4403987450,1.0
I168879160,I200769079,2,2,2024,W4404641323;W4405612257,0.5
I168879160,I4210091341,1,1,2024,W4404641323,1.0
I168879160,I4210108520,1,1,2024,W4404641323,1.0
I168879160,I4210123185,1,1,2024,W4404641323,1.0
I168879160,I183067930,1,1,2024,W4405612257,1.0
I168879160,I210716285,1,1,2024,W4405612257,1.0
I168879160,I3133055985,1,1,2024,W4405612257,1.0
I169019527,I169689159,1,1,2024,W4393157012,1.0
I169019527,I66867065,1,1,2024,W4393157012,1.0
I169199633,I4210102384,2,2,2024,W4404474946;W4404789409,0.5
I169199633,I41910991,1,1,2024,W4405443188,1.0
I169222155,I185261750,1,1,2024,W4398766485,1.0
I169222155,I39422238,1,1,2024,W4398766485,1.0
I169222155,I4210087915,1,1,2024,W4398766485,1.0
I169222155,I4210159521,1,1,2024,W4398766485,1.0
I169222155,I87208437,1,1,2024,W4398766485,1.0
I169335092,I91044093,2,2,2024,W4397029882;W4401509761,0.5
I169335092,I23923803,1,1,2024,W4402042413,1.0
I169335092,I865915315,1,1,2024,W4402042413,1.0
I169335092,I87182695,1,1,2024,W4402042413,1.0
I169335092,I89864525,1,1,2024,W4402042413,1.0
I169381384,I184942183,1,1,2024,W4391078387,1.0
I169381384,I200650556,1,1,2024,W4391078387,1.0
I169381384,I24603500,1,1,2024,W4391078387,1.0
I169381384,I39854758,1,1,2024,W4391078387,1.0
I169381384,I4210109447,1,1,2024,W4391078387,1.0
I169381384,I67415387,1,1,2024,W4391078387,1.0
I169381384,I74656192,1,1,2024,W4391078387,1.0
I169541294,I205640436,1,1,2024,W4403791323,1.0
I169541294,I4210087596,1,1,2024,W4403791323,1.0
I169541294,I56590836,1,1,2024,W4403791323,1.0
I169689159,I66867065,1,1,2024,W4393157012,1.0
I170164250,I188538660,1,1,2024,W4402659120,1.0
I170164250,I250520410,1,1,2024,W4402691957,1.0
I170164250,I82495205,1,1,2024,W4402691957,1.0
I170201317,I27837315,2,2,2024,W4390534649;W4405763549,0.5
I170201317,I36258959,2,2,2024,W4391338604;W4400921803,0.5
I170201317,I4210128526,2,2,2024,W4391338604;W4402909345,0.5
I170201317,I4210134769,4,4,2024,W4391338604;W4399876352;W4400921803;W4402909345,0.25
I170201317,I45438204,1,1,2024,W4391338604,1.0
I170201317,I181547552,1,1,2024,W4392565345,1.0
I170201317,I4210090793,1,1,2024,W4392565345,1.0
I170201317,I4210115995,1,1,2024,W4392565345,1.0
I170201317,I4210162370,1,1,2024,W4392565345,1.0
I170201317,I185261750,1,1,2024,W4393335480,1.0
I170201317,I204250578,1,1,2024,W4393335480,1.0
I170201317,I204866599,1,1,2024,W4393335480,1.0
I170201317,I4210140627,1,1,2024,W4393335480,1.0
I170201317,I4210140791,1,1,2024,W4393335480,1.0
I170201317,I97018004,2,2,2024,W4393335480;W4399876352,0.5
I170201317,I200719446,1,1,2024,W4394688596,1.0
I170201317,I205783295,3,3,2024,W4394688596;W4400921803;W4402909345,0.3333333333333333
I170201317,I2799503643,1,1,2024,W4394688596,1.0
I170201317,I4210109390,2,2,2024,W4394688596;W4404486407,0.5
I170201317,I4387153466,3,3,2024,W4394688596;W4400921803;W4402909345,0.3333333333333333
I170201317,I78577930,1,1,2024,W4394688596,1.0
I170201317,I79576946,1,1,2024,W4394688596,1.0
I170201317,I901861585,1,1,2024,W4394688596,1.0
I170201317,I91203450,1,1,2024,W4394688596,1.0
I170201317,I4210134763,1,1,2024,W4394975332,1.0
I170201317,I201448701,1,1,2024,W4395067526,1.0
I170201317,I32971472,1,1,2024,W4395067526,1.0
I170201317,I58956616,2,2,2024,W4395067526;W4400921803,0.5
I170201317,I919571938,2,2,2024,W4395067526;W4402909345,0.5
I170201317,I74973139,1,1,2024,W4399876352,1.0
I170201317,I2800548410,1,1,2024,W4400921803,1.0
I170201317,I4210087915,1,1,2024,W4400921803,1.0
I170201317,I4210139686,1,1,2024,W4400921803,1.0
I170201317,I4210153792,1,1,2024,W4400921803,1.0
I170201317,I4210155647,1,1,2024,W4400921803,1.0
I170201317,I4388891891,1,1,2024,W4400921803,1.0
I170201317,I57206974,1,1,2024,W4400921803,1.0
I170201317,I79620101,1,1,2024,W4400921803,1.0
I170201317,I867280407,2,2,2024,W4400921803;W4405763549,0.5
I170201317,I170486558,1,1,2024,W4402128637,1.0
I170201317,I200650556,1,1,2024,W4402128637,1.0
I170201317,I204136569,1,1,2024,W4402128637,1.0
I170201317,I204778367,1,1,2024,W4402128637,1.0
I170201317,I45129253,1,1,2024,W4402128637,1.0
I170201317,I98381234,1,1,2024,W4402128637,1.0
I170201317,I98358874,1,1,2024,W4403487183,1.0
I170201317,I4210140884,1,1,2024,W4404486407,1.0
I170201317,I4210149717,1,1,2024,W4404486407,1.0
I170201317,I66946132,1,1,2024,W4404486407,1.0
I170201317,I25217355,1,1,2024,W4405763549,1.0
I170201317,I35961687,1,1,2024,W4405763549,1.0
I170201317,I4210091499,1,1,2024,W4405763549,1.0
I170201317,I4210114445,1,1,2024,W4405763549,1.0
I170201317,I4210128618,1,1,2024,W4405763549,1.0
I170201317,I4210148284,1,1,2024,W4405763549,1.0
I170201317,I4210150261,1,1,2024,W4405763549,1.0
I170201317,I4210153126,1,1,2024,W4405763549,1.0
I170201317,I60053951,1,1,2024,W4405763549,1.0
I170215575,I20231570,1,1,2024,W4391558635,1.0
I170215575,I4210110723,1,1,2024,W4393220219,1.0
I170215575,I87216513,1,1,2024,W4394994587,1.0
I170215575,I99065089,1,1,2024,W4400484903,1.0
I170215575,I90610280,1,1,2024,W4400933678,1.0
I170215575,I17145004,1,1,2024,W4405706082,1.0
I170215575,I4210104252,1,1,2024,W4405706082,1.0
I170215575,I4210106098,1,1,2024,W4405706082,1.0
I170215575,I4210141776,1,1,2024,W4405706082,1.0
I170230895,I79576946,1,1,2024,W4393027606,1.0
I170238339,I172675005,1,1,2024,W4399527299,1.0
I170238339,I82497590,1,1,2024,W4399527299,1.0
I170239107,I188329596,1,1,2024,W4402446610,1.0
I170239107,I31746571,1,1,2024,W4402446610,1.0
I170239107,I66513531,1,1,2024,W4402446610,1.0
I170486558,I200650556,1,1,2024,W4402128637,1.0
I170486558,I204136569,1,1,2024,W4402128637,1.0
I170486558,I204778367,1,1,2024,W4402128637,1.0
I170486558,I45129253,1,1,2024,W4402128637,1.0
I170486558,I98381234,1,1,2024,W4402128637,1.0
I170486558,I2802274597,1,1,2024,W4402364937,1.0
I170486558,I4210143141,1,1,2024,W4402364937,1.0
I170486558,I47508984,1,1,2024,W4402364937,1.0
I170558118,I28777354,1,1,2024,W4401995305,1.0
I170558118,I33585257,1,1,2024,W4401995305,1.0
I170583851,I2800249161,1,1,2024,W4402311284,1.0
I170583851,I385303915,1,1,2024,W4402311284,1.0
I170583851,I4210105686,1,1,2024,W4402311284,1.0
I170583851,I4210117106,1,1,2024,W4402311284,1.0
I170658231,I205023500,1,1,2024,W4391564343,1.0
I170658231,I40347166,1,1,2024,W4391564343,1.0
I170658231,I4210136328,1,1,2024,W4391564343,1.0
I170658231,I4210144755,1,1,2024,W4391564343,1.0
I170658231,I913958620,1,1,2024,W4391564343,1.0
I170658231,I1850255,1,1,2024,W4404764563,1.0
I170658231,I197323543,1,1,2024,W4404764563,1.0
I170658231,I20089843,1,1,2024,W4404764563,1.0
I170658231,I202697423,1,1,2024,W4404764563,1.0
I170658231,I204337017,1,1,2024,W4404764563,1.0
I170658231,I2184545,1,1,2024,W4404764563,1.0
I170658231,I241749,1,1,2024,W4404764563,1.0
I170658231,I27804330,1,1,2024,W4404764563,1.0
I170658231,I2802640592,1,1,2024,W4404764563,1.0
I170658231,I32597200,1,1,2024,W4404764563,1.0
I170658231,I32971472,1,1,2024,W4404764563,1.0
I170658231,I36234482,1,1,2024,W4404764563,1.0
I170658231,I40120149,1,1,2024,W4404764563,1.0
I170658231,I4210094062,1,1,2024,W4404764563,1.0
I170658231,I4210098931,1,1,2024,W4404764563,1.0
I170658231,I4210126907,1,1,2024,W4404764563,1.0
I170658231,I4210128584,1,1,2024,W4404764563,1.0
I170658231,I4210130445,1,1,2024,W4404764563,1.0
I170658231,I4210134158,1,1,2024,W4404764563,1.0
I170658231,I4210134550,1,1,2024,W4404764563,1.0
I170658231,I4210143801,1,1,2024,W4404764563,1.0
I170658231,I4210144746,1,1,2024,W4404764563,1.0
I170658231,I4210157294,1,1,2024,W4404764563,1.0
I170658231,I4210158500,1,1,2024,W4404764563,1.0
I170658231,I4387152376,1,1,2024,W4404764563,1.0
I170658231,I44260953,1,1,2024,W4404764563,1.0
I170658231,I45129253,1,1,2024,W4404764563,1.0
I170658231,I57206974,1,1,2024,W4404764563,1.0
I170658231,I62916508,1,1,2024,W4404764563,1.0
I170658231,I63966007,1,1,2024,W4404764563,1.0
I170658231,I78757542,1,1,2024,W4404764563,1.0
I170658231,I79576946,1,1,2024,W4404764563,1.0
I170658231,I8087733,1,1,2024,W4404764563,1.0
I170658231,I8204097,1,1,2024,W4404764563,1.0
I170658231,I91727514,1,1,2024,W4404764563,1.0
I170658231,I97565354,1,1,2024,W4404764563,1.0
I170658231,I98677209,1,1,2024,W4404764563,1.0
I170897317,I4210089985,1,1,2024,W4392904059,1.0
I170897317,I4210164937,1,1,2024,W4392904059,1.0
I170897317,I174216632,1,1,2024,W4393153069,1.0
I170897317,I2799503643,1,1,2024,W4393153069,1.0
I170897317,I78577930,1,1,2024,W4393153069,1.0
I170897317,I180670191,1,1,2024,W4400936896,1.0
I170897317,I76766440,1,1,2024,W4400936896,1.0
I170897317,I172675005,1,1,2024,W4404658388,1.0
I170897317,I186143895,2,2,2024,W4404658388;W4405183113,0.5
I170897317,I36258959,1,1,2024,W4404658388,1.0
I170897317,I39422238,1,1,2024,W4404658388,1.0
I170897317,I4210155268,1,1,2024,W4404658388,1.0
I170897317,I82880672,1,1,2024,W4404658388,1.0
I170897317,I87216513,1,1,2024,W4404658388,1.0
I170897317,I99043593,1,1,2024,W4404658388,1.0
I170897317,I47720641,1,1,2024,W4405183113,1.0
I170979836,I7882870,1,1,2024,W4394984866,1.0
I171210897,I98381234,1,1,2024,W4392013712,1.0
I171210897,I172675005,1,1,2024,W4405092690,1.0
I171210897,I251738,1,1,2024,W4405092690,1.0
I171210897,I464993,1,1,2024,W4405092690,1.0
I171256487,I191420491,1,1,2024,W4401898127,1.0
I171256487,I4387156470,1,1,2024,W4401898127,1.0
I171256487,I4401041618,1,1,2024,W4401898127,1.0
I171256487,I91633459,1,1,2024,W4401898127,1.0
I17145004,I4210100255,1,1,2024,W4390603585,1.0
I17145004,I4391012619,1,1,2024,W4390603585,1.0
I17145004,I890469752,1,1,2024,W4390603585,1.0
I17145004,I88830068,4,4,2024,W4391232619;W4400771997;W4405660551;W4405910844,0.25
I17145004,I99418890,1,1,2024,W4391232619,1.0
I17145004,I4210159102,1,1,2024,W4393153503,1.0
I17145004,I21193070,1,1,2024,W4396735245,1.0
I17145004,I4210095624,1,1,2024,W4396735245,1.0
I17145004,I4210104252,2,2,2024,W4396909863;W4405706082,0.5
I17145004,I4402554106,1,1,2024,W4396909863,1.0
I17145004,I55712492,2,2,2024,W4399366123;W4401541163,0.5
I17145004,I45928872,1,1,2024,W4401541163,1.0
I17145004,I193223587,1,1,2024,W4402673274,1.0
I17145004,I28006308,1,1,2024,W4402673274,1.0
I17145004,I30809798,1,1,2024,W4402701904,1.0
I17145004,I4210135459,1,1,2024,W4402701904,1.0
I17145004,I4210157781,1,1,2024,W4402701904,1.0
I17145004,I99065089,1,1,2024,W4402774699,1.0
I17145004,I4210106098,1,1,2024,W4405706082,1.0
I17145004,I4210141776,1,1,2024,W4405706082,1.0
I171543936,I27945538,1,1,2024,W4391613414,1.0
I171543936,I4210116322,1,1,2024,W4391613414,1.0
I172553438,I80611190,1,1,2024,W4401405048,1.0
I172675005,I4210123095,1,1,2024,W4390511840,1.0
I172675005,I177725633,5,5,2024,W4390577395;W4393763811;W4400644893;W4402753913;W4405695475,0.2
I172675005,I183067930,7,7,2024,W4390577395;W4401726215;W4401990587;W4402704606;W4403791462;W4403791546;W4404562994,0.14285714285714285
I172675005,I2251586001,1,1,2024,W4390577395,1.0
I172675005,I2799299286,1,1,2024,W4390577395,1.0
I172675005,I2799853436,1,1,2024,W4390577395,1.0
I172675005,I33849332,2,2,2024,W4390577395;W4402715994,0.5
I172675005,I4210100255,2,2,2024,W4390577395;W4405695475,0.5
I172675005,I4210106442,1,1,2024,W4390577395,1.0
I172675005,I4210116869,1,1,2024,W4390577395,1.0
I172675005,I4210116917,1,1,2024,W4390577395,1.0
I172675005,I4210124134,1,1,2024,W4390577395,1.0
I172675005,I4210128921,1,1,2024,W4390577395,1.0
I172675005,I4210144482,1,1,2024,W4390577395,1.0
I172675005,I4210153550,1,1,2024,W4390577395,1.0
I172675005,I47508984,1,1,2024,W4390577395,1.0
I172675005,I99065089,3,3,2024,W4390577395;W4402727507;W4402727910,0.3333333333333333
I172675005,I37796252,1,1,2024,W4390692489,1.0
I172675005,I4210123185,1,1,2024,W4390692489,1.0
I172675005,I56590836,2,2,2024,W4390692489;W4405695475,0.5
I172675005,I180726961,2,2,2024,W4390828922;W4403938642,0.5
I172675005,I20089843,5,5,2024,W4390828922;W4392376410;W4394994526;W4400228959;W4405092734,0.2
I172675005,I35928602,1,1,2024,W4390828922,1.0
I172675005,I44461941,2,2,2024,W4390828922;W4400228959,0.5
I172675005,I82497590,5,5,2024,W4390828922;W4392796562;W4399527299;W4400228959;W4401878796,0.2
I172675005,I848706,8,8,2024,W4390828922;W4393864550;W4396817538;W4400228959;W4401326099;W4401878796;W4402350838;W4402473949,0.125
I172675005,I4391012619,5,5,2024,W4391305822;W4399813700;W4402727507;W4403791546;W4405695475,0.2
I172675005,I31746571,1,1,2024,W4391724817,1.0
I172675005,I47720641,1,1,2024,W4391724817,1.0
I172675005,I859038795,1,1,2024,W4391724817,1.0
I172675005,I8696757,1,1,2024,W4391850264,1.0
I172675005,I200769079,5,5,2024,W4391979508;W4393864550;W4401326099;W4401878796;W4405092734,0.2
I172675005,I4210086892,1,1,2024,W4392032762,1.0
I172675005,I204512498,1,1,2024,W4392309314,1.0
I172675005,I55712492,1,1,2024,W4392309314,1.0
I172675005,I6469544,1,1,2024,W4392309314,1.0
I172675005,I201448701,1,1,2024,W4392376410,1.0
I172675005,I32971472,1,1,2024,W4392376410,1.0
I172675005,I9927081,1,1,2024,W4392376410,1.0
I172675005,I186143895,2,2,2024,W4392484188;W4404658388,0.5
I172675005,I40963666,1,1,2024,W4392484188,1.0
I172675005,I5023651,1,1,2024,W4392484188,1.0
I172675005,I52669646,1,1,2024,W4392484188,1.0
I172675005,I204983213,3,3,2024,W4392543779;W4393763811;W4402727642,0.3333333333333333
I172675005,I4210116924,3,3,2024,W4392543779;W4393763811;W4400228959,0.3333333333333333
I172675005,I76130692,5,5,2024,W4392543779;W4402727910;W4403022254;W4403938642;W4403943792,0.2
I172675005,I36234482,1,1,2024,W4393002303,1.0
I172675005,I63190737,1,1,2024,W4393002303,1.0
I172675005,I97018004,2,2,2024,W4393002303;W4402753913,0.5
I172675005,I57206974,1,1,2024,W4393152558,1.0
I172675005,I66867065,2,2,2024,W4393152558;W4394769342,0.5
I172675005,I20231570,2,2,2024,W4393153538;W4400727150,0.5
I172675005,I21193070,3,3,2024,W4393153538;W4394994526;W4396817538,0.3333333333333333
I172675005,I4210157345,1,1,2024,W4393153538,1.0
I172675005,I78988378,1,1,2024,W4393153538,1.0
I172675005,I19820366,2,2,2024,W4393234434;W4399813700,0.5
I172675005,I4210112150,1,1,2024,W4393234434,1.0
I172675005,I4210139618,1,1,2024,W4394769342,1.0
I172675005,I79891267,1,1,2024,W4394769342,1.0
I172675005,I87445476,1,1,2024,W4394769342,1.0
I172675005,I881766915,3,3,2024,W4396817538;W4401628481;W4404809811,0.3333333333333333
I172675005,I2802408685,1,1,2024,W4396959345,1.0
I172675005,I4210147238,1,1,2024,W4396959345,1.0
I172675005,I76569877,2,2,2024,W4399116883;W4401628481,0.5
I172675005,I80611190,1,1,2024,W4399116883,1.0
I172675005,I87216513,2,2,2024,W4399116883;W4404658388,0.5
I172675005,I37461747,2,2,2024,W4399344797;W4399813700,0.5
I172675005,I4210118728,1,1,2024,W4399344797,1.0
I172675005,I4210145761,1,1,2024,W4399813700,1.0
I172675005,I251738,3,3,2024,W4400070936;W4402228253;W4405092690,0.3333333333333333
I172675005,I4210113480,2,2,2024,W4400070936;W4403122878,0.5
I172675005,I67031392,1,1,2024,W4400070936,1.0
I172675005,I67357951,1,1,2024,W4400070936,1.0
I172675005,I74796645,2,2,2024,W4400070936;W4402228253,0.5
I172675005,I180923762,1,1,2024,W4400727150,1.0
I172675005,I4210128910,1,1,2024,W4400727150,1.0
I172675005,I97750245,1,1,2024,W4400727150,1.0
I172675005,I9842412,3,3,2024,W4400933825;W4401634168;W4404809811,0.3333333333333333
I172675005,I7882870,1,1,2024,W4401070271,1.0
I172675005,I889458895,7,7,2024,W4401070271;W4401326099;W4402350838;W4402473949;W4404238463;W4404562994;W4405092734,0.14285714285714285
I172675005,I4210155350,1,1,2024,W4401113704,1.0
I172675005,I4392021250,1,1,2024,W4401113704,1.0
I172675005,I3045169105,2,2,2024,W4401416311;W4404034620,0.5
I172675005,I173759888,1,1,2024,W4401628481,1.0
I172675005,I49934816,1,1,2024,W4401628481,1.0
I172675005,I59433898,1,1,2024,W4401628481,1.0
I172675005,I5343935,1,1,2024,W4401634168,1.0
I172675005,I2800857658,1,1,2024,W4402228253,1.0
I172675005,I4210121405,1,1,2024,W4402228253,1.0
I172675005,I24943067,1,1,2024,W4402704511,1.0
I172675005,I53486688,1,1,2024,W4402704511,1.0
I172675005,I3005327000,3,3,2024,W4402704606;W4402715906;W4404238463,0.3333333333333333
I172675005,I191208505,1,1,2024,W4402716017,1.0
I172675005,I4210122302,1,1,2024,W4402727507,1.0
I172675005,I241749,1,1,2024,W4402727910,1.0
I172675005,I4210095624,1,1,2024,W4402727910,1.0
I172675005,I6289922,1,1,2024,W4403022254,1.0
I172675005,I78715868,1,1,2024,W4403022254,1.0
I172675005,I2250955327,3,3,2024,W4403674578;W4403780662;W4404809811,0.3333333333333333
I172675005,I2250653659,1,1,2024,W4403943792,1.0
I172675005,I24185976,1,1,2024,W4404034620,1.0
I172675005,I194450716,3,3,2024,W4404238463;W4404562994;W4405092734,0.3333333333333333
I172675005,I4210134929,3,3,2024,W4404238463;W4404562994;W4405092734,0.3333333333333333
I172675005,I36258959,1,1,2024,W4404658388,1.0
I172675005,I39422238,1,1,2024,W4404658388,1.0
I172675005,I4210155268,1,1,2024,W4404658388,1.0
I172675005,I82880672,1,1,2024,W4404658388,1.0
I172675005,I99043593,1,1,2024,W4404658388,1.0
I172675005,I62916508,1,1,2024,W4404809811,1.0
I172675005,I464993,1,1,2024,W4405092690,1.0
I172780181,I200777214,1,1,2024,W4394572371,1.0
I172780181,I890469752,1,1,2024,W4394572371,1.0
I172780181,I37796252,1,1,2024,W4401846772,1.0
I172980758,I181565077,1,1,2024,W4396598347,1.0
I172980758,I208081647,1,1,2024,W4398147071,1.0
I172980758,I39854758,1,1,2024,W4398147071,1.0
I172980758,I4210152127,1,1,2024,W4398147071,1.0
I172980758,I8078737,1,1,2024,W4398147071,1.0
I17301866,I4388446366,1,1,2024,W4396835345,1.0
I17301866,I55769427,1,1,2024,W4396835345,1.0
I17301866,I57206974,1,1,2024,W4396835345,1.0
I17301866,I63135867,2,2,2024,W4396835345;W4402118358,0.5
I17301866,I392282,1,1,2024,W4402118358,1.0
I17301866,I197347611,1,1,2024,W4403476510,1.0
I173029219,I902853133,1,1,2024,W4402772412,1.0
I173063890,I193662353,1,1,2024,W4403394716,1.0
I173063890,I865915315,1,1,2024,W4403394716,1.0
I173093425,I180670191,2,2,2024,W4395026179;W4399737726,0.5
I173093425,I2251586001,2,2,2024,W4395026179;W4399737726,0.5
I173093425,I2799299286,2,2,2024,W4395026179;W4399737726,0.5
I173093425,I2799333108,2,2,2024,W4395026179;W4399737726,0.5
I173093425,I2803209242,2,2,2024,W4395026179;W4399737726,0.5
I173093425,I3020100970,2,2,2024,W4395026179;W4399737726,0.5
I173093425,I40120149,2,2,2024,W4395026179;W4399737726,0.5
I173093425,I4210105015,2,2,2024,W4395026179;W4399737726,0.5
I173093425,I4210116208,1,1,2024,W4395026179,1.0
I173093425,I4210116917,2,2,2024,W4395026179;W4399737726,0.5
I173093425,I4210126319,2,2,2024,W4395026179;W4399737726,0.5
I173093425,I4210137145,2,2,2024,W4395026179;W4399737726,0.5
I173093425,I4210137306,1,1,2024,W4395026179,1.0
I173093425,I4210146690,1,1,2024,W4395026179,1.0
I173093425,I4210150290,2,2,2024,W4395026179;W4399737726,0.5
I173093425,I4210162189,2,2,2024,W4395026179;W4399737726,0.5
I173093425,I61628605,1,1,2024,W4395026179,1.0
I173093425,I97018004,2,2,2024,W4395026179;W4399737726,0.5
I173207729,I4210120792,1,1,2024,W4405760394,1.0
I173759888,I49934816,1,1,2024,W4401628481,1.0
I173759888,I59433898,1,1,2024,W4401628481,1.0
I173759888,I76569877,1,1,2024,W4401628481,1.0
I173759888,I881766915,1,1,2024,W4401628481,1.0
I173759888,I36373038,1,1,2024,W4402053335,1.0
I173759888,I4210098034,1,1,2024,W4402053335,1.0
I173759888,I4210130649,1,1,2024,W4402053335,1.0
I173759888,I4210140884,1,1,2024,W4402053335,1.0
I173759888,I4210159865,1,1,2024,W4402053335,1.0
I173759888,I58956616,1,1,2024,W4402053335,1.0
I173888879,I184942183,1,1,2024,W4399204263,1.0
I173888879,I4210165875,1,1,2024,W4399204263,1.0
I17389662,I205783295,1,1,2024,W4401056196,1.0
I17389662,I55732556,1,1,2024,W4401056196,1.0
I173899330,I38877650,1,1,2024,W4399028826,1.0
I173899330,I4210094836,1,1,2024,W4399028826,1.0
I173899330,I4210113254,1,1,2024,W4399028826,1.0
I173899330,I4210133534,1,1,2024,W4399028826,1.0
I173899330,I4210144384,1,1,2024,W4399028826,1.0
I173899330,I5740404,1,1,2024,W4399028826,1.0
I173899330,I45129253,1,1,2024,W4400679617,1.0
I173899330,I177725633,1,1,2024,W4401859268,1.0
I173911158,I201384688,2,2,2024,W4400009090;W4402193259,0.5
I173911158,I79817857,2,2,2024,W4400009090;W4402193259,0.5
I173911158,I91044093,2,2,2024,W4400009090;W4402193259,0.5
I174104030,I205783295,1,1,2024,W4402351990,1.0
I174104030,I4210092791,1,1,2024,W4402351990,1.0
I174216632,I181697535,1,1,2024,W4393029086,1.0
I174216632,I79576946,1,1,2024,W4393029086,1.0
I174216632,I83041322,1,1,2024,W4393029086,1.0
I174216632,I98704320,1,1,2024,W4393029086,1.0
I174216632,I2799503643,1,1,2024,W4393153069,1.0
I174216632,I78577930,2,2,2024,W4393153069;W4400618127,0.5
I174216632,I859038795,1,1,2024,W4400618127,1.0
I174306211,I63966007,1,1,2024,W4394593019,1.0
I174306211,I87182695,1,1,2024,W4394593019,1.0
I174306211,I201448701,1,1,2024,W4394767601,1.0
I174306211,I2799807261,1,1,2024,W4394767601,1.0
I174306211,I2802336062,1,1,2024,W4394767601,1.0
I174306211,I2802866506,1,1,2024,W4394767601,1.0
I174306211,I3018163063,1,1,2024,W4394767601,1.0
I174306211,I3131873961,1,1,2024,W4394767601,1.0
I174306211,I83467386,1,1,2024,W4400527815,1.0
I174306211,I4210117425,2,2,2024,W4404782801;W4404965692,0.5
I174306211,I53964585,1,1,2024,W4404965692,1.0
I174306211,I197251160,1,1,2024,W7133241494,1.0
I1743320,I40347166,1,1,2024,W4401176373,1.0
I1743320,I4210116924,1,1,2024,W4401176373,1.0
I1743320,I58610484,1,1,2024,W4401176373,1.0
I1743320,I97018004,4,4,2024,W4401176373;W4401888965;W4405736832;W4406261969,0.25
I1743320,I202697423,1,1,2024,W4401888965,1.0
I1743320,I2801652627,1,1,2024,W4401888965,1.0
I1743320,I4210100468,1,1,2024,W4401888965,1.0
I1743320,I4210137306,1,1,2024,W4401888965,1.0
I1743320,I4210164862,1,1,2024,W4401888965,1.0
I1743320,I84218800,1,1,2024,W4401888965,1.0
I1743320,RAW_STABILITY_AI,1,1,2024,W4401888965,1.0
I1743320,I195575238,1,1,2024,W4406261969,1.0
I1743320,I4210098460,1,1,2024,W4406261969,1.0
I17442442,I200769079,1,1,2024,W4401247174,1.0
I174612323,I324100,1,1,2024,W4396685186,1.0
I174612323,I83909951,1,1,2024,W4396685186,1.0
I174878644,I1902872,1,1,2024,W4400072049,1.0
I175234967,I177877127,1,1,2024,W4391387740,1.0
I175234967,I205640436,1,1,2024,W4391387740,1.0
I175234967,I2800419323,1,1,2024,W4391387740,1.0
I175234967,I2801351171,1,1,2024,W4391387740,1.0
I175234967,I4210115256,1,1,2024,W4391387740,1.0
I175234967,I4387155440,1,1,2024,W4391387740,1.0
I175234967,I51713134,1,1,2024,W4391387740,1.0
I175532246,I4210107997,1,1,2024,W4397034407,1.0
I175594653,I205783295,1,1,2024,W4393904418,1.0
I175594653,I27504731,1,1,2024,W4393904418,1.0
I175594653,I36258959,1,1,2024,W4393904418,1.0
I175594653,I45129253,1,1,2024,W4393904418,1.0
I175594653,I63966007,1,1,2024,W4393904418,1.0
I175594653,I27804330,1,1,2024,W4402543881,1.0
I176453806,I179225836,1,1,2024,W4392196220,1.0
I176453806,I8087733,1,1,2024,W4392196220,1.0
I176453806,I86695891,1,1,2024,W4392196220,1.0
I176453806,I2800638415,1,1,2024,W4393119065,1.0
I176453806,I4210089242,1,1,2024,W4399667220,1.0
I176453806,I44260953,1,1,2024,W4399667220,1.0
I176601375,I4210087059,3,3,2024,W4390660070;W4391582407;W4402811916,0.3333333333333333
I176601375,I28407311,1,1,2024,W4391582407,1.0
I176601375,I62885914,1,1,2024,W4391582407,1.0
I176601375,I183935753,1,1,2024,W4396918564,1.0
I176601375,I4210123571,1,1,2024,W4400647460,1.0
I176601375,I184942183,1,1,2024,W4402811916,1.0
I176790772,I205640436,1,1,2024,W4402440122,1.0
I176790772,I82880672,1,1,2024,W4405717791,1.0
I177064439,I178535277,1,1,2024,W4403111891,1.0
I177064439,I201384688,1,1,2024,W4403111891,1.0
I177064439,I4210124615,1,1,2024,W4403111891,1.0
I17721919,I177725633,1,1,2024,W4404759772,1.0
I17721919,I183519381,2,2,2024,W4404759772;W4405063711,0.5
I17721919,I183935753,1,1,2024,W4404759772,1.0
I17721919,I20231570,1,1,2024,W4404759772,1.0
I17721919,I2799299286,1,1,2024,W4404759772,1.0
I17721919,I4210091706,1,1,2024,W4404759772,1.0
I17721919,I4210110199,1,1,2024,W4404759772,1.0
I17721919,I4210116917,1,1,2024,W4404759772,1.0
I17721919,I4210121771,1,1,2024,W4404759772,1.0
I17721919,I4210132355,2,2,2024,W4404759772;W4405063711,0.5
I17721919,I4210133003,1,1,2024,W4404759772,1.0
I17721919,I4210133785,1,1,2024,W4404759772,1.0
I17721919,I4210153550,1,1,2024,W4404759772,1.0
I17721919,I4210159865,1,1,2024,W4404759772,1.0
I17721919,I47508984,1,1,2024,W4404759772,1.0
I17721919,I53411278,1,1,2024,W4404759772,1.0
I17721919,I99065089,1,1,2024,W4404759772,1.0
I17721919,I189210763,1,1,2024,W4405063711,1.0
I17721919,I4210135888,1,1,2024,W4405063711,1.0
I17721919,I4210156168,1,1,2024,W4405063711,1.0
I17747738,I19820366,1,1,2024,W4400061043,1.0
I17747738,I20231570,1,1,2024,W4400061043,1.0
I17747738,I4210112820,1,1,2024,W4400061043,1.0
I17747738,I4210123686,1,1,2024,W4400061043,1.0
I177605424,I24603500,1,1,2024,W4399326970,1.0
I177605424,I4210090056,1,1,2024,W4399326970,1.0
I177639307,I200777214,1,1,2024,W4401374389,1.0
I177639307,I25217355,1,1,2024,W4401374389,1.0
I177639307,I2801852214,1,1,2024,W4401374389,1.0
I177639307,I93860229,1,1,2024,W4401374389,1.0
I177639307,I4210108209,1,1,2024,W4402509548,1.0
I177639307,I98677209,1,1,2024,W4402509548,1.0
I177725633,I183067930,2,2,2024,W4390577395;W4405382875,0.5
I177725633,I2251586001,1,1,2024,W4390577395,1.0
I177725633,I2799299286,4,4,2024,W4390577395;W4404759772;W4405079446;W4405568301,0.25
I177725633,I2799853436,1,1,2024,W4390577395,1.0
I177725633,I33849332,1,1,2024,W4390577395,1.0
I177725633,I4210100255,5,5,2024,W4390577395;W4393149022;W4393305455;W4403021266;W4405695475,0.2
I177725633,I4210106442,1,1,2024,W4390577395,1.0
I177725633,I4210116869,1,1,2024,W4390577395,1.0
I177725633,I4210116917,3,3,2024,W4390577395;W4404759772;W4405079446,0.3333333333333333
I177725633,I4210124134,1,1,2024,W4390577395,1.0
I177725633,I4210128921,1,1,2024,W4390577395,1.0
I177725633,I4210144482,1,1,2024,W4390577395,1.0
I177725633,I4210153550,3,3,2024,W4390577395;W4404759772;W4405079446,0.3333333333333333
I177725633,I47508984,4,4,2024,W4390577395;W4395053885;W4404759772;W4405079446,0.25
I177725633,I99065089,8,8,2024,W4390577395;W4401043375;W4402169037;W4402713111;W4404759772;W4405079446;W4405382875;W4405595839,0.125
I177725633,I3133055985,1,1,2024,W4391468387,1.0
I177725633,I4210123185,2,2,2024,W4391468387;W4414360897,0.5
I177725633,I63966007,1,1,2024,W4391468387,1.0
I177725633,I19820366,4,4,2024,W4391547658;W4402713133;W4404856308;W4414360897,0.25
I177725633,I4210145761,2,2,2024,W4391547658;W4414360897,0.5
I177725633,I889458895,11,11,2024,W4391547658;W4392366650;W4393032472;W4393149664;W4399665791;W4401988281;W4402713111;W4403062944;W4403901579;W4403938629;W4404793547,0.09090909090909091
I177725633,I4210113369,1,1,2024,W4392366650,1.0
I177725633,I4210135670,1,1,2024,W4392384650,1.0
I177725633,I887064364,1,1,2024,W4392384650,1.0
I177725633,I4210122016,2,2,2024,W4392579942;W4403062944,0.5
I177725633,I45129253,2,2,2024,W4392579942;W4403062944,0.5
I177725633,I27781120,1,1,2024,W4392902564,1.0
I177725633,I3045169105,1,1,2024,W4392902564,1.0
I177725633,I4210086973,1,1,2024,W4392902564,1.0
I177725633,I4391012619,9,9,2024,W4393149022;W4393305455;W4402713111;W4403021266;W4403778769;W4405382875;W4405595839;W4405695475;W4414360897,0.1111111111111111
I177725633,I91045830,1,1,2024,W4393149664,1.0
I177725633,I219193219,1,1,2024,W4393156382,1.0
I177725633,I24603500,1,1,2024,W4393156382,1.0
I177725633,I200769079,2,2,2024,W4393159617;W4403938629,0.5
I177725633,I20231570,3,3,2024,W4393159617;W4394998727;W4404759772,0.3333333333333333
I177725633,I37461747,1,1,2024,W4393159617,1.0
I177725633,I204983213,2,2,2024,W4393763811;W4404856308,0.5
I177725633,I4210116924,4,4,2024,W4393763811;W4400583111;W4402753596;W4404844643,0.25
I177725633,I74973139,1,1,2024,W4394998727,1.0
I177725633,I78577930,2,2,2024,W4400648834;W4404587109,0.5
I177725633,I4210110242,1,1,2024,W4401077562,1.0
I177725633,I4400600917,1,1,2024,W4401077562,1.0
I177725633,I55712492,1,1,2024,W4401077562,1.0
I177725633,I66867065,1,1,2024,W4401077562,1.0
I177725633,I31746571,1,1,2024,W4401420184,1.0
I177725633,I4210086892,2,2,2024,W4401420184;W4403901579,0.5
I177725633,I39422238,1,1,2024,W4402169037,1.0
I177725633,RAW_META,1,1,2024,W4402667063,1.0
I177725633,I881766915,3,3,2024,W4402713111;W4405382875;W4405595839,0.3333333333333333
I177725633,I2250955327,1,1,2024,W4402713133,1.0
I177725633,I4210099586,1,1,2024,W4402753596,1.0
I177725633,I97018004,2,2,2024,W4402753913;W4403021266,0.5
I177725633,I204512498,1,1,2024,W4402916969,1.0
I177725633,I4210105229,2,2,2024,W4403062944;W4404856308,0.5
I177725633,I76130692,1,1,2024,W4403778769,1.0
I177725633,I180726961,1,1,2024,W4403789768,1.0
I177725633,I2800762105,1,1,2024,W4403789768,1.0
I177725633,I3131625388,1,1,2024,W4403789768,1.0
I177725633,I4210088191,1,1,2024,W4403789768,1.0
I177725633,I4210138501,1,1,2024,W4403789768,1.0
I177725633,I4210151987,1,1,2024,W4403789768,1.0
I177725633,I4210159344,1,1,2024,W4403789768,1.0
I177725633,I183519381,1,1,2024,W4404759772,1.0
I177725633,I183935753,1,1,2024,W4404759772,1.0
I177725633,I4210091706,1,1,2024,W4404759772,1.0
I177725633,I4210110199,1,1,2024,W4404759772,1.0
I177725633,I4210121771,1,1,2024,W4404759772,1.0
I177725633,I4210132355,1,1,2024,W4404759772,1.0
I177725633,I4210133003,1,1,2024,W4404759772,1.0
I177725633,I4210133785,1,1,2024,W4404759772,1.0
I177725633,I4210159865,1,1,2024,W4404759772,1.0
I177725633,I53411278,1,1,2024,W4404759772,1.0
I177725633,I92403157,1,1,2024,W4404844643,1.0
I177725633,I4210128910,3,3,2024,W4404856308;W4405382875;W4405595839,0.3333333333333333
I177725633,I4210137146,1,1,2024,W4404856308,1.0
I177725633,I40120149,1,1,2024,W4405079446,1.0
I177725633,I24943067,2,2,2024,W4405382875;W4405595839,0.5
I177725633,I197869895,1,1,2024,W4405568301,1.0
I177725633,I24185976,1,1,2024,W4405568301,1.0
I177725633,I32574673,1,1,2024,W4405568301,1.0
I177725633,I3923682,1,1,2024,W4405568301,1.0
I177725633,I4210115456,1,1,2024,W4405568301,1.0
I177725633,I4210132813,1,1,2024,W4405568301,1.0
I177725633,I4210136596,1,1,2024,W4405568301,1.0
I177725633,I4210153856,1,1,2024,W4405568301,1.0
I177725633,I4210154929,1,1,2024,W4405568301,1.0
I177725633,I56590836,1,1,2024,W4405695475,1.0
I177739611,I177837019,1,1,2024,W4401208836,1.0
I177739611,I192209268,1,1,2024,W4401208836,1.0
I177739611,I76130692,1,1,2024,W4401208836,1.0
I177802217,I4210101898,1,1,2024,W4390511174,1.0
I177802217,I4210112164,1,1,2024,W4390511174,1.0
I177802217,I4210113124,1,1,2024,W4390511174,1.0
I177802217,I887968799,1,1,2024,W4390511174,1.0
I177837019,I192209268,1,1,2024,W4401208836,1.0
I177837019,I76130692,1,1,2024,W4401208836,1.0
I177877127,I205640436,1,1,2024,W4391387740,1.0
I177877127,I2800419323,1,1,2024,W4391387740,1.0
I177877127,I2801351171,1,1,2024,W4391387740,1.0
I177877127,I4210115256,1,1,2024,W4391387740,1.0
I177877127,I4387155440,1,1,2024,W4391387740,1.0
I177877127,I51713134,1,1,2024,W4391387740,1.0
I177877127,I188329596,1,1,2024,W4394969094,1.0
I177877127,I31746571,1,1,2024,W4394969094,1.0
I177877127,I201448701,1,1,2024,W4399347607,1.0
I177877127,I4210126452,1,1,2024,W4399347607,1.0
I177877127,I4210150574,1,1,2024,W4399347607,1.0
I177877127,I45129253,1,1,2024,W4399347607,1.0
I177877127,I2799971621,1,1,2024,W4403716942,1.0
I177877127,I3019271933,1,1,2024,W4403716942,1.0
I177877127,I4210086947,1,1,2024,W4403716942,1.0
I177877127,I63966007,1,1,2024,W4403716942,1.0
I177909021,I17974374,1,1,2024,W4391377263,1.0
I177909021,I204881574,1,1,2024,W4391377263,1.0
I177909021,I83019370,1,1,2024,W4391377263,1.0
I177909021,I879563668,1,1,2024,W4391377263,1.0
I178169726,I57206974,1,1,2024,W4400771722,1.0
I178169726,I58610484,1,1,2024,W4400771722,1.0
I178169726,I59553526,1,1,2024,W4400771722,1.0
I178169726,I97018004,1,1,2024,W4400771722,1.0
I178450904,I3129379329,1,1,2024,W4395483946,1.0
I178535277,I201384688,2,2,2024,W4403111891;W4403261531,0.5
I178535277,I4210124615,1,1,2024,W4403111891,1.0
I178535277,I4210127743,1,1,2024,W4403261531,1.0
I179093154,I189731429,1,1,2024,W4396833086,1.0
I179093154,I91203450,1,1,2024,W4396833086,1.0
I179225836,I62916508,2,2,2024,W4390542627;W4401121063,0.5
I179225836,I8204097,2,2,2024,W4390542627;W4401121063,0.5
I179225836,I91712215,1,1,2024,W4390542627,1.0
I179225836,I8087733,1,1,2024,W4392196220,1.0
I179225836,I86695891,1,1,2024,W4392196220,1.0
I179225836,I3018771216,1,1,2024,W4401121063,1.0
I179331831,I56007636,1,1,2024,W4405399972,1.0
I17937529,I200332995,1,1,2024,W4402713323,1.0
I17937529,I223822909,2,2,2024,W4402713323;W4403680361,0.5
I17937529,I2799391451,1,1,2024,W4402713323,1.0
I17937529,I2802164966,2,2,2024,W4402713323;W4403680361,0.5
I17937529,I4210086407,1,1,2024,W4402713323,1.0
I17937529,I4210111460,1,1,2024,W4402713323,1.0
I17937529,I4210120689,1,1,2024,W4402713323,1.0
I17937529,I4210126310,1,1,2024,W4402713323,1.0
I17937529,I4210156450,2,2,2024,W4402713323;W4403680361,0.5
I17937529,I4210161917,1,1,2024,W4402713323,1.0
I17937529,I4210162051,2,2,2024,W4402713323;W4403680361,0.5
I17974374,I204881574,1,1,2024,W4391377263,1.0
I17974374,I83019370,1,1,2024,W4391377263,1.0
I17974374,I879563668,1,1,2024,W4391377263,1.0
I18014758,I97018004,1,1,2024,W4391833165,1.0
I18014758,I44461941,1,1,2024,W4392542324,1.0
I18014758,I74973139,1,1,2024,W4392542324,1.0
I18014758,I94234084,1,1,2024,W4392542324,1.0
I18014758,I219193219,1,1,2024,W4396831993,1.0
I18014758,I4210099137,1,1,2024,W4400582082,1.0
I18014758,RAW_NVIDIA,2,2,2024,W4400582082;W4400819107,0.5
I18014758,I4391012619,1,1,2024,W4400819107,1.0
I18014758,I4210103820,1,1,2024,W4400819112,1.0
I18014758,I4210104522,1,1,2024,W4400819112,1.0
I18014758,I4210101778,1,1,2024,W4402742293,1.0
I18014758,I4210133173,1,1,2024,W4402742293,1.0
I18014758,I5023651,1,1,2024,W4402742293,1.0
I180203408,I4210147194,1,1,2024,W4403384238,1.0
I180203408,I4921948,1,1,2024,W4403384238,1.0
I180242103,I193531525,1,1,2024,W4392109933,1.0
I180242103,I241749,1,1,2024,W4392109933,1.0
I180242103,I40120149,1,1,2024,W4392109933,1.0
I180242103,I44430492,1,1,2024,W4392109933,1.0
I180242103,I5023651,1,1,2024,W4392109933,1.0
I180242103,I56590836,1,1,2024,W4392109933,1.0
I180242103,I68666633,1,1,2024,W4392109933,1.0
I180242103,I79576946,1,1,2024,W4392109933,1.0
I180242103,I57093077,1,1,2024,W4392506950,1.0
I180297670,I197681013,1,1,2024,W4398144060,1.0
I180297670,I204730241,1,1,2024,W4398144060,1.0
I180297670,I39804081,1,1,2024,W4398144060,1.0
I180297670,I4210091279,1,1,2024,W4398144060,1.0
I180297670,I4210091437,1,1,2024,W4398144060,1.0
I180297670,I4210097159,1,1,2024,W4398144060,1.0
I180297670,I4387154308,1,1,2024,W4398144060,1.0
I180297670,I4394709234,1,1,2024,W4398144060,1.0
I180437899,I4210113316,1,1,2024,W4396832402,1.0
I180437899,I78577930,1,1,2024,W4396832402,1.0
I180437899,I33256026,1,1,2024,W4401567960,1.0
I180437899,I206895457,1,1,2024,W4404103182,1.0
I180437899,I31512782,1,1,2024,W4404103182,1.0
I180437899,I62916508,1,1,2024,W4404103182,1.0
I180519160,I244572783,1,1,2024,W4390813455,1.0
I180519160,I2800207870,1,1,2024,W4390813455,1.0
I180519160,I39586589,1,1,2024,W4390813455,1.0
I180519160,I84392919,1,1,2024,W4390813455,1.0
I180519160,I9927081,1,1,2024,W4390813455,1.0
I180519160,I193531525,1,1,2024,W4393239266,1.0
I180519160,I204205638,1,1,2024,W4393239266,1.0
I180519160,I31746571,1,1,2024,W4393239266,1.0
I180519160,I5023651,1,1,2024,W4393239266,1.0
I180519160,I913958620,1,1,2024,W4393239266,1.0
I180519160,I1850255,1,1,2024,W4402713326,1.0
I180519160,I20089843,1,1,2024,W4402713326,1.0
I180519160,I29955533,1,1,2024,W4402713326,1.0
I180519160,I39343248,1,1,2024,W4402713326,1.0
I180519160,I40120149,1,1,2024,W4402713326,1.0
I180519160,I4210090411,1,1,2024,W4402713326,1.0
I180519160,I4210113297,1,1,2024,W4402713326,1.0
I180519160,I4210119286,1,1,2024,W4402713326,1.0
I180519160,I4210120221,1,1,2024,W4402713326,1.0
I180519160,I4210143272,1,1,2024,W4402713326,1.0
I180519160,I4210164149,1,1,2024,W4402713326,1.0
I180519160,I42934936,1,1,2024,W4402713326,1.0
I180519160,I4387154616,1,1,2024,W4402713326,1.0
I180519160,I45129253,1,1,2024,W4402713326,1.0
I180519160,I4923324,1,1,2024,W4402713326,1.0
I180519160,I63966007,1,1,2024,W4402713326,1.0
I180519160,I74973139,1,1,2024,W4402713326,1.0
I180519160,I97018004,1,1,2024,W4402713326,1.0
I180519160,I98259816,1,1,2024,W4402713326,1.0
I180662265,I4210155350,1,1,2024,W4401387030,1.0
I180662265,I76569877,1,1,2024,W4401387030,1.0
I180662265,I183067930,1,1,2024,W4403844088,1.0
I180664298,I24027795,1,1,2024,W4403648106,1.0
I180664298,I33213144,1,1,2024,W4403648106,1.0
I180664298,I40253897,1,1,2024,W4403648106,1.0
I180664298,I56590836,1,1,2024,W4403648106,1.0
I180670191,I2251586001,3,3,2024,W4390921272;W4395026179;W4399737726,0.3333333333333333
I180670191,I2799299286,3,3,2024,W4390921272;W4395026179;W4399737726,0.3333333333333333
I180670191,I4210097409,1,1,2024,W4390921272,1.0
I180670191,I4210116917,3,3,2024,W4390921272;W4395026179;W4399737726,0.3333333333333333
I180670191,I4210126319,3,3,2024,W4390921272;W4395026179;W4399737726,0.3333333333333333
I180670191,I4210146998,1,1,2024,W4390921272,1.0
I180670191,I97018004,3,3,2024,W4390921272;W4395026179;W4399737726,0.3333333333333333
I180670191,I4210150980,2,2,2024,W4392704071;W4404946452,0.5
I180670191,I53964585,1,1,2024,W4393376341,1.0
I180670191,I4210089246,1,1,2024,W4393867901,1.0
I180670191,I95457486,3,3,2024,W4393867901;W4403371699;W4403748210,0.3333333333333333
I180670191,I204465549,1,1,2024,W4394858800,1.0
I180670191,I2799503643,1,1,2024,W4394858800,1.0
I180670191,I2800403580,1,1,2024,W4394858800,1.0
I180670191,I4210110664,1,1,2024,W4394858800,1.0
I180670191,I4210149000,1,1,2024,W4394858800,1.0
I180670191,I4210150894,1,1,2024,W4394858800,1.0
I180670191,I55302922,1,1,2024,W4394858800,1.0
I180670191,I63190737,1,1,2024,W4394858800,1.0
I180670191,I2799333108,2,2,2024,W4395026179;W4399737726,0.5
I180670191,I2803209242,2,2,2024,W4395026179;W4399737726,0.5
I180670191,I3020100970,2,2,2024,W4395026179;W4399737726,0.5
I180670191,I40120149,3,3,2024,W4395026179;W4399737726;W4403090726,0.3333333333333333
I180670191,I4210105015,2,2,2024,W4395026179;W4399737726,0.5
I180670191,I4210116208,1,1,2024,W4395026179,1.0
I180670191,I4210137145,2,2,2024,W4395026179;W4399737726,0.5
I180670191,I4210137306,1,1,2024,W4395026179,1.0
I180670191,I4210146690,1,1,2024,W4395026179,1.0
I180670191,I4210150290,2,2,2024,W4395026179;W4399737726,0.5
I180670191,I4210162189,2,2,2024,W4395026179;W4399737726,0.5
I180670191,I61628605,1,1,2024,W4395026179,1.0
I180670191,I4210141674,1,1,2024,W4396494945,1.0
I180670191,I98704320,1,1,2024,W4400457514,1.0
I180670191,I76766440,1,1,2024,W4400936896,1.0
I180670191,I181653535,1,1,2024,W4402567773,1.0
I180670191,I3148997608,1,1,2024,W4402567773,1.0
I180670191,I36258959,1,1,2024,W4402567773,1.0
I180670191,I4210140900,1,1,2024,W4402567773,1.0
I180670191,I208626154,1,1,2024,W4403090726,1.0
I180670191,I2801851002,2,2,2024,W4403090726;W4404946452,0.5
I180670191,I45129253,1,1,2024,W4403090726,1.0
I180670191,I5023651,2,2,2024,W4403090726;W4403371699,0.5
I180670191,I2802864159,1,1,2024,W4403371699,1.0
I180670191,I4210098931,1,1,2024,W4403371699,1.0
I180670191,I4210124598,1,1,2024,W4403371699,1.0
I180670191,I4210157288,1,1,2024,W4403371699,1.0
I180670191,I4390039274,1,1,2024,W4403371699,1.0
I180670191,I4210157890,2,2,2024,W4403748210;W4404306028,0.5
I180670191,I200207707,1,1,2024,W4404228387,1.0
I180670191,I2800098698,1,1,2024,W4404228387,1.0
I180670191,I4210096780,1,1,2024,W4404228387,1.0
I180670191,I4210102047,1,1,2024,W4404228387,1.0
I180670191,I4210106256,1,1,2024,W4404228387,1.0
I180670191,I4210137384,1,1,2024,W4404228387,1.0
I180670191,I27837315,1,1,2024,W4404306028,1.0
I180670191,I4210106675,1,1,2024,W4404306028,1.0
I180670191,I4210114445,1,1,2024,W4404306028,1.0
I180670191,I57206974,1,1,2024,W4404306028,1.0
I180670191,I76134821,1,1,2024,W4404306028,1.0
I180670191,I34352273,1,1,2024,W4404946452,1.0
I180670191,I36788626,1,1,2024,W4404946452,1.0
I180670191,I4210117453,1,1,2024,W4404946452,1.0
I180670191,I4210161994,1,1,2024,W4404946452,1.0
I180670191,I48633490,1,1,2024,W4404946452,1.0
I180726961,I19820366,3,3,2024,W4390706293;W4391935121;W4392693709,0.3333333333333333
I180726961,I4210100255,1,1,2024,W4390706293,1.0
I180726961,I4210145761,1,1,2024,W4390706293,1.0
I180726961,I4210165038,1,1,2024,W4390706293,1.0
I180726961,I20089843,1,1,2024,W4390828922,1.0
I180726961,I35928602,1,1,2024,W4390828922,1.0
I180726961,I44461941,1,1,2024,W4390828922,1.0
I180726961,I82497590,1,1,2024,W4390828922,1.0
I180726961,I848706,1,1,2024,W4390828922,1.0
I180726961,I4210128628,1,1,2024,W4391822640,1.0
I180726961,I4210152380,3,3,2024,W4391822640;W4393146509;W4399547912,0.3333333333333333
I180726961,I25757504,1,1,2024,W4391935121,1.0
I180726961,I4210136793,1,1,2024,W4391935121,1.0
I180726961,I96908189,1,1,2024,W4391935121,1.0
I180726961,I4210112150,1,1,2024,W4392693709,1.0
I180726961,I3923682,1,1,2024,W4394740284,1.0
I180726961,I4210124531,1,1,2024,W4394740284,1.0
I180726961,I4210141719,1,1,2024,W4394740284,1.0
I180726961,I4210145330,1,1,2024,W4394740284,1.0
I180726961,I4210153519,1,1,2024,W4394740284,1.0
I180726961,I4392738115,1,1,2024,W4394740284,1.0
I180726961,I76214153,1,1,2024,W4394740284,1.0
I180726961,I183067930,1,1,2024,W4402981721,1.0
I180726961,I200769079,1,1,2024,W4403770038,1.0
I180726961,I204983213,1,1,2024,W4403770038,1.0
I180726961,I2250653659,1,1,2024,W4403770038,1.0
I180726961,I881766915,1,1,2024,W4403770038,1.0
I180726961,I2800762105,1,1,2024,W4403789768,1.0
I180726961,I3131625388,1,1,2024,W4403789768,1.0
I180726961,I4210088191,1,1,2024,W4403789768,1.0
I180726961,I4210138501,1,1,2024,W4403789768,1.0
I180726961,I4210151987,1,1,2024,W4403789768,1.0
I180726961,I4210159344,1,1,2024,W4403789768,1.0
I180726961,I76130692,1,1,2024,W4403938642,1.0
I180726961,I2800444561,1,1,2024,W4404058379,1.0
I180825142,I183935753,1,1,2024,W4405726663,1.0
I180857899,I185261750,1,1,2024,W4403091357,1.0
I180857899,I2803004491,1,1,2024,W4403091357,1.0
I180857899,I4432739,1,1,2024,W4403091357,1.0
I180923762,I20231570,1,1,2024,W4400727150,1.0
I180923762,I4210128910,1,1,2024,W4400727150,1.0
I180923762,I97750245,1,1,2024,W4400727150,1.0
I180923762,I223822909,1,1,2024,W4403626237,1.0
I180923762,I2802164966,1,1,2024,W4403626237,1.0
I180923762,I2802619606,1,1,2024,W4403626237,1.0
I180923762,I4210111460,1,1,2024,W4403626237,1.0
I180923762,I4210120689,1,1,2024,W4403626237,1.0
I180923762,I4210124799,1,1,2024,W4403626237,1.0
I180923762,I4210132578,1,1,2024,W4403626237,1.0
I180923762,I4210148371,1,1,2024,W4403626237,1.0
I180923762,I4210153755,1,1,2024,W4403626237,1.0
I180923762,I4210162051,1,1,2024,W4403626237,1.0
I180923762,I62916508,1,1,2024,W4403626237,1.0
I180949307,I98993165,2,2,2024,W4392240214;W4392240261,0.5
I180949307,I51556381,1,1,2024,W4392240261,1.0
I180949307,I205023500,1,1,2024,W4392773006,1.0
I180949307,I4210137306,1,1,2024,W4392773006,1.0
I180949307,I90523175,1,1,2024,W4392773006,1.0
I180949307,I4210124331,1,1,2024,W4405741365,1.0
I180949307,I91044093,1,1,2024,W4405741365,1.0
I181046868,I40120149,1,1,2024,W4401591651,1.0
I181046868,I4210146410,1,1,2024,W4401591651,1.0
I181046868,I204778367,1,1,2024,W4403968870,1.0
I181046868,I4210096312,1,1,2024,W4403968870,1.0
I181085462,I4210103989,1,1,2024,W4403656932,1.0
I181190671,I183519381,1,1,2024,W4400362569,1.0
I181190671,I4210119028,1,1,2024,W4400362569,1.0
I181190671,I71920554,1,1,2024,W4400362569,1.0
I181231927,I32971472,1,1,2024,W4399925880,1.0
I181326427,I188935350,1,1,2024,W4390563409,1.0
I181326427,I70908550,1,1,2024,W4390563409,1.0
I181326427,I4210109289,1,1,2024,W4405445940,1.0
I181326427,I57589565,1,1,2024,W4405445940,1.0
I181343428,I4210091792,1,1,2024,W4392856471,1.0
I181343428,I4210141176,1,1,2024,W4392856471,1.0
I181343428,I72852730,1,1,2024,W4392856471,1.0
I181369854,I4210088053,2,2,2024,W4391653030;W4404113927,0.5
I181369854,I4210106192,1,1,2024,W4391653030,1.0
I181369854,I4210126310,1,1,2024,W4391653030,1.0
I181369854,I4210149747,1,1,2024,W4404113927,1.0
I181391015,I1850255,1,1,2024,W4392764290,1.0
I181391015,I4210095520,1,1,2024,W4392764290,1.0
I181391015,I182534213,1,1,2024,W4401688342,1.0
I181514455,I44430492,1,1,2024,W4404783214,1.0
I181514455,I59270414,1,1,2024,W4404783214,1.0
I181514455,I94234084,1,1,2024,W4404783214,1.0
I181547552,I185261750,1,1,2024,W4391308235,1.0
I181547552,I4210147586,1,1,2024,W4391308235,1.0
I181547552,I47818738,1,1,2024,W4391308235,1.0
I181547552,I4210090793,1,1,2024,W4392565345,1.0
I181547552,I4210115995,1,1,2024,W4392565345,1.0
I181547552,I4210162370,1,1,2024,W4392565345,1.0
I181547552,I4210153760,1,1,2024,W4401965902,1.0
I181547552,I31746571,1,1,2024,W4402988549,1.0
I181547552,I99043593,1,1,2024,W4402988549,1.0
I181547552,I97018004,2,2,2024,W4403637939;W4403638035,0.5
I181647926,I193662353,1,1,2024,W4396807129,1.0
I181647926,I36234482,1,1,2024,W4396807129,1.0
I181647926,I4210160053,1,1,2024,W4396807129,1.0
I181647926,I43439940,1,1,2024,W4396807129,1.0
I181647926,I79510175,1,1,2024,W4396807129,1.0
I181647926,I98677209,1,1,2024,W4396807129,1.0
I181653535,I3148997608,1,1,2024,W4402567773,1.0
I181653535,I36258959,1,1,2024,W4402567773,1.0
I181653535,I4210140900,1,1,2024,W4402567773,1.0
I181679659,I4210116924,1,1,2024,W4392362609,1.0
I181679659,I86501945,1,1,2024,W4392362609,1.0
I181679659,I99065089,1,1,2024,W4392362609,1.0
I181679659,I255234318,1,1,2024,W4403904079,1.0
I181679659,I49185572,1,1,2024,W4403904079,1.0
I181697535,I79576946,1,1,2024,W4393029086,1.0
I181697535,I83041322,1,1,2024,W4393029086,1.0
I181697535,I98704320,1,1,2024,W4393029086,1.0
I181697535,I32971472,1,1,2024,W4393215948,1.0
I181697535,I4210117211,1,1,2024,W4393215948,1.0
I181877577,I82880672,1,1,2024,W4400771918,1.0
I182212641,I4210152518,1,1,2024,W4403112661,1.0
I182212641,I4210154111,1,1,2024,W4403112661,1.0
I182212641,I74786994,1,1,2024,W4403112661,1.0
I18241798,I63772739,1,1,2024,W4404442740,1.0
I182534213,I32971472,1,1,2024,W4402055147,1.0
I182534213,I4210094406,1,1,2024,W4402055147,1.0
I182534213,I4210103180,1,1,2024,W4402055147,1.0
I182534213,I4210111164,1,1,2024,W4402055147,1.0
I182534213,I4210125590,1,1,2024,W4402055147,1.0
I182534213,I4210158373,1,1,2024,W4402055147,1.0
I182534213,I47508984,1,1,2024,W4402055147,1.0
I182534213,I91123046,1,1,2024,W4402055147,1.0
I182722699,I3045169105,1,1,2024,W4404544903,1.0
I182722699,I4210098582,1,1,2024,W4404544903,1.0
I182722699,I4210136793,1,1,2024,W4404544903,1.0
I182722699,I889458895,1,1,2024,W4404544903,1.0
I183067930,I4210090176,2,2,2024,W4390490761;W4392972103,0.5
I183067930,I47251452,1,1,2024,W4390490761,1.0
I183067930,I98301712,1,1,2024,W4390490761,1.0
I183067930,I2251586001,1,1,2024,W4390577395,1.0
I183067930,I2799299286,3,3,2024,W4390577395;W4391225179;W4391509875,0.3333333333333333
I183067930,I2799853436,1,1,2024,W4390577395,1.0
I183067930,I33849332,1,1,2024,W4390577395,1.0
I183067930,I4210100255,6,6,2024,W4390577395;W4392748121;W4401102473;W4401198708;W4402396688;W4402753832,0.16666666666666666
I183067930,I4210106442,1,1,2024,W4390577395,1.0
I183067930,I4210116869,2,2,2024,W4390577395;W4391509875,0.5
I183067930,I4210116917,3,3,2024,W4390577395;W4391225179;W4391509875,0.3333333333333333
I183067930,I4210124134,1,1,2024,W4390577395,1.0
I183067930,I4210128921,1,1,2024,W4390577395,1.0
I183067930,I4210144482,2,2,2024,W4390577395;W4401102473,0.5
I183067930,I4210153550,4,4,2024,W4390577395;W4391225179;W4391509875;W4401102473,0.25
I183067930,I47508984,1,1,2024,W4390577395,1.0
I183067930,I99065089,12,12,2024,W4390577395;W4391225179;W4391509875;W4392616472;W4393578753;W4395112660;W4401102473;W4401109885;W4402753641;W4402753889;W4405003117;W4405382875,0.08333333333333333
I183067930,I27837315,2,2,2024,W4391225179;W4402396688,0.5
I183067930,I2800810863,1,1,2024,W4391225179,1.0
I183067930,I2801766832,1,1,2024,W4391225179,1.0
I183067930,I4210116924,1,1,2024,W4391225179,1.0
I183067930,I4210126319,1,1,2024,W4391225179,1.0
I183067930,I4210135742,3,3,2024,W4391225179;W4396561228;W4405497423,0.3333333333333333
I183067930,I4210142044,1,1,2024,W4391225179,1.0
I183067930,I82880672,2,2,2024,W4391225179;W4404601423,0.5
I183067930,I889458895,2,2,2024,W4391225179;W4404562994,0.5
I183067930,I19820366,6,6,2024,W4391490196;W4392972103;W4399615879;W4402134103;W4402386891;W4404049681,0.16666666666666666
I183067930,I49835588,1,1,2024,W4391490196,1.0
I183067930,I4210128175,2,2,2024,W4391509875;W4404525423,0.5
I183067930,I4210160793,1,1,2024,W4392384758,1.0
I183067930,I2250653659,3,3,2024,W4392616472;W4393159787;W4395471118,0.3333333333333333
I183067930,I4391012619,9,9,2024,W4392748121;W4394782456;W4399615879;W4401198708;W4402753832;W4402754043;W4403791546;W4404480093;W4405382875,0.1111111111111111
I183067930,I30809798,3,3,2024,W4392909361;W4396753423;W4402582321,0.3333333333333333
I183067930,I2802974365,1,1,2024,W4392972103,1.0
I183067930,I4210101410,1,1,2024,W4392972103,1.0
I183067930,I4210123185,2,2,2024,W4392972103;W4404525423,0.5
I183067930,I4210165038,3,3,2024,W4392972103;W4402134103;W4404049681,0.3333333333333333
I183067930,I76130692,4,4,2024,W4392972103;W4401857637;W4404525423;W4405612257,0.25
I183067930,I4210099312,3,3,2024,W4393252833;W4394782456;W4402753832,0.3333333333333333
I183067930,I4210111163,1,1,2024,W4393252833,1.0
I183067930,I20231570,2,2,2024,W4395112660;W4401198708,0.5
I183067930,I36258959,2,2,2024,W4395112660;W4402753641,0.5
I183067930,I74973139,2,2,2024,W4395112660;W4402753889,0.5
I183067930,I97018004,2,2,2024,W4395112660;W4402890475,0.5
I183067930,I3005327000,2,2,2024,W4395471118;W4402704606,0.5
I183067930,I37461747,1,1,2024,W4395471118,1.0
I183067930,I200296433,1,1,2024,W4396561228,1.0
I183067930,I4210120929,1,1,2024,W4396561228,1.0
I183067930,I4210126592,1,1,2024,W4396561228,1.0
I183067930,I58200834,1,1,2024,W4396561228,1.0
I183067930,I4210086194,1,1,2024,W4396722127,1.0
I183067930,I4210160507,2,2,2024,W4396722127;W4404525423,0.5
I183067930,I4210135459,2,2,2024,W4396753423;W4402582321,0.5
I183067930,I4210157781,2,2,2024,W4396753423;W4402582321,0.5
I183067930,I2250955327,3,3,2024,W4396758737;W4400606525;W4403220611,0.3333333333333333
I183067930,I200845125,1,1,2024,W4399615879,1.0
I183067930,I4210126580,1,1,2024,W4399615879,1.0
I183067930,I4210152758,1,1,2024,W4399615879,1.0
I183067930,I204778367,1,1,2024,W4400487853,1.0
I183067930,I20942203,1,1,2024,W4400487853,1.0
I183067930,I881766915,2,2,2024,W4400487853;W4405382875,0.5
I183067930,I4210126065,1,1,2024,W4400612817,1.0
I183067930,I2802705668,2,2,2024,W4400648858;W4403760728,0.5
I183067930,I4401726874,1,1,2024,W4401102473,1.0
I183067930,I91045830,1,1,2024,W4401109885,1.0
I183067930,I4210109586,1,1,2024,W4401415107,1.0
I183067930,I45928872,1,1,2024,W4401863300,1.0
I183067930,I4210136793,1,1,2024,W4402134103,1.0
I183067930,I4210145761,1,1,2024,W4402134103,1.0
I183067930,I241749,1,1,2024,W4402396688,1.0
I183067930,I31746571,1,1,2024,W4402396688,1.0
I183067930,I4210158445,1,1,2024,W4402396688,1.0
I183067930,I4210159102,1,1,2024,W4402753518,1.0
I183067930,I191208505,1,1,2024,W4402754043,1.0
I183067930,I20089843,1,1,2024,W4402890475,1.0
I183067930,I4210127875,1,1,2024,W4402890475,1.0
I183067930,I4577782,1,1,2024,W4402890475,1.0
I183067930,I86519309,1,1,2024,W4402890475,1.0
I183067930,I4210133325,1,1,2024,W4402962807,1.0
I183067930,I9224756,2,2,2024,W4403791273;W4405094704,0.5
I183067930,I27804330,1,1,2024,W4404480093,1.0
I183067930,I80626142,1,1,2024,W4404480093,1.0
I183067930,I4210097066,1,1,2024,W4404525423,1.0
I183067930,I4210100029,1,1,2024,W4404525423,1.0
I183067930,I4210105785,1,1,2024,W4404525423,1.0
I183067930,I4210160344,1,1,2024,W4404525423,1.0
I183067930,I4210166576,1,1,2024,W4404525423,1.0
I183067930,I83519826,1,1,2024,W4404525423,1.0
I183067930,I194450716,1,1,2024,W4404562994,1.0
I183067930,I4210134929,1,1,2024,W4404562994,1.0
I183067930,I91041137,1,1,2024,W4404592476,1.0
I183067930,I887064364,1,1,2024,W4404601423,1.0
I183067930,I24185976,1,1,2024,W4404722383,1.0
I183067930,I4401726805,1,1,2024,W4404722383,1.0
I183067930,I4800084,1,1,2024,W4404722383,1.0
I183067930,I4210145118,1,1,2024,W4405003117,1.0
I183067930,I24943067,1,1,2024,W4405382875,1.0
I183067930,I4210128910,1,1,2024,W4405382875,1.0
I183067930,I200769079,1,1,2024,W4405612257,1.0
I183067930,I210716285,1,1,2024,W4405612257,1.0
I183067930,I3133055985,1,1,2024,W4405612257,1.0
I183067930,I183935753,1,1,2024,W4405895871,1.0
I183067930,I4210090971,1,1,2024,W4405895871,1.0
I183067930,I66867065,1,1,2024,W4405895871,1.0
I183519381,I2800191616,1,1,2024,W4391258615,1.0
I183519381,I4210147433,2,2,2024,W4391258615;W4392047358,0.5
I183519381,I4210161616,1,1,2024,W4391258615,1.0
I183519381,I200296433,1,1,2024,W4399478575,1.0
I183519381,I20231570,2,2,2024,W4399478575;W4404759772,0.5
I183519381,I2802957242,1,1,2024,W4399478575,1.0
I183519381,I39343248,1,1,2024,W4399478575,1.0
I183519381,I4210113795,1,1,2024,W4399478575,1.0
I183519381,I4210119234,1,1,2024,W4399478575,1.0
I183519381,I4210126517,1,1,2024,W4399478575,1.0
I183519381,I4210144384,1,1,2024,W4399478575,1.0
I183519381,I4210156804,1,1,2024,W4399478575,1.0
I183519381,I5740404,1,1,2024,W4399478575,1.0
I183519381,I75951250,1,1,2024,W4399478575,1.0
I183519381,I7877124,1,1,2024,W4399478575,1.0
I183519381,I4210119028,1,1,2024,W4400362569,1.0
I183519381,I71920554,1,1,2024,W4400362569,1.0
I183519381,I4210087691,1,1,2024,W4403650520,1.0
I183519381,I4210126463,1,1,2024,W4403650520,1.0
I183519381,I47508984,2,2,2024,W4403650520;W4404759772,0.5
I183519381,I183935753,1,1,2024,W4404759772,1.0
I183519381,I2799299286,1,1,2024,W4404759772,1.0
I183519381,I4210091706,1,1,2024,W4404759772,1.0
I183519381,I4210110199,1,1,2024,W4404759772,1.0
I183519381,I4210116917,1,1,2024,W4404759772,1.0
I183519381,I4210121771,1,1,2024,W4404759772,1.0
I183519381,I4210132355,2,2,2024,W4404759772;W4405063711,0.5
I183519381,I4210133003,1,1,2024,W4404759772,1.0
I183519381,I4210133785,1,1,2024,W4404759772,1.0
I183519381,I4210153550,1,1,2024,W4404759772,1.0
I183519381,I4210159865,1,1,2024,W4404759772,1.0
I183519381,I53411278,1,1,2024,W4404759772,1.0
I183519381,I99065089,1,1,2024,W4404759772,1.0
I183519381,I189210763,1,1,2024,W4405063711,1.0
I183519381,I4210135888,1,1,2024,W4405063711,1.0
I183519381,I4210156168,1,1,2024,W4405063711,1.0
I183638586,I27483092,1,1,2024,W4402050440,1.0
I183697816,I29894533,1,1,2024,W4391855109,1.0
I183697816,I63169043,1,1,2024,W4391855109,1.0
I183697816,I63548447,1,1,2024,W4391855109,1.0
I183697816,I185261750,1,1,2024,W4396832720,1.0
I183697816,I83328450,1,1,2024,W4396832720,1.0
I183874917,I186143895,1,1,2024,W4401863166,1.0
I183874917,I204250578,1,1,2024,W4401863166,1.0
I183874917,I74973139,1,1,2024,W4401863166,1.0
I183874917,I76130692,1,1,2024,W4401863166,1.0
I183874917,I91045830,1,1,2024,W4401863166,1.0
I183935753,I200166805,1,1,2024,W4392373674,1.0
I183935753,I4210111135,1,1,2024,W4392373674,1.0
I183935753,I4210119896,3,3,2024,W4392373674;W4400262379;W4402882689,0.3333333333333333
I183935753,I4210126463,1,1,2024,W4392373674,1.0
I183935753,I45129253,1,1,2024,W4392373674,1.0
I183935753,I194028371,1,1,2024,W4392755271,1.0
I183935753,I2801970007,1,1,2024,W4392755271,1.0
I183935753,I33213144,1,1,2024,W4392755271,1.0
I183935753,I78577930,1,1,2024,W4392755271,1.0
I183935753,I79576946,1,1,2024,W4392755271,1.0
I183935753,I921990950,1,1,2024,W4392755271,1.0
I183935753,I98704320,1,1,2024,W4392755271,1.0
I183935753,I99464096,1,1,2024,W4392755271,1.0
I183935753,I82951845,1,1,2024,W4396822039,1.0
I183935753,I98677209,1,1,2024,W4396822039,1.0
I183935753,I241749,2,2,2024,W4400396852;W4405298817,0.5
I183935753,I60053951,1,1,2024,W4400396852,1.0
I183935753,I191208505,1,1,2024,W4401178788,1.0
I183935753,I21642278,1,1,2024,W4401178788,1.0
I183935753,I4210096640,2,2,2024,W4401178788;W4402429489,0.5
I183935753,I47508984,5,5,2024,W4401178788;W4402429489;W4403069260;W4404759772;W4405545714,0.2
I183935753,I204823248,1,1,2024,W4402429489,1.0
I183935753,I4210090512,1,1,2024,W4402429489,1.0
I183935753,I4210101049,1,1,2024,W4402429489,1.0
I183935753,I4210144725,1,1,2024,W4402429489,1.0
I183935753,I47720641,1,1,2024,W4402429489,1.0
I183935753,I92039509,1,1,2024,W4402429489,1.0
I183935753,I4210086892,1,1,2024,W4402882689,1.0
I183935753,I52099693,1,1,2024,W4402882689,1.0
I183935753,I2802619606,1,1,2024,W4403069260,1.0
I183935753,I3018134672,3,3,2024,W4403069260;W4403649789;W4405545714,0.3333333333333333
I183935753,I4210113347,1,1,2024,W4403069260,1.0
I183935753,I4210129763,1,1,2024,W4403069260,1.0
I183935753,I62916508,3,3,2024,W4403069260;W4403649789;W4405545714,0.3333333333333333
I183935753,I8204097,1,1,2024,W4403649789,1.0
I183935753,I20231570,1,1,2024,W4404759772,1.0
I183935753,I2799299286,1,1,2024,W4404759772,1.0
I183935753,I4210091706,1,1,2024,W4404759772,1.0
I183935753,I4210110199,1,1,2024,W4404759772,1.0
I183935753,I4210116917,1,1,2024,W4404759772,1.0
I183935753,I4210121771,1,1,2024,W4404759772,1.0
I183935753,I4210132355,1,1,2024,W4404759772,1.0
I183935753,I4210133003,1,1,2024,W4404759772,1.0
I183935753,I4210133785,1,1,2024,W4404759772,1.0
I183935753,I4210153550,1,1,2024,W4404759772,1.0
I183935753,I4210159865,1,1,2024,W4404759772,1.0
I183935753,I53411278,1,1,2024,W4404759772,1.0
I183935753,I99065089,1,1,2024,W4404759772,1.0
I183935753,I57206974,1,1,2024,W4405298817,1.0
I183935753,I2801851002,1,1,2024,W4405545714,1.0
I183935753,I4210110987,1,1,2024,W4405545714,1.0
I183935753,I4210157861,1,1,2024,W4405545714,1.0
I183935753,I97018004,1,1,2024,W4405545714,1.0
I183935753,I27837315,1,1,2024,W4405832618,1.0
I183935753,I4210090971,1,1,2024,W4405895871,1.0
I183935753,I66867065,1,1,2024,W4405895871,1.0
I184558857,I190082696,1,1,2024,W4391644905,1.0
I184558857,I244572783,1,1,2024,W4391644905,1.0
I184558857,I2802506851,1,1,2024,W4391644905,1.0
I184558857,I39586589,1,1,2024,W4391644905,1.0
I184558857,I56007636,1,1,2024,W4391644905,1.0
I184565670,I20089843,1,1,2024,W4403294432,1.0
I184565670,I29955533,1,1,2024,W4403294432,1.0
I184565670,I63966007,1,1,2024,W4403294432,1.0
I184565670,I97018004,1,1,2024,W4403294432,1.0
I184656255,I904495901,1,1,2024,W4391319559,1.0
I184693016,I2803004286,1,1,2024,W4392164233,1.0
I184693016,I4210091201,1,1,2024,W4392164233,1.0
I184693016,I4210093006,1,1,2024,W4392164233,1.0
I184693016,I4210093821,1,1,2024,W4392164233,1.0
I184693016,I4210097658,1,1,2024,W4392164233,1.0
I184693016,I4210126829,1,1,2024,W4392164233,1.0
I184693016,I4210136334,1,1,2024,W4392164233,1.0
I184693016,I4210152230,1,1,2024,W4392164233,1.0
I184693016,I4210162359,1,1,2024,W4392164233,1.0
I184693016,I64723972,1,1,2024,W4392164233,1.0
I184693016,I68171755,1,1,2024,W4392164233,1.0
I184693016,I98298690,1,1,2024,W4392164233,1.0
I184942183,I200650556,1,1,2024,W4391078387,1.0
I184942183,I24603500,1,1,2024,W4391078387,1.0
I184942183,I39854758,1,1,2024,W4391078387,1.0
I184942183,I4210109447,1,1,2024,W4391078387,1.0
I184942183,I67415387,1,1,2024,W4391078387,1.0
I184942183,I74656192,1,1,2024,W4391078387,1.0
I184942183,I4210165875,1,1,2024,W4399204263,1.0
I184942183,I184999862,1,1,2024,W4399384924,1.0
I184942183,I86958956,1,1,2024,W4399384924,1.0
I184942183,I4210087059,1,1,2024,W4402811916,1.0
I184983240,I19820366,1,1,2024,W4405194283,1.0
I184983240,I23923803,1,1,2024,W4405194283,1.0
I184983240,I2799300731,1,1,2024,W4405194283,1.0
I184983240,I4210112230,1,1,2024,W4405194283,1.0
I184983240,I4210128584,1,1,2024,W4405194283,1.0
I184983240,I4210139738,1,1,2024,W4405194283,1.0
I184999862,I86958956,1,1,2024,W4399384924,1.0
I1850255,I4210095520,1,1,2024,W4392764290,1.0
I1850255,I3018134672,2,2,2024,W4401609675;W4403204536,0.5
I1850255,I4210112925,1,1,2024,W4401609675,1.0
I1850255,I4210120221,2,2,2024,W4401609675;W4402713326,0.5
I1850255,I20089843,2,2,2024,W4402713326;W4404764563,0.5
I1850255,I29955533,1,1,2024,W4402713326,1.0
I1850255,I39343248,1,1,2024,W4402713326,1.0
I1850255,I40120149,2,2,2024,W4402713326;W4404764563,0.5
I1850255,I4210090411,1,1,2024,W4402713326,1.0
I1850255,I4210113297,1,1,2024,W4402713326,1.0
I1850255,I4210119286,1,1,2024,W4402713326,1.0
I1850255,I4210143272,1,1,2024,W4402713326,1.0
I1850255,I4210164149,1,1,2024,W4402713326,1.0
I1850255,I42934936,1,1,2024,W4402713326,1.0
I1850255,I4387154616,1,1,2024,W4402713326,1.0
I1850255,I45129253,2,2,2024,W4402713326;W4404764563,0.5
I1850255,I4923324,1,1,2024,W4402713326,1.0
I1850255,I63966007,2,2,2024,W4402713326;W4404764563,0.5
I1850255,I74973139,1,1,2024,W4402713326,1.0
I1850255,I97018004,1,1,2024,W4402713326,1.0
I1850255,I98259816,1,1,2024,W4402713326,1.0
I1850255,I202697423,2,2,2024,W4403204536;W4404764563,0.5
I1850255,I2802542264,1,1,2024,W4403204536,1.0
I1850255,I2802619606,1,1,2024,W4403204536,1.0
I1850255,I4210113347,1,1,2024,W4403204536,1.0
I1850255,I62916508,2,2,2024,W4403204536;W4404764563,0.5
I1850255,I197323543,1,1,2024,W4404764563,1.0
I1850255,I204337017,1,1,2024,W4404764563,1.0
I1850255,I2184545,1,1,2024,W4404764563,1.0
I1850255,I241749,1,1,2024,W4404764563,1.0
I1850255,I27804330,1,1,2024,W4404764563,1.0
I1850255,I2802640592,1,1,2024,W4404764563,1.0
I1850255,I32597200,1,1,2024,W4404764563,1.0
I1850255,I32971472,1,1,2024,W4404764563,1.0
I1850255,I36234482,1,1,2024,W4404764563,1.0
I1850255,I4210094062,1,1,2024,W4404764563,1.0
I1850255,I4210098931,1,1,2024,W4404764563,1.0
I1850255,I4210126907,1,1,2024,W4404764563,1.0
I1850255,I4210128584,1,1,2024,W4404764563,1.0
I1850255,I4210130445,1,1,2024,W4404764563,1.0
I1850255,I4210134158,1,1,2024,W4404764563,1.0
I1850255,I4210134550,1,1,2024,W4404764563,1.0
I1850255,I4210143801,1,1,2024,W4404764563,1.0
I1850255,I4210144746,1,1,2024,W4404764563,1.0
I1850255,I4210157294,1,1,2024,W4404764563,1.0
I1850255,I4210158500,1,1,2024,W4404764563,1.0
I1850255,I4387152376,1,1,2024,W4404764563,1.0
I1850255,I44260953,1,1,2024,W4404764563,1.0
I1850255,I57206974,1,1,2024,W4404764563,1.0
I1850255,I78757542,1,1,2024,W4404764563,1.0
I1850255,I79576946,1,1,2024,W4404764563,1.0
I1850255,I8087733,1,1,2024,W4404764563,1.0
I1850255,I8204097,1,1,2024,W4404764563,1.0
I1850255,I91727514,1,1,2024,W4404764563,1.0
I1850255,I97565354,1,1,2024,W4404764563,1.0
I1850255,I98677209,1,1,2024,W4404764563,1.0
I185103710,I83467386,1,1,2024,W4400361215,1.0
I185103710,I186143895,1,1,2024,W4401397240,1.0
I185103710,I2802423016,1,1,2024,W4401397240,1.0
I185103710,I4210087915,1,1,2024,W4401397240,1.0
I185103710,I4210101778,1,1,2024,W4401397240,1.0
I185103710,I4210127693,1,1,2024,W4401397240,1.0
I185103710,I4210146710,1,1,2024,W4401397240,1.0
I185103710,I79576946,1,1,2024,W4401397240,1.0
I185103710,I919571938,1,1,2024,W4401397240,1.0
I185103710,I97018004,1,1,2024,W4401397240,1.0
I185163786,I76571253,1,1,2024,W4400189100,1.0
I185163786,I4210152006,1,1,2024,W4400984562,1.0
I185163786,I69356397,1,1,2024,W4400984562,1.0
I185163786,I4626487,1,1,2024,W4403647662,1.0
I185203018,I195631090,1,1,2024,W4401798900,1.0
I185203018,I4210095597,1,1,2024,W4401798900,1.0
I185203018,I4517696,1,1,2024,W4401798900,1.0
I185261750,I2802654988,3,3,2024,W4390705006;W4399774223;W4399781895,0.3333333333333333
I185261750,I32971472,1,1,2024,W4391109864,1.0
I185261750,I4210127509,9,9,2024,W4391109864;W4392168151;W4399774223;W4400201634;W4400949264;W4402997546;W4403350553;W4404018000;W4405737927,0.1111111111111111
I185261750,I57206974,1,1,2024,W4391109864,1.0
I185261750,I4210147586,1,1,2024,W4391308235,1.0
I185261750,I47818738,1,1,2024,W4391308235,1.0
I185261750,I2801572250,1,1,2024,W4391738137,1.0
I185261750,I2802423016,1,1,2024,W4391738137,1.0
I185261750,I4210146710,1,1,2024,W4391738137,1.0
I185261750,I29045822,1,1,2024,W4391878439,1.0
I185261750,I4210121083,1,1,2024,W4391878439,1.0
I185261750,I4210130461,1,1,2024,W4391878439,1.0
I185261750,I4210141135,1,1,2024,W4391878439,1.0
I185261750,I4210142730,1,1,2024,W4391878439,1.0
I185261750,I45129253,1,1,2024,W4391878439,1.0
I185261750,I5023651,1,1,2024,W4391878439,1.0
I185261750,I70931966,1,1,2024,W4391878439,1.0
I185261750,I36258959,2,2,2024,W4391940619;W4400267690,0.5
I185261750,I4210114444,1,1,2024,W4391940619,1.0
I185261750,I4210128585,1,1,2024,W4391940619,1.0
I185261750,I4210096417,1,1,2024,W4392407790,1.0
I185261750,I4210128594,1,1,2024,W4392407790,1.0
I185261750,I2799376586,1,1,2024,W4392564669,1.0
I185261750,I60205797,1,1,2024,W4392564669,1.0
I185261750,I2801862477,2,2,2024,W4392691776;W4396828482,0.5
I185261750,I204250578,1,1,2024,W4393335480,1.0
I185261750,I204866599,1,1,2024,W4393335480,1.0
I185261750,I4210140627,1,1,2024,W4393335480,1.0
I185261750,I4210140791,1,1,2024,W4393335480,1.0
I185261750,I97018004,1,1,2024,W4393335480,1.0
I185261750,I4210140884,1,1,2024,W4394845024,1.0
I185261750,I4210141342,1,1,2024,W4394845024,1.0
I185261750,I4391768120,1,1,2024,W4394845024,1.0
I185261750,I4210127875,1,1,2024,W4396721893,1.0
I185261750,I2279609970,1,1,2024,W4396828482,1.0
I185261750,I7454413,1,1,2024,W4396828482,1.0
I185261750,I83328450,1,1,2024,W4396832720,1.0
I185261750,I2801816099,1,1,2024,W4398190964,1.0
I185261750,I2801845744,2,2,2024,W4398190964;W4399781895,0.5
I185261750,I2972652528,1,1,2024,W4398243240,1.0
I185261750,I3125347698,1,1,2024,W4398243240,1.0
I185261750,I4210121775,1,1,2024,W4398243240,1.0
I185261750,I4210166741,1,1,2024,W4398243240,1.0
I185261750,I62318514,1,1,2024,W4398243240,1.0
I185261750,I99682543,1,1,2024,W4398243240,1.0
I185261750,I39422238,1,1,2024,W4398766485,1.0
I185261750,I4210087915,2,2,2024,W4398766485;W4399781895,0.5
I185261750,I4210159521,1,1,2024,W4398766485,1.0
I185261750,I87208437,1,1,2024,W4398766485,1.0
I185261750,I4210147079,1,1,2024,W4399774223,1.0
I185261750,I4210157790,1,1,2024,W4399866885,1.0
I185261750,I4210088955,1,1,2024,W4400201634,1.0
I185261750,I98251732,1,1,2024,W4400201634,1.0
I185261750,I2801919071,1,1,2024,W4400267690,1.0
I185261750,I4210115038,1,1,2024,W4400646293,1.0
I185261750,I241749,1,1,2024,W4400949264,1.0
I185261750,I40120149,1,1,2024,W4400949264,1.0
I185261750,I4210146410,1,1,2024,W4400949264,1.0
I185261750,I47508984,1,1,2024,W4400949264,1.0
I185261750,I98677209,2,2,2024,W4400949264;W4404018000,0.5
I185261750,I2135383,1,1,2024,W4401880391,1.0
I185261750,I889458895,1,1,2024,W4402727495,1.0
I185261750,I192455969,2,2,2024,W4402997546;W4403350553,0.5
I185261750,I4210123574,1,1,2024,W4402997546,1.0
I185261750,I2803004491,1,1,2024,W4403091357,1.0
I185261750,I4432739,1,1,2024,W4403091357,1.0
I185261750,I39965400,1,1,2024,W4403350553,1.0
I185261750,I4210151462,1,1,2024,W4403350553,1.0
I185261750,I78577930,1,1,2024,W4403350553,1.0
I185261750,I2802581871,1,1,2024,W4404018000,1.0
I185261750,I2802948906,1,1,2024,W4404018000,1.0
I185261750,I4210109586,1,1,2024,W4404018000,1.0
I185261750,I4210110987,1,1,2024,W4404018000,1.0
I185261750,I4210158898,1,1,2024,W4404018000,1.0
I185261750,I231025917,1,1,2024,W4404024323,1.0
I185261750,I4210113543,1,1,2024,W4404024323,1.0
I185261750,I72816309,1,1,2024,W4404258021,1.0
I185261750,I94588446,1,1,2024,W4404280355,1.0
I185261750,I2802289008,1,1,2024,W4405728682,1.0
I185261750,I204337017,1,1,2024,W4405737927,1.0
I185443292,I4210090317,1,1,2024,W4401835291,1.0
I185492890,I190632392,1,1,2024,W4394857881,1.0
I185492890,I26092322,1,1,2024,W4394857881,1.0
I185492890,I76130692,1,1,2024,W4403424095,1.0
I185523456,I4210090176,1,1,2024,W4401024108,1.0
I185658715,I190082696,1,1,2024,W4398792098,1.0
I185658715,I82880672,1,1,2024,W4402026018,1.0
I186143895,I40963666,1,1,2024,W4392484188,1.0
I186143895,I5023651,1,1,2024,W4392484188,1.0
I186143895,I52669646,1,1,2024,W4392484188,1.0
I186143895,I2802423016,1,1,2024,W4401397240,1.0
I186143895,I4210087915,1,1,2024,W4401397240,1.0
I186143895,I4210101778,2,2,2024,W4401397240;W4402727156,0.5
I186143895,I4210127693,1,1,2024,W4401397240,1.0
I186143895,I4210146710,1,1,2024,W4401397240,1.0
I186143895,I79576946,1,1,2024,W4401397240,1.0
I186143895,I919571938,1,1,2024,W4401397240,1.0
I186143895,I97018004,1,1,2024,W4401397240,1.0
I186143895,I204250578,1,1,2024,W4401863166,1.0
I186143895,I74973139,1,1,2024,W4401863166,1.0
I186143895,I76130692,1,1,2024,W4401863166,1.0
I186143895,I91045830,1,1,2024,W4401863166,1.0
I186143895,I4210133173,1,1,2024,W4402727156,1.0
I186143895,I47720641,2,2,2024,W4402727156;W4405183113,0.5
I186143895,I36258959,1,1,2024,W4404658388,1.0
I186143895,I39422238,1,1,2024,W4404658388,1.0
I186143895,I4210155268,1,1,2024,W4404658388,1.0
I186143895,I82880672,1,1,2024,W4404658388,1.0
I186143895,I87216513,1,1,2024,W4404658388,1.0
I186143895,I99043593,1,1,2024,W4404658388,1.0
I186272606,I32399674,1,1,2024,W4399070603,1.0
I186272606,I4210119246,1,1,2024,W4399070603,1.0
I186272606,I4210152380,1,1,2024,W4399070603,1.0
I186335123,I8606887,2,2,2024,W4391611012;W4392358084,0.5
I186903577,I2801239119,1,1,2024,W4401719166,1.0
I186903577,I4210144062,1,1,2024,W4401719166,1.0
I186903577,I56590836,1,1,2024,W4401719166,1.0
I186903577,I39333907,1,1,2024,W4402457600,1.0
I187400657,I191208505,1,1,2024,W4392645685,1.0
I187400657,I2803209242,1,1,2024,W4392645685,1.0
I187400657,I37987034,1,1,2024,W4392645685,1.0
I187400657,I4210121678,1,1,2024,W4392645685,1.0
I187400657,I201537933,1,1,2024,W4399120818,1.0
I187400657,I20231570,1,1,2024,W4399120818,1.0
I187400657,I4394709157,1,1,2024,W4399120818,1.0
I187400657,I3131625388,1,1,2024,W4403656976,1.0
I187400657,I9842412,1,1,2024,W4403656976,1.0
I187400657,I99065089,1,1,2024,W4403656976,1.0
I187531555,I298625061,1,1,2024,W4402119162,1.0
I187531555,I992397,1,1,2024,W4402119162,1.0
I187792471,I254421610,1,1,2024,W4401467912,1.0
I188329596,I19820366,1,1,2024,W4393906060,1.0
I188329596,I25217355,1,1,2024,W4393906060,1.0
I188329596,I2801798921,1,1,2024,W4393906060,1.0
I188329596,I31746571,3,3,2024,W4393906060;W4394969094;W4402446610,0.3333333333333333
I188329596,I4210101348,1,1,2024,W4393906060,1.0
I188329596,I4210137199,1,1,2024,W4393906060,1.0
I188329596,I4210148560,1,1,2024,W4393906060,1.0
I188329596,I4210149092,1,1,2024,W4393906060,1.0
I188329596,I4210165038,1,1,2024,W4393906060,1.0
I188329596,I62916508,1,1,2024,W4393906060,1.0
I188329596,I74801974,1,1,2024,W4393906060,1.0
I188329596,I76569877,1,1,2024,W4393906060,1.0
I188329596,I80606768,1,1,2024,W4393906060,1.0
I188329596,I899635006,1,1,2024,W4393906060,1.0
I188329596,I66513531,1,1,2024,W4402446610,1.0
I188497080,I4210127509,1,1,2024,W4403990800,1.0
I188497080,I79576946,1,1,2024,W4403990800,1.0
I188538660,I4210141763,1,1,2024,W4399317165,1.0
I188538660,I56409017,1,1,2024,W4399317165,1.0
I188538660,I20089843,1,1,2024,W4399922932,1.0
I188538660,I204730241,1,1,2024,W4399922932,1.0
I188538660,I241749,1,1,2024,W4399922932,1.0
I188538660,I2738703131,1,1,2024,W4399922932,1.0
I188538660,I277688954,1,1,2024,W4399922932,1.0
I188538660,I4210086977,1,1,2024,W4399922932,1.0
I188538660,I4210128565,1,1,2024,W4399922932,1.0
I188538660,I4210153546,1,1,2024,W4399922932,1.0
I188538660,I4387153999,1,1,2024,W4399922932,1.0
I188538660,I57206974,1,1,2024,W4399922932,1.0
I188538660,I59411706,1,1,2024,W4402928893,1.0
I188538660,I21449261,1,1,2024,W4404961535,1.0
I188538660,I35440088,1,1,2024,W4404961535,1.0
I188538660,I40347166,1,1,2024,W4404961535,1.0
I188538660,I4210105402,1,1,2024,W4404961535,1.0
I188538660,I4210125814,1,1,2024,W4404961535,1.0
I188538660,I4210126328,1,1,2024,W4404961535,1.0
I188538660,I4210145784,1,1,2024,W4404961535,1.0
I188538660,I4210166615,1,1,2024,W4404961535,1.0
I188538660,I47099075,1,1,2024,W4404961535,1.0
I188538660,I5124864,1,1,2024,W4404961535,1.0
I188538660,I92507152,1,1,2024,W4404961535,1.0
I188740104,I27837315,1,1,2024,W4401576018,1.0
I188740104,I74897591,1,1,2024,W4401576018,1.0
I188760350,I205274468,1,1,2024,W4391072501,1.0
I188760350,I219388962,1,1,2024,W4391072501,1.0
I188760350,I686019,1,1,2024,W4391072501,1.0
I188884621,I204983213,1,1,2024,W4396757885,1.0
I188884621,I32619867,1,1,2024,W4396757885,1.0
I188884621,I4210107738,1,1,2024,W4396757885,1.0
I188884621,I4400009028,1,1,2024,W4396757885,1.0
I188884621,I63601056,1,1,2024,W4396757885,1.0
I188935350,I70908550,1,1,2024,W4390563409,1.0
I189158943,I4210095212,1,1,2024,W4401542157,1.0
I189158943,I4210156707,1,1,2024,W4401542157,1.0
I189158943,I4210156709,1,1,2024,W4401542157,1.0
I189158943,I4403928411,1,1,2024,W4401542157,1.0
I189210763,I4210103986,1,1,2024,W4402753821,1.0
I189210763,I90610280,1,1,2024,W4402753821,1.0
I189210763,I4210132355,1,1,2024,W4405063711,1.0
I189210763,I4210135888,1,1,2024,W4405063711,1.0
I189210763,I4210156168,1,1,2024,W4405063711,1.0
I189462010,I4210118448,1,1,2024,W4405205175,1.0
I189731429,I86519309,1,1,2024,W4391407102,1.0
I189731429,I70571728,1,1,2024,W4391417542,1.0
I189731429,I91203450,1,1,2024,W4396833086,1.0
I190032430,I24768866,1,1,2024,W4392156950,1.0
I190032430,I4210163063,1,1,2024,W4392156950,1.0
I190082696,I244572783,1,1,2024,W4391644905,1.0
I190082696,I2802506851,1,1,2024,W4391644905,1.0
I190082696,I39586589,1,1,2024,W4391644905,1.0
I190082696,I56007636,1,1,2024,W4391644905,1.0
I190082696,I4210128584,1,1,2024,W4399364896,1.0
I190632392,I26092322,1,1,2024,W4394857881,1.0
I190930483,I203765153,1,1,2024,W4401633394,1.0
I190930483,I32915989,1,1,2024,W4401633394,1.0
I190930483,I4210092806,1,1,2024,W4401633394,1.0
I190930483,I4210103779,1,1,2024,W4401633394,1.0
I190930483,I4210160792,1,1,2024,W4401633394,1.0
I191208505,I4210131167,1,1,2024,W4390537496,1.0
I191208505,I4210139142,1,1,2024,W4390537496,1.0
I191208505,I4210156034,1,1,2024,W4390537496,1.0
I191208505,I2803209242,1,1,2024,W4392645685,1.0
I191208505,I37987034,1,1,2024,W4392645685,1.0
I191208505,I4210121678,1,1,2024,W4392645685,1.0
I191208505,I4210136793,1,1,2024,W4393105094,1.0
I191208505,I4210156302,1,1,2024,W4400040865,1.0
I191208505,I74973139,2,2,2024,W4400056128;W4404044041,0.5
I191208505,I41198531,1,1,2024,W4400877590,1.0
I191208505,I21642278,1,1,2024,W4401178788,1.0
I191208505,I4210096640,1,1,2024,W4401178788,1.0
I191208505,I47508984,1,1,2024,W4401178788,1.0
I191208505,I4391012619,1,1,2024,W4402754043,1.0
I191208505,I40963666,1,1,2024,W4402982235,1.0
I191208505,I2250653659,1,1,2024,W4403488180,1.0
I191208505,I42934936,1,1,2024,W4403488180,1.0
I191240316,I3133096102,1,1,2024,W4400015499,1.0
I191240316,I4210131537,1,1,2024,W4400015499,1.0
I191240316,I63098007,1,1,2024,W4400015499,1.0
I191420491,I4387156470,1,1,2024,W4401898127,1.0
I191420491,I4401041618,1,1,2024,W4401898127,1.0
I191420491,I91633459,1,1,2024,W4401898127,1.0
I192209268,I76130692,1,1,2024,W4401208836,1.0
I192454743,I39555362,1,1,2024,W4402741065,1.0
I192454743,I4210089887,1,1,2024,W4402741065,1.0
I192454743,I4210104735,1,1,2024,W4402741065,1.0
I192454743,I4210156703,1,1,2024,W4402741065,1.0
I192454743,I4210167379,1,1,2024,W4402741065,1.0
I192454743,I47508984,1,1,2024,W4402741065,1.0
I192455969,I4210128818,2,2,2024,W4391974543;W4400582230,0.5
I192455969,I4210165038,2,2,2024,W4391974543;W4400582230,0.5
I192455969,I62916508,1,1,2024,W4391974543,1.0
I192455969,I83816512,1,1,2024,W4396670539,1.0
I192455969,I204722609,1,1,2024,W4400484650,1.0
I192455969,I4210115038,1,1,2024,W4400484650,1.0
I192455969,I19820366,1,1,2024,W4400582230,1.0
I192455969,I204983213,1,1,2024,W4400582230,1.0
I192455969,I82880672,1,1,2024,W4400582230,1.0
I192455969,I72541430,1,1,2024,W4401597819,1.0
I192455969,I4210123574,1,1,2024,W4402997546,1.0
I192455969,I4210127509,2,2,2024,W4402997546;W4403350553,0.5
I192455969,I39965400,1,1,2024,W4403350553,1.0
I192455969,I4210151462,1,1,2024,W4403350553,1.0
I192455969,I78577930,1,1,2024,W4403350553,1.0
I192891849,I28022161,1,1,2024,W4402634371,1.0
I192915278,I36788626,1,1,2024,W4400770292,1.0
I192915278,I79576946,1,1,2024,W4400770292,1.0
I193114190,I31595395,1,1,2024,W4393930843,1.0
I193223587,I20089843,1,1,2024,W4398143508,1.0
I193223587,I30771326,1,1,2024,W4398143508,1.0
I193223587,I4210108711,1,1,2024,W4398143508,1.0
I193223587,I55143463,1,1,2024,W4398143508,1.0
I193223587,I28006308,1,1,2024,W4402673274,1.0
I193223587,I86519309,1,1,2024,W4402704640,1.0
I193223587,I2277624104,3,3,2024,W4402753378;W4403941282;W4404459777,0.3333333333333333
I193223587,I4210088115,1,1,2024,W4404459777,1.0
I193260172,I2799651553,1,1,2024,W4393305381,1.0
I193260172,I29891158,1,1,2024,W4393305381,1.0
I193260172,I54459138,1,1,2024,W4393305381,1.0
I193260172,I3132564352,1,1,2024,W4401095464,1.0
I193260172,I202735123,1,1,2024,W4404887651,1.0
I193260172,I4387154453,1,1,2024,W4404887651,1.0
I193260172,I98298690,1,1,2024,W4404887651,1.0
I193531525,I241749,1,1,2024,W4392109933,1.0
I193531525,I40120149,1,1,2024,W4392109933,1.0
I193531525,I44430492,1,1,2024,W4392109933,1.0
I193531525,I5023651,2,2,2024,W4392109933;W4393239266,0.5
I193531525,I56590836,1,1,2024,W4392109933,1.0
I193531525,I68666633,1,1,2024,W4392109933,1.0
I193531525,I79576946,1,1,2024,W4392109933,1.0
I193531525,I204205638,1,1,2024,W4393239266,1.0
I193531525,I31746571,1,1,2024,W4393239266,1.0
I193531525,I913958620,1,1,2024,W4393239266,1.0
I193531525,I57206974,1,1,2024,W4396912489,1.0
I193531525,I2799587377,1,1,2024,W4402080492,1.0
I193662353,I205092303,1,1,2024,W4390947766,1.0
I193662353,I4210137396,1,1,2024,W4390947766,1.0
I193662353,I84009706,1,1,2024,W4390947766,1.0
I193662353,I36234482,1,1,2024,W4396807129,1.0
I193662353,I4210160053,1,1,2024,W4396807129,1.0
I193662353,I43439940,1,1,2024,W4396807129,1.0
I193662353,I79510175,1,1,2024,W4396807129,1.0
I193662353,I98677209,1,1,2024,W4396807129,1.0
I193662353,I865915315,1,1,2024,W4403394716,1.0
I193700539,I45129253,1,1,2024,W4394580124,1.0
I193775966,I197347611,1,1,2024,W4391176372,1.0
I193775966,I2799970807,3,3,2024,W4391176372;W4391188705;W4403705814,0.3333333333333333
I193775966,I4210160791,2,2,2024,W4391188705;W4403705814,0.5
I193775966,I98381234,1,1,2024,W4392902679,1.0
I193775966,I4210133638,1,1,2024,W4393870968,1.0
I193775966,I4210166688,1,1,2024,W4393870968,1.0
I193775966,I40542001,1,1,2024,W4394597984,1.0
I193775966,I48566637,1,1,2024,W4394597984,1.0
I193775966,I878022262,1,1,2024,W4401248262,1.0
I193775966,I4210087915,1,1,2024,W4403705814,1.0
I193775966,I4210144108,1,1,2024,W4403705814,1.0
I193775966,I66946132,1,1,2024,W4404693162,1.0
I193775966,I4210115399,1,1,2024,W4404889690,1.0
I194028371,I2801970007,1,1,2024,W4392755271,1.0
I194028371,I33213144,1,1,2024,W4392755271,1.0
I194028371,I78577930,1,1,2024,W4392755271,1.0
I194028371,I79576946,1,1,2024,W4392755271,1.0
I194028371,I921990950,1,1,2024,W4392755271,1.0
I194028371,I98704320,1,1,2024,W4392755271,1.0
I194028371,I99464096,1,1,2024,W4392755271,1.0
I194210350,I4210139483,1,1,2024,W4394596498,1.0
I194210350,I98702875,1,1,2024,W4394596498,1.0
I194348271,I5100685,1,1,2024,W4391603456,1.0
I194348271,I66752286,1,1,2024,W4391603456,1.0
I194450716,I19820366,1,1,2024,W4391136507,1.0
I194450716,I200769079,3,3,2024,W4391136507;W4401863560;W4405092734,0.3333333333333333
I194450716,I20231570,1,1,2024,W4391136507,1.0
I194450716,I3133055985,1,1,2024,W4391136507,1.0
I194450716,I39422238,1,1,2024,W4391136507,1.0
I194450716,I4210094879,1,1,2024,W4391136507,1.0
I194450716,I4210113369,1,1,2024,W4391136507,1.0
I194450716,I74973139,1,1,2024,W4391136507,1.0
I194450716,I204512498,1,1,2024,W4392001696,1.0
I194450716,I6469544,1,1,2024,W4392001696,1.0
I194450716,I4210153682,1,1,2024,W4396869735,1.0
I194450716,I3045169105,1,1,2024,W4401863560,1.0
I194450716,I52099693,1,1,2024,W4401863560,1.0
I194450716,I87445476,1,1,2024,W4401863560,1.0
I194450716,I889458895,4,4,2024,W4401863560;W4404238463;W4404562994;W4405092734,0.25
I194450716,I4210136497,1,1,2024,W4402753737,1.0
I194450716,I3005327000,1,1,2024,W4404238463,1.0
I194450716,I4210134929,3,3,2024,W4404238463;W4404562994;W4405092734,0.3333333333333333
I194450716,I20089843,1,1,2024,W4405092734,1.0
I194456095,I4210088449,1,1,2024,W4404566628,1.0
I194456095,I4210089084,1,1,2024,W4404566628,1.0
I194456095,I4210090250,1,1,2024,W4404566628,1.0
I195460627,I28257850,1,1,2024,W4397049712,1.0
I195460627,I55285296,1,1,2024,W4397049712,1.0
I195460627,I76130692,1,1,2024,W4397049712,1.0
I195460627,I92403157,1,1,2024,W4397049712,1.0
I195460627,I4210139461,1,1,2024,W4402716161,1.0
I195460627,I4210165912,1,1,2024,W4402716161,1.0
I195460627,I47508984,2,2,2024,W4402722903;W4402917193,0.5
I195460627,I4210089985,1,1,2024,W4402917193,1.0
I195460627,I28022161,1,1,2024,W4405242280,1.0
I195575238,I4210098460,1,1,2024,W4406261969,1.0
I195575238,I97018004,1,1,2024,W4406261969,1.0
I195631090,I4210095597,1,1,2024,W4401798900,1.0
I195631090,I4517696,1,1,2024,W4401798900,1.0
I195740183,I70983195,1,1,2024,W4396889891,1.0
I195740183,I31746571,1,1,2024,W4400082006,1.0
I195740183,I92446798,1,1,2024,W4400082006,1.0
I195939026,I4210109745,1,1,2024,W4392597361,1.0
I195939026,I7882870,1,1,2024,W4392597361,1.0
I195939026,I99542240,1,1,2024,W4392597361,1.0
I196272386,I201448701,3,3,2024,W4398201291;W4404460707;W4405669265,0.3333333333333333
I196272386,I2801670537,3,3,2024,W4398201291;W4404460707;W4405669265,0.3333333333333333
I196272386,I4210118837,2,2,2024,W4398201291;W4404460707,0.5
I196272386,I4210133796,1,1,2024,W4398201291,1.0
I196272386,I4210156829,1,1,2024,W4398201291,1.0
I196272386,I4210164937,2,2,2024,W4398201291;W4404460707,0.5
I196272386,I27804330,1,1,2024,W4402893282,1.0
I196699116,I47720641,1,1,2024,W4392607872,1.0
I196699116,I392282,1,1,2024,W4393253100,1.0
I196829312,I51158804,1,1,2024,W4399285823,1.0
I196829312,I82951845,1,1,2024,W4399285823,1.0
I19700959,I2613432,1,1,2024,W4394762705,1.0
I19700959,I4210145761,1,1,2024,W4403401276,1.0
I197251160,I4210117425,2,2,2024,W4400582159;W4404965624,0.5
I197251160,I91203450,1,1,2024,W4401208776,1.0
I197251160,I36373038,1,1,2024,W4404167537,1.0
I197251160,I4210114115,1,1,2024,W4404167537,1.0
I197251160,I4210130649,1,1,2024,W4404167537,1.0
I197251160,I4210140884,1,1,2024,W4404167537,1.0
I197251160,I4210158374,1,1,2024,W4404167537,1.0
I197251160,I4210167297,1,1,2024,W4404167537,1.0
I197251160,I58956616,1,1,2024,W4404167537,1.0
I197251160,I95240055,1,1,2024,W4404167537,1.0
I197251160,I4210093787,1,1,2024,W4404965624,1.0
I197323543,I20089843,1,1,2024,W4404764563,1.0
I197323543,I202697423,1,1,2024,W4404764563,1.0
I197323543,I204337017,1,1,2024,W4404764563,1.0
I197323543,I2184545,1,1,2024,W4404764563,1.0
I197323543,I241749,1,1,2024,W4404764563,1.0
I197323543,I27804330,1,1,2024,W4404764563,1.0
I197323543,I2802640592,1,1,2024,W4404764563,1.0
I197323543,I32597200,1,1,2024,W4404764563,1.0
I197323543,I32971472,1,1,2024,W4404764563,1.0
I197323543,I36234482,1,1,2024,W4404764563,1.0
I197323543,I40120149,1,1,2024,W4404764563,1.0
I197323543,I4210094062,1,1,2024,W4404764563,1.0
I197323543,I4210098931,1,1,2024,W4404764563,1.0
I197323543,I4210126907,1,1,2024,W4404764563,1.0
I197323543,I4210128584,1,1,2024,W4404764563,1.0
I197323543,I4210130445,1,1,2024,W4404764563,1.0
I197323543,I4210134158,1,1,2024,W4404764563,1.0
I197323543,I4210134550,1,1,2024,W4404764563,1.0
I197323543,I4210143801,1,1,2024,W4404764563,1.0
I197323543,I4210144746,1,1,2024,W4404764563,1.0
I197323543,I4210157294,1,1,2024,W4404764563,1.0
I197323543,I4210158500,1,1,2024,W4404764563,1.0
I197323543,I4387152376,1,1,2024,W4404764563,1.0
I197323543,I44260953,1,1,2024,W4404764563,1.0
I197323543,I45129253,1,1,2024,W4404764563,1.0
I197323543,I57206974,1,1,2024,W4404764563,1.0
I197323543,I62916508,1,1,2024,W4404764563,1.0
I197323543,I63966007,1,1,2024,W4404764563,1.0
I197323543,I78757542,1,1,2024,W4404764563,1.0
I197323543,I79576946,1,1,2024,W4404764563,1.0
I197323543,I8087733,1,1,2024,W4404764563,1.0
I197323543,I8204097,1,1,2024,W4404764563,1.0
I197323543,I91727514,1,1,2024,W4404764563,1.0
I197323543,I97565354,1,1,2024,W4404764563,1.0
I197323543,I98677209,1,1,2024,W4404764563,1.0
I197347611,I2799970807,1,1,2024,W4391176372,1.0
I197347611,I60922564,1,1,2024,W4394625791,1.0
I197347611,I95457486,1,1,2024,W4394625791,1.0
I197347611,I35928602,1,1,2024,W4400128031,1.0
I197347611,I4575257,1,1,2024,W4400549596,1.0
I197347611,I4210104741,1,1,2024,W4402512478,1.0
I197347611,I4210139533,1,1,2024,W4402512478,1.0
I197347611,I4210090411,1,1,2024,W4402997354,1.0
I197347611,I4210113297,1,1,2024,W4402997354,1.0
I197347611,I4210161460,1,1,2024,W4402997354,1.0
I197347611,I4210092510,1,1,2024,W4403041070,1.0
I197347611,I4210123907,1,1,2024,W4403041070,1.0
I197347611,I4210160144,1,1,2024,W4403041070,1.0
I197347611,I87111246,1,1,2024,W4403041070,1.0
I197347611,I4210161052,1,1,2024,W4405660545,1.0
I197681013,I204730241,1,1,2024,W4398144060,1.0
I197681013,I39804081,1,1,2024,W4398144060,1.0
I197681013,I4210091279,1,1,2024,W4398144060,1.0
I197681013,I4210091437,1,1,2024,W4398144060,1.0
I197681013,I4210097159,1,1,2024,W4398144060,1.0
I197681013,I4387154308,1,1,2024,W4398144060,1.0
I197681013,I4394709234,1,1,2024,W4398144060,1.0
I197854408,I57206974,1,1,2024,W4402508150,1.0
I197869895,I253932293,1,1,2024,W4392876411,1.0
I197869895,I2802624667,1,1,2024,W4392876411,1.0
I197869895,I4210141683,1,1,2024,W4392876411,1.0
I197869895,I24185976,1,1,2024,W4405568301,1.0
I197869895,I2799299286,1,1,2024,W4405568301,1.0
I197869895,I32574673,1,1,2024,W4405568301,1.0
I197869895,I3923682,1,1,2024,W4405568301,1.0
I197869895,I4210115456,1,1,2024,W4405568301,1.0
I197869895,I4210132813,1,1,2024,W4405568301,1.0
I197869895,I4210136596,1,1,2024,W4405568301,1.0
I197869895,I4210153856,1,1,2024,W4405568301,1.0
I197869895,I4210154929,1,1,2024,W4405568301,1.0
I19820366,I4210090176,14,14,2024,W4390692030;W4392972103;W4393147260;W4393160654;W4394947904;W4399379055;W4400529824;W4401863498;W4402703048;W4402917209;W4403174218;W4403221502;W4403791099;W4404725244,0.07142857142857142
I19820366,I4210094879,7,7,2024,W4390692030;W4391136507;W4392543511;W4393028958;W4403174218;W4405429237;W4405596328,0.14285714285714285
I19820366,I4210100255,7,7,2024,W4390692030;W4390706293;W4393028958;W4402917209;W4403174218;W4404810639;W4405640204,0.14285714285714285
I19820366,I4210165038,41,41,2024,W4390692030;W4390706293;W4391469564;W4391575085;W4391725269;W4392900447;W4392972103;W4393028958;W4393147129;W4393147260;W4393148069;W4393160124;W4393160654;W4393906060;W4394627652;W4394769323;W4398206672;W4399379055;W4399442007;W4399746124;W4400529824;W4400582230;W4401004521;W4401378300;W4402134103;W4402841143;W4402974494;W4403174218;W4403221502;W4403612632;W4403791099;W4403792152;W4403792257;W4403839062;W4404049681;W4404183702;W4404725244;W4404918643;W4404931764;W4405023205;W4405640204,0.024390243902439025
I19820366,I4401726859,2,2,2024,W4390692030;W4400580599,0.5
I19820366,I4210145761,11,11,2024,W4390706293;W4391547658;W4393145111;W4399813700;W4401538470;W4402134103;W4402727142;W4402917185;W4403275125;W4404810639;W4414360897,0.09090909090909091
I19820366,I4210112150,11,11,2024,W4390905041;W4391469564;W4392693709;W4393234434;W4400071543;W4400580599;W4401878930;W4403174218;W4403182640;W4403792257;W4405023205,0.09090909090909091
I19820366,I200769079,4,4,2024,W4391136507;W4401878930;W4402917209;W4403791697,0.25
I19820366,I20231570,4,4,2024,W4391136507;W4393028958;W4400061043;W4403221502,0.25
I19820366,I3133055985,1,1,2024,W4391136507,1.0
I19820366,I39422238,1,1,2024,W4391136507,1.0
I19820366,I4210113369,1,1,2024,W4391136507,1.0
I19820366,I74973139,1,1,2024,W4391136507,1.0
I19820366,I24185976,1,1,2024,W4391469564,1.0
I19820366,I4210089761,1,1,2024,W4391469564,1.0
I19820366,I4210152908,1,1,2024,W4391469564,1.0
I19820366,I49835588,1,1,2024,W4391490196,1.0
I19820366,I4210132950,1,1,2024,W4391512181,1.0
I19820366,I4210141483,1,1,2024,W4391512181,1.0
I19820366,I99065089,6,6,2024,W4391512181;W4391740763;W4393028958;W4403221502;W4403791697;W4404931764,0.16666666666666666
I19820366,I889458895,7,7,2024,W4391547658;W4401878930;W4402716100;W4402727142;W4402917209;W4403791697;W4404810639,0.14285714285714285
I19820366,I4210160793,3,3,2024,W4391575085;W4391740763;W4399746124,0.3333333333333333
I19820366,I4210156404,7,7,2024,W4391725269;W4401004521;W4403221502;W4403792152;W4404918643;W4405640204;W4407783204,0.14285714285714285
I19820366,I4210152758,2,2,2024,W4391740763;W4399615879,0.5
I19820366,I4391768180,1,1,2024,W4391740763,1.0
I19820366,I25757504,1,1,2024,W4391935121,1.0
I19820366,I4210136793,4,4,2024,W4391935121;W4401538470;W4402134103;W4404810639,0.25
I19820366,I96908189,1,1,2024,W4391935121,1.0
I19820366,I59028903,1,1,2024,W4392543511,1.0
I19820366,I881766915,4,4,2024,W4392543511;W4402727142;W4403792257;W4405596328,0.25
I19820366,I4210137199,7,7,2024,W4392900447;W4393906060;W4400485493;W4401378300;W4402451527;W4402715806;W4405023205,0.14285714285714285
I19820366,I74801974,3,3,2024,W4392900447;W4393906060;W4401378300,0.3333333333333333
I19820366,I76569877,2,2,2024,W4392900447;W4393906060,0.5
I19820366,I899635006,4,4,2024,W4392900447;W4393906060;W4401378300;W4402715806,0.25
I19820366,I2802974365,1,1,2024,W4392972103,1.0
I19820366,I4210101410,1,1,2024,W4392972103,1.0
I19820366,I4210123185,3,3,2024,W4392972103;W4399442007;W4414360897,0.3333333333333333
I19820366,I76130692,6,6,2024,W4392972103;W4399442007;W4402451527;W4402703048;W4402917209;W4403221502,0.16666666666666666
I19820366,I4210128818,7,7,2024,W4393028958;W4393147129;W4393160124;W4394769323;W4400582230;W4403791697;W4404931764,0.14285714285714285
I19820366,I4391767820,2,2,2024,W4393147129;W4393160124,0.5
I19820366,I47720641,1,1,2024,W4393149283,1.0
I19820366,I25217355,1,1,2024,W4393906060,1.0
I19820366,I2801798921,2,2,2024,W4393906060;W4401378300,0.5
I19820366,I31746571,1,1,2024,W4393906060,1.0
I19820366,I4210101348,3,3,2024,W4393906060;W4401378300;W4402715806,0.3333333333333333
I19820366,I4210148560,2,2,2024,W4393906060;W4401378300,0.5
I19820366,I4210149092,3,3,2024,W4393906060;W4401378300;W4402715806,0.3333333333333333
I19820366,I62916508,2,2,2024,W4393906060;W4394769323,0.5
I19820366,I80606768,1,1,2024,W4393906060,1.0
I19820366,I36399199,1,1,2024,W4394627652,1.0
I19820366,I4210113480,1,1,2024,W4394627652,1.0
I19820366,I90610280,1,1,2024,W4394627652,1.0
I19820366,I2250955327,3,3,2024,W4394947904;W4401863498;W4402713133,0.3333333333333333
I19820366,I78988378,4,4,2024,W4394947904;W4400529824;W4401863498;W4404918643,0.25
I19820366,I4210089783,1,1,2024,W4398206672,1.0
I19820366,I4210096250,1,1,2024,W4398206672,1.0
I19820366,I75390827,1,1,2024,W4398206672,1.0
I19820366,I4210120842,1,1,2024,W4399379055,1.0
I19820366,I3018771216,1,1,2024,W4399442007,1.0
I19820366,I30809798,1,1,2024,W4399442007,1.0
I19820366,I4210112820,3,3,2024,W4399442007;W4400061043;W4402974494,0.3333333333333333
I19820366,I8204097,1,1,2024,W4399442007,1.0
I19820366,I200845125,2,2,2024,W4399615879;W4403792257,0.5
I19820366,I4210126580,1,1,2024,W4399615879,1.0
I19820366,I4391012619,6,6,2024,W4399615879;W4399813700;W4402727142;W4404810639;W4405640204;W4414360897,0.16666666666666666
I19820366,I37461747,1,1,2024,W4399813700,1.0
I19820366,I4210123686,1,1,2024,W4400061043,1.0
I19820366,I37796252,2,2,2024,W4400071543;W4405429237,0.5
I19820366,I82880672,4,4,2024,W4400071543;W4400582230;W4402917209;W4403791697,0.25
I19820366,I92403157,1,1,2024,W4400485493,1.0
I19820366,I204983213,2,2,2024,W4400582230;W4404856308,0.5
I19820366,I3124059619,1,1,2024,W4401378300,1.0
I19820366,I201448701,1,1,2024,W4401878930,1.0
I19820366,I4210122302,1,1,2024,W4402727142,1.0
I19820366,I4210139598,1,1,2024,W4402727142,1.0
I19820366,I28006308,1,1,2024,W4402841143,1.0
I19820366,I4210112540,1,1,2024,W4402841143,1.0
I19820366,I4210086028,1,1,2024,W4402917099,1.0
I19820366,I4392738278,1,1,2024,W4402917209,1.0
I19820366,I4396570619,1,1,2024,W4402917209,1.0
I19820366,I24943067,2,2,2024,W4402974494;W4405640204,0.5
I19820366,I2801138614,1,1,2024,W4402974494,1.0
I19820366,I4210087873,1,1,2024,W4403174218,1.0
I19820366,I4210095018,1,1,2024,W4403174218,1.0
I19820366,I4210108629,2,2,2024,W4403174218;W4403839062,0.5
I19820366,I4210120485,1,1,2024,W4403174218,1.0
I19820366,I4210167311,1,1,2024,W4403174218,1.0
I19820366,I21193070,1,1,2024,W4403182640,1.0
I19820366,I63072094,1,1,2024,W4403182640,1.0
I19820366,I4210088738,1,1,2024,W4403232538,1.0
I19820366,I4210097554,1,1,2024,W4403232538,1.0
I19820366,I4210123377,1,1,2024,W4403275125,1.0
I19820366,I47251452,1,1,2024,W4403275125,1.0
I19820366,I58200834,1,1,2024,W4403275125,1.0
I19820366,I33213144,1,1,2024,W4403612632,1.0
I19820366,I55712492,1,1,2024,W4403612632,1.0
I19820366,I4210157345,1,1,2024,W4403791697,1.0
I19820366,I4210159029,1,1,2024,W4403791697,1.0
I19820366,I4210119392,1,1,2024,W4403792152,1.0
I19820366,I3923682,1,1,2024,W4403792257,1.0
I19820366,I2801577699,1,1,2024,W4403839062,1.0
I19820366,I2802939634,1,1,2024,W4403839062,1.0
I19820366,I308837,2,2,2024,W4403839062;W4405596328,0.5
I19820366,I4210106933,1,1,2024,W4403839062,1.0
I19820366,I4210156165,1,1,2024,W4403839062,1.0
I19820366,I31590910,1,1,2024,W4404183702,1.0
I19820366,I4210144289,1,1,2024,W4404183702,1.0
I19820366,I4210105229,1,1,2024,W4404856308,1.0
I19820366,I4210128910,1,1,2024,W4404856308,1.0
I19820366,I4210137146,1,1,2024,W4404856308,1.0
I19820366,I25254941,1,1,2024,W4404918643,1.0
I19820366,I4210087373,1,1,2024,W4404931764,1.0
I19820366,I23923803,1,1,2024,W4405194283,1.0
I19820366,I2799300731,1,1,2024,W4405194283,1.0
I19820366,I4210112230,1,1,2024,W4405194283,1.0
I19820366,I4210128584,1,1,2024,W4405194283,1.0
I19820366,I4210139738,1,1,2024,W4405194283,1.0
I19820366,I2250653659,1,1,2024,W4405596328,1.0
I19820366,I4210132948,1,1,2024,W4405596328,1.0
I19820366,I222723317,1,1,2024,W4405640204,1.0
I198357462,I20231570,1,1,2024,W4396999789,1.0
I198357462,I4210087915,1,1,2024,W4396999789,1.0
I198357462,I4210093964,1,1,2024,W4396999789,1.0
I198357462,I4210133846,1,1,2024,W4396999789,1.0
I198645480,I20231570,1,1,2024,W4402961932,1.0
I198645480,I4210086892,1,1,2024,W4402961932,1.0
I19880235,I4210160263,1,1,2024,W4403104488,1.0
I19880235,I4210159227,1,1,2024,W4403535530,1.0
I19880235,I84884186,1,1,2024,W4403535530,1.0
I19894307,I4210101743,1,1,2024,W4395056684,1.0
I19923696,I4210113248,1,1,2024,W4404970153,1.0
I199305430,I27357992,1,1,2024,W4404111691,1.0
I199305430,I4210128853,1,1,2024,W4404111691,1.0
I199305430,I51601045,1,1,2024,W4404111691,1.0
I199305430,I69356397,1,1,2024,W4404111691,1.0
I200166805,I23923803,1,1,2024,W4390970405,1.0
I200166805,I2800548410,1,1,2024,W4390970405,1.0
I200166805,I2801418622,1,1,2024,W4390970405,1.0
I200166805,I33213144,1,1,2024,W4390970405,1.0
I200166805,I4210159873,1,1,2024,W4390970405,1.0
I200166805,I62916508,1,1,2024,W4390970405,1.0
I200166805,I63966007,1,1,2024,W4390970405,1.0
I200166805,I97018004,1,1,2024,W4390970405,1.0
I200166805,I4210111135,1,1,2024,W4392373674,1.0
I200166805,I4210119896,1,1,2024,W4392373674,1.0
I200166805,I4210126463,1,1,2024,W4392373674,1.0
I200166805,I45129253,1,1,2024,W4392373674,1.0
I200207707,I2800098698,1,1,2024,W4404228387,1.0
I200207707,I4210096780,1,1,2024,W4404228387,1.0
I200207707,I4210102047,1,1,2024,W4404228387,1.0
I200207707,I4210106256,1,1,2024,W4404228387,1.0
I200207707,I4210137384,1,1,2024,W4404228387,1.0
I200252411,I4210085968,1,1,2024,W4405618562,1.0
I200296433,I20231570,4,4,2024,W4395052272;W4399478575;W4402400123;W4405268957,0.25
I200296433,I4210100255,2,2,2024,W4395052272;W4402400123,0.5
I200296433,I4210124809,1,1,2024,W4395052272,1.0
I200296433,I4210130930,1,1,2024,W4395052272,1.0
I200296433,I4210141942,2,2,2024,W4395052272;W4402400123,0.5
I200296433,I4210157729,1,1,2024,W4395052272,1.0
I200296433,I82880672,1,1,2024,W4395052272,1.0
I200296433,I4210120929,1,1,2024,W4396561228,1.0
I200296433,I4210126592,1,1,2024,W4396561228,1.0
I200296433,I4210135742,1,1,2024,W4396561228,1.0
I200296433,I58200834,2,2,2024,W4396561228;W4405268957,0.5
I200296433,I24943067,1,1,2024,W4396904350,1.0
I200296433,I2801703238,1,1,2024,W4396904350,1.0
I200296433,I4210096354,1,1,2024,W4396904350,1.0
I200296433,I4210100650,1,1,2024,W4396904350,1.0
I200296433,I4210114506,1,1,2024,W4396904350,1.0
I200296433,I4210158318,1,1,2024,W4396904350,1.0
I200296433,I45928872,1,1,2024,W4396904350,1.0
I200296433,I76130692,1,1,2024,W4396904350,1.0
I200296433,I4210161256,1,1,2024,W4399210824,1.0
I200296433,I76214153,1,1,2024,W4399210824,1.0
I200296433,I98251732,1,1,2024,W4399210824,1.0
I200296433,I2802957242,1,1,2024,W4399478575,1.0
I200296433,I39343248,2,2,2024,W4399478575;W4400228569,0.5
I200296433,I4210113795,2,2,2024,W4399478575;W4400228569,0.5
I200296433,I4210119234,2,2,2024,W4399478575;W4400228569,0.5
I200296433,I4210126517,2,2,2024,W4399478575;W4400228569,0.5
I200296433,I4210144384,2,2,2024,W4399478575;W4400228569,0.5
I200296433,I4210156804,2,2,2024,W4399478575;W4400228569,0.5
I200296433,I5740404,1,1,2024,W4399478575,1.0
I200296433,I75951250,2,2,2024,W4399478575;W4400228569,0.5
I200296433,I7877124,2,2,2024,W4399478575;W4400228569,0.5
I200296433,I4210131871,1,1,2024,W4400228569,1.0
I200296433,I3045169105,1,1,2024,W4400657362,1.0
I200296433,I32971472,1,1,2024,W4400657362,1.0
I200296433,I37461747,1,1,2024,W4400657362,1.0
I200296433,I4210140357,1,1,2024,W4400657362,1.0
I200296433,I4210140884,1,1,2024,W4400657362,1.0
I200296433,I4210149717,1,1,2024,W4400657362,1.0
I200296433,I99065089,1,1,2024,W4401863414,1.0
I200296433,I200769079,1,1,2024,W4402400123,1.0
I200296433,I4210136246,1,1,2024,W4402400123,1.0
I200296433,I4210136793,1,1,2024,W4402400123,1.0
I200296433,I4387153335,1,1,2024,W4402400123,1.0
I200296433,I71052956,1,1,2024,W4402400123,1.0
I200296433,I889458895,1,1,2024,W4402400123,1.0
I200296433,I2801228662,1,1,2024,W4402667172,1.0
I200296433,I4210129222,1,1,2024,W4402667172,1.0
I200296433,I4210163933,1,1,2024,W4402667172,1.0
I200296433,I47720641,1,1,2024,W4402667172,1.0
I200296433,I204512498,1,1,2024,W4405268957,1.0
I200296433,I27781120,1,1,2024,W4405268957,1.0
I200296433,I40120149,1,1,2024,W4405268957,1.0
I200296433,I4210086933,1,1,2024,W4405268957,1.0
I200296433,I4210086973,1,1,2024,W4405268957,1.0
I200296433,I4210090512,1,1,2024,W4405268957,1.0
I200296433,I4210096587,1,1,2024,W4405268957,1.0
I200296433,I4210097354,1,1,2024,W4405268957,1.0
I200296433,I4210105182,1,1,2024,W4405268957,1.0
I200296433,I4210122949,1,1,2024,W4405268957,1.0
I200296433,I4210123185,1,1,2024,W4405268957,1.0
I200296433,I4210128921,1,1,2024,W4405268957,1.0
I200296433,I4210146711,1,1,2024,W4405268957,1.0
I200296433,I4210147381,1,1,2024,W4405268957,1.0
I200296433,I4210153856,1,1,2024,W4405268957,1.0
I200296433,I4210154142,1,1,2024,W4405268957,1.0
I200296433,I4210160507,1,1,2024,W4405268957,1.0
I200296433,I92039509,1,1,2024,W4405268957,1.0
I200332995,I62318514,1,1,2024,W4393900588,1.0
I200332995,I223822909,1,1,2024,W4402713323,1.0
I200332995,I2799391451,1,1,2024,W4402713323,1.0
I200332995,I2802164966,1,1,2024,W4402713323,1.0
I200332995,I4210086407,1,1,2024,W4402713323,1.0
I200332995,I4210111460,1,1,2024,W4402713323,1.0
I200332995,I4210120689,1,1,2024,W4402713323,1.0
I200332995,I4210126310,1,1,2024,W4402713323,1.0
I200332995,I4210156450,1,1,2024,W4402713323,1.0
I200332995,I4210161917,1,1,2024,W4402713323,1.0
I200332995,I4210162051,1,1,2024,W4402713323,1.0
I200432940,I202697423,1,1,2024,W4405552797,1.0
I200432940,I4210146419,1,1,2024,W4405552797,1.0
I200432940,I67009956,1,1,2024,W4405552797,1.0
I200650556,I24603500,1,1,2024,W4391078387,1.0
I200650556,I39854758,1,1,2024,W4391078387,1.0
I200650556,I4210109447,1,1,2024,W4391078387,1.0
I200650556,I67415387,1,1,2024,W4391078387,1.0
I200650556,I74656192,1,1,2024,W4391078387,1.0
I200650556,I33586908,1,1,2024,W4394828356,1.0
I200650556,I4210131147,1,1,2024,W4394828356,1.0
I200650556,I4401726783,1,1,2024,W4394828356,1.0
I200650556,I48890080,1,1,2024,W4394828356,1.0
I200650556,I74319210,1,1,2024,W4394828356,1.0
I200650556,I876193797,1,1,2024,W4394828356,1.0
I200650556,I204136569,1,1,2024,W4402128637,1.0
I200650556,I204778367,1,1,2024,W4402128637,1.0
I200650556,I45129253,1,1,2024,W4402128637,1.0
I200650556,I98381234,1,1,2024,W4402128637,1.0
I200719446,I4210089144,1,1,2024,W4390808973,1.0
I200719446,I4210110752,1,1,2024,W4390808973,1.0
I200719446,I4210120493,1,1,2024,W4390808973,1.0
I200719446,I4210161407,1,1,2024,W4390808973,1.0
I200719446,I4387154205,1,1,2024,W4390808973,1.0
I200719446,I8204097,1,1,2024,W4390808973,1.0
I200719446,I901861585,5,5,2024,W4392162026;W4393157213;W4394688596;W4400180199;W4403087472,0.2
I200719446,I2800288331,1,1,2024,W4393157213,1.0
I200719446,I4210105015,1,1,2024,W4393157213,1.0
I200719446,I4210125099,1,1,2024,W4393157213,1.0
I200719446,I4210137306,1,1,2024,W4393157213,1.0
I200719446,I4210164862,1,1,2024,W4393157213,1.0
I200719446,I97018004,1,1,2024,W4393157213,1.0
I200719446,I205783295,1,1,2024,W4394688596,1.0
I200719446,I2799503643,1,1,2024,W4394688596,1.0
I200719446,I4210109390,1,1,2024,W4394688596,1.0
I200719446,I4387153466,1,1,2024,W4394688596,1.0
I200719446,I78577930,1,1,2024,W4394688596,1.0
I200719446,I79576946,1,1,2024,W4394688596,1.0
I200719446,I91203450,1,1,2024,W4394688596,1.0
I200719446,I30809798,1,1,2024,W4403087472,1.0
I200719446,I4210134579,1,1,2024,W4404033890,1.0
I200719446,I77793887,1,1,2024,W4404033890,1.0
I200769079,I4210113369,2,2,2024,W4390659326;W4391136507,0.5
I200769079,I25355098,1,1,2024,W4390969311,1.0
I200769079,I20231570,4,4,2024,W4391136507;W4393159617;W4400266743;W4402400123,0.25
I200769079,I3133055985,3,3,2024,W4391136507;W4395481595;W4405612257,0.3333333333333333
I200769079,I39422238,1,1,2024,W4391136507,1.0
I200769079,I4210094879,1,1,2024,W4391136507,1.0
I200769079,I74973139,3,3,2024,W4391136507;W4403886275;W4404002657,0.3333333333333333
I200769079,I24185976,1,1,2024,W4392645473,1.0
I200769079,I4401726805,1,1,2024,W4392645473,1.0
I200769079,I2802091258,1,1,2024,W4392658848,1.0
I200769079,I4210119130,1,1,2024,W4392658848,1.0
I200769079,I889458895,30,30,2024,W4392658848;W4393157162;W4393177791;W4395481595;W4396723256;W4396832314;W4396832363;W4396832682;W4400266743;W4400532459;W4401326099;W4401834466;W4401862897;W4401863429;W4401863560;W4401878930;W4401929513;W4402400123;W4402781286;W4402917209;W4403023622;W4403126983;W4403562282;W4403791697;W4403886275;W4403938629;W4404294187;W4404625217;W4404928379;W4405092734,0.03333333333333333
I200769079,I4391012619,2,2,2024,W4392746069;W4400532459,0.5
I200769079,I99065089,3,3,2024,W4392746069;W4393148505;W4403791697,0.3333333333333333
I200769079,I4210103524,1,1,2024,W4392805955,1.0
I200769079,I4210147158,1,1,2024,W4392805955,1.0
I200769079,I76569877,3,3,2024,W4392805955;W4399665712;W4402105866,0.3333333333333333
I200769079,I2250653659,2,2,2024,W4393148505;W4403770038,0.5
I200769079,I4210114105,1,1,2024,W4393148505,1.0
I200769079,I4210145761,1,1,2024,W4393148505,1.0
I200769079,I37461747,1,1,2024,W4393159617,1.0
I200769079,I20089843,3,3,2024,W4393177791;W4396782906;W4405092734,0.3333333333333333
I200769079,I56590836,2,2,2024,W4393177791;W4403126983,0.5
I200769079,I848706,3,3,2024,W4393864550;W4401326099;W4401878796,0.3333333333333333
I200769079,I4210114891,1,1,2024,W4394938913,1.0
I200769079,I4210128615,1,1,2024,W4394938913,1.0
I200769079,I4210142478,1,1,2024,W4395481595,1.0
I200769079,I5681781,1,1,2024,W4395481595,1.0
I200769079,I76130692,5,5,2024,W4395481595;W4402917209;W4404613153;W4404641323;W4405612257,0.2
I200769079,I4210157345,3,3,2024,W4396723256;W4401834466;W4403791697,0.3333333333333333
I200769079,I4210113480,1,1,2024,W4396782906,1.0
I200769079,I32971472,1,1,2024,W4396832363,1.0
I200769079,I4210100255,3,3,2024,W4400118952;W4402400123;W4402917209,0.3333333333333333
I200769079,I4210159029,2,2,2024,W4400532459;W4403791697,0.5
I200769079,I47508984,1,1,2024,W4400724805,1.0
I200769079,I98301712,1,1,2024,W4401863429,1.0
I200769079,I3045169105,1,1,2024,W4401863560,1.0
I200769079,I52099693,1,1,2024,W4401863560,1.0
I200769079,I87445476,2,2,2024,W4401863560;W4403070039,0.5
I200769079,I82497590,1,1,2024,W4401878796,1.0
I200769079,I201448701,1,1,2024,W4401878930,1.0
I200769079,I4210112150,1,1,2024,W4401878930,1.0
I200769079,I4210136246,1,1,2024,W4402400123,1.0
I200769079,I4210136793,1,1,2024,W4402400123,1.0
I200769079,I4210141942,1,1,2024,W4402400123,1.0
I200769079,I4387153335,1,1,2024,W4402400123,1.0
I200769079,I71052956,1,1,2024,W4402400123,1.0
I200769079,I4210090176,1,1,2024,W4402917209,1.0
I200769079,I4392738278,1,1,2024,W4402917209,1.0
I200769079,I4396570619,1,1,2024,W4402917209,1.0
I200769079,I82880672,2,2,2024,W4402917209;W4403791697,0.5
I200769079,I2801851002,1,1,2024,W4403334501,1.0
I200769079,I36258959,1,1,2024,W4403334501,1.0
I200769079,I4210101327,1,1,2024,W4403334501,1.0
I200769079,I205274468,1,1,2024,W4403562282,1.0
I200769079,I204983213,1,1,2024,W4403770038,1.0
I200769079,I881766915,1,1,2024,W4403770038,1.0
I200769079,I4210128818,1,1,2024,W4403791697,1.0
I200769079,I40120149,1,1,2024,W4403842422,1.0
I200769079,I4210090411,1,1,2024,W4404545360,1.0
I200769079,I4210113297,1,1,2024,W4404545360,1.0
I200769079,I4210123185,3,3,2024,W4404613153;W4404641323;W4405107907,0.3333333333333333
I200769079,I27357992,1,1,2024,W4404625217,1.0
I200769079,I4210115038,1,1,2024,W4404625217,1.0
I200769079,I4210091341,1,1,2024,W4404641323,1.0
I200769079,I4210108520,1,1,2024,W4404641323,1.0
I200769079,I4210134929,1,1,2024,W4405092734,1.0
I200769079,I210716285,1,1,2024,W4405612257,1.0
I200777214,I890469752,1,1,2024,W4394572371,1.0
I200777214,I25217355,1,1,2024,W4401374389,1.0
I200777214,I2801852214,1,1,2024,W4401374389,1.0
I200777214,I93860229,1,1,2024,W4401374389,1.0
I200845125,I4210126580,1,1,2024,W4399615879,1.0
I200845125,I4210152758,1,1,2024,W4399615879,1.0
I200845125,I4391012619,1,1,2024,W4399615879,1.0
I200845125,I3923682,1,1,2024,W4403792257,1.0
I200845125,I4210112150,1,1,2024,W4403792257,1.0
I200845125,I4210165038,1,1,2024,W4403792257,1.0
I200845125,I881766915,1,1,2024,W4403792257,1.0
I200845125,I76130692,1,1,2024,W4406259849,1.0
I20089843,I35928602,1,1,2024,W4390828922,1.0
I20089843,I44461941,2,2,2024,W4390828922;W4400228959,0.5
I20089843,I82497590,2,2,2024,W4390828922;W4400228959,0.5
I20089843,I848706,2,2,2024,W4390828922;W4400228959,0.5
I20089843,I201448701,1,1,2024,W4392376410,1.0
I20089843,I32971472,2,2,2024,W4392376410;W4404764563,0.5
I20089843,I9927081,1,1,2024,W4392376410,1.0
I20089843,I75421653,1,1,2024,W4392919908,1.0
I20089843,I56590836,1,1,2024,W4393177791,1.0
I20089843,I889458895,2,2,2024,W4393177791;W4405092734,0.5
I20089843,I21193070,1,1,2024,W4394994526,1.0
I20089843,I4210145583,1,1,2024,W4395703652,1.0
I20089843,I4210145812,1,1,2024,W4395703652,1.0
I20089843,I97018004,7,7,2024,W4395703652;W4396721167;W4402713326;W4402890475;W4403294432;W4404518481;W4405933357,0.14285714285714285
I20089843,I4210090411,2,2,2024,W4396721167;W4402713326,0.5
I20089843,I4210113297,2,2,2024,W4396721167;W4402713326,0.5
I20089843,I4210145752,1,1,2024,W4396721167,1.0
I20089843,I4210113480,1,1,2024,W4396782906,1.0
I20089843,I4210153468,1,1,2024,W4396802056,1.0
I20089843,I30771326,1,1,2024,W4398143508,1.0
I20089843,I4210108711,1,1,2024,W4398143508,1.0
I20089843,I55143463,1,1,2024,W4398143508,1.0
I20089843,I204730241,1,1,2024,W4399922932,1.0
I20089843,I241749,2,2,2024,W4399922932;W4404764563,0.5
I20089843,I2738703131,1,1,2024,W4399922932,1.0
I20089843,I277688954,1,1,2024,W4399922932,1.0
I20089843,I4210086977,1,1,2024,W4399922932,1.0
I20089843,I4210128565,1,1,2024,W4399922932,1.0
I20089843,I4210153546,1,1,2024,W4399922932,1.0
I20089843,I4387153999,1,1,2024,W4399922932,1.0
I20089843,I57206974,3,3,2024,W4399922932;W4401506443;W4404764563,0.3333333333333333
I20089843,I4210116924,1,1,2024,W4400228959,1.0
I20089843,I931913249,1,1,2024,W4401506443,1.0
I20089843,I4210105678,1,1,2024,W4402275888,1.0
I20089843,I4210164937,1,1,2024,W4402275888,1.0
I20089843,I63966007,5,5,2024,W4402275888;W4402713326;W4403294432;W4404518481;W4404764563,0.2
I20089843,I79576946,2,2,2024,W4402275888;W4404764563,0.5
I20089843,I205783295,1,1,2024,W4402512774,1.0
I20089843,I4210086768,1,1,2024,W4402512774,1.0
I20089843,I29955533,2,2,2024,W4402713326;W4403294432,0.5
I20089843,I39343248,1,1,2024,W4402713326,1.0
I20089843,I40120149,2,2,2024,W4402713326;W4404764563,0.5
I20089843,I4210119286,1,1,2024,W4402713326,1.0
I20089843,I4210120221,1,1,2024,W4402713326,1.0
I20089843,I4210143272,1,1,2024,W4402713326,1.0
I20089843,I4210164149,1,1,2024,W4402713326,1.0
I20089843,I42934936,1,1,2024,W4402713326,1.0
I20089843,I4387154616,1,1,2024,W4402713326,1.0
I20089843,I45129253,2,2,2024,W4402713326;W4404764563,0.5
I20089843,I4923324,1,1,2024,W4402713326,1.0
I20089843,I74973139,1,1,2024,W4402713326,1.0
I20089843,I98259816,1,1,2024,W4402713326,1.0
I20089843,I36258959,1,1,2024,W4402727440,1.0
I20089843,I99065089,1,1,2024,W4402727440,1.0
I20089843,I4210127875,1,1,2024,W4402890475,1.0
I20089843,I4577782,1,1,2024,W4402890475,1.0
I20089843,I86519309,1,1,2024,W4402890475,1.0
I20089843,I95457486,1,1,2024,W4403087461,1.0
I20089843,I202697423,1,1,2024,W4404764563,1.0
I20089843,I204337017,1,1,2024,W4404764563,1.0
I20089843,I2184545,1,1,2024,W4404764563,1.0
I20089843,I27804330,1,1,2024,W4404764563,1.0
I20089843,I2802640592,1,1,2024,W4404764563,1.0
I20089843,I32597200,1,1,2024,W4404764563,1.0
I20089843,I36234482,1,1,2024,W4404764563,1.0
I20089843,I4210094062,1,1,2024,W4404764563,1.0
I20089843,I4210098931,1,1,2024,W4404764563,1.0
I20089843,I4210126907,1,1,2024,W4404764563,1.0
I20089843,I4210128584,1,1,2024,W4404764563,1.0
I20089843,I4210130445,1,1,2024,W4404764563,1.0
I20089843,I4210134158,1,1,2024,W4404764563,1.0
I20089843,I4210134550,1,1,2024,W4404764563,1.0
I20089843,I4210143801,1,1,2024,W4404764563,1.0
I20089843,I4210144746,1,1,2024,W4404764563,1.0
I20089843,I4210157294,1,1,2024,W4404764563,1.0
I20089843,I4210158500,1,1,2024,W4404764563,1.0
I20089843,I4387152376,1,1,2024,W4404764563,1.0
I20089843,I44260953,1,1,2024,W4404764563,1.0
I20089843,I62916508,1,1,2024,W4404764563,1.0
I20089843,I78757542,1,1,2024,W4404764563,1.0
I20089843,I8087733,1,1,2024,W4404764563,1.0
I20089843,I8204097,1,1,2024,W4404764563,1.0
I20089843,I91727514,1,1,2024,W4404764563,1.0
I20089843,I97565354,1,1,2024,W4404764563,1.0
I20089843,I98677209,1,1,2024,W4404764563,1.0
I20089843,I4210134929,1,1,2024,W4405092734,1.0
I20089843,I20231570,1,1,2024,W4405933357,1.0
I20089843,I4210141176,1,1,2024,W4405933357,1.0
I20089843,I4210148632,1,1,2024,W4405933357,1.0
I20089843,I76130692,1,1,2024,W4405933357,1.0
I201193091,I32971472,1,1,2024,W4393094733,1.0
I201193091,I4210109390,1,1,2024,W4393094733,1.0
I201193091,I4210149691,1,1,2024,W4393094733,1.0
I201193091,I919571938,1,1,2024,W4393094733,1.0
I201384688,I2801349156,1,1,2024,W4392783116,1.0
I201384688,I33849332,1,1,2024,W4392783116,1.0
I201384688,I79817857,2,2,2024,W4400009090;W4402193259,0.5
I201384688,I91044093,2,2,2024,W4400009090;W4402193259,0.5
I201384688,I4210124615,2,2,2024,W4403111891;W4404835216,0.5
I201384688,I4210127743,1,1,2024,W4403261531,1.0
I201448701,I32971472,2,2,2024,W4392376410;W4395067526,0.5
I201448701,I9927081,1,1,2024,W4392376410,1.0
I201448701,I4210090411,1,1,2024,W4392381140,1.0
I201448701,I4210138199,1,1,2024,W4392381140,1.0
I201448701,I63966007,2,2,2024,W4392503764;W4401793114,0.5
I201448701,I97018004,5,5,2024,W4392503764;W4394832225;W4395453679;W4399363701;W4399912477,0.2
I201448701,I2799807261,1,1,2024,W4394767601,1.0
I201448701,I2802336062,1,1,2024,W4394767601,1.0
I201448701,I2802866506,1,1,2024,W4394767601,1.0
I201448701,I3018163063,1,1,2024,W4394767601,1.0
I201448701,I3131873961,1,1,2024,W4394767601,1.0
I201448701,I4210137306,1,1,2024,W4394832225,1.0
I201448701,I58956616,1,1,2024,W4395067526,1.0
I201448701,I919571938,1,1,2024,W4395067526,1.0
I201448701,I58610484,4,4,2024,W4395106452;W4400121375;W4402217583;W4402961748,0.25
I201448701,I3143470655,1,1,2024,W4395453679,1.0
I201448701,I2801670537,3,3,2024,W4398201291;W4404460707;W4405669265,0.3333333333333333
I201448701,I4210118837,2,2,2024,W4398201291;W4404460707,0.5
I201448701,I4210133796,1,1,2024,W4398201291,1.0
I201448701,I4210156829,1,1,2024,W4398201291,1.0
I201448701,I4210164937,3,3,2024,W4398201291;W4401211704;W4404460707,0.3333333333333333
I201448701,I4210089486,1,1,2024,W4398245384,1.0
I201448701,I202697423,1,1,2024,W4399208169,1.0
I201448701,I4210126452,1,1,2024,W4399347607,1.0
I201448701,I4210150574,1,1,2024,W4399347607,1.0
I201448701,I45129253,1,1,2024,W4399347607,1.0
I201448701,I2799359763,1,1,2024,W4399365040,1.0
I201448701,I4210087915,1,1,2024,W4399912477,1.0
I201448701,I95457486,3,3,2024,W4399912477;W4402217583;W4408699823,0.3333333333333333
I201448701,I40347166,1,1,2024,W4400121375,1.0
I201448701,I4210127875,1,1,2024,W4400121375,1.0
I201448701,I204512498,1,1,2024,W4400526349,1.0
I201448701,I63135867,1,1,2024,W4400526349,1.0
I201448701,I6469544,1,1,2024,W4400526349,1.0
I201448701,I82880672,1,1,2024,W4400526349,1.0
I201448701,I20231570,2,2,2024,W4401585044;W4402217583,0.5
I201448701,I24943067,1,1,2024,W4401585044,1.0
I201448701,I205783295,1,1,2024,W4401793114,1.0
I201448701,I4210109390,1,1,2024,W4401793114,1.0
I201448701,I4387153466,1,1,2024,W4401793114,1.0
I201448701,I78577930,2,2,2024,W4401793114;W4404183102,0.5
I201448701,I4210112150,1,1,2024,W4401878930,1.0
I201448701,I889458895,1,1,2024,W4401878930,1.0
I201448701,I4210136376,1,1,2024,W4402961748,1.0
I201448701,I4387154989,1,1,2024,W4402961748,1.0
I201448701,I55732556,1,1,2024,W4402961748,1.0
I201448701,I79272384,1,1,2024,W4402961748,1.0
I201448701,I4210138624,1,1,2024,W4403577434,1.0
I201448701,I69356397,1,1,2024,W4404183102,1.0
I201448701,I74973139,3,3,2024,W4404183102;W4404843594;W4405055881,0.3333333333333333
I201448701,I91045830,1,1,2024,W4404183102,1.0
I201448701,I204465549,1,1,2024,W4404518472,1.0
I201448701,I25254941,1,1,2024,W4404640164,1.0
I201448701,I47689461,1,1,2024,W4404640164,1.0
I201448701,I4210113480,2,2,2024,W4404843594;W4405055881,0.5
I201448701,I4210137501,2,2,2024,W4404843594;W4405055881,0.5
I201459984,I4210149618,2,2,2024,W4400391719;W4402459565,0.5
I201459984,I4210131537,1,1,2024,W4402459565,1.0
I201459984,I4210131919,1,1,2024,W4402459565,1.0
I201459984,I69356397,1,1,2024,W4402459565,1.0
I201537933,I20231570,1,1,2024,W4399120818,1.0
I201537933,I4394709157,1,1,2024,W4399120818,1.0
I201537933,I4210093896,1,1,2024,W4403827866,1.0
I201537933,I4210108711,1,1,2024,W4403827866,1.0
I201537933,I4210138310,1,1,2024,W4403827866,1.0
I201726411,I4210144839,1,1,2024,W4402155831,1.0
I201726411,I4210152471,1,1,2024,W4402155831,1.0
I201800536,I205349734,1,1,2024,W4392196456,1.0
I201800536,I41725924,1,1,2024,W4392196456,1.0
I201800536,I4210114170,1,1,2024,W4392196456,1.0
I201841394,I4210097159,1,1,2024,W4398203672,1.0
I201841394,I4210119095,1,1,2024,W4398203672,1.0
I20231570,I3133055985,1,1,2024,W4391136507,1.0
I20231570,I39422238,1,1,2024,W4391136507,1.0
I20231570,I4210094879,2,2,2024,W4391136507;W4393028958,0.5
I20231570,I4210113369,3,3,2024,W4391136507;W4391558438;W4394946189,0.3333333333333333
I20231570,I74973139,4,4,2024,W4391136507;W4393160345;W4394998727;W4395112660,0.25
I20231570,I4210116924,1,1,2024,W4391558438,1.0
I20231570,I76569877,1,1,2024,W4391558438,1.0
I20231570,I4210100255,6,6,2024,W4393028958;W4395052272;W4401198708;W4402400123;W4404953656;W4405853951,0.16666666666666666
I20231570,I4210128818,2,2,2024,W4393028958;W4405717632,0.5
I20231570,I4210165038,3,3,2024,W4393028958;W4399121560;W4403221502,0.3333333333333333
I20231570,I99065089,6,6,2024,W4393028958;W4395112660;W4402349737;W4403221502;W4403792157;W4404759772,0.16666666666666666
I20231570,I204512498,2,2,2024,W4393148714;W4405268957,0.5
I20231570,I2250653659,3,3,2024,W4393148714;W4402660133;W4402955558,0.3333333333333333
I20231570,I4210128628,1,1,2024,W4393148714,1.0
I20231570,I4210145761,1,1,2024,W4393148714,1.0
I20231570,I21193070,1,1,2024,W4393153538,1.0
I20231570,I4210157345,1,1,2024,W4393153538,1.0
I20231570,I78988378,2,2,2024,W4393153538;W4403024143,0.5
I20231570,I37461747,1,1,2024,W4393159617,1.0
I20231570,I97750245,2,2,2024,W4393160345;W4400727150,0.5
I20231570,I4210095624,2,2,2024,W4393160410;W4402704633,0.5
I20231570,I4210164937,1,1,2024,W4394946189,1.0
I20231570,I47720641,1,1,2024,W4394946189,1.0
I20231570,RAW_MICROSOFT,1,1,2024,W4394946189,1.0
I20231570,I4210124809,1,1,2024,W4395052272,1.0
I20231570,I4210130930,1,1,2024,W4395052272,1.0
I20231570,I4210141942,3,3,2024,W4395052272;W4402349737;W4402400123,0.3333333333333333
I20231570,I4210157729,1,1,2024,W4395052272,1.0
I20231570,I82880672,2,2,2024,W4395052272;W4400582609,0.5
I20231570,I36258959,1,1,2024,W4395112660,1.0
I20231570,I97018004,2,2,2024,W4395112660;W4405933357,0.5
I20231570,I2802519937,1,1,2024,W4395695883,1.0
I20231570,I4210139461,1,1,2024,W4395695883,1.0
I20231570,I205274468,1,1,2024,W4396832517,1.0
I20231570,I4210087915,1,1,2024,W4396999789,1.0
I20231570,I4210093964,1,1,2024,W4396999789,1.0
I20231570,I4210133846,1,1,2024,W4396999789,1.0
I20231570,I4394709157,1,1,2024,W4399120818,1.0
I20231570,I205237279,1,1,2024,W4399121560,1.0
I20231570,I4210139473,1,1,2024,W4399121560,1.0
I20231570,I2802957242,1,1,2024,W4399478575,1.0
I20231570,I39343248,1,1,2024,W4399478575,1.0
I20231570,I4210113795,1,1,2024,W4399478575,1.0
I20231570,I4210119234,1,1,2024,W4399478575,1.0
I20231570,I4210126517,1,1,2024,W4399478575,1.0
I20231570,I4210144384,1,1,2024,W4399478575,1.0
I20231570,I4210156804,1,1,2024,W4399478575,1.0
I20231570,I5740404,1,1,2024,W4399478575,1.0
I20231570,I75951250,1,1,2024,W4399478575,1.0
I20231570,I7877124,1,1,2024,W4399478575,1.0
I20231570,I36788626,1,1,2024,W4399563687,1.0
I20231570,I4210107260,1,1,2024,W4399563687,1.0
I20231570,I4210112820,1,1,2024,W4400061043,1.0
I20231570,I4210123686,1,1,2024,W4400061043,1.0
I20231570,I889458895,3,3,2024,W4400266743;W4402400123;W4402727730,0.3333333333333333
I20231570,I90610280,1,1,2024,W4400308501,1.0
I20231570,I4210128910,1,1,2024,W4400727150,1.0
I20231570,I4391767842,1,1,2024,W4400955918,1.0
I20231570,I4391012619,3,3,2024,W4401198708;W4401417236;W4405853951,0.3333333333333333
I20231570,I40120149,2,2,2024,W4401386940;W4405268957,0.5
I20231570,I4210136793,4,4,2024,W4401386940;W4402400123;W4402754220;W4402955558,0.25
I20231570,I4210146410,1,1,2024,W4401386940,1.0
I20231570,I4210090971,1,1,2024,W4401417236,1.0
I20231570,I4210122302,1,1,2024,W4401417236,1.0
I20231570,I24943067,1,1,2024,W4401585044,1.0
I20231570,I45928872,1,1,2024,W4401863338,1.0
I20231570,I223464139,1,1,2024,W4401975604,1.0
I20231570,I99464096,1,1,2024,W4401975604,1.0
I20231570,I58610484,1,1,2024,W4402217583,1.0
I20231570,I95457486,1,1,2024,W4402217583,1.0
I20231570,I4210136246,1,1,2024,W4402400123,1.0
I20231570,I4387153335,1,1,2024,W4402400123,1.0
I20231570,I71052956,1,1,2024,W4402400123,1.0
I20231570,I2802939634,1,1,2024,W4402408693,1.0
I20231570,I4210088547,1,1,2024,W4402408693,1.0
I20231570,I4210101382,1,1,2024,W4402408693,1.0
I20231570,I4210121761,1,1,2024,W4402408693,1.0
I20231570,I4210162172,1,1,2024,W4402408693,1.0
I20231570,I4210162420,1,1,2024,W4402408693,1.0
I20231570,I92403157,2,2,2024,W4402703028;W4404955137,0.5
I20231570,I4210159102,2,2,2024,W4402727272;W4403024143,0.5
I20231570,I4210118629,1,1,2024,W4402754220,1.0
I20231570,I4210086892,1,1,2024,W4402961932,1.0
I20231570,I4210090176,2,2,2024,W4403221502;W4404955137,0.5
I20231570,I4210156404,1,1,2024,W4403221502,1.0
I20231570,I76130692,2,2,2024,W4403221502;W4405933357,0.5
I20231570,I27357992,1,1,2024,W4403792157,1.0
I20231570,I4210137977,1,1,2024,W4403792157,1.0
I20231570,I2799299286,1,1,2024,W4404759772,1.0
I20231570,I4210091706,1,1,2024,W4404759772,1.0
I20231570,I4210110199,1,1,2024,W4404759772,1.0
I20231570,I4210116917,1,1,2024,W4404759772,1.0
I20231570,I4210121771,1,1,2024,W4404759772,1.0
I20231570,I4210132355,1,1,2024,W4404759772,1.0
I20231570,I4210133003,1,1,2024,W4404759772,1.0
I20231570,I4210133785,1,1,2024,W4404759772,1.0
I20231570,I4210153550,1,1,2024,W4404759772,1.0
I20231570,I4210159865,1,1,2024,W4404759772,1.0
I20231570,I47508984,1,1,2024,W4404759772,1.0
I20231570,I53411278,1,1,2024,W4404759772,1.0
I20231570,I4401726770,1,1,2024,W4404955137,1.0
I20231570,I27781120,1,1,2024,W4405268957,1.0
I20231570,I4210086933,1,1,2024,W4405268957,1.0
I20231570,I4210086973,1,1,2024,W4405268957,1.0
I20231570,I4210090512,1,1,2024,W4405268957,1.0
I20231570,I4210096587,1,1,2024,W4405268957,1.0
I20231570,I4210097354,1,1,2024,W4405268957,1.0
I20231570,I4210105182,1,1,2024,W4405268957,1.0
I20231570,I4210122949,1,1,2024,W4405268957,1.0
I20231570,I4210123185,1,1,2024,W4405268957,1.0
I20231570,I4210128921,1,1,2024,W4405268957,1.0
I20231570,I4210146711,1,1,2024,W4405268957,1.0
I20231570,I4210147381,1,1,2024,W4405268957,1.0
I20231570,I4210153856,1,1,2024,W4405268957,1.0
I20231570,I4210154142,1,1,2024,W4405268957,1.0
I20231570,I4210160507,1,1,2024,W4405268957,1.0
I20231570,I58200834,1,1,2024,W4405268957,1.0
I20231570,I92039509,1,1,2024,W4405268957,1.0
I20231570,I4396570619,1,1,2024,W4405853951,1.0
I20231570,I4401726980,1,1,2024,W4405853951,1.0
I20231570,I4210141176,1,1,2024,W4405933357,1.0
I20231570,I4210148632,1,1,2024,W4405933357,1.0
I202697423,I25790992,1,1,2024,W4392193048,1.0
I202697423,I2800288331,1,1,2024,W4392193048,1.0
I202697423,I2801652627,2,2,2024,W4392193048;W4401888965,0.5
I202697423,I2802567020,1,1,2024,W4392193048,1.0
I202697423,I4210100468,3,3,2024,W4392193048;W4401888965;W4403805874,0.3333333333333333
I202697423,I4210137306,2,2,2024,W4392193048;W4401888965,0.5
I202697423,I4210162743,1,1,2024,W4392193048,1.0
I202697423,I4210164862,2,2,2024,W4392193048;W4401888965,0.5
I202697423,I86519309,1,1,2024,W4392193048,1.0
I202697423,I97018004,2,2,2024,W4392193048;W4401888965,0.5
I202697423,I2801851002,2,2,2024,W4392562062;W4399363470,0.5
I202697423,I4210119109,1,1,2024,W4392562062,1.0
I202697423,I47508984,1,1,2024,W4392562062,1.0
I202697423,I74801974,1,1,2024,W4392562062,1.0
I202697423,I74973139,1,1,2024,W4392562062,1.0
I202697423,I40120149,2,2,2024,W4399363470;W4404764563,0.5
I202697423,I4210113297,1,1,2024,W4399363470,1.0
I202697423,I45129253,2,2,2024,W4399363470;W4404764563,0.5
I202697423,RAW_COHERE,1,1,2024,W4399363470,1.0
I202697423,I202963720,1,1,2024,W4399702760,1.0
I202697423,I25974101,1,1,2024,W4399702760,1.0
I202697423,I2799884508,1,1,2024,W4399702760,1.0
I202697423,I2801112126,1,1,2024,W4399702760,1.0
I202697423,I84218800,1,1,2024,W4401888965,1.0
I202697423,RAW_STABILITY_AI,1,1,2024,W4401888965,1.0
I202697423,I2802542264,1,1,2024,W4403204536,1.0
I202697423,I2802619606,1,1,2024,W4403204536,1.0
I202697423,I3018134672,1,1,2024,W4403204536,1.0
I202697423,I4210113347,1,1,2024,W4403204536,1.0
I202697423,I62916508,2,2,2024,W4403204536;W4404764563,0.5
I202697423,I28166907,1,1,2024,W4403488216,1.0
I202697423,I3125470973,1,1,2024,W4403805874,1.0
I202697423,I35440088,1,1,2024,W4403805874,1.0
I202697423,I4210111868,1,1,2024,W4404619726,1.0
I202697423,I204337017,1,1,2024,W4404764563,1.0
I202697423,I2184545,1,1,2024,W4404764563,1.0
I202697423,I241749,1,1,2024,W4404764563,1.0
I202697423,I27804330,1,1,2024,W4404764563,1.0
I202697423,I2802640592,1,1,2024,W4404764563,1.0
I202697423,I32597200,1,1,2024,W4404764563,1.0
I202697423,I32971472,1,1,2024,W4404764563,1.0
I202697423,I36234482,1,1,2024,W4404764563,1.0
I202697423,I4210094062,1,1,2024,W4404764563,1.0
I202697423,I4210098931,1,1,2024,W4404764563,1.0
I202697423,I4210126907,1,1,2024,W4404764563,1.0
I202697423,I4210128584,1,1,2024,W4404764563,1.0
I202697423,I4210130445,1,1,2024,W4404764563,1.0
I202697423,I4210134158,1,1,2024,W4404764563,1.0
I202697423,I4210134550,1,1,2024,W4404764563,1.0
I202697423,I4210143801,1,1,2024,W4404764563,1.0
I202697423,I4210144746,1,1,2024,W4404764563,1.0
I202697423,I4210157294,1,1,2024,W4404764563,1.0
I202697423,I4210158500,1,1,2024,W4404764563,1.0
I202697423,I4387152376,1,1,2024,W4404764563,1.0
I202697423,I44260953,1,1,2024,W4404764563,1.0
I202697423,I57206974,1,1,2024,W4404764563,1.0
I202697423,I63966007,1,1,2024,W4404764563,1.0
I202697423,I78757542,1,1,2024,W4404764563,1.0
I202697423,I79576946,1,1,2024,W4404764563,1.0
I202697423,I8087733,1,1,2024,W4404764563,1.0
I202697423,I8204097,1,1,2024,W4404764563,1.0
I202697423,I91727514,1,1,2024,W4404764563,1.0
I202697423,I97565354,1,1,2024,W4404764563,1.0
I202697423,I98677209,1,1,2024,W4404764563,1.0
I202697423,I4210146419,1,1,2024,W4405552797,1.0
I202697423,I67009956,1,1,2024,W4405552797,1.0
I202735123,I4387154453,1,1,2024,W4404887651,1.0
I202735123,I98298690,1,1,2024,W4404887651,1.0
I202963720,I25974101,1,1,2024,W4399702760,1.0
I202963720,I2799884508,1,1,2024,W4399702760,1.0
I202963720,I2801112126,1,1,2024,W4399702760,1.0
I203765153,I32915989,1,1,2024,W4401633394,1.0
I203765153,I4210092806,1,1,2024,W4401633394,1.0
I203765153,I4210103779,1,1,2024,W4401633394,1.0
I203765153,I4210160792,1,1,2024,W4401633394,1.0
I203951103,I205349734,1,1,2024,W4393317046,1.0
I203951103,I22299242,1,1,2024,W4393317046,1.0
I203951103,I34077901,1,1,2024,W4393317046,1.0
I203951103,I4210122547,1,1,2024,W4393317046,1.0
I203951103,I4210141669,1,1,2024,W4393317046,1.0
I203951103,I4210157775,1,1,2024,W4393317046,1.0
I203951103,I4387152983,1,1,2024,W4393317046,1.0
I203951103,I60134161,1,1,2024,W4393317046,1.0
I203951103,I74801974,1,1,2024,W4393317046,1.0
I203951103,I98285908,1,1,2024,W4393317046,1.0
I204136569,I204778367,1,1,2024,W4402128637,1.0
I204136569,I45129253,1,1,2024,W4402128637,1.0
I204136569,I98381234,1,1,2024,W4402128637,1.0
I204205638,I31746571,1,1,2024,W4393239266,1.0
I204205638,I5023651,1,1,2024,W4393239266,1.0
I204205638,I913958620,1,1,2024,W4393239266,1.0
I204250578,I4210127875,1,1,2024,W4390561626,1.0
I204250578,I33434090,1,1,2024,W4391421475,1.0
I204250578,I204866599,1,1,2024,W4393335480,1.0
I204250578,I4210140627,1,1,2024,W4393335480,1.0
I204250578,I4210140791,1,1,2024,W4393335480,1.0
I204250578,I97018004,1,1,2024,W4393335480,1.0
I204250578,I36258959,1,1,2024,W4393970811,1.0
I204250578,I4210137750,2,2,2024,W4396832735;W4402272362,0.5
I204250578,I5388228,1,1,2024,W4396832735,1.0
I204250578,I2802730090,1,1,2024,W4401539500,1.0
I204250578,I32971472,1,1,2024,W4401539500,1.0
I204250578,I4210100400,1,1,2024,W4401539500,1.0
I204250578,I4210147348,1,1,2024,W4401539500,1.0
I204250578,I58956616,1,1,2024,W4401539500,1.0
I204250578,I74973139,1,1,2024,W4401863166,1.0
I204250578,I76130692,1,1,2024,W4401863166,1.0
I204250578,I91045830,1,1,2024,W4401863166,1.0
I204250578,I223822909,1,1,2024,W4402272362,1.0
I204250578,I2802164966,1,1,2024,W4402272362,1.0
I204250578,I4210111460,1,1,2024,W4402272362,1.0
I204250578,I4210162051,1,1,2024,W4402272362,1.0
I204250578,I4210164937,1,1,2024,W4402770330,1.0
I204250578,I52357470,1,1,2024,W4402770330,1.0
I204250578,I4210151352,1,1,2024,W4404590987,1.0
I204250578,I51556381,1,1,2024,W4404590987,1.0
I204250578,I84218800,1,1,2024,W4404590987,1.0
I204337017,I2802335433,1,1,2024,W4392850630,1.0
I204337017,I34352273,1,1,2024,W4392850630,1.0
I204337017,I4210117453,1,1,2024,W4392850630,1.0
I204337017,I4210161994,1,1,2024,W4392850630,1.0
I204337017,I4210164862,1,1,2024,W4392850630,1.0
I204337017,I48633490,1,1,2024,W4392850630,1.0
I204337017,I205783295,1,1,2024,W4394894051,1.0
I204337017,I24185976,1,1,2024,W4394894051,1.0
I204337017,I4210133325,1,1,2024,W4394894051,1.0
I204337017,I7882870,1,1,2024,W4394894051,1.0
I204337017,I2184545,1,1,2024,W4404764563,1.0
I204337017,I241749,1,1,2024,W4404764563,1.0
I204337017,I27804330,1,1,2024,W4404764563,1.0
I204337017,I2802640592,1,1,2024,W4404764563,1.0
I204337017,I32597200,1,1,2024,W4404764563,1.0
I204337017,I32971472,1,1,2024,W4404764563,1.0
I204337017,I36234482,1,1,2024,W4404764563,1.0
I204337017,I40120149,1,1,2024,W4404764563,1.0
I204337017,I4210094062,1,1,2024,W4404764563,1.0
I204337017,I4210098931,1,1,2024,W4404764563,1.0
I204337017,I4210126907,1,1,2024,W4404764563,1.0
I204337017,I4210128584,1,1,2024,W4404764563,1.0
I204337017,I4210130445,1,1,2024,W4404764563,1.0
I204337017,I4210134158,1,1,2024,W4404764563,1.0
I204337017,I4210134550,1,1,2024,W4404764563,1.0
I204337017,I4210143801,1,1,2024,W4404764563,1.0
I204337017,I4210144746,1,1,2024,W4404764563,1.0
I204337017,I4210157294,1,1,2024,W4404764563,1.0
I204337017,I4210158500,1,1,2024,W4404764563,1.0
I204337017,I4387152376,1,1,2024,W4404764563,1.0
I204337017,I44260953,1,1,2024,W4404764563,1.0
I204337017,I45129253,1,1,2024,W4404764563,1.0
I204337017,I57206974,1,1,2024,W4404764563,1.0
I204337017,I62916508,1,1,2024,W4404764563,1.0
I204337017,I63966007,1,1,2024,W4404764563,1.0
I204337017,I78757542,1,1,2024,W4404764563,1.0
I204337017,I79576946,1,1,2024,W4404764563,1.0
I204337017,I8087733,1,1,2024,W4404764563,1.0
I204337017,I8204097,1,1,2024,W4404764563,1.0
I204337017,I91727514,1,1,2024,W4404764563,1.0
I204337017,I97565354,1,1,2024,W4404764563,1.0
I204337017,I98677209,1,1,2024,W4404764563,1.0
I204337017,I4210127509,1,1,2024,W4405737927,1.0
I204465549,I2799503643,1,1,2024,W4394858800,1.0
I204465549,I2800403580,1,1,2024,W4394858800,1.0
I204465549,I4210110664,1,1,2024,W4394858800,1.0
I204465549,I4210149000,1,1,2024,W4394858800,1.0
I204465549,I4210150894,1,1,2024,W4394858800,1.0
I204465549,I55302922,1,1,2024,W4394858800,1.0
I204465549,I63190737,1,1,2024,W4394858800,1.0
I204465549,I4210118410,1,1,2024,W4401351748,1.0
I204465549,I4210163477,1,1,2024,W4401351748,1.0
I204465549,I5388228,1,1,2024,W4401351748,1.0
I204465549,I4210121988,1,1,2024,W4402666241,1.0
I204465549,I74973139,1,1,2024,W4402666241,1.0
I204465549,I84218800,1,1,2024,W4402666241,1.0
I204465549,I57206974,1,1,2024,W4406119361,1.0
I204512498,I6469544,4,4,2024,W4391853824;W4392001696;W4392309314;W4400526349,0.25
I204512498,I87445476,2,2,2024,W4392247448;W4396665665,0.5
I204512498,I55712492,1,1,2024,W4392309314,1.0
I204512498,I2250653659,1,1,2024,W4393148714,1.0
I204512498,I4210128628,1,1,2024,W4393148714,1.0
I204512498,I4210145761,1,1,2024,W4393148714,1.0
I204512498,I63135867,1,1,2024,W4400526349,1.0
I204512498,I82880672,1,1,2024,W4400526349,1.0
I204512498,I204831749,1,1,2024,W4402335868,1.0
I204512498,I27781120,1,1,2024,W4405268957,1.0
I204512498,I40120149,1,1,2024,W4405268957,1.0
I204512498,I4210086933,1,1,2024,W4405268957,1.0
I204512498,I4210086973,1,1,2024,W4405268957,1.0
I204512498,I4210090512,1,1,2024,W4405268957,1.0
I204512498,I4210096587,1,1,2024,W4405268957,1.0
I204512498,I4210097354,1,1,2024,W4405268957,1.0
I204512498,I4210105182,1,1,2024,W4405268957,1.0
I204512498,I4210122949,1,1,2024,W4405268957,1.0
I204512498,I4210123185,1,1,2024,W4405268957,1.0
I204512498,I4210128921,1,1,2024,W4405268957,1.0
I204512498,I4210146711,1,1,2024,W4405268957,1.0
I204512498,I4210147381,1,1,2024,W4405268957,1.0
I204512498,I4210153856,1,1,2024,W4405268957,1.0
I204512498,I4210154142,1,1,2024,W4405268957,1.0
I204512498,I4210160507,1,1,2024,W4405268957,1.0
I204512498,I58200834,1,1,2024,W4405268957,1.0
I204512498,I92039509,1,1,2024,W4405268957,1.0
I204553293,I921716337,1,1,2024,W4400379406,1.0
I204722609,I4210115038,1,1,2024,W4400484650,1.0
I204730241,I4210091437,3,3,2024,W4392606373;W4398144060;W4404448333,0.3333333333333333
I204730241,I4403386768,1,1,2024,W4392606373,1.0
I204730241,I39804081,2,2,2024,W4398144060;W4404448333,0.5
I204730241,I4210091279,1,1,2024,W4398144060,1.0
I204730241,I4210097159,1,1,2024,W4398144060,1.0
I204730241,I4387154308,1,1,2024,W4398144060,1.0
I204730241,I4394709234,1,1,2024,W4398144060,1.0
I204730241,I241749,1,1,2024,W4399922932,1.0
I204730241,I2738703131,1,1,2024,W4399922932,1.0
I204730241,I277688954,2,2,2024,W4399922932;W4402511767,0.5
I204730241,I4210086977,1,1,2024,W4399922932,1.0
I204730241,I4210128565,1,1,2024,W4399922932,1.0
I204730241,I4210153546,1,1,2024,W4399922932,1.0
I204730241,I4387153999,1,1,2024,W4399922932,1.0
I204730241,I57206974,1,1,2024,W4399922932,1.0
I204730241,I2801843802,1,1,2024,W4402511767,1.0
I204730241,I4210103698,1,1,2024,W4402511767,1.0
I204730241,I4210107720,1,1,2024,W4402511767,1.0
I204730241,I4210141964,1,1,2024,W4402511767,1.0
I204730241,I4387152683,1,1,2024,W4402511767,1.0
I204730241,I2746051580,1,1,2024,W4404448333,1.0
I204730241,I29607241,1,1,2024,W4404448333,1.0
I204730241,I4210103330,1,1,2024,W4404448333,1.0
I204730241,I4210156583,1,1,2024,W4404448333,1.0
I204730241,I71209653,1,1,2024,W4404448333,1.0
I204778367,I20942203,1,1,2024,W4400487853,1.0
I204778367,I881766915,1,1,2024,W4400487853,1.0
I204778367,I45129253,1,1,2024,W4402128637,1.0
I204778367,I98381234,1,1,2024,W4402128637,1.0
I204778367,I4210096312,1,1,2024,W4403968870,1.0
I204823248,I4210090512,1,1,2024,W4402429489,1.0
I204823248,I4210096640,1,1,2024,W4402429489,1.0
I204823248,I4210101049,1,1,2024,W4402429489,1.0
I204823248,I4210144725,1,1,2024,W4402429489,1.0
I204823248,I47508984,1,1,2024,W4402429489,1.0
I204823248,I47720641,1,1,2024,W4402429489,1.0
I204823248,I92039509,1,1,2024,W4402429489,1.0
I204824540,I2250653659,1,1,2024,W4400663251,1.0
I204824540,I5681781,1,1,2024,W4400663251,1.0
I204824540,I63525965,1,1,2024,W4405431371,1.0
I204824540,I86695891,1,1,2024,W4405431371,1.0
I204866599,I4210140627,1,1,2024,W4393335480,1.0
I204866599,I4210140791,1,1,2024,W4393335480,1.0
I204866599,I97018004,3,3,2024,W4393335480;W4393397034;W4403813762,0.3333333333333333
I204866599,I2799853436,1,1,2024,W4393397034,1.0
I204866599,I4210103836,1,1,2024,W4393397034,1.0
I204866599,I57206974,1,1,2024,W4393397034,1.0
I204866599,I59553526,1,1,2024,W4393397034,1.0
I204866599,I79576946,1,1,2024,W4393397034,1.0
I204866599,I4210119250,1,1,2024,W4403813762,1.0
I204866599,I4210135252,1,1,2024,W4403813762,1.0
I204866599,I4210137306,1,1,2024,W4403813762,1.0
I204866599,I4210138309,1,1,2024,W4403813762,1.0
I204881574,I83019370,1,1,2024,W4391377263,1.0
I204881574,I879563668,1,1,2024,W4391377263,1.0
I204983213,I4210123185,1,1,2024,W4391407054,1.0
I204983213,I4210116924,2,2,2024,W4392543779;W4393763811,0.5
I204983213,I76130692,2,2,2024,W4392543779;W4399527328,0.5
I204983213,I86987016,1,1,2024,W4393147158,1.0
I204983213,I32619867,1,1,2024,W4396757885,1.0
I204983213,I4210107738,1,1,2024,W4396757885,1.0
I204983213,I4400009028,1,1,2024,W4396757885,1.0
I204983213,I63601056,1,1,2024,W4396757885,1.0
I204983213,I82880672,2,2,2024,W4397008743;W4400582230,0.5
I204983213,I2802390878,1,1,2024,W4399527328,1.0
I204983213,I4210098734,1,1,2024,W4399527328,1.0
I204983213,I4210165038,2,2,2024,W4399527328;W4400582230,0.5
I204983213,I50760025,1,1,2024,W4399527328,1.0
I204983213,I99065089,1,1,2024,W4399527328,1.0
I204983213,I27357992,1,1,2024,W4400275793,1.0
I204983213,I4210128818,1,1,2024,W4400582230,1.0
I204983213,I2250653659,1,1,2024,W4403770038,1.0
I204983213,I881766915,1,1,2024,W4403770038,1.0
I204983213,I4391012619,1,1,2024,W4403946930,1.0
I204983213,I2250955327,1,1,2024,W4404534210,1.0
I204983213,I4210105229,1,1,2024,W4404856308,1.0
I204983213,I4210128910,1,1,2024,W4404856308,1.0
I204983213,I4210137146,1,1,2024,W4404856308,1.0
I205023500,I40347166,1,1,2024,W4391564343,1.0
I205023500,I4210136328,1,1,2024,W4391564343,1.0
I205023500,I4210144755,1,1,2024,W4391564343,1.0
I205023500,I913958620,1,1,2024,W4391564343,1.0
I205023500,I4210137306,1,1,2024,W4392773006,1.0
I205023500,I90523175,1,1,2024,W4392773006,1.0
I205092303,I4210137396,1,1,2024,W4390947766,1.0
I205092303,I84009706,1,1,2024,W4390947766,1.0
I205133468,I22265921,1,1,2024,W4392346800,1.0
I205133468,I33096239,1,1,2024,W4392346800,1.0
I205237279,I4210139473,1,1,2024,W4399121560,1.0
I205237279,I4210165038,1,1,2024,W4399121560,1.0
I205237279,I35440088,1,1,2024,W4402667884,1.0
I205274468,I219388962,1,1,2024,W4391072501,1.0
I205274468,I686019,1,1,2024,W4391072501,1.0
I205274468,I52099693,1,1,2024,W4392791588,1.0
I205274468,I4210090411,1,1,2024,W4399362035,1.0
I205274468,I4210113297,1,1,2024,W4399362035,1.0
I205274468,I82497590,1,1,2024,W4399362035,1.0
I205274468,I889458895,1,1,2024,W4403562282,1.0
I205274468,I28615091,1,1,2024,W4403863507,1.0
I205274468,I40542001,1,1,2024,W4403863507,1.0
I205274468,I4921948,1,1,2024,W4403863507,1.0
I205349734,I41725924,1,1,2024,W4392196456,1.0
I205349734,I4210114170,1,1,2024,W4392196456,1.0
I205349734,I22299242,1,1,2024,W4393317046,1.0
I205349734,I34077901,1,1,2024,W4393317046,1.0
I205349734,I4210122547,1,1,2024,W4393317046,1.0
I205349734,I4210141669,1,1,2024,W4393317046,1.0
I205349734,I4210157775,1,1,2024,W4393317046,1.0
I205349734,I4387152983,1,1,2024,W4393317046,1.0
I205349734,I60134161,1,1,2024,W4393317046,1.0
I205349734,I74801974,2,2,2024,W4393317046;W4406264462,0.5
I205349734,I98285908,1,1,2024,W4393317046,1.0
I205640436,I2800419323,1,1,2024,W4391387740,1.0
I205640436,I2801351171,1,1,2024,W4391387740,1.0
I205640436,I4210115256,1,1,2024,W4391387740,1.0
I205640436,I4387155440,1,1,2024,W4391387740,1.0
I205640436,I51713134,1,1,2024,W4391387740,1.0
I205640436,I31746571,1,1,2024,W4403371192,1.0
I205640436,I40120149,1,1,2024,W4403371192,1.0
I205640436,I4210087596,1,1,2024,W4403791323,1.0
I205640436,I56590836,1,1,2024,W4403791323,1.0
I205640436,I2799714274,1,1,2024,W4403977290,1.0
I205640436,I4210152878,1,1,2024,W4403977290,1.0
I205640436,I4391012619,1,1,2024,W4403977290,1.0
I205783295,I27837315,2,2,2024,W4391591807;W4400585758,0.5
I205783295,I4210111179,1,1,2024,W4391591807,1.0
I205783295,I28022161,1,1,2024,W4391988393,1.0
I205783295,I27504731,2,2,2024,W4393904418;W4404587114,0.5
I205783295,I36258959,3,3,2024,W4393904418;W4400921803;W4404587114,0.3333333333333333
I205783295,I45129253,2,2,2024,W4393904418;W4404587114,0.5
I205783295,I63966007,3,3,2024,W4393904418;W4401793114;W4404587114,0.3333333333333333
I205783295,I99065089,1,1,2024,W4393949386,1.0
I205783295,I2799503643,1,1,2024,W4394688596,1.0
I205783295,I4210109390,2,2,2024,W4394688596;W4401793114,0.5
I205783295,I4387153466,6,6,2024,W4394688596;W4400440370;W4400921803;W4401793114;W4402909345;W4404960985,0.16666666666666666
I205783295,I78577930,3,3,2024,W4394688596;W4400585758;W4401793114,0.3333333333333333
I205783295,I79576946,2,2,2024,W4394688596;W4402565126,0.5
I205783295,I901861585,1,1,2024,W4394688596,1.0
I205783295,I91203450,1,1,2024,W4394688596,1.0
I205783295,I24185976,1,1,2024,W4394894051,1.0
I205783295,I4210133325,1,1,2024,W4394894051,1.0
I205783295,I7882870,1,1,2024,W4394894051,1.0
I205783295,I2799360765,1,1,2024,W4396692989,1.0
I205783295,I4210110987,1,1,2024,W4396832474,1.0
I205783295,I4210142372,1,1,2024,W4396832474,1.0
I205783295,I4210167254,1,1,2024,W4396832474,1.0
I205783295,I83467386,1,1,2024,W4396832474,1.0
I205783295,I86519309,1,1,2024,W4396832474,1.0
I205783295,I2250653659,1,1,2024,W4396909894,1.0
I205783295,I27357992,1,1,2024,W4396909894,1.0
I205783295,I30809798,1,1,2024,W4396909894,1.0
I205783295,I27804330,2,2,2024,W4399251710;W4404587114,0.5
I205783295,I4210137115,1,1,2024,W4399251710,1.0
I205783295,I4210117453,1,1,2024,W4400440370,1.0
I205783295,I4210134579,1,1,2024,W4400440370,1.0
I205783295,I34077901,1,1,2024,W4400727806,1.0
I205783295,I97018004,1,1,2024,W4400734098,1.0
I205783295,I2800548410,1,1,2024,W4400921803,1.0
I205783295,I4210087915,1,1,2024,W4400921803,1.0
I205783295,I4210134769,2,2,2024,W4400921803;W4402909345,0.5
I205783295,I4210139686,1,1,2024,W4400921803,1.0
I205783295,I4210153792,1,1,2024,W4400921803,1.0
I205783295,I4210155647,1,1,2024,W4400921803,1.0
I205783295,I4388891891,1,1,2024,W4400921803,1.0
I205783295,I57206974,1,1,2024,W4400921803,1.0
I205783295,I58956616,1,1,2024,W4400921803,1.0
I205783295,I79620101,1,1,2024,W4400921803,1.0
I205783295,I867280407,1,1,2024,W4400921803,1.0
I205783295,I55732556,1,1,2024,W4401056196,1.0
I205783295,I4210092791,1,1,2024,W4402351990,1.0
I205783295,I4210086768,1,1,2024,W4402512774,1.0
I205783295,I86987016,1,1,2024,W4402565126,1.0
I205783295,I4210107260,1,1,2024,W4402716016,1.0
I205783295,I4210128526,1,1,2024,W4402909345,1.0
I205783295,I919571938,1,1,2024,W4402909345,1.0
I205783295,I4210144145,1,1,2024,W4403880728,1.0
I205783295,I4210096498,1,1,2024,W4404960985,1.0
I205783295,I241749,1,1,2024,W4405194591,1.0
I205783295,I40120149,1,1,2024,W4405194591,1.0
I205783295,I4210110431,1,1,2024,W4405194591,1.0
I205783295,I4210120485,1,1,2024,W4405194591,1.0
I205783295,I4210135670,1,1,2024,W4405194591,1.0
I205783295,I4405253208,1,1,2024,W4405194591,1.0
I205783295,I5124864,1,1,2024,W4405194591,1.0
I205783295,I861853513,1,1,2024,W4405194591,1.0
I205783295,I873043661,1,1,2024,W4405194591,1.0
I205783295,I887064364,1,1,2024,W4405194591,1.0
I20581793,I4210131537,1,1,2024,W4400998898,1.0
I20581793,I63098007,1,1,2024,W4400998898,1.0
I206895457,I31512782,1,1,2024,W4404103182,1.0
I206895457,I62916508,1,1,2024,W4404103182,1.0
I207623266,I4210113520,1,1,2024,W4402753980,1.0
I207789805,I45129253,1,1,2024,W4396957946,1.0
I207789805,I76571253,1,1,2024,W4396957946,1.0
I208081647,I39854758,1,1,2024,W4398147071,1.0
I208081647,I4210152127,1,1,2024,W4398147071,1.0
I208081647,I8078737,1,1,2024,W4398147071,1.0
I208626154,I2801851002,1,1,2024,W4403090726,1.0
I208626154,I40120149,1,1,2024,W4403090726,1.0
I208626154,I45129253,1,1,2024,W4403090726,1.0
I208626154,I5023651,1,1,2024,W4403090726,1.0
I20942203,I881766915,1,1,2024,W4400487853,1.0
I210716285,I3133055985,1,1,2024,W4405612257,1.0
I210716285,I76130692,1,1,2024,W4405612257,1.0
I21173400,I4210165529,1,1,2024,W4399303707,1.0
I21173400,I4626487,1,1,2024,W4399303707,1.0
I21173400,I931278978,1,1,2024,W4399303707,1.0
I21193070,I4210157345,1,1,2024,W4393153538,1.0
I21193070,I78988378,1,1,2024,W4393153538,1.0
I21193070,I4210095624,1,1,2024,W4396735245,1.0
I21193070,I848706,1,1,2024,W4396817538,1.0
I21193070,I881766915,1,1,2024,W4396817538,1.0
I21193070,I99065089,2,2,2024,W4400818936;W4404822966,0.5
I21193070,I4210099312,1,1,2024,W4401551562,1.0
I21193070,I4210112150,1,1,2024,W4403182640,1.0
I21193070,I63072094,1,1,2024,W4403182640,1.0
I21193070,I84218800,1,1,2024,W4404822966,1.0
I21196054,I4210091634,1,1,2024,W4404566604,1.0
I21196054,I4210094983,1,1,2024,W4404566604,1.0
I21196054,I4210143281,1,1,2024,W4404566604,1.0
I212119943,I2802805919,1,1,2024,W4396833393,1.0
I212220629,I91450128,1,1,2024,W4405236731,1.0
I21250087,I39343248,1,1,2024,W4392763134,1.0
I2135383,I56590836,1,1,2024,W4405586205,1.0
I21449261,I35440088,1,1,2024,W4404961535,1.0
I21449261,I40347166,1,1,2024,W4404961535,1.0
I21449261,I4210105402,1,1,2024,W4404961535,1.0
I21449261,I4210125814,1,1,2024,W4404961535,1.0
I21449261,I4210126328,1,1,2024,W4404961535,1.0
I21449261,I4210145784,1,1,2024,W4404961535,1.0
I21449261,I4210166615,1,1,2024,W4404961535,1.0
I21449261,I47099075,1,1,2024,W4404961535,1.0
I21449261,I5124864,1,1,2024,W4404961535,1.0
I21449261,I92507152,1,1,2024,W4404961535,1.0
I21642278,I308837,1,1,2024,W4392543406,1.0
I21642278,I4210096640,1,1,2024,W4401178788,1.0
I21642278,I47508984,1,1,2024,W4401178788,1.0
I218242539,I2801039233,1,1,2024,W4390667862,1.0
I218242539,I288216842,1,1,2024,W4390667862,1.0
I218242539,I85507684,1,1,2024,W4390667862,1.0
I2184545,I241749,1,1,2024,W4404764563,1.0
I2184545,I27804330,1,1,2024,W4404764563,1.0
I2184545,I2802640592,1,1,2024,W4404764563,1.0
I2184545,I32597200,1,1,2024,W4404764563,1.0
I2184545,I32971472,1,1,2024,W4404764563,1.0
I2184545,I36234482,1,1,2024,W4404764563,1.0
I2184545,I40120149,1,1,2024,W4404764563,1.0
I2184545,I4210094062,1,1,2024,W4404764563,1.0
I2184545,I4210098931,1,1,2024,W4404764563,1.0
I2184545,I4210126907,1,1,2024,W4404764563,1.0
I2184545,I4210128584,1,1,2024,W4404764563,1.0
I2184545,I4210130445,1,1,2024,W4404764563,1.0
I2184545,I4210134158,1,1,2024,W4404764563,1.0
I2184545,I4210134550,1,1,2024,W4404764563,1.0
I2184545,I4210143801,1,1,2024,W4404764563,1.0
I2184545,I4210144746,1,1,2024,W4404764563,1.0
I2184545,I4210157294,1,1,2024,W4404764563,1.0
I2184545,I4210158500,1,1,2024,W4404764563,1.0
I2184545,I4387152376,1,1,2024,W4404764563,1.0
I2184545,I44260953,1,1,2024,W4404764563,1.0
I2184545,I45129253,1,1,2024,W4404764563,1.0
I2184545,I57206974,1,1,2024,W4404764563,1.0
I2184545,I62916508,1,1,2024,W4404764563,1.0
I2184545,I63966007,1,1,2024,W4404764563,1.0
I2184545,I78757542,1,1,2024,W4404764563,1.0
I2184545,I79576946,1,1,2024,W4404764563,1.0
I2184545,I8087733,1,1,2024,W4404764563,1.0
I2184545,I8204097,1,1,2024,W4404764563,1.0
I2184545,I91727514,1,1,2024,W4404764563,1.0
I2184545,I97565354,1,1,2024,W4404764563,1.0
I2184545,I98677209,1,1,2024,W4404764563,1.0
I219193219,I74801974,1,1,2024,W4392619076,1.0
I219193219,I24603500,1,1,2024,W4393156382,1.0
I219193219,I51556381,5,5,2024,W4394595621;W4394862623;W4394862768;W4400582613;W4402727014,0.2
I219193219,I27504731,1,1,2024,W4394698991,1.0
I219193219,I4210119109,1,1,2024,W4394698991,1.0
I219193219,I2250653659,2,2,2024,W4394862623;W4402727014,0.5
I219193219,I57206974,1,1,2024,W4394862623,1.0
I219193219,I24185976,1,1,2024,W4399208444,1.0
I219193219,I68986083,1,1,2024,W4399208444,1.0
I219193219,I4210095624,1,1,2024,W4401863519,1.0
I219193219,I4210108985,1,1,2024,W4401863519,1.0
I219193219,I4210105678,1,1,2024,W4402703012,1.0
I219193219,I4210141470,1,1,2024,W4402727014,1.0
I219193219,I876193797,1,1,2024,W4403609453,1.0
I219193219,I51504820,1,1,2024,W4404594418,1.0
I219388962,I686019,1,1,2024,W4391072501,1.0
I22265921,I33096239,1,1,2024,W4392346800,1.0
I222723317,I24943067,1,1,2024,W4405640204,1.0
I222723317,I4210100255,1,1,2024,W4405640204,1.0
I222723317,I4210156404,1,1,2024,W4405640204,1.0
I222723317,I4210165038,1,1,2024,W4405640204,1.0
I222723317,I4391012619,1,1,2024,W4405640204,1.0
I22299242,I39012071,1,1,2024,W4392902325,1.0
I22299242,I4210110652,1,1,2024,W4392902325,1.0
I22299242,I46980622,1,1,2024,W4392902325,1.0
I22299242,I60134161,2,2,2024,W4392902325;W4393317046,0.5
I22299242,I84985371,1,1,2024,W4392902325,1.0
I22299242,I98940699,1,1,2024,W4392902325,1.0
I22299242,I34077901,1,1,2024,W4393317046,1.0
I22299242,I4210122547,1,1,2024,W4393317046,1.0
I22299242,I4210141669,1,1,2024,W4393317046,1.0
I22299242,I4210157775,1,1,2024,W4393317046,1.0
I22299242,I4387152983,1,1,2024,W4393317046,1.0
I22299242,I74801974,1,1,2024,W4393317046,1.0
I22299242,I98285908,1,1,2024,W4393317046,1.0
I22299242,I4210126319,1,1,2024,W4400414272,1.0
I223464139,I99464096,1,1,2024,W4401975604,1.0
I223822909,I2802164966,13,13,2024,W4391935269;W4392016947;W4393078503;W4397003633;W4399560926;W4399775068;W4401820448;W4402272362;W4402713323;W4403626237;W4403680361;W4404584849;W4404787535,0.07692307692307693
I223822909,I4210127591,1,1,2024,W4391935269,1.0
I223822909,I4210144898,1,1,2024,W4391935269,1.0
I223822909,I4210156450,6,6,2024,W4391935269;W4397003633;W4401820448;W4402713323;W4403680361;W4404584849,0.16666666666666666
I223822909,I4210111460,8,8,2024,W4392016947;W4393078503;W4397003633;W4401820448;W4402272362;W4402713323;W4403626237;W4404584849,0.125
I223822909,I4210120689,5,5,2024,W4392016947;W4393078503;W4402713323;W4403626237;W4404584849,0.2
I223822909,I4210162051,6,6,2024,W4392016947;W4393078503;W4402272362;W4402713323;W4403626237;W4403680361,0.16666666666666666
I223822909,I887968799,2,2,2024,W4392016947;W4397003633,0.5
I223822909,I4210108778,4,4,2024,W4393078503;W4397003633;W4401820448;W4404584849,0.25
I223822909,I78650965,4,4,2024,W4393078503;W4401820448;W4404584849;W4404787535,0.25
I223822909,I34809795,1,1,2024,W4397003633,1.0
I223822909,I4210105615,1,1,2024,W4399560926,1.0
I223822909,I3018134672,1,1,2024,W4399775068,1.0
I223822909,I4210137750,1,1,2024,W4402272362,1.0
I223822909,I2799391451,1,1,2024,W4402713323,1.0
I223822909,I4210086407,1,1,2024,W4402713323,1.0
I223822909,I4210126310,1,1,2024,W4402713323,1.0
I223822909,I4210161917,1,1,2024,W4402713323,1.0
I223822909,I2802619606,1,1,2024,W4403626237,1.0
I223822909,I4210124799,1,1,2024,W4403626237,1.0
I223822909,I4210132578,1,1,2024,W4403626237,1.0
I223822909,I4210148371,1,1,2024,W4403626237,1.0
I223822909,I4210153755,1,1,2024,W4403626237,1.0
I223822909,I62916508,1,1,2024,W4403626237,1.0
I223822909,I85384741,1,1,2024,W4404124928,1.0
I223822909,I4210147126,1,1,2024,W4404787535,1.0
I22465464,I4210103666,1,1,2024,W4403118713,1.0
I22465464,I44260953,1,1,2024,W4403118713,1.0
I2250653659,I99065089,3,3,2024,W4392616472;W4393148505;W4403791610,0.3333333333333333
I2250653659,I2800935791,2,2,2024,W4392846385;W4405643374,0.5
I2250653659,I78988378,4,4,2024,W4392846385;W4393156194;W4400909953;W4405643374,0.25
I2250653659,I4210114105,1,1,2024,W4393148505,1.0
I2250653659,I4210145761,2,2,2024,W4393148505;W4393148714,0.5
I2250653659,I4210128628,1,1,2024,W4393148714,1.0
I2250653659,I4210162314,1,1,2024,W4393181728,1.0
I2250653659,I51556381,2,2,2024,W4394862623;W4402727014,0.5
I2250653659,I57206974,1,1,2024,W4394862623,1.0
I2250653659,I3005327000,2,2,2024,W4395471118;W4402716423,0.5
I2250653659,I37461747,1,1,2024,W4395471118,1.0
I2250653659,I27357992,1,1,2024,W4396909894,1.0
I2250653659,I30809798,1,1,2024,W4396909894,1.0
I2250653659,I3045169105,1,1,2024,W4400525231,1.0
I2250653659,I87445476,1,1,2024,W4400525231,1.0
I2250653659,I5681781,1,1,2024,W4400663251,1.0
I2250653659,I4210136793,2,2,2024,W4400819283;W4402955558,0.5
I2250653659,I76130692,4,4,2024,W4400821061;W4402753917;W4403943792;W4404420676,0.25
I2250653659,I36258959,2,2,2024,W4400909953;W4405643374,0.5
I2250653659,I24185976,1,1,2024,W4402220065,1.0
I2250653659,I2801851002,1,1,2024,W4402220065,1.0
I2250653659,I3018397418,1,1,2024,W4402220065,1.0
I2250653659,I4210087915,1,1,2024,W4402220065,1.0
I2250653659,I4210104539,1,1,2024,W4402220065,1.0
I2250653659,I4210117453,1,1,2024,W4402220065,1.0
I2250653659,I4210128921,1,1,2024,W4402220065,1.0
I2250653659,I4210134579,1,1,2024,W4402220065,1.0
I2250653659,I4210146711,1,1,2024,W4402220065,1.0
I2250653659,I4210154480,1,1,2024,W4402220065,1.0
I2250653659,I4210158968,1,1,2024,W4402220065,1.0
I2250653659,I4210162753,1,1,2024,W4402220065,1.0
I2250653659,I63966007,1,1,2024,W4402220065,1.0
I2250653659,I79576946,1,1,2024,W4402220065,1.0
I2250653659,I97018004,1,1,2024,W4402220065,1.0
I2250653659,I889458895,2,2,2024,W4402713106;W4403791575,0.5
I2250653659,I4210116924,1,1,2024,W4402716381,1.0
I2250653659,I24943067,1,1,2024,W4402716423,1.0
I2250653659,I4210141470,1,1,2024,W4402727014,1.0
I2250653659,I42934936,1,1,2024,W4403488180,1.0
I2250653659,I881766915,3,3,2024,W4403770038;W4404356490;W4405596328,0.3333333333333333
I2250653659,I3131625388,1,1,2024,W4403791610,1.0
I2250653659,I74801974,1,1,2024,W4403791610,1.0
I2250653659,I4210091609,1,1,2024,W4404239715,1.0
I2250653659,I308837,2,2,2024,W4404356490;W4405596328,0.5
I2250653659,I4210094879,1,1,2024,W4405596328,1.0
I2250653659,I4210132948,1,1,2024,W4405596328,1.0
I2250955327,I82880672,1,1,2024,W4393158805,1.0
I2250955327,I4210090176,2,2,2024,W4394947904;W4401863498,0.5
I2250955327,I78988378,2,2,2024,W4394947904;W4401863498,0.5
I2250955327,I4210159968,1,1,2024,W4394963598,1.0
I2250955327,I4210160618,2,2,2024,W4394963598;W4405527282,0.5
I2250955327,I83467386,1,1,2024,W4394963598,1.0
I2250955327,I99065089,1,1,2024,W4400236709,1.0
I2250955327,I24943067,1,1,2024,W4402582789,1.0
I2250955327,I4210113369,1,1,2024,W4402582789,1.0
I2250955327,I4210151021,1,1,2024,W4402582789,1.0
I2250955327,I4210159102,1,1,2024,W4402582789,1.0
I2250955327,I76130692,2,2,2024,W4402623742;W4405016591,0.5
I2250955327,I62916508,1,1,2024,W4404809811,1.0
I2250955327,I881766915,1,1,2024,W4404809811,1.0
I2250955327,I9842412,1,1,2024,W4404809811,1.0
I2251586001,I2799299286,4,4,2024,W4390577395;W4390921272;W4395026179;W4399737726,0.25
I2251586001,I2799853436,1,1,2024,W4390577395,1.0
I2251586001,I33849332,1,1,2024,W4390577395,1.0
I2251586001,I4210100255,1,1,2024,W4390577395,1.0
I2251586001,I4210106442,1,1,2024,W4390577395,1.0
I2251586001,I4210116869,1,1,2024,W4390577395,1.0
I2251586001,I4210116917,4,4,2024,W4390577395;W4390921272;W4395026179;W4399737726,0.25
I2251586001,I4210124134,1,1,2024,W4390577395,1.0
I2251586001,I4210128921,1,1,2024,W4390577395,1.0
I2251586001,I4210144482,1,1,2024,W4390577395,1.0
I2251586001,I4210153550,1,1,2024,W4390577395,1.0
I2251586001,I47508984,1,1,2024,W4390577395,1.0
I2251586001,I99065089,1,1,2024,W4390577395,1.0
I2251586001,I4210097409,1,1,2024,W4390921272,1.0
I2251586001,I4210126319,3,3,2024,W4390921272;W4395026179;W4399737726,0.3333333333333333
I2251586001,I4210146998,1,1,2024,W4390921272,1.0
I2251586001,I97018004,3,3,2024,W4390921272;W4395026179;W4399737726,0.3333333333333333
I2251586001,I2799333108,2,2,2024,W4395026179;W4399737726,0.5
I2251586001,I2803209242,2,2,2024,W4395026179;W4399737726,0.5
I2251586001,I3020100970,2,2,2024,W4395026179;W4399737726,0.5
I2251586001,I40120149,2,2,2024,W4395026179;W4399737726,0.5
I2251586001,I4210105015,2,2,2024,W4395026179;W4399737726,0.5
I2251586001,I4210116208,1,1,2024,W4395026179,1.0
I2251586001,I4210137145,2,2,2024,W4395026179;W4399737726,0.5
I2251586001,I4210137306,1,1,2024,W4395026179,1.0
I2251586001,I4210146690,1,1,2024,W4395026179,1.0
I2251586001,I4210150290,2,2,2024,W4395026179;W4399737726,0.5
I2251586001,I4210162189,2,2,2024,W4395026179;W4399737726,0.5
I2251586001,I61628605,1,1,2024,W4395026179,1.0
I2252078561,I2799419483,1,1,2024,W4391682754,1.0
I2252078561,I4210164802,1,1,2024,W4391682754,1.0
I2252078561,I4210167039,1,1,2024,W4391682754,1.0
I2252078561,I5023651,1,1,2024,W4391682754,1.0
I2277624104,I79940851,1,1,2024,W4396982300,1.0
I2277624104,I5124864,1,1,2024,W4399356261,1.0
I2277624104,I4210122302,1,1,2024,W4402816865,1.0
I2277624104,I4391012619,1,1,2024,W4402816865,1.0
I2277624104,I4210088115,1,1,2024,W4404459777,1.0
I2279609970,I2800921988,1,1,2024,W4396722287,1.0
I2279609970,I3018718406,1,1,2024,W4396722287,1.0
I2279609970,I4210098046,1,1,2024,W4396722287,1.0
I2279609970,I4210131356,1,1,2024,W4396722287,1.0
I2279609970,I84218800,1,1,2024,W4396722287,1.0
I2279609970,I2801862477,1,1,2024,W4396828482,1.0
I2279609970,I7454413,1,1,2024,W4396828482,1.0
I2279609970,I4210126879,1,1,2024,W4399667811,1.0
I231025917,I4210113543,1,1,2024,W4404024323,1.0
I231293419,I4400573310,1,1,2024,W4396758918,1.0
I231293419,I76130692,1,1,2024,W4396758918,1.0
I23171815,I99434035,1,1,2024,W4400033355,1.0
I23923803,I2800548410,1,1,2024,W4390970405,1.0
I23923803,I2801418622,1,1,2024,W4390970405,1.0
I23923803,I33213144,1,1,2024,W4390970405,1.0
I23923803,I4210159873,1,1,2024,W4390970405,1.0
I23923803,I62916508,1,1,2024,W4390970405,1.0
I23923803,I63966007,1,1,2024,W4390970405,1.0
I23923803,I97018004,1,1,2024,W4390970405,1.0
I23923803,I4210089887,2,2,2024,W4399136397;W4399266905,0.5
I23923803,I47508984,2,2,2024,W4399136397;W4399266905,0.5
I23923803,I31669788,1,1,2024,W4399266905,1.0
I23923803,I87445476,1,1,2024,W4399266905,1.0
I23923803,I93860229,1,1,2024,W4399266905,1.0
I23923803,I45129253,1,1,2024,W4400578758,1.0
I23923803,I61544103,1,1,2024,W4400578758,1.0
I23923803,I865915315,1,1,2024,W4402042413,1.0
I23923803,I87182695,1,1,2024,W4402042413,1.0
I23923803,I89864525,1,1,2024,W4402042413,1.0
I23923803,I4210099570,1,1,2024,W4402544033,1.0
I23923803,I98677209,1,1,2024,W4402544033,1.0
I23923803,I2799300731,1,1,2024,W4405194283,1.0
I23923803,I4210112230,1,1,2024,W4405194283,1.0
I23923803,I4210128584,1,1,2024,W4405194283,1.0
I23923803,I4210139738,1,1,2024,W4405194283,1.0
I23946033,I70640408,1,1,2024,W4393222088,1.0
I23946033,I80543232,1,1,2024,W4398173700,1.0
I24027795,I28777354,1,1,2024,W4396653761,1.0
I24027795,I4210100923,1,1,2024,W4396653761,1.0
I24027795,I4210144925,1,1,2024,W4396653761,1.0
I24027795,I56306041,1,1,2024,W4396653761,1.0
I24027795,I33213144,1,1,2024,W4403648106,1.0
I24027795,I40253897,1,1,2024,W4403648106,1.0
I24027795,I56590836,1,1,2024,W4403648106,1.0
I241749,I40120149,6,6,2024,W4392109933;W4400949264;W4404070753;W4404333646;W4404764563;W4405194591,0.16666666666666666
I241749,I44430492,1,1,2024,W4392109933,1.0
I241749,I5023651,1,1,2024,W4392109933,1.0
I241749,I56590836,2,2,2024,W4392109933;W4404070753,0.5
I241749,I68666633,1,1,2024,W4392109933,1.0
I241749,I79576946,3,3,2024,W4392109933;W4403562310;W4404764563,0.3333333333333333
I241749,RAW_META,1,1,2024,W4392903956,1.0
I241749,I2802641067,2,2,2024,W4396761934;W4402827393,0.5
I241749,I79510175,1,1,2024,W4396900090,1.0
I241749,I2738703131,1,1,2024,W4399922932,1.0
I241749,I277688954,1,1,2024,W4399922932,1.0
I241749,I4210086977,1,1,2024,W4399922932,1.0
I241749,I4210128565,1,1,2024,W4399922932,1.0
I241749,I4210153546,1,1,2024,W4399922932,1.0
I241749,I4387153999,1,1,2024,W4399922932,1.0
I241749,I57206974,4,4,2024,W4399922932;W4401443596;W4404764563;W4405298817,0.25
I241749,I60053951,2,2,2024,W4400396852;W4402827393,0.5
I241749,I4210090411,1,1,2024,W4400582020,1.0
I241749,I4210109712,1,1,2024,W4400582020,1.0
I241749,I4210113297,1,1,2024,W4400582020,1.0
I241749,I4210127509,1,1,2024,W4400949264,1.0
I241749,I4210146410,1,1,2024,W4400949264,1.0
I241749,I47508984,1,1,2024,W4400949264,1.0
I241749,I98677209,2,2,2024,W4400949264;W4404764563,0.5
I241749,I2801237587,1,1,2024,W4401443596,1.0
I241749,I330495657,1,1,2024,W4401443596,1.0
I241749,I45129253,3,3,2024,W4401443596;W4404200702;W4404764563,0.3333333333333333
I241749,I55060895,1,1,2024,W4401689901,1.0
I241749,I251738,1,1,2024,W4401719610,1.0
I241749,I27837315,1,1,2024,W4402396688,1.0
I241749,I31746571,1,1,2024,W4402396688,1.0
I241749,I4210100255,1,1,2024,W4402396688,1.0
I241749,I4210158445,1,1,2024,W4402396688,1.0
I241749,I4210095624,1,1,2024,W4402727910,1.0
I241749,I76130692,1,1,2024,W4402727910,1.0
I241749,I99065089,1,1,2024,W4402727910,1.0
I241749,I2800817003,1,1,2024,W4402754104,1.0
I241749,I36258959,1,1,2024,W4402754104,1.0
I241749,I6902469,1,1,2024,W4402754104,1.0
I241749,I4210131846,1,1,2024,W4402827393,1.0
I241749,I4210107473,1,1,2024,W4403562310,1.0
I241749,I4391012619,1,1,2024,W4403562310,1.0
I241749,I889458895,1,1,2024,W4403562310,1.0
I241749,I91045830,1,1,2024,W4403562310,1.0
I241749,I922845939,1,1,2024,W4403562310,1.0
I241749,I2801239119,1,1,2024,W4404070753,1.0
I241749,I97018004,1,1,2024,W4404070753,1.0
I241749,I63966007,2,2,2024,W4404200702;W4404764563,0.5
I241749,I95457486,1,1,2024,W4404200702,1.0
I241749,I4210166406,1,1,2024,W4404333646,1.0
I241749,I27804330,1,1,2024,W4404764563,1.0
I241749,I2802640592,1,1,2024,W4404764563,1.0
I241749,I32597200,1,1,2024,W4404764563,1.0
I241749,I32971472,1,1,2024,W4404764563,1.0
I241749,I36234482,1,1,2024,W4404764563,1.0
I241749,I4210094062,1,1,2024,W4404764563,1.0
I241749,I4210098931,1,1,2024,W4404764563,1.0
I241749,I4210126907,1,1,2024,W4404764563,1.0
I241749,I4210128584,1,1,2024,W4404764563,1.0
I241749,I4210130445,1,1,2024,W4404764563,1.0
I241749,I4210134158,1,1,2024,W4404764563,1.0
I241749,I4210134550,1,1,2024,W4404764563,1.0
I241749,I4210143801,1,1,2024,W4404764563,1.0
I241749,I4210144746,1,1,2024,W4404764563,1.0
I241749,I4210157294,1,1,2024,W4404764563,1.0
I241749,I4210158500,1,1,2024,W4404764563,1.0
I241749,I4387152376,1,1,2024,W4404764563,1.0
I241749,I44260953,1,1,2024,W4404764563,1.0
I241749,I62916508,1,1,2024,W4404764563,1.0
I241749,I78757542,1,1,2024,W4404764563,1.0
I241749,I8087733,1,1,2024,W4404764563,1.0
I241749,I8204097,1,1,2024,W4404764563,1.0
I241749,I91727514,1,1,2024,W4404764563,1.0
I241749,I97565354,1,1,2024,W4404764563,1.0
I241749,I4210110431,1,1,2024,W4405194591,1.0
I241749,I4210120485,1,1,2024,W4405194591,1.0
I241749,I4210135670,1,1,2024,W4405194591,1.0
I241749,I4405253208,1,1,2024,W4405194591,1.0
I241749,I5124864,1,1,2024,W4405194591,1.0
I241749,I861853513,1,1,2024,W4405194591,1.0
I241749,I873043661,1,1,2024,W4405194591,1.0
I241749,I887064364,1,1,2024,W4405194591,1.0
I24185976,I4210089761,6,6,2024,W4391469564;W4391971084;W4394856291;W4400772352;W4403939779;W4405234363,0.16666666666666666
I24185976,I4210112150,1,1,2024,W4391469564,1.0
I24185976,I4210152908,1,1,2024,W4391469564,1.0
I24185976,I4210165038,1,1,2024,W4391469564,1.0
I24185976,I3131625388,1,1,2024,W4391971084,1.0
I24185976,I99065089,1,1,2024,W4391971084,1.0
I24185976,I4401726805,2,2,2024,W4392645473;W4404722383,0.5
I24185976,I24201400,1,1,2024,W4392909058,1.0
I24185976,I3133055985,1,1,2024,W4392909058,1.0
I24185976,RAW_NVIDIA,1,1,2024,W4394856291,1.0
I24185976,I4210133325,1,1,2024,W4394894051,1.0
I24185976,I7882870,1,1,2024,W4394894051,1.0
I24185976,I68986083,1,1,2024,W4399208444,1.0
I24185976,I2801851002,1,1,2024,W4402220065,1.0
I24185976,I3018397418,1,1,2024,W4402220065,1.0
I24185976,I4210087915,1,1,2024,W4402220065,1.0
I24185976,I4210104539,1,1,2024,W4402220065,1.0
I24185976,I4210117453,1,1,2024,W4402220065,1.0
I24185976,I4210128921,1,1,2024,W4402220065,1.0
I24185976,I4210134579,1,1,2024,W4402220065,1.0
I24185976,I4210146711,1,1,2024,W4402220065,1.0
I24185976,I4210154480,1,1,2024,W4402220065,1.0
I24185976,I4210158968,1,1,2024,W4402220065,1.0
I24185976,I4210162753,1,1,2024,W4402220065,1.0
I24185976,I63966007,1,1,2024,W4402220065,1.0
I24185976,I79576946,1,1,2024,W4402220065,1.0
I24185976,I97018004,1,1,2024,W4402220065,1.0
I24185976,I3004594783,1,1,2024,W4402753981,1.0
I24185976,I32394136,1,1,2024,W4402753981,1.0
I24185976,I4210125143,2,2,2024,W4402769683;W4404130238,0.5
I24185976,I2800091995,2,2,2024,W4403939779;W4405022378,0.5
I24185976,I4210154454,1,1,2024,W4403939779,1.0
I24185976,I901861585,1,1,2024,W4403939779,1.0
I24185976,I3045169105,1,1,2024,W4404034620,1.0
I24185976,I4800084,1,1,2024,W4404722383,1.0
I24185976,I58956616,1,1,2024,W4405022378,1.0
I24185976,I2802734952,1,1,2024,W4405234363,1.0
I24185976,I2799299286,1,1,2024,W4405568301,1.0
I24185976,I32574673,1,1,2024,W4405568301,1.0
I24185976,I3923682,1,1,2024,W4405568301,1.0
I24185976,I4210115456,1,1,2024,W4405568301,1.0
I24185976,I4210132813,1,1,2024,W4405568301,1.0
I24185976,I4210136596,1,1,2024,W4405568301,1.0
I24185976,I4210153856,1,1,2024,W4405568301,1.0
I24185976,I4210154929,1,1,2024,W4405568301,1.0
I24201400,I3133055985,1,1,2024,W4392909058,1.0
I24201400,I4210131342,1,1,2024,W4404504626,1.0
I24201400,I4210153682,1,1,2024,W4404504626,1.0
I24201400,I50632499,1,1,2024,W4404504626,1.0
I243754102,I3125581668,1,1,2024,W4393543230,1.0
I24456540,I2801036362,1,1,2024,W4401277224,1.0
I244572783,I2800207870,1,1,2024,W4390813455,1.0
I244572783,I39586589,2,2,2024,W4390813455;W4391644905,0.5
I244572783,I84392919,1,1,2024,W4390813455,1.0
I244572783,I9927081,1,1,2024,W4390813455,1.0
I244572783,I2802506851,1,1,2024,W4391644905,1.0
I244572783,I56007636,1,1,2024,W4391644905,1.0
I244572783,I68891433,1,1,2024,W4398768358,1.0
I245308123,I36314861,1,1,2024,W4392850062,1.0
I245308123,I47755478,1,1,2024,W4405135354,1.0
I245308123,I96916377,1,1,2024,W4405135354,1.0
I24541011,I2801624344,1,1,2024,W4398175922,1.0
I24541011,I4210105394,1,1,2024,W4398175922,1.0
I24541011,I4210130191,1,1,2024,W4398175922,1.0
I24541011,I58956616,1,1,2024,W4398175922,1.0
I24571045,I27837315,1,1,2024,W4402528490,1.0
I24571045,I4210114445,1,1,2024,W4402528490,1.0
I24571045,I4210117557,1,1,2024,W4402528490,1.0
I24571045,I4405392,1,1,2024,W4402528490,1.0
I24603500,I39854758,1,1,2024,W4391078387,1.0
I24603500,I4210109447,1,1,2024,W4391078387,1.0
I24603500,I67415387,1,1,2024,W4391078387,1.0
I24603500,I74656192,1,1,2024,W4391078387,1.0
I24603500,I4210109586,1,1,2024,W4393153278,1.0
I24603500,I86519309,1,1,2024,W4393153278,1.0
I24603500,I95457486,1,1,2024,W4393153278,1.0
I24603500,I4210090056,1,1,2024,W4399326970,1.0
I24603500,I63966007,1,1,2024,W4400678448,1.0
I24768866,I4210163063,1,1,2024,W4392156950,1.0
I24943067,I39555362,1,1,2024,W4392405493,1.0
I24943067,I40120149,1,1,2024,W4392405493,1.0
I24943067,I2801703238,1,1,2024,W4396904350,1.0
I24943067,I4210096354,1,1,2024,W4396904350,1.0
I24943067,I4210100650,1,1,2024,W4396904350,1.0
I24943067,I4210114506,1,1,2024,W4396904350,1.0
I24943067,I4210158318,1,1,2024,W4396904350,1.0
I24943067,I45928872,1,1,2024,W4396904350,1.0
I24943067,I76130692,1,1,2024,W4396904350,1.0
I24943067,I32971472,1,1,2024,W4396936305,1.0
I24943067,I4210093194,1,1,2024,W4396936305,1.0
I24943067,I4210100255,2,2,2024,W4396936305;W4405640204,0.5
I24943067,I4210128910,3,3,2024,W4396936305;W4405382875;W4405595839,0.3333333333333333
I24943067,I4391012619,4,4,2024,W4396936305;W4405382875;W4405595839;W4405640204,0.25
I24943067,I78577930,1,1,2024,W4399184154,1.0
I24943067,I4210113369,1,1,2024,W4402582789,1.0
I24943067,I4210151021,1,1,2024,W4402582789,1.0
I24943067,I4210159102,1,1,2024,W4402582789,1.0
I24943067,I53486688,1,1,2024,W4402704511,1.0
I24943067,I3005327000,1,1,2024,W4402716423,1.0
I24943067,I889458895,1,1,2024,W4402754150,1.0
I24943067,I2801138614,1,1,2024,W4402974494,1.0
I24943067,I4210112820,1,1,2024,W4402974494,1.0
I24943067,I4210165038,2,2,2024,W4402974494;W4405640204,0.5
I24943067,I4210099446,1,1,2024,W4403095455,1.0
I24943067,I4210127074,1,1,2024,W4403095455,1.0
I24943067,I4210128175,1,1,2024,W4403095455,1.0
I24943067,I4210159575,1,1,2024,W4403095455,1.0
I24943067,I2802974365,1,1,2024,W4403488282,1.0
I24943067,I4210164150,1,1,2024,W4403488282,1.0
I24943067,I3923682,1,1,2024,W4403760963,1.0
I24943067,I74973139,1,1,2024,W4403760963,1.0
I24943067,I881766915,2,2,2024,W4405382875;W4405595839,0.5
I24943067,I99065089,2,2,2024,W4405382875;W4405595839,0.5
I24943067,I5388228,1,1,2024,W4405566635,1.0
I24943067,I4210156404,1,1,2024,W4405640204,1.0
I25010766,I4387153143,1,1,2024,W4399248247,1.0
I25010766,I50627504,1,1,2024,W4399248247,1.0
I25010766,I74796645,1,1,2024,W4399248247,1.0
I25010766,I75357094,1,1,2024,W4399248247,1.0
I250520410,I82495205,1,1,2024,W4402691957,1.0
I25112270,I2800363144,1,1,2024,W4400142690,1.0
I25112270,I4210123235,1,1,2024,W4400142690,1.0
I25112270,I4210144834,1,1,2024,W4400142690,1.0
I25112270,I56590836,1,1,2024,W4400142690,1.0
I25112270,I79889768,1,1,2024,W4400142690,1.0
I251424209,I4210092868,1,1,2024,W4393163108,1.0
I25169866,I4210108537,1,1,2024,W4402474423,1.0
I251738,I4210113480,1,1,2024,W4400070936,1.0
I251738,I67031392,1,1,2024,W4400070936,1.0
I251738,I67357951,1,1,2024,W4400070936,1.0
I251738,I74796645,2,2,2024,W4400070936;W4402228253,0.5
I251738,I2800857658,1,1,2024,W4402228253,1.0
I251738,I4210121405,1,1,2024,W4402228253,1.0
I251738,I464993,1,1,2024,W4405092690,1.0
I25217355,I2801798921,1,1,2024,W4393906060,1.0
I25217355,I31746571,1,1,2024,W4393906060,1.0
I25217355,I4210101348,1,1,2024,W4393906060,1.0
I25217355,I4210137199,1,1,2024,W4393906060,1.0
I25217355,I4210148560,1,1,2024,W4393906060,1.0
I25217355,I4210149092,1,1,2024,W4393906060,1.0
I25217355,I4210165038,1,1,2024,W4393906060,1.0
I25217355,I62916508,1,1,2024,W4393906060,1.0
I25217355,I74801974,1,1,2024,W4393906060,1.0
I25217355,I76569877,1,1,2024,W4393906060,1.0
I25217355,I80606768,1,1,2024,W4393906060,1.0
I25217355,I899635006,1,1,2024,W4393906060,1.0
I25217355,I30771326,1,1,2024,W4399302667,1.0
I25217355,I4210095701,1,1,2024,W4399302667,1.0
I25217355,I4210119350,1,1,2024,W4399302667,1.0
I25217355,I861853513,1,1,2024,W4399302667,1.0
I25217355,I2801852214,1,1,2024,W4401374389,1.0
I25217355,I93860229,1,1,2024,W4401374389,1.0
I25217355,I4210123352,1,1,2024,W4404065223,1.0
I25217355,I39343248,1,1,2024,W4404349757,1.0
I25217355,I55952717,1,1,2024,W4404349757,1.0
I25217355,I57206974,1,1,2024,W4404349757,1.0
I25217355,I919571938,1,1,2024,W4404349757,1.0
I25217355,I27837315,1,1,2024,W4405763549,1.0
I25217355,I35961687,1,1,2024,W4405763549,1.0
I25217355,I4210091499,1,1,2024,W4405763549,1.0
I25217355,I4210114445,1,1,2024,W4405763549,1.0
I25217355,I4210128618,1,1,2024,W4405763549,1.0
I25217355,I4210148284,1,1,2024,W4405763549,1.0
I25217355,I4210150261,1,1,2024,W4405763549,1.0
I25217355,I4210153126,1,1,2024,W4405763549,1.0
I25217355,I60053951,1,1,2024,W4405763549,1.0
I25217355,I867280407,1,1,2024,W4405763549,1.0
I25254941,I3131625388,1,1,2024,W4390668567,1.0
I25254941,I99065089,1,1,2024,W4390668567,1.0
I25254941,I31595395,1,1,2024,W4391020569,1.0
I25254941,I3133090473,1,1,2024,W4401893254,1.0
I25254941,I88830068,1,1,2024,W4401893254,1.0
I25254941,I47689461,1,1,2024,W4404640164,1.0
I25254941,I4210156404,1,1,2024,W4404918643,1.0
I25254941,I4210165038,1,1,2024,W4404918643,1.0
I25254941,I78988378,1,1,2024,W4404918643,1.0
I25355098,I4210110558,1,1,2024,W4399462409,1.0
I25355098,I87445476,1,1,2024,W4399462409,1.0
I253932293,I2802624667,1,1,2024,W4392876411,1.0
I253932293,I4210141683,1,1,2024,W4392876411,1.0
I25399158,I2803065428,1,1,2024,W4390880284,1.0
I25399158,I4210140007,2,2,2024,W4390880284;W4392597393,0.5
I25399158,I4210134607,1,1,2024,W4404850869,1.0
I254029264,I32971472,1,1,2024,W4396718796,1.0
I254029264,I9360294,2,2,2024,W4396718796;W4403714226,0.5
I254029264,I4210153905,1,1,2024,W4403714226,1.0
I254887060,I883909435,1,1,2024,W4395666066,1.0
I255234318,I49185572,1,1,2024,W4403904079,1.0
I25757504,I4210136793,1,1,2024,W4391935121,1.0
I25757504,I96908189,1,1,2024,W4391935121,1.0
I25757504,I4210100255,1,1,2024,W4402427449,1.0
I25757504,I4210146077,1,1,2024,W4402467765,1.0
I25757504,I99065089,1,1,2024,W4402467765,1.0
I25790992,I2800288331,1,1,2024,W4392193048,1.0
I25790992,I2801652627,1,1,2024,W4392193048,1.0
I25790992,I2802567020,1,1,2024,W4392193048,1.0
I25790992,I4210100468,1,1,2024,W4392193048,1.0
I25790992,I4210137306,2,2,2024,W4392193048;W4401032326,0.5
I25790992,I4210162743,1,1,2024,W4392193048,1.0
I25790992,I4210164862,1,1,2024,W4392193048,1.0
I25790992,I86519309,1,1,2024,W4392193048,1.0
I25790992,I97018004,2,2,2024,W4392193048;W4401032326,0.5
I25974101,I2799884508,1,1,2024,W4399702760,1.0
I25974101,I2801112126,1,1,2024,W4399702760,1.0
I25974101,I35440088,2,2,2024,W4400573541;W4402961784,0.5
I25974101,I4210137357,1,1,2024,W4400573541,1.0
I25974101,I3923682,1,1,2024,W4402961784,1.0
I25974101,I881766915,1,1,2024,W4402961784,1.0
I26080491,I4210120169,1,1,2024,W4400915837,1.0
I26415053,I45129253,1,1,2024,W4400184706,1.0
I26415053,I79619799,1,1,2024,W4400184706,1.0
I26489229,I848706,1,1,2024,W4391819899,1.0
I26538001,I36258959,1,1,2024,W4399408840,1.0
I26538001,I4210157590,1,1,2024,W4399408840,1.0
I26771391,I878213199,1,1,2024,W4400241315,1.0
I2699952,I40034438,1,1,2024,W4396608701,1.0
I2699952,I4210120221,1,1,2024,W4396608701,1.0
I2699952,I4210142934,1,1,2024,W4396608701,1.0
I2699952,I52977244,1,1,2024,W4396608701,1.0
I2699952,I904495901,1,1,2024,W4396608701,1.0
I27357992,I4210100255,2,2,2024,W4392798406;W4403479916,0.5
I27357992,I4210127216,1,1,2024,W4392798406,1.0
I27357992,I4391012619,1,1,2024,W4392798406,1.0
I27357992,I82880672,1,1,2024,W4392798406,1.0
I27357992,I30809798,1,1,2024,W4396909894,1.0
I27357992,I4210086143,1,1,2024,W4402703108,1.0
I27357992,I4210092944,1,1,2024,W4402884720,1.0
I27357992,I88372448,1,1,2024,W4402884720,1.0
I27357992,I91807558,1,1,2024,W4402884720,1.0
I27357992,I4210137977,1,1,2024,W4403792157,1.0
I27357992,I99065089,1,1,2024,W4403792157,1.0
I27357992,I4210128853,1,1,2024,W4404111691,1.0
I27357992,I51601045,1,1,2024,W4404111691,1.0
I27357992,I69356397,1,1,2024,W4404111691,1.0
I27357992,I4210115038,1,1,2024,W4404625217,1.0
I27357992,I889458895,1,1,2024,W4404625217,1.0
I2738703131,I4210085861,1,1,2024,W4394625721,1.0
I2738703131,I277688954,1,1,2024,W4399922932,1.0
I2738703131,I4210086977,1,1,2024,W4399922932,1.0
I2738703131,I4210128565,1,1,2024,W4399922932,1.0
I2738703131,I4210153546,1,1,2024,W4399922932,1.0
I2738703131,I4387153999,1,1,2024,W4399922932,1.0
I2738703131,I57206974,1,1,2024,W4399922932,1.0
I2746051580,I29607241,2,2,2024,W4403636136;W4404448333,0.5
I2746051580,I4210152518,1,1,2024,W4403636136,1.0
I2746051580,I4210154111,1,1,2024,W4403636136,1.0
I2746051580,I39804081,1,1,2024,W4404448333,1.0
I2746051580,I4210091437,1,1,2024,W4404448333,1.0
I2746051580,I4210103330,1,1,2024,W4404448333,1.0
I2746051580,I4210156583,1,1,2024,W4404448333,1.0
I2746051580,I71209653,1,1,2024,W4404448333,1.0
I27504731,I36258959,2,2,2024,W4393904418;W4404587114,0.5
I27504731,I45129253,2,2,2024,W4393904418;W4404587114,0.5
I27504731,I63966007,2,2,2024,W4393904418;W4404587114,0.5
I27504731,I4210119109,1,1,2024,W4394698991,1.0
I27504731,I27804330,1,1,2024,W4404587114,1.0
I276309446,I4387155381,1,1,2024,W4394712905,1.0
I277688954,I4210086977,1,1,2024,W4399922932,1.0
I277688954,I4210128565,1,1,2024,W4399922932,1.0
I277688954,I4210153546,1,1,2024,W4399922932,1.0
I277688954,I4387153999,1,1,2024,W4399922932,1.0
I277688954,I57206974,1,1,2024,W4399922932,1.0
I277688954,I2801843802,1,1,2024,W4402511767,1.0
I277688954,I4210103698,1,1,2024,W4402511767,1.0
I277688954,I4210107720,1,1,2024,W4402511767,1.0
I277688954,I4210141964,1,1,2024,W4402511767,1.0
I277688954,I4387152683,1,1,2024,W4402511767,1.0
I27781120,I3045169105,1,1,2024,W4392902564,1.0
I27781120,I4210086973,2,2,2024,W4392902564;W4405268957,0.5
I27781120,I40120149,1,1,2024,W4405268957,1.0
I27781120,I4210086933,1,1,2024,W4405268957,1.0
I27781120,I4210090512,1,1,2024,W4405268957,1.0
I27781120,I4210096587,1,1,2024,W4405268957,1.0
I27781120,I4210097354,1,1,2024,W4405268957,1.0
I27781120,I4210105182,1,1,2024,W4405268957,1.0
I27781120,I4210122949,1,1,2024,W4405268957,1.0
I27781120,I4210123185,1,1,2024,W4405268957,1.0
I27781120,I4210128921,1,1,2024,W4405268957,1.0
I27781120,I4210146711,1,1,2024,W4405268957,1.0
I27781120,I4210147381,1,1,2024,W4405268957,1.0
I27781120,I4210153856,1,1,2024,W4405268957,1.0
I27781120,I4210154142,1,1,2024,W4405268957,1.0
I27781120,I4210160507,1,1,2024,W4405268957,1.0
I27781120,I58200834,1,1,2024,W4405268957,1.0
I27781120,I92039509,1,1,2024,W4405268957,1.0
I27804330,I32971472,2,2,2024,W4392630848;W4404764563,0.5
I27804330,I66514158,1,1,2024,W4392630848,1.0
I27804330,I4210137115,1,1,2024,W4399251710,1.0
I27804330,I4391012619,1,1,2024,W4404480093,1.0
I27804330,I80626142,1,1,2024,W4404480093,1.0
I27804330,I36258959,1,1,2024,W4404587114,1.0
I27804330,I45129253,2,2,2024,W4404587114;W4404764563,0.5
I27804330,I63966007,2,2,2024,W4404587114;W4404764563,0.5
I27804330,I2802640592,1,1,2024,W4404764563,1.0
I27804330,I32597200,1,1,2024,W4404764563,1.0
I27804330,I36234482,1,1,2024,W4404764563,1.0
I27804330,I40120149,1,1,2024,W4404764563,1.0
I27804330,I4210094062,1,1,2024,W4404764563,1.0
I27804330,I4210098931,1,1,2024,W4404764563,1.0
I27804330,I4210126907,1,1,2024,W4404764563,1.0
I27804330,I4210128584,1,1,2024,W4404764563,1.0
I27804330,I4210130445,1,1,2024,W4404764563,1.0
I27804330,I4210134158,1,1,2024,W4404764563,1.0
I27804330,I4210134550,1,1,2024,W4404764563,1.0
I27804330,I4210143801,1,1,2024,W4404764563,1.0
I27804330,I4210144746,1,1,2024,W4404764563,1.0
I27804330,I4210157294,1,1,2024,W4404764563,1.0
I27804330,I4210158500,1,1,2024,W4404764563,1.0
I27804330,I4387152376,1,1,2024,W4404764563,1.0
I27804330,I44260953,1,1,2024,W4404764563,1.0
I27804330,I57206974,1,1,2024,W4404764563,1.0
I27804330,I62916508,1,1,2024,W4404764563,1.0
I27804330,I78757542,1,1,2024,W4404764563,1.0
I27804330,I79576946,1,1,2024,W4404764563,1.0
I27804330,I8087733,1,1,2024,W4404764563,1.0
I27804330,I8204097,1,1,2024,W4404764563,1.0
I27804330,I91727514,1,1,2024,W4404764563,1.0
I27804330,I97565354,1,1,2024,W4404764563,1.0
I27804330,I98677209,1,1,2024,W4404764563,1.0
I27837315,I2799299286,1,1,2024,W4391225179,1.0
I27837315,I2800810863,1,1,2024,W4391225179,1.0
I27837315,I2801766832,1,1,2024,W4391225179,1.0
I27837315,I4210116917,1,1,2024,W4391225179,1.0
I27837315,I4210116924,1,1,2024,W4391225179,1.0
I27837315,I4210126319,1,1,2024,W4391225179,1.0
I27837315,I4210135742,1,1,2024,W4391225179,1.0
I27837315,I4210142044,1,1,2024,W4391225179,1.0
I27837315,I4210153550,1,1,2024,W4391225179,1.0
I27837315,I82880672,1,1,2024,W4391225179,1.0
I27837315,I889458895,1,1,2024,W4391225179,1.0
I27837315,I99065089,1,1,2024,W4391225179,1.0
I27837315,I4210111179,5,5,2024,W4391591807;W4393967925;W4395064833;W4396832739;W4402527597,0.2
I27837315,I4210121786,1,1,2024,W4392484243,1.0
I27837315,I2801112126,1,1,2024,W4393862353,1.0
I27837315,I2802229882,1,1,2024,W4393862353,1.0
I27837315,I32971472,1,1,2024,W4393862353,1.0
I27837315,I4210115126,1,1,2024,W4393862353,1.0
I27837315,I5124864,1,1,2024,W4393862353,1.0
I27837315,I7495430,1,1,2024,W4393862353,1.0
I27837315,I93593358,1,1,2024,W4393862353,1.0
I27837315,I74973139,5,5,2024,W4393967925;W4398183095;W4400187437;W4400208054;W4402985132,0.2
I27837315,I4210136150,1,1,2024,W4395064833,1.0
I27837315,I97018004,3,3,2024,W4396832739;W4398183095;W4404654684,0.3333333333333333
I27837315,I66946132,1,1,2024,W4396870811,1.0
I27837315,I63966007,2,2,2024,W4396919238;W4398183095,0.5
I27837315,I86755215,1,1,2024,W4396919238,1.0
I27837315,I2800156163,1,1,2024,W4398183095,1.0
I27837315,I2801081054,1,1,2024,W4398183095,1.0
I27837315,I2801851002,1,1,2024,W4398183095,1.0
I27837315,I4210119109,1,1,2024,W4398183095,1.0
I27837315,I4400600948,1,1,2024,W4398183095,1.0
I27837315,I62916508,1,1,2024,W4398183095,1.0
I27837315,I78577930,2,2,2024,W4398183095;W4400585758,0.5
I27837315,I79576946,1,1,2024,W4398183095,1.0
I27837315,I86519309,1,1,2024,W4398183095,1.0
I27837315,I95457486,1,1,2024,W4398183095,1.0
I27837315,I74897591,1,1,2024,W4401576018,1.0
I27837315,I31746571,1,1,2024,W4402396688,1.0
I27837315,I4210100255,1,1,2024,W4402396688,1.0
I27837315,I4210158445,1,1,2024,W4402396688,1.0
I27837315,I4210114445,3,3,2024,W4402528490;W4404306028;W4405763549,0.3333333333333333
I27837315,I4210117557,1,1,2024,W4402528490,1.0
I27837315,I4405392,1,1,2024,W4402528490,1.0
I27837315,I4391012619,1,1,2024,W4402985132,1.0
I27837315,I74775410,1,1,2024,W4402985132,1.0
I27837315,I80626142,1,1,2024,W4402985132,1.0
I27837315,I4210106675,1,1,2024,W4404306028,1.0
I27837315,I4210157890,1,1,2024,W4404306028,1.0
I27837315,I57206974,1,1,2024,W4404306028,1.0
I27837315,I76134821,1,1,2024,W4404306028,1.0
I27837315,I4210127875,1,1,2024,W4404654684,1.0
I27837315,I35961687,1,1,2024,W4405763549,1.0
I27837315,I4210091499,1,1,2024,W4405763549,1.0
I27837315,I4210128618,1,1,2024,W4405763549,1.0
I27837315,I4210148284,1,1,2024,W4405763549,1.0
I27837315,I4210150261,1,1,2024,W4405763549,1.0
I27837315,I4210153126,1,1,2024,W4405763549,1.0
I27837315,I60053951,1,1,2024,W4405763549,1.0
I27837315,I867280407,1,1,2024,W4405763549,1.0
I27837315,I84218800,1,1,2024,W4405822361,1.0
I27945538,I4210116322,1,1,2024,W4391613414,1.0
I2799293361,I80947539,1,1,2024,W4390645384,1.0
I2799299286,I2799853436,1,1,2024,W4390577395,1.0
I2799299286,I33849332,1,1,2024,W4390577395,1.0
I2799299286,I4210100255,1,1,2024,W4390577395,1.0
I2799299286,I4210106442,1,1,2024,W4390577395,1.0
I2799299286,I4210116869,2,2,2024,W4390577395;W4391509875,0.5
I2799299286,I4210116917,10,10,2024,W4390577395;W4390921272;W4391225179;W4391509875;W4395026179;W4399737726;W4403649703;W4404759772;W4405079446;W4405533687,0.1
I2799299286,I4210124134,1,1,2024,W4390577395,1.0
I2799299286,I4210128921,1,1,2024,W4390577395,1.0
I2799299286,I4210144482,1,1,2024,W4390577395,1.0
I2799299286,I4210153550,6,6,2024,W4390577395;W4391225179;W4391509875;W4404759772;W4405079446;W4405533687,0.16666666666666666
I2799299286,I47508984,3,3,2024,W4390577395;W4404759772;W4405079446,0.3333333333333333
I2799299286,I99065089,6,6,2024,W4390577395;W4391225179;W4391509875;W4404759772;W4405079446;W4405533687,0.16666666666666666
I2799299286,I4210097409,1,1,2024,W4390921272,1.0
I2799299286,I4210126319,5,5,2024,W4390921272;W4391225179;W4395026179;W4399737726;W4405533687,0.2
I2799299286,I4210146998,1,1,2024,W4390921272,1.0
I2799299286,I97018004,3,3,2024,W4390921272;W4395026179;W4399737726,0.3333333333333333
I2799299286,I2800810863,1,1,2024,W4391225179,1.0
I2799299286,I2801766832,1,1,2024,W4391225179,1.0
I2799299286,I4210116924,1,1,2024,W4391225179,1.0
I2799299286,I4210135742,1,1,2024,W4391225179,1.0
I2799299286,I4210142044,1,1,2024,W4391225179,1.0
I2799299286,I82880672,2,2,2024,W4391225179;W4405533687,0.5
I2799299286,I889458895,1,1,2024,W4391225179,1.0
I2799299286,I4210128175,1,1,2024,W4391509875,1.0
I2799299286,I2799333108,2,2,2024,W4395026179;W4399737726,0.5
I2799299286,I2803209242,2,2,2024,W4395026179;W4399737726,0.5
I2799299286,I3020100970,2,2,2024,W4395026179;W4399737726,0.5
I2799299286,I40120149,3,3,2024,W4395026179;W4399737726;W4405079446,0.3333333333333333
I2799299286,I4210105015,2,2,2024,W4395026179;W4399737726,0.5
I2799299286,I4210116208,1,1,2024,W4395026179,1.0
I2799299286,I4210137145,2,2,2024,W4395026179;W4399737726,0.5
I2799299286,I4210137306,1,1,2024,W4395026179,1.0
I2799299286,I4210146690,1,1,2024,W4395026179,1.0
I2799299286,I4210150290,2,2,2024,W4395026179;W4399737726,0.5
I2799299286,I4210162189,2,2,2024,W4395026179;W4399737726,0.5
I2799299286,I61628605,1,1,2024,W4395026179,1.0
I2799299286,I3004594783,1,1,2024,W4403649703,1.0
I2799299286,I4210091706,1,1,2024,W4404759772,1.0
I2799299286,I4210110199,1,1,2024,W4404759772,1.0
I2799299286,I4210121771,1,1,2024,W4404759772,1.0
I2799299286,I4210132355,1,1,2024,W4404759772,1.0
I2799299286,I4210133003,1,1,2024,W4404759772,1.0
I2799299286,I4210133785,1,1,2024,W4404759772,1.0
I2799299286,I4210159865,1,1,2024,W4404759772,1.0
I2799299286,I53411278,1,1,2024,W4404759772,1.0
I2799299286,I4210131026,1,1,2024,W4405533687,1.0
I2799299286,I4210150574,1,1,2024,W4405533687,1.0
I2799299286,I45129253,1,1,2024,W4405533687,1.0
I2799299286,I32574673,1,1,2024,W4405568301,1.0
I2799299286,I3923682,1,1,2024,W4405568301,1.0
I2799299286,I4210115456,1,1,2024,W4405568301,1.0
I2799299286,I4210132813,1,1,2024,W4405568301,1.0
I2799299286,I4210136596,1,1,2024,W4405568301,1.0
I2799299286,I4210153856,1,1,2024,W4405568301,1.0
I2799299286,I4210154929,1,1,2024,W4405568301,1.0
I2799300731,I4210112230,1,1,2024,W4405194283,1.0
I2799300731,I4210128584,1,1,2024,W4405194283,1.0
I2799300731,I4210139738,1,1,2024,W4405194283,1.0
I2799318839,I4210153755,1,1,2024,W4391644915,1.0
I2799333108,I2803209242,2,2,2024,W4395026179;W4399737726,0.5
I2799333108,I3020100970,2,2,2024,W4395026179;W4399737726,0.5
I2799333108,I40120149,2,2,2024,W4395026179;W4399737726,0.5
I2799333108,I4210105015,2,2,2024,W4395026179;W4399737726,0.5
I2799333108,I4210116208,1,1,2024,W4395026179,1.0
I2799333108,I4210116917,2,2,2024,W4395026179;W4399737726,0.5
I2799333108,I4210126319,2,2,2024,W4395026179;W4399737726,0.5
I2799333108,I4210137145,2,2,2024,W4395026179;W4399737726,0.5
I2799333108,I4210137306,1,1,2024,W4395026179,1.0
I2799333108,I4210146690,1,1,2024,W4395026179,1.0
I2799333108,I4210150290,2,2,2024,W4395026179;W4399737726,0.5
I2799333108,I4210162189,2,2,2024,W4395026179;W4399737726,0.5
I2799333108,I61628605,1,1,2024,W4395026179,1.0
I2799333108,I97018004,2,2,2024,W4395026179;W4399737726,0.5
I2799345387,I36721946,1,1,2024,W4401502276,1.0
I2799360972,I4210103132,2,2,2024,W4392858472;W4401122476,0.5
I2799360972,I49828101,2,2,2024,W4392858472;W4401122476,0.5
I2799376586,I60205797,1,1,2024,W4392564669,1.0
I2799391451,I2802164966,1,1,2024,W4402713323,1.0
I2799391451,I4210086407,1,1,2024,W4402713323,1.0
I2799391451,I4210111460,1,1,2024,W4402713323,1.0
I2799391451,I4210120689,1,1,2024,W4402713323,1.0
I2799391451,I4210126310,1,1,2024,W4402713323,1.0
I2799391451,I4210156450,1,1,2024,W4402713323,1.0
I2799391451,I4210161917,1,1,2024,W4402713323,1.0
I2799391451,I4210162051,1,1,2024,W4402713323,1.0
I2799391451,I4210153316,1,1,2024,W4405703075,1.0
I2799391451,I62916508,1,1,2024,W4405703075,1.0
I2799419483,I4210164802,1,1,2024,W4391682754,1.0
I2799419483,I4210167039,1,1,2024,W4391682754,1.0
I2799419483,I5023651,1,1,2024,W4391682754,1.0
I2799424032,I2801239119,1,1,2024,W4394771753,1.0
I2799424032,I4210162753,1,1,2024,W4394771753,1.0
I2799424032,I56590836,1,1,2024,W4394771753,1.0
I2799452066,I56306041,1,1,2024,W4399770196,1.0
I2799452066,I60054993,1,1,2024,W4399770196,1.0
I2799452066,I74319210,1,1,2024,W4399770196,1.0
I2799452066,I91633459,1,1,2024,W4399770196,1.0
I2799496773,I4210154783,1,1,2024,W4394998126,1.0
I2799503643,I33213144,1,1,2024,W4390705612,1.0
I2799503643,I37696226,1,1,2024,W4390705612,1.0
I2799503643,I78577930,4,4,2024,W4390705612;W4393153069;W4394688596;W4402358523,0.25
I2799503643,I94062374,1,1,2024,W4390705612,1.0
I2799503643,I98677209,1,1,2024,W4390705612,1.0
I2799503643,I4210109390,1,1,2024,W4394688596,1.0
I2799503643,I4387153466,1,1,2024,W4394688596,1.0
I2799503643,I79576946,1,1,2024,W4394688596,1.0
I2799503643,I901861585,1,1,2024,W4394688596,1.0
I2799503643,I91203450,1,1,2024,W4394688596,1.0
I2799503643,I2800403580,1,1,2024,W4394858800,1.0
I2799503643,I4210110664,1,1,2024,W4394858800,1.0
I2799503643,I4210149000,1,1,2024,W4394858800,1.0
I2799503643,I4210150894,1,1,2024,W4394858800,1.0
I2799503643,I55302922,1,1,2024,W4394858800,1.0
I2799503643,I63190737,1,1,2024,W4394858800,1.0
I2799530024,RAW_NVIDIA,1,1,2024,W4393148622,1.0
I2799651553,I29891158,1,1,2024,W4393305381,1.0
I2799651553,I54459138,1,1,2024,W4393305381,1.0
I2799714274,I4210152878,1,1,2024,W4403977290,1.0
I2799714274,I4391012619,1,1,2024,W4403977290,1.0
I2799714515,I36672615,1,1,2024,W4395688431,1.0
I2799714515,I4210086933,1,1,2024,W4395688431,1.0
I2799714515,I57206974,1,1,2024,W4395688431,1.0
I2799725268,I28407311,1,1,2024,W4403878225,1.0
I2799725268,I897542642,1,1,2024,W4403878225,1.0
I2799725622,I4210099336,1,1,2024,W4404125029,1.0
I2799798094,I2801403999,1,1,2024,W4402669751,1.0
I2799807261,I2802336062,1,1,2024,W4394767601,1.0
I2799807261,I2802866506,1,1,2024,W4394767601,1.0
I2799807261,I3018163063,1,1,2024,W4394767601,1.0
I2799807261,I3131873961,1,1,2024,W4394767601,1.0
I2799807261,I2801151526,1,1,2024,W4400955756,1.0
I2799807261,I4210125051,1,1,2024,W4400955756,1.0
I2799807261,I4210140243,1,1,2024,W4400955756,1.0
I2799807261,I47508984,1,1,2024,W4400955756,1.0
I2799807261,I91203450,1,1,2024,W4400955756,1.0
I2799810409,I2801572250,1,1,2024,W4400696650,1.0
I2799810409,I4210146710,1,1,2024,W4400696650,1.0
I2799810450,I98704320,7,7,2024,W4393318738;W4394943312;W4400083046;W4401063128;W4402037259;W4402782525;W4403583423,0.14285714285714285
I2799810450,I2799899409,1,1,2024,W4400083046,1.0
I2799810450,I4210111958,2,2,2024,W4401063128;W4403583423,0.5
I2799810450,I4210141777,1,1,2024,W4402037259,1.0
I2799810450,I4210125099,1,1,2024,W4403583423,1.0
I2799838188,I32971472,1,1,2024,W4403862062,1.0
I2799838188,I4210117418,1,1,2024,W4403862062,1.0
I2799838188,I4210127509,1,1,2024,W4403862062,1.0
I2799853436,I33849332,1,1,2024,W4390577395,1.0
I2799853436,I4210100255,1,1,2024,W4390577395,1.0
I2799853436,I4210106442,1,1,2024,W4390577395,1.0
I2799853436,I4210116869,1,1,2024,W4390577395,1.0
I2799853436,I4210116917,1,1,2024,W4390577395,1.0
I2799853436,I4210124134,1,1,2024,W4390577395,1.0
I2799853436,I4210128921,1,1,2024,W4390577395,1.0
I2799853436,I4210144482,1,1,2024,W4390577395,1.0
I2799853436,I4210153550,1,1,2024,W4390577395,1.0
I2799853436,I47508984,1,1,2024,W4390577395,1.0
I2799853436,I99065089,1,1,2024,W4390577395,1.0
I2799853436,I4210103836,1,1,2024,W4393397034,1.0
I2799853436,I57206974,1,1,2024,W4393397034,1.0
I2799853436,I59553526,1,1,2024,W4393397034,1.0
I2799853436,I79576946,1,1,2024,W4393397034,1.0
I2799853436,I97018004,1,1,2024,W4393397034,1.0
I2799853436,I4210126375,1,1,2024,W4400446121,1.0
I2799853436,I2800138454,1,1,2024,W4402814550,1.0
I2799853436,I2800468613,1,1,2024,W4402814550,1.0
I2799853436,I2802882910,1,1,2024,W4402814550,1.0
I2799853436,I4210125713,1,1,2024,W4402814550,1.0
I2799853436,I4210132242,1,1,2024,W4402814550,1.0
I2799853436,I4210135252,1,1,2024,W4402814550,1.0
I2799853436,I63190737,1,1,2024,W4402814550,1.0
I2799853436,I901861585,1,1,2024,W4402814550,1.0
I2799853436,I4210102840,1,1,2024,W4404906917,1.0
I2799853436,I889458895,1,1,2024,W4404906917,1.0
I2799858192,I75390827,1,1,2024,W4404756518,1.0
I2799884508,I2801112126,1,1,2024,W4399702760,1.0
I2799885155,I52357470,1,1,2024,W4400038656,1.0
I2799885155,I76835614,1,1,2024,W4400038656,1.0
I2799899409,I98704320,1,1,2024,W4400083046,1.0
I2799970807,I4210160791,2,2,2024,W4391188705;W4403705814,0.5
I2799970807,I4210087915,1,1,2024,W4403705814,1.0
I2799970807,I4210144108,1,1,2024,W4403705814,1.0
I2799971621,I3019271933,1,1,2024,W4403716942,1.0
I2799971621,I4210086947,1,1,2024,W4403716942,1.0
I2799971621,I63966007,1,1,2024,W4403716942,1.0
I2800015068,I4210139747,1,1,2024,W4392083529,1.0
I2800015068,I5716644,1,1,2024,W4392083529,1.0
I2800015068,I57206974,1,1,2024,W4392083529,1.0
I2800015068,I859038795,1,1,2024,W4392083529,1.0
I2800015068,I98704320,1,1,2024,W4392083529,1.0
I2800091995,I4210089761,1,1,2024,W4403939779,1.0
I2800091995,I4210154454,1,1,2024,W4403939779,1.0
I2800091995,I901861585,1,1,2024,W4403939779,1.0
I2800091995,I58956616,1,1,2024,W4405022378,1.0
I2800098698,I4210096780,1,1,2024,W4404228387,1.0
I2800098698,I4210102047,1,1,2024,W4404228387,1.0
I2800098698,I4210106256,1,1,2024,W4404228387,1.0
I2800098698,I4210137384,1,1,2024,W4404228387,1.0
I2800129641,I4210143902,1,1,2024,W4402193006,1.0
I2800129641,I45129253,1,1,2024,W4402193006,1.0
I2800138454,I2800468613,1,1,2024,W4402814550,1.0
I2800138454,I2802882910,1,1,2024,W4402814550,1.0
I2800138454,I4210125713,1,1,2024,W4402814550,1.0
I2800138454,I4210132242,1,1,2024,W4402814550,1.0
I2800138454,I4210135252,1,1,2024,W4402814550,1.0
I2800138454,I63190737,1,1,2024,W4402814550,1.0
I2800138454,I901861585,1,1,2024,W4402814550,1.0
I2800139495,I4210143795,1,1,2024,W4394593022,1.0
I2800139495,I86987016,1,1,2024,W4394593022,1.0
I2800154431,I36234482,1,1,2024,W4393471205,1.0
I2800156163,I2801081054,1,1,2024,W4398183095,1.0
I2800156163,I2801851002,1,1,2024,W4398183095,1.0
I2800156163,I4210119109,1,1,2024,W4398183095,1.0
I2800156163,I4400600948,1,1,2024,W4398183095,1.0
I2800156163,I62916508,1,1,2024,W4398183095,1.0
I2800156163,I63966007,1,1,2024,W4398183095,1.0
I2800156163,I74973139,1,1,2024,W4398183095,1.0
I2800156163,I78577930,1,1,2024,W4398183095,1.0
I2800156163,I79576946,1,1,2024,W4398183095,1.0
I2800156163,I86519309,1,1,2024,W4398183095,1.0
I2800156163,I95457486,1,1,2024,W4398183095,1.0
I2800156163,I97018004,1,1,2024,W4398183095,1.0
I2800191616,I4210147433,1,1,2024,W4391258615,1.0
I2800191616,I4210161616,1,1,2024,W4391258615,1.0
I2800191616,I32971472,1,1,2024,W4395067201,1.0
I2800191616,I4210117453,1,1,2024,W4395067201,1.0
I2800191616,I4210161994,1,1,2024,W4395067201,1.0
I2800191616,I63966007,1,1,2024,W4395067201,1.0
I2800207870,I39586589,1,1,2024,W4390813455,1.0
I2800207870,I84392919,1,1,2024,W4390813455,1.0
I2800207870,I9927081,1,1,2024,W4390813455,1.0
I2800249161,I385303915,1,1,2024,W4402311284,1.0
I2800249161,I4210105686,1,1,2024,W4402311284,1.0
I2800249161,I4210117106,1,1,2024,W4402311284,1.0
I2800288331,I2801652627,2,2,2024,W4392193048;W4392736665,0.5
I2800288331,I2802567020,1,1,2024,W4392193048,1.0
I2800288331,I4210100468,3,3,2024,W4392193048;W4392736665;W4400136387,0.3333333333333333
I2800288331,I4210137306,3,3,2024,W4392193048;W4393157213;W4400136387,0.3333333333333333
I2800288331,I4210162743,2,2,2024,W4392193048;W4392736665,0.5
I2800288331,I4210164862,3,3,2024,W4392193048;W4392736665;W4393157213,0.3333333333333333
I2800288331,I86519309,2,2,2024,W4392193048;W4392736665,0.5
I2800288331,I97018004,4,4,2024,W4392193048;W4392736665;W4393157213;W4400136387,0.25
I2800288331,I4210110664,1,1,2024,W4392736665,1.0
I2800288331,I4210105015,1,1,2024,W4393157213,1.0
I2800288331,I4210125099,1,1,2024,W4393157213,1.0
I2800288331,I901861585,1,1,2024,W4393157213,1.0
I2800290161,I70931966,1,1,2024,W4396566553,1.0
I2800290161,I81605866,1,1,2024,W4396566553,1.0
I2800359653,I57206974,1,1,2024,W4403687074,1.0
I2800363144,I4210123235,1,1,2024,W4400142690,1.0
I2800363144,I4210144834,1,1,2024,W4400142690,1.0
I2800363144,I56590836,1,1,2024,W4400142690,1.0
I2800363144,I79889768,1,1,2024,W4400142690,1.0
I2800394112,I4210128584,1,1,2024,W4403332065,1.0
I2800394112,I4210140036,1,1,2024,W4403332065,1.0
I2800394112,I9927081,1,1,2024,W4403332065,1.0
I2800403580,I4210110664,1,1,2024,W4394858800,1.0
I2800403580,I4210149000,1,1,2024,W4394858800,1.0
I2800403580,I4210150894,1,1,2024,W4394858800,1.0
I2800403580,I55302922,1,1,2024,W4394858800,1.0
I2800403580,I63190737,1,1,2024,W4394858800,1.0
I2800403580,I859038795,1,1,2024,W4394923525,1.0
I2800419323,I2801351171,1,1,2024,W4391387740,1.0
I2800419323,I4210115256,1,1,2024,W4391387740,1.0
I2800419323,I4387155440,1,1,2024,W4391387740,1.0
I2800419323,I51713134,1,1,2024,W4391387740,1.0
I2800468613,I2802882910,1,1,2024,W4402814550,1.0
I2800468613,I4210125713,1,1,2024,W4402814550,1.0
I2800468613,I4210132242,1,1,2024,W4402814550,1.0
I2800468613,I4210135252,1,1,2024,W4402814550,1.0
I2800468613,I63190737,1,1,2024,W4402814550,1.0
I2800468613,I901861585,1,1,2024,W4402814550,1.0
I2800548410,I2801418622,1,1,2024,W4390970405,1.0
I2800548410,I33213144,1,1,2024,W4390970405,1.0
I2800548410,I4210159873,1,1,2024,W4390970405,1.0
I2800548410,I62916508,1,1,2024,W4390970405,1.0
I2800548410,I63966007,1,1,2024,W4390970405,1.0
I2800548410,I97018004,1,1,2024,W4390970405,1.0
I2800548410,I36258959,1,1,2024,W4400921803,1.0
I2800548410,I4210087915,1,1,2024,W4400921803,1.0
I2800548410,I4210134769,1,1,2024,W4400921803,1.0
I2800548410,I4210139686,1,1,2024,W4400921803,1.0
I2800548410,I4210153792,1,1,2024,W4400921803,1.0
I2800548410,I4210155647,1,1,2024,W4400921803,1.0
I2800548410,I4387153466,1,1,2024,W4400921803,1.0
I2800548410,I4388891891,1,1,2024,W4400921803,1.0
I2800548410,I57206974,1,1,2024,W4400921803,1.0
I2800548410,I58956616,1,1,2024,W4400921803,1.0
I2800548410,I79620101,1,1,2024,W4400921803,1.0
I2800548410,I867280407,1,1,2024,W4400921803,1.0
I2800565835,I4210109586,1,1,2024,W4402727245,1.0
I2800565835,RAW_NVIDIA,1,1,2024,W4402727245,1.0
I2800586481,I98704320,1,1,2024,W4399977125,1.0
I28006308,I4210112540,1,1,2024,W4402841143,1.0
I28006308,I4210165038,1,1,2024,W4402841143,1.0
I2800717019,I28185974,1,1,2024,W4405326640,1.0
I2800717019,I98704320,1,1,2024,W4405326640,1.0
I2800717037,I33213144,2,2,2024,W4392545710;W4393187333,0.5
I2800717037,I4210127875,1,1,2024,W4393187333,1.0
I2800717037,I4390039331,1,1,2024,W4393187333,1.0
I2800745255,I45084792,1,1,2024,W4395698361,1.0
I2800745255,I56590836,1,1,2024,W4395698361,1.0
I2800762105,I3131625388,1,1,2024,W4403789768,1.0
I2800762105,I4210088191,1,1,2024,W4403789768,1.0
I2800762105,I4210138501,1,1,2024,W4403789768,1.0
I2800762105,I4210151987,1,1,2024,W4403789768,1.0
I2800762105,I4210159344,1,1,2024,W4403789768,1.0
I2800762105,I2801606333,1,1,2024,W4404199595,1.0
I2800762105,I889458895,1,1,2024,W4404199595,1.0
I2800810863,I2801766832,1,1,2024,W4391225179,1.0
I2800810863,I4210116917,1,1,2024,W4391225179,1.0
I2800810863,I4210116924,1,1,2024,W4391225179,1.0
I2800810863,I4210126319,1,1,2024,W4391225179,1.0
I2800810863,I4210135742,1,1,2024,W4391225179,1.0
I2800810863,I4210142044,1,1,2024,W4391225179,1.0
I2800810863,I4210153550,1,1,2024,W4391225179,1.0
I2800810863,I82880672,1,1,2024,W4391225179,1.0
I2800810863,I889458895,2,2,2024,W4391225179;W4391485630,0.5
I2800810863,I99065089,1,1,2024,W4391225179,1.0
I2800817003,I4391768151,1,1,2024,W4402703082,1.0
I2800817003,I74973139,1,1,2024,W4402703082,1.0
I2800817003,I36258959,1,1,2024,W4402754104,1.0
I2800817003,I6902469,1,1,2024,W4402754104,1.0
I2800817003,I84218800,1,1,2024,W4404037751,1.0
I2800817003,RAW_NVIDIA,1,1,2024,W4404037751,1.0
I2800857658,I4210121405,1,1,2024,W4402228253,1.0
I2800857658,I74796645,1,1,2024,W4402228253,1.0
I2800921988,I3018718406,1,1,2024,W4396722287,1.0
I2800921988,I4210098046,1,1,2024,W4396722287,1.0
I2800921988,I4210131356,1,1,2024,W4396722287,1.0
I2800921988,I84218800,1,1,2024,W4396722287,1.0
I2800925808,I2801766832,1,1,2024,W4404902547,1.0
I2800925808,I5023651,1,1,2024,W4404902547,1.0
I2800935791,I78988378,2,2,2024,W4392846385;W4405643374,0.5
I2800935791,I36258959,3,3,2024,W4403420208;W4404824622;W4405643374,0.3333333333333333
I2800935791,I4210137306,1,1,2024,W4403420208,1.0
I2800935791,I97018004,1,1,2024,W4403420208,1.0
I2800966798,I78577930,1,1,2024,W4399280731,1.0
I2800966798,I79576946,1,1,2024,W4399280731,1.0
I2801004183,I84392919,1,1,2024,W4390490759,1.0
I2801039233,I288216842,1,1,2024,W4390667862,1.0
I2801039233,I85507684,1,1,2024,W4390667862,1.0
I2801081054,I2801851002,1,1,2024,W4398183095,1.0
I2801081054,I4210119109,1,1,2024,W4398183095,1.0
I2801081054,I4400600948,1,1,2024,W4398183095,1.0
I2801081054,I62916508,1,1,2024,W4398183095,1.0
I2801081054,I63966007,1,1,2024,W4398183095,1.0
I2801081054,I74973139,1,1,2024,W4398183095,1.0
I2801081054,I78577930,1,1,2024,W4398183095,1.0
I2801081054,I79576946,1,1,2024,W4398183095,1.0
I2801081054,I86519309,1,1,2024,W4398183095,1.0
I2801081054,I95457486,1,1,2024,W4398183095,1.0
I2801081054,I97018004,1,1,2024,W4398183095,1.0
I2801112126,I2802229882,1,1,2024,W4393862353,1.0
I2801112126,I32971472,1,1,2024,W4393862353,1.0
I2801112126,I4210115126,1,1,2024,W4393862353,1.0
I2801112126,I5124864,1,1,2024,W4393862353,1.0
I2801112126,I7495430,1,1,2024,W4393862353,1.0
I2801112126,I93593358,1,1,2024,W4393862353,1.0
I2801112126,I35440088,1,1,2024,W4402373303,1.0
I2801112126,I4210126328,1,1,2024,W4402373303,1.0
I2801112126,I4210137807,1,1,2024,W4402373303,1.0
I2801112126,I62318514,1,1,2024,W4402373303,1.0
I2801112126,I76134821,1,1,2024,W4402373303,1.0
I2801112126,I97565354,1,1,2024,W4402373303,1.0
I2801138614,I4210112820,1,1,2024,W4402974494,1.0
I2801138614,I4210165038,1,1,2024,W4402974494,1.0
I2801151526,I4210125051,1,1,2024,W4400955756,1.0
I2801151526,I4210140243,1,1,2024,W4400955756,1.0
I2801151526,I47508984,1,1,2024,W4400955756,1.0
I2801151526,I91203450,1,1,2024,W4400955756,1.0
I2801228662,I4210129222,1,1,2024,W4402667172,1.0
I2801228662,I4210163933,1,1,2024,W4402667172,1.0
I2801228662,I47720641,1,1,2024,W4402667172,1.0
I2801237587,I330495657,1,1,2024,W4401443596,1.0
I2801237587,I45129253,1,1,2024,W4401443596,1.0
I2801237587,I57206974,1,1,2024,W4401443596,1.0
I2801239119,I4210162753,1,1,2024,W4394771753,1.0
I2801239119,I56590836,5,5,2024,W4394771753;W4401719166;W4402715886;W4404070753;W4405131138,0.2
I2801239119,I4210144062,1,1,2024,W4401719166,1.0
I2801239119,I4210122302,1,1,2024,W4402715886,1.0
I2801239119,I4391012619,1,1,2024,W4402715886,1.0
I2801239119,I40120149,1,1,2024,W4404070753,1.0
I2801239119,I97018004,1,1,2024,W4404070753,1.0
I2801240073,I34809795,1,1,2024,W4400831136,1.0
I2801240073,I4210137873,1,1,2024,W4400831136,1.0
I2801240073,I60668342,1,1,2024,W4400831136,1.0
I2801240073,I887968799,1,1,2024,W4400831136,1.0
I2801248553,I4210126476,1,1,2024,W4403213735,1.0
I2801248553,I95457486,1,1,2024,W4403213735,1.0
I2801281511,I4210110125,1,1,2024,W4399869780,1.0
I2801281511,I4210111298,1,1,2024,W4399869780,1.0
I2801281511,I65446980,1,1,2024,W4399869780,1.0
I2801317318,I4210137306,1,1,2024,W4400098873,1.0
I2801317318,I4210141030,1,1,2024,W4400098873,1.0
I2801317318,I4210147079,1,1,2024,W4400098873,1.0
I2801317318,I97018004,1,1,2024,W4400098873,1.0
I2801345734,I50760025,1,1,2024,W4392450548,1.0
I2801349156,I33849332,1,1,2024,W4392783116,1.0
I2801351171,I4210115256,1,1,2024,W4391387740,1.0
I2801351171,I4387155440,1,1,2024,W4391387740,1.0
I2801351171,I51713134,1,1,2024,W4391387740,1.0
I2801356230,I31746571,1,1,2024,W4405760810,1.0
I2801410363,I59553526,1,1,2024,W4395014896,1.0
I2801418622,I33213144,1,1,2024,W4390970405,1.0
I2801418622,I4210159873,1,1,2024,W4390970405,1.0
I2801418622,I62916508,1,1,2024,W4390970405,1.0
I2801418622,I63966007,1,1,2024,W4390970405,1.0
I2801418622,I97018004,1,1,2024,W4390970405,1.0
I2801453606,I31746571,1,1,2024,W4401478064,1.0
I2801453606,I4210142128,1,1,2024,W4401478064,1.0
I2801453606,I42894916,1,1,2024,W4401478064,1.0
I2801525552,I32971472,1,1,2024,W4394764084,1.0
I2801556517,I6593398,1,1,2024,W4401502261,1.0
I2801572250,I2802423016,1,1,2024,W4391738137,1.0
I2801572250,I4210146710,4,4,2024,W4391738137;W4394872778;W4399480372;W4400696650,0.25
I2801572250,I51556381,1,1,2024,W4394872778,1.0
I2801572250,I79576946,1,1,2024,W4394872778,1.0
I2801572250,I86519309,1,1,2024,W4399480372,1.0
I2801572250,I919571938,1,1,2024,W4399480372,1.0
I2801577699,I2802939634,1,1,2024,W4403839062,1.0
I2801577699,I308837,1,1,2024,W4403839062,1.0
I2801577699,I4210106933,1,1,2024,W4403839062,1.0
I2801577699,I4210108629,1,1,2024,W4403839062,1.0
I2801577699,I4210156165,1,1,2024,W4403839062,1.0
I2801577699,I4210165038,1,1,2024,W4403839062,1.0
I2801606333,I889458895,1,1,2024,W4404199595,1.0
I2801613365,I91045830,2,2,2024,W4398184793;W4402438153,0.5
I2801613365,I2802423016,1,1,2024,W4402438153,1.0
I2801613365,I55302922,1,1,2024,W4402438153,1.0
I2801613365,I919571938,1,1,2024,W4402438153,1.0
I2801624344,I2802194831,1,1,2024,W4395049422,1.0
I2801624344,I848706,1,1,2024,W4395049422,1.0
I2801624344,I4210105394,1,1,2024,W4398175922,1.0
I2801624344,I4210130191,1,1,2024,W4398175922,1.0
I2801624344,I58956616,1,1,2024,W4398175922,1.0
I2801628138,I39586589,1,1,2024,W4396748050,1.0
I2801628138,I4210102606,1,1,2024,W4396748050,1.0
I2801628138,I4210110652,1,1,2024,W4396748050,1.0
I2801628138,I4210116924,1,1,2024,W4396748050,1.0
I2801652627,I2802567020,1,1,2024,W4392193048,1.0
I2801652627,I4210100468,3,3,2024,W4392193048;W4392736665;W4401888965,0.3333333333333333
I2801652627,I4210137306,2,2,2024,W4392193048;W4401888965,0.5
I2801652627,I4210162743,2,2,2024,W4392193048;W4392736665,0.5
I2801652627,I4210164862,3,3,2024,W4392193048;W4392736665;W4401888965,0.3333333333333333
I2801652627,I86519309,2,2,2024,W4392193048;W4392736665,0.5
I2801652627,I97018004,3,3,2024,W4392193048;W4392736665;W4401888965,0.3333333333333333
I2801652627,I4210110664,1,1,2024,W4392736665,1.0
I2801652627,I84218800,1,1,2024,W4401888965,1.0
I2801652627,RAW_STABILITY_AI,1,1,2024,W4401888965,1.0
I2801670537,I4210118837,2,2,2024,W4398201291;W4404460707,0.5
I2801670537,I4210133796,1,1,2024,W4398201291,1.0
I2801670537,I4210156829,1,1,2024,W4398201291,1.0
I2801670537,I4210164937,2,2,2024,W4398201291;W4404460707,0.5
I2801703238,I4210096354,1,1,2024,W4396904350,1.0
I2801703238,I4210100650,1,1,2024,W4396904350,1.0
I2801703238,I4210114506,1,1,2024,W4396904350,1.0
I2801703238,I4210158318,1,1,2024,W4396904350,1.0
I2801703238,I45928872,1,1,2024,W4396904350,1.0
I2801703238,I76130692,1,1,2024,W4396904350,1.0
I2801766832,I4210116917,1,1,2024,W4391225179,1.0
I2801766832,I4210116924,1,1,2024,W4391225179,1.0
I2801766832,I4210126319,1,1,2024,W4391225179,1.0
I2801766832,I4210135742,1,1,2024,W4391225179,1.0
I2801766832,I4210142044,1,1,2024,W4391225179,1.0
I2801766832,I4210153550,1,1,2024,W4391225179,1.0
I2801766832,I82880672,1,1,2024,W4391225179,1.0
I2801766832,I889458895,1,1,2024,W4391225179,1.0
I2801766832,I99065089,1,1,2024,W4391225179,1.0
I2801766832,I5023651,1,1,2024,W4404902547,1.0
I2801798921,I31746571,1,1,2024,W4393906060,1.0
I2801798921,I4210101348,2,2,2024,W4393906060;W4401378300,0.5
I2801798921,I4210137199,2,2,2024,W4393906060;W4401378300,0.5
I2801798921,I4210148560,3,3,2024,W4393906060;W4401378300;W4402674165,0.3333333333333333
I2801798921,I4210149092,2,2,2024,W4393906060;W4401378300,0.5
I2801798921,I4210165038,2,2,2024,W4393906060;W4401378300,0.5
I2801798921,I62916508,1,1,2024,W4393906060,1.0
I2801798921,I74801974,2,2,2024,W4393906060;W4401378300,0.5
I2801798921,I76569877,1,1,2024,W4393906060,1.0
I2801798921,I80606768,1,1,2024,W4393906060,1.0
I2801798921,I899635006,2,2,2024,W4393906060;W4401378300,0.5
I2801798921,I3124059619,1,1,2024,W4401378300,1.0
I2801798921,I56934997,1,1,2024,W4402674165,1.0
I2801799315,I39555362,1,1,2024,W4404132323,1.0
I2801799315,I52099693,1,1,2024,W4404132323,1.0
I2801816099,I2801845744,1,1,2024,W4398190964,1.0
I2801843802,I4210103698,1,1,2024,W4402511767,1.0
I2801843802,I4210107720,1,1,2024,W4402511767,1.0
I2801843802,I4210141964,1,1,2024,W4402511767,1.0
I2801843802,I4387152683,1,1,2024,W4402511767,1.0
I2801845744,I2802654988,1,1,2024,W4399781895,1.0
I2801845744,I4210087915,1,1,2024,W4399781895,1.0
I2801851002,I63966007,8,8,2024,W4390940540;W4392667162;W4392947521;W4392947532;W4398183095;W4399567248;W4402220065;W4402952420,0.125
I2801851002,I95457486,2,2,2024,W4390940540;W4398183095,0.5
I2801851002,I4210119109,2,2,2024,W4392562062;W4398183095,0.5
I2801851002,I47508984,2,2,2024,W4392562062;W4405545714,0.5
I2801851002,I74801974,1,1,2024,W4392562062,1.0
I2801851002,I74973139,2,2,2024,W4392562062;W4398183095,0.5
I2801851002,I4210087915,4,4,2024,W4392947521;W4392947532;W4399567248;W4402220065,0.25
I2801851002,I4210092658,3,3,2024,W4392947521;W4392947532;W4399567248,0.3333333333333333
I2801851002,I4210117453,4,4,2024,W4392947521;W4392947532;W4402220065;W4404946452,0.25
I2801851002,I4210134579,4,4,2024,W4392947521;W4392947532;W4399567248;W4402220065,0.25
I2801851002,I4210155419,1,1,2024,W4392947521,1.0
I2801851002,I2802841970,2,2,2024,W4392947532;W4399567248,0.5
I2801851002,I36258959,2,2,2024,W4394890393;W4403334501,0.5
I2801851002,I4210137306,1,1,2024,W4394890393,1.0
I2801851002,I4210149736,1,1,2024,W4394890393,1.0
I2801851002,I97018004,4,4,2024,W4394890393;W4398183095;W4402220065;W4405545714,0.25
I2801851002,I4210106258,1,1,2024,W4395959984,1.0
I2801851002,I4400600948,1,1,2024,W4398183095,1.0
I2801851002,I62916508,2,2,2024,W4398183095;W4405545714,0.5
I2801851002,I78577930,1,1,2024,W4398183095,1.0
I2801851002,I79576946,2,2,2024,W4398183095;W4402220065,0.5
I2801851002,I86519309,1,1,2024,W4398183095,1.0
I2801851002,I40120149,2,2,2024,W4399363470;W4403090726,0.5
I2801851002,I4210113297,1,1,2024,W4399363470,1.0
I2801851002,I45129253,2,2,2024,W4399363470;W4403090726,0.5
I2801851002,RAW_COHERE,1,1,2024,W4399363470,1.0
I2801851002,I4210125099,1,1,2024,W4399567248,1.0
I2801851002,I4921948,1,1,2024,W4399567248,1.0
I2801851002,I3018397418,1,1,2024,W4402220065,1.0
I2801851002,I4210104539,1,1,2024,W4402220065,1.0
I2801851002,I4210128921,1,1,2024,W4402220065,1.0
I2801851002,I4210146711,1,1,2024,W4402220065,1.0
I2801851002,I4210154480,1,1,2024,W4402220065,1.0
I2801851002,I4210158968,1,1,2024,W4402220065,1.0
I2801851002,I4210162753,1,1,2024,W4402220065,1.0
I2801851002,I55732556,1,1,2024,W4402952420,1.0
I2801851002,I87216513,1,1,2024,W4402952420,1.0
I2801851002,I5023651,1,1,2024,W4403090726,1.0
I2801851002,I4210101327,1,1,2024,W4403334501,1.0
I2801851002,I34352273,1,1,2024,W4404946452,1.0
I2801851002,I36788626,1,1,2024,W4404946452,1.0
I2801851002,I4210150980,1,1,2024,W4404946452,1.0
I2801851002,I4210161994,1,1,2024,W4404946452,1.0
I2801851002,I48633490,1,1,2024,W4404946452,1.0
I2801851002,I3018134672,1,1,2024,W4405545714,1.0
I2801851002,I4210110987,1,1,2024,W4405545714,1.0
I2801851002,I4210157861,1,1,2024,W4405545714,1.0
I2801852214,I93860229,1,1,2024,W4401374389,1.0
I2801857525,I2802797706,1,1,2024,W4402653130,1.0
I2801857525,I4210124368,1,1,2024,W4402653130,1.0
I2801862477,I7454413,1,1,2024,W4396828482,1.0
I2801876189,I4210143371,1,1,2024,W4393972605,1.0
I2801919071,I36258959,1,1,2024,W4400267690,1.0
I2801935854,I62916508,1,1,2024,W4400720716,1.0
I2801935854,I91203450,1,1,2024,W4400720716,1.0
I2801970007,I33213144,1,1,2024,W4392755271,1.0
I2801970007,I78577930,1,1,2024,W4392755271,1.0
I2801970007,I79576946,1,1,2024,W4392755271,1.0
I2801970007,I921990950,1,1,2024,W4392755271,1.0
I2801970007,I98704320,1,1,2024,W4392755271,1.0
I2801970007,I99464096,1,1,2024,W4392755271,1.0
I2802091258,I4210119130,1,1,2024,W4392658848,1.0
I2802091258,I889458895,1,1,2024,W4392658848,1.0
I2802164966,I4210127591,1,1,2024,W4391935269,1.0
I2802164966,I4210144898,1,1,2024,W4391935269,1.0
I2802164966,I4210156450,6,6,2024,W4391935269;W4397003633;W4401820448;W4402713323;W4403680361;W4404584849,0.16666666666666666
I2802164966,I4210111460,8,8,2024,W4392016947;W4393078503;W4397003633;W4401820448;W4402272362;W4402713323;W4403626237;W4404584849,0.125
I2802164966,I4210120689,5,5,2024,W4392016947;W4393078503;W4402713323;W4403626237;W4404584849,0.2
I2802164966,I4210162051,6,6,2024,W4392016947;W4393078503;W4402272362;W4402713323;W4403626237;W4403680361,0.16666666666666666
I2802164966,I887968799,2,2,2024,W4392016947;W4397003633,0.5
I2802164966,I4210108778,4,4,2024,W4393078503;W4397003633;W4401820448;W4404584849,0.25
I2802164966,I78650965,4,4,2024,W4393078503;W4401820448;W4404584849;W4404787535,0.25
I2802164966,I34809795,1,1,2024,W4397003633,1.0
I2802164966,I4210105615,1,1,2024,W4399560926,1.0
I2802164966,I3018134672,1,1,2024,W4399775068,1.0
I2802164966,I4210137750,1,1,2024,W4402272362,1.0
I2802164966,I4210086407,1,1,2024,W4402713323,1.0
I2802164966,I4210126310,1,1,2024,W4402713323,1.0
I2802164966,I4210161917,1,1,2024,W4402713323,1.0
I2802164966,I2802619606,1,1,2024,W4403626237,1.0
I2802164966,I4210124799,1,1,2024,W4403626237,1.0
I2802164966,I4210132578,1,1,2024,W4403626237,1.0
I2802164966,I4210148371,1,1,2024,W4403626237,1.0
I2802164966,I4210153755,1,1,2024,W4403626237,1.0
I2802164966,I62916508,1,1,2024,W4403626237,1.0
I2802164966,I4210147126,1,1,2024,W4404787535,1.0
I2802194831,I848706,1,1,2024,W4395049422,1.0
I28022161,I3130411899,1,1,2024,W4396668352,1.0
I28022161,I69050122,1,1,2024,W4396668352,1.0
I28022161,I33849332,1,1,2024,W4396948360,1.0
I28022161,I68649149,1,1,2024,W4396948360,1.0
I28022161,I55240360,2,2,2024,W4401357833;W4405861053,0.5
I28022161,I74319210,1,1,2024,W4401357833,1.0
I28022161,I87482320,1,1,2024,W4405861053,1.0
I2802229882,I32971472,1,1,2024,W4393862353,1.0
I2802229882,I4210115126,1,1,2024,W4393862353,1.0
I2802229882,I5124864,1,1,2024,W4393862353,1.0
I2802229882,I7495430,1,1,2024,W4393862353,1.0
I2802229882,I93593358,1,1,2024,W4393862353,1.0
I2802274597,I4210143141,1,1,2024,W4402364937,1.0
I2802274597,I47508984,1,1,2024,W4402364937,1.0
I2802335433,I34352273,1,1,2024,W4392850630,1.0
I2802335433,I4210117453,1,1,2024,W4392850630,1.0
I2802335433,I4210161994,1,1,2024,W4392850630,1.0
I2802335433,I4210164862,1,1,2024,W4392850630,1.0
I2802335433,I48633490,1,1,2024,W4392850630,1.0
I2802336062,I2802866506,1,1,2024,W4394767601,1.0
I2802336062,I3018163063,1,1,2024,W4394767601,1.0
I2802336062,I3131873961,1,1,2024,W4394767601,1.0
I2802390878,I4210098734,1,1,2024,W4399527328,1.0
I2802390878,I4210165038,1,1,2024,W4399527328,1.0
I2802390878,I50760025,1,1,2024,W4399527328,1.0
I2802390878,I76130692,1,1,2024,W4399527328,1.0
I2802390878,I99065089,1,1,2024,W4399527328,1.0
I2802408685,I4210147238,1,1,2024,W4396959345,1.0
I2802423016,I4210146710,2,2,2024,W4391738137;W4401397240,0.5
I2802423016,I4210125099,1,1,2024,W4391823231,1.0
I2802423016,I4210087915,1,1,2024,W4401397240,1.0
I2802423016,I4210101778,1,1,2024,W4401397240,1.0
I2802423016,I4210127693,1,1,2024,W4401397240,1.0
I2802423016,I79576946,1,1,2024,W4401397240,1.0
I2802423016,I919571938,2,2,2024,W4401397240;W4402438153,0.5
I2802423016,I97018004,1,1,2024,W4401397240,1.0
I2802423016,I55302922,1,1,2024,W4402438153,1.0
I2802423016,I91045830,1,1,2024,W4402438153,1.0
I2802506851,I39586589,1,1,2024,W4391644905,1.0
I2802506851,I56007636,1,1,2024,W4391644905,1.0
I2802519937,I4210139461,1,1,2024,W4395695883,1.0
I2802542264,I2802619606,1,1,2024,W4403204536,1.0
I2802542264,I3018134672,1,1,2024,W4403204536,1.0
I2802542264,I4210113347,1,1,2024,W4403204536,1.0
I2802542264,I62916508,1,1,2024,W4403204536,1.0
I2802567020,I4210100468,1,1,2024,W4392193048,1.0
I2802567020,I4210137306,1,1,2024,W4392193048,1.0
I2802567020,I4210162743,1,1,2024,W4392193048,1.0
I2802567020,I4210164862,1,1,2024,W4392193048,1.0
I2802567020,I86519309,1,1,2024,W4392193048,1.0
I2802567020,I97018004,1,1,2024,W4392193048,1.0
I2802567020,I2802709434,1,1,2024,W4392359953,1.0
I2802567020,I96673099,1,1,2024,W4392359953,1.0
I2802573037,I4210126592,1,1,2024,W4390892968,1.0
I2802573037,I4210098734,1,1,2024,W4402328203,1.0
I2802581871,I2802948906,1,1,2024,W4404018000,1.0
I2802581871,I4210109586,1,1,2024,W4404018000,1.0
I2802581871,I4210110987,1,1,2024,W4404018000,1.0
I2802581871,I4210127509,1,1,2024,W4404018000,1.0
I2802581871,I4210158898,1,1,2024,W4404018000,1.0
I2802581871,I98677209,1,1,2024,W4404018000,1.0
I2802614804,I4210109338,1,1,2024,W4404884950,1.0
I2802619606,I39343248,1,1,2024,W4392983247,1.0
I2802619606,I4210120689,2,2,2024,W4392983247;W4403626237,0.5
I2802619606,I4210148371,2,2,2024,W4392983247;W4403626237,0.5
I2802619606,I62916508,5,5,2024,W4392983247;W4400324908;W4403069260;W4403204536;W4403626237,0.2
I2802619606,I7877124,1,1,2024,W4392983247,1.0
I2802619606,I3018134672,3,3,2024,W4400324908;W4403069260;W4403204536,0.3333333333333333
I2802619606,I47508984,2,2,2024,W4400324908;W4403069260,0.5
I2802619606,I8204097,1,1,2024,W4400324908,1.0
I2802619606,I4210113347,2,2,2024,W4403069260;W4403204536,0.5
I2802619606,I4210129763,1,1,2024,W4403069260,1.0
I2802619606,I4210111460,1,1,2024,W4403626237,1.0
I2802619606,I4210124799,1,1,2024,W4403626237,1.0
I2802619606,I4210132578,1,1,2024,W4403626237,1.0
I2802619606,I4210153755,1,1,2024,W4403626237,1.0
I2802619606,I4210162051,1,1,2024,W4403626237,1.0
I2802624667,I4210141683,1,1,2024,W4392876411,1.0
I2802640592,I32597200,1,1,2024,W4404764563,1.0
I2802640592,I32971472,1,1,2024,W4404764563,1.0
I2802640592,I36234482,1,1,2024,W4404764563,1.0
I2802640592,I40120149,1,1,2024,W4404764563,1.0
I2802640592,I4210094062,1,1,2024,W4404764563,1.0
I2802640592,I4210098931,1,1,2024,W4404764563,1.0
I2802640592,I4210126907,1,1,2024,W4404764563,1.0
I2802640592,I4210128584,1,1,2024,W4404764563,1.0
I2802640592,I4210130445,1,1,2024,W4404764563,1.0
I2802640592,I4210134158,1,1,2024,W4404764563,1.0
I2802640592,I4210134550,1,1,2024,W4404764563,1.0
I2802640592,I4210143801,1,1,2024,W4404764563,1.0
I2802640592,I4210144746,1,1,2024,W4404764563,1.0
I2802640592,I4210157294,1,1,2024,W4404764563,1.0
I2802640592,I4210158500,1,1,2024,W4404764563,1.0
I2802640592,I4387152376,1,1,2024,W4404764563,1.0
I2802640592,I44260953,1,1,2024,W4404764563,1.0
I2802640592,I45129253,1,1,2024,W4404764563,1.0
I2802640592,I57206974,1,1,2024,W4404764563,1.0
I2802640592,I62916508,1,1,2024,W4404764563,1.0
I2802640592,I63966007,1,1,2024,W4404764563,1.0
I2802640592,I78757542,1,1,2024,W4404764563,1.0
I2802640592,I79576946,1,1,2024,W4404764563,1.0
I2802640592,I8087733,1,1,2024,W4404764563,1.0
I2802640592,I8204097,1,1,2024,W4404764563,1.0
I2802640592,I91727514,1,1,2024,W4404764563,1.0
I2802640592,I97565354,1,1,2024,W4404764563,1.0
I2802640592,I98677209,1,1,2024,W4404764563,1.0
I2802641067,I4210131846,1,1,2024,W4402827393,1.0
I2802641067,I60053951,1,1,2024,W4402827393,1.0
I2802654988,I4210127509,1,1,2024,W4399774223,1.0
I2802654988,I4210147079,1,1,2024,W4399774223,1.0
I2802654988,I4210087915,1,1,2024,W4399781895,1.0
I2802656227,I4210136895,1,1,2024,W4400128681,1.0
I2802656227,I98461037,1,1,2024,W4400128681,1.0
I2802694670,I859038795,1,1,2024,W4403757891,1.0
I2802709434,I96673099,1,1,2024,W4392359953,1.0
I2802730090,I4210112713,1,1,2024,W4391823743,1.0
I2802730090,I4210142260,1,1,2024,W4391823743,1.0
I2802730090,I9341345,1,1,2024,W4391823743,1.0
I2802730090,I32971472,2,2,2024,W4395050972;W4401539500,0.5
I2802730090,I4210100400,1,1,2024,W4401539500,1.0
I2802730090,I4210147348,1,1,2024,W4401539500,1.0
I2802730090,I58956616,1,1,2024,W4401539500,1.0
I2802734952,I4210089761,1,1,2024,W4405234363,1.0
I2802797706,I4210124368,1,1,2024,W4402653130,1.0
I2802835388,I3019586173,1,1,2024,W4392191246,1.0
I2802835388,I40347166,1,1,2024,W4392191246,1.0
I2802835388,I4210086933,1,1,2024,W4392191246,1.0
I2802835388,I4210125099,1,1,2024,W4392191246,1.0
I2802835388,I4210127401,1,1,2024,W4392191246,1.0
I2802835388,I4210158428,1,1,2024,W4392191246,1.0
I2802835388,I921990950,1,1,2024,W4392191246,1.0
I2802835388,I97018004,1,1,2024,W4392191246,1.0
I2802835388,I98285908,1,1,2024,W4392191246,1.0
I2802835388,I2803058125,1,1,2024,W4396827139,1.0
I2802835388,I9323808,1,1,2024,W4396827139,1.0
I2802835388,I9927081,1,1,2024,W4396827139,1.0
I2802841970,I4210087212,1,1,2024,W4392193191,1.0
I2802841970,I4210087915,2,2,2024,W4392947532;W4399567248,0.5
I2802841970,I4210092658,2,2,2024,W4392947532;W4399567248,0.5
I2802841970,I4210117453,1,1,2024,W4392947532,1.0
I2802841970,I4210134579,2,2,2024,W4392947532;W4399567248,0.5
I2802841970,I63966007,2,2,2024,W4392947532;W4399567248,0.5
I2802841970,I4210125099,1,1,2024,W4399567248,1.0
I2802841970,I4921948,1,1,2024,W4399567248,1.0
I2802864159,I4210098931,1,1,2024,W4403371699,1.0
I2802864159,I4210124598,1,1,2024,W4403371699,1.0
I2802864159,I4210157288,1,1,2024,W4403371699,1.0
I2802864159,I4390039274,1,1,2024,W4403371699,1.0
I2802864159,I5023651,1,1,2024,W4403371699,1.0
I2802864159,I95457486,1,1,2024,W4403371699,1.0
I2802866506,I3018163063,1,1,2024,W4394767601,1.0
I2802866506,I3131873961,1,1,2024,W4394767601,1.0
I2802882910,I4210125713,1,1,2024,W4402814550,1.0
I2802882910,I4210132242,1,1,2024,W4402814550,1.0
I2802882910,I4210135252,1,1,2024,W4402814550,1.0
I2802882910,I63190737,1,1,2024,W4402814550,1.0
I2802882910,I901861585,1,1,2024,W4402814550,1.0
I2802934949,I4210089303,1,1,2024,W4390880024,1.0
I2802934949,I4210109357,2,2,2024,W4390880024;W4402441766,0.5
I2802934949,I4210095212,1,1,2024,W4396510754,1.0
I2802934949,I57201433,1,1,2024,W4396510754,1.0
I2802939634,I4210088547,1,1,2024,W4402408693,1.0
I2802939634,I4210101382,1,1,2024,W4402408693,1.0
I2802939634,I4210121761,1,1,2024,W4402408693,1.0
I2802939634,I4210162172,1,1,2024,W4402408693,1.0
I2802939634,I4210162420,1,1,2024,W4402408693,1.0
I2802939634,I308837,1,1,2024,W4403839062,1.0
I2802939634,I4210106933,1,1,2024,W4403839062,1.0
I2802939634,I4210108629,1,1,2024,W4403839062,1.0
I2802939634,I4210156165,1,1,2024,W4403839062,1.0
I2802939634,I4210165038,1,1,2024,W4403839062,1.0
I2802946424,I926137907,1,1,2024,W4391986699,1.0
I2802948906,I4210109586,1,1,2024,W4404018000,1.0
I2802948906,I4210110987,1,1,2024,W4404018000,1.0
I2802948906,I4210127509,1,1,2024,W4404018000,1.0
I2802948906,I4210158898,1,1,2024,W4404018000,1.0
I2802948906,I98677209,1,1,2024,W4404018000,1.0
I2802957242,I39343248,1,1,2024,W4399478575,1.0
I2802957242,I4210113795,1,1,2024,W4399478575,1.0
I2802957242,I4210119234,1,1,2024,W4399478575,1.0
I2802957242,I4210126517,1,1,2024,W4399478575,1.0
I2802957242,I4210144384,1,1,2024,W4399478575,1.0
I2802957242,I4210156804,1,1,2024,W4399478575,1.0
I2802957242,I5740404,1,1,2024,W4399478575,1.0
I2802957242,I75951250,1,1,2024,W4399478575,1.0
I2802957242,I7877124,1,1,2024,W4399478575,1.0
I2802974365,I4210090176,1,1,2024,W4392972103,1.0
I2802974365,I4210101410,1,1,2024,W4392972103,1.0
I2802974365,I4210123185,1,1,2024,W4392972103,1.0
I2802974365,I4210165038,1,1,2024,W4392972103,1.0
I2802974365,I76130692,1,1,2024,W4392972103,1.0
I2802974365,I4210164150,1,1,2024,W4403488282,1.0
I2803004286,I4210091201,1,1,2024,W4392164233,1.0
I2803004286,I4210093006,1,1,2024,W4392164233,1.0
I2803004286,I4210093821,1,1,2024,W4392164233,1.0
I2803004286,I4210097658,1,1,2024,W4392164233,1.0
I2803004286,I4210126829,1,1,2024,W4392164233,1.0
I2803004286,I4210136334,1,1,2024,W4392164233,1.0
I2803004286,I4210152230,1,1,2024,W4392164233,1.0
I2803004286,I4210162359,1,1,2024,W4392164233,1.0
I2803004286,I64723972,1,1,2024,W4392164233,1.0
I2803004286,I68171755,1,1,2024,W4392164233,1.0
I2803004286,I98298690,1,1,2024,W4392164233,1.0
I2803004491,I4432739,1,1,2024,W4403091357,1.0
I2803058125,I9323808,1,1,2024,W4396827139,1.0
I2803058125,I9927081,1,1,2024,W4396827139,1.0
I2803065428,I4210140007,1,1,2024,W4390880284,1.0
I2803209242,I37987034,1,1,2024,W4392645685,1.0
I2803209242,I4210121678,1,1,2024,W4392645685,1.0
I2803209242,I3020100970,2,2,2024,W4395026179;W4399737726,0.5
I2803209242,I40120149,2,2,2024,W4395026179;W4399737726,0.5
I2803209242,I4210105015,2,2,2024,W4395026179;W4399737726,0.5
I2803209242,I4210116208,1,1,2024,W4395026179,1.0
I2803209242,I4210116917,2,2,2024,W4395026179;W4399737726,0.5
I2803209242,I4210126319,2,2,2024,W4395026179;W4399737726,0.5
I2803209242,I4210137145,2,2,2024,W4395026179;W4399737726,0.5
I2803209242,I4210137306,1,1,2024,W4395026179,1.0
I2803209242,I4210146690,1,1,2024,W4395026179,1.0
I2803209242,I4210150290,2,2,2024,W4395026179;W4399737726,0.5
I2803209242,I4210162189,2,2,2024,W4395026179;W4399737726,0.5
I2803209242,I61628605,1,1,2024,W4395026179,1.0
I2803209242,I97018004,2,2,2024,W4395026179;W4399737726,0.5
I28109999,I97553796,1,1,2024,W4403609252,1.0
I28185974,I98704320,1,1,2024,W4405326640,1.0
I28257850,I55285296,1,1,2024,W4397049712,1.0
I28257850,I76130692,1,1,2024,W4397049712,1.0
I28257850,I92403157,1,1,2024,W4397049712,1.0
I28290843,I98381234,1,1,2024,W4400679943,1.0
I28290843,I40120149,1,1,2024,W4404136417,1.0
I28290843,I4210100468,1,1,2024,W4404136417,1.0
I28290843,I4210146410,1,1,2024,W4404136417,1.0
I28407311,I4210087059,1,1,2024,W4391582407,1.0
I28407311,I62885914,1,1,2024,W4391582407,1.0
I28407311,I37461747,2,2,2024,W4396722687;W4396723505,0.5
I28407311,I53592917,1,1,2024,W4396723505,1.0
I28407311,I4210155350,1,1,2024,W4399750638,1.0
I28407311,I899635006,1,1,2024,W4399750638,1.0
I28407311,I99464096,1,1,2024,W4399750638,1.0
I28407311,I897542642,1,1,2024,W4403878225,1.0
I28407311,I40963666,1,1,2024,W4405257814,1.0
I28615091,I40542001,1,1,2024,W4403863507,1.0
I28615091,I4921948,1,1,2024,W4403863507,1.0
I28710699,I8901234,1,1,2024,W4398182557,1.0
I28777354,I4210100923,1,1,2024,W4396653761,1.0
I28777354,I4210144925,1,1,2024,W4396653761,1.0
I28777354,I56306041,1,1,2024,W4396653761,1.0
I28777354,I33585257,1,1,2024,W4401995305,1.0
I28777354,I55913730,1,1,2024,W4405494298,1.0
I288216842,I85507684,1,1,2024,W4390667862,1.0
I29045822,I4210121083,1,1,2024,W4391878439,1.0
I29045822,I4210130461,1,1,2024,W4391878439,1.0
I29045822,I4210141135,1,1,2024,W4391878439,1.0
I29045822,I4210142730,1,1,2024,W4391878439,1.0
I29045822,I45129253,1,1,2024,W4391878439,1.0
I29045822,I5023651,1,1,2024,W4391878439,1.0
I29045822,I70931966,1,1,2024,W4391878439,1.0
I29078338,I861853513,1,1,2024,W4399587643,1.0
I292141241,I32971472,1,1,2024,W4392384010,1.0
I292141241,I8204097,1,1,2024,W4392384010,1.0
I29607241,I4210152518,1,1,2024,W4403636136,1.0
I29607241,I4210154111,1,1,2024,W4403636136,1.0
I29607241,I39804081,1,1,2024,W4404448333,1.0
I29607241,I4210091437,1,1,2024,W4404448333,1.0
I29607241,I4210103330,1,1,2024,W4404448333,1.0
I29607241,I4210156583,1,1,2024,W4404448333,1.0
I29607241,I71209653,1,1,2024,W4404448333,1.0
I2972652528,I3125347698,1,1,2024,W4398243240,1.0
I2972652528,I4210121775,1,1,2024,W4398243240,1.0
I2972652528,I4210166741,1,1,2024,W4398243240,1.0
I2972652528,I62318514,1,1,2024,W4398243240,1.0
I2972652528,I99682543,1,1,2024,W4398243240,1.0
I298625061,I992397,1,1,2024,W4402119162,1.0
I29891158,I54459138,1,1,2024,W4393305381,1.0
I29894533,I63169043,1,1,2024,W4391855109,1.0
I29894533,I63548447,1,1,2024,W4391855109,1.0
I29894533,I48018076,1,1,2024,W4392848643,1.0
I29955533,I39343248,1,1,2024,W4402713326,1.0
I29955533,I40120149,1,1,2024,W4402713326,1.0
I29955533,I4210090411,1,1,2024,W4402713326,1.0
I29955533,I4210113297,1,1,2024,W4402713326,1.0
I29955533,I4210119286,1,1,2024,W4402713326,1.0
I29955533,I4210120221,1,1,2024,W4402713326,1.0
I29955533,I4210143272,1,1,2024,W4402713326,1.0
I29955533,I4210164149,1,1,2024,W4402713326,1.0
I29955533,I42934936,1,1,2024,W4402713326,1.0
I29955533,I4387154616,1,1,2024,W4402713326,1.0
I29955533,I45129253,1,1,2024,W4402713326,1.0
I29955533,I4923324,1,1,2024,W4402713326,1.0
I29955533,I63966007,2,2,2024,W4402713326;W4403294432,0.5
I29955533,I74973139,1,1,2024,W4402713326,1.0
I29955533,I97018004,2,2,2024,W4402713326;W4403294432,0.5
I29955533,I98259816,1,1,2024,W4402713326,1.0
I3004594783,I32394136,1,1,2024,W4402753981,1.0
I3004594783,I4210116917,1,1,2024,W4403649703,1.0
I3005327000,I37461747,1,1,2024,W4395471118,1.0
I3005327000,I4210116924,1,1,2024,W4402753822,1.0
I3005327000,I90610280,1,1,2024,W4402753822,1.0
I3005327000,I4210134929,1,1,2024,W4404238463,1.0
I3005327000,I889458895,1,1,2024,W4404238463,1.0
I3005327000,I82880672,1,1,2024,W4404914305,1.0
I3017770710,I4210090724,1,1,2024,W4394944563,1.0
I3017770710,I4210110558,1,1,2024,W4394944563,1.0
I3017770710,I4210133882,1,1,2024,W4394944563,1.0
I3018075036,I4210086728,1,1,2024,W4400188610,1.0
I3018075036,I4210110242,1,1,2024,W4400188610,1.0
I3018134672,I62916508,7,7,2024,W4391747283;W4400324908;W4401750093;W4403069260;W4403204536;W4403649789;W4405545714,0.14285714285714285
I3018134672,I47508984,3,3,2024,W4400324908;W4403069260;W4405545714,0.3333333333333333
I3018134672,I8204097,2,2,2024,W4400324908;W4403649789,0.5
I3018134672,I4210112925,1,1,2024,W4401609675,1.0
I3018134672,I4210120221,1,1,2024,W4401609675,1.0
I3018134672,I4210113347,2,2,2024,W4403069260;W4403204536,0.5
I3018134672,I4210129763,1,1,2024,W4403069260,1.0
I3018134672,I4210110987,1,1,2024,W4405545714,1.0
I3018134672,I4210157861,1,1,2024,W4405545714,1.0
I3018134672,I97018004,1,1,2024,W4405545714,1.0
I3018163063,I3131873961,1,1,2024,W4394767601,1.0
I3018397418,I4210087915,1,1,2024,W4402220065,1.0
I3018397418,I4210104539,1,1,2024,W4402220065,1.0
I3018397418,I4210117453,1,1,2024,W4402220065,1.0
I3018397418,I4210128921,1,1,2024,W4402220065,1.0
I3018397418,I4210134579,1,1,2024,W4402220065,1.0
I3018397418,I4210146711,1,1,2024,W4402220065,1.0
I3018397418,I4210154480,1,1,2024,W4402220065,1.0
I3018397418,I4210158968,1,1,2024,W4402220065,1.0
I3018397418,I4210162753,1,1,2024,W4402220065,1.0
I3018397418,I63966007,1,1,2024,W4402220065,1.0
I3018397418,I79576946,1,1,2024,W4402220065,1.0
I3018397418,I97018004,1,1,2024,W4402220065,1.0
I3018718406,I4210098046,1,1,2024,W4396722287,1.0
I3018718406,I4210131356,1,1,2024,W4396722287,1.0
I3018718406,I84218800,1,1,2024,W4396722287,1.0
I3018771216,I4210100612,1,1,2024,W4392617381,1.0
I3018771216,I8204097,9,9,2024,W4392617381;W4396512602;W4399442007;W4400408791;W4401121063;W4401943425;W4402727190;W4403760842;W4405944241,0.1111111111111111
I3018771216,I36788626,1,1,2024,W4396512602,1.0
I3018771216,I4210099236,1,1,2024,W4396512602,1.0
I3018771216,I4210142583,1,1,2024,W4396512602,1.0
I3018771216,I53964585,1,1,2024,W4396512602,1.0
I3018771216,I71920554,1,1,2024,W4396512602,1.0
I3018771216,I95457486,1,1,2024,W4396512602,1.0
I3018771216,I97018004,1,1,2024,W4396512602,1.0
I3018771216,I30809798,1,1,2024,W4399442007,1.0
I3018771216,I4210112820,1,1,2024,W4399442007,1.0
I3018771216,I4210123185,1,1,2024,W4399442007,1.0
I3018771216,I4210165038,1,1,2024,W4399442007,1.0
I3018771216,I76130692,1,1,2024,W4399442007,1.0
I3018771216,I4210127591,1,1,2024,W4400408791,1.0
I3018771216,I62916508,2,2,2024,W4401121063;W4402727190,0.5
I3018771216,I40120149,1,1,2024,W4402727190,1.0
I3019271933,I4210086947,1,1,2024,W4403716942,1.0
I3019271933,I63966007,1,1,2024,W4403716942,1.0
I3019308854,I44265643,1,1,2024,W4400981456,1.0
I3019423309,I31512782,1,1,2024,W4404876711,1.0
I3019423309,I39804081,1,1,2024,W4404876711,1.0
I3019423309,I4210141120,1,1,2024,W4404876711,1.0
I3019423309,I4829542,1,1,2024,W4404876711,1.0
I3019586173,I40347166,1,1,2024,W4392191246,1.0
I3019586173,I4210086933,1,1,2024,W4392191246,1.0
I3019586173,I4210125099,1,1,2024,W4392191246,1.0
I3019586173,I4210127401,1,1,2024,W4392191246,1.0
I3019586173,I4210158428,1,1,2024,W4392191246,1.0
I3019586173,I921990950,1,1,2024,W4392191246,1.0
I3019586173,I97018004,1,1,2024,W4392191246,1.0
I3019586173,I98285908,1,1,2024,W4392191246,1.0
I3020100970,I40120149,2,2,2024,W4395026179;W4399737726,0.5
I3020100970,I4210105015,2,2,2024,W4395026179;W4399737726,0.5
I3020100970,I4210116208,1,1,2024,W4395026179,1.0
I3020100970,I4210116917,2,2,2024,W4395026179;W4399737726,0.5
I3020100970,I4210126319,2,2,2024,W4395026179;W4399737726,0.5
I3020100970,I4210137145,2,2,2024,W4395026179;W4399737726,0.5
I3020100970,I4210137306,1,1,2024,W4395026179,1.0
I3020100970,I4210146690,1,1,2024,W4395026179,1.0
I3020100970,I4210150290,2,2,2024,W4395026179;W4399737726,0.5
I3020100970,I4210162189,2,2,2024,W4395026179;W4399737726,0.5
I3020100970,I61628605,1,1,2024,W4395026179,1.0
I3020100970,I97018004,2,2,2024,W4395026179;W4399737726,0.5
I3045169105,I4210086973,1,1,2024,W4392902564,1.0
I3045169105,I87445476,2,2,2024,W4400525231;W4401863560,0.5
I3045169105,I32971472,1,1,2024,W4400657362,1.0
I3045169105,I37461747,1,1,2024,W4400657362,1.0
I3045169105,I4210140357,1,1,2024,W4400657362,1.0
I3045169105,I4210140884,1,1,2024,W4400657362,1.0
I3045169105,I4210149717,1,1,2024,W4400657362,1.0
I3045169105,I52099693,1,1,2024,W4401863560,1.0
I3045169105,I889458895,2,2,2024,W4401863560;W4404544903,0.5
I3045169105,I4210098582,1,1,2024,W4404544903,1.0
I3045169105,I4210136793,1,1,2024,W4404544903,1.0
I3045169105,I74801974,1,1,2024,W4405424322,1.0
I30667456,I79940851,1,1,2024,W4399177300,1.0
I30771326,I4210108711,1,1,2024,W4398143508,1.0
I30771326,I55143463,1,1,2024,W4398143508,1.0
I30771326,I4210095701,1,1,2024,W4399302667,1.0
I30771326,I4210119350,1,1,2024,W4399302667,1.0
I30771326,I861853513,1,1,2024,W4399302667,1.0
I30809798,I4210086143,1,1,2024,W4393160809,1.0
I30809798,I4210136793,1,1,2024,W4393160809,1.0
I30809798,I99065089,1,1,2024,W4393160809,1.0
I30809798,I4210135459,3,3,2024,W4396753423;W4402582321;W4402701904,0.3333333333333333
I30809798,I4210157781,3,3,2024,W4396753423;W4402582321;W4402701904,0.3333333333333333
I30809798,I4210112820,1,1,2024,W4399442007,1.0
I30809798,I4210123185,1,1,2024,W4399442007,1.0
I30809798,I4210165038,1,1,2024,W4399442007,1.0
I30809798,I76130692,1,1,2024,W4399442007,1.0
I30809798,I8204097,1,1,2024,W4399442007,1.0
I30809798,I901861585,2,2,2024,W4401752707;W4403087472,0.5
I308392441,I4210137306,1,1,2024,W4400315206,1.0
I308837,I4210106933,1,1,2024,W4403839062,1.0
I308837,I4210108629,1,1,2024,W4403839062,1.0
I308837,I4210156165,1,1,2024,W4403839062,1.0
I308837,I4210165038,1,1,2024,W4403839062,1.0
I308837,I881766915,2,2,2024,W4404356490;W4405596328,0.5
I308837,I4210094879,1,1,2024,W4405596328,1.0
I308837,I4210132948,1,1,2024,W4405596328,1.0
I309707301,I81556334,1,1,2024,W4396835373,1.0
I3121676899,I4388891800,1,1,2024,W4402929446,1.0
I3124059619,I37461747,2,2,2024,W4399422320;W4402917173,0.5
I3124059619,I4210118728,2,2,2024,W4399422320;W4402917173,0.5
I3124059619,I86519309,1,1,2024,W4399914797,1.0
I3124059619,I4210101348,1,1,2024,W4401378300,1.0
I3124059619,I4210137199,1,1,2024,W4401378300,1.0
I3124059619,I4210148560,1,1,2024,W4401378300,1.0
I3124059619,I4210149092,1,1,2024,W4401378300,1.0
I3124059619,I4210165038,1,1,2024,W4401378300,1.0
I3124059619,I74801974,1,1,2024,W4401378300,1.0
I3124059619,I899635006,1,1,2024,W4401378300,1.0
I3124059619,I4210087373,3,3,2024,W4403104551;W4405338180;W4405630293,0.3333333333333333
I3125347698,I78577930,1,1,2024,W4391713857,1.0
I3125347698,I8204097,1,1,2024,W4391713857,1.0
I3125347698,I4210121775,1,1,2024,W4398243240,1.0
I3125347698,I4210166741,1,1,2024,W4398243240,1.0
I3125347698,I62318514,1,1,2024,W4398243240,1.0
I3125347698,I99682543,1,1,2024,W4398243240,1.0
I3125470973,I35440088,1,1,2024,W4403805874,1.0
I3125470973,I4210100468,1,1,2024,W4403805874,1.0
I3129773123,I67357951,1,1,2024,W4393170828,1.0
I3129773123,I74796645,1,1,2024,W4393170828,1.0
I3129799171,I4210122158,1,1,2024,W4397043564,1.0
I3129799171,I4210130532,1,1,2024,W4397043564,1.0
I3130411899,I69050122,1,1,2024,W4396668352,1.0
I3130430780,I903955410,1,1,2024,W4404040240,1.0
I3131625388,I99065089,6,6,2024,W4390668567;W4391971084;W4396825686;W4403656976;W4403791610;W4404371545,0.16666666666666666
I3131625388,I4210089761,1,1,2024,W4391971084,1.0
I3131625388,I37796252,1,1,2024,W4392798419,1.0
I3131625388,I92403157,1,1,2024,W4396825686,1.0
I3131625388,I9842412,1,1,2024,W4403656976,1.0
I3131625388,I4210088191,1,1,2024,W4403789768,1.0
I3131625388,I4210138501,1,1,2024,W4403789768,1.0
I3131625388,I4210151987,1,1,2024,W4403789768,1.0
I3131625388,I4210159344,1,1,2024,W4403789768,1.0
I3131625388,I74801974,1,1,2024,W4403791610,1.0
I3132109944,I72227227,1,1,2024,W4390638022,1.0
I3132172362,I4210131207,1,1,2024,W4401193171,1.0
I3132172362,I4210162392,1,1,2024,W4401193171,1.0
I3132975163,I4210154221,1,1,2024,W4399546236,1.0
I3132975163,I44430492,1,1,2024,W4399546236,1.0
I3133055985,I39422238,1,1,2024,W4391136507,1.0
I3133055985,I4210094879,1,1,2024,W4391136507,1.0
I3133055985,I4210113369,1,1,2024,W4391136507,1.0
I3133055985,I74973139,1,1,2024,W4391136507,1.0
I3133055985,I4210123185,1,1,2024,W4391468387,1.0
I3133055985,I63966007,1,1,2024,W4391468387,1.0
I3133055985,I4400573310,1,1,2024,W4393159297,1.0
I3133055985,I52357470,1,1,2024,W4393159297,1.0
I3133055985,I6469544,1,1,2024,W4393159297,1.0
I3133055985,I76130692,6,6,2024,W4393159297;W4395481595;W4402728006;W4402754083;W4404074819;W4405612257,0.16666666666666666
I3133055985,I4210131712,1,1,2024,W4394589826,1.0
I3133055985,I4210142478,1,1,2024,W4395481595,1.0
I3133055985,I5681781,1,1,2024,W4395481595,1.0
I3133055985,I889458895,1,1,2024,W4395481595,1.0
I3133055985,I4210095624,1,1,2024,W4402728006,1.0
I3133090473,I88830068,1,1,2024,W4401893254,1.0
I3133096102,I4210131537,1,1,2024,W4400015499,1.0
I3133096102,I63098007,1,1,2024,W4400015499,1.0
I31419693,I878022262,1,1,2024,W4390480838,1.0
I3143470655,I97018004,1,1,2024,W4395453679,1.0
I3148997608,I36258959,1,1,2024,W4402567773,1.0
I3148997608,I4210140900,1,1,2024,W4402567773,1.0
I31512782,I33256026,1,1,2024,W4401224724,1.0
I31512782,I4392021234,1,1,2024,W4401224724,1.0
I31512782,I62916508,2,2,2024,W4402753875;W4404103182,0.5
I31512782,I39804081,1,1,2024,W4404876711,1.0
I31512782,I4210141120,1,1,2024,W4404876711,1.0
I31512782,I4829542,1,1,2024,W4404876711,1.0
I31590910,I4210144289,1,1,2024,W4404183702,1.0
I31590910,I4210165038,1,1,2024,W4404183702,1.0
I31669788,I4210089887,1,1,2024,W4399266905,1.0
I31669788,I47508984,1,1,2024,W4399266905,1.0
I31669788,I87445476,1,1,2024,W4399266905,1.0
I31669788,I93860229,1,1,2024,W4399266905,1.0
I31683504,I79891267,1,1,2024,W4391287688,1.0
I31683504,I4210134523,1,1,2024,W4396667494,1.0
I31746571,I57206974,3,3,2024,W4391681217;W4392405447;W4392544408,0.3333333333333333
I31746571,I47720641,1,1,2024,W4391724817,1.0
I31746571,I859038795,1,1,2024,W4391724817,1.0
I31746571,I91045830,1,1,2024,W4392405447,1.0
I31746571,I5023651,1,1,2024,W4393239266,1.0
I31746571,I913958620,1,1,2024,W4393239266,1.0
I31746571,I4210101348,1,1,2024,W4393906060,1.0
I31746571,I4210137199,1,1,2024,W4393906060,1.0
I31746571,I4210148560,1,1,2024,W4393906060,1.0
I31746571,I4210149092,1,1,2024,W4393906060,1.0
I31746571,I4210165038,1,1,2024,W4393906060,1.0
I31746571,I62916508,1,1,2024,W4393906060,1.0
I31746571,I74801974,1,1,2024,W4393906060,1.0
I31746571,I76569877,1,1,2024,W4393906060,1.0
I31746571,I80606768,1,1,2024,W4393906060,1.0
I31746571,I899635006,1,1,2024,W4393906060,1.0
I31746571,I4210135670,1,1,2024,W4396818449,1.0
I31746571,I887064364,1,1,2024,W4396818449,1.0
I31746571,I92446798,1,1,2024,W4400082006,1.0
I31746571,I4210086892,1,1,2024,W4401420184,1.0
I31746571,I4210142128,1,1,2024,W4401478064,1.0
I31746571,I42894916,1,1,2024,W4401478064,1.0
I31746571,I4210100255,1,1,2024,W4402396688,1.0
I31746571,I4210158445,1,1,2024,W4402396688,1.0
I31746571,I66513531,1,1,2024,W4402446610,1.0
I31746571,I99043593,1,1,2024,W4402988549,1.0
I31746571,I40120149,1,1,2024,W4403371192,1.0
I31746571,I56590836,1,1,2024,W4404734388,1.0
I31746571,I80143920,1,1,2024,W4405181589,1.0
I3197470489,I40120149,1,1,2024,W4401815218,1.0
I3197470489,I4210096592,1,1,2024,W4401815218,1.0
I3197470489,I4210099336,2,2,2024,W4401815218;W4403601051,0.5
I3197470489,I4210113480,1,1,2024,W4401815218,1.0
I3197470489,I4210119109,1,1,2024,W4401815218,1.0
I3197470489,I4210119138,1,1,2024,W4401815218,1.0
I3197470489,I66946132,1,1,2024,W4401815218,1.0
I3197470489,I68891433,1,1,2024,W4401815218,1.0
I3197470489,I74973139,2,2,2024,W4401815218;W4403601051,0.5
I3197470489,I97018004,1,1,2024,W4401815218,1.0
I3197470489,RAW_META,1,1,2024,W4401815218,1.0
I319874951,I79619799,1,1,2024,W4399300622,1.0
I32021983,I4210085968,1,1,2024,W4393176674,1.0
I32399674,I4210119246,1,1,2024,W4399070603,1.0
I32399674,I4210152380,1,1,2024,W4399070603,1.0
I324100,I83909951,1,1,2024,W4396685186,1.0
I32574673,I3923682,1,1,2024,W4405568301,1.0
I32574673,I4210115456,1,1,2024,W4405568301,1.0
I32574673,I4210132813,1,1,2024,W4405568301,1.0
I32574673,I4210136596,1,1,2024,W4405568301,1.0
I32574673,I4210153856,1,1,2024,W4405568301,1.0
I32574673,I4210154929,1,1,2024,W4405568301,1.0
I32597200,I4210137306,1,1,2024,W4393055385,1.0
I32597200,I97018004,1,1,2024,W4393055385,1.0
I32597200,I4210100529,1,1,2024,W4400745921,1.0
I32597200,I32971472,1,1,2024,W4404764563,1.0
I32597200,I36234482,1,1,2024,W4404764563,1.0
I32597200,I40120149,1,1,2024,W4404764563,1.0
I32597200,I4210094062,1,1,2024,W4404764563,1.0
I32597200,I4210098931,1,1,2024,W4404764563,1.0
I32597200,I4210126907,1,1,2024,W4404764563,1.0
I32597200,I4210128584,1,1,2024,W4404764563,1.0
I32597200,I4210130445,1,1,2024,W4404764563,1.0
I32597200,I4210134158,1,1,2024,W4404764563,1.0
I32597200,I4210134550,1,1,2024,W4404764563,1.0
I32597200,I4210143801,1,1,2024,W4404764563,1.0
I32597200,I4210144746,1,1,2024,W4404764563,1.0
I32597200,I4210157294,1,1,2024,W4404764563,1.0
I32597200,I4210158500,1,1,2024,W4404764563,1.0
I32597200,I4387152376,1,1,2024,W4404764563,1.0
I32597200,I44260953,1,1,2024,W4404764563,1.0
I32597200,I45129253,1,1,2024,W4404764563,1.0
I32597200,I57206974,1,1,2024,W4404764563,1.0
I32597200,I62916508,1,1,2024,W4404764563,1.0
I32597200,I63966007,1,1,2024,W4404764563,1.0
I32597200,I78757542,1,1,2024,W4404764563,1.0
I32597200,I79576946,1,1,2024,W4404764563,1.0
I32597200,I8087733,1,1,2024,W4404764563,1.0
I32597200,I8204097,1,1,2024,W4404764563,1.0
I32597200,I91727514,1,1,2024,W4404764563,1.0
I32597200,I97565354,1,1,2024,W4404764563,1.0
I32597200,I98677209,1,1,2024,W4404764563,1.0
I32619867,I4210107738,1,1,2024,W4396757885,1.0
I32619867,I4400009028,1,1,2024,W4396757885,1.0
I32619867,I63601056,1,1,2024,W4396757885,1.0
I32762134,I60342839,1,1,2024,W4393235577,1.0
I32915989,I4210092806,1,1,2024,W4401633394,1.0
I32915989,I4210103779,1,1,2024,W4401633394,1.0
I32915989,I4210160792,1,1,2024,W4401633394,1.0
I32971472,I901861585,1,1,2024,W4390607929,1.0
I32971472,I919571938,5,5,2024,W4390607929;W4393094733;W4395067526;W4398221084;W4399317253,0.2
I32971472,I4210127509,2,2,2024,W4391109864;W4403862062,0.5
I32971472,I57206974,3,3,2024,W4391109864;W4391922002;W4404764563,0.3333333333333333
I32971472,I4210093798,1,1,2024,W4391292768,1.0
I32971472,I4210109390,2,2,2024,W4391292768;W4393094733,0.5
I32971472,I40120149,3,3,2024,W4391922002;W4399070176;W4404764563,0.3333333333333333
I32971472,I4210102044,1,1,2024,W4391922002,1.0
I32971472,I4210117499,2,2,2024,W4391922002;W4393203759,0.5
I32971472,I4210146410,1,1,2024,W4391922002,1.0
I32971472,I91045830,1,1,2024,W4391922002,1.0
I32971472,I98704320,1,1,2024,W4391922002,1.0
I32971472,I9927081,1,1,2024,W4392376410,1.0
I32971472,I8204097,2,2,2024,W4392384010;W4404764563,0.5
I32971472,I66514158,1,1,2024,W4392630848,1.0
I32971472,I4210149691,1,1,2024,W4393094733,1.0
I32971472,I4210117211,1,1,2024,W4393215948,1.0
I32971472,I4210115126,1,1,2024,W4393862353,1.0
I32971472,I5124864,1,1,2024,W4393862353,1.0
I32971472,I7495430,1,1,2024,W4393862353,1.0
I32971472,I93593358,1,1,2024,W4393862353,1.0
I32971472,I4210117453,1,1,2024,W4395067201,1.0
I32971472,I4210161994,1,1,2024,W4395067201,1.0
I32971472,I63966007,2,2,2024,W4395067201;W4404764563,0.5
I32971472,I58956616,2,2,2024,W4395067526;W4401539500,0.5
I32971472,I9360294,1,1,2024,W4396718796,1.0
I32971472,I889458895,1,1,2024,W4396832363,1.0
I32971472,I4210093194,1,1,2024,W4396936305,1.0
I32971472,I4210100255,1,1,2024,W4396936305,1.0
I32971472,I4210128910,1,1,2024,W4396936305,1.0
I32971472,I4391012619,1,1,2024,W4396936305,1.0
I32971472,I33213144,1,1,2024,W4398221084,1.0
I32971472,I4210128584,2,2,2024,W4399070176;W4404764563,0.5
I32971472,I4210163047,1,1,2024,W4399211335,1.0
I32971472,I4210137306,1,1,2024,W4400047099,1.0
I32971472,I97018004,2,2,2024,W4400047099;W4400656170,0.5
I32971472,I37461747,1,1,2024,W4400657362,1.0
I32971472,I4210140357,1,1,2024,W4400657362,1.0
I32971472,I4210140884,1,1,2024,W4400657362,1.0
I32971472,I4210149717,1,1,2024,W4400657362,1.0
I32971472,I4210100400,1,1,2024,W4401539500,1.0
I32971472,I4210147348,1,1,2024,W4401539500,1.0
I32971472,I4210094406,1,1,2024,W4402055147,1.0
I32971472,I4210103180,1,1,2024,W4402055147,1.0
I32971472,I4210111164,1,1,2024,W4402055147,1.0
I32971472,I4210125590,1,1,2024,W4402055147,1.0
I32971472,I4210158373,1,1,2024,W4402055147,1.0
I32971472,I47508984,1,1,2024,W4402055147,1.0
I32971472,I91123046,1,1,2024,W4402055147,1.0
I32971472,I4210117418,1,1,2024,W4403862062,1.0
I32971472,I36234482,1,1,2024,W4404764563,1.0
I32971472,I4210094062,1,1,2024,W4404764563,1.0
I32971472,I4210098931,1,1,2024,W4404764563,1.0
I32971472,I4210126907,1,1,2024,W4404764563,1.0
I32971472,I4210130445,1,1,2024,W4404764563,1.0
I32971472,I4210134158,1,1,2024,W4404764563,1.0
I32971472,I4210134550,1,1,2024,W4404764563,1.0
I32971472,I4210143801,1,1,2024,W4404764563,1.0
I32971472,I4210144746,1,1,2024,W4404764563,1.0
I32971472,I4210157294,1,1,2024,W4404764563,1.0
I32971472,I4210158500,1,1,2024,W4404764563,1.0
I32971472,I4387152376,1,1,2024,W4404764563,1.0
I32971472,I44260953,1,1,2024,W4404764563,1.0
I32971472,I45129253,1,1,2024,W4404764563,1.0
I32971472,I62916508,1,1,2024,W4404764563,1.0
I32971472,I78757542,1,1,2024,W4404764563,1.0
I32971472,I79576946,1,1,2024,W4404764563,1.0
I32971472,I8087733,1,1,2024,W4404764563,1.0
I32971472,I91727514,1,1,2024,W4404764563,1.0
I32971472,I97565354,1,1,2024,W4404764563,1.0
I32971472,I98677209,1,1,2024,W4404764563,1.0
I330495657,I45129253,1,1,2024,W4401443596,1.0
I330495657,I57206974,1,1,2024,W4401443596,1.0
I33213144,I37696226,1,1,2024,W4390705612,1.0
I33213144,I78577930,2,2,2024,W4390705612;W4392755271,0.5
I33213144,I94062374,1,1,2024,W4390705612,1.0
I33213144,I98677209,1,1,2024,W4390705612,1.0
I33213144,I4210159873,1,1,2024,W4390970405,1.0
I33213144,I62916508,1,1,2024,W4390970405,1.0
I33213144,I63966007,1,1,2024,W4390970405,1.0
I33213144,I97018004,2,2,2024,W4390970405;W4399367209,0.5
I33213144,I79576946,1,1,2024,W4392755271,1.0
I33213144,I921990950,1,1,2024,W4392755271,1.0
I33213144,I98704320,1,1,2024,W4392755271,1.0
I33213144,I99464096,1,1,2024,W4392755271,1.0
I33213144,I4210127875,2,2,2024,W4393187333;W4401435830,0.5
I33213144,I4390039331,1,1,2024,W4393187333,1.0
I33213144,I59553526,1,1,2024,W4394591980,1.0
I33213144,I919571938,1,1,2024,W4398221084,1.0
I33213144,I4210165038,1,1,2024,W4403612632,1.0
I33213144,I55712492,1,1,2024,W4403612632,1.0
I33213144,I40253897,1,1,2024,W4403648106,1.0
I33213144,I56590836,1,1,2024,W4403648106,1.0
I33256026,I4392021234,1,1,2024,W4401224724,1.0
I33339663,I63920570,1,1,2024,W4394938439,1.0
I33586908,I4210131147,1,1,2024,W4394828356,1.0
I33586908,I4401726783,1,1,2024,W4394828356,1.0
I33586908,I48890080,1,1,2024,W4394828356,1.0
I33586908,I74319210,1,1,2024,W4394828356,1.0
I33586908,I876193797,1,1,2024,W4394828356,1.0
I33849332,I4210100255,1,1,2024,W4390577395,1.0
I33849332,I4210106442,1,1,2024,W4390577395,1.0
I33849332,I4210116869,1,1,2024,W4390577395,1.0
I33849332,I4210116917,1,1,2024,W4390577395,1.0
I33849332,I4210124134,1,1,2024,W4390577395,1.0
I33849332,I4210128921,1,1,2024,W4390577395,1.0
I33849332,I4210144482,1,1,2024,W4390577395,1.0
I33849332,I4210153550,1,1,2024,W4390577395,1.0
I33849332,I47508984,1,1,2024,W4390577395,1.0
I33849332,I99065089,1,1,2024,W4390577395,1.0
I33849332,I68649149,1,1,2024,W4396948360,1.0
I33849332,I79156528,1,1,2024,W4400400100,1.0
I34002243,I4210114577,1,1,2024,W4392183453,1.0
I34077901,I4210122547,1,1,2024,W4393317046,1.0
I34077901,I4210141669,1,1,2024,W4393317046,1.0
I34077901,I4210157775,1,1,2024,W4393317046,1.0
I34077901,I4387152983,1,1,2024,W4393317046,1.0
I34077901,I60134161,1,1,2024,W4393317046,1.0
I34077901,I74801974,1,1,2024,W4393317046,1.0
I34077901,I98285908,2,2,2024,W4393317046;W4394992675,0.5
I34077901,I64926303,1,1,2024,W4394992675,1.0
I34077901,I90023481,1,1,2024,W4394992675,1.0
I34250744,I4210101585,1,1,2024,W4399035759,1.0
I34352273,I4210117453,3,3,2024,W4390745503;W4392850630;W4404946452,0.3333333333333333
I34352273,I4210161994,3,3,2024,W4390745503;W4392850630;W4404946452,0.3333333333333333
I34352273,I4210164862,2,2,2024,W4390745503;W4392850630,0.5
I34352273,I48633490,3,3,2024,W4390745503;W4392850630;W4404946452,0.3333333333333333
I34352273,I36788626,1,1,2024,W4404946452,1.0
I34352273,I4210150980,1,1,2024,W4404946452,1.0
I34574549,I66867065,1,1,2024,W4401515033,1.0
I34809795,I4210108778,1,1,2024,W4397003633,1.0
I34809795,I4210111460,1,1,2024,W4397003633,1.0
I34809795,I4210156450,1,1,2024,W4397003633,1.0
I34809795,I887968799,2,2,2024,W4397003633;W4400831136,0.5
I34809795,I4210137873,1,1,2024,W4400831136,1.0
I34809795,I60668342,1,1,2024,W4400831136,1.0
I34931013,I45129253,1,1,2024,W4390571745,1.0
I34931013,I887064364,1,1,2024,W4390571745,1.0
I34949971,I4391767752,1,1,2024,W4396655986,1.0
I34949971,I44445938,1,1,2024,W4396655986,1.0
I34949971,I55712492,1,1,2024,W4396655986,1.0
I34949971,I71920554,1,1,2024,W4396655986,1.0
I34949971,I76130692,1,1,2024,W4396655986,1.0
I35440088,I4210137357,2,2,2024,W4400573541;W4404707745,0.5
I35440088,I4210126328,2,2,2024,W4402373303;W4404961535,0.5
I35440088,I4210137807,1,1,2024,W4402373303,1.0
I35440088,I62318514,1,1,2024,W4402373303,1.0
I35440088,I76134821,1,1,2024,W4402373303,1.0
I35440088,I97565354,1,1,2024,W4402373303,1.0
I35440088,RAW_NVIDIA,1,1,2024,W4402722906,1.0
I35440088,I3923682,1,1,2024,W4402961784,1.0
I35440088,I881766915,1,1,2024,W4402961784,1.0
I35440088,I99464096,1,1,2024,W4403049104,1.0
I35440088,I4210100468,1,1,2024,W4403805874,1.0
I35440088,I58918642,1,1,2024,W4404601200,1.0
I35440088,I40347166,1,1,2024,W4404961535,1.0
I35440088,I4210105402,1,1,2024,W4404961535,1.0
I35440088,I4210125814,1,1,2024,W4404961535,1.0
I35440088,I4210145784,1,1,2024,W4404961535,1.0
I35440088,I4210166615,1,1,2024,W4404961535,1.0
I35440088,I47099075,1,1,2024,W4404961535,1.0
I35440088,I5124864,1,1,2024,W4404961535,1.0
I35440088,I92507152,1,1,2024,W4404961535,1.0
I35440088,I82880672,1,1,2024,W4405887239,1.0
I35440088,I889458895,1,1,2024,W4405887239,1.0
I35928602,I44461941,2,2,2024,W4390828922;W4399665748,0.5
I35928602,I82497590,1,1,2024,W4390828922,1.0
I35928602,I848706,1,1,2024,W4390828922,1.0
I35928602,I4210087059,1,1,2024,W4399665748,1.0
I35928602,I76130692,1,1,2024,W4399665748,1.0
I35928602,I99065089,1,1,2024,W4399665748,1.0
I35961687,I4210091499,1,1,2024,W4405763549,1.0
I35961687,I4210114445,1,1,2024,W4405763549,1.0
I35961687,I4210128618,1,1,2024,W4405763549,1.0
I35961687,I4210148284,1,1,2024,W4405763549,1.0
I35961687,I4210150261,1,1,2024,W4405763549,1.0
I35961687,I4210153126,1,1,2024,W4405763549,1.0
I35961687,I60053951,1,1,2024,W4405763549,1.0
I35961687,I867280407,1,1,2024,W4405763549,1.0
I36234482,I63190737,1,1,2024,W4393002303,1.0
I36234482,I97018004,1,1,2024,W4393002303,1.0
I36234482,I4210160053,1,1,2024,W4396807129,1.0
I36234482,I43439940,1,1,2024,W4396807129,1.0
I36234482,I79510175,1,1,2024,W4396807129,1.0
I36234482,I98677209,2,2,2024,W4396807129;W4404764563,0.5
I36234482,I57093077,1,1,2024,W4396955873,1.0
I36234482,I91045830,1,1,2024,W4398141811,1.0
I36234482,I4210136757,1,1,2024,W4401016871,1.0
I36234482,I40120149,1,1,2024,W4404764563,1.0
I36234482,I4210094062,1,1,2024,W4404764563,1.0
I36234482,I4210098931,1,1,2024,W4404764563,1.0
I36234482,I4210126907,1,1,2024,W4404764563,1.0
I36234482,I4210128584,1,1,2024,W4404764563,1.0
I36234482,I4210130445,1,1,2024,W4404764563,1.0
I36234482,I4210134158,1,1,2024,W4404764563,1.0
I36234482,I4210134550,1,1,2024,W4404764563,1.0
I36234482,I4210143801,1,1,2024,W4404764563,1.0
I36234482,I4210144746,1,1,2024,W4404764563,1.0
I36234482,I4210157294,1,1,2024,W4404764563,1.0
I36234482,I4210158500,1,1,2024,W4404764563,1.0
I36234482,I4387152376,1,1,2024,W4404764563,1.0
I36234482,I44260953,1,1,2024,W4404764563,1.0
I36234482,I45129253,1,1,2024,W4404764563,1.0
I36234482,I57206974,1,1,2024,W4404764563,1.0
I36234482,I62916508,1,1,2024,W4404764563,1.0
I36234482,I63966007,1,1,2024,W4404764563,1.0
I36234482,I78757542,1,1,2024,W4404764563,1.0
I36234482,I79576946,1,1,2024,W4404764563,1.0
I36234482,I8087733,1,1,2024,W4404764563,1.0
I36234482,I8204097,1,1,2024,W4404764563,1.0
I36234482,I91727514,1,1,2024,W4404764563,1.0
I36234482,I97565354,1,1,2024,W4404764563,1.0
I36258959,I4210128526,1,1,2024,W4391338604,1.0
I36258959,I4210134769,2,2,2024,W4391338604;W4400921803,0.5
I36258959,I45438204,1,1,2024,W4391338604,1.0
I36258959,I4210114444,1,1,2024,W4391940619,1.0
I36258959,I4210128585,1,1,2024,W4391940619,1.0
I36258959,I4210096602,1,1,2024,W4393149524,1.0
I36258959,I45129253,2,2,2024,W4393904418;W4404587114,0.5
I36258959,I63966007,2,2,2024,W4393904418;W4404587114,0.5
I36258959,I4210137306,2,2,2024,W4394890393;W4403420208,0.5
I36258959,I4210149736,1,1,2024,W4394890393,1.0
I36258959,I97018004,3,3,2024,W4394890393;W4395112660;W4403420208,0.3333333333333333
I36258959,I74973139,1,1,2024,W4395112660,1.0
I36258959,I99065089,3,3,2024,W4395112660;W4402727440;W4402753641,0.3333333333333333
I36258959,I4210157590,1,1,2024,W4399408840,1.0
I36258959,I79576946,1,1,2024,W4400878080,1.0
I36258959,I78988378,2,2,2024,W4400909953;W4405643374,0.5
I36258959,I4210087915,1,1,2024,W4400921803,1.0
I36258959,I4210139686,1,1,2024,W4400921803,1.0
I36258959,I4210153792,1,1,2024,W4400921803,1.0
I36258959,I4210155647,1,1,2024,W4400921803,1.0
I36258959,I4387153466,1,1,2024,W4400921803,1.0
I36258959,I4388891891,1,1,2024,W4400921803,1.0
I36258959,I57206974,2,2,2024,W4400921803;W4402727815,0.5
I36258959,I58956616,1,1,2024,W4400921803,1.0
I36258959,I79620101,1,1,2024,W4400921803,1.0
I36258959,I867280407,1,1,2024,W4400921803,1.0
I36258959,I4210140900,1,1,2024,W4402567773,1.0
I36258959,I6902469,1,1,2024,W4402754104,1.0
I36258959,I4210101327,1,1,2024,W4403334501,1.0
I36258959,I39422238,1,1,2024,W4404658388,1.0
I36258959,I4210155268,1,1,2024,W4404658388,1.0
I36258959,I82880672,1,1,2024,W4404658388,1.0
I36258959,I87216513,1,1,2024,W4404658388,1.0
I36258959,I99043593,1,1,2024,W4404658388,1.0
I36373038,I4210098034,1,1,2024,W4402053335,1.0
I36373038,I4210130649,2,2,2024,W4402053335;W4404167537,0.5
I36373038,I4210140884,2,2,2024,W4402053335;W4404167537,0.5
I36373038,I4210159865,1,1,2024,W4402053335,1.0
I36373038,I58956616,2,2,2024,W4402053335;W4404167537,0.5
I36373038,I4210114115,1,1,2024,W4404167537,1.0
I36373038,I4210158374,1,1,2024,W4404167537,1.0
I36373038,I4210167297,1,1,2024,W4404167537,1.0
I36373038,I95240055,1,1,2024,W4404167537,1.0
I36399199,I4210113480,1,1,2024,W4394627652,1.0
I36399199,I4210165038,1,1,2024,W4394627652,1.0
I36399199,I90610280,1,1,2024,W4394627652,1.0
I36399199,I67415387,1,1,2024,W4403791653,1.0
I36399199,I9842412,1,1,2024,W4403791653,1.0
I36672615,I4210086933,1,1,2024,W4395688431,1.0
I36672615,I57206974,1,1,2024,W4395688431,1.0
I36788626,I4210099236,1,1,2024,W4396512602,1.0
I36788626,I4210142583,1,1,2024,W4396512602,1.0
I36788626,I53964585,1,1,2024,W4396512602,1.0
I36788626,I71920554,1,1,2024,W4396512602,1.0
I36788626,I8204097,1,1,2024,W4396512602,1.0
I36788626,I95457486,1,1,2024,W4396512602,1.0
I36788626,I97018004,2,2,2024,W4396512602;W4404518490,0.5
I36788626,I4210107260,1,1,2024,W4399563687,1.0
I36788626,I79576946,1,1,2024,W4400770292,1.0
I36788626,I4210117453,1,1,2024,W4404946452,1.0
I36788626,I4210150980,1,1,2024,W4404946452,1.0
I36788626,I4210161994,1,1,2024,W4404946452,1.0
I36788626,I48633490,1,1,2024,W4404946452,1.0
I37461747,I4210125402,1,1,2024,W4391305855,1.0
I37461747,I53592917,1,1,2024,W4396723505,1.0
I37461747,I4210118728,5,5,2024,W4399344797;W4399422320;W4402643477;W4402917173;W4403295779,0.2
I37461747,I40963666,1,1,2024,W4399785296,1.0
I37461747,I4210113795,1,1,2024,W4399785296,1.0
I37461747,I5023651,1,1,2024,W4399785296,1.0
I37461747,I4210145761,1,1,2024,W4399813700,1.0
I37461747,I4391012619,1,1,2024,W4399813700,1.0
I37461747,I4210110560,1,1,2024,W4400448283,1.0
I37461747,I4210140357,1,1,2024,W4400657362,1.0
I37461747,I4210140884,1,1,2024,W4400657362,1.0
I37461747,I4210149717,1,1,2024,W4400657362,1.0
I37461747,I4210144143,1,1,2024,W4402783879,1.0
I37461747,I4210144487,1,1,2024,W4402783879,1.0
I37461747,I76130692,1,1,2024,W4403203873,1.0
I37461747,I4210091706,1,1,2024,W4403295779,1.0
I37461747,I4210137199,1,1,2024,W4403295779,1.0
I37461747,I97018004,1,1,2024,W4403295779,1.0
I37696226,I78577930,1,1,2024,W4390705612,1.0
I37696226,I94062374,1,1,2024,W4390705612,1.0
I37696226,I98677209,1,1,2024,W4390705612,1.0
I37796252,I4210123185,1,1,2024,W4390692489,1.0
I37796252,I56590836,1,1,2024,W4390692489,1.0
I37796252,I4210112150,1,1,2024,W4400071543,1.0
I37796252,I82880672,1,1,2024,W4400071543,1.0
I37796252,I4210094879,1,1,2024,W4405429237,1.0
I37987034,I4210121678,1,1,2024,W4392645685,1.0
I38186990,I4210108054,1,1,2024,W4393149408,1.0
I38186990,I4210119174,1,1,2024,W4393149408,1.0
I38186990,I66513531,1,1,2024,W4393149408,1.0
I385303915,I4210105686,1,1,2024,W4402311284,1.0
I385303915,I4210117106,1,1,2024,W4402311284,1.0
I38877650,I4210094836,1,1,2024,W4399028826,1.0
I38877650,I4210113254,1,1,2024,W4399028826,1.0
I38877650,I4210133534,1,1,2024,W4399028826,1.0
I38877650,I4210144384,1,1,2024,W4399028826,1.0
I38877650,I5740404,1,1,2024,W4399028826,1.0
I39012071,I4210110652,1,1,2024,W4392902325,1.0
I39012071,I46980622,1,1,2024,W4392902325,1.0
I39012071,I60134161,1,1,2024,W4392902325,1.0
I39012071,I84985371,1,1,2024,W4392902325,1.0
I39012071,I98940699,1,1,2024,W4392902325,1.0
I39063666,I45084792,1,1,2024,W4396899513,1.0
I39063666,I900890020,1,1,2024,W4401362072,1.0
I392282,I63135867,1,1,2024,W4402118358,1.0
I392282,I78715868,1,1,2024,W4402753847,1.0
I3923682,I4210124531,1,1,2024,W4394740284,1.0
I3923682,I4210141719,1,1,2024,W4394740284,1.0
I3923682,I4210145330,1,1,2024,W4394740284,1.0
I3923682,I4210153519,1,1,2024,W4394740284,1.0
I3923682,I4392738115,1,1,2024,W4394740284,1.0
I3923682,I76214153,1,1,2024,W4394740284,1.0
I3923682,I881766915,2,2,2024,W4402961784;W4403792257,0.5
I3923682,I74973139,1,1,2024,W4403760963,1.0
I3923682,I4210112150,1,1,2024,W4403792257,1.0
I3923682,I4210165038,1,1,2024,W4403792257,1.0
I3923682,I4210115456,1,1,2024,W4405568301,1.0
I3923682,I4210132813,1,1,2024,W4405568301,1.0
I3923682,I4210136596,1,1,2024,W4405568301,1.0
I3923682,I4210153856,1,1,2024,W4405568301,1.0
I3923682,I4210154929,1,1,2024,W4405568301,1.0
I39343248,I4210120689,1,1,2024,W4392983247,1.0
I39343248,I4210148371,1,1,2024,W4392983247,1.0
I39343248,I62916508,2,2,2024,W4392983247;W4401009855,0.5
I39343248,I7877124,3,3,2024,W4392983247;W4399478575;W4400228569,0.3333333333333333
I39343248,I4210113795,2,2,2024,W4399478575;W4400228569,0.5
I39343248,I4210119234,2,2,2024,W4399478575;W4400228569,0.5
I39343248,I4210126517,2,2,2024,W4399478575;W4400228569,0.5
I39343248,I4210144384,2,2,2024,W4399478575;W4400228569,0.5
I39343248,I4210156804,2,2,2024,W4399478575;W4400228569,0.5
I39343248,I5740404,1,1,2024,W4399478575,1.0
I39343248,I75951250,2,2,2024,W4399478575;W4400228569,0.5
I39343248,I4210131871,1,1,2024,W4400228569,1.0
I39343248,I40120149,1,1,2024,W4402713326,1.0
I39343248,I4210090411,1,1,2024,W4402713326,1.0
I39343248,I4210113297,1,1,2024,W4402713326,1.0
I39343248,I4210119286,1,1,2024,W4402713326,1.0
I39343248,I4210120221,1,1,2024,W4402713326,1.0
I39343248,I4210143272,1,1,2024,W4402713326,1.0
I39343248,I4210164149,1,1,2024,W4402713326,1.0
I39343248,I42934936,1,1,2024,W4402713326,1.0
I39343248,I4387154616,1,1,2024,W4402713326,1.0
I39343248,I45129253,1,1,2024,W4402713326,1.0
I39343248,I4923324,1,1,2024,W4402713326,1.0
I39343248,I63966007,1,1,2024,W4402713326,1.0
I39343248,I74973139,1,1,2024,W4402713326,1.0
I39343248,I97018004,1,1,2024,W4402713326,1.0
I39343248,I98259816,1,1,2024,W4402713326,1.0
I39343248,I55952717,1,1,2024,W4404349757,1.0
I39343248,I57206974,1,1,2024,W4404349757,1.0
I39343248,I919571938,1,1,2024,W4404349757,1.0
I39343248,I4210110490,1,1,2024,W4405616956,1.0
I39343248,I76198965,1,1,2024,W4405616956,1.0
I39422238,I4210094879,1,1,2024,W4391136507,1.0
I39422238,I4210113369,1,1,2024,W4391136507,1.0
I39422238,I74973139,1,1,2024,W4391136507,1.0
I39422238,I40347166,2,2,2024,W4391821797;W4403747099,0.5
I39422238,I4210087915,1,1,2024,W4398766485,1.0
I39422238,I4210159521,1,1,2024,W4398766485,1.0
I39422238,I87208437,1,1,2024,W4398766485,1.0
I39422238,I73417466,1,1,2024,W4399389941,1.0
I39422238,I4210122543,2,2,2024,W4401709416;W4403499178,0.5
I39422238,I4210164332,1,1,2024,W4401709416,1.0
I39422238,I99065089,1,1,2024,W4402169037,1.0
I39422238,I4210155268,1,1,2024,W4404658388,1.0
I39422238,I82880672,1,1,2024,W4404658388,1.0
I39422238,I87216513,1,1,2024,W4404658388,1.0
I39422238,I99043593,1,1,2024,W4404658388,1.0
I39422238,I55732556,1,1,2024,W4405003679,1.0
I39534123,I59805279,1,1,2024,W4390660356,1.0
I39555362,I40120149,1,1,2024,W4392405493,1.0
I39555362,I4210089887,1,1,2024,W4402741065,1.0
I39555362,I4210104735,1,1,2024,W4402741065,1.0
I39555362,I4210156703,1,1,2024,W4402741065,1.0
I39555362,I4210167379,1,1,2024,W4402741065,1.0
I39555362,I47508984,1,1,2024,W4402741065,1.0
I39555362,I52099693,1,1,2024,W4404132323,1.0
I39586589,I84392919,1,1,2024,W4390813455,1.0
I39586589,I9927081,1,1,2024,W4390813455,1.0
I39586589,I56007636,1,1,2024,W4391644905,1.0
I39586589,I4210102606,1,1,2024,W4396748050,1.0
I39586589,I4210110652,1,1,2024,W4396748050,1.0
I39586589,I4210116924,1,1,2024,W4396748050,1.0
I39804081,I4210091279,1,1,2024,W4398144060,1.0
I39804081,I4210091437,2,2,2024,W4398144060;W4404448333,0.5
I39804081,I4210097159,1,1,2024,W4398144060,1.0
I39804081,I4387154308,1,1,2024,W4398144060,1.0
I39804081,I4394709234,1,1,2024,W4398144060,1.0
I39804081,I4210103330,1,1,2024,W4404448333,1.0
I39804081,I4210156583,1,1,2024,W4404448333,1.0
I39804081,I71209653,1,1,2024,W4404448333,1.0
I39804081,I4210141120,1,1,2024,W4404876711,1.0
I39804081,I4829542,1,1,2024,W4404876711,1.0
I39854758,I4210109447,1,1,2024,W4391078387,1.0
I39854758,I67415387,1,1,2024,W4391078387,1.0
I39854758,I74656192,1,1,2024,W4391078387,1.0
I39854758,I4210152127,1,1,2024,W4398147071,1.0
I39854758,I8078737,1,1,2024,W4398147071,1.0
I39965400,I4210127509,1,1,2024,W4403350553,1.0
I39965400,I4210151462,1,1,2024,W4403350553,1.0
I39965400,I78577930,1,1,2024,W4403350553,1.0
I40034438,I4210120221,1,1,2024,W4396608701,1.0
I40034438,I4210142934,1,1,2024,W4396608701,1.0
I40034438,I52977244,1,1,2024,W4396608701,1.0
I40034438,I904495901,1,1,2024,W4396608701,1.0
I40120149,I4210102044,1,1,2024,W4391922002,1.0
I40120149,I4210117499,1,1,2024,W4391922002,1.0
I40120149,I4210146410,7,7,2024,W4391922002;W4399803256;W4400949264;W4401386940;W4401591651;W4403878709;W4404136417,0.14285714285714285
I40120149,I57206974,2,2,2024,W4391922002;W4404764563,0.5
I40120149,I91045830,1,1,2024,W4391922002,1.0
I40120149,I98704320,1,1,2024,W4391922002,1.0
I40120149,I44430492,1,1,2024,W4392109933,1.0
I40120149,I5023651,2,2,2024,W4392109933;W4403090726,0.5
I40120149,I56590836,2,2,2024,W4392109933;W4404070753,0.5
I40120149,I68666633,1,1,2024,W4392109933,1.0
I40120149,I79576946,2,2,2024,W4392109933;W4404764563,0.5
I40120149,I4403386549,1,1,2024,W4393148063,1.0
I40120149,I8204097,3,3,2024,W4393148063;W4402727190;W4404764563,0.3333333333333333
I40120149,I4210110431,2,2,2024,W4394718179;W4405194591,0.5
I40120149,I5124864,2,2,2024,W4394718179;W4405194591,0.5
I40120149,I63966007,3,3,2024,W4394718179;W4402713326;W4404764563,0.3333333333333333
I40120149,I71209653,1,1,2024,W4395025834,1.0
I40120149,I4210105015,2,2,2024,W4395026179;W4399737726,0.5
I40120149,I4210116208,1,1,2024,W4395026179,1.0
I40120149,I4210116917,3,3,2024,W4395026179;W4399737726;W4405079446,0.3333333333333333
I40120149,I4210126319,2,2,2024,W4395026179;W4399737726,0.5
I40120149,I4210137145,2,2,2024,W4395026179;W4399737726,0.5
I40120149,I4210137306,1,1,2024,W4395026179,1.0
I40120149,I4210146690,1,1,2024,W4395026179,1.0
I40120149,I4210150290,2,2,2024,W4395026179;W4399737726,0.5
I40120149,I4210162189,2,2,2024,W4395026179;W4399737726,0.5
I40120149,I61628605,1,1,2024,W4395026179,1.0
I40120149,I97018004,5,5,2024,W4395026179;W4399737726;W4401815218;W4402713326;W4404070753,0.2
I40120149,I4210128584,2,2,2024,W4399070176;W4404764563,0.5
I40120149,I4210113297,2,2,2024,W4399363470;W4402713326,0.5
I40120149,I45129253,4,4,2024,W4399363470;W4402713326;W4403090726;W4404764563,0.25
I40120149,RAW_COHERE,1,1,2024,W4399363470,1.0
I40120149,I4210127509,1,1,2024,W4400949264,1.0
I40120149,I47508984,2,2,2024,W4400949264;W4405079446,0.5
I40120149,I98677209,2,2,2024,W4400949264;W4404764563,0.5
I40120149,I4210136793,1,1,2024,W4401386940,1.0
I40120149,I4210096592,1,1,2024,W4401815218,1.0
I40120149,I4210099336,1,1,2024,W4401815218,1.0
I40120149,I4210113480,1,1,2024,W4401815218,1.0
I40120149,I4210119109,1,1,2024,W4401815218,1.0
I40120149,I4210119138,1,1,2024,W4401815218,1.0
I40120149,I66946132,1,1,2024,W4401815218,1.0
I40120149,I68891433,1,1,2024,W4401815218,1.0
I40120149,I74973139,2,2,2024,W4401815218;W4402713326,0.5
I40120149,RAW_META,1,1,2024,W4401815218,1.0
I40120149,I4210090411,1,1,2024,W4402713326,1.0
I40120149,I4210119286,1,1,2024,W4402713326,1.0
I40120149,I4210120221,1,1,2024,W4402713326,1.0
I40120149,I4210143272,1,1,2024,W4402713326,1.0
I40120149,I4210164149,1,1,2024,W4402713326,1.0
I40120149,I42934936,1,1,2024,W4402713326,1.0
I40120149,I4387154616,1,1,2024,W4402713326,1.0
I40120149,I4923324,1,1,2024,W4402713326,1.0
I40120149,I98259816,1,1,2024,W4402713326,1.0
I40120149,I62916508,3,3,2024,W4402727190;W4402816687;W4404764563,0.3333333333333333
I40120149,I889458895,1,1,2024,W4402753728,1.0
I40120149,I58064216,1,1,2024,W4403562066,1.0
I40120149,I4210100468,1,1,2024,W4404136417,1.0
I40120149,I4210166406,1,1,2024,W4404333646,1.0
I40120149,I4210094062,1,1,2024,W4404764563,1.0
I40120149,I4210098931,1,1,2024,W4404764563,1.0
I40120149,I4210126907,1,1,2024,W4404764563,1.0
I40120149,I4210130445,1,1,2024,W4404764563,1.0
I40120149,I4210134158,1,1,2024,W4404764563,1.0
I40120149,I4210134550,1,1,2024,W4404764563,1.0
I40120149,I4210143801,1,1,2024,W4404764563,1.0
I40120149,I4210144746,1,1,2024,W4404764563,1.0
I40120149,I4210157294,1,1,2024,W4404764563,1.0
I40120149,I4210158500,1,1,2024,W4404764563,1.0
I40120149,I4387152376,1,1,2024,W4404764563,1.0
I40120149,I44260953,1,1,2024,W4404764563,1.0
I40120149,I78757542,1,1,2024,W4404764563,1.0
I40120149,I8087733,1,1,2024,W4404764563,1.0
I40120149,I91727514,1,1,2024,W4404764563,1.0
I40120149,I97565354,1,1,2024,W4404764563,1.0
I40120149,I4210153550,1,1,2024,W4405079446,1.0
I40120149,I99065089,1,1,2024,W4405079446,1.0
I40120149,I4210120485,1,1,2024,W4405194591,1.0
I40120149,I4210135670,1,1,2024,W4405194591,1.0
I40120149,I4405253208,1,1,2024,W4405194591,1.0
I40120149,I861853513,1,1,2024,W4405194591,1.0
I40120149,I873043661,1,1,2024,W4405194591,1.0
I40120149,I887064364,1,1,2024,W4405194591,1.0
I40120149,I4210086933,1,1,2024,W4405268957,1.0
I40120149,I4210086973,1,1,2024,W4405268957,1.0
I40120149,I4210090512,1,1,2024,W4405268957,1.0
I40120149,I4210096587,1,1,2024,W4405268957,1.0
I40120149,I4210097354,1,1,2024,W4405268957,1.0
I40120149,I4210105182,1,1,2024,W4405268957,1.0
I40120149,I4210122949,1,1,2024,W4405268957,1.0
I40120149,I4210123185,1,1,2024,W4405268957,1.0
I40120149,I4210128921,1,1,2024,W4405268957,1.0
I40120149,I4210146711,1,1,2024,W4405268957,1.0
I40120149,I4210147381,1,1,2024,W4405268957,1.0
I40120149,I4210153856,1,1,2024,W4405268957,1.0
I40120149,I4210154142,1,1,2024,W4405268957,1.0
I40120149,I4210160507,1,1,2024,W4405268957,1.0
I40120149,I58200834,1,1,2024,W4405268957,1.0
I40120149,I92039509,1,1,2024,W4405268957,1.0
I40120149,I4210108985,1,1,2024,W4405844927,1.0
I40120149,I71920554,1,1,2024,W4405844927,1.0
I40253897,I56590836,1,1,2024,W4403648106,1.0
I40279923,I4210103357,1,1,2024,W4399929547,1.0
I40347166,I4210136328,1,1,2024,W4391564343,1.0
I40347166,I4210144755,1,1,2024,W4391564343,1.0
I40347166,I913958620,1,1,2024,W4391564343,1.0
I40347166,I4210116924,2,2,2024,W4391590983;W4401176373,0.5
I40347166,I4210086933,1,1,2024,W4392191246,1.0
I40347166,I4210125099,1,1,2024,W4392191246,1.0
I40347166,I4210127401,1,1,2024,W4392191246,1.0
I40347166,I4210158428,1,1,2024,W4392191246,1.0
I40347166,I921990950,1,1,2024,W4392191246,1.0
I40347166,I97018004,3,3,2024,W4392191246;W4392366668;W4401176373,0.3333333333333333
I40347166,I98285908,1,1,2024,W4392191246,1.0
I40347166,I4210127875,1,1,2024,W4400121375,1.0
I40347166,I58610484,2,2,2024,W4400121375;W4401176373,0.5
I40347166,I86519309,1,1,2024,W4402042869,1.0
I40347166,I95457486,1,1,2024,W4402042869,1.0
I40347166,I4210105402,1,1,2024,W4404961535,1.0
I40347166,I4210125814,1,1,2024,W4404961535,1.0
I40347166,I4210126328,1,1,2024,W4404961535,1.0
I40347166,I4210145784,1,1,2024,W4404961535,1.0
I40347166,I4210166615,1,1,2024,W4404961535,1.0
I40347166,I47099075,1,1,2024,W4404961535,1.0
I40347166,I5124864,1,1,2024,W4404961535,1.0
I40347166,I92507152,1,1,2024,W4404961535,1.0
I40542001,I48566637,1,1,2024,W4394597984,1.0
I40542001,I4921948,1,1,2024,W4403863507,1.0
I4068193,I4210104882,1,1,2024,W4404932781,1.0
I4068193,I4400008918,1,1,2024,W4404932781,1.0
I40963666,I5023651,2,2,2024,W4392484188;W4399785296,0.5
I40963666,I52669646,1,1,2024,W4392484188,1.0
I40963666,I4210113795,1,1,2024,W4399785296,1.0
I41173762,I4210147955,1,1,2024,W4401069994,1.0
I41173762,I46080048,1,1,2024,W4401069994,1.0
I41198531,I4210120238,1,1,2024,W4402569092,1.0
I41725924,I4210114170,1,1,2024,W4392196456,1.0
I42014448,I4210113821,1,1,2024,W4400527014,1.0
I4210086143,I4210136793,1,1,2024,W4393160809,1.0
I4210086143,I99065089,1,1,2024,W4393160809,1.0
I4210086194,I4210160507,1,1,2024,W4396722127,1.0
I4210086407,I4210111460,1,1,2024,W4402713323,1.0
I4210086407,I4210120689,1,1,2024,W4402713323,1.0
I4210086407,I4210126310,1,1,2024,W4402713323,1.0
I4210086407,I4210156450,1,1,2024,W4402713323,1.0
I4210086407,I4210161917,1,1,2024,W4402713323,1.0
I4210086407,I4210162051,1,1,2024,W4402713323,1.0
I4210086728,I4210110242,1,1,2024,W4400188610,1.0
I4210086892,I4210119896,1,1,2024,W4402882689,1.0
I4210086892,I52099693,1,1,2024,W4402882689,1.0
I4210086892,I889458895,1,1,2024,W4403901579,1.0
I4210086933,I4210125099,1,1,2024,W4392191246,1.0
I4210086933,I4210127401,1,1,2024,W4392191246,1.0
I4210086933,I4210158428,1,1,2024,W4392191246,1.0
I4210086933,I921990950,1,1,2024,W4392191246,1.0
I4210086933,I97018004,1,1,2024,W4392191246,1.0
I4210086933,I98285908,1,1,2024,W4392191246,1.0
I4210086933,I4210122485,1,1,2024,W4394879936,1.0
I4210086933,I57206974,4,4,2024,W4394879936;W4395662771;W4395688431;W4398318735,0.25
I4210086933,I4210091604,1,1,2024,W4398318735,1.0
I4210086933,I4210086973,1,1,2024,W4405268957,1.0
I4210086933,I4210090512,1,1,2024,W4405268957,1.0
I4210086933,I4210096587,1,1,2024,W4405268957,1.0
I4210086933,I4210097354,1,1,2024,W4405268957,1.0
I4210086933,I4210105182,1,1,2024,W4405268957,1.0
I4210086933,I4210122949,1,1,2024,W4405268957,1.0
I4210086933,I4210123185,1,1,2024,W4405268957,1.0
I4210086933,I4210128921,1,1,2024,W4405268957,1.0
I4210086933,I4210146711,1,1,2024,W4405268957,1.0
I4210086933,I4210147381,1,1,2024,W4405268957,1.0
I4210086933,I4210153856,1,1,2024,W4405268957,1.0
I4210086933,I4210154142,1,1,2024,W4405268957,1.0
I4210086933,I4210160507,1,1,2024,W4405268957,1.0
I4210086933,I58200834,1,1,2024,W4405268957,1.0
I4210086933,I92039509,1,1,2024,W4405268957,1.0
I4210086947,I63966007,1,1,2024,W4403716942,1.0
I4210086973,I4210090512,1,1,2024,W4405268957,1.0
I4210086973,I4210096587,1,1,2024,W4405268957,1.0
I4210086973,I4210097354,1,1,2024,W4405268957,1.0
I4210086973,I4210105182,1,1,2024,W4405268957,1.0
I4210086973,I4210122949,1,1,2024,W4405268957,1.0
I4210086973,I4210123185,1,1,2024,W4405268957,1.0
I4210086973,I4210128921,1,1,2024,W4405268957,1.0
I4210086973,I4210146711,1,1,2024,W4405268957,1.0
I4210086973,I4210147381,1,1,2024,W4405268957,1.0
I4210086973,I4210153856,1,1,2024,W4405268957,1.0
I4210086973,I4210154142,1,1,2024,W4405268957,1.0
I4210086973,I4210160507,1,1,2024,W4405268957,1.0
I4210086973,I58200834,1,1,2024,W4405268957,1.0
I4210086973,I92039509,1,1,2024,W4405268957,1.0
I4210086977,I4210128565,1,1,2024,W4399922932,1.0
I4210086977,I4210153546,1,1,2024,W4399922932,1.0
I4210086977,I4387153999,1,1,2024,W4399922932,1.0
I4210086977,I57206974,1,1,2024,W4399922932,1.0
I4210087032,I97018004,1,1,2024,W4390694654,1.0
I4210087059,I62885914,1,1,2024,W4391582407,1.0
I4210087059,I44461941,1,1,2024,W4399665748,1.0
I4210087059,I76130692,1,1,2024,W4399665748,1.0
I4210087059,I99065089,1,1,2024,W4399665748,1.0
I4210087059,I87048295,1,1,2024,W4401357555,1.0
I4210087373,I4210128818,1,1,2024,W4404931764,1.0
I4210087373,I4210165038,1,1,2024,W4404931764,1.0
I4210087373,I99065089,1,1,2024,W4404931764,1.0
I4210087596,I56590836,1,1,2024,W4403791323,1.0
I4210087691,I4210126463,1,1,2024,W4403650520,1.0
I4210087691,I47508984,1,1,2024,W4403650520,1.0
I4210087873,I4210090176,1,1,2024,W4403174218,1.0
I4210087873,I4210094879,1,1,2024,W4403174218,1.0
I4210087873,I4210095018,1,1,2024,W4403174218,1.0
I4210087873,I4210100255,1,1,2024,W4403174218,1.0
I4210087873,I4210108629,1,1,2024,W4403174218,1.0
I4210087873,I4210112150,1,1,2024,W4403174218,1.0
I4210087873,I4210120485,1,1,2024,W4403174218,1.0
I4210087873,I4210165038,1,1,2024,W4403174218,1.0
I4210087873,I4210167311,1,1,2024,W4403174218,1.0
I4210087915,I921990950,1,1,2024,W4392739577,1.0
I4210087915,I97018004,4,4,2024,W4392739577;W4399912477;W4401397240;W4402220065,0.25
I4210087915,I4210092658,3,3,2024,W4392947521;W4392947532;W4399567248,0.3333333333333333
I4210087915,I4210117453,3,3,2024,W4392947521;W4392947532;W4402220065,0.3333333333333333
I4210087915,I4210134579,4,4,2024,W4392947521;W4392947532;W4399567248;W4402220065,0.25
I4210087915,I4210155419,1,1,2024,W4392947521,1.0
I4210087915,I63966007,5,5,2024,W4392947521;W4392947532;W4399567248;W4402220065;W4405328867,0.2
I4210087915,I4210093964,1,1,2024,W4396999789,1.0
I4210087915,I4210133846,1,1,2024,W4396999789,1.0
I4210087915,I4210159521,1,1,2024,W4398766485,1.0
I4210087915,I87208437,1,1,2024,W4398766485,1.0
I4210087915,I4210125099,1,1,2024,W4399567248,1.0
I4210087915,I4921948,1,1,2024,W4399567248,1.0
I4210087915,I95457486,1,1,2024,W4399912477,1.0
I4210087915,I4210134769,1,1,2024,W4400921803,1.0
I4210087915,I4210139686,1,1,2024,W4400921803,1.0
I4210087915,I4210153792,1,1,2024,W4400921803,1.0
I4210087915,I4210155647,1,1,2024,W4400921803,1.0
I4210087915,I4387153466,1,1,2024,W4400921803,1.0
I4210087915,I4388891891,1,1,2024,W4400921803,1.0
I4210087915,I57206974,1,1,2024,W4400921803,1.0
I4210087915,I58956616,1,1,2024,W4400921803,1.0
I4210087915,I79620101,1,1,2024,W4400921803,1.0
I4210087915,I867280407,1,1,2024,W4400921803,1.0
I4210087915,I4210101778,1,1,2024,W4401397240,1.0
I4210087915,I4210127693,1,1,2024,W4401397240,1.0
I4210087915,I4210146710,1,1,2024,W4401397240,1.0
I4210087915,I79576946,2,2,2024,W4401397240;W4402220065,0.5
I4210087915,I919571938,1,1,2024,W4401397240,1.0
I4210087915,I4210127055,1,1,2024,W4401413870,1.0
I4210087915,I4210095624,1,1,2024,W4401863940,1.0
I4210087915,I4210108985,1,1,2024,W4401863940,1.0
I4210087915,I45928872,1,1,2024,W4401863940,1.0
I4210087915,I4210104539,1,1,2024,W4402220065,1.0
I4210087915,I4210128921,1,1,2024,W4402220065,1.0
I4210087915,I4210146711,1,1,2024,W4402220065,1.0
I4210087915,I4210154480,1,1,2024,W4402220065,1.0
I4210087915,I4210158968,1,1,2024,W4402220065,1.0
I4210087915,I4210162753,1,1,2024,W4402220065,1.0
I4210087915,I4210144108,1,1,2024,W4403705814,1.0
I4210087915,I4210160791,1,1,2024,W4403705814,1.0
I4210087915,I4210149717,1,1,2024,W4405328867,1.0
I4210088053,I4210106192,1,1,2024,W4391653030,1.0
I4210088053,I4210126310,1,1,2024,W4391653030,1.0
I4210088053,I4210149747,1,1,2024,W4404113927,1.0
I4210088191,I4210138501,1,1,2024,W4403789768,1.0
I4210088191,I4210151987,1,1,2024,W4403789768,1.0
I4210088191,I4210159344,1,1,2024,W4403789768,1.0
I4210088227,I59270414,1,1,2024,W4405511582,1.0
I4210088227,I8778637,1,1,2024,W4405511582,1.0
I4210088407,I4210150574,1,1,2024,W4396746678,1.0
I4210088407,I45129253,1,1,2024,W4396746678,1.0
I4210088410,I4210125976,1,1,2024,W4394865839,1.0
I4210088410,I4210155268,1,1,2024,W4394865839,1.0
I4210088410,I66946132,1,1,2024,W4394865839,1.0
I4210088449,I4210089084,1,1,2024,W4404566628,1.0
I4210088449,I4210090250,1,1,2024,W4404566628,1.0
I4210088547,I4210101382,1,1,2024,W4402408693,1.0
I4210088547,I4210121761,1,1,2024,W4402408693,1.0
I4210088547,I4210162172,1,1,2024,W4402408693,1.0
I4210088547,I4210162420,1,1,2024,W4402408693,1.0
I4210088738,I4210097554,1,1,2024,W4403232538,1.0
I4210088955,I4210127509,1,1,2024,W4400201634,1.0
I4210088955,I98251732,1,1,2024,W4400201634,1.0
I4210089084,I4210090250,1,1,2024,W4404566628,1.0
I4210089144,I4210110752,1,1,2024,W4390808973,1.0
I4210089144,I4210120493,1,1,2024,W4390808973,1.0
I4210089144,I4210161407,1,1,2024,W4390808973,1.0
I4210089144,I4387154205,1,1,2024,W4390808973,1.0
I4210089144,I8204097,1,1,2024,W4390808973,1.0
I4210089242,I44260953,2,2,2024,W4399667220;W4400916916,0.5
I4210089242,I4210153755,1,1,2024,W4400916916,1.0
I4210089246,I95457486,1,1,2024,W4393867901,1.0
I4210089303,I4210109357,1,1,2024,W4390880024,1.0
I4210089514,I4210158926,1,1,2024,W4405822444,1.0
I4210089514,I9916479,1,1,2024,W4405822444,1.0
I4210089761,I4210112150,1,1,2024,W4391469564,1.0
I4210089761,I4210152908,1,1,2024,W4391469564,1.0
I4210089761,I4210165038,1,1,2024,W4391469564,1.0
I4210089761,I99065089,1,1,2024,W4391971084,1.0
I4210089761,RAW_NVIDIA,1,1,2024,W4394856291,1.0
I4210089761,I4210154454,1,1,2024,W4403939779,1.0
I4210089761,I901861585,1,1,2024,W4403939779,1.0
I4210089783,I4210098034,1,1,2024,W4392402185,1.0
I4210089783,I4210156785,1,1,2024,W4392402185,1.0
I4210089783,I90610280,1,1,2024,W4392402185,1.0
I4210089783,I4210096250,1,1,2024,W4398206672,1.0
I4210089783,I4210165038,1,1,2024,W4398206672,1.0
I4210089783,I75390827,1,1,2024,W4398206672,1.0
I4210089887,I47508984,4,4,2024,W4399136397;W4399266905;W4399377978;W4402741065,0.25
I4210089887,I87445476,1,1,2024,W4399266905,1.0
I4210089887,I93860229,1,1,2024,W4399266905,1.0
I4210089887,I4210104735,1,1,2024,W4402741065,1.0
I4210089887,I4210156703,1,1,2024,W4402741065,1.0
I4210089887,I4210167379,1,1,2024,W4402741065,1.0
I4210089887,I76130692,1,1,2024,W4404315525,1.0
I4210089985,I4210164937,1,1,2024,W4392904059,1.0
I4210089985,I47508984,1,1,2024,W4402917193,1.0
I4210090176,I47251452,1,1,2024,W4390490761,1.0
I4210090176,I98301712,1,1,2024,W4390490761,1.0
I4210090176,I4210094879,2,2,2024,W4390692030;W4403174218,0.5
I4210090176,I4210100255,3,3,2024,W4390692030;W4402917209;W4403174218,0.3333333333333333
I4210090176,I4210165038,12,12,2024,W4390692030;W4392972103;W4393147260;W4393156804;W4393160654;W4399379055;W4400529824;W4401863513;W4403174218;W4403221502;W4403791099;W4404725244,0.08333333333333333
I4210090176,I4401726859,1,1,2024,W4390692030,1.0
I4210090176,I4210101410,1,1,2024,W4392972103,1.0
I4210090176,I4210123185,1,1,2024,W4392972103,1.0
I4210090176,I76130692,4,4,2024,W4392972103;W4402703048;W4402917209;W4403221502,0.25
I4210090176,I52357470,1,1,2024,W4393156804,1.0
I4210090176,I99065089,2,2,2024,W4393156804;W4403221502,0.5
I4210090176,I78988378,3,3,2024,W4394947904;W4400529824;W4401863498,0.3333333333333333
I4210090176,I4210120842,1,1,2024,W4399379055,1.0
I4210090176,I4392738278,1,1,2024,W4402917209,1.0
I4210090176,I4396570619,1,1,2024,W4402917209,1.0
I4210090176,I82880672,1,1,2024,W4402917209,1.0
I4210090176,I889458895,1,1,2024,W4402917209,1.0
I4210090176,I4210095018,1,1,2024,W4403174218,1.0
I4210090176,I4210108629,1,1,2024,W4403174218,1.0
I4210090176,I4210112150,1,1,2024,W4403174218,1.0
I4210090176,I4210120485,1,1,2024,W4403174218,1.0
I4210090176,I4210167311,1,1,2024,W4403174218,1.0
I4210090176,I4210156404,1,1,2024,W4403221502,1.0
I4210090176,I4401726770,1,1,2024,W4404955137,1.0
I4210090176,I92403157,1,1,2024,W4404955137,1.0
I4210090411,I4210138199,1,1,2024,W4392381140,1.0
I4210090411,I4210113297,10,10,2024,W4396721167;W4399362035;W4399364455;W4400451184;W4400582020;W4402713326;W4402997354;W4403680773;W4404518333;W4404545360,0.1
I4210090411,I4210145752,1,1,2024,W4396721167,1.0
I4210090411,I97018004,2,2,2024,W4396721167;W4402713326,0.5
I4210090411,I82497590,1,1,2024,W4399362035,1.0
I4210090411,I4210148186,1,1,2024,W4399364455,1.0
I4210090411,I4210109712,1,1,2024,W4400582020,1.0
I4210090411,I4210119286,1,1,2024,W4402713326,1.0
I4210090411,I4210120221,1,1,2024,W4402713326,1.0
I4210090411,I4210143272,1,1,2024,W4402713326,1.0
I4210090411,I4210164149,1,1,2024,W4402713326,1.0
I4210090411,I42934936,1,1,2024,W4402713326,1.0
I4210090411,I4387154616,1,1,2024,W4402713326,1.0
I4210090411,I45129253,2,2,2024,W4402713326;W4404518333,0.5
I4210090411,I4923324,1,1,2024,W4402713326,1.0
I4210090411,I63966007,1,1,2024,W4402713326,1.0
I4210090411,I74973139,1,1,2024,W4402713326,1.0
I4210090411,I98259816,1,1,2024,W4402713326,1.0
I4210090411,I4210161460,1,1,2024,W4402997354,1.0
I4210090512,I4210096640,1,1,2024,W4402429489,1.0
I4210090512,I4210101049,1,1,2024,W4402429489,1.0
I4210090512,I4210144725,1,1,2024,W4402429489,1.0
I4210090512,I47508984,1,1,2024,W4402429489,1.0
I4210090512,I47720641,1,1,2024,W4402429489,1.0
I4210090512,I92039509,2,2,2024,W4402429489;W4405268957,0.5
I4210090512,I4210096587,1,1,2024,W4405268957,1.0
I4210090512,I4210097354,1,1,2024,W4405268957,1.0
I4210090512,I4210105182,1,1,2024,W4405268957,1.0
I4210090512,I4210122949,1,1,2024,W4405268957,1.0
I4210090512,I4210123185,1,1,2024,W4405268957,1.0
I4210090512,I4210128921,1,1,2024,W4405268957,1.0
I4210090512,I4210146711,1,1,2024,W4405268957,1.0
I4210090512,I4210147381,1,1,2024,W4405268957,1.0
I4210090512,I4210153856,1,1,2024,W4405268957,1.0
I4210090512,I4210154142,1,1,2024,W4405268957,1.0
I4210090512,I4210160507,1,1,2024,W4405268957,1.0
I4210090512,I58200834,1,1,2024,W4405268957,1.0
I4210090512,I4210096013,1,1,2024,W4406098046,1.0
I4210090512,I4210165038,1,1,2024,W4406098046,1.0
I4210090724,I4210110558,1,1,2024,W4394944563,1.0
I4210090724,I4210133882,1,1,2024,W4394944563,1.0
I4210090769,I4210131846,1,1,2024,W4402225385,1.0
I4210090793,I4210115995,1,1,2024,W4392565345,1.0
I4210090793,I4210162370,1,1,2024,W4392565345,1.0
I4210090971,I4210122302,1,1,2024,W4401417236,1.0
I4210090971,I4391012619,1,1,2024,W4401417236,1.0
I4210090971,I66867065,1,1,2024,W4405895871,1.0
I4210091201,I4210093006,1,1,2024,W4392164233,1.0
I4210091201,I4210093821,1,1,2024,W4392164233,1.0
I4210091201,I4210097658,1,1,2024,W4392164233,1.0
I4210091201,I4210126829,1,1,2024,W4392164233,1.0
I4210091201,I4210136334,1,1,2024,W4392164233,1.0
I4210091201,I4210152230,1,1,2024,W4392164233,1.0
I4210091201,I4210162359,1,1,2024,W4392164233,1.0
I4210091201,I64723972,1,1,2024,W4392164233,1.0
I4210091201,I68171755,1,1,2024,W4392164233,1.0
I4210091201,I98298690,1,1,2024,W4392164233,1.0
I4210091240,I4210110242,1,1,2024,W4403213841,1.0
I4210091240,I4210134705,1,1,2024,W4403213841,1.0
I4210091240,I56306041,1,1,2024,W4403213841,1.0
I4210091240,I85461943,1,1,2024,W4403213841,1.0
I4210091240,I8977528,1,1,2024,W4403213841,1.0
I4210091279,I4210091437,1,1,2024,W4398144060,1.0
I4210091279,I4210097159,1,1,2024,W4398144060,1.0
I4210091279,I4387154308,1,1,2024,W4398144060,1.0
I4210091279,I4394709234,1,1,2024,W4398144060,1.0
I4210091341,I4210108520,1,1,2024,W4404641323,1.0
I4210091341,I4210123185,1,1,2024,W4404641323,1.0
I4210091341,I76130692,1,1,2024,W4404641323,1.0
I4210091437,I4403386768,1,1,2024,W4392606373,1.0
I4210091437,I4210097159,1,1,2024,W4398144060,1.0
I4210091437,I4387154308,1,1,2024,W4398144060,1.0
I4210091437,I4394709234,1,1,2024,W4398144060,1.0
I4210091437,I4210103330,1,1,2024,W4404448333,1.0
I4210091437,I4210156583,1,1,2024,W4404448333,1.0
I4210091437,I71209653,1,1,2024,W4404448333,1.0
I4210091499,I4210114445,1,1,2024,W4405763549,1.0
I4210091499,I4210128618,1,1,2024,W4405763549,1.0
I4210091499,I4210148284,1,1,2024,W4405763549,1.0
I4210091499,I4210150261,1,1,2024,W4405763549,1.0
I4210091499,I4210153126,1,1,2024,W4405763549,1.0
I4210091499,I60053951,1,1,2024,W4405763549,1.0
I4210091499,I867280407,1,1,2024,W4405763549,1.0
I4210091604,I57206974,1,1,2024,W4398318735,1.0
I4210091634,I4210094983,1,1,2024,W4404566604,1.0
I4210091634,I4210143281,1,1,2024,W4404566604,1.0
I4210091706,I4210118728,1,1,2024,W4403295779,1.0
I4210091706,I4210137199,1,1,2024,W4403295779,1.0
I4210091706,I97018004,1,1,2024,W4403295779,1.0
I4210091706,I4210110199,1,1,2024,W4404759772,1.0
I4210091706,I4210116917,1,1,2024,W4404759772,1.0
I4210091706,I4210121771,1,1,2024,W4404759772,1.0
I4210091706,I4210132355,1,1,2024,W4404759772,1.0
I4210091706,I4210133003,1,1,2024,W4404759772,1.0
I4210091706,I4210133785,1,1,2024,W4404759772,1.0
I4210091706,I4210153550,1,1,2024,W4404759772,1.0
I4210091706,I4210159865,1,1,2024,W4404759772,1.0
I4210091706,I47508984,1,1,2024,W4404759772,1.0
I4210091706,I53411278,1,1,2024,W4404759772,1.0
I4210091706,I99065089,1,1,2024,W4404759772,1.0
I4210091792,I4210141176,1,1,2024,W4392856471,1.0
I4210091792,I72852730,1,1,2024,W4392856471,1.0
I4210092050,I4210131232,1,1,2024,W4401822275,1.0
I4210092214,I4210159887,1,1,2024,W4391229869,1.0
I4210092214,I8765205,1,1,2024,W4391229869,1.0
I4210092499,I91045830,1,1,2024,W4392867353,1.0
I4210092510,I4210123907,1,1,2024,W4403041070,1.0
I4210092510,I4210160144,1,1,2024,W4403041070,1.0
I4210092510,I87111246,1,1,2024,W4403041070,1.0
I4210092569,I81365321,1,1,2024,W4393147876,1.0
I4210092658,I4210104429,1,1,2024,W4390571036,1.0
I4210092658,I4210158702,1,1,2024,W4390571036,1.0
I4210092658,I5124864,1,1,2024,W4390571036,1.0
I4210092658,I63966007,4,4,2024,W4390571036;W4392947521;W4392947532;W4399567248,0.25
I4210092658,I4210117453,2,2,2024,W4392947521;W4392947532,0.5
I4210092658,I4210134579,4,4,2024,W4392947521;W4392947532;W4399567248;W4402827768,0.25
I4210092658,I4210155419,1,1,2024,W4392947521,1.0
I4210092658,I4210125099,1,1,2024,W4399567248,1.0
I4210092658,I4921948,1,1,2024,W4399567248,1.0
I4210092658,I4210111958,1,1,2024,W4402827768,1.0
I4210092658,I4210164862,1,1,2024,W4402827768,1.0
I4210092658,I97018004,1,1,2024,W4402827768,1.0
I4210092658,I98704320,1,1,2024,W4402827768,1.0
I4210092806,I4210103779,1,1,2024,W4401633394,1.0
I4210092806,I4210160792,1,1,2024,W4401633394,1.0
I4210092839,I4210161256,1,1,2024,W4398201968,1.0
I4210092839,I76214153,1,1,2024,W4398201968,1.0
I4210092839,I98251732,1,1,2024,W4398201968,1.0
I4210092870,I76130692,1,1,2024,W4390498569,1.0
I4210092870,I83019370,1,1,2024,W4390498569,1.0
I4210092944,I88372448,1,1,2024,W4402884720,1.0
I4210092944,I91807558,1,1,2024,W4402884720,1.0
I4210093006,I4210093821,1,1,2024,W4392164233,1.0
I4210093006,I4210097658,1,1,2024,W4392164233,1.0
I4210093006,I4210126829,1,1,2024,W4392164233,1.0
I4210093006,I4210136334,1,1,2024,W4392164233,1.0
I4210093006,I4210152230,1,1,2024,W4392164233,1.0
I4210093006,I4210162359,1,1,2024,W4392164233,1.0
I4210093006,I64723972,1,1,2024,W4392164233,1.0
I4210093006,I68171755,1,1,2024,W4392164233,1.0
I4210093006,I98298690,1,1,2024,W4392164233,1.0
I4210093194,I4210100255,1,1,2024,W4396936305,1.0
I4210093194,I4210128910,1,1,2024,W4396936305,1.0
I4210093194,I4391012619,1,1,2024,W4396936305,1.0
I4210093787,I4210117425,1,1,2024,W4404965624,1.0
I4210093798,I4210109390,1,1,2024,W4391292768,1.0
I4210093821,I4210097658,1,1,2024,W4392164233,1.0
I4210093821,I4210126829,1,1,2024,W4392164233,1.0
I4210093821,I4210136334,1,1,2024,W4392164233,1.0
I4210093821,I4210152230,1,1,2024,W4392164233,1.0
I4210093821,I4210162359,1,1,2024,W4392164233,1.0
I4210093821,I64723972,1,1,2024,W4392164233,1.0
I4210093821,I68171755,1,1,2024,W4392164233,1.0
I4210093821,I98298690,1,1,2024,W4392164233,1.0
I4210093896,I4210108711,1,1,2024,W4403827866,1.0
I4210093896,I4210138310,1,1,2024,W4403827866,1.0
I4210093964,I4210133846,1,1,2024,W4396999789,1.0
I4210094062,I4210098931,1,1,2024,W4404764563,1.0
I4210094062,I4210126907,1,1,2024,W4404764563,1.0
I4210094062,I4210128584,1,1,2024,W4404764563,1.0
I4210094062,I4210130445,1,1,2024,W4404764563,1.0
I4210094062,I4210134158,1,1,2024,W4404764563,1.0
I4210094062,I4210134550,1,1,2024,W4404764563,1.0
I4210094062,I4210143801,1,1,2024,W4404764563,1.0
I4210094062,I4210144746,1,1,2024,W4404764563,1.0
I4210094062,I4210157294,1,1,2024,W4404764563,1.0
I4210094062,I4210158500,1,1,2024,W4404764563,1.0
I4210094062,I4387152376,1,1,2024,W4404764563,1.0
I4210094062,I44260953,1,1,2024,W4404764563,1.0
I4210094062,I45129253,1,1,2024,W4404764563,1.0
I4210094062,I57206974,1,1,2024,W4404764563,1.0
I4210094062,I62916508,1,1,2024,W4404764563,1.0
I4210094062,I63966007,1,1,2024,W4404764563,1.0
I4210094062,I78757542,1,1,2024,W4404764563,1.0
I4210094062,I79576946,1,1,2024,W4404764563,1.0
I4210094062,I8087733,1,1,2024,W4404764563,1.0
I4210094062,I8204097,1,1,2024,W4404764563,1.0
I4210094062,I91727514,1,1,2024,W4404764563,1.0
I4210094062,I97565354,1,1,2024,W4404764563,1.0
I4210094062,I98677209,1,1,2024,W4404764563,1.0
I4210094076,I4210124436,1,1,2024,W4396606797,1.0
I4210094076,I4210159031,1,1,2024,W4396606797,1.0
I4210094406,I4210103180,1,1,2024,W4402055147,1.0
I4210094406,I4210111164,1,1,2024,W4402055147,1.0
I4210094406,I4210125590,1,1,2024,W4402055147,1.0
I4210094406,I4210158373,1,1,2024,W4402055147,1.0
I4210094406,I47508984,1,1,2024,W4402055147,1.0
I4210094406,I91123046,1,1,2024,W4402055147,1.0
I4210094836,I4210113254,1,1,2024,W4399028826,1.0
I4210094836,I4210133534,1,1,2024,W4399028826,1.0
I4210094836,I4210144384,1,1,2024,W4399028826,1.0
I4210094836,I5740404,1,1,2024,W4399028826,1.0
I4210094879,I4210100255,3,3,2024,W4390692030;W4393028958;W4403174218,0.3333333333333333
I4210094879,I4210165038,3,3,2024,W4390692030;W4393028958;W4403174218,0.3333333333333333
I4210094879,I4401726859,1,1,2024,W4390692030,1.0
I4210094879,I4210113369,1,1,2024,W4391136507,1.0
I4210094879,I74973139,1,1,2024,W4391136507,1.0
I4210094879,I59028903,1,1,2024,W4392543511,1.0
I4210094879,I881766915,2,2,2024,W4392543511;W4405596328,0.5
I4210094879,I4210128818,1,1,2024,W4393028958,1.0
I4210094879,I99065089,1,1,2024,W4393028958,1.0
I4210094879,I4210095018,1,1,2024,W4403174218,1.0
I4210094879,I4210108629,1,1,2024,W4403174218,1.0
I4210094879,I4210112150,1,1,2024,W4403174218,1.0
I4210094879,I4210120485,1,1,2024,W4403174218,1.0
I4210094879,I4210167311,1,1,2024,W4403174218,1.0
I4210094879,I4210132948,1,1,2024,W4405596328,1.0
I4210094983,I4210143281,1,1,2024,W4404566604,1.0
I4210095018,I4210100255,1,1,2024,W4403174218,1.0
I4210095018,I4210108629,1,1,2024,W4403174218,1.0
I4210095018,I4210112150,1,1,2024,W4403174218,1.0
I4210095018,I4210120485,1,1,2024,W4403174218,1.0
I4210095018,I4210165038,1,1,2024,W4403174218,1.0
I4210095018,I4210167311,1,1,2024,W4403174218,1.0
I4210095212,I57201433,1,1,2024,W4396510754,1.0
I4210095212,I4210156707,1,1,2024,W4401542157,1.0
I4210095212,I4210156709,1,1,2024,W4401542157,1.0
I4210095212,I4403928411,1,1,2024,W4401542157,1.0
I4210095328,I4210118385,1,1,2024,W4391116828,1.0
I4210095328,I4210154940,1,1,2024,W4391116828,1.0
I4210095328,I4210159782,1,1,2024,W4391116828,1.0
I4210095474,I4210129145,1,1,2024,W4386437472,1.0
I4210095474,I4387154995,1,1,2024,W4386437472,1.0
I4210095597,I4517696,1,1,2024,W4401798900,1.0
I4210095624,I57206974,1,1,2024,W4394593186,1.0
I4210095624,I4210108985,5,5,2024,W4401176799;W4401806916;W4401863415;W4401863519;W4401863940,0.2
I4210095624,I45928872,4,4,2024,W4401176799;W4401806916;W4401863415;W4401863940,0.25
I4210095624,I889458895,1,1,2024,W4401806916,1.0
I4210095624,I76130692,3,3,2024,W4402702988;W4402727910;W4402728006,0.3333333333333333
I4210095624,I99065089,1,1,2024,W4402727910,1.0
I4210095624,I4210105385,1,1,2024,W4402754301,1.0
I4210095624,I4210116924,2,2,2024,W4402754301;W4402775818,0.5
I4210095624,I90610280,1,1,2024,W4402775818,1.0
I4210095701,I4210119350,1,1,2024,W4399302667,1.0
I4210095701,I861853513,1,1,2024,W4399302667,1.0
I4210095705,I4210101422,1,1,2024,W4405852962,1.0
I4210095705,I4210127283,1,1,2024,W4405852962,1.0
I4210095705,I4210167230,1,1,2024,W4405852962,1.0
I4210095705,I881427289,1,1,2024,W4405852962,1.0
I4210096013,I4210165038,1,1,2024,W4406098046,1.0
I4210096063,I4210101969,1,1,2024,W4400094413,1.0
I4210096112,I90610280,1,1,2024,W4393154018,1.0
I4210096250,I4210165038,1,1,2024,W4398206672,1.0
I4210096250,I75390827,1,1,2024,W4398206672,1.0
I4210096345,I4400573310,1,1,2024,W4393161236,1.0
I4210096345,I52357470,1,1,2024,W4393161236,1.0
I4210096345,I76130692,1,1,2024,W4393161236,1.0
I4210096354,I4210100650,1,1,2024,W4396904350,1.0
I4210096354,I4210114506,1,1,2024,W4396904350,1.0
I4210096354,I4210158318,1,1,2024,W4396904350,1.0
I4210096354,I45928872,1,1,2024,W4396904350,1.0
I4210096354,I76130692,1,1,2024,W4396904350,1.0
I4210096417,I4210128594,1,1,2024,W4392407790,1.0
I4210096498,I4387153466,1,1,2024,W4404960985,1.0
I4210096524,I95793202,1,1,2024,W4402916517,1.0
I4210096587,I4210097354,1,1,2024,W4405268957,1.0
I4210096587,I4210105182,1,1,2024,W4405268957,1.0
I4210096587,I4210122949,1,1,2024,W4405268957,1.0
I4210096587,I4210123185,1,1,2024,W4405268957,1.0
I4210096587,I4210128921,1,1,2024,W4405268957,1.0
I4210096587,I4210146711,1,1,2024,W4405268957,1.0
I4210096587,I4210147381,1,1,2024,W4405268957,1.0
I4210096587,I4210153856,1,1,2024,W4405268957,1.0
I4210096587,I4210154142,1,1,2024,W4405268957,1.0
I4210096587,I4210160507,1,1,2024,W4405268957,1.0
I4210096587,I58200834,1,1,2024,W4405268957,1.0
I4210096587,I92039509,1,1,2024,W4405268957,1.0
I4210096592,I56590836,1,1,2024,W4391724785,1.0
I4210096592,I4210099336,1,1,2024,W4401815218,1.0
I4210096592,I4210113480,1,1,2024,W4401815218,1.0
I4210096592,I4210119109,1,1,2024,W4401815218,1.0
I4210096592,I4210119138,1,1,2024,W4401815218,1.0
I4210096592,I66946132,1,1,2024,W4401815218,1.0
I4210096592,I68891433,1,1,2024,W4401815218,1.0
I4210096592,I74973139,1,1,2024,W4401815218,1.0
I4210096592,I97018004,1,1,2024,W4401815218,1.0
I4210096592,RAW_META,1,1,2024,W4401815218,1.0
I4210096640,I47508984,2,2,2024,W4401178788;W4402429489,0.5
I4210096640,I4210101049,1,1,2024,W4402429489,1.0
I4210096640,I4210144725,1,1,2024,W4402429489,1.0
I4210096640,I47720641,1,1,2024,W4402429489,1.0
I4210096640,I92039509,1,1,2024,W4402429489,1.0
I4210096780,I4210102047,1,1,2024,W4404228387,1.0
I4210096780,I4210106256,1,1,2024,W4404228387,1.0
I4210096780,I4210137384,1,1,2024,W4404228387,1.0
I4210096807,I67900169,1,1,2024,W4402581085,1.0
I4210096815,I867280407,1,1,2024,W4396553888,1.0
I4210097066,I4210100029,1,1,2024,W4404525423,1.0
I4210097066,I4210105785,1,1,2024,W4404525423,1.0
I4210097066,I4210123185,1,1,2024,W4404525423,1.0
I4210097066,I4210128175,1,1,2024,W4404525423,1.0
I4210097066,I4210160344,1,1,2024,W4404525423,1.0
I4210097066,I4210160507,1,1,2024,W4404525423,1.0
I4210097066,I4210166576,1,1,2024,W4404525423,1.0
I4210097066,I76130692,1,1,2024,W4404525423,1.0
I4210097066,I83519826,1,1,2024,W4404525423,1.0
I4210097159,I4387154308,1,1,2024,W4398144060,1.0
I4210097159,I4394709234,1,1,2024,W4398144060,1.0
I4210097159,I4210119095,1,1,2024,W4398203672,1.0
I4210097354,I4210105182,1,1,2024,W4405268957,1.0
I4210097354,I4210122949,1,1,2024,W4405268957,1.0
I4210097354,I4210123185,1,1,2024,W4405268957,1.0
I4210097354,I4210128921,1,1,2024,W4405268957,1.0
I4210097354,I4210146711,1,1,2024,W4405268957,1.0
I4210097354,I4210147381,1,1,2024,W4405268957,1.0
I4210097354,I4210153856,1,1,2024,W4405268957,1.0
I4210097354,I4210154142,1,1,2024,W4405268957,1.0
I4210097354,I4210160507,1,1,2024,W4405268957,1.0
I4210097354,I58200834,1,1,2024,W4405268957,1.0
I4210097354,I92039509,1,1,2024,W4405268957,1.0
I4210097409,I4210116917,1,1,2024,W4390921272,1.0
I4210097409,I4210126319,1,1,2024,W4390921272,1.0
I4210097409,I4210146998,1,1,2024,W4390921272,1.0
I4210097409,I97018004,1,1,2024,W4390921272,1.0
I4210097440,I4210128712,1,1,2024,W4401955591,1.0
I4210097538,I4210135908,1,1,2024,W4401313935,1.0
I4210097587,I66752286,1,1,2024,W4393034763,1.0
I4210097606,I45129253,1,1,2024,W4391609325,1.0
I4210097606,I9360294,1,1,2024,W4391609325,1.0
I4210097658,I4210126829,1,1,2024,W4392164233,1.0
I4210097658,I4210136334,1,1,2024,W4392164233,1.0
I4210097658,I4210152230,1,1,2024,W4392164233,1.0
I4210097658,I4210162359,1,1,2024,W4392164233,1.0
I4210097658,I64723972,1,1,2024,W4392164233,1.0
I4210097658,I68171755,1,1,2024,W4392164233,1.0
I4210097658,I98298690,1,1,2024,W4392164233,1.0
I4210098034,I4210156785,1,1,2024,W4392402185,1.0
I4210098034,I90610280,1,1,2024,W4392402185,1.0
I4210098034,I58200834,1,1,2024,W4393405390,1.0
I4210098034,I4210130649,1,1,2024,W4402053335,1.0
I4210098034,I4210140884,1,1,2024,W4402053335,1.0
I4210098034,I4210159865,1,1,2024,W4402053335,1.0
I4210098034,I58956616,1,1,2024,W4402053335,1.0
I4210098046,I4210131356,1,1,2024,W4396722287,1.0
I4210098046,I84218800,1,1,2024,W4396722287,1.0
I4210098325,I4210129405,1,1,2024,W4392782765,1.0
I4210098460,I97018004,1,1,2024,W4406261969,1.0
I4210098582,I4210136793,1,1,2024,W4404544903,1.0
I4210098582,I889458895,1,1,2024,W4404544903,1.0
I4210098734,I4210165038,1,1,2024,W4399527328,1.0
I4210098734,I50760025,1,1,2024,W4399527328,1.0
I4210098734,I76130692,1,1,2024,W4399527328,1.0
I4210098734,I99065089,1,1,2024,W4399527328,1.0
I4210098776,I4210099336,1,1,2024,W4394862910,1.0
I4210098776,I60134161,1,1,2024,W4394862910,1.0
I4210098931,I4210124598,1,1,2024,W4403371699,1.0
I4210098931,I4210157288,1,1,2024,W4403371699,1.0
I4210098931,I4390039274,1,1,2024,W4403371699,1.0
I4210098931,I5023651,1,1,2024,W4403371699,1.0
I4210098931,I95457486,1,1,2024,W4403371699,1.0
I4210098931,I4210126907,1,1,2024,W4404764563,1.0
I4210098931,I4210128584,1,1,2024,W4404764563,1.0
I4210098931,I4210130445,1,1,2024,W4404764563,1.0
I4210098931,I4210134158,1,1,2024,W4404764563,1.0
I4210098931,I4210134550,1,1,2024,W4404764563,1.0
I4210098931,I4210143801,1,1,2024,W4404764563,1.0
I4210098931,I4210144746,1,1,2024,W4404764563,1.0
I4210098931,I4210157294,1,1,2024,W4404764563,1.0
I4210098931,I4210158500,1,1,2024,W4404764563,1.0
I4210098931,I4387152376,1,1,2024,W4404764563,1.0
I4210098931,I44260953,1,1,2024,W4404764563,1.0
I4210098931,I45129253,1,1,2024,W4404764563,1.0
I4210098931,I57206974,1,1,2024,W4404764563,1.0
I4210098931,I62916508,1,1,2024,W4404764563,1.0
I4210098931,I63966007,1,1,2024,W4404764563,1.0
I4210098931,I78757542,1,1,2024,W4404764563,1.0
I4210098931,I79576946,1,1,2024,W4404764563,1.0
I4210098931,I8087733,1,1,2024,W4404764563,1.0
I4210098931,I8204097,1,1,2024,W4404764563,1.0
I4210098931,I91727514,1,1,2024,W4404764563,1.0
I4210098931,I97565354,1,1,2024,W4404764563,1.0
I4210098931,I98677209,1,1,2024,W4404764563,1.0
I4210099069,I51622183,1,1,2024,W4391232716,1.0
I4210099137,I4210164802,1,1,2024,W4398757454,1.0
I4210099137,I4210167196,1,1,2024,W4398757454,1.0
I4210099137,I5023651,1,1,2024,W4398757454,1.0
I4210099137,RAW_NVIDIA,1,1,2024,W4400582082,1.0
I4210099236,I4210145411,1,1,2024,W4393158423,1.0
I4210099236,I60922564,1,1,2024,W4393158423,1.0
I4210099236,I4210142583,1,1,2024,W4396512602,1.0
I4210099236,I53964585,1,1,2024,W4396512602,1.0
I4210099236,I71920554,1,1,2024,W4396512602,1.0
I4210099236,I8204097,1,1,2024,W4396512602,1.0
I4210099236,I95457486,1,1,2024,W4396512602,1.0
I4210099236,I97018004,1,1,2024,W4396512602,1.0
I4210099312,I4210111163,1,1,2024,W4393252833,1.0
I4210099312,I4391012619,2,2,2024,W4394782456;W4402753832,0.5
I4210099312,I4210100255,1,1,2024,W4402753832,1.0
I4210099336,I60134161,1,1,2024,W4394862910,1.0
I4210099336,I4210113480,1,1,2024,W4401815218,1.0
I4210099336,I4210119109,1,1,2024,W4401815218,1.0
I4210099336,I4210119138,1,1,2024,W4401815218,1.0
I4210099336,I66946132,1,1,2024,W4401815218,1.0
I4210099336,I68891433,1,1,2024,W4401815218,1.0
I4210099336,I74973139,2,2,2024,W4401815218;W4403601051,0.5
I4210099336,I97018004,1,1,2024,W4401815218,1.0
I4210099336,RAW_META,1,1,2024,W4401815218,1.0
I4210099446,I4210127074,1,1,2024,W4403095455,1.0
I4210099446,I4210128175,1,1,2024,W4403095455,1.0
I4210099446,I4210159575,1,1,2024,W4403095455,1.0
I4210099570,I98677209,1,1,2024,W4402544033,1.0
I4210099586,I4210116924,1,1,2024,W4402753596,1.0
I4210100029,I4210105785,1,1,2024,W4404525423,1.0
I4210100029,I4210123185,1,1,2024,W4404525423,1.0
I4210100029,I4210128175,1,1,2024,W4404525423,1.0
I4210100029,I4210160344,1,1,2024,W4404525423,1.0
I4210100029,I4210160507,1,1,2024,W4404525423,1.0
I4210100029,I4210166576,1,1,2024,W4404525423,1.0
I4210100029,I76130692,1,1,2024,W4404525423,1.0
I4210100029,I83519826,1,1,2024,W4404525423,1.0
I4210100137,I4210166499,1,1,2024,W4391685224,1.0
I4210100255,I4210106442,1,1,2024,W4390577395,1.0
I4210100255,I4210116869,1,1,2024,W4390577395,1.0
I4210100255,I4210116917,1,1,2024,W4390577395,1.0
I4210100255,I4210124134,1,1,2024,W4390577395,1.0
I4210100255,I4210128921,1,1,2024,W4390577395,1.0
I4210100255,I4210144482,2,2,2024,W4390577395;W4401102473,0.5
I4210100255,I4210153550,2,2,2024,W4390577395;W4401102473,0.5
I4210100255,I47508984,1,1,2024,W4390577395,1.0
I4210100255,I99065089,5,5,2024,W4390577395;W4393028958;W4401102473;W4402727536;W4402754212,0.2
I4210100255,I4391012619,19,19,2024,W4390603585;W4391021462;W4392748121;W4392798406;W4393149022;W4393305455;W4396936305;W4400647187;W4401042350;W4401198708;W4401943624;W4402727092;W4402753832;W4403021266;W4403422358;W4404810639;W4405640204;W4405695475;W4405853951,0.05263157894736842
I4210100255,I890469752,1,1,2024,W4390603585,1.0
I4210100255,I4210165038,5,5,2024,W4390692030;W4390706293;W4393028958;W4403174218;W4405640204,0.2
I4210100255,I4401726859,1,1,2024,W4390692030,1.0
I4210100255,I4210145761,2,2,2024,W4390706293;W4404810639,0.5
I4210100255,I82880672,6,6,2024,W4391021462;W4392798406;W4395052272;W4401943624;W4402917209;W4403422358,0.16666666666666666
I4210100255,I889458895,4,4,2024,W4391021462;W4402400123;W4402917209;W4404810639,0.25
I4210100255,I4210127216,1,1,2024,W4392798406,1.0
I4210100255,I4210128818,1,1,2024,W4393028958,1.0
I4210100255,I4210124809,1,1,2024,W4395052272,1.0
I4210100255,I4210130930,1,1,2024,W4395052272,1.0
I4210100255,I4210141942,2,2,2024,W4395052272;W4402400123,0.5
I4210100255,I4210157729,1,1,2024,W4395052272,1.0
I4210100255,I4210128910,1,1,2024,W4396936305,1.0
I4210100255,I76130692,2,2,2024,W4400647187;W4402917209,0.5
I4210100255,I4401726874,1,1,2024,W4401102473,1.0
I4210100255,I4210158445,1,1,2024,W4402396688,1.0
I4210100255,I4210136246,1,1,2024,W4402400123,1.0
I4210100255,I4210136793,2,2,2024,W4402400123;W4404810639,0.5
I4210100255,I4387153335,1,1,2024,W4402400123,1.0
I4210100255,I71052956,1,1,2024,W4402400123,1.0
I4210100255,I4392738278,1,1,2024,W4402917209,1.0
I4210100255,I4396570619,2,2,2024,W4402917209;W4405853951,0.5
I4210100255,I97018004,1,1,2024,W4403021266,1.0
I4210100255,I4210108629,1,1,2024,W4403174218,1.0
I4210100255,I4210112150,1,1,2024,W4403174218,1.0
I4210100255,I4210120485,1,1,2024,W4403174218,1.0
I4210100255,I4210167311,1,1,2024,W4403174218,1.0
I4210100255,I4210156404,1,1,2024,W4405640204,1.0
I4210100255,I56590836,1,1,2024,W4405695475,1.0
I4210100255,I4401726980,1,1,2024,W4405853951,1.0
I4210100283,I4210138704,1,1,2024,W4393259614,1.0
I4210100283,I68947357,1,1,2024,W4393259614,1.0
I4210100286,I4210107735,1,1,2024,W4404349982,1.0
I4210100286,I4210124598,1,1,2024,W4404349982,1.0
I4210100286,I4210137306,1,1,2024,W4404349982,1.0
I4210100286,I4390039274,1,1,2024,W4404349982,1.0
I4210100286,I95457486,1,1,2024,W4404349982,1.0
I4210100286,I97018004,1,1,2024,W4404349982,1.0
I4210100400,I4210147348,1,1,2024,W4401539500,1.0
I4210100400,I58956616,1,1,2024,W4401539500,1.0
I4210100468,I4210137306,3,3,2024,W4392193048;W4400136387;W4401888965,0.3333333333333333
I4210100468,I4210162743,2,2,2024,W4392193048;W4392736665,0.5
I4210100468,I4210164862,3,3,2024,W4392193048;W4392736665;W4401888965,0.3333333333333333
I4210100468,I86519309,2,2,2024,W4392193048;W4392736665,0.5
I4210100468,I97018004,4,4,2024,W4392193048;W4392736665;W4400136387;W4401888965,0.25
I4210100468,I4210110664,1,1,2024,W4392736665,1.0
I4210100468,I84218800,1,1,2024,W4401888965,1.0
I4210100468,RAW_STABILITY_AI,1,1,2024,W4401888965,1.0
I4210100468,I4210146410,1,1,2024,W4404136417,1.0
I4210100612,I8204097,1,1,2024,W4392617381,1.0
I4210100650,I4210114506,1,1,2024,W4396904350,1.0
I4210100650,I4210158318,1,1,2024,W4396904350,1.0
I4210100650,I45928872,1,1,2024,W4396904350,1.0
I4210100650,I76130692,1,1,2024,W4396904350,1.0
I4210100923,I4210144925,1,1,2024,W4396653761,1.0
I4210100923,I56306041,1,1,2024,W4396653761,1.0
I4210101049,I4210144725,1,1,2024,W4402429489,1.0
I4210101049,I47508984,1,1,2024,W4402429489,1.0
I4210101049,I47720641,1,1,2024,W4402429489,1.0
I4210101049,I92039509,1,1,2024,W4402429489,1.0
I4210101321,RAW_NVIDIA,1,1,2024,W4400818431,1.0
I4210101348,I4210137199,3,3,2024,W4393906060;W4401378300;W4402715806,0.3333333333333333
I4210101348,I4210148560,2,2,2024,W4393906060;W4401378300,0.5
I4210101348,I4210149092,3,3,2024,W4393906060;W4401378300;W4402715806,0.3333333333333333
I4210101348,I4210165038,2,2,2024,W4393906060;W4401378300,0.5
I4210101348,I62916508,1,1,2024,W4393906060,1.0
I4210101348,I74801974,2,2,2024,W4393906060;W4401378300,0.5
I4210101348,I76569877,1,1,2024,W4393906060,1.0
I4210101348,I80606768,1,1,2024,W4393906060,1.0
I4210101348,I899635006,3,3,2024,W4393906060;W4401378300;W4402715806,0.3333333333333333
I4210101358,I4210153230,1,1,2024,W4393864430,1.0
I4210101358,I4210155796,1,1,2024,W4393864430,1.0
I4210101358,I6469544,1,1,2024,W4393864430,1.0
I4210101358,I66867065,1,1,2024,W4393864430,1.0
I4210101382,I4210121761,1,1,2024,W4402408693,1.0
I4210101382,I4210162172,1,1,2024,W4402408693,1.0
I4210101382,I4210162420,1,1,2024,W4402408693,1.0
I4210101410,I4210123185,1,1,2024,W4392972103,1.0
I4210101410,I4210165038,1,1,2024,W4392972103,1.0
I4210101410,I76130692,1,1,2024,W4392972103,1.0
I4210101422,I4210127283,1,1,2024,W4405852962,1.0
I4210101422,I4210167230,1,1,2024,W4405852962,1.0
I4210101422,I881427289,1,1,2024,W4405852962,1.0
I4210101573,I4210104430,1,1,2024,W4389834551,1.0
I4210101573,I4210144566,1,1,2024,W4389834551,1.0
I4210101573,I899635006,1,1,2024,W4389834551,1.0
I4210101660,I4210164142,1,1,2024,W4393388987,1.0
I4210101778,I4210127693,1,1,2024,W4401397240,1.0
I4210101778,I4210146710,1,1,2024,W4401397240,1.0
I4210101778,I79576946,1,1,2024,W4401397240,1.0
I4210101778,I919571938,1,1,2024,W4401397240,1.0
I4210101778,I97018004,1,1,2024,W4401397240,1.0
I4210101778,I4210133173,3,3,2024,W4401508852;W4402727156;W4402742293,0.3333333333333333
I4210101778,I47720641,1,1,2024,W4402727156,1.0
I4210101778,I5023651,1,1,2024,W4402742293,1.0
I4210101898,I4210112164,1,1,2024,W4390511174,1.0
I4210101898,I4210113124,1,1,2024,W4390511174,1.0
I4210101898,I887968799,1,1,2024,W4390511174,1.0
I4210101898,I887064364,1,1,2024,W4392251150,1.0
I4210101969,I56590836,1,1,2024,W4390881590,1.0
I4210102044,I4210117499,1,1,2024,W4391922002,1.0
I4210102044,I4210146410,1,1,2024,W4391922002,1.0
I4210102044,I57206974,1,1,2024,W4391922002,1.0
I4210102044,I91045830,1,1,2024,W4391922002,1.0
I4210102044,I98704320,1,1,2024,W4391922002,1.0
I4210102047,I4210106256,1,1,2024,W4404228387,1.0
I4210102047,I4210137384,1,1,2024,W4404228387,1.0
I4210102606,I4210110652,1,1,2024,W4396748050,1.0
I4210102606,I4210116924,1,1,2024,W4396748050,1.0
I4210102840,I889458895,1,1,2024,W4404906917,1.0
I4210103132,I49828101,2,2,2024,W4392858472;W4401122476,0.5
I4210103180,I4210111164,1,1,2024,W4402055147,1.0
I4210103180,I4210125590,1,1,2024,W4402055147,1.0
I4210103180,I4210158373,1,1,2024,W4402055147,1.0
I4210103180,I47508984,1,1,2024,W4402055147,1.0
I4210103180,I91123046,1,1,2024,W4402055147,1.0
I4210103330,I4210156583,1,1,2024,W4404448333,1.0
I4210103330,I71209653,1,1,2024,W4404448333,1.0
I4210103524,I4210147158,1,1,2024,W4392805955,1.0
I4210103524,I76569877,1,1,2024,W4392805955,1.0
I4210103666,I44260953,1,1,2024,W4403118713,1.0
I4210103698,I4210107720,1,1,2024,W4402511767,1.0
I4210103698,I4210141964,1,1,2024,W4402511767,1.0
I4210103698,I4387152683,1,1,2024,W4402511767,1.0
I4210103779,I4210160792,1,1,2024,W4401633394,1.0
I4210103820,I4210104522,1,1,2024,W4400819112,1.0
I4210103836,I57206974,1,1,2024,W4393397034,1.0
I4210103836,I59553526,1,1,2024,W4393397034,1.0
I4210103836,I79576946,1,1,2024,W4393397034,1.0
I4210103836,I97018004,1,1,2024,W4393397034,1.0
I4210103986,I90610280,1,1,2024,W4402753821,1.0
I4210104252,I4402554106,1,1,2024,W4396909863,1.0
I4210104252,I4210106098,1,1,2024,W4405706082,1.0
I4210104252,I4210141776,1,1,2024,W4405706082,1.0
I4210104391,I98285908,1,1,2024,W4392906843,1.0
I4210104429,I4210158702,1,1,2024,W4390571036,1.0
I4210104429,I5124864,1,1,2024,W4390571036,1.0
I4210104429,I63966007,1,1,2024,W4390571036,1.0
I4210104430,I4210144566,1,1,2024,W4389834551,1.0
I4210104430,I899635006,1,1,2024,W4389834551,1.0
I4210104539,I4210117453,1,1,2024,W4402220065,1.0
I4210104539,I4210128921,1,1,2024,W4402220065,1.0
I4210104539,I4210134579,1,1,2024,W4402220065,1.0
I4210104539,I4210146711,1,1,2024,W4402220065,1.0
I4210104539,I4210154480,1,1,2024,W4402220065,1.0
I4210104539,I4210158968,1,1,2024,W4402220065,1.0
I4210104539,I4210162753,1,1,2024,W4402220065,1.0
I4210104539,I63966007,1,1,2024,W4402220065,1.0
I4210104539,I79576946,1,1,2024,W4402220065,1.0
I4210104539,I97018004,1,1,2024,W4402220065,1.0
I4210104735,I4210156703,1,1,2024,W4402741065,1.0
I4210104735,I4210167379,1,1,2024,W4402741065,1.0
I4210104735,I47508984,1,1,2024,W4402741065,1.0
I4210104741,I4210139533,1,1,2024,W4402512478,1.0
I4210104882,I4400008918,1,1,2024,W4404932781,1.0
I4210105015,I4210137306,3,3,2024,W4391170193;W4393157213;W4395026179,0.3333333333333333
I4210105015,I97018004,5,5,2024,W4391170193;W4391994222;W4393157213;W4395026179;W4399737726,0.2
I4210105015,I4210114444,1,1,2024,W4391994222,1.0
I4210105015,I4210127121,1,1,2024,W4391994222,1.0
I4210105015,I4210139617,1,1,2024,W4391994222,1.0
I4210105015,I4210125099,1,1,2024,W4393157213,1.0
I4210105015,I4210164862,1,1,2024,W4393157213,1.0
I4210105015,I901861585,1,1,2024,W4393157213,1.0
I4210105015,I4210116208,1,1,2024,W4395026179,1.0
I4210105015,I4210116917,2,2,2024,W4395026179;W4399737726,0.5
I4210105015,I4210126319,2,2,2024,W4395026179;W4399737726,0.5
I4210105015,I4210137145,2,2,2024,W4395026179;W4399737726,0.5
I4210105015,I4210146690,1,1,2024,W4395026179,1.0
I4210105015,I4210150290,2,2,2024,W4395026179;W4399737726,0.5
I4210105015,I4210162189,2,2,2024,W4395026179;W4399737726,0.5
I4210105015,I61628605,1,1,2024,W4395026179,1.0
I4210105182,I4210122949,1,1,2024,W4405268957,1.0
I4210105182,I4210123185,1,1,2024,W4405268957,1.0
I4210105182,I4210128921,1,1,2024,W4405268957,1.0
I4210105182,I4210146711,1,1,2024,W4405268957,1.0
I4210105182,I4210147381,1,1,2024,W4405268957,1.0
I4210105182,I4210153856,1,1,2024,W4405268957,1.0
I4210105182,I4210154142,1,1,2024,W4405268957,1.0
I4210105182,I4210160507,1,1,2024,W4405268957,1.0
I4210105182,I58200834,1,1,2024,W4405268957,1.0
I4210105182,I92039509,1,1,2024,W4405268957,1.0
I4210105229,I4210122016,1,1,2024,W4403062944,1.0
I4210105229,I45129253,1,1,2024,W4403062944,1.0
I4210105229,I889458895,1,1,2024,W4403062944,1.0
I4210105229,I4210128910,1,1,2024,W4404856308,1.0
I4210105229,I4210137146,1,1,2024,W4404856308,1.0
I4210105385,I4210116924,1,1,2024,W4402754301,1.0
I4210105394,I4210130191,1,1,2024,W4398175922,1.0
I4210105394,I58956616,1,1,2024,W4398175922,1.0
I4210105402,I4210125814,1,1,2024,W4404961535,1.0
I4210105402,I4210126328,1,1,2024,W4404961535,1.0
I4210105402,I4210145784,1,1,2024,W4404961535,1.0
I4210105402,I4210166615,1,1,2024,W4404961535,1.0
I4210105402,I47099075,1,1,2024,W4404961535,1.0
I4210105402,I5124864,1,1,2024,W4404961535,1.0
I4210105402,I92507152,1,1,2024,W4404961535,1.0
I4210105637,I88060688,1,1,2024,W4395047583,1.0
I4210105637,I91732220,1,1,2024,W4395047583,1.0
I4210105678,I4210164937,1,1,2024,W4402275888,1.0
I4210105678,I63966007,1,1,2024,W4402275888,1.0
I4210105678,I79576946,1,1,2024,W4402275888,1.0
I4210105686,I4210117106,1,1,2024,W4402311284,1.0
I4210105785,I4210123185,1,1,2024,W4404525423,1.0
I4210105785,I4210128175,1,1,2024,W4404525423,1.0
I4210105785,I4210160344,1,1,2024,W4404525423,1.0
I4210105785,I4210160507,1,1,2024,W4404525423,1.0
I4210105785,I4210166576,1,1,2024,W4404525423,1.0
I4210105785,I76130692,1,1,2024,W4404525423,1.0
I4210105785,I83519826,1,1,2024,W4404525423,1.0
I4210105785,I66946132,1,1,2024,W4404821172,1.0
I4210105785,I78577930,1,1,2024,W4404821172,1.0
I4210105867,I94047373,1,1,2024,W4402449885,1.0
I4210105992,I60342839,1,1,2024,W4406138658,1.0
I4210106098,I4210141776,1,1,2024,W4405706082,1.0
I4210106192,I4210126310,1,1,2024,W4391653030,1.0
I4210106256,I4210137384,1,1,2024,W4404228387,1.0
I4210106442,I4210116869,1,1,2024,W4390577395,1.0
I4210106442,I4210116917,1,1,2024,W4390577395,1.0
I4210106442,I4210124134,1,1,2024,W4390577395,1.0
I4210106442,I4210128921,1,1,2024,W4390577395,1.0
I4210106442,I4210144482,1,1,2024,W4390577395,1.0
I4210106442,I4210153550,1,1,2024,W4390577395,1.0
I4210106442,I47508984,1,1,2024,W4390577395,1.0
I4210106442,I99065089,1,1,2024,W4390577395,1.0
I4210106615,I4210159509,1,1,2024,W4404252717,1.0
I4210106641,I4210148941,1,1,2024,W4405207655,1.0
I4210106641,I83816512,1,1,2024,W4405207655,1.0
I4210106641,I84339108,1,1,2024,W4405207655,1.0
I4210106675,I4210114445,1,1,2024,W4404306028,1.0
I4210106675,I4210157890,1,1,2024,W4404306028,1.0
I4210106675,I57206974,1,1,2024,W4404306028,1.0
I4210106675,I76134821,1,1,2024,W4404306028,1.0
I4210106933,I4210108629,1,1,2024,W4403839062,1.0
I4210106933,I4210156165,1,1,2024,W4403839062,1.0
I4210106933,I4210165038,1,1,2024,W4403839062,1.0
I4210107473,I4391012619,1,1,2024,W4403562310,1.0
I4210107473,I79576946,1,1,2024,W4403562310,1.0
I4210107473,I889458895,1,1,2024,W4403562310,1.0
I4210107473,I91045830,1,1,2024,W4403562310,1.0
I4210107473,I922845939,1,1,2024,W4403562310,1.0
I4210107720,I4210141964,1,1,2024,W4402511767,1.0
I4210107720,I4387152683,1,1,2024,W4402511767,1.0
I4210107735,I4210124598,1,1,2024,W4404349982,1.0
I4210107735,I4210137306,1,1,2024,W4404349982,1.0
I4210107735,I4390039274,1,1,2024,W4404349982,1.0
I4210107735,I95457486,1,1,2024,W4404349982,1.0
I4210107735,I97018004,1,1,2024,W4404349982,1.0
I4210107738,I4400009028,1,1,2024,W4396757885,1.0
I4210107738,I63601056,1,1,2024,W4396757885,1.0
I4210107844,I4210144576,1,1,2024,W4400036248,1.0
I4210108054,I4210119174,1,1,2024,W4393149408,1.0
I4210108054,I66513531,1,1,2024,W4393149408,1.0
I4210108209,I98677209,1,1,2024,W4402509548,1.0
I4210108266,I83816512,1,1,2024,W4404413033,1.0
I4210108461,I47720641,1,1,2024,W4402716330,1.0
I4210108520,I4210123185,1,1,2024,W4404641323,1.0
I4210108520,I76130692,1,1,2024,W4404641323,1.0
I4210108629,I4210112150,1,1,2024,W4403174218,1.0
I4210108629,I4210120485,1,1,2024,W4403174218,1.0
I4210108629,I4210165038,2,2,2024,W4403174218;W4403839062,0.5
I4210108629,I4210167311,1,1,2024,W4403174218,1.0
I4210108629,I4210156165,1,1,2024,W4403839062,1.0
I4210108711,I55143463,1,1,2024,W4398143508,1.0
I4210108711,I4210138310,1,1,2024,W4403827866,1.0
I4210108778,I4210111460,4,4,2024,W4393078503;W4397003633;W4401820448;W4404584849,0.25
I4210108778,I4210120689,2,2,2024,W4393078503;W4404584849,0.5
I4210108778,I4210162051,1,1,2024,W4393078503,1.0
I4210108778,I78650965,4,4,2024,W4393078503;W4395049441;W4401820448;W4404584849,0.25
I4210108778,I4210167034,1,1,2024,W4395049441,1.0
I4210108778,I69737025,1,1,2024,W4395049441,1.0
I4210108778,I4210156450,3,3,2024,W4397003633;W4401820448;W4404584849,0.3333333333333333
I4210108778,I887968799,1,1,2024,W4397003633,1.0
I4210108889,I59746437,1,1,2024,W4400410628,1.0
I4210108985,I45928872,4,4,2024,W4401176799;W4401806916;W4401863415;W4401863940,0.25
I4210108985,I889458895,1,1,2024,W4401806916,1.0
I4210108985,I4210131846,1,1,2024,W4401857337,1.0
I4210108985,I45129253,1,1,2024,W4401857337,1.0
I4210108985,I87216513,1,1,2024,W4401857337,1.0
I4210108985,I99065089,1,1,2024,W4401857337,1.0
I4210108985,I71920554,1,1,2024,W4405844927,1.0
I4210109289,I57589565,1,1,2024,W4405445940,1.0
I4210109338,I79072001,1,1,2024,W4396831262,1.0
I4210109338,I74801974,1,1,2024,W4405281002,1.0
I4210109390,I4210149691,1,1,2024,W4393094733,1.0
I4210109390,I919571938,1,1,2024,W4393094733,1.0
I4210109390,I4387153466,2,2,2024,W4394688596;W4401793114,0.5
I4210109390,I78577930,2,2,2024,W4394688596;W4401793114,0.5
I4210109390,I79576946,1,1,2024,W4394688596,1.0
I4210109390,I901861585,1,1,2024,W4394688596,1.0
I4210109390,I91203450,1,1,2024,W4394688596,1.0
I4210109390,I63966007,1,1,2024,W4401793114,1.0
I4210109390,I66946132,2,2,2024,W4402400689;W4404486407,0.5
I4210109390,I4210140884,1,1,2024,W4404486407,1.0
I4210109390,I4210149717,1,1,2024,W4404486407,1.0
I4210109447,I67415387,1,1,2024,W4391078387,1.0
I4210109447,I74656192,1,1,2024,W4391078387,1.0
I4210109586,I86519309,1,1,2024,W4393153278,1.0
I4210109586,I95457486,2,2,2024,W4393153278;W4402776116,0.5
I4210109586,RAW_NVIDIA,2,2,2024,W4402727067;W4402727245,0.5
I4210109586,RAW_META,1,1,2024,W4402776116,1.0
I4210109586,I4391768151,1,1,2024,W4403337227,1.0
I4210109586,I78577930,1,1,2024,W4403337227,1.0
I4210109586,I97018004,1,1,2024,W4403337227,1.0
I4210109586,I4210110987,1,1,2024,W4404018000,1.0
I4210109586,I4210127509,1,1,2024,W4404018000,1.0
I4210109586,I4210158898,1,1,2024,W4404018000,1.0
I4210109586,I98677209,1,1,2024,W4404018000,1.0
I4210109712,I4210113297,1,1,2024,W4400582020,1.0
I4210109745,I7882870,1,1,2024,W4392597361,1.0
I4210109745,I99542240,1,1,2024,W4392597361,1.0
I4210109870,I4401726805,1,1,2024,W4402753965,1.0
I4210109870,I4800084,1,1,2024,W4402753965,1.0
I4210110027,I4210119109,1,1,2024,W4390671601,1.0
I4210110027,I98285908,1,1,2024,W4390671601,1.0
I4210110125,I4210111298,1,1,2024,W4399869780,1.0
I4210110125,I65446980,1,1,2024,W4399869780,1.0
I4210110199,I4210116917,1,1,2024,W4404759772,1.0
I4210110199,I4210121771,1,1,2024,W4404759772,1.0
I4210110199,I4210132355,1,1,2024,W4404759772,1.0
I4210110199,I4210133003,1,1,2024,W4404759772,1.0
I4210110199,I4210133785,1,1,2024,W4404759772,1.0
I4210110199,I4210153550,1,1,2024,W4404759772,1.0
I4210110199,I4210159865,1,1,2024,W4404759772,1.0
I4210110199,I47508984,1,1,2024,W4404759772,1.0
I4210110199,I53411278,1,1,2024,W4404759772,1.0
I4210110199,I99065089,1,1,2024,W4404759772,1.0
I4210110242,I4400600917,1,1,2024,W4401077562,1.0
I4210110242,I55712492,1,1,2024,W4401077562,1.0
I4210110242,I66867065,1,1,2024,W4401077562,1.0
I4210110242,I4210134705,1,1,2024,W4403213841,1.0
I4210110242,I56306041,1,1,2024,W4403213841,1.0
I4210110242,I85461943,1,1,2024,W4403213841,1.0
I4210110242,I8977528,1,1,2024,W4403213841,1.0
I4210110242,I4210118244,1,1,2024,W4405944507,1.0
I4210110431,I5124864,2,2,2024,W4394718179;W4405194591,0.5
I4210110431,I63966007,1,1,2024,W4394718179,1.0
I4210110431,I4210120485,1,1,2024,W4405194591,1.0
I4210110431,I4210135670,1,1,2024,W4405194591,1.0
I4210110431,I4405253208,1,1,2024,W4405194591,1.0
I4210110431,I861853513,1,1,2024,W4405194591,1.0
I4210110431,I873043661,1,1,2024,W4405194591,1.0
I4210110431,I887064364,1,1,2024,W4405194591,1.0
I4210110490,I76198965,1,1,2024,W4405616956,1.0
I4210110507,I887968799,2,2,2024,W4390704391;W4392781032,0.5
I4210110558,I4210133882,1,1,2024,W4394944563,1.0
I4210110558,I87445476,1,1,2024,W4399462409,1.0
I4210110621,I4210137199,1,1,2024,W4393282192,1.0
I4210110652,I46980622,1,1,2024,W4392902325,1.0
I4210110652,I60134161,1,1,2024,W4392902325,1.0
I4210110652,I84985371,1,1,2024,W4392902325,1.0
I4210110652,I98940699,1,1,2024,W4392902325,1.0
I4210110652,I4210116924,1,1,2024,W4396748050,1.0
I4210110664,I4210162743,1,1,2024,W4392736665,1.0
I4210110664,I4210164862,1,1,2024,W4392736665,1.0
I4210110664,I86519309,1,1,2024,W4392736665,1.0
I4210110664,I97018004,1,1,2024,W4392736665,1.0
I4210110664,I4210149000,1,1,2024,W4394858800,1.0
I4210110664,I4210150894,1,1,2024,W4394858800,1.0
I4210110664,I55302922,1,1,2024,W4394858800,1.0
I4210110664,I63190737,1,1,2024,W4394858800,1.0
I4210110752,I4210120493,1,1,2024,W4390808973,1.0
I4210110752,I4210161407,1,1,2024,W4390808973,1.0
I4210110752,I4387154205,1,1,2024,W4390808973,1.0
I4210110752,I8204097,1,1,2024,W4390808973,1.0
I4210110987,I4210115892,1,1,2024,W4390723916,1.0
I4210110987,I909854389,1,1,2024,W4390723916,1.0
I4210110987,I4210142372,1,1,2024,W4396832474,1.0
I4210110987,I4210167254,1,1,2024,W4396832474,1.0
I4210110987,I83467386,1,1,2024,W4396832474,1.0
I4210110987,I86519309,1,1,2024,W4396832474,1.0
I4210110987,I4210127509,1,1,2024,W4404018000,1.0
I4210110987,I4210158898,1,1,2024,W4404018000,1.0
I4210110987,I98677209,1,1,2024,W4404018000,1.0
I4210110987,I4210157861,1,1,2024,W4405545714,1.0
I4210110987,I47508984,1,1,2024,W4405545714,1.0
I4210110987,I62916508,1,1,2024,W4405545714,1.0
I4210110987,I97018004,1,1,2024,W4405545714,1.0
I4210111135,I4210119896,1,1,2024,W4392373674,1.0
I4210111135,I4210126463,1,1,2024,W4392373674,1.0
I4210111135,I45129253,1,1,2024,W4392373674,1.0
I4210111163,I4210145761,1,1,2024,W4404724811,1.0
I4210111163,I4391012619,1,1,2024,W4404724811,1.0
I4210111163,I881766915,1,1,2024,W4404724811,1.0
I4210111164,I4210125590,1,1,2024,W4402055147,1.0
I4210111164,I4210158373,1,1,2024,W4402055147,1.0
I4210111164,I47508984,1,1,2024,W4402055147,1.0
I4210111164,I91123046,1,1,2024,W4402055147,1.0
I4210111179,I74973139,1,1,2024,W4393967925,1.0
I4210111179,I4210136150,1,1,2024,W4395064833,1.0
I4210111179,I97018004,1,1,2024,W4396832739,1.0
I4210111288,I4210114444,1,1,2024,W4400484796,1.0
I4210111288,I45129253,1,1,2024,W4400484796,1.0
I4210111298,I65446980,1,1,2024,W4399869780,1.0
I4210111460,I4210120689,5,5,2024,W4392016947;W4393078503;W4402713323;W4403626237;W4404584849,0.2
I4210111460,I4210162051,5,5,2024,W4392016947;W4393078503;W4402272362;W4402713323;W4403626237,0.2
I4210111460,I887968799,2,2,2024,W4392016947;W4397003633,0.5
I4210111460,I78650965,3,3,2024,W4393078503;W4401820448;W4404584849,0.3333333333333333
I4210111460,I4210156450,4,4,2024,W4397003633;W4401820448;W4402713323;W4404584849,0.25
I4210111460,I4210137750,1,1,2024,W4402272362,1.0
I4210111460,I4210126310,1,1,2024,W4402713323,1.0
I4210111460,I4210161917,1,1,2024,W4402713323,1.0
I4210111460,I4210124799,1,1,2024,W4403626237,1.0
I4210111460,I4210132578,1,1,2024,W4403626237,1.0
I4210111460,I4210148371,1,1,2024,W4403626237,1.0
I4210111460,I4210153755,1,1,2024,W4403626237,1.0
I4210111460,I62916508,1,1,2024,W4403626237,1.0
I4210111835,I4387152983,1,1,2024,W4399070654,1.0
I4210111835,I98285908,1,1,2024,W4399070654,1.0
I4210111958,I98704320,3,3,2024,W4401063128;W4402827768;W4403583423,0.3333333333333333
I4210111958,I4210134579,1,1,2024,W4402827768,1.0
I4210111958,I4210164862,1,1,2024,W4402827768,1.0
I4210111958,I97018004,1,1,2024,W4402827768,1.0
I4210111958,I4210125099,1,1,2024,W4403583423,1.0
I4210111959,I4210117825,1,1,2024,W4403560390,1.0
I4210111959,I78988378,1,1,2024,W4403560390,1.0
I4210112150,I4210152908,1,1,2024,W4391469564,1.0
I4210112150,I4210165038,4,4,2024,W4391469564;W4403174218;W4403792257;W4405023205,0.25
I4210112150,I82880672,1,1,2024,W4400071543,1.0
I4210112150,I4401726859,1,1,2024,W4400580599,1.0
I4210112150,I889458895,1,1,2024,W4401878930,1.0
I4210112150,I4210120485,1,1,2024,W4403174218,1.0
I4210112150,I4210167311,1,1,2024,W4403174218,1.0
I4210112150,I63072094,1,1,2024,W4403182640,1.0
I4210112150,I881766915,1,1,2024,W4403792257,1.0
I4210112150,I4210137199,1,1,2024,W4405023205,1.0
I4210112164,I4210113124,1,1,2024,W4390511174,1.0
I4210112164,I887968799,1,1,2024,W4390511174,1.0
I4210112230,I4210128584,1,1,2024,W4405194283,1.0
I4210112230,I4210139738,1,1,2024,W4405194283,1.0
I4210112270,I4210114105,1,1,2024,W4403877994,1.0
I4210112270,I99065089,1,1,2024,W4403877994,1.0
I4210112527,I4210156054,1,1,2024,W4402218089,1.0
I4210112527,I55952717,1,1,2024,W4402218089,1.0
I4210112527,I74801974,1,1,2024,W4402218089,1.0
I4210112540,I4210165038,1,1,2024,W4402841143,1.0
I4210112713,I4210142260,1,1,2024,W4391823743,1.0
I4210112713,I9341345,1,1,2024,W4391823743,1.0
I4210112812,I889458895,1,1,2024,W4402753767,1.0
I4210112812,I99065089,1,1,2024,W4402753767,1.0
I4210112820,I4210123185,1,1,2024,W4399442007,1.0
I4210112820,I4210165038,2,2,2024,W4399442007;W4402974494,0.5
I4210112820,I76130692,1,1,2024,W4399442007,1.0
I4210112820,I8204097,1,1,2024,W4399442007,1.0
I4210112820,I4210123686,1,1,2024,W4400061043,1.0
I4210112925,I4210120221,1,1,2024,W4401609675,1.0
I4210113124,I887968799,1,1,2024,W4390511174,1.0
I4210113254,I4210133534,1,1,2024,W4399028826,1.0
I4210113254,I4210144384,1,1,2024,W4399028826,1.0
I4210113254,I5740404,1,1,2024,W4399028826,1.0
I4210113297,I4210145752,1,1,2024,W4396721167,1.0
I4210113297,I97018004,2,2,2024,W4396721167;W4402713326,0.5
I4210113297,I82497590,1,1,2024,W4399362035,1.0
I4210113297,I45129253,3,3,2024,W4399363470;W4402713326;W4404518333,0.3333333333333333
I4210113297,RAW_COHERE,1,1,2024,W4399363470,1.0
I4210113297,I4210148186,1,1,2024,W4399364455,1.0
I4210113297,I4210119286,1,1,2024,W4402713326,1.0
I4210113297,I4210120221,1,1,2024,W4402713326,1.0
I4210113297,I4210143272,1,1,2024,W4402713326,1.0
I4210113297,I4210164149,1,1,2024,W4402713326,1.0
I4210113297,I42934936,1,1,2024,W4402713326,1.0
I4210113297,I4387154616,1,1,2024,W4402713326,1.0
I4210113297,I4923324,1,1,2024,W4402713326,1.0
I4210113297,I63966007,1,1,2024,W4402713326,1.0
I4210113297,I74973139,1,1,2024,W4402713326,1.0
I4210113297,I98259816,1,1,2024,W4402713326,1.0
I4210113297,I4210161460,1,1,2024,W4402997354,1.0
I4210113316,I78577930,1,1,2024,W4396832402,1.0
I4210113347,I4210129763,1,1,2024,W4403069260,1.0
I4210113347,I47508984,1,1,2024,W4403069260,1.0
I4210113347,I62916508,2,2,2024,W4403069260;W4403204536,0.5
I4210113369,I74973139,1,1,2024,W4391136507,1.0
I4210113369,I4210116924,1,1,2024,W4391558438,1.0
I4210113369,I76569877,1,1,2024,W4391558438,1.0
I4210113369,I76130692,1,1,2024,W4392026410,1.0
I4210113369,I889458895,1,1,2024,W4392366650,1.0
I4210113369,I4210164937,1,1,2024,W4394946189,1.0
I4210113369,I47720641,1,1,2024,W4394946189,1.0
I4210113369,RAW_MICROSOFT,1,1,2024,W4394946189,1.0
I4210113369,I99065089,1,1,2024,W4399121418,1.0
I4210113369,I4210125051,1,1,2024,W4399175313,1.0
I4210113369,I4210151021,1,1,2024,W4402582789,1.0
I4210113369,I4210159102,1,1,2024,W4402582789,1.0
I4210113480,I74796645,2,2,2024,W4391974599;W4400070936,0.5
I4210113480,I74973139,4,4,2024,W4392902623;W4401815218;W4404843594;W4405055881,0.25
I4210113480,I4210165038,1,1,2024,W4394627652,1.0
I4210113480,I90610280,1,1,2024,W4394627652,1.0
I4210113480,I9842412,1,1,2024,W4396596847,1.0
I4210113480,I4210148632,1,1,2024,W4399387478,1.0
I4210113480,I99065089,1,1,2024,W4399387478,1.0
I4210113480,I67031392,1,1,2024,W4400070936,1.0
I4210113480,I67357951,1,1,2024,W4400070936,1.0
I4210113480,I4210119109,1,1,2024,W4401815218,1.0
I4210113480,I4210119138,1,1,2024,W4401815218,1.0
I4210113480,I66946132,1,1,2024,W4401815218,1.0
I4210113480,I68891433,1,1,2024,W4401815218,1.0
I4210113480,I97018004,1,1,2024,W4401815218,1.0
I4210113480,RAW_META,1,1,2024,W4401815218,1.0
I4210113480,I4210137501,2,2,2024,W4404843594;W4405055881,0.5
I4210113795,I4210119234,2,2,2024,W4399478575;W4400228569,0.5
I4210113795,I4210126517,2,2,2024,W4399478575;W4400228569,0.5
I4210113795,I4210144384,2,2,2024,W4399478575;W4400228569,0.5
I4210113795,I4210156804,2,2,2024,W4399478575;W4400228569,0.5
I4210113795,I5740404,1,1,2024,W4399478575,1.0
I4210113795,I75951250,2,2,2024,W4399478575;W4400228569,0.5
I4210113795,I7877124,2,2,2024,W4399478575;W4400228569,0.5
I4210113795,I5023651,1,1,2024,W4399785296,1.0
I4210113795,I4210131871,1,1,2024,W4400228569,1.0
I4210113821,I55215948,1,1,2024,W4398160900,1.0
I4210114105,I4210145761,1,1,2024,W4393148505,1.0
I4210114105,I99065089,3,3,2024,W4393148505;W4403222982;W4403877994,0.3333333333333333
I4210114115,I4210130649,1,1,2024,W4404167537,1.0
I4210114115,I4210140884,1,1,2024,W4404167537,1.0
I4210114115,I4210158374,1,1,2024,W4404167537,1.0
I4210114115,I4210167297,1,1,2024,W4404167537,1.0
I4210114115,I58956616,1,1,2024,W4404167537,1.0
I4210114115,I95240055,1,1,2024,W4404167537,1.0
I4210114444,I4210128585,1,1,2024,W4391940619,1.0
I4210114444,I4210127121,1,1,2024,W4391994222,1.0
I4210114444,I4210139617,1,1,2024,W4391994222,1.0
I4210114444,I97018004,1,1,2024,W4391994222,1.0
I4210114444,I45129253,1,1,2024,W4400484796,1.0
I4210114445,I4210117557,1,1,2024,W4402528490,1.0
I4210114445,I4405392,1,1,2024,W4402528490,1.0
I4210114445,I4210157890,1,1,2024,W4404306028,1.0
I4210114445,I57206974,1,1,2024,W4404306028,1.0
I4210114445,I76134821,1,1,2024,W4404306028,1.0
I4210114445,I4210128618,1,1,2024,W4405763549,1.0
I4210114445,I4210148284,1,1,2024,W4405763549,1.0
I4210114445,I4210150261,1,1,2024,W4405763549,1.0
I4210114445,I4210153126,1,1,2024,W4405763549,1.0
I4210114445,I60053951,1,1,2024,W4405763549,1.0
I4210114445,I867280407,1,1,2024,W4405763549,1.0
I4210114506,I4210158318,1,1,2024,W4396904350,1.0
I4210114506,I45928872,1,1,2024,W4396904350,1.0
I4210114506,I76130692,1,1,2024,W4396904350,1.0
I4210114506,I4210144367,1,1,2024,W4404851714,1.0
I4210114506,I55712492,1,1,2024,W4404851714,1.0
I4210114891,I4210128615,1,1,2024,W4394938913,1.0
I4210115038,I889458895,2,2,2024,W4401386967;W4404625217,0.5
I4210115097,I4210115203,1,1,2024,W4402617179,1.0
I4210115097,I46017,1,1,2024,W4402617179,1.0
I4210115126,I5124864,1,1,2024,W4393862353,1.0
I4210115126,I7495430,1,1,2024,W4393862353,1.0
I4210115126,I93593358,1,1,2024,W4393862353,1.0
I4210115203,I46017,1,1,2024,W4402617179,1.0
I4210115218,I4210154619,1,1,2024,W4391047581,1.0
I4210115256,I4387155440,1,1,2024,W4391387740,1.0
I4210115256,I51713134,1,1,2024,W4391387740,1.0
I4210115456,I4210132813,1,1,2024,W4405568301,1.0
I4210115456,I4210136596,1,1,2024,W4405568301,1.0
I4210115456,I4210153856,1,1,2024,W4405568301,1.0
I4210115456,I4210154929,1,1,2024,W4405568301,1.0
I4210115892,I909854389,1,1,2024,W4390723916,1.0
I4210115995,I4210162370,1,1,2024,W4392565345,1.0
I4210116208,I4210116917,1,1,2024,W4395026179,1.0
I4210116208,I4210126319,1,1,2024,W4395026179,1.0
I4210116208,I4210137145,1,1,2024,W4395026179,1.0
I4210116208,I4210137306,1,1,2024,W4395026179,1.0
I4210116208,I4210146690,1,1,2024,W4395026179,1.0
I4210116208,I4210150290,1,1,2024,W4395026179,1.0
I4210116208,I4210162189,1,1,2024,W4395026179,1.0
I4210116208,I61628605,1,1,2024,W4395026179,1.0
I4210116208,I97018004,1,1,2024,W4395026179,1.0
I4210116408,I522815984,1,1,2024,W4399932275,1.0
I4210116408,I6358929,1,1,2024,W4399932275,1.0
I4210116466,I4210123447,1,1,2024,W4406419344,1.0
I4210116615,I88596544,1,1,2024,W4392588911,1.0
I4210116869,I4210116917,2,2,2024,W4390577395;W4391509875,0.5
I4210116869,I4210124134,1,1,2024,W4390577395,1.0
I4210116869,I4210128921,1,1,2024,W4390577395,1.0
I4210116869,I4210144482,1,1,2024,W4390577395,1.0
I4210116869,I4210153550,2,2,2024,W4390577395;W4391509875,0.5
I4210116869,I47508984,1,1,2024,W4390577395,1.0
I4210116869,I99065089,2,2,2024,W4390577395;W4391509875,0.5
I4210116869,I4210128175,1,1,2024,W4391509875,1.0
I4210116917,I4210124134,1,1,2024,W4390577395,1.0
I4210116917,I4210128921,1,1,2024,W4390577395,1.0
I4210116917,I4210144482,1,1,2024,W4390577395,1.0
I4210116917,I4210153550,6,6,2024,W4390577395;W4391225179;W4391509875;W4404759772;W4405079446;W4405533687,0.16666666666666666
I4210116917,I47508984,3,3,2024,W4390577395;W4404759772;W4405079446,0.3333333333333333
I4210116917,I99065089,6,6,2024,W4390577395;W4391225179;W4391509875;W4404759772;W4405079446;W4405533687,0.16666666666666666
I4210116917,I4210126319,5,5,2024,W4390921272;W4391225179;W4395026179;W4399737726;W4405533687,0.2
I4210116917,I4210146998,1,1,2024,W4390921272,1.0
I4210116917,I97018004,3,3,2024,W4390921272;W4395026179;W4399737726,0.3333333333333333
I4210116917,I4210116924,1,1,2024,W4391225179,1.0
I4210116917,I4210135742,1,1,2024,W4391225179,1.0
I4210116917,I4210142044,1,1,2024,W4391225179,1.0
I4210116917,I82880672,2,2,2024,W4391225179;W4405533687,0.5
I4210116917,I889458895,1,1,2024,W4391225179,1.0
I4210116917,I4210128175,1,1,2024,W4391509875,1.0
I4210116917,I4210137145,2,2,2024,W4395026179;W4399737726,0.5
I4210116917,I4210137306,1,1,2024,W4395026179,1.0
I4210116917,I4210146690,1,1,2024,W4395026179,1.0
I4210116917,I4210150290,2,2,2024,W4395026179;W4399737726,0.5
I4210116917,I4210162189,2,2,2024,W4395026179;W4399737726,0.5
I4210116917,I61628605,1,1,2024,W4395026179,1.0
I4210116917,I4210121771,1,1,2024,W4404759772,1.0
I4210116917,I4210132355,1,1,2024,W4404759772,1.0
I4210116917,I4210133003,1,1,2024,W4404759772,1.0
I4210116917,I4210133785,1,1,2024,W4404759772,1.0
I4210116917,I4210159865,1,1,2024,W4404759772,1.0
I4210116917,I53411278,1,1,2024,W4404759772,1.0
I4210116917,I4210131026,1,1,2024,W4405533687,1.0
I4210116917,I4210150574,1,1,2024,W4405533687,1.0
I4210116917,I45129253,1,1,2024,W4405533687,1.0
I4210116924,I4210126319,1,1,2024,W4391225179,1.0
I4210116924,I4210135742,1,1,2024,W4391225179,1.0
I4210116924,I4210142044,1,1,2024,W4391225179,1.0
I4210116924,I4210153550,1,1,2024,W4391225179,1.0
I4210116924,I82880672,1,1,2024,W4391225179,1.0
I4210116924,I889458895,1,1,2024,W4391225179,1.0
I4210116924,I99065089,2,2,2024,W4391225179;W4392362609,0.5
I4210116924,I76569877,1,1,2024,W4391558438,1.0
I4210116924,I86501945,1,1,2024,W4392362609,1.0
I4210116924,I76130692,1,1,2024,W4392543779,1.0
I4210116924,I44461941,1,1,2024,W4400228959,1.0
I4210116924,I82497590,1,1,2024,W4400228959,1.0
I4210116924,I848706,1,1,2024,W4400228959,1.0
I4210116924,I58610484,1,1,2024,W4401176373,1.0
I4210116924,I97018004,1,1,2024,W4401176373,1.0
I4210116924,I4388482657,1,1,2024,W4402216694,1.0
I4210116924,I90610280,2,2,2024,W4402753822;W4402775818,0.5
I4210116924,I92403157,1,1,2024,W4404844643,1.0
I4210117005,I4210119991,1,1,2024,W4391940656,1.0
I4210117005,I4210128055,1,1,2024,W4391940656,1.0
I4210117005,I97188460,1,1,2024,W4391940656,1.0
I4210117013,I4210136517,1,1,2024,W4400447171,1.0
I4210117013,I74801974,1,1,2024,W4400447171,1.0
I4210117265,I889458895,1,1,2024,W4403002096,1.0
I4210117418,I4210127509,1,1,2024,W4403862062,1.0
I4210117425,I53964585,1,1,2024,W4404965692,1.0
I4210117450,I4210132590,1,1,2024,W4395053803,1.0
I4210117450,I71267560,1,1,2024,W4395053803,1.0
I4210117453,I4210161994,4,4,2024,W4390745503;W4392850630;W4395067201;W4404946452,0.25
I4210117453,I4210164862,2,2,2024,W4390745503;W4392850630,0.5
I4210117453,I48633490,3,3,2024,W4390745503;W4392850630;W4404946452,0.3333333333333333
I4210117453,I4210134579,4,4,2024,W4392947521;W4392947532;W4400440370;W4402220065,0.25
I4210117453,I4210155419,1,1,2024,W4392947521,1.0
I4210117453,I63966007,4,4,2024,W4392947521;W4392947532;W4395067201;W4402220065,0.25
I4210117453,I4387153466,1,1,2024,W4400440370,1.0
I4210117453,I4210128921,1,1,2024,W4402220065,1.0
I4210117453,I4210146711,1,1,2024,W4402220065,1.0
I4210117453,I4210154480,1,1,2024,W4402220065,1.0
I4210117453,I4210158968,1,1,2024,W4402220065,1.0
I4210117453,I4210162753,1,1,2024,W4402220065,1.0
I4210117453,I79576946,1,1,2024,W4402220065,1.0
I4210117453,I97018004,1,1,2024,W4402220065,1.0
I4210117453,I4210150980,1,1,2024,W4404946452,1.0
I4210117499,I4210146410,1,1,2024,W4391922002,1.0
I4210117499,I57206974,1,1,2024,W4391922002,1.0
I4210117499,I91045830,1,1,2024,W4391922002,1.0
I4210117499,I98704320,1,1,2024,W4391922002,1.0
I4210117557,I4405392,1,1,2024,W4402528490,1.0
I4210117825,I78988378,1,1,2024,W4403560390,1.0
I4210117998,I4210166108,1,1,2024,W4405628218,1.0
I4210118385,I4210154940,1,1,2024,W4391116828,1.0
I4210118385,I4210159782,1,1,2024,W4391116828,1.0
I4210118410,I4210163477,1,1,2024,W4401351748,1.0
I4210118410,I5388228,1,1,2024,W4401351748,1.0
I4210118629,I4210136793,1,1,2024,W4402754220,1.0
I4210118728,I4210137199,1,1,2024,W4403295779,1.0
I4210118728,I97018004,1,1,2024,W4403295779,1.0
I4210118837,I4210133796,1,1,2024,W4398201291,1.0
I4210118837,I4210156829,1,1,2024,W4398201291,1.0
I4210118837,I4210164937,2,2,2024,W4398201291;W4404460707,0.5
I4210118977,I4210120648,1,1,2024,W4403684713,1.0
I4210118977,I4210127658,1,1,2024,W4403684713,1.0
I4210118977,I4210135994,1,1,2024,W4403684713,1.0
I4210119021,I76130692,1,1,2024,W4398234583,1.0
I4210119028,I71920554,1,1,2024,W4400362569,1.0
I4210119109,I98285908,1,1,2024,W4390671601,1.0
I4210119109,I47508984,1,1,2024,W4392562062,1.0
I4210119109,I74801974,1,1,2024,W4392562062,1.0
I4210119109,I74973139,3,3,2024,W4392562062;W4398183095;W4401815218,0.3333333333333333
I4210119109,I4400600948,1,1,2024,W4398183095,1.0
I4210119109,I62916508,1,1,2024,W4398183095,1.0
I4210119109,I63966007,1,1,2024,W4398183095,1.0
I4210119109,I78577930,1,1,2024,W4398183095,1.0
I4210119109,I79576946,1,1,2024,W4398183095,1.0
I4210119109,I86519309,1,1,2024,W4398183095,1.0
I4210119109,I95457486,1,1,2024,W4398183095,1.0
I4210119109,I97018004,2,2,2024,W4398183095;W4401815218,0.5
I4210119109,I4210119138,1,1,2024,W4401815218,1.0
I4210119109,I66946132,1,1,2024,W4401815218,1.0
I4210119109,I68891433,1,1,2024,W4401815218,1.0
I4210119109,RAW_META,1,1,2024,W4401815218,1.0
I4210119109,I52669646,1,1,2024,W4403513981,1.0
I4210119130,I889458895,1,1,2024,W4392658848,1.0
I4210119138,I66946132,1,1,2024,W4401815218,1.0
I4210119138,I68891433,1,1,2024,W4401815218,1.0
I4210119138,I74973139,1,1,2024,W4401815218,1.0
I4210119138,I97018004,1,1,2024,W4401815218,1.0
I4210119138,RAW_META,1,1,2024,W4401815218,1.0
I4210119174,I66513531,1,1,2024,W4393149408,1.0
I4210119234,I4210126517,2,2,2024,W4399478575;W4400228569,0.5
I4210119234,I4210144384,2,2,2024,W4399478575;W4400228569,0.5
I4210119234,I4210156804,2,2,2024,W4399478575;W4400228569,0.5
I4210119234,I5740404,1,1,2024,W4399478575,1.0
I4210119234,I75951250,2,2,2024,W4399478575;W4400228569,0.5
I4210119234,I7877124,2,2,2024,W4399478575;W4400228569,0.5
I4210119234,I4210131871,1,1,2024,W4400228569,1.0
I4210119246,I4210152380,1,1,2024,W4399070603,1.0
I4210119250,I4210135252,1,1,2024,W4403813762,1.0
I4210119250,I4210137306,1,1,2024,W4403813762,1.0
I4210119250,I4210138309,1,1,2024,W4403813762,1.0
I4210119250,I97018004,1,1,2024,W4403813762,1.0
I4210119286,I4210120221,1,1,2024,W4402713326,1.0
I4210119286,I4210143272,1,1,2024,W4402713326,1.0
I4210119286,I4210164149,1,1,2024,W4402713326,1.0
I4210119286,I42934936,1,1,2024,W4402713326,1.0
I4210119286,I4387154616,1,1,2024,W4402713326,1.0
I4210119286,I45129253,1,1,2024,W4402713326,1.0
I4210119286,I4923324,1,1,2024,W4402713326,1.0
I4210119286,I63966007,1,1,2024,W4402713326,1.0
I4210119286,I74973139,1,1,2024,W4402713326,1.0
I4210119286,I97018004,1,1,2024,W4402713326,1.0
I4210119286,I98259816,1,1,2024,W4402713326,1.0
I4210119350,I861853513,1,1,2024,W4399302667,1.0
I4210119392,I4210156404,1,1,2024,W4403792152,1.0
I4210119392,I4210165038,1,1,2024,W4403792152,1.0
I4210119786,I9360294,1,1,2024,W4405592205,1.0
I4210119896,I4210126463,1,1,2024,W4392373674,1.0
I4210119896,I45129253,1,1,2024,W4392373674,1.0
I4210119896,I52099693,1,1,2024,W4402882689,1.0
I4210119947,I99712911,1,1,2024,W4405316956,1.0
I4210119991,I4210128055,1,1,2024,W4391940656,1.0
I4210119991,I97188460,1,1,2024,W4391940656,1.0
I4210120015,I94624287,1,1,2024,W4400062042,1.0
I4210120221,I4210142934,1,1,2024,W4396608701,1.0
I4210120221,I52977244,1,1,2024,W4396608701,1.0
I4210120221,I904495901,1,1,2024,W4396608701,1.0
I4210120221,I4210143272,1,1,2024,W4402713326,1.0
I4210120221,I4210164149,1,1,2024,W4402713326,1.0
I4210120221,I42934936,1,1,2024,W4402713326,1.0
I4210120221,I4387154616,1,1,2024,W4402713326,1.0
I4210120221,I45129253,1,1,2024,W4402713326,1.0
I4210120221,I4923324,1,1,2024,W4402713326,1.0
I4210120221,I63966007,1,1,2024,W4402713326,1.0
I4210120221,I74973139,1,1,2024,W4402713326,1.0
I4210120221,I97018004,1,1,2024,W4402713326,1.0
I4210120221,I98259816,1,1,2024,W4402713326,1.0
I4210120242,I86467917,1,1,2024,W4394949392,1.0
I4210120419,I4800084,1,1,2024,W4402703070,1.0
I4210120442,I4800084,1,1,2024,W4405787134,1.0
I4210120442,I82880672,1,1,2024,W4405787134,1.0
I4210120485,I4210165038,1,1,2024,W4403174218,1.0
I4210120485,I4210167311,1,1,2024,W4403174218,1.0
I4210120485,I4210135670,1,1,2024,W4405194591,1.0
I4210120485,I4405253208,1,1,2024,W4405194591,1.0
I4210120485,I5124864,1,1,2024,W4405194591,1.0
I4210120485,I861853513,1,1,2024,W4405194591,1.0
I4210120485,I873043661,1,1,2024,W4405194591,1.0
I4210120485,I887064364,1,1,2024,W4405194591,1.0
I4210120493,I4210161407,1,1,2024,W4390808973,1.0
I4210120493,I4387154205,1,1,2024,W4390808973,1.0
I4210120493,I8204097,1,1,2024,W4390808973,1.0
I4210120496,I45084792,1,1,2024,W4400657133,1.0
I4210120624,I56590836,1,1,2024,W4391296423,1.0
I4210120648,I4210127658,1,1,2024,W4403684713,1.0
I4210120648,I4210135994,1,1,2024,W4403684713,1.0
I4210120689,I4210162051,4,4,2024,W4392016947;W4393078503;W4402713323;W4403626237,0.25
I4210120689,I887968799,2,2,2024,W4392016947;W4403538040,0.5
I4210120689,I62916508,3,3,2024,W4392915068;W4392983247;W4403626237,0.3333333333333333
I4210120689,I7877124,2,2,2024,W4392915068;W4392983247,0.5
I4210120689,I4210148371,2,2,2024,W4392983247;W4403626237,0.5
I4210120689,I78650965,2,2,2024,W4393078503;W4404584849,0.5
I4210120689,I4210126310,1,1,2024,W4402713323,1.0
I4210120689,I4210156450,2,2,2024,W4402713323;W4404584849,0.5
I4210120689,I4210161917,1,1,2024,W4402713323,1.0
I4210120689,I4210124799,1,1,2024,W4403626237,1.0
I4210120689,I4210132578,1,1,2024,W4403626237,1.0
I4210120689,I4210153755,1,1,2024,W4403626237,1.0
I4210120769,I99043593,1,1,2024,W4402999774,1.0
I4210120842,I4210165038,1,1,2024,W4399379055,1.0
I4210120885,I926574661,1,1,2024,W4394834299,1.0
I4210120929,I4210126592,1,1,2024,W4396561228,1.0
I4210120929,I4210135742,1,1,2024,W4396561228,1.0
I4210120929,I58200834,1,1,2024,W4396561228,1.0
I4210121083,I4210130461,1,1,2024,W4391878439,1.0
I4210121083,I4210141135,1,1,2024,W4391878439,1.0
I4210121083,I4210142730,1,1,2024,W4391878439,1.0
I4210121083,I45129253,1,1,2024,W4391878439,1.0
I4210121083,I5023651,1,1,2024,W4391878439,1.0
I4210121083,I70931966,1,1,2024,W4391878439,1.0
I4210121405,I74796645,2,2,2024,W4396790104;W4402228253,0.5
I4210121440,I4210131560,1,1,2024,W4404739647,1.0
I4210121447,I4210128175,1,1,2024,W4399590361,1.0
I4210121447,I4210165038,1,1,2024,W4399590361,1.0
I4210121761,I4210162172,1,1,2024,W4402408693,1.0
I4210121761,I4210162420,1,1,2024,W4402408693,1.0
I4210121771,I4210132355,1,1,2024,W4404759772,1.0
I4210121771,I4210133003,1,1,2024,W4404759772,1.0
I4210121771,I4210133785,1,1,2024,W4404759772,1.0
I4210121771,I4210153550,1,1,2024,W4404759772,1.0
I4210121771,I4210159865,1,1,2024,W4404759772,1.0
I4210121771,I47508984,1,1,2024,W4404759772,1.0
I4210121771,I53411278,1,1,2024,W4404759772,1.0
I4210121771,I99065089,1,1,2024,W4404759772,1.0
I4210121775,I4210166741,1,1,2024,W4398243240,1.0
I4210121775,I62318514,1,1,2024,W4398243240,1.0
I4210121775,I99682543,1,1,2024,W4398243240,1.0
I4210121800,I86987016,1,1,2024,W4405159539,1.0
I4210121800,I97018004,1,1,2024,W4405159539,1.0
I4210121988,I74973139,1,1,2024,W4402666241,1.0
I4210121988,I84218800,1,1,2024,W4402666241,1.0
I4210122016,I45129253,2,2,2024,W4392579942;W4403062944,0.5
I4210122016,I889458895,1,1,2024,W4403062944,1.0
I4210122158,I4210130532,1,1,2024,W4397043564,1.0
I4210122302,I4391012619,11,11,2024,W4393147980;W4393153655;W4393154149;W4401417236;W4402260637;W4402715797;W4402715886;W4402727142;W4402727507;W4402727851;W4402816865,0.09090909090909091
I4210122302,I66867065,1,1,2024,W4393147980,1.0
I4210122302,I82880672,1,1,2024,W4402260637,1.0
I4210122302,I889458895,2,2,2024,W4402260637;W4402727142,0.5
I4210122302,I56590836,1,1,2024,W4402715886,1.0
I4210122302,I4210139598,1,1,2024,W4402727142,1.0
I4210122302,I4210145761,1,1,2024,W4402727142,1.0
I4210122302,I881766915,1,1,2024,W4402727142,1.0
I4210122302,I99065089,1,1,2024,W4402727507,1.0
I4210122485,I57206974,1,1,2024,W4394879936,1.0
I4210122543,I4210164332,1,1,2024,W4401709416,1.0
I4210122543,I50632499,1,1,2024,W4402123952,1.0
I4210122547,I4210141669,1,1,2024,W4393317046,1.0
I4210122547,I4210157775,1,1,2024,W4393317046,1.0
I4210122547,I4387152983,1,1,2024,W4393317046,1.0
I4210122547,I60134161,1,1,2024,W4393317046,1.0
I4210122547,I74801974,1,1,2024,W4393317046,1.0
I4210122547,I98285908,1,1,2024,W4393317046,1.0
I4210122684,I87216513,1,1,2024,W4403843289,1.0
I4210122949,I4210123185,1,1,2024,W4405268957,1.0
I4210122949,I4210128921,1,1,2024,W4405268957,1.0
I4210122949,I4210146711,1,1,2024,W4405268957,1.0
I4210122949,I4210147381,1,1,2024,W4405268957,1.0
I4210122949,I4210153856,1,1,2024,W4405268957,1.0
I4210122949,I4210154142,1,1,2024,W4405268957,1.0
I4210122949,I4210160507,1,1,2024,W4405268957,1.0
I4210122949,I58200834,1,1,2024,W4405268957,1.0
I4210122949,I92039509,1,1,2024,W4405268957,1.0
I4210122954,I87182695,1,1,2024,W4409131852,1.0
I4210123059,I5388228,1,1,2024,W4400889241,1.0
I4210123185,I56590836,1,1,2024,W4390692489,1.0
I4210123185,I63966007,1,1,2024,W4391468387,1.0
I4210123185,I4210165038,2,2,2024,W4392972103;W4399442007,0.5
I4210123185,I76130692,5,5,2024,W4392972103;W4399442007;W4404525423;W4404613153;W4404641323,0.2
I4210123185,I4210162190,1,1,2024,W4393148562,1.0
I4210123185,I82880672,1,1,2024,W4393148562,1.0
I4210123185,I8204097,1,1,2024,W4399442007,1.0
I4210123185,I50760025,1,1,2024,W4403916100,1.0
I4210123185,I4210128175,1,1,2024,W4404525423,1.0
I4210123185,I4210160344,1,1,2024,W4404525423,1.0
I4210123185,I4210160507,2,2,2024,W4404525423;W4405268957,0.5
I4210123185,I4210166576,1,1,2024,W4404525423,1.0
I4210123185,I83519826,1,1,2024,W4404525423,1.0
I4210123185,I4210128921,1,1,2024,W4405268957,1.0
I4210123185,I4210146711,1,1,2024,W4405268957,1.0
I4210123185,I4210147381,1,1,2024,W4405268957,1.0
I4210123185,I4210153856,1,1,2024,W4405268957,1.0
I4210123185,I4210154142,1,1,2024,W4405268957,1.0
I4210123185,I58200834,1,1,2024,W4405268957,1.0
I4210123185,I92039509,1,1,2024,W4405268957,1.0
I4210123185,I881766915,1,1,2024,W4405865448,1.0
I4210123185,I4210145761,1,1,2024,W4414360897,1.0
I4210123185,I4391012619,1,1,2024,W4414360897,1.0
I4210123235,I4210144834,1,1,2024,W4400142690,1.0
I4210123235,I56590836,1,1,2024,W4400142690,1.0
I4210123235,I79889768,1,1,2024,W4400142690,1.0
I4210123377,I4210145761,1,1,2024,W4403275125,1.0
I4210123377,I47251452,1,1,2024,W4403275125,1.0
I4210123377,I58200834,1,1,2024,W4403275125,1.0
I4210123409,I4210127938,1,1,2024,W4391098193,1.0
I4210123409,I4210146710,1,1,2024,W4391098193,1.0
I4210123574,I4210127509,1,1,2024,W4402997546,1.0
I4210123907,I4210160144,1,1,2024,W4403041070,1.0
I4210123907,I87111246,1,1,2024,W4403041070,1.0
I4210123976,I95634034,1,1,2024,W4391227797,1.0
I4210124028,I882009436,1,1,2024,W4402050919,1.0
I4210124134,I4210128921,1,1,2024,W4390577395,1.0
I4210124134,I4210144482,1,1,2024,W4390577395,1.0
I4210124134,I4210153550,1,1,2024,W4390577395,1.0
I4210124134,I47508984,1,1,2024,W4390577395,1.0
I4210124134,I99065089,1,1,2024,W4390577395,1.0
I4210124175,I4210160315,1,1,2024,W4404927449,1.0
I4210124175,I59553526,1,1,2024,W4404927449,1.0
I4210124175,I63966007,1,1,2024,W4404927449,1.0
I4210124318,I82284825,1,1,2024,W4403878419,1.0
I4210124331,I91044093,1,1,2024,W4405741365,1.0
I4210124436,I4210159031,1,1,2024,W4396606797,1.0
I4210124531,I4210141719,1,1,2024,W4394740284,1.0
I4210124531,I4210145330,1,1,2024,W4394740284,1.0
I4210124531,I4210153519,1,1,2024,W4394740284,1.0
I4210124531,I4392738115,1,1,2024,W4394740284,1.0
I4210124531,I76214153,1,1,2024,W4394740284,1.0
I4210124598,I4210157288,1,1,2024,W4403371699,1.0
I4210124598,I4390039274,2,2,2024,W4403371699;W4404349982,0.5
I4210124598,I5023651,1,1,2024,W4403371699,1.0
I4210124598,I95457486,2,2,2024,W4403371699;W4404349982,0.5
I4210124598,I4210137306,1,1,2024,W4404349982,1.0
I4210124598,I97018004,1,1,2024,W4404349982,1.0
I4210124799,I4210132578,1,1,2024,W4403626237,1.0
I4210124799,I4210148371,1,1,2024,W4403626237,1.0
I4210124799,I4210153755,1,1,2024,W4403626237,1.0
I4210124799,I4210162051,1,1,2024,W4403626237,1.0
I4210124799,I62916508,1,1,2024,W4403626237,1.0
I4210124809,I4210130930,1,1,2024,W4395052272,1.0
I4210124809,I4210141942,1,1,2024,W4395052272,1.0
I4210124809,I4210157729,1,1,2024,W4395052272,1.0
I4210124809,I82880672,1,1,2024,W4395052272,1.0
I4210124949,I72951846,1,1,2024,W4400484653,1.0
I4210124949,RAW_MICROSOFT,1,1,2024,W4400484665,1.0
I4210125051,I4210140243,1,1,2024,W4400955756,1.0
I4210125051,I47508984,1,1,2024,W4400955756,1.0
I4210125051,I91203450,1,1,2024,W4400955756,1.0
I4210125099,I4210127401,1,1,2024,W4392191246,1.0
I4210125099,I4210158428,1,1,2024,W4392191246,1.0
I4210125099,I921990950,1,1,2024,W4392191246,1.0
I4210125099,I97018004,3,3,2024,W4392191246;W4393157213;W4405651481,0.3333333333333333
I4210125099,I98285908,1,1,2024,W4392191246,1.0
I4210125099,I4210127938,1,1,2024,W4392465486,1.0
I4210125099,I4210146710,1,1,2024,W4392465486,1.0
I4210125099,I4210137306,2,2,2024,W4393157213;W4405651481,0.5
I4210125099,I4210164862,1,1,2024,W4393157213,1.0
I4210125099,I901861585,1,1,2024,W4393157213,1.0
I4210125099,I4210134579,1,1,2024,W4399567248,1.0
I4210125099,I4921948,1,1,2024,W4399567248,1.0
I4210125099,I63966007,1,1,2024,W4399567248,1.0
I4210125099,I98704320,1,1,2024,W4403583423,1.0
I4210125590,I4210158373,1,1,2024,W4402055147,1.0
I4210125590,I47508984,1,1,2024,W4402055147,1.0
I4210125590,I91123046,1,1,2024,W4402055147,1.0
I4210125713,I4210132242,1,1,2024,W4402814550,1.0
I4210125713,I4210135252,1,1,2024,W4402814550,1.0
I4210125713,I63190737,1,1,2024,W4402814550,1.0
I4210125713,I901861585,1,1,2024,W4402814550,1.0
I4210125796,I8087733,1,1,2024,W4390918905,1.0
I4210125796,I97018004,1,1,2024,W4390918905,1.0
I4210125814,I4210126328,1,1,2024,W4404961535,1.0
I4210125814,I4210145784,1,1,2024,W4404961535,1.0
I4210125814,I4210166615,1,1,2024,W4404961535,1.0
I4210125814,I47099075,1,1,2024,W4404961535,1.0
I4210125814,I5124864,1,1,2024,W4404961535,1.0
I4210125814,I92507152,1,1,2024,W4404961535,1.0
I4210125976,I4210155268,1,1,2024,W4394865839,1.0
I4210125976,I66946132,1,1,2024,W4394865839,1.0
I4210126310,I4210156450,1,1,2024,W4402713323,1.0
I4210126310,I4210161917,1,1,2024,W4402713323,1.0
I4210126310,I4210162051,1,1,2024,W4402713323,1.0
I4210126319,I4210146998,1,1,2024,W4390921272,1.0
I4210126319,I97018004,3,3,2024,W4390921272;W4395026179;W4399737726,0.3333333333333333
I4210126319,I4210135742,1,1,2024,W4391225179,1.0
I4210126319,I4210142044,1,1,2024,W4391225179,1.0
I4210126319,I4210153550,2,2,2024,W4391225179;W4405533687,0.5
I4210126319,I82880672,2,2,2024,W4391225179;W4405533687,0.5
I4210126319,I889458895,1,1,2024,W4391225179,1.0
I4210126319,I99065089,2,2,2024,W4391225179;W4405533687,0.5
I4210126319,I4210137145,2,2,2024,W4395026179;W4399737726,0.5
I4210126319,I4210137306,1,1,2024,W4395026179,1.0
I4210126319,I4210146690,1,1,2024,W4395026179,1.0
I4210126319,I4210150290,2,2,2024,W4395026179;W4399737726,0.5
I4210126319,I4210162189,2,2,2024,W4395026179;W4399737726,0.5
I4210126319,I61628605,1,1,2024,W4395026179,1.0
I4210126319,I4210131026,1,1,2024,W4405533687,1.0
I4210126319,I4210150574,1,1,2024,W4405533687,1.0
I4210126319,I45129253,1,1,2024,W4405533687,1.0
I4210126328,I4210136895,1,1,2024,W4396723768,1.0
I4210126328,I5124864,2,2,2024,W4396723768;W4404961535,0.5
I4210126328,I5388228,1,1,2024,W4396723768,1.0
I4210126328,I4210137807,1,1,2024,W4402373303,1.0
I4210126328,I62318514,1,1,2024,W4402373303,1.0
I4210126328,I76134821,1,1,2024,W4402373303,1.0
I4210126328,I97565354,1,1,2024,W4402373303,1.0
I4210126328,I4210145784,1,1,2024,W4404961535,1.0
I4210126328,I4210166615,1,1,2024,W4404961535,1.0
I4210126328,I47099075,1,1,2024,W4404961535,1.0
I4210126328,I92507152,1,1,2024,W4404961535,1.0
I4210126452,I4210150574,1,1,2024,W4399347607,1.0
I4210126452,I45129253,1,1,2024,W4399347607,1.0
I4210126463,I45129253,1,1,2024,W4392373674,1.0
I4210126463,I47508984,1,1,2024,W4403650520,1.0
I4210126476,I95457486,2,2,2024,W4391470407;W4403213735,0.5
I4210126476,I97018004,1,1,2024,W4391470407,1.0
I4210126517,I4210144384,2,2,2024,W4399478575;W4400228569,0.5
I4210126517,I4210156804,2,2,2024,W4399478575;W4400228569,0.5
I4210126517,I5740404,1,1,2024,W4399478575,1.0
I4210126517,I75951250,2,2,2024,W4399478575;W4400228569,0.5
I4210126517,I7877124,2,2,2024,W4399478575;W4400228569,0.5
I4210126517,I4210131871,1,1,2024,W4400228569,1.0
I4210126580,I4210152758,1,1,2024,W4399615879,1.0
I4210126580,I4391012619,1,1,2024,W4399615879,1.0
I4210126592,I4210135742,1,1,2024,W4396561228,1.0
I4210126592,I58200834,1,1,2024,W4396561228,1.0
I4210126829,I4210136334,1,1,2024,W4392164233,1.0
I4210126829,I4210152230,1,1,2024,W4392164233,1.0
I4210126829,I4210162359,1,1,2024,W4392164233,1.0
I4210126829,I64723972,1,1,2024,W4392164233,1.0
I4210126829,I68171755,1,1,2024,W4392164233,1.0
I4210126829,I98298690,1,1,2024,W4392164233,1.0
I4210126907,I4210128584,1,1,2024,W4404764563,1.0
I4210126907,I4210130445,1,1,2024,W4404764563,1.0
I4210126907,I4210134158,1,1,2024,W4404764563,1.0
I4210126907,I4210134550,1,1,2024,W4404764563,1.0
I4210126907,I4210143801,1,1,2024,W4404764563,1.0
I4210126907,I4210144746,1,1,2024,W4404764563,1.0
I4210126907,I4210157294,1,1,2024,W4404764563,1.0
I4210126907,I4210158500,1,1,2024,W4404764563,1.0
I4210126907,I4387152376,1,1,2024,W4404764563,1.0
I4210126907,I44260953,1,1,2024,W4404764563,1.0
I4210126907,I45129253,1,1,2024,W4404764563,1.0
I4210126907,I57206974,1,1,2024,W4404764563,1.0
I4210126907,I62916508,1,1,2024,W4404764563,1.0
I4210126907,I63966007,1,1,2024,W4404764563,1.0
I4210126907,I78757542,1,1,2024,W4404764563,1.0
I4210126907,I79576946,1,1,2024,W4404764563,1.0
I4210126907,I8087733,1,1,2024,W4404764563,1.0
I4210126907,I8204097,1,1,2024,W4404764563,1.0
I4210126907,I91727514,1,1,2024,W4404764563,1.0
I4210126907,I97565354,1,1,2024,W4404764563,1.0
I4210126907,I98677209,1,1,2024,W4404764563,1.0
I4210127074,I4210128175,1,1,2024,W4403095455,1.0
I4210127074,I4210159575,1,1,2024,W4403095455,1.0
I4210127121,I4210139617,1,1,2024,W4391994222,1.0
I4210127121,I97018004,1,1,2024,W4391994222,1.0
I4210127216,I4391012619,1,1,2024,W4392798406,1.0
I4210127216,I82880672,1,1,2024,W4392798406,1.0
I4210127218,I4210127875,1,1,2024,W4400734331,1.0
I4210127283,I4210167230,1,1,2024,W4405852962,1.0
I4210127283,I881427289,1,1,2024,W4405852962,1.0
I4210127401,I4210158428,1,1,2024,W4392191246,1.0
I4210127401,I921990950,1,1,2024,W4392191246,1.0
I4210127401,I97018004,1,1,2024,W4392191246,1.0
I4210127401,I98285908,1,1,2024,W4392191246,1.0
I4210127432,I889458895,1,1,2024,W4402754134,1.0
I4210127509,I57206974,1,1,2024,W4391109864,1.0
I4210127509,I4210147079,1,1,2024,W4399774223,1.0
I4210127509,I98251732,1,1,2024,W4400201634,1.0
I4210127509,I4210146410,1,1,2024,W4400949264,1.0
I4210127509,I47508984,1,1,2024,W4400949264,1.0
I4210127509,I98677209,2,2,2024,W4400949264;W4404018000,0.5
I4210127509,I79817857,1,1,2024,W4401792540,1.0
I4210127509,I4210151462,1,1,2024,W4403350553,1.0
I4210127509,I78577930,1,1,2024,W4403350553,1.0
I4210127509,I79576946,1,1,2024,W4403990800,1.0
I4210127509,I4210158898,1,1,2024,W4404018000,1.0
I4210127558,I5681781,1,1,2024,W4394625619,1.0
I4210127558,I7495430,1,1,2024,W4394625619,1.0
I4210127591,I4210144898,1,1,2024,W4391935269,1.0
I4210127591,I4210156450,1,1,2024,W4391935269,1.0
I4210127591,I8204097,1,1,2024,W4400408791,1.0
I4210127611,I76134821,1,1,2024,W4399917506,1.0
I4210127658,I4210135994,1,1,2024,W4403684713,1.0
I4210127693,I4210143392,1,1,2024,W4400307907,1.0
I4210127693,I66946132,1,1,2024,W4400307907,1.0
I4210127693,I72816309,1,1,2024,W4400307907,1.0
I4210127693,I4210146710,1,1,2024,W4401397240,1.0
I4210127693,I79576946,1,1,2024,W4401397240,1.0
I4210127693,I919571938,1,1,2024,W4401397240,1.0
I4210127693,I97018004,1,1,2024,W4401397240,1.0
I4210127875,I4390039331,1,1,2024,W4393187333,1.0
I4210127875,I58610484,1,1,2024,W4400121375,1.0
I4210127875,I63966007,1,1,2024,W4402782221,1.0
I4210127875,I4577782,1,1,2024,W4402890475,1.0
I4210127875,I86519309,1,1,2024,W4402890475,1.0
I4210127875,I97018004,2,2,2024,W4402890475;W4404654684,0.5
I4210127875,RAW_NVIDIA,1,1,2024,W4404134046,1.0
I4210127875,I62916508,1,1,2024,W4404821554,1.0
I4210127938,I4210146710,2,2,2024,W4391098193;W4392465486,0.5
I4210128042,I87780372,1,1,2024,W4395111197,1.0
I4210128055,I97188460,1,1,2024,W4391940656,1.0
I4210128175,I4210153550,1,1,2024,W4391509875,1.0
I4210128175,I99065089,1,1,2024,W4391509875,1.0
I4210128175,I4210165038,1,1,2024,W4399590361,1.0
I4210128175,I4210159575,1,1,2024,W4403095455,1.0
I4210128175,I4210160344,1,1,2024,W4404525423,1.0
I4210128175,I4210160507,1,1,2024,W4404525423,1.0
I4210128175,I4210166576,1,1,2024,W4404525423,1.0
I4210128175,I76130692,1,1,2024,W4404525423,1.0
I4210128175,I83519826,1,1,2024,W4404525423,1.0
I4210128276,I872922937,1,1,2024,W4392541953,1.0
I4210128490,I4210137263,1,1,2024,W4392015344,1.0
I4210128490,I4210143795,1,1,2024,W4392015344,1.0
I4210128526,I4210134769,2,2,2024,W4391338604;W4402909345,0.5
I4210128526,I45438204,1,1,2024,W4391338604,1.0
I4210128526,I4387153466,1,1,2024,W4402909345,1.0
I4210128526,I919571938,1,1,2024,W4402909345,1.0
I4210128565,I4210153546,1,1,2024,W4399922932,1.0
I4210128565,I4387153999,1,1,2024,W4399922932,1.0
I4210128565,I57206974,1,1,2024,W4399922932,1.0
I4210128584,I4210140036,1,1,2024,W4403332065,1.0
I4210128584,I9927081,1,1,2024,W4403332065,1.0
I4210128584,I4210130445,1,1,2024,W4404764563,1.0
I4210128584,I4210134158,1,1,2024,W4404764563,1.0
I4210128584,I4210134550,1,1,2024,W4404764563,1.0
I4210128584,I4210143801,1,1,2024,W4404764563,1.0
I4210128584,I4210144746,1,1,2024,W4404764563,1.0
I4210128584,I4210157294,1,1,2024,W4404764563,1.0
I4210128584,I4210158500,1,1,2024,W4404764563,1.0
I4210128584,I4387152376,1,1,2024,W4404764563,1.0
I4210128584,I44260953,1,1,2024,W4404764563,1.0
I4210128584,I45129253,1,1,2024,W4404764563,1.0
I4210128584,I57206974,1,1,2024,W4404764563,1.0
I4210128584,I62916508,1,1,2024,W4404764563,1.0
I4210128584,I63966007,1,1,2024,W4404764563,1.0
I4210128584,I78757542,1,1,2024,W4404764563,1.0
I4210128584,I79576946,1,1,2024,W4404764563,1.0
I4210128584,I8087733,1,1,2024,W4404764563,1.0
I4210128584,I8204097,1,1,2024,W4404764563,1.0
I4210128584,I91727514,1,1,2024,W4404764563,1.0
I4210128584,I97565354,1,1,2024,W4404764563,1.0
I4210128584,I98677209,1,1,2024,W4404764563,1.0
I4210128584,I4210139738,1,1,2024,W4405194283,1.0
I4210128585,I45129253,1,1,2024,W4394597526,1.0
I4210128585,I59270414,1,1,2024,W4402727035,1.0
I4210128618,I4210148284,1,1,2024,W4405763549,1.0
I4210128618,I4210150261,1,1,2024,W4405763549,1.0
I4210128618,I4210153126,1,1,2024,W4405763549,1.0
I4210128618,I60053951,1,1,2024,W4405763549,1.0
I4210128618,I867280407,1,1,2024,W4405763549,1.0
I4210128628,I4210152380,1,1,2024,W4391822640,1.0
I4210128628,I4210145761,1,1,2024,W4393148714,1.0
I4210128801,I904495901,1,1,2024,W4392402304,1.0
I4210128818,I4210165038,7,7,2024,W4391974543;W4393028958;W4393147129;W4393160124;W4394769323;W4400582230;W4404931764,0.14285714285714285
I4210128818,I62916508,2,2,2024,W4391974543;W4394769323,0.5
I4210128818,I99065089,3,3,2024,W4393028958;W4403791697;W4404931764,0.3333333333333333
I4210128818,I4391767820,2,2,2024,W4393147129;W4393160124,0.5
I4210128818,I82880672,2,2,2024,W4400582230;W4403791697,0.5
I4210128818,I4210157345,1,1,2024,W4403791697,1.0
I4210128818,I4210159029,1,1,2024,W4403791697,1.0
I4210128818,I889458895,1,1,2024,W4403791697,1.0
I4210128853,I51601045,1,1,2024,W4404111691,1.0
I4210128853,I69356397,1,1,2024,W4404111691,1.0
I4210128910,I4391012619,3,3,2024,W4396936305;W4405382875;W4405595839,0.3333333333333333
I4210128910,I97750245,1,1,2024,W4400727150,1.0
I4210128910,I4210137146,1,1,2024,W4404856308,1.0
I4210128910,I881766915,2,2,2024,W4405382875;W4405595839,0.5
I4210128910,I99065089,2,2,2024,W4405382875;W4405595839,0.5
I4210128921,I4210144482,1,1,2024,W4390577395,1.0
I4210128921,I4210153550,1,1,2024,W4390577395,1.0
I4210128921,I47508984,1,1,2024,W4390577395,1.0
I4210128921,I99065089,1,1,2024,W4390577395,1.0
I4210128921,I4210134579,1,1,2024,W4402220065,1.0
I4210128921,I4210146711,2,2,2024,W4402220065;W4405268957,0.5
I4210128921,I4210154480,1,1,2024,W4402220065,1.0
I4210128921,I4210158968,1,1,2024,W4402220065,1.0
I4210128921,I4210162753,1,1,2024,W4402220065,1.0
I4210128921,I63966007,1,1,2024,W4402220065,1.0
I4210128921,I79576946,1,1,2024,W4402220065,1.0
I4210128921,I97018004,1,1,2024,W4402220065,1.0
I4210128921,I4210147381,1,1,2024,W4405268957,1.0
I4210128921,I4210153856,1,1,2024,W4405268957,1.0
I4210128921,I4210154142,1,1,2024,W4405268957,1.0
I4210128921,I4210160507,1,1,2024,W4405268957,1.0
I4210128921,I58200834,1,1,2024,W4405268957,1.0
I4210128921,I92039509,1,1,2024,W4405268957,1.0
I4210129145,I4387154995,1,1,2024,W4386437472,1.0
I4210129222,I4210163933,1,1,2024,W4402667172,1.0
I4210129222,I47720641,1,1,2024,W4402667172,1.0
I4210129459,I87780372,1,1,2024,W4400392484,1.0
I4210129665,I4210138307,1,1,2024,W4401052860,1.0
I4210129763,I47508984,1,1,2024,W4403069260,1.0
I4210129763,I62916508,1,1,2024,W4403069260,1.0
I4210130191,I58956616,1,1,2024,W4398175922,1.0
I4210130200,I74973139,1,1,2024,W4402671610,1.0
I4210130445,I4210134158,1,1,2024,W4404764563,1.0
I4210130445,I4210134550,1,1,2024,W4404764563,1.0
I4210130445,I4210143801,1,1,2024,W4404764563,1.0
I4210130445,I4210144746,1,1,2024,W4404764563,1.0
I4210130445,I4210157294,1,1,2024,W4404764563,1.0
I4210130445,I4210158500,1,1,2024,W4404764563,1.0
I4210130445,I4387152376,1,1,2024,W4404764563,1.0
I4210130445,I44260953,1,1,2024,W4404764563,1.0
I4210130445,I45129253,1,1,2024,W4404764563,1.0
I4210130445,I57206974,1,1,2024,W4404764563,1.0
I4210130445,I62916508,1,1,2024,W4404764563,1.0
I4210130445,I63966007,1,1,2024,W4404764563,1.0
I4210130445,I78757542,1,1,2024,W4404764563,1.0
I4210130445,I79576946,1,1,2024,W4404764563,1.0
I4210130445,I8087733,1,1,2024,W4404764563,1.0
I4210130445,I8204097,1,1,2024,W4404764563,1.0
I4210130445,I91727514,1,1,2024,W4404764563,1.0
I4210130445,I97565354,1,1,2024,W4404764563,1.0
I4210130445,I98677209,1,1,2024,W4404764563,1.0
I4210130461,I4210141135,1,1,2024,W4391878439,1.0
I4210130461,I4210142730,1,1,2024,W4391878439,1.0
I4210130461,I45129253,1,1,2024,W4391878439,1.0
I4210130461,I5023651,1,1,2024,W4391878439,1.0
I4210130461,I70931966,1,1,2024,W4391878439,1.0
I4210130649,I4210140884,2,2,2024,W4402053335;W4404167537,0.5
I4210130649,I4210159865,1,1,2024,W4402053335,1.0
I4210130649,I58956616,2,2,2024,W4402053335;W4404167537,0.5
I4210130649,I4210158374,1,1,2024,W4404167537,1.0
I4210130649,I4210167297,1,1,2024,W4404167537,1.0
I4210130649,I95240055,1,1,2024,W4404167537,1.0
I4210130930,I4210141942,1,1,2024,W4395052272,1.0
I4210130930,I4210157729,1,1,2024,W4395052272,1.0
I4210130930,I82880672,1,1,2024,W4395052272,1.0
I4210131026,I4210150574,2,2,2024,W4402926912;W4405533687,0.5
I4210131026,I45129253,2,2,2024,W4402926912;W4405533687,0.5
I4210131026,I4210153550,1,1,2024,W4405533687,1.0
I4210131026,I82880672,1,1,2024,W4405533687,1.0
I4210131026,I99065089,1,1,2024,W4405533687,1.0
I4210131147,I4401726783,2,2,2024,W4394828356;W4399372338,0.5
I4210131147,I48890080,1,1,2024,W4394828356,1.0
I4210131147,I74319210,1,1,2024,W4394828356,1.0
I4210131147,I876193797,1,1,2024,W4394828356,1.0
I4210131167,I4210139142,1,1,2024,W4390537496,1.0
I4210131167,I4210156034,1,1,2024,W4390537496,1.0
I4210131207,I4210162392,1,1,2024,W4401193171,1.0
I4210131230,I83019370,1,1,2024,W4391594085,1.0
I4210131342,I4210153682,1,1,2024,W4404504626,1.0
I4210131342,I50632499,1,1,2024,W4404504626,1.0
I4210131356,I84218800,1,1,2024,W4396722287,1.0
I4210131537,I63098007,2,2,2024,W4400015499;W4400998898,0.5
I4210131537,I4210131919,2,2,2024,W4401945042;W4402459565,0.5
I4210131537,I4210149618,1,1,2024,W4402459565,1.0
I4210131537,I69356397,1,1,2024,W4402459565,1.0
I4210131585,I84500057,1,1,2024,W4394733201,1.0
I4210131804,I75747061,1,1,2024,W4391069701,1.0
I4210131846,I45129253,1,1,2024,W4401857337,1.0
I4210131846,I87216513,1,1,2024,W4401857337,1.0
I4210131846,I99065089,1,1,2024,W4401857337,1.0
I4210131846,I60053951,1,1,2024,W4402827393,1.0
I4210131870,I9224756,1,1,2024,W4393160802,1.0
I4210131871,I4210144384,1,1,2024,W4400228569,1.0
I4210131871,I4210156804,1,1,2024,W4400228569,1.0
I4210131871,I75951250,1,1,2024,W4400228569,1.0
I4210131871,I7877124,1,1,2024,W4400228569,1.0
I4210131919,I4210149618,1,1,2024,W4402459565,1.0
I4210131919,I69356397,1,1,2024,W4402459565,1.0
I4210132242,I4210135252,1,1,2024,W4402814550,1.0
I4210132242,I63190737,1,1,2024,W4402814550,1.0
I4210132242,I901861585,1,1,2024,W4402814550,1.0
I4210132355,I4210133003,1,1,2024,W4404759772,1.0
I4210132355,I4210133785,1,1,2024,W4404759772,1.0
I4210132355,I4210153550,1,1,2024,W4404759772,1.0
I4210132355,I4210159865,1,1,2024,W4404759772,1.0
I4210132355,I47508984,1,1,2024,W4404759772,1.0
I4210132355,I53411278,1,1,2024,W4404759772,1.0
I4210132355,I99065089,1,1,2024,W4404759772,1.0
I4210132355,I4210135888,1,1,2024,W4405063711,1.0
I4210132355,I4210156168,1,1,2024,W4405063711,1.0
I4210132578,I4210148371,1,1,2024,W4403626237,1.0
I4210132578,I4210153755,1,1,2024,W4403626237,1.0
I4210132578,I4210162051,1,1,2024,W4403626237,1.0
I4210132578,I62916508,1,1,2024,W4403626237,1.0
I4210132586,I859038795,1,1,2024,W4396494884,1.0
I4210132590,I71267560,1,1,2024,W4395053803,1.0
I4210132813,I4210136596,1,1,2024,W4405568301,1.0
I4210132813,I4210153856,1,1,2024,W4405568301,1.0
I4210132813,I4210154929,1,1,2024,W4405568301,1.0
I4210132948,I881766915,1,1,2024,W4405596328,1.0
I4210132950,I4210141483,1,1,2024,W4391512181,1.0
I4210132950,I99065089,1,1,2024,W4391512181,1.0
I4210133003,I4210133785,1,1,2024,W4404759772,1.0
I4210133003,I4210153550,1,1,2024,W4404759772,1.0
I4210133003,I4210159865,1,1,2024,W4404759772,1.0
I4210133003,I47508984,1,1,2024,W4404759772,1.0
I4210133003,I53411278,1,1,2024,W4404759772,1.0
I4210133003,I99065089,1,1,2024,W4404759772,1.0
I4210133173,I47720641,1,1,2024,W4402727156,1.0
I4210133173,I5023651,1,1,2024,W4402742293,1.0
I4210133257,I4210145126,1,1,2024,W4403568955,1.0
I4210133257,I85461943,1,1,2024,W4403568955,1.0
I4210133325,I7882870,1,1,2024,W4394894051,1.0
I4210133534,I4210144384,1,1,2024,W4399028826,1.0
I4210133534,I5740404,1,1,2024,W4399028826,1.0
I4210133638,I4210166688,1,1,2024,W4393870968,1.0
I4210133785,I4210153550,1,1,2024,W4404759772,1.0
I4210133785,I4210159865,1,1,2024,W4404759772,1.0
I4210133785,I47508984,1,1,2024,W4404759772,1.0
I4210133785,I53411278,1,1,2024,W4404759772,1.0
I4210133785,I99065089,1,1,2024,W4404759772,1.0
I4210133796,I4210156829,1,1,2024,W4398201291,1.0
I4210133796,I4210164937,1,1,2024,W4398201291,1.0
I4210133934,I4210141865,1,1,2024,W4404224806,1.0
I4210133934,I8087733,1,1,2024,W4404224806,1.0
I4210134158,I4210134550,1,1,2024,W4404764563,1.0
I4210134158,I4210143801,1,1,2024,W4404764563,1.0
I4210134158,I4210144746,1,1,2024,W4404764563,1.0
I4210134158,I4210157294,1,1,2024,W4404764563,1.0
I4210134158,I4210158500,1,1,2024,W4404764563,1.0
I4210134158,I4387152376,1,1,2024,W4404764563,1.0
I4210134158,I44260953,1,1,2024,W4404764563,1.0
I4210134158,I45129253,1,1,2024,W4404764563,1.0
I4210134158,I57206974,1,1,2024,W4404764563,1.0
I4210134158,I62916508,1,1,2024,W4404764563,1.0
I4210134158,I63966007,1,1,2024,W4404764563,1.0
I4210134158,I78757542,1,1,2024,W4404764563,1.0
I4210134158,I79576946,1,1,2024,W4404764563,1.0
I4210134158,I8087733,1,1,2024,W4404764563,1.0
I4210134158,I8204097,1,1,2024,W4404764563,1.0
I4210134158,I91727514,1,1,2024,W4404764563,1.0
I4210134158,I97565354,1,1,2024,W4404764563,1.0
I4210134158,I98677209,1,1,2024,W4404764563,1.0
I4210134534,I98704320,1,1,2024,W4392563930,1.0
I4210134550,I4210143801,1,1,2024,W4404764563,1.0
I4210134550,I4210144746,1,1,2024,W4404764563,1.0
I4210134550,I4210157294,1,1,2024,W4404764563,1.0
I4210134550,I4210158500,1,1,2024,W4404764563,1.0
I4210134550,I4387152376,1,1,2024,W4404764563,1.0
I4210134550,I44260953,1,1,2024,W4404764563,1.0
I4210134550,I45129253,1,1,2024,W4404764563,1.0
I4210134550,I57206974,1,1,2024,W4404764563,1.0
I4210134550,I62916508,1,1,2024,W4404764563,1.0
I4210134550,I63966007,1,1,2024,W4404764563,1.0
I4210134550,I78757542,1,1,2024,W4404764563,1.0
I4210134550,I79576946,1,1,2024,W4404764563,1.0
I4210134550,I8087733,1,1,2024,W4404764563,1.0
I4210134550,I8204097,1,1,2024,W4404764563,1.0
I4210134550,I91727514,1,1,2024,W4404764563,1.0
I4210134550,I97565354,1,1,2024,W4404764563,1.0
I4210134550,I98677209,1,1,2024,W4404764563,1.0
I4210134579,I4210155419,1,1,2024,W4392947521,1.0
I4210134579,I63966007,4,4,2024,W4392947521;W4392947532;W4399567248;W4402220065,0.25
I4210134579,I4921948,1,1,2024,W4399567248,1.0
I4210134579,I4387153466,1,1,2024,W4400440370,1.0
I4210134579,I4210146711,1,1,2024,W4402220065,1.0
I4210134579,I4210154480,1,1,2024,W4402220065,1.0
I4210134579,I4210158968,1,1,2024,W4402220065,1.0
I4210134579,I4210162753,1,1,2024,W4402220065,1.0
I4210134579,I79576946,1,1,2024,W4402220065,1.0
I4210134579,I97018004,2,2,2024,W4402220065;W4402827768,0.5
I4210134579,I4210164862,1,1,2024,W4402827768,1.0
I4210134579,I98704320,1,1,2024,W4402827768,1.0
I4210134579,I69356397,1,1,2024,W4403987450,1.0
I4210134579,I77793887,1,1,2024,W4404033890,1.0
I4210134705,I56306041,1,1,2024,W4403213841,1.0
I4210134705,I85461943,1,1,2024,W4403213841,1.0
I4210134705,I8977528,1,1,2024,W4403213841,1.0
I4210134769,I45438204,1,1,2024,W4391338604,1.0
I4210134769,I74973139,1,1,2024,W4399876352,1.0
I4210134769,I97018004,1,1,2024,W4399876352,1.0
I4210134769,I4210139686,1,1,2024,W4400921803,1.0
I4210134769,I4210153792,1,1,2024,W4400921803,1.0
I4210134769,I4210155647,1,1,2024,W4400921803,1.0
I4210134769,I4387153466,2,2,2024,W4400921803;W4402909345,0.5
I4210134769,I4388891891,1,1,2024,W4400921803,1.0
I4210134769,I57206974,1,1,2024,W4400921803,1.0
I4210134769,I58956616,1,1,2024,W4400921803,1.0
I4210134769,I79620101,1,1,2024,W4400921803,1.0
I4210134769,I867280407,1,1,2024,W4400921803,1.0
I4210134769,I919571938,1,1,2024,W4402909345,1.0
I4210134929,I889458895,3,3,2024,W4404238463;W4404562994;W4405092734,0.3333333333333333
I4210135252,I63190737,1,1,2024,W4402814550,1.0
I4210135252,I901861585,1,1,2024,W4402814550,1.0
I4210135252,I4210137306,1,1,2024,W4403813762,1.0
I4210135252,I4210138309,1,1,2024,W4403813762,1.0
I4210135252,I97018004,1,1,2024,W4403813762,1.0
I4210135459,I4210157781,3,3,2024,W4396753423;W4402582321;W4402701904,0.3333333333333333
I4210135521,I47508984,1,1,2024,W4401497789,1.0
I4210135670,I887064364,5,5,2024,W4392384650;W4392487838;W4396818449;W4399061921;W4405194591,0.2
I4210135670,I4210137491,1,1,2024,W4399061921,1.0
I4210135670,I4405253208,1,1,2024,W4405194591,1.0
I4210135670,I5124864,1,1,2024,W4405194591,1.0
I4210135670,I861853513,1,1,2024,W4405194591,1.0
I4210135670,I873043661,1,1,2024,W4405194591,1.0
I4210135742,I4210142044,1,1,2024,W4391225179,1.0
I4210135742,I4210153550,1,1,2024,W4391225179,1.0
I4210135742,I82880672,1,1,2024,W4391225179,1.0
I4210135742,I889458895,1,1,2024,W4391225179,1.0
I4210135742,I99065089,1,1,2024,W4391225179,1.0
I4210135742,I58200834,1,1,2024,W4396561228,1.0
I4210135888,I4210156168,1,1,2024,W4405063711,1.0
I4210135994,I4387154871,1,1,2024,W4405287548,1.0
I4210135994,I92403157,1,1,2024,W4405287548,1.0
I4210136238,I8087733,1,1,2024,W4401974384,1.0
I4210136246,I4387153335,2,2,2024,W4402347025;W4402400123,0.5
I4210136246,I4210136793,1,1,2024,W4402400123,1.0
I4210136246,I4210141942,1,1,2024,W4402400123,1.0
I4210136246,I71052956,1,1,2024,W4402400123,1.0
I4210136246,I889458895,1,1,2024,W4402400123,1.0
I4210136328,I4210144755,1,1,2024,W4391564343,1.0
I4210136328,I913958620,1,1,2024,W4391564343,1.0
I4210136334,I4210152230,1,1,2024,W4392164233,1.0
I4210136334,I4210162359,1,1,2024,W4392164233,1.0
I4210136334,I64723972,1,1,2024,W4392164233,1.0
I4210136334,I68171755,1,1,2024,W4392164233,1.0
I4210136334,I98298690,1,1,2024,W4392164233,1.0
I4210136376,I4387154989,1,1,2024,W4402961748,1.0
I4210136376,I55732556,1,1,2024,W4402961748,1.0
I4210136376,I58610484,1,1,2024,W4402961748,1.0
I4210136376,I79272384,1,1,2024,W4402961748,1.0
I4210136517,I74801974,1,1,2024,W4400447171,1.0
I4210136596,I4210153856,1,1,2024,W4405568301,1.0
I4210136596,I4210154929,1,1,2024,W4405568301,1.0
I4210136793,I96908189,1,1,2024,W4391935121,1.0
I4210136793,I98301712,1,1,2024,W4393148771,1.0
I4210136793,I99065089,1,1,2024,W4393160809,1.0
I4210136793,I4210146410,1,1,2024,W4401386940,1.0
I4210136793,I4210145761,3,3,2024,W4401538470;W4402134103;W4404810639,0.3333333333333333
I4210136793,I4210165038,1,1,2024,W4402134103,1.0
I4210136793,I4210141942,1,1,2024,W4402400123,1.0
I4210136793,I4387153335,1,1,2024,W4402400123,1.0
I4210136793,I71052956,1,1,2024,W4402400123,1.0
I4210136793,I889458895,3,3,2024,W4402400123;W4404544903;W4404810639,0.3333333333333333
I4210136793,I48780066,1,1,2024,W4403446944,1.0
I4210136793,I4391012619,1,1,2024,W4404810639,1.0
I4210136859,I88830068,1,1,2024,W4393236851,1.0
I4210136895,I5124864,1,1,2024,W4396723768,1.0
I4210136895,I5388228,1,1,2024,W4396723768,1.0
I4210136895,I98461037,1,1,2024,W4400128681,1.0
I4210137145,I4210137306,1,1,2024,W4395026179,1.0
I4210137145,I4210146690,1,1,2024,W4395026179,1.0
I4210137145,I4210150290,2,2,2024,W4395026179;W4399737726,0.5
I4210137145,I4210162189,2,2,2024,W4395026179;W4399737726,0.5
I4210137145,I61628605,1,1,2024,W4395026179,1.0
I4210137145,I97018004,2,2,2024,W4395026179;W4399737726,0.5
I4210137199,I4210165038,4,4,2024,W4392900447;W4393906060;W4401378300;W4405023205,0.25
I4210137199,I74801974,3,3,2024,W4392900447;W4393906060;W4401378300,0.3333333333333333
I4210137199,I76569877,2,2,2024,W4392900447;W4393906060,0.5
I4210137199,I899635006,4,4,2024,W4392900447;W4393906060;W4401378300;W4402715806,0.25
I4210137199,I4210148560,2,2,2024,W4393906060;W4401378300,0.5
I4210137199,I4210149092,3,3,2024,W4393906060;W4401378300;W4402715806,0.3333333333333333
I4210137199,I62916508,1,1,2024,W4393906060,1.0
I4210137199,I80606768,1,1,2024,W4393906060,1.0
I4210137199,I92403157,1,1,2024,W4400485493,1.0
I4210137199,I76130692,1,1,2024,W4402451527,1.0
I4210137199,I97018004,1,1,2024,W4403295779,1.0
I4210137263,I4210143795,1,1,2024,W4392015344,1.0
I4210137306,I97018004,17,17,2024,W4391170193;W4392193048;W4392377312;W4393055385;W4393157213;W4394832225;W4394890393;W4395026179;W4400047099;W4400098873;W4400136387;W4401032326;W4401888965;W4403420208;W4403813762;W4404349982;W4405651481,0.058823529411764705
I4210137306,I4210162743,1,1,2024,W4392193048,1.0
I4210137306,I4210164862,3,3,2024,W4392193048;W4393157213;W4401888965,0.3333333333333333
I4210137306,I86519309,1,1,2024,W4392193048,1.0
I4210137306,I90523175,1,1,2024,W4392773006,1.0
I4210137306,I901861585,1,1,2024,W4393157213,1.0
I4210137306,I4210149736,1,1,2024,W4394890393,1.0
I4210137306,I4210146690,1,1,2024,W4395026179,1.0
I4210137306,I4210150290,1,1,2024,W4395026179,1.0
I4210137306,I4210162189,1,1,2024,W4395026179,1.0
I4210137306,I61628605,1,1,2024,W4395026179,1.0
I4210137306,I4210141030,1,1,2024,W4400098873,1.0
I4210137306,I4210147079,1,1,2024,W4400098873,1.0
I4210137306,I84218800,1,1,2024,W4401888965,1.0
I4210137306,RAW_STABILITY_AI,1,1,2024,W4401888965,1.0
I4210137306,I4210138309,1,1,2024,W4403813762,1.0
I4210137306,I4390039274,1,1,2024,W4404349982,1.0
I4210137306,I95457486,1,1,2024,W4404349982,1.0
I4210137396,I84009706,1,1,2024,W4390947766,1.0
I4210137491,I887064364,1,1,2024,W4399061921,1.0
I4210137501,I74973139,2,2,2024,W4404843594;W4405055881,0.5
I4210137750,I5388228,1,1,2024,W4396832735,1.0
I4210137750,I4210162051,1,1,2024,W4402272362,1.0
I4210137807,I62318514,1,1,2024,W4402373303,1.0
I4210137807,I76134821,1,1,2024,W4402373303,1.0
I4210137807,I97565354,1,1,2024,W4402373303,1.0
I4210137873,I60668342,1,1,2024,W4400831136,1.0
I4210137873,I887968799,1,1,2024,W4400831136,1.0
I4210137977,I99065089,1,1,2024,W4403792157,1.0
I4210138083,I57206974,1,1,2024,W4404594861,1.0
I4210138083,I74973139,1,1,2024,W4404594861,1.0
I4210138083,I78988378,1,1,2024,W4404594861,1.0
I4210138083,I99065089,1,1,2024,W4404594861,1.0
I4210138309,I97018004,1,1,2024,W4403813762,1.0
I4210138501,I4210151987,1,1,2024,W4403789768,1.0
I4210138501,I4210159344,1,1,2024,W4403789768,1.0
I4210138704,I68947357,1,1,2024,W4393259614,1.0
I4210139126,I43980791,1,1,2024,W4396811058,1.0
I4210139142,I4210156034,1,1,2024,W4390537496,1.0
I4210139461,I4210165912,1,1,2024,W4402716161,1.0
I4210139473,I4210165038,1,1,2024,W4399121560,1.0
I4210139483,I98702875,1,1,2024,W4394596498,1.0
I4210139598,I4210145761,1,1,2024,W4402727142,1.0
I4210139598,I4391012619,1,1,2024,W4402727142,1.0
I4210139598,I881766915,1,1,2024,W4402727142,1.0
I4210139598,I889458895,1,1,2024,W4402727142,1.0
I4210139617,I97018004,1,1,2024,W4391994222,1.0
I4210139618,I66867065,1,1,2024,W4394769342,1.0
I4210139618,I79891267,1,1,2024,W4394769342,1.0
I4210139618,I87445476,1,1,2024,W4394769342,1.0
I4210139686,I4210153792,1,1,2024,W4400921803,1.0
I4210139686,I4210155647,1,1,2024,W4400921803,1.0
I4210139686,I4387153466,1,1,2024,W4400921803,1.0
I4210139686,I4388891891,1,1,2024,W4400921803,1.0
I4210139686,I57206974,1,1,2024,W4400921803,1.0
I4210139686,I58956616,1,1,2024,W4400921803,1.0
I4210139686,I79620101,1,1,2024,W4400921803,1.0
I4210139686,I867280407,1,1,2024,W4400921803,1.0
I4210139747,I5716644,1,1,2024,W4392083529,1.0
I4210139747,I57206974,1,1,2024,W4392083529,1.0
I4210139747,I859038795,1,1,2024,W4392083529,1.0
I4210139747,I98704320,1,1,2024,W4392083529,1.0
I4210140036,I9927081,1,1,2024,W4403332065,1.0
I4210140243,I47508984,1,1,2024,W4400955756,1.0
I4210140243,I91203450,1,1,2024,W4400955756,1.0
I4210140357,I4210140884,1,1,2024,W4400657362,1.0
I4210140357,I4210149717,1,1,2024,W4400657362,1.0
I4210140627,I4210140791,1,1,2024,W4393335480,1.0
I4210140627,I97018004,1,1,2024,W4393335480,1.0
I4210140673,I97018004,1,1,2024,W4399604220,1.0
I4210140791,I97018004,1,1,2024,W4393335480,1.0
I4210140884,I4210141342,1,1,2024,W4394845024,1.0
I4210140884,I4391768120,1,1,2024,W4394845024,1.0
I4210140884,I4210155647,1,1,2024,W4399958056,1.0
I4210140884,I4210149717,2,2,2024,W4400657362;W4404486407,0.5
I4210140884,I4210159865,1,1,2024,W4402053335,1.0
I4210140884,I58956616,2,2,2024,W4402053335;W4404167537,0.5
I4210140884,I4210158374,1,1,2024,W4404167537,1.0
I4210140884,I4210167297,1,1,2024,W4404167537,1.0
I4210140884,I95240055,1,1,2024,W4404167537,1.0
I4210140884,I66946132,1,1,2024,W4404486407,1.0
I4210141030,I4210147079,1,1,2024,W4400098873,1.0
I4210141030,I97018004,1,1,2024,W4400098873,1.0
I4210141120,I4829542,1,1,2024,W4404876711,1.0
I4210141135,I4210142730,1,1,2024,W4391878439,1.0
I4210141135,I45129253,1,1,2024,W4391878439,1.0
I4210141135,I5023651,1,1,2024,W4391878439,1.0
I4210141135,I70931966,1,1,2024,W4391878439,1.0
I4210141176,I72852730,1,1,2024,W4392856471,1.0
I4210141176,I4210148632,1,1,2024,W4405933357,1.0
I4210141176,I76130692,1,1,2024,W4405933357,1.0
I4210141176,I97018004,1,1,2024,W4405933357,1.0
I4210141342,I4391768120,1,1,2024,W4394845024,1.0
I4210141470,I51556381,1,1,2024,W4402727014,1.0
I4210141483,I99065089,1,1,2024,W4391512181,1.0
I4210141669,I4210157775,1,1,2024,W4393317046,1.0
I4210141669,I4387152983,1,1,2024,W4393317046,1.0
I4210141669,I60134161,1,1,2024,W4393317046,1.0
I4210141669,I74801974,1,1,2024,W4393317046,1.0
I4210141669,I98285908,1,1,2024,W4393317046,1.0
I4210141719,I4210145330,1,1,2024,W4394740284,1.0
I4210141719,I4210153519,1,1,2024,W4394740284,1.0
I4210141719,I4392738115,1,1,2024,W4394740284,1.0
I4210141719,I76214153,1,1,2024,W4394740284,1.0
I4210141763,I56409017,1,1,2024,W4399317165,1.0
I4210141777,I98704320,1,1,2024,W4402037259,1.0
I4210141779,I99065089,1,1,2024,W4402753770,1.0
I4210141865,I8087733,1,1,2024,W4404224806,1.0
I4210141942,I4210157729,1,1,2024,W4395052272,1.0
I4210141942,I82880672,1,1,2024,W4395052272,1.0
I4210141942,I99065089,1,1,2024,W4402349737,1.0
I4210141942,I4387153335,1,1,2024,W4402400123,1.0
I4210141942,I71052956,1,1,2024,W4402400123,1.0
I4210141942,I889458895,1,1,2024,W4402400123,1.0
I4210141964,I4387152683,1,1,2024,W4402511767,1.0
I4210142044,I4210153550,1,1,2024,W4391225179,1.0
I4210142044,I82880672,1,1,2024,W4391225179,1.0
I4210142044,I889458895,1,1,2024,W4391225179,1.0
I4210142044,I99065089,1,1,2024,W4391225179,1.0
I4210142128,I42894916,1,1,2024,W4401478064,1.0
I4210142260,I9341345,1,1,2024,W4391823743,1.0
I4210142372,I4210167254,1,1,2024,W4396832474,1.0
I4210142372,I83467386,1,1,2024,W4396832474,1.0
I4210142372,I86519309,1,1,2024,W4396832474,1.0
I4210142372,I78577930,1,1,2024,W4396833105,1.0
I4210142478,I5681781,1,1,2024,W4395481595,1.0
I4210142478,I76130692,1,1,2024,W4395481595,1.0
I4210142478,I889458895,1,1,2024,W4395481595,1.0
I4210142479,I4210164166,1,1,2024,W4393952013,1.0
I4210142583,I53964585,1,1,2024,W4396512602,1.0
I4210142583,I71920554,1,1,2024,W4396512602,1.0
I4210142583,I8204097,1,1,2024,W4396512602,1.0
I4210142583,I95457486,1,1,2024,W4396512602,1.0
I4210142583,I97018004,2,2,2024,W4396512602;W4402660138,0.5
I4210142730,I45129253,1,1,2024,W4391878439,1.0
I4210142730,I5023651,1,1,2024,W4391878439,1.0
I4210142730,I70931966,1,1,2024,W4391878439,1.0
I4210142730,I4210155571,1,1,2024,W4403015917,1.0
I4210142730,I49663120,1,1,2024,W4403015917,1.0
I4210142780,I98358874,1,1,2024,W4404518498,1.0
I4210142934,I52977244,1,1,2024,W4396608701,1.0
I4210142934,I904495901,1,1,2024,W4396608701,1.0
I4210143141,I47508984,1,1,2024,W4402364937,1.0
I4210143272,I4210164149,1,1,2024,W4402713326,1.0
I4210143272,I42934936,1,1,2024,W4402713326,1.0
I4210143272,I4387154616,1,1,2024,W4402713326,1.0
I4210143272,I45129253,1,1,2024,W4402713326,1.0
I4210143272,I4923324,1,1,2024,W4402713326,1.0
I4210143272,I63966007,1,1,2024,W4402713326,1.0
I4210143272,I74973139,1,1,2024,W4402713326,1.0
I4210143272,I97018004,1,1,2024,W4402713326,1.0
I4210143272,I98259816,1,1,2024,W4402713326,1.0
I4210143370,I97018004,1,1,2024,W4401386758,1.0
I4210143392,I66946132,1,1,2024,W4400307907,1.0
I4210143392,I72816309,1,1,2024,W4400307907,1.0
I4210143795,I86987016,1,1,2024,W4394593022,1.0
I4210143801,I4210144746,1,1,2024,W4404764563,1.0
I4210143801,I4210157294,1,1,2024,W4404764563,1.0
I4210143801,I4210158500,1,1,2024,W4404764563,1.0
I4210143801,I4387152376,1,1,2024,W4404764563,1.0
I4210143801,I44260953,1,1,2024,W4404764563,1.0
I4210143801,I45129253,1,1,2024,W4404764563,1.0
I4210143801,I57206974,1,1,2024,W4404764563,1.0
I4210143801,I62916508,1,1,2024,W4404764563,1.0
I4210143801,I63966007,1,1,2024,W4404764563,1.0
I4210143801,I78757542,1,1,2024,W4404764563,1.0
I4210143801,I79576946,1,1,2024,W4404764563,1.0
I4210143801,I8087733,1,1,2024,W4404764563,1.0
I4210143801,I8204097,1,1,2024,W4404764563,1.0
I4210143801,I91727514,1,1,2024,W4404764563,1.0
I4210143801,I97565354,1,1,2024,W4404764563,1.0
I4210143801,I98677209,1,1,2024,W4404764563,1.0
I4210143902,I45129253,1,1,2024,W4402193006,1.0
I4210144062,I56590836,1,1,2024,W4401719166,1.0
I4210144108,I4210160791,1,1,2024,W4403705814,1.0
I4210144143,I4210144487,1,1,2024,W4402783879,1.0
I4210144289,I4210165038,1,1,2024,W4404183702,1.0
I4210144367,I55712492,1,1,2024,W4404851714,1.0
I4210144384,I5740404,2,2,2024,W4399028826;W4399478575,0.5
I4210144384,I4210156804,2,2,2024,W4399478575;W4400228569,0.5
I4210144384,I75951250,2,2,2024,W4399478575;W4400228569,0.5
I4210144384,I7877124,2,2,2024,W4399478575;W4400228569,0.5
I4210144482,I4210153550,2,2,2024,W4390577395;W4401102473,0.5
I4210144482,I47508984,1,1,2024,W4390577395,1.0
I4210144482,I99065089,2,2,2024,W4390577395;W4401102473,0.5
I4210144482,I4401726874,1,1,2024,W4401102473,1.0
I4210144566,I899635006,1,1,2024,W4389834551,1.0
I4210144725,I47508984,1,1,2024,W4402429489,1.0
I4210144725,I47720641,1,1,2024,W4402429489,1.0
I4210144725,I92039509,1,1,2024,W4402429489,1.0
I4210144746,I4210157294,1,1,2024,W4404764563,1.0
I4210144746,I4210158500,1,1,2024,W4404764563,1.0
I4210144746,I4387152376,1,1,2024,W4404764563,1.0
I4210144746,I44260953,1,1,2024,W4404764563,1.0
I4210144746,I45129253,1,1,2024,W4404764563,1.0
I4210144746,I57206974,1,1,2024,W4404764563,1.0
I4210144746,I62916508,1,1,2024,W4404764563,1.0
I4210144746,I63966007,1,1,2024,W4404764563,1.0
I4210144746,I78757542,1,1,2024,W4404764563,1.0
I4210144746,I79576946,1,1,2024,W4404764563,1.0
I4210144746,I8087733,1,1,2024,W4404764563,1.0
I4210144746,I8204097,1,1,2024,W4404764563,1.0
I4210144746,I91727514,1,1,2024,W4404764563,1.0
I4210144746,I97565354,1,1,2024,W4404764563,1.0
I4210144746,I98677209,1,1,2024,W4404764563,1.0
I4210144755,I913958620,1,1,2024,W4391564343,1.0
I4210144834,I56590836,1,1,2024,W4400142690,1.0
I4210144834,I79889768,1,1,2024,W4400142690,1.0
I4210144839,I4210152471,1,1,2024,W4402155831,1.0
I4210144839,I4210165680,1,1,2024,W4402198386,1.0
I4210144898,I4210156450,1,1,2024,W4391935269,1.0
I4210144925,I56306041,1,1,2024,W4396653761,1.0
I4210145118,I99065089,1,1,2024,W4405003117,1.0
I4210145126,I85461943,1,1,2024,W4403568955,1.0
I4210145330,I4210153519,1,1,2024,W4394740284,1.0
I4210145330,I4392738115,1,1,2024,W4394740284,1.0
I4210145330,I76214153,1,1,2024,W4394740284,1.0
I4210145411,I60922564,1,1,2024,W4393158423,1.0
I4210145583,I4210145812,1,1,2024,W4395703652,1.0
I4210145583,I97018004,1,1,2024,W4395703652,1.0
I4210145752,I97018004,1,1,2024,W4396721167,1.0
I4210145761,I4210165038,2,2,2024,W4390706293;W4402134103,0.5
I4210145761,I889458895,3,3,2024,W4391547658;W4402727142;W4404810639,0.3333333333333333
I4210145761,I82880672,1,1,2024,W4393148052,1.0
I4210145761,I99065089,1,1,2024,W4393148505,1.0
I4210145761,I4391012619,5,5,2024,W4399813700;W4402727142;W4404724811;W4404810639;W4414360897,0.2
I4210145761,I881766915,2,2,2024,W4402727142;W4404724811,0.5
I4210145761,I47251452,1,1,2024,W4403275125,1.0
I4210145761,I58200834,1,1,2024,W4403275125,1.0
I4210145784,I4210166615,1,1,2024,W4404961535,1.0
I4210145784,I47099075,1,1,2024,W4404961535,1.0
I4210145784,I5124864,1,1,2024,W4404961535,1.0
I4210145784,I92507152,1,1,2024,W4404961535,1.0
I4210145812,I97018004,1,1,2024,W4395703652,1.0
I4210145896,I907135538,1,1,2024,W4405587674,1.0
I4210145899,I887968799,1,1,2024,W4401054640,1.0
I4210146077,I99065089,1,1,2024,W4402467765,1.0
I4210146410,I57206974,1,1,2024,W4391922002,1.0
I4210146410,I91045830,1,1,2024,W4391922002,1.0
I4210146410,I98704320,1,1,2024,W4391922002,1.0
I4210146410,I47508984,1,1,2024,W4400949264,1.0
I4210146410,I98677209,1,1,2024,W4400949264,1.0
I4210146419,I67009956,1,1,2024,W4405552797,1.0
I4210146690,I4210150290,1,1,2024,W4395026179,1.0
I4210146690,I4210162189,1,1,2024,W4395026179,1.0
I4210146690,I61628605,1,1,2024,W4395026179,1.0
I4210146690,I97018004,1,1,2024,W4395026179,1.0
I4210146710,I919571938,4,4,2024,W4393063345;W4399480372;W4401397240;W4407722649,0.25
I4210146710,I51556381,1,1,2024,W4394872778,1.0
I4210146710,I79576946,2,2,2024,W4394872778;W4401397240,0.5
I4210146710,I86519309,1,1,2024,W4399480372,1.0
I4210146710,I97018004,1,1,2024,W4401397240,1.0
I4210146710,I55302922,1,1,2024,W4407722649,1.0
I4210146710,I91045830,1,1,2024,W4407722649,1.0
I4210146711,I4210154480,1,1,2024,W4402220065,1.0
I4210146711,I4210158968,1,1,2024,W4402220065,1.0
I4210146711,I4210162753,1,1,2024,W4402220065,1.0
I4210146711,I63966007,1,1,2024,W4402220065,1.0
I4210146711,I79576946,1,1,2024,W4402220065,1.0
I4210146711,I97018004,1,1,2024,W4402220065,1.0
I4210146711,I4210147381,1,1,2024,W4405268957,1.0
I4210146711,I4210153856,1,1,2024,W4405268957,1.0
I4210146711,I4210154142,1,1,2024,W4405268957,1.0
I4210146711,I4210160507,1,1,2024,W4405268957,1.0
I4210146711,I58200834,1,1,2024,W4405268957,1.0
I4210146711,I92039509,1,1,2024,W4405268957,1.0
I4210146998,I97018004,1,1,2024,W4390921272,1.0
I4210147079,I97018004,1,1,2024,W4400098873,1.0
I4210147126,I78650965,1,1,2024,W4404787535,1.0
I4210147158,I76569877,1,1,2024,W4392805955,1.0
I4210147194,I4921948,1,1,2024,W4403384238,1.0
I4210147348,I58956616,1,1,2024,W4401539500,1.0
I4210147381,I4210153856,1,1,2024,W4405268957,1.0
I4210147381,I4210154142,1,1,2024,W4405268957,1.0
I4210147381,I4210160507,1,1,2024,W4405268957,1.0
I4210147381,I58200834,1,1,2024,W4405268957,1.0
I4210147381,I92039509,1,1,2024,W4405268957,1.0
I4210147433,I4210161616,1,1,2024,W4391258615,1.0
I4210147586,I47818738,1,1,2024,W4391308235,1.0
I4210147892,I45129253,1,1,2024,W4399206078,1.0
I4210147955,I46080048,1,1,2024,W4401069994,1.0
I4210148180,I43439940,1,1,2024,W4399161671,1.0
I4210148180,I51601045,1,1,2024,W4399161671,1.0
I4210148284,I4210150261,1,1,2024,W4405763549,1.0
I4210148284,I4210153126,1,1,2024,W4405763549,1.0
I4210148284,I60053951,1,1,2024,W4405763549,1.0
I4210148284,I867280407,1,1,2024,W4405763549,1.0
I4210148371,I62916508,2,2,2024,W4392983247;W4403626237,0.5
I4210148371,I7877124,1,1,2024,W4392983247,1.0
I4210148371,I4210153755,1,1,2024,W4403626237,1.0
I4210148371,I4210162051,1,1,2024,W4403626237,1.0
I4210148560,I4210149092,2,2,2024,W4393906060;W4401378300,0.5
I4210148560,I4210165038,2,2,2024,W4393906060;W4401378300,0.5
I4210148560,I62916508,1,1,2024,W4393906060,1.0
I4210148560,I74801974,2,2,2024,W4393906060;W4401378300,0.5
I4210148560,I76569877,1,1,2024,W4393906060,1.0
I4210148560,I80606768,1,1,2024,W4393906060,1.0
I4210148560,I899635006,2,2,2024,W4393906060;W4401378300,0.5
I4210148560,I56934997,1,1,2024,W4402674165,1.0
I4210148632,I99065089,1,1,2024,W4399387478,1.0
I4210148632,I76130692,1,1,2024,W4405933357,1.0
I4210148632,I97018004,1,1,2024,W4405933357,1.0
I4210148941,I83816512,1,1,2024,W4405207655,1.0
I4210148941,I84339108,1,1,2024,W4405207655,1.0
I4210149000,I4210150894,1,1,2024,W4394858800,1.0
I4210149000,I55302922,1,1,2024,W4394858800,1.0
I4210149000,I63190737,1,1,2024,W4394858800,1.0
I4210149000,I78577930,1,1,2024,W4400582872,1.0
I4210149092,I4210165038,2,2,2024,W4393906060;W4401378300,0.5
I4210149092,I62916508,1,1,2024,W4393906060,1.0
I4210149092,I74801974,2,2,2024,W4393906060;W4401378300,0.5
I4210149092,I76569877,1,1,2024,W4393906060,1.0
I4210149092,I80606768,1,1,2024,W4393906060,1.0
I4210149092,I899635006,3,3,2024,W4393906060;W4401378300;W4402715806,0.3333333333333333
I4210149102,I75955062,1,1,2024,W4399282934,1.0
I4210149102,I91125648,1,1,2024,W4399282934,1.0
I4210149307,I63135867,1,1,2024,W4393268644,1.0
I4210149477,I85507684,1,1,2024,W4400198346,1.0
I4210149618,I69356397,1,1,2024,W4402459565,1.0
I4210149691,I919571938,1,1,2024,W4393094733,1.0
I4210149717,I66946132,1,1,2024,W4404486407,1.0
I4210149717,I63966007,1,1,2024,W4405328867,1.0
I4210149736,I97018004,1,1,2024,W4394890393,1.0
I4210149777,I888729015,1,1,2024,W4403768626,1.0
I4210150005,I99065089,1,1,2024,W4401733277,1.0
I4210150261,I4210153126,1,1,2024,W4405763549,1.0
I4210150261,I60053951,1,1,2024,W4405763549,1.0
I4210150261,I867280407,1,1,2024,W4405763549,1.0
I4210150290,I4210162189,2,2,2024,W4395026179;W4399737726,0.5
I4210150290,I61628605,1,1,2024,W4395026179,1.0
I4210150290,I97018004,2,2,2024,W4395026179;W4399737726,0.5
I4210150398,I4210153856,1,1,2024,W4403561329,1.0
I4210150405,I76198965,1,1,2024,W4401023441,1.0
I4210150574,I45129253,5,5,2024,W4396746678;W4399347607;W4402926912;W4404759774;W4405533687,0.2
I4210150574,I4210153550,1,1,2024,W4405533687,1.0
I4210150574,I82880672,1,1,2024,W4405533687,1.0
I4210150574,I99065089,1,1,2024,W4405533687,1.0
I4210150894,I55302922,1,1,2024,W4394858800,1.0
I4210150894,I63190737,1,1,2024,W4394858800,1.0
I4210150980,I4210161994,1,1,2024,W4404946452,1.0
I4210150980,I48633490,1,1,2024,W4404946452,1.0
I4210151021,I4210159102,1,1,2024,W4402582789,1.0
I4210151202,I859038795,1,1,2024,W4404574704,1.0
I4210151352,I51556381,1,1,2024,W4404590987,1.0
I4210151352,I84218800,1,1,2024,W4404590987,1.0
I4210151462,I78577930,1,1,2024,W4403350553,1.0
I4210151618,I45129253,2,2,2024,W4391312149;W4394716098,0.5
I4210151618,I98640878,1,1,2024,W4394716098,1.0
I4210151627,I95457486,1,1,2024,W4391449390,1.0
I4210151929,I4210165264,1,1,2024,W4401799498,1.0
I4210151929,I98381234,1,1,2024,W4401799498,1.0
I4210151987,I4210159344,1,1,2024,W4403789768,1.0
I4210152006,I69356397,1,1,2024,W4400984562,1.0
I4210152127,I8078737,1,1,2024,W4398147071,1.0
I4210152230,I4210162359,1,1,2024,W4392164233,1.0
I4210152230,I64723972,1,1,2024,W4392164233,1.0
I4210152230,I68171755,1,1,2024,W4392164233,1.0
I4210152230,I98298690,1,1,2024,W4392164233,1.0
I4210152518,I4210154111,2,2,2024,W4403112661;W4403636136,0.5
I4210152518,I74786994,1,1,2024,W4403112661,1.0
I4210152758,I4210160793,1,1,2024,W4391740763,1.0
I4210152758,I4391768180,1,1,2024,W4391740763,1.0
I4210152758,I99065089,1,1,2024,W4391740763,1.0
I4210152758,I4391012619,1,1,2024,W4399615879,1.0
I4210152878,I4391012619,1,1,2024,W4403977290,1.0
I4210152908,I4210165038,1,1,2024,W4391469564,1.0
I4210153126,I60053951,1,1,2024,W4405763549,1.0
I4210153126,I867280407,1,1,2024,W4405763549,1.0
I4210153230,I4210155796,1,1,2024,W4393864430,1.0
I4210153230,I6469544,1,1,2024,W4393864430,1.0
I4210153230,I66867065,1,1,2024,W4393864430,1.0
I4210153316,I62916508,1,1,2024,W4405703075,1.0
I4210153468,I4402554038,1,1,2024,W4400526908,1.0
I4210153468,I58610484,1,1,2024,W4400526908,1.0
I4210153468,RAW_MICROSOFT,1,1,2024,W4400526908,1.0
I4210153519,I4392738115,1,1,2024,W4394740284,1.0
I4210153519,I76214153,1,1,2024,W4394740284,1.0
I4210153546,I4387153999,1,1,2024,W4399922932,1.0
I4210153546,I57206974,1,1,2024,W4399922932,1.0
I4210153550,I47508984,3,3,2024,W4390577395;W4404759772;W4405079446,0.3333333333333333
I4210153550,I99065089,7,7,2024,W4390577395;W4391225179;W4391509875;W4401102473;W4404759772;W4405079446;W4405533687,0.14285714285714285
I4210153550,I82880672,2,2,2024,W4391225179;W4405533687,0.5
I4210153550,I889458895,1,1,2024,W4391225179,1.0
I4210153550,I4401726874,1,1,2024,W4401102473,1.0
I4210153550,I4210159865,1,1,2024,W4404759772,1.0
I4210153550,I53411278,1,1,2024,W4404759772,1.0
I4210153550,I45129253,1,1,2024,W4405533687,1.0
I4210153668,I49645291,1,1,2024,W4403084628,1.0
I4210153682,I50632499,1,1,2024,W4404504626,1.0
I4210153755,I44260953,1,1,2024,W4400916916,1.0
I4210153755,I4210162051,1,1,2024,W4403626237,1.0
I4210153755,I62916508,1,1,2024,W4403626237,1.0
I4210153792,I4210155647,1,1,2024,W4400921803,1.0
I4210153792,I4387153466,1,1,2024,W4400921803,1.0
I4210153792,I4388891891,1,1,2024,W4400921803,1.0
I4210153792,I57206974,1,1,2024,W4400921803,1.0
I4210153792,I58956616,1,1,2024,W4400921803,1.0
I4210153792,I79620101,1,1,2024,W4400921803,1.0
I4210153792,I867280407,1,1,2024,W4400921803,1.0
I4210153856,I4210154142,1,1,2024,W4405268957,1.0
I4210153856,I4210160507,1,1,2024,W4405268957,1.0
I4210153856,I58200834,1,1,2024,W4405268957,1.0
I4210153856,I92039509,1,1,2024,W4405268957,1.0
I4210153856,I4210154929,1,1,2024,W4405568301,1.0
I4210153905,I9360294,1,1,2024,W4403714226,1.0
I4210154111,I74786994,1,1,2024,W4403112661,1.0
I4210154142,I4210160507,1,1,2024,W4405268957,1.0
I4210154142,I58200834,1,1,2024,W4405268957,1.0
I4210154142,I92039509,1,1,2024,W4405268957,1.0
I4210154221,I44430492,1,1,2024,W4399546236,1.0
I4210154427,I5388228,1,1,2024,W4402702958,1.0
I4210154454,I901861585,1,1,2024,W4403939779,1.0
I4210154480,I4210158968,1,1,2024,W4402220065,1.0
I4210154480,I4210162753,1,1,2024,W4402220065,1.0
I4210154480,I63966007,1,1,2024,W4402220065,1.0
I4210154480,I79576946,1,1,2024,W4402220065,1.0
I4210154480,I97018004,1,1,2024,W4402220065,1.0
I4210154940,I4210159782,1,1,2024,W4391116828,1.0
I4210155092,I56085075,1,1,2024,W4401043490,1.0
I4210155202,I45129253,1,1,2024,W4392859372,1.0
I4210155202,I909854389,1,1,2024,W4392859372,1.0
I4210155268,I66946132,1,1,2024,W4394865839,1.0
I4210155268,I78577930,2,2,2024,W4396833426;W4405179243,0.5
I4210155268,I97018004,2,2,2024,W4402753778;W4402753790,0.5
I4210155268,I95457486,1,1,2024,W4403333962,1.0
I4210155268,I82880672,1,1,2024,W4404658388,1.0
I4210155268,I87216513,1,1,2024,W4404658388,1.0
I4210155268,I99043593,1,1,2024,W4404658388,1.0
I4210155350,I899635006,1,1,2024,W4399750638,1.0
I4210155350,I99464096,1,1,2024,W4399750638,1.0
I4210155350,I4392021250,1,1,2024,W4401113704,1.0
I4210155350,I76569877,1,1,2024,W4401387030,1.0
I4210155419,I63966007,1,1,2024,W4392947521,1.0
I4210155571,I49663120,1,1,2024,W4403015917,1.0
I4210155647,I4387153466,1,1,2024,W4400921803,1.0
I4210155647,I4388891891,1,1,2024,W4400921803,1.0
I4210155647,I57206974,1,1,2024,W4400921803,1.0
I4210155647,I58956616,1,1,2024,W4400921803,1.0
I4210155647,I79620101,1,1,2024,W4400921803,1.0
I4210155647,I867280407,1,1,2024,W4400921803,1.0
I4210155796,I6469544,1,1,2024,W4393864430,1.0
I4210155796,I66867065,1,1,2024,W4393864430,1.0
I4210156054,I55952717,2,2,2024,W4401171110;W4402218089,0.5
I4210156054,I74801974,1,1,2024,W4402218089,1.0
I4210156165,I4210165038,1,1,2024,W4403839062,1.0
I4210156404,I4210165038,7,7,2024,W4391725269;W4400489599;W4401004521;W4403221502;W4403792152;W4404918643;W4405640204,0.14285714285714285
I4210156404,I76130692,1,1,2024,W4403221502,1.0
I4210156404,I99065089,1,1,2024,W4403221502,1.0
I4210156404,I78988378,1,1,2024,W4404918643,1.0
I4210156404,I4391012619,1,1,2024,W4405640204,1.0
I4210156423,I99065089,1,1,2024,W4392151693,1.0
I4210156450,I887968799,1,1,2024,W4397003633,1.0
I4210156450,I78650965,2,2,2024,W4401820448;W4404584849,0.5
I4210156450,I4210161917,1,1,2024,W4402713323,1.0
I4210156450,I4210162051,2,2,2024,W4402713323;W4403680361,0.5
I4210156583,I71209653,1,1,2024,W4404448333,1.0
I4210156703,I4210167379,1,1,2024,W4402741065,1.0
I4210156703,I47508984,1,1,2024,W4402741065,1.0
I4210156707,I4210156709,1,1,2024,W4401542157,1.0
I4210156707,I4403928411,1,1,2024,W4401542157,1.0
I4210156709,I4403928411,1,1,2024,W4401542157,1.0
I4210156785,I90610280,1,1,2024,W4392402185,1.0
I4210156804,I5740404,1,1,2024,W4399478575,1.0
I4210156804,I75951250,2,2,2024,W4399478575;W4400228569,0.5
I4210156804,I7877124,2,2,2024,W4399478575;W4400228569,0.5
I4210156829,I4210164937,1,1,2024,W4398201291,1.0
I4210157288,I4390039274,1,1,2024,W4403371699,1.0
I4210157288,I5023651,1,1,2024,W4403371699,1.0
I4210157288,I95457486,1,1,2024,W4403371699,1.0
I4210157294,I4210158500,1,1,2024,W4404764563,1.0
I4210157294,I4387152376,1,1,2024,W4404764563,1.0
I4210157294,I44260953,1,1,2024,W4404764563,1.0
I4210157294,I45129253,1,1,2024,W4404764563,1.0
I4210157294,I57206974,1,1,2024,W4404764563,1.0
I4210157294,I62916508,1,1,2024,W4404764563,1.0
I4210157294,I63966007,1,1,2024,W4404764563,1.0
I4210157294,I78757542,1,1,2024,W4404764563,1.0
I4210157294,I79576946,1,1,2024,W4404764563,1.0
I4210157294,I8087733,1,1,2024,W4404764563,1.0
I4210157294,I8204097,1,1,2024,W4404764563,1.0
I4210157294,I91727514,1,1,2024,W4404764563,1.0
I4210157294,I97565354,1,1,2024,W4404764563,1.0
I4210157294,I98677209,1,1,2024,W4404764563,1.0
I4210157345,I78988378,1,1,2024,W4393153538,1.0
I4210157345,I889458895,3,3,2024,W4396723256;W4401834466;W4403791697,0.3333333333333333
I4210157345,I4210159029,1,1,2024,W4403791697,1.0
I4210157345,I82880672,1,1,2024,W4403791697,1.0
I4210157345,I99065089,1,1,2024,W4403791697,1.0
I4210157729,I82880672,1,1,2024,W4395052272,1.0
I4210157775,I4387152983,1,1,2024,W4393317046,1.0
I4210157775,I60134161,1,1,2024,W4393317046,1.0
I4210157775,I74801974,1,1,2024,W4393317046,1.0
I4210157775,I98285908,1,1,2024,W4393317046,1.0
I4210157861,I47508984,1,1,2024,W4405545714,1.0
I4210157861,I62916508,1,1,2024,W4405545714,1.0
I4210157861,I97018004,1,1,2024,W4405545714,1.0
I4210157890,I95457486,1,1,2024,W4403748210,1.0
I4210157890,I57206974,1,1,2024,W4404306028,1.0
I4210157890,I76134821,1,1,2024,W4404306028,1.0
I4210158318,I45928872,1,1,2024,W4396904350,1.0
I4210158318,I76130692,2,2,2024,W4396904350;W4400493343,0.5
I4210158318,I97018004,1,1,2024,W4400493343,1.0
I4210158373,I47508984,1,1,2024,W4402055147,1.0
I4210158373,I91123046,1,1,2024,W4402055147,1.0
I4210158374,I4210167297,1,1,2024,W4404167537,1.0
I4210158374,I58956616,1,1,2024,W4404167537,1.0
I4210158374,I95240055,1,1,2024,W4404167537,1.0
I4210158428,I921990950,1,1,2024,W4392191246,1.0
I4210158428,I97018004,1,1,2024,W4392191246,1.0
I4210158428,I98285908,1,1,2024,W4392191246,1.0
I4210158500,I4387152376,1,1,2024,W4404764563,1.0
I4210158500,I44260953,1,1,2024,W4404764563,1.0
I4210158500,I45129253,1,1,2024,W4404764563,1.0
I4210158500,I57206974,1,1,2024,W4404764563,1.0
I4210158500,I62916508,1,1,2024,W4404764563,1.0
I4210158500,I63966007,1,1,2024,W4404764563,1.0
I4210158500,I78757542,1,1,2024,W4404764563,1.0
I4210158500,I79576946,1,1,2024,W4404764563,1.0
I4210158500,I8087733,1,1,2024,W4404764563,1.0
I4210158500,I8204097,1,1,2024,W4404764563,1.0
I4210158500,I91727514,1,1,2024,W4404764563,1.0
I4210158500,I97565354,1,1,2024,W4404764563,1.0
I4210158500,I98677209,1,1,2024,W4404764563,1.0
I4210158702,I5124864,1,1,2024,W4390571036,1.0
I4210158702,I63966007,1,1,2024,W4390571036,1.0
I4210158738,I4210160062,1,1,2024,W4394863715,1.0
I4210158738,I4210163651,1,1,2024,W4394863715,1.0
I4210158738,I65760639,1,1,2024,W4394863715,1.0
I4210158898,I98677209,1,1,2024,W4404018000,1.0
I4210158926,I9916479,1,1,2024,W4405822444,1.0
I4210158968,I4210162753,1,1,2024,W4402220065,1.0
I4210158968,I63966007,1,1,2024,W4402220065,1.0
I4210158968,I79576946,1,1,2024,W4402220065,1.0
I4210158968,I97018004,1,1,2024,W4402220065,1.0
I4210159029,I4391012619,1,1,2024,W4400532459,1.0
I4210159029,I889458895,2,2,2024,W4400532459;W4403791697,0.5
I4210159029,I82880672,1,1,2024,W4403791697,1.0
I4210159029,I99065089,1,1,2024,W4403791697,1.0
I4210159102,I98677209,1,1,2024,W4402778494,1.0
I4210159102,I78988378,1,1,2024,W4403024143,1.0
I4210159227,I84884186,1,1,2024,W4403535530,1.0
I4210159340,I76569877,1,1,2024,W4400702366,1.0
I4210159521,I87208437,1,1,2024,W4398766485,1.0
I4210159579,I70931966,1,1,2024,W4403334020,1.0
I4210159579,I95457486,1,1,2024,W4403334020,1.0
I4210159865,I58956616,1,1,2024,W4402053335,1.0
I4210159865,I47508984,1,1,2024,W4404759772,1.0
I4210159865,I53411278,1,1,2024,W4404759772,1.0
I4210159865,I99065089,1,1,2024,W4404759772,1.0
I4210159873,I62916508,1,1,2024,W4390970405,1.0
I4210159873,I63966007,1,1,2024,W4390970405,1.0
I4210159873,I97018004,1,1,2024,W4390970405,1.0
I4210159887,I8765205,1,1,2024,W4391229869,1.0
I4210159968,I69356397,1,1,2024,W4393148383,1.0
I4210159968,I4210160618,1,1,2024,W4394963598,1.0
I4210159968,I83467386,1,1,2024,W4394963598,1.0
I4210160053,I43439940,1,1,2024,W4396807129,1.0
I4210160053,I79510175,1,1,2024,W4396807129,1.0
I4210160053,I98677209,1,1,2024,W4396807129,1.0
I4210160062,I4210163651,1,1,2024,W4394863715,1.0
I4210160062,I65760639,1,1,2024,W4394863715,1.0
I4210160102,I60134161,1,1,2024,W4399767172,1.0
I4210160102,I74801974,1,1,2024,W4399767172,1.0
I4210160144,I87111246,1,1,2024,W4403041070,1.0
I4210160315,I59553526,1,1,2024,W4404927449,1.0
I4210160315,I63966007,1,1,2024,W4404927449,1.0
I4210160344,I4210160507,1,1,2024,W4404525423,1.0
I4210160344,I4210166576,1,1,2024,W4404525423,1.0
I4210160344,I76130692,1,1,2024,W4404525423,1.0
I4210160344,I83519826,1,1,2024,W4404525423,1.0
I4210160507,I4210166576,1,1,2024,W4404525423,1.0
I4210160507,I76130692,1,1,2024,W4404525423,1.0
I4210160507,I83519826,1,1,2024,W4404525423,1.0
I4210160507,I58200834,1,1,2024,W4405268957,1.0
I4210160507,I92039509,1,1,2024,W4405268957,1.0
I4210160618,I83467386,1,1,2024,W4394963598,1.0
I4210160618,I47508984,1,1,2024,W4401539456,1.0
I4210160793,I4210165038,2,2,2024,W4391575085;W4399746124,0.5
I4210160793,I4391768180,1,1,2024,W4391740763,1.0
I4210160793,I99065089,1,1,2024,W4391740763,1.0
I4210161087,I75390827,1,1,2024,W4392826107,1.0
I4210161087,I96908189,1,1,2024,W4392826107,1.0
I4210161256,I76214153,2,2,2024,W4398201968;W4399210824,0.5
I4210161256,I98251732,2,2,2024,W4398201968;W4399210824,0.5
I4210161407,I4387154205,1,1,2024,W4390808973,1.0
I4210161407,I8204097,1,1,2024,W4390808973,1.0
I4210161460,I4387155932,1,1,2024,W4399848789,1.0
I4210161460,I79576946,1,1,2024,W4399848789,1.0
I4210161917,I4210162051,1,1,2024,W4402713323,1.0
I4210161994,I4210164862,2,2,2024,W4390745503;W4392850630,0.5
I4210161994,I48633490,3,3,2024,W4390745503;W4392850630;W4404946452,0.3333333333333333
I4210161994,I63966007,1,1,2024,W4395067201,1.0
I4210162051,I887968799,1,1,2024,W4392016947,1.0
I4210162051,I78650965,1,1,2024,W4393078503,1.0
I4210162051,I62916508,1,1,2024,W4403626237,1.0
I4210162141,I60587646,1,1,2024,W4401730946,1.0
I4210162141,I74796645,1,1,2024,W4401730946,1.0
I4210162172,I4210162420,1,1,2024,W4402408693,1.0
I4210162189,I61628605,1,1,2024,W4395026179,1.0
I4210162189,I97018004,2,2,2024,W4395026179;W4399737726,0.5
I4210162190,I82880672,2,2,2024,W4393148562;W4402727878,0.5
I4210162190,I4210166206,1,1,2024,W4393148721,1.0
I4210162190,I59553526,1,1,2024,W4402727878,1.0
I4210162190,I78675632,1,1,2024,W4402727878,1.0
I4210162359,I64723972,1,1,2024,W4392164233,1.0
I4210162359,I68171755,1,1,2024,W4392164233,1.0
I4210162359,I98298690,1,1,2024,W4392164233,1.0
I4210162743,I4210164862,2,2,2024,W4392193048;W4392736665,0.5
I4210162743,I86519309,2,2,2024,W4392193048;W4392736665,0.5
I4210162743,I97018004,2,2,2024,W4392193048;W4392736665,0.5
I4210162753,I56590836,1,1,2024,W4394771753,1.0
I4210162753,I63966007,1,1,2024,W4402220065,1.0
I4210162753,I79576946,1,1,2024,W4402220065,1.0
I4210162753,I97018004,1,1,2024,W4402220065,1.0
I4210163116,I63327873,1,1,2024,W4392944048,1.0
I4210163477,I5388228,1,1,2024,W4401351748,1.0
I4210163651,I65760639,1,1,2024,W4394863715,1.0
I4210163933,I47720641,1,1,2024,W4402667172,1.0
I4210164117,I91045830,1,1,2024,W4396941455,1.0
I4210164149,I42934936,1,1,2024,W4402713326,1.0
I4210164149,I4387154616,1,1,2024,W4402713326,1.0
I4210164149,I45129253,1,1,2024,W4402713326,1.0
I4210164149,I4923324,1,1,2024,W4402713326,1.0
I4210164149,I63966007,1,1,2024,W4402713326,1.0
I4210164149,I74973139,1,1,2024,W4402713326,1.0
I4210164149,I97018004,1,1,2024,W4402713326,1.0
I4210164149,I98259816,1,1,2024,W4402713326,1.0
I4210164364,I9617848,1,1,2024,W4399307649,1.0
I4210164802,I4210167039,1,1,2024,W4391682754,1.0
I4210164802,I5023651,3,3,2024,W4391682754;W4393159294;W4398757454,0.3333333333333333
I4210164802,I70931966,1,1,2024,W4393159294,1.0
I4210164802,I4210167196,1,1,2024,W4398757454,1.0
I4210164862,I48633490,2,2,2024,W4390745503;W4392850630,0.5
I4210164862,I92869138,1,1,2024,W4391399751,1.0
I4210164862,RAW_XAI,1,1,2024,W4391399751,1.0
I4210164862,I86519309,2,2,2024,W4392193048;W4392736665,0.5
I4210164862,I97018004,5,5,2024,W4392193048;W4392736665;W4393157213;W4401888965;W4402827768,0.2
I4210164862,I901861585,1,1,2024,W4393157213,1.0
I4210164862,I84218800,1,1,2024,W4401888965,1.0
I4210164862,RAW_STABILITY_AI,1,1,2024,W4401888965,1.0
I4210164862,I98704320,1,1,2024,W4402827768,1.0
I4210164862,I686019,1,1,2024,W4404481617,1.0
I4210164937,I47720641,1,1,2024,W4394946189,1.0
I4210164937,RAW_MICROSOFT,1,1,2024,W4394946189,1.0
I4210164937,I45129253,2,2,2024,W4396832139;W4403430763,0.5
I4210164937,I98677209,2,2,2024,W4396832139;W4403430763,0.5
I4210164937,I99065089,2,2,2024,W4399534541;W4402754032,0.5
I4210164937,I59270414,1,1,2024,W4400382079,1.0
I4210164937,I66946132,1,1,2024,W4400382079,1.0
I4210164937,I63966007,1,1,2024,W4402275888,1.0
I4210164937,I79576946,1,1,2024,W4402275888,1.0
I4210164937,I76130692,1,1,2024,W4402727558,1.0
I4210164937,I52357470,1,1,2024,W4402770330,1.0
I4210164937,I97018004,1,1,2024,W4403746195,1.0
I4210165017,I861853513,2,2,2024,W4392224329;W4404773883,0.5
I4210165038,I4401726859,1,1,2024,W4390692030,1.0
I4210165038,I62916508,3,3,2024,W4391974543;W4393906060;W4394769323,0.3333333333333333
I4210165038,I74801974,3,3,2024,W4392900447;W4393906060;W4401378300,0.3333333333333333
I4210165038,I76569877,3,3,2024,W4392900447;W4393906060;W4399073783,0.3333333333333333
I4210165038,I899635006,3,3,2024,W4392900447;W4393906060;W4401378300,0.3333333333333333
I4210165038,I76130692,4,4,2024,W4392972103;W4399442007;W4399527328;W4403221502,0.25
I4210165038,I99065089,5,5,2024,W4393028958;W4393156804;W4399527328;W4403221502;W4404931764,0.2
I4210165038,I4391767820,2,2,2024,W4393147129;W4393160124,0.5
I4210165038,I52357470,1,1,2024,W4393156804,1.0
I4210165038,I80606768,1,1,2024,W4393906060,1.0
I4210165038,I90610280,1,1,2024,W4394627652,1.0
I4210165038,I75390827,1,1,2024,W4398206672,1.0
I4210165038,I4401726870,1,1,2024,W4399073783,1.0
I4210165038,I8204097,1,1,2024,W4399442007,1.0
I4210165038,I50760025,1,1,2024,W4399527328,1.0
I4210165038,I47720641,1,1,2024,W4400132236,1.0
I4210165038,I86987016,1,1,2024,W4400132236,1.0
I4210165038,I78988378,2,2,2024,W4400529824;W4404918643,0.5
I4210165038,I82880672,1,1,2024,W4400582230,1.0
I4210165038,I4210167311,1,1,2024,W4403174218,1.0
I4210165038,I55712492,1,1,2024,W4403612632,1.0
I4210165038,I881766915,1,1,2024,W4403792257,1.0
I4210165038,I4391012619,1,1,2024,W4405640204,1.0
I4210165264,I98381234,1,1,2024,W4401799498,1.0
I4210165529,I4626487,1,1,2024,W4399303707,1.0
I4210165529,I931278978,1,1,2024,W4399303707,1.0
I4210165606,I881766915,1,1,2024,W4392162962,1.0
I4210166029,I4387152983,1,1,2024,W4401944641,1.0
I4210166576,I76130692,1,1,2024,W4404525423,1.0
I4210166576,I83519826,1,1,2024,W4404525423,1.0
I4210166615,I47099075,1,1,2024,W4404961535,1.0
I4210166615,I5124864,1,1,2024,W4404961535,1.0
I4210166615,I92507152,1,1,2024,W4404961535,1.0
I4210166741,I62318514,1,1,2024,W4398243240,1.0
I4210166741,I99682543,1,1,2024,W4398243240,1.0
I4210167018,I891191580,1,1,2024,W4400181807,1.0
I4210167034,I69737025,1,1,2024,W4395049441,1.0
I4210167034,I78650965,1,1,2024,W4395049441,1.0
I4210167039,I5023651,1,1,2024,W4391682754,1.0
I4210167196,I5023651,1,1,2024,W4398757454,1.0
I4210167230,I881427289,1,1,2024,W4405852962,1.0
I4210167254,I63966007,1,1,2024,W4393904462,1.0
I4210167254,I83467386,1,1,2024,W4396832474,1.0
I4210167254,I86519309,1,1,2024,W4396832474,1.0
I4210167297,I58956616,1,1,2024,W4404167537,1.0
I4210167297,I95240055,1,1,2024,W4404167537,1.0
I4210167379,I47508984,1,1,2024,W4402741065,1.0
I42405503,I96636082,1,1,2024,W4404523737,1.0
I42894916,I74899385,1,1,2024,W4391235307,1.0
I42934936,I4387154616,1,1,2024,W4402713326,1.0
I42934936,I45129253,1,1,2024,W4402713326,1.0
I42934936,I4923324,1,1,2024,W4402713326,1.0
I42934936,I63966007,1,1,2024,W4402713326,1.0
I42934936,I74973139,1,1,2024,W4402713326,1.0
I42934936,I97018004,1,1,2024,W4402713326,1.0
I42934936,I98259816,1,1,2024,W4402713326,1.0
I43313876,I87445476,1,1,2024,W4391062543,1.0
I43439940,I79510175,1,1,2024,W4396807129,1.0
I43439940,I98677209,1,1,2024,W4396807129,1.0
I43439940,I51601045,1,1,2024,W4399161671,1.0
I4387152376,I44260953,1,1,2024,W4404764563,1.0
I4387152376,I45129253,1,1,2024,W4404764563,1.0
I4387152376,I57206974,1,1,2024,W4404764563,1.0
I4387152376,I62916508,1,1,2024,W4404764563,1.0
I4387152376,I63966007,1,1,2024,W4404764563,1.0
I4387152376,I78757542,1,1,2024,W4404764563,1.0
I4387152376,I79576946,1,1,2024,W4404764563,1.0
I4387152376,I8087733,1,1,2024,W4404764563,1.0
I4387152376,I8204097,1,1,2024,W4404764563,1.0
I4387152376,I91727514,1,1,2024,W4404764563,1.0
I4387152376,I97565354,1,1,2024,W4404764563,1.0
I4387152376,I98677209,1,1,2024,W4404764563,1.0
I4387152675,I8204097,1,1,2024,W4402813403,1.0
I4387152983,I60134161,1,1,2024,W4393317046,1.0
I4387152983,I74801974,1,1,2024,W4393317046,1.0
I4387152983,I98285908,2,2,2024,W4393317046;W4399070654,0.5
I4387153143,I50627504,1,1,2024,W4399248247,1.0
I4387153143,I74796645,1,1,2024,W4399248247,1.0
I4387153143,I75357094,1,1,2024,W4399248247,1.0
I4387153335,I71052956,1,1,2024,W4402400123,1.0
I4387153335,I889458895,1,1,2024,W4402400123,1.0
I4387153466,I78577930,2,2,2024,W4394688596;W4401793114,0.5
I4387153466,I79576946,1,1,2024,W4394688596,1.0
I4387153466,I901861585,1,1,2024,W4394688596,1.0
I4387153466,I91203450,1,1,2024,W4394688596,1.0
I4387153466,I4388891891,1,1,2024,W4400921803,1.0
I4387153466,I57206974,1,1,2024,W4400921803,1.0
I4387153466,I58956616,1,1,2024,W4400921803,1.0
I4387153466,I79620101,1,1,2024,W4400921803,1.0
I4387153466,I867280407,1,1,2024,W4400921803,1.0
I4387153466,I63966007,1,1,2024,W4401793114,1.0
I4387153466,I919571938,1,1,2024,W4402909345,1.0
I4387153999,I57206974,1,1,2024,W4399922932,1.0
I4387154205,I8204097,1,1,2024,W4390808973,1.0
I4387154308,I4394709234,1,1,2024,W4398144060,1.0
I4387154453,I98298690,1,1,2024,W4404887651,1.0
I4387154616,I45129253,1,1,2024,W4402713326,1.0
I4387154616,I4923324,1,1,2024,W4402713326,1.0
I4387154616,I63966007,1,1,2024,W4402713326,1.0
I4387154616,I74973139,1,1,2024,W4402713326,1.0
I4387154616,I97018004,1,1,2024,W4402713326,1.0
I4387154616,I98259816,1,1,2024,W4402713326,1.0
I4387154627,I45129253,1,1,2024,W4403102581,1.0
I4387154627,I91136226,1,1,2024,W4403102581,1.0
I4387154871,I92403157,1,1,2024,W4405287548,1.0
I4387154989,I55732556,1,1,2024,W4402961748,1.0
I4387154989,I58610484,1,1,2024,W4402961748,1.0
I4387154989,I79272384,1,1,2024,W4402961748,1.0
I4387155440,I51713134,1,1,2024,W4391387740,1.0
I4387155832,I63190737,1,1,2024,W4392662613,1.0
I4387155832,I98381234,1,1,2024,W4392662613,1.0
I4387155932,I79576946,1,1,2024,W4399848789,1.0
I4387156409,I862322245,1,1,2024,W4393231265,1.0
I4387156409,I98358874,1,1,2024,W4393231265,1.0
I4387156470,I4401041618,1,1,2024,W4401898127,1.0
I4387156470,I91633459,1,1,2024,W4401898127,1.0
I4388446366,I55769427,1,1,2024,W4396835345,1.0
I4388446366,I57206974,1,1,2024,W4396835345,1.0
I4388446366,I63135867,1,1,2024,W4396835345,1.0
I4388891891,I57206974,1,1,2024,W4400921803,1.0
I4388891891,I58956616,1,1,2024,W4400921803,1.0
I4388891891,I79620101,1,1,2024,W4400921803,1.0
I4388891891,I867280407,1,1,2024,W4400921803,1.0
I4390039246,I79576946,1,1,2024,W4401682166,1.0
I4390039274,I5023651,1,1,2024,W4403371699,1.0
I4390039274,I95457486,2,2,2024,W4403371699;W4404349982,0.5
I4390039274,I97018004,1,1,2024,W4404349982,1.0
I4391012619,I890469752,1,1,2024,W4390603585,1.0
I4391012619,I82880672,5,5,2024,W4391021462;W4392798406;W4401943624;W4402260637;W4403422358,0.2
I4391012619,I889458895,7,7,2024,W4391021462;W4400532459;W4402260637;W4402713111;W4402727142;W4403562310;W4404810639,0.14285714285714285
I4391012619,I99065089,6,6,2024,W4392746069;W4402713111;W4402727507;W4402727837;W4405382875;W4405595839,0.16666666666666666
I4391012619,I66867065,2,2,2024,W4393147980;W4394862732,0.5
I4391012619,I76130692,2,2,2024,W4400647187;W4403778769,0.5
I4391012619,RAW_NVIDIA,1,1,2024,W4400819107,1.0
I4391012619,I881766915,6,6,2024,W4402713111;W4402727142;W4402753480;W4404724811;W4405382875;W4405595839,0.16666666666666666
I4391012619,I56590836,2,2,2024,W4402715886;W4405695475,0.5
I4391012619,I74775410,1,1,2024,W4402985132,1.0
I4391012619,I74973139,1,1,2024,W4402985132,1.0
I4391012619,I80626142,2,2,2024,W4402985132;W4404480093,0.5
I4391012619,I97018004,1,1,2024,W4403021266,1.0
I4391012619,I79576946,1,1,2024,W4403562310,1.0
I4391012619,I91045830,1,1,2024,W4403562310,1.0
I4391012619,I922845939,1,1,2024,W4403562310,1.0
I4391012619,I4396570619,1,1,2024,W4405853951,1.0
I4391012619,I4401726980,1,1,2024,W4405853951,1.0
I4391767752,I44445938,1,1,2024,W4396655986,1.0
I4391767752,I55712492,1,1,2024,W4396655986,1.0
I4391767752,I71920554,1,1,2024,W4396655986,1.0
I4391767752,I76130692,1,1,2024,W4396655986,1.0
I4391767781,I82880672,1,1,2024,W4402716119,1.0
I4391768151,I74973139,1,1,2024,W4402703082,1.0
I4391768151,I78577930,1,1,2024,W4403337227,1.0
I4391768151,I97018004,1,1,2024,W4403337227,1.0
I4391768151,I63966007,1,1,2024,W4405613539,1.0
I4391768151,I917207718,1,1,2024,W4405613539,1.0
I4391768180,I99065089,1,1,2024,W4391740763,1.0
I4392738115,I76214153,1,1,2024,W4394740284,1.0
I4392738278,I4396570619,1,1,2024,W4402917209,1.0
I4392738278,I76130692,1,1,2024,W4402917209,1.0
I4392738278,I82880672,1,1,2024,W4402917209,1.0
I4392738278,I889458895,1,1,2024,W4402917209,1.0
I4396570619,I76130692,1,1,2024,W4402917209,1.0
I4396570619,I82880672,1,1,2024,W4402917209,1.0
I4396570619,I889458895,1,1,2024,W4402917209,1.0
I4396570619,I4401726980,1,1,2024,W4405853951,1.0
I4400009028,I63601056,1,1,2024,W4396757885,1.0
I4400573310,I52357470,2,2,2024,W4393159297;W4393161236,0.5
I4400573310,I6469544,2,2,2024,W4393159297;W4400484392,0.5
I4400573310,I76130692,5,5,2024,W4393159297;W4393161236;W4393854652;W4396758918;W4400484392,0.2
I4400600917,I55712492,1,1,2024,W4401077562,1.0
I4400600917,I66867065,1,1,2024,W4401077562,1.0
I4400600948,I62916508,1,1,2024,W4398183095,1.0
I4400600948,I63966007,1,1,2024,W4398183095,1.0
I4400600948,I74973139,1,1,2024,W4398183095,1.0
I4400600948,I78577930,1,1,2024,W4398183095,1.0
I4400600948,I79576946,1,1,2024,W4398183095,1.0
I4400600948,I86519309,1,1,2024,W4398183095,1.0
I4400600948,I95457486,1,1,2024,W4398183095,1.0
I4400600948,I97018004,1,1,2024,W4398183095,1.0
I4401041618,I91633459,1,1,2024,W4401898127,1.0
I4401726770,I92403157,1,1,2024,W4404955137,1.0
I4401726783,I48890080,1,1,2024,W4394828356,1.0
I4401726783,I74319210,1,1,2024,W4394828356,1.0
I4401726783,I876193797,1,1,2024,W4394828356,1.0
I4401726805,I4800084,2,2,2024,W4402753965;W4404722383,0.5
I4401726811,I56722557,1,1,2024,W4401431795,1.0
I4401726859,I78988378,1,1,2024,W4403577399,1.0
I4401726870,I76569877,1,1,2024,W4399073783,1.0
I4401726874,I99065089,1,1,2024,W4401102473,1.0
I4401726915,I99065089,1,1,2024,W4403840670,1.0
I4402554038,I58610484,1,1,2024,W4400526908,1.0
I4402554038,RAW_MICROSOFT,1,1,2024,W4400526908,1.0
I4403386549,I8204097,1,1,2024,W4393148063,1.0
I4405253208,I5124864,1,1,2024,W4405194591,1.0
I4405253208,I861853513,1,1,2024,W4405194591,1.0
I4405253208,I873043661,1,1,2024,W4405194591,1.0
I4405253208,I887064364,1,1,2024,W4405194591,1.0
I4405392,I44925452,1,1,2024,W4400966420,1.0
I4405392,I530967,1,1,2024,W4406499798,1.0
I44260953,I45129253,1,1,2024,W4404764563,1.0
I44260953,I57206974,1,1,2024,W4404764563,1.0
I44260953,I62916508,1,1,2024,W4404764563,1.0
I44260953,I63966007,1,1,2024,W4404764563,1.0
I44260953,I78757542,1,1,2024,W4404764563,1.0
I44260953,I79576946,1,1,2024,W4404764563,1.0
I44260953,I8087733,1,1,2024,W4404764563,1.0
I44260953,I8204097,1,1,2024,W4404764563,1.0
I44260953,I91727514,1,1,2024,W4404764563,1.0
I44260953,I97565354,1,1,2024,W4404764563,1.0
I44260953,I98677209,1,1,2024,W4404764563,1.0
I44430492,I5023651,1,1,2024,W4392109933,1.0
I44430492,I56590836,1,1,2024,W4392109933,1.0
I44430492,I68666633,1,1,2024,W4392109933,1.0
I44430492,I79576946,1,1,2024,W4392109933,1.0
I44430492,I59270414,1,1,2024,W4404783214,1.0
I44430492,I94234084,1,1,2024,W4404783214,1.0
I44445938,I55712492,1,1,2024,W4396655986,1.0
I44445938,I71920554,1,1,2024,W4396655986,1.0
I44445938,I76130692,1,1,2024,W4396655986,1.0
I44461941,I82497590,2,2,2024,W4390828922;W4400228959,0.5
I44461941,I848706,2,2,2024,W4390828922;W4400228959,0.5
I44461941,I74973139,1,1,2024,W4392542324,1.0
I44461941,I94234084,1,1,2024,W4392542324,1.0
I44461941,I76130692,1,1,2024,W4399665748,1.0
I44461941,I99065089,1,1,2024,W4399665748,1.0
I44468530,I59028903,1,1,2024,W4391944287,1.0
I44468530,I80432865,1,1,2024,W4391944287,1.0
I45084792,I56590836,1,1,2024,W4395698361,1.0
I45129253,I887064364,1,1,2024,W4390571745,1.0
I45129253,I9360294,2,2,2024,W4391609325;W4404826238,0.5
I45129253,I5023651,2,2,2024,W4391878439;W4403090726,0.5
I45129253,I70931966,1,1,2024,W4391878439,1.0
I45129253,I909854389,1,1,2024,W4392859372,1.0
I45129253,I63966007,5,5,2024,W4393904418;W4402713326;W4404200702;W4404587114;W4404764563,0.2
I45129253,I98640878,1,1,2024,W4394716098,1.0
I45129253,I98677209,3,3,2024,W4396832139;W4403430763;W4404764563,0.3333333333333333
I45129253,I76571253,1,1,2024,W4396957946,1.0
I45129253,RAW_COHERE,1,1,2024,W4399363470,1.0
I45129253,I79619799,1,1,2024,W4400184706,1.0
I45129253,I61544103,1,1,2024,W4400578758,1.0
I45129253,I97018004,2,2,2024,W4401042982;W4402713326,0.5
I45129253,I57206974,2,2,2024,W4401443596;W4404764563,0.5
I45129253,I87216513,1,1,2024,W4401857337,1.0
I45129253,I99065089,2,2,2024,W4401857337;W4405533687,0.5
I45129253,I98381234,1,1,2024,W4402128637,1.0
I45129253,I4923324,1,1,2024,W4402713326,1.0
I45129253,I74973139,1,1,2024,W4402713326,1.0
I45129253,I98259816,1,1,2024,W4402713326,1.0
I45129253,I889458895,1,1,2024,W4403062944,1.0
I45129253,I91136226,1,1,2024,W4403102581,1.0
I45129253,I95457486,1,1,2024,W4404200702,1.0
I45129253,I62916508,1,1,2024,W4404764563,1.0
I45129253,I78757542,1,1,2024,W4404764563,1.0
I45129253,I79576946,1,1,2024,W4404764563,1.0
I45129253,I8087733,1,1,2024,W4404764563,1.0
I45129253,I8204097,1,1,2024,W4404764563,1.0
I45129253,I91727514,1,1,2024,W4404764563,1.0
I45129253,I97565354,1,1,2024,W4404764563,1.0
I45129253,I71052956,1,1,2024,W4405114187,1.0
I45129253,I82880672,1,1,2024,W4405533687,1.0
I4577782,I861853513,1,1,2024,W4392903607,1.0
I4577782,I67415387,1,1,2024,W4396815973,1.0
I4577782,I62916508,1,1,2024,W4402680739,1.0
I4577782,I86519309,1,1,2024,W4402890475,1.0
I4577782,I97018004,1,1,2024,W4402890475,1.0
I45928872,I76130692,1,1,2024,W4396904350,1.0
I45928872,I55712492,1,1,2024,W4401541163,1.0
I45928872,I889458895,3,3,2024,W4401806916;W4402952275;W4405740139,0.3333333333333333
I45928872,I99065089,1,1,2024,W4405740139,1.0
I46247651,I60158472,1,1,2024,W4394745212,1.0
I4626487,I931278978,1,1,2024,W4399303707,1.0
I46980622,I60134161,1,1,2024,W4392902325,1.0
I46980622,I84985371,1,1,2024,W4392902325,1.0
I46980622,I98940699,1,1,2024,W4392902325,1.0
I47099075,I5124864,1,1,2024,W4404961535,1.0
I47099075,I92507152,1,1,2024,W4404961535,1.0
I47251452,I98301712,1,1,2024,W4390490761,1.0
I47251452,I58200834,1,1,2024,W4403275125,1.0
I47508984,I99065089,3,3,2024,W4390577395;W4404759772;W4405079446,0.3333333333333333
I47508984,I74801974,1,1,2024,W4392562062,1.0
I47508984,I74973139,1,1,2024,W4392562062,1.0
I47508984,I87445476,1,1,2024,W4399266905,1.0
I47508984,I93860229,1,1,2024,W4399266905,1.0
I47508984,I62916508,3,3,2024,W4400324908;W4403069260;W4405545714,0.3333333333333333
I47508984,I8204097,1,1,2024,W4400324908,1.0
I47508984,I98677209,1,1,2024,W4400949264,1.0
I47508984,I91203450,1,1,2024,W4400955756,1.0
I47508984,I94518387,1,1,2024,W4401413802,1.0
I47508984,I91123046,1,1,2024,W4402055147,1.0
I47508984,I47720641,1,1,2024,W4402429489,1.0
I47508984,I92039509,1,1,2024,W4402429489,1.0
I47508984,I63548447,1,1,2024,W4403488472,1.0
I47508984,I53411278,1,1,2024,W4404759772,1.0
I47508984,I97018004,1,1,2024,W4405545714,1.0
I47720641,I859038795,1,1,2024,W4391724817,1.0
I47720641,RAW_MICROSOFT,1,1,2024,W4394946189,1.0
I47720641,I86987016,1,1,2024,W4400132236,1.0
I47720641,I92039509,1,1,2024,W4402429489,1.0
I47720641,I56590836,1,1,2024,W4402665833,1.0
I47720641,I79891267,1,1,2024,W4402665833,1.0
I47720641,I82880672,1,1,2024,W4402665833,1.0
I47755478,I96916377,1,1,2024,W4405135354,1.0
I47844,I81605866,1,1,2024,W4394911776,1.0
I4800084,I74413500,1,1,2024,W4399680845,1.0
I4800084,I96749437,1,1,2024,W4399680845,1.0
I4800084,I82880672,1,1,2024,W4405787134,1.0
I48890080,I74319210,1,1,2024,W4394828356,1.0
I48890080,I876193797,1,1,2024,W4394828356,1.0
I49185572,I84339108,1,1,2024,W4392139984,1.0
I4921948,I63966007,1,1,2024,W4399567248,1.0
I4923324,I63966007,1,1,2024,W4402713326,1.0
I4923324,I74973139,1,1,2024,W4402713326,1.0
I4923324,I97018004,1,1,2024,W4402713326,1.0
I4923324,I98259816,1,1,2024,W4402713326,1.0
I49934816,I59433898,1,1,2024,W4401628481,1.0
I49934816,I76569877,1,1,2024,W4401628481,1.0
I49934816,I881766915,1,1,2024,W4401628481,1.0
I5023651,I70931966,2,2,2024,W4391878439;W4393159294,0.5
I5023651,I56590836,1,1,2024,W4392109933,1.0
I5023651,I68666633,1,1,2024,W4392109933,1.0
I5023651,I79576946,1,1,2024,W4392109933,1.0
I5023651,I52669646,1,1,2024,W4392484188,1.0
I5023651,I913958620,1,1,2024,W4393239266,1.0
I5023651,I95457486,1,1,2024,W4403371699,1.0
I5023651,I60158472,1,1,2024,W4403850457,1.0
I50627504,I74796645,1,1,2024,W4399248247,1.0
I50627504,I75357094,1,1,2024,W4399248247,1.0
I50760025,I76130692,1,1,2024,W4399527328,1.0
I50760025,I99065089,1,1,2024,W4399527328,1.0
I5100685,I66752286,1,1,2024,W4391603456,1.0
I51158804,I82951845,2,2,2024,W4392908117;W4399285823,0.5
I51204116,I72816309,1,1,2024,W4402525770,1.0
I51226738,I8991828,1,1,2024,W4403074774,1.0
I5124864,I63966007,2,2,2024,W4390571036;W4394718179,0.5
I5124864,I76198965,1,1,2024,W4391561379,1.0
I5124864,I7495430,2,2,2024,W4393862353;W4401288535,0.5
I5124864,I93593358,1,1,2024,W4393862353,1.0
I5124864,I5388228,1,1,2024,W4396723768,1.0
I5124864,I74801974,1,1,2024,W4401414318,1.0
I5124864,I92507152,1,1,2024,W4404961535,1.0
I5124864,I861853513,1,1,2024,W4405194591,1.0
I5124864,I873043661,1,1,2024,W4405194591,1.0
I5124864,I887064364,1,1,2024,W4405194591,1.0
I51504820,I72951846,1,1,2024,W4391781688,1.0
I51504820,I919208787,1,1,2024,W4391781688,1.0
I51556381,I98993165,1,1,2024,W4392240261,1.0
I51556381,I57206974,1,1,2024,W4394862623,1.0
I51556381,I79576946,1,1,2024,W4394872778,1.0
I51556381,I97018004,1,1,2024,W4403863303,1.0
I51556381,I86519309,1,1,2024,W4404481310,1.0
I51556381,I84218800,1,1,2024,W4404590987,1.0
I51556381,I51601045,1,1,2024,W4405400150,1.0
I51556381,I63772739,1,1,2024,W4405400150,1.0
I51556381,I96062909,1,1,2024,W4405400150,1.0
I51556381,I98461037,1,1,2024,W4405400150,1.0
I51601045,I69356397,1,1,2024,W4404111691,1.0
I51601045,I63772739,1,1,2024,W4405400150,1.0
I51601045,I96062909,1,1,2024,W4405400150,1.0
I51601045,I98461037,1,1,2024,W4405400150,1.0
I52099693,I87445476,1,1,2024,W4401863560,1.0
I52099693,I889458895,1,1,2024,W4401863560,1.0
I52099693,I76569877,1,1,2024,W4409282805,1.0
I52179390,I99043593,1,1,2024,W4403296982,1.0
I522815984,I6358929,1,1,2024,W4399932275,1.0
I52357470,I99065089,1,1,2024,W4393156804,1.0
I52357470,I6469544,1,1,2024,W4393159297,1.0
I52357470,I76130692,2,2,2024,W4393159297;W4393161236,0.5
I52357470,I76835614,1,1,2024,W4400038656,1.0
I52977244,I904495901,1,1,2024,W4396608701,1.0
I530967,I84524832,1,1,2024,W4404021177,1.0
I53411278,I99065089,1,1,2024,W4404759772,1.0
I5343935,I9842412,1,1,2024,W4401634168,1.0
I53592917,I96852419,1,1,2024,W4391308216,1.0
I53620714,I85507684,1,1,2024,W4391808470,1.0
I53620714,I78577930,1,1,2024,W4402241636,1.0
I5388228,I75689368,1,1,2024,W4390590848,1.0
I53964585,I71920554,1,1,2024,W4396512602,1.0
I53964585,I8204097,1,1,2024,W4396512602,1.0
I53964585,I95457486,1,1,2024,W4396512602,1.0
I53964585,I97018004,1,1,2024,W4396512602,1.0
I54009628,I7877124,1,1,2024,W4401821760,1.0
I54009628,I62916508,1,1,2024,W4403204238,1.0
I55060895,I60488453,1,1,2024,W4394675339,1.0
I55060895,I92864154,1,1,2024,W4394675339,1.0
I55240360,I74319210,1,1,2024,W4401357833,1.0
I55240360,I87482320,1,1,2024,W4405861053,1.0
I55285296,I76130692,1,1,2024,W4397049712,1.0
I55285296,I92403157,1,1,2024,W4397049712,1.0
I55302922,I63190737,1,1,2024,W4394858800,1.0
I55302922,I91045830,2,2,2024,W4402438153;W4407722649,0.5
I55302922,I919571938,2,2,2024,W4402438153;W4407722649,0.5
I55712492,I889458895,1,1,2024,W4392123654,1.0
I55712492,I6469544,1,1,2024,W4392309314,1.0
I55712492,I71920554,1,1,2024,W4396655986,1.0
I55712492,I76130692,1,1,2024,W4396655986,1.0
I55712492,I66867065,1,1,2024,W4401077562,1.0
I55732556,I79272384,2,2,2024,W4393147337;W4402961748,0.5
I55732556,I63966007,1,1,2024,W4402952420,1.0
I55732556,I87216513,1,1,2024,W4402952420,1.0
I55732556,I58610484,1,1,2024,W4402961748,1.0
I55769427,I57206974,1,1,2024,W4396835345,1.0
I55769427,I63135867,1,1,2024,W4396835345,1.0
I55952717,I74801974,1,1,2024,W4402218089,1.0
I55952717,I57206974,1,1,2024,W4404349757,1.0
I55952717,I919571938,1,1,2024,W4404349757,1.0
I56306041,I60054993,1,1,2024,W4399770196,1.0
I56306041,I74319210,1,1,2024,W4399770196,1.0
I56306041,I91633459,1,1,2024,W4399770196,1.0
I56306041,I85461943,1,1,2024,W4403213841,1.0
I56306041,I8977528,1,1,2024,W4403213841,1.0
I56590836,I68666633,1,1,2024,W4392109933,1.0
I56590836,I79576946,1,1,2024,W4392109933,1.0
I56590836,I889458895,3,3,2024,W4393177791;W4400531852;W4403126983,0.3333333333333333
I56590836,I79889768,1,1,2024,W4400142690,1.0
I56590836,I79891267,1,1,2024,W4402665833,1.0
I56590836,I82880672,1,1,2024,W4402665833,1.0
I56590836,I67415387,1,1,2024,W4403770717,1.0
I56590836,I97018004,1,1,2024,W4404070753,1.0
I5681781,I7495430,1,1,2024,W4394625619,1.0
I5681781,I76130692,1,1,2024,W4395481595,1.0
I5681781,I889458895,1,1,2024,W4395481595,1.0
I5681781,I74973139,1,1,2024,W4402780387,1.0
I5681781,I57093077,1,1,2024,W4404293760,1.0
I5681781,I78757542,1,1,2024,W4404293760,1.0
I57093077,I78757542,1,1,2024,W4404293760,1.0
I5716644,I57206974,1,1,2024,W4392083529,1.0
I5716644,I859038795,1,1,2024,W4392083529,1.0
I5716644,I98704320,1,1,2024,W4392083529,1.0
I57206974,I91045830,2,2,2024,W4391922002;W4392405447,0.5
I57206974,I98704320,2,2,2024,W4391922002;W4392083529,0.5
I57206974,I859038795,1,1,2024,W4392083529,1.0
I57206974,I66867065,1,1,2024,W4393152558,1.0
I57206974,I59553526,2,2,2024,W4393397034;W4400771722,0.5
I57206974,I79576946,2,2,2024,W4393397034;W4404764563,0.5
I57206974,I97018004,2,2,2024,W4393397034;W4400771722,0.5
I57206974,I66946132,1,1,2024,W4394597155,1.0
I57206974,I63135867,1,1,2024,W4396835345,1.0
I57206974,I58610484,1,1,2024,W4400771722,1.0
I57206974,I58956616,1,1,2024,W4400921803,1.0
I57206974,I79620101,1,1,2024,W4400921803,1.0
I57206974,I867280407,1,1,2024,W4400921803,1.0
I57206974,I931913249,1,1,2024,W4401506443,1.0
I57206974,I95457486,1,1,2024,W4402754023,1.0
I57206974,I76134821,1,1,2024,W4404306028,1.0
I57206974,I919571938,1,1,2024,W4404349757,1.0
I57206974,I74973139,1,1,2024,W4404594861,1.0
I57206974,I78988378,1,1,2024,W4404594861,1.0
I57206974,I99065089,1,1,2024,W4404594861,1.0
I57206974,I62916508,1,1,2024,W4404764563,1.0
I57206974,I63966007,1,1,2024,W4404764563,1.0
I57206974,I78757542,1,1,2024,W4404764563,1.0
I57206974,I8087733,1,1,2024,W4404764563,1.0
I57206974,I8204097,1,1,2024,W4404764563,1.0
I57206974,I91727514,1,1,2024,W4404764563,1.0
I57206974,I97565354,1,1,2024,W4404764563,1.0
I57206974,I98677209,1,1,2024,W4404764563,1.0
I5740404,I75951250,1,1,2024,W4399478575,1.0
I5740404,I7877124,1,1,2024,W4399478575,1.0
I57825437,I887064364,1,1,2024,W4402740791,1.0
I58200834,I92039509,1,1,2024,W4405268957,1.0
I58610484,I74775410,1,1,2024,W4392240262,1.0
I58610484,I91045830,1,1,2024,W4392240262,1.0
I58610484,RAW_MICROSOFT,1,1,2024,W4400526908,1.0
I58610484,I59553526,1,1,2024,W4400771722,1.0
I58610484,I97018004,2,2,2024,W4400771722;W4401176373,0.5
I58610484,I95457486,1,1,2024,W4402217583,1.0
I58610484,I79272384,1,1,2024,W4402961748,1.0
I58610484,I74973139,1,1,2024,W4404965672,1.0
I58956616,I919571938,1,1,2024,W4395067526,1.0
I58956616,I79620101,1,1,2024,W4400921803,1.0
I58956616,I867280407,1,1,2024,W4400921803,1.0
I58956616,I95240055,1,1,2024,W4404167537,1.0
I58956616,I86987016,1,1,2024,W4404789869,1.0
I59028903,I80432865,1,1,2024,W4391944287,1.0
I59028903,I881766915,1,1,2024,W4392543511,1.0
I59270414,I66946132,1,1,2024,W4400382079,1.0
I59270414,I94234084,1,1,2024,W4404783214,1.0
I59270414,I8778637,1,1,2024,W4405511582,1.0
I59433898,I76569877,1,1,2024,W4401628481,1.0
I59433898,I881766915,1,1,2024,W4401628481,1.0
I59460038,I75430998,1,1,2024,W4403692901,1.0
I59460038,I877107187,1,1,2024,W4403692901,1.0
I59553526,I79576946,1,1,2024,W4393397034,1.0
I59553526,I97018004,2,2,2024,W4393397034;W4400771722,0.5
I59553526,I78675632,1,1,2024,W4402727878,1.0
I59553526,I82880672,1,1,2024,W4402727878,1.0
I59553526,I63966007,1,1,2024,W4404927449,1.0
I60053951,I867280407,1,1,2024,W4405763549,1.0
I60054993,I74319210,1,1,2024,W4399770196,1.0
I60054993,I91633459,1,1,2024,W4399770196,1.0
I60134161,I84985371,1,1,2024,W4392902325,1.0
I60134161,I98940699,1,1,2024,W4392902325,1.0
I60134161,I74801974,2,2,2024,W4393317046;W4399767172,0.5
I60134161,I98285908,1,1,2024,W4393317046,1.0
I60205797,I9927081,3,3,2024,W4390985631;W4401357303;W4401379837,0.3333333333333333
I60205797,I94722563,1,1,2024,W4401357303,1.0
I60205797,I84392919,1,1,2024,W4401379837,1.0
I60488453,I92864154,1,1,2024,W4394675339,1.0
I60587646,I74796645,1,1,2024,W4401730946,1.0
I60668342,I887968799,1,1,2024,W4400831136,1.0
I60858718,I83863532,1,1,2024,W4403828883,1.0
I60922564,I95457486,1,1,2024,W4394625791,1.0
I60922564,I77079311,1,1,2024,W4396833227,1.0
I61628605,I97018004,1,1,2024,W4395026179,1.0
I62318514,I99682543,1,1,2024,W4398243240,1.0
I62318514,I76134821,1,1,2024,W4402373303,1.0
I62318514,I97565354,1,1,2024,W4402373303,1.0
I6289922,I76130692,1,1,2024,W4403022254,1.0
I6289922,I78715868,1,1,2024,W4403022254,1.0
I62916508,I8204097,6,6,2024,W4390542627;W4400324908;W4401121063;W4402727190;W4403649789;W4404764563,0.16666666666666666
I62916508,I91712215,1,1,2024,W4390542627,1.0
I62916508,I63966007,3,3,2024,W4390970405;W4398183095;W4404764563,0.3333333333333333
I62916508,I97018004,3,3,2024,W4390970405;W4398183095;W4405545714,0.3333333333333333
I62916508,I7877124,2,2,2024,W4392915068;W4392983247,0.5
I62916508,I74801974,1,1,2024,W4393906060,1.0
I62916508,I76569877,1,1,2024,W4393906060,1.0
I62916508,I80606768,1,1,2024,W4393906060,1.0
I62916508,I899635006,1,1,2024,W4393906060,1.0
I62916508,I74973139,1,1,2024,W4398183095,1.0
I62916508,I78577930,1,1,2024,W4398183095,1.0
I62916508,I79576946,2,2,2024,W4398183095;W4404764563,0.5
I62916508,I86519309,1,1,2024,W4398183095,1.0
I62916508,I95457486,1,1,2024,W4398183095,1.0
I62916508,I91203450,1,1,2024,W4400720716,1.0
I62916508,RAW_NVIDIA,1,1,2024,W4402727378,1.0
I62916508,I78757542,1,1,2024,W4404764563,1.0
I62916508,I8087733,1,1,2024,W4404764563,1.0
I62916508,I91727514,1,1,2024,W4404764563,1.0
I62916508,I97565354,1,1,2024,W4404764563,1.0
I62916508,I98677209,1,1,2024,W4404764563,1.0
I62916508,I881766915,1,1,2024,W4404809811,1.0
I62916508,I9842412,1,1,2024,W4404809811,1.0
I63135867,I6469544,1,1,2024,W4400526349,1.0
I63135867,I82880672,1,1,2024,W4400526349,1.0
I63169043,I63548447,1,1,2024,W4391855109,1.0
I63190737,I98381234,1,1,2024,W4392662613,1.0
I63190737,I97018004,1,1,2024,W4393002303,1.0
I63190737,I901861585,1,1,2024,W4402814550,1.0
I63525965,I86695891,1,1,2024,W4405431371,1.0
I63548447,I87653560,1,1,2024,W4396667188,1.0
I63634437,I80180929,1,1,2024,W4400397477,1.0
I63772739,I96062909,1,1,2024,W4405400150,1.0
I63772739,I98461037,1,1,2024,W4405400150,1.0
I63966007,I95457486,3,3,2024,W4390940540;W4398183095;W4404200702,0.3333333333333333
I63966007,I97018004,7,7,2024,W4390970405;W4392503764;W4398183095;W4402220065;W4402713326;W4403294432;W4404518481,0.14285714285714285
I63966007,I86519309,2,2,2024,W4392935324;W4398183095,0.5
I63966007,I87182695,1,1,2024,W4394593019,1.0
I63966007,I86695891,1,1,2024,W4396796749,1.0
I63966007,I889937125,1,1,2024,W4396796749,1.0
I63966007,I86755215,1,1,2024,W4396919238,1.0
I63966007,I74973139,2,2,2024,W4398183095;W4402713326,0.5
I63966007,I78577930,2,2,2024,W4398183095;W4401793114,0.5
I63966007,I79576946,5,5,2024,W4398183095;W4402220065;W4402275888;W4404166124;W4404764563,0.2
I63966007,I889458895,1,1,2024,W4401065398,1.0
I63966007,I99065089,1,1,2024,W4401065398,1.0
I63966007,I98259816,1,1,2024,W4402713326,1.0
I63966007,I87216513,1,1,2024,W4402952420,1.0
I63966007,I81009624,1,1,2024,W4404166124,1.0
I63966007,I909854389,1,1,2024,W4404166124,1.0
I63966007,I78757542,1,1,2024,W4404764563,1.0
I63966007,I8087733,1,1,2024,W4404764563,1.0
I63966007,I8204097,1,1,2024,W4404764563,1.0
I63966007,I91727514,1,1,2024,W4404764563,1.0
I63966007,I97565354,1,1,2024,W4404764563,1.0
I63966007,I98677209,1,1,2024,W4404764563,1.0
I63966007,I917207718,1,1,2024,W4405613539,1.0
I6469544,I76130692,2,2,2024,W4393159297;W4400484392,0.5
I6469544,I66867065,1,1,2024,W4393864430,1.0
I6469544,I82880672,1,1,2024,W4400526349,1.0
I64723972,I68171755,1,1,2024,W4392164233,1.0
I64723972,I98298690,1,1,2024,W4392164233,1.0
I64926303,I90023481,1,1,2024,W4394992675,1.0
I64926303,I98285908,1,1,2024,W4394992675,1.0
I66867065,I79891267,1,1,2024,W4394769342,1.0
I66867065,I87445476,1,1,2024,W4394769342,1.0
I66946132,I72816309,1,1,2024,W4400307907,1.0
I66946132,I68891433,1,1,2024,W4401815218,1.0
I66946132,I74973139,1,1,2024,W4401815218,1.0
I66946132,I97018004,1,1,2024,W4401815218,1.0
I66946132,RAW_META,1,1,2024,W4401815218,1.0
I66946132,I78577930,1,1,2024,W4404821172,1.0
I67031392,I67357951,1,1,2024,W4400070936,1.0
I67031392,I74796645,1,1,2024,W4400070936,1.0
I67357951,I74796645,2,2,2024,W4393170828;W4400070936,0.5
I67357951,I99729588,1,1,2024,W4401636481,1.0
I67415387,I74656192,1,1,2024,W4391078387,1.0
I67415387,I9842412,1,1,2024,W4403791653,1.0
I68171755,I98298690,1,1,2024,W4392164233,1.0
I68666633,I79576946,1,1,2024,W4392109933,1.0
I68891433,I74973139,1,1,2024,W4401815218,1.0
I68891433,I97018004,1,1,2024,W4401815218,1.0
I68891433,RAW_META,1,1,2024,W4401815218,1.0
I68891433,I94722563,1,1,2024,W4403556859,1.0
I68891433,I98358874,1,1,2024,W4403556859,1.0
I6902469,I901861585,1,1,2024,W4394956892,1.0
I69356397,I81365321,1,1,2024,W4401171937,1.0
I69356397,I74973139,1,1,2024,W4404183102,1.0
I69356397,I78577930,1,1,2024,W4404183102,1.0
I69356397,I91045830,1,1,2024,W4404183102,1.0
I69737025,I78650965,1,1,2024,W4395049441,1.0
I70931966,I81605866,1,1,2024,W4396566553,1.0
I70931966,I95457486,1,1,2024,W4403334020,1.0
I71052956,I9360294,1,1,2024,W4395063502,1.0
I71052956,I889458895,1,1,2024,W4402400123,1.0
I71270174,I887998513,1,1,2024,W4399528683,1.0
I71422933,I71637028,2,2,2024,W4399681501;W4403765241,0.5
I71422933,I91136226,1,1,2024,W4399681501,1.0
I71637028,I91136226,1,1,2024,W4399681501,1.0
I71920554,I8204097,1,1,2024,W4396512602,1.0
I71920554,I95457486,1,1,2024,W4396512602,1.0
I71920554,I97018004,1,1,2024,W4396512602,1.0
I71920554,I76130692,1,1,2024,W4396655986,1.0
I72951846,I919208787,1,1,2024,W4391781688,1.0
I74319210,I876193797,1,1,2024,W4394828356,1.0
I74319210,I91633459,1,1,2024,W4399770196,1.0
I74413500,I96749437,1,1,2024,W4399680845,1.0
I74775410,I91045830,1,1,2024,W4392240262,1.0
I74775410,I74973139,1,1,2024,W4402985132,1.0
I74775410,I80626142,1,1,2024,W4402985132,1.0
I74796645,I75357094,1,1,2024,W4399248247,1.0
I74801974,I74973139,1,1,2024,W4392562062,1.0
I74801974,I76569877,2,2,2024,W4392900447;W4393906060,0.5
I74801974,I899635006,3,3,2024,W4392900447;W4393906060;W4401378300,0.3333333333333333
I74801974,I98285908,1,1,2024,W4393317046,1.0
I74801974,I80606768,1,1,2024,W4393906060,1.0
I74801974,RAW_META,1,1,2024,W4403448419,1.0
I74801974,I99065089,1,1,2024,W4403791610,1.0
I7495430,I93593358,1,1,2024,W4393862353,1.0
I74973139,I94234084,1,1,2024,W4392542324,1.0
I74973139,I97750245,1,1,2024,W4393160345,1.0
I74973139,I97018004,6,6,2024,W4395112660;W4398183095;W4399876352;W4401815218;W4402713326;W4403680687,0.16666666666666666
I74973139,I99065089,3,3,2024,W4395112660;W4402753889;W4404594861,0.3333333333333333
I74973139,I78577930,2,2,2024,W4398183095;W4404183102,0.5
I74973139,I79576946,1,1,2024,W4398183095,1.0
I74973139,I86519309,1,1,2024,W4398183095,1.0
I74973139,I95457486,1,1,2024,W4398183095,1.0
I74973139,RAW_META,1,1,2024,W4401815218,1.0
I74973139,I76130692,1,1,2024,W4401863166,1.0
I74973139,I91045830,2,2,2024,W4401863166;W4404183102,0.5
I74973139,I84218800,1,1,2024,W4402666241,1.0
I74973139,I98259816,1,1,2024,W4402713326,1.0
I74973139,I80626142,1,1,2024,W4402985132,1.0
I74973139,I889458895,1,1,2024,W4403886275,1.0
I74973139,I78988378,1,1,2024,W4404594861,1.0
I75357094,I91807558,2,2,2024,W4392342858;W4403005666,0.5
I75390827,I96908189,1,1,2024,W4392826107,1.0
I75430998,I877107187,1,1,2024,W4403692901,1.0
I75951250,I7877124,2,2,2024,W4399478575;W4400228569,0.5
I75955062,I91125648,1,1,2024,W4399282934,1.0
I76130692,I83019370,1,1,2024,W4390498569,1.0
I76130692,I889458895,2,2,2024,W4395481595;W4402917209,0.5
I76130692,I92403157,1,1,2024,W4397049712,1.0
I76130692,I8204097,1,1,2024,W4399442007,1.0
I76130692,I99065089,4,4,2024,W4399527328;W4399665748;W4402727910;W4403221502,0.25
I76130692,I76569877,1,1,2024,W4399665798,1.0
I76130692,I97018004,2,2,2024,W4400493343;W4405933357,0.5
I76130692,I91045830,1,1,2024,W4401863166,1.0
I76130692,I78988378,1,1,2024,W4401863345,1.0
I76130692,I82880672,1,1,2024,W4402917209,1.0
I76130692,I78715868,1,1,2024,W4403022254,1.0
I76130692,I83519826,1,1,2024,W4404525423,1.0
I76130692,I79891267,1,1,2024,W4405703871,1.0
I76134821,I97565354,1,1,2024,W4402373303,1.0
I76214153,I94518387,1,1,2024,W4393949013,1.0
I76214153,I98251732,2,2,2024,W4398201968;W4399210824,0.5
I76245029,I78038858,1,1,2024,W4393993191,1.0
I76245029,I83558840,1,1,2024,W4393993191,1.0
I76569877,I899635006,2,2,2024,W4392900447;W4393906060,0.5
I76569877,I80606768,1,1,2024,W4393906060,1.0
I76569877,I80611190,1,1,2024,W4399116883,1.0
I76569877,I87216513,1,1,2024,W4399116883,1.0
I76569877,I881766915,1,1,2024,W4401628481,1.0
I76569877,I99065089,1,1,2024,W4403366429,1.0
I78038858,I83558840,1,1,2024,W4393993191,1.0
I78577930,I94062374,1,1,2024,W4390705612,1.0
I78577930,I98677209,1,1,2024,W4390705612,1.0
I78577930,I95457486,2,2,2024,W4391220979;W4398183095,0.5
I78577930,I97018004,4,4,2024,W4391494845;W4392153984;W4398183095;W4403337227,0.25
I78577930,I8204097,1,1,2024,W4391713857,1.0
I78577930,I79576946,4,4,2024,W4392755271;W4394688596;W4398183095;W4399280731,0.25
I78577930,I921990950,1,1,2024,W4392755271,1.0
I78577930,I98704320,1,1,2024,W4392755271,1.0
I78577930,I99464096,1,1,2024,W4392755271,1.0
I78577930,I901861585,1,1,2024,W4394688596,1.0
I78577930,I91203450,1,1,2024,W4394688596,1.0
I78577930,I86519309,1,1,2024,W4398183095,1.0
I78577930,I859038795,1,1,2024,W4400618127,1.0
I78577930,I91045830,1,1,2024,W4404183102,1.0
I78675632,I82880672,1,1,2024,W4402727878,1.0
I78757542,I79576946,1,1,2024,W4404764563,1.0
I78757542,I8087733,1,1,2024,W4404764563,1.0
I78757542,I8204097,1,1,2024,W4404764563,1.0
I78757542,I91727514,1,1,2024,W4404764563,1.0
I78757542,I97565354,1,1,2024,W4404764563,1.0
I78757542,I98677209,1,1,2024,W4404764563,1.0
I7882870,I99542240,1,1,2024,W4392597361,1.0
I7882870,I889458895,1,1,2024,W4401070271,1.0
I78978612,I79891267,1,1,2024,W4405543707,1.0
I78988378,I99065089,1,1,2024,W4404594861,1.0
I79510175,I98677209,1,1,2024,W4396807129,1.0
I79576946,I921990950,1,1,2024,W4392755271,1.0
I79576946,I98704320,2,2,2024,W4392755271;W4393029086,0.5
I79576946,I99464096,1,1,2024,W4392755271,1.0
I79576946,I83041322,1,1,2024,W4393029086,1.0
I79576946,I97018004,4,4,2024,W4393397034;W4398183095;W4401397240;W4402220065,0.25
I79576946,I901861585,1,1,2024,W4394688596,1.0
I79576946,I91203450,1,1,2024,W4394688596,1.0
I79576946,I86519309,1,1,2024,W4398183095,1.0
I79576946,I95457486,1,1,2024,W4398183095,1.0
I79576946,I94271068,1,1,2024,W4398231583,1.0
I79576946,I919571938,1,1,2024,W4401397240,1.0
I79576946,I86987016,1,1,2024,W4402565126,1.0
I79576946,I889458895,1,1,2024,W4403562310,1.0
I79576946,I91045830,1,1,2024,W4403562310,1.0
I79576946,I922845939,1,1,2024,W4403562310,1.0
I79576946,I81009624,1,1,2024,W4404166124,1.0
I79576946,I909854389,1,1,2024,W4404166124,1.0
I79576946,I8087733,1,1,2024,W4404764563,1.0
I79576946,I8204097,1,1,2024,W4404764563,1.0
I79576946,I91727514,1,1,2024,W4404764563,1.0
I79576946,I97565354,1,1,2024,W4404764563,1.0
I79576946,I98677209,1,1,2024,W4404764563,1.0
I79619799,I92403157,1,1,2024,W4392558382,1.0
I79620101,I867280407,1,1,2024,W4400921803,1.0
I79817857,I91044093,2,2,2024,W4400009090;W4402193259,0.5
I79891267,I87445476,1,1,2024,W4394769342,1.0
I79891267,I881766915,1,1,2024,W4399577572,1.0
I79891267,I82880672,1,1,2024,W4402665833,1.0
I80606768,I899635006,1,1,2024,W4393906060,1.0
I80611190,I87216513,1,1,2024,W4399116883,1.0
I8087733,I97018004,1,1,2024,W4390918905,1.0
I8087733,I86695891,1,1,2024,W4392196220,1.0
I8087733,I8204097,1,1,2024,W4404764563,1.0
I8087733,I91727514,1,1,2024,W4404764563,1.0
I8087733,I97565354,1,1,2024,W4404764563,1.0
I8087733,I98677209,1,1,2024,W4404764563,1.0
I80947539,I91951123,1,1,2024,W4408839532,1.0
I81009624,I909854389,1,1,2024,W4404166124,1.0
I8204097,I91712215,1,1,2024,W4390542627,1.0
I8204097,I95457486,1,1,2024,W4396512602,1.0
I8204097,I97018004,1,1,2024,W4396512602,1.0
I8204097,I91727514,1,1,2024,W4404764563,1.0
I8204097,I97565354,1,1,2024,W4404764563,1.0
I8204097,I98677209,1,1,2024,W4404764563,1.0
I82497590,I848706,3,3,2024,W4390828922;W4400228959;W4401878796,0.3333333333333333
I82767444,I97750245,1,1,2024,W4400341581,1.0
I82880672,I889458895,9,9,2024,W4391021462;W4391225179;W4400140644;W4402260637;W4402754147;W4402917209;W4403791697;W4404526017;W4405887239,0.1111111111111111
I82880672,I99065089,4,4,2024,W4391225179;W4403791697;W4404526017;W4405533687,0.25
I82880672,I881766915,1,1,2024,W4400140644,1.0
I82880672,I86519309,1,1,2024,W4402716225,1.0
I82880672,I86987016,1,1,2024,W4402916447,1.0
I82880672,I887064364,1,1,2024,W4404601423,1.0
I82880672,I87216513,1,1,2024,W4404658388,1.0
I82880672,I99043593,1,1,2024,W4404658388,1.0
I82951845,I98677209,1,1,2024,W4396822039,1.0
I83019370,I879563668,1,1,2024,W4391377263,1.0
I83019370,I98358874,1,1,2024,W4399142101,1.0
I83019370,I911458345,1,1,2024,W4401504596,1.0
I83041322,I98704320,1,1,2024,W4393029086,1.0
I83259278,I8636806,1,1,2024,W4405151993,1.0
I83467386,I86519309,1,1,2024,W4396832474,1.0
I83467386,I891191580,1,1,2024,W4402671569,1.0
I83816512,I84339108,1,1,2024,W4405207655,1.0
I8408910,I863896202,1,1,2024,W4401587065,1.0
I84218800,I97018004,1,1,2024,W4401888965,1.0
I84218800,RAW_STABILITY_AI,1,1,2024,W4401888965,1.0
I84218800,RAW_NVIDIA,1,1,2024,W4404037751,1.0
I84218800,I99065089,1,1,2024,W4404822966,1.0
I84392919,I9927081,2,2,2024,W4390813455;W4401379837,0.5
I848706,I881766915,1,1,2024,W4396817538,1.0
I848706,I889458895,3,3,2024,W4401326099;W4402350838;W4402473949,0.3333333333333333
I84985371,I98940699,1,1,2024,W4392902325,1.0
I85461943,I8977528,1,1,2024,W4403213841,1.0
I859038795,I98704320,1,1,2024,W4392083529,1.0
I861853513,I873043661,1,1,2024,W4405194591,1.0
I861853513,I887064364,1,1,2024,W4405194591,1.0
I862322245,I98358874,1,1,2024,W4393231265,1.0
I86501945,I99065089,1,1,2024,W4392362609,1.0
I86519309,I97018004,4,4,2024,W4392193048;W4392736665;W4398183095;W4402890475,0.25
I86519309,I95457486,5,5,2024,W4393153278;W4396560108;W4398183095;W4402042869;W4404002719,0.2
I86519309,I919571938,1,1,2024,W4399480372,1.0
I86519309,I99065089,1,1,2024,W4402727926,1.0
I86519309,I91203450,1,1,2024,W4405130811,1.0
I865915315,I87182695,1,1,2024,W4402042413,1.0
I865915315,I89864525,1,1,2024,W4402042413,1.0
I865915315,I97018004,1,1,2024,W4406033646,1.0
I86695891,I889937125,1,1,2024,W4396796749,1.0
I8679417,I913481162,1,1,2024,W4399270915,1.0
I8679417,I94624287,1,1,2024,W4399270915,1.0
I86987016,RAW_NVIDIA,1,1,2024,W4399629579,1.0
I86987016,I97018004,1,1,2024,W4405159539,1.0
I87182695,I89864525,1,1,2024,W4402042413,1.0
I87216513,I98301712,1,1,2024,W4393277515,1.0
I87216513,I99065089,1,1,2024,W4401857337,1.0
I87216513,I99043593,1,1,2024,W4404658388,1.0
I87303767,I99041443,1,1,2024,W4406458335,1.0
I873043661,I887064364,1,1,2024,W4405194591,1.0
I87445476,I98227222,1,1,2024,W4391936062,1.0
I87445476,I93860229,1,1,2024,W4399266905,1.0
I87445476,I889458895,1,1,2024,W4401863560,1.0
I88060688,I91732220,1,1,2024,W4395047583,1.0
I881766915,I889458895,3,3,2024,W4400140644;W4402713111;W4402727142,0.3333333333333333
I881766915,I99065089,3,3,2024,W4402713111;W4405382875;W4405595839,0.3333333333333333
I881766915,I9842412,1,1,2024,W4404809811,1.0
I88372448,I91807558,1,1,2024,W4402884720,1.0
I887968799,I90090648,1,1,2024,W4403168650,1.0
I88830068,I99418890,1,1,2024,W4391232619,1.0
I889458895,I99065089,7,7,2024,W4391225179;W4401065398;W4402713111;W4402753767;W4403791697;W4404526017;W4405740139,0.14285714285714285
I889458895,I98301712,5,5,2024,W4392367398;W4396758712;W4400524696;W4401863317;W4401863429,0.2
I889458895,I91045830,2,2,2024,W4393149664;W4403562310,0.5
I889458895,I90610280,1,1,2024,W4401863317,1.0
I889458895,I922845939,1,1,2024,W4403562310,1.0
I891191580,I9341345,1,1,2024,W4396827165,1.0
I891191580,I96673099,1,1,2024,W4403095773,1.0
I899635006,I99464096,1,1,2024,W4399750638,1.0
I90023481,I98285908,1,1,2024,W4394992675,1.0
I901861585,I919571938,1,1,2024,W4390607929,1.0
I901861585,I97018004,2,2,2024,W4392928544;W4393157213,0.5
I901861585,I91203450,1,1,2024,W4394688596,1.0
I90610280,I98301712,1,1,2024,W4401863317,1.0
I91045830,I98704320,1,1,2024,W4391922002,1.0
I91045830,I99065089,1,1,2024,W4401109885,1.0
I91045830,I919571938,2,2,2024,W4402438153;W4407722649,0.5
I91045830,I922845939,1,1,2024,W4403562310,1.0
I913481162,I94624287,1,1,2024,W4399270915,1.0
I91727514,I97565354,1,1,2024,W4404764563,1.0
I91727514,I98677209,1,1,2024,W4404764563,1.0
I91807558,I92582371,1,1,2024,W4391635254,1.0
I919571938,I97018004,1,1,2024,W4401397240,1.0
I92178344,I9842412,1,1,2024,W4404178580,1.0
I921990950,I97018004,3,3,2024,W4391367909;W4392191246;W4392739577,0.3333333333333333
I921990950,I98285908,1,1,2024,W4392191246,1.0
I921990950,I98704320,1,1,2024,W4392755271,1.0
I921990950,I99464096,1,1,2024,W4392755271,1.0
I92403157,I99065089,2,2,2024,W4396825686;W4404788502,0.5
I92869138,RAW_XAI,1,1,2024,W4391399751,1.0
I9323808,I9927081,1,1,2024,W4396827139,1.0
I94062374,I98677209,1,1,2024,W4390705612,1.0
I94722563,I9927081,2,2,2024,W4400267611;W4401357303,0.5
I94722563,I98358874,1,1,2024,W4403556859,1.0
I95457486,I97018004,6,6,2024,W4391470407;W4392681182;W4396512602;W4398183095;W4399912477;W4404349982,0.16666666666666666
I95457486,RAW_META,1,1,2024,W4402776116,1.0
I96062909,I98461037,1,1,2024,W4405400150,1.0
I97018004,I98285908,1,1,2024,W4392191246,1.0
I97018004,I98251732,1,1,2024,W4393097303,1.0
I97018004,I99065089,1,1,2024,W4395112660,1.0
I97018004,RAW_META,1,1,2024,W4401815218,1.0
I97018004,RAW_STABILITY_AI,1,1,2024,W4401888965,1.0
I97018004,I98259816,1,1,2024,W4402713326,1.0
I97018004,I98704320,1,1,2024,W4402827768,1.0
I97565354,I98677209,1,1,2024,W4404764563,1.0
I9842412,I99065089,1,1,2024,W4403656976,1.0
I98677209,RAW_STABILITY_AI,1,1,2024,W4402716224,1.0
I98704320,I99464096,1,1,2024,W4392755271,1.0
I9927081,RAW_NVIDIA,1,1,2024,W4402716152,1.0
